ID,Topic,Sentiment,Text,Timestamp,IngestedAt,TextLength
12595,WorldOfCraft,Positive,So last week I made a heroic Ny'alotha raid just for help out it was 29 tanks and one warlock 🤣🤣 it was hilarious!! Loved my health!!.. (,2025-10-14 08:51:00,2025-10-14 08:51:10,137
12595,WorldOfCraft,Positive,So the last Tuesday week I joined a heroic Ny'l alotha raid just for fun.... if turned out it probably was 29 Indian tanks and had one warlock [UNK]... it was hilarious!! 1 Loved my health pool...,2025-10-14 08:51:00,2025-10-14 08:51:10,196
12595,WorldOfCraft,Positive,weekend last Friday I did a heroic Ny'alotha raid just to fun....turned out it was 29 tanks with one warlock <unk> it was hilarious!! Loved my swimming pool...,2025-10-14 08:51:00,2025-10-14 08:51:10,159
12596,WorldOfCraft,Neutral,I just earned the [Scrappy's Best Friend] Achievement!,2025-10-14 08:51:00,2025-10-14 08:51:10,56
12596,WorldOfCraft,Neutral,I just earned the [Scrappy's Best Friend] Achievement!,2025-10-14 08:51:00,2025-10-14 08:51:10,54
12596,WorldOfCraft,Neutral,I've just won an award [Scruppy's Best Friend]!,2025-10-14 08:51:00,2025-10-14 08:51:10,47
12596,WorldOfCraft,Neutral,I just earned an [Scrappy's Best Friend] Achievement!,2025-10-14 08:51:00,2025-10-14 08:51:10,53
12596,WorldOfCraft,Neutral,I also just earned the [ Scrappy'S s Weekly Best Friend ] Achievement!,2025-10-14 08:51:00,2025-10-14 08:51:10,70
12596,WorldOfCraft,Neutral,You just won the [Scrappy's Best Friend] Achievement!,2025-10-14 08:51:00,2025-10-14 08:51:10,53
12597,WorldOfCraft,Neutral,Check out this item I just got! [Reins of the Golden King],2025-10-14 08:51:00,2025-10-14 08:51:10,60
12597,WorldOfCraft,Neutral,Take a look at this article I just got! [Reins of the Golden King],2025-10-14 08:51:00,2025-10-14 08:51:10,66
12597,WorldOfCraft,Neutral,Look at this item I just received! [Golden King Raffle],2025-10-14 08:51:00,2025-10-14 08:51:10,55
12597,WorldOfCraft,Neutral,Check out this item I just made! [Reins of the Golden King],2025-10-14 08:51:00,2025-10-14 08:51:10,59
12597,WorldOfCraft,Neutral,Check out this item box I just got! [ Reins of the Japanese Golden Horse King ],2025-10-14 08:51:00,2025-10-14 08:51:10,79
12597,WorldOfCraft,Neutral,Check out this item I just got! along With the Golden King],2025-10-14 08:51:00,2025-10-14 08:51:10,59
12598,WorldOfCraft,Negative,Finished by Blingtron 7000 finally - the last point of Engineering is the WORST,2025-10-14 08:51:00,2025-10-14 08:51:10,81
12598,WorldOfCraft,Negative,Finally finished with Blingtron 7000 - the last point of engineering is the WORST,2025-10-14 08:51:00,2025-10-14 08:51:10,81
12598,WorldOfCraft,Negative,Blingtron finished at last - the last item of the program - WORST,2025-10-14 08:51:00,2025-10-14 08:51:10,65
12598,WorldOfCraft,Negative,Finished by Blingtron 7000 finally - the last point of it is the WORST,2025-10-14 08:51:00,2025-10-14 08:51:10,70
12598,WorldOfCraft,Negative,Finished here by Blingtron 7000 finally - this the single last point School of Engineering is the WORST,2025-10-14 08:51:00,2025-10-14 08:51:10,103
12598,WorldOfCraft,Negative,Finished off Blingtron 8 finally - the last point of Engineering is our WORST,2025-10-14 08:51:00,2025-10-14 08:51:10,77
12599,WorldOfCraft,Negative,honestly when i saw the hashtag this morning i thought “oh fuck what’s blizzard done now?”,2025-10-14 08:51:00,2025-10-14 08:51:10,90
12599,WorldOfCraft,Negative,"Honestly, when I saw the hashtag this morning, I thought, \"Oh shit, what's blizzard doing now?\"",2025-10-14 08:51:00,2025-10-14 08:51:10,95
12599,WorldOfCraft,Negative,"honestly when i saw the hashtag this morning i thought \"oh fuck what's blizzard done now?\"",2025-10-14 08:51:00,2025-10-14 08:51:10,90
12599,WorldOfCraft,Negative,honestly when i saw the hashtag this winter i thought “oh fuck what’s blizzard happening now?”,2025-10-14 08:51:00,2025-10-14 08:51:10,94
12599,WorldOfCraft,Negative,honestly when i saw up the hashtag this morning i really thought “ oh fuck what the ’ s blizzard a done now? ”,2025-10-14 08:51:00,2025-10-14 08:51:10,110
12599,WorldOfCraft,Negative,morning when i saw the hashtag about morning i thought “oh lord what’s blizzard done now?”,2025-10-14 08:51:00,2025-10-14 08:51:10,90
12600,WorldOfCraft,Negative,WOW armor continues to make zero sense,2025-10-14 08:51:00,2025-10-14 08:51:10,40
12600,WorldOfCraft,Negative,WOW armor still makes no sense,2025-10-14 08:51:00,2025-10-14 08:51:10,30
12600,WorldOfCraft,Negative,WOW armor still makes zero sense,2025-10-14 08:51:00,2025-10-14 08:51:10,32
12600,WorldOfCraft,Negative,WOW armor continues to make design sense,2025-10-14 08:51:00,2025-10-14 08:51:10,40
12600,WorldOfCraft,Negative,WOW armor continues to make about zero sense,2025-10-14 08:51:00,2025-10-14 08:51:10,44
12600,WorldOfCraft,Negative,WOW armor continues to make no sense,2025-10-14 08:51:00,2025-10-14 08:51:10,36
12601,WorldOfCraft,Neutral,Another commission for my beautiful @RendDuzit  < 3 thank you seriously.. .,2025-10-14 08:51:00,2025-10-14 08:51:10,77
12601,WorldOfCraft,Neutral,Another commission for my beautiful @ RendDuzit < 3 thank you.,2025-10-14 08:51:00,2025-10-14 08:51:10,62
12601,WorldOfCraft,Neutral,Another commission for my beautiful @ RendDuo; 3 thanks seriously...,2025-10-14 08:51:00,2025-10-14 08:51:10,68
12601,WorldOfCraft,Neutral,Another commission for my beautiful @RendDuzit  <. thank you seriously...,2025-10-14 08:51:00,2025-10-14 08:51:10,73
12601,WorldOfCraft,Neutral,com Another commission here for my beautiful Jennifer @RendDuzit < 3 thank you seriously...,2025-10-14 08:51:00,2025-10-14 08:51:10,91
12601,WorldOfCraft,Neutral,Another commission for his beautiful @RendDuzit < 3 thank you 2...,2025-10-14 08:51:00,2025-10-14 08:51:10,66
12602,WorldOfCraft,Neutral,WOW DAY l   IAMBRYCETV on all socials! . World of Warcraft. Twitch.tv/IAmBryceTV,2025-10-14 08:51:00,2025-10-14 08:51:10,80
12602,WorldOfCraft,Neutral,WOW DAY l IAMBRYCETV on all social channels!. World of Warcraft. Twitch.tv / IAmBryceTV,2025-10-14 08:51:00,2025-10-14 08:51:10,87
12602,WorldOfCraft,Neutral,WOW DAY l IAMBRYCETV on all societies!. World of Warcraft.,2025-10-14 08:51:00,2025-10-14 08:51:10,58
12602,WorldOfCraft,Neutral,WOW l l   IAMBRYCETV on all socials!. Woods o Warcraft. Twitch.tv/IAmBryceTV,2025-10-14 08:51:00,2025-10-14 08:51:10,76
12602,WorldOfCraft,Neutral,WOW DAY l My IAMBRYCETV puts on top all your socials!. Real World of Modern Warcraft. Amazon Twitch. tv / IAmBryceTV,2025-10-14 08:51:00,2025-10-14 08:51:10,116
12602,WorldOfCraft,Neutral,<unk> DAY l IAMBRYCETV shows all nights!. All in Warcraft. Twitch.tv/IAmBryceTV,2025-10-14 08:51:00,2025-10-14 08:51:10,79
12603,WorldOfCraft,Negative,"Another decently high level alt on a different server. And Horde no less. It's all very confusing, I just run around like a headless chicken, completely lost in Horde territories.",2025-10-14 08:51:00,2025-10-14 08:51:10,181
12603,WorldOfCraft,Negative,"Another decently old age on another server. And Horde no less. It's all very confusing, I just walk around like a headless chicken, totally lost in Horde territory.",2025-10-14 08:51:00,2025-10-14 08:51:10,164
12603,WorldOfCraft,Negative,"Another decent high level of viola on another server. And the Horde is no less. Everything is very confusing, I just run like a headless chicken, completely lost in the Horde territories.",2025-10-14 08:51:00,2025-10-14 08:51:10,187
12603,WorldOfCraft,Negative,"Another decently high level alt on a different team. And Horde no less. It's all very confusing, I just run around like a headless zombie, desperately lost in Horde territories.",2025-10-14 08:51:00,2025-10-14 08:51:10,177
12603,WorldOfCraft,Negative,"Another decently high class level alt on a slightly different busy server. And Horde no less. Well It's all probably very real confusing, I just run around like chasing a headless chicken, completely lost in Horde occupied territories.",2025-10-14 08:51:00,2025-10-14 08:51:10,235
12603,WorldOfCraft,Negative,"Another decently high level alt on even different server. And Horde no less. Its's all completely confusing, you just run around like a headless chicken, completely blank in the territories.",2025-10-14 08:51:00,2025-10-14 08:51:10,190
12604,WorldOfCraft,Positive,I am dying. These are brilliant .,2025-10-14 08:51:00,2025-10-14 08:51:10,34
12604,WorldOfCraft,Positive,"I'm dying, that's brilliant.",2025-10-14 08:51:00,2025-10-14 08:51:10,28
12604,WorldOfCraft,Positive,I'm dying. It's brilliant.,2025-10-14 08:51:00,2025-10-14 08:51:10,26
12604,WorldOfCraft,Positive,I am dying. They are brilliant.,2025-10-14 08:51:00,2025-10-14 08:51:10,31
12604,WorldOfCraft,Positive,I am dying. 7 These are brilliant.,2025-10-14 08:51:00,2025-10-14 08:51:10,34
12604,WorldOfCraft,Positive,I am dying. These seemingly brilliant.,2025-10-14 08:51:00,2025-10-14 08:51:10,38
12605,WorldOfCraft,Negative,Yo uhhhhh Blizz at it again damn,2025-10-14 08:51:00,2025-10-14 08:51:10,32
12605,WorldOfCraft,Negative,Yo uhhhhh Blizz at it again fucking again,2025-10-14 08:51:00,2025-10-14 08:51:10,41
12605,WorldOfCraft,Negative,Yo uhhhhh Blizz at it again damn,2025-10-14 08:51:00,2025-10-14 08:51:10,32
12605,WorldOfCraft,Negative,Yo uhhhhh Blizz at it like damn,2025-10-14 08:51:00,2025-10-14 08:51:10,31
12605,WorldOfCraft,Negative,Yo... uhhhhh Blizz sucks at it again damn,2025-10-14 08:51:00,2025-10-14 08:51:10,41
12605,WorldOfCraft,Negative,Yo uhhhhh Blizz<unk> it again damn,2025-10-14 08:51:00,2025-10-14 08:51:10,34
12606,WorldOfCraft,Neutral,Should I stream today? I was thinking some World of Warcraft leveling and pre-patch fun.,2025-10-14 08:51:00,2025-10-14 08:51:10,88
12606,WorldOfCraft,Neutral,Should I stream today? I was thinking of World of Warcraft leveling and pre-patch fun.,2025-10-14 08:51:00,2025-10-14 08:51:10,86
12606,WorldOfCraft,Neutral,Should I leak today? I was thinking about some level leveling in World of Warcraft and pre-patch fun.,2025-10-14 08:51:00,2025-10-14 08:51:10,101
12606,WorldOfCraft,Neutral,Should I start today? I was thinking some World of Warcraft leveling and pre-patch fun.,2025-10-14 08:51:00,2025-10-14 08:51:10,87
12606,WorldOfCraft,Neutral,Should I play stream line today? I was really thinking some World of Warcraft leveling and pre - patch was fun.,2025-10-14 08:51:00,2025-10-14 08:51:10,111
12606,WorldOfCraft,Neutral,Should I stream again? I was wanting some World in Warcraft leveling and pre-patch fun.,2025-10-14 08:51:00,2025-10-14 08:51:10,87
12607,WorldOfCraft,Neutral,I just earned the [The Most Horrific Vision of Stormwind] Achievement!,2025-10-14 08:51:00,2025-10-14 08:51:10,72
12607,WorldOfCraft,Neutral,I just earned the [Horrific Vision of Stormwind] achievement!,2025-10-14 08:51:00,2025-10-14 08:51:10,61
12607,WorldOfCraft,Neutral,I just deserved [the worst vision of the storm]!,2025-10-14 08:51:00,2025-10-14 08:51:10,48
12607,WorldOfCraft,Neutral,I just posted the [The Most Horrific Vision of Stormwind] Achievement!,2025-10-14 08:51:00,2025-10-14 08:51:10,70
12607,WorldOfCraft,Neutral,I just totally earned the [ The Most Honorable Horrific Vision Officer of Stormwind ] Achievement!,2025-10-14 08:51:00,2025-10-14 08:51:10,98
12607,WorldOfCraft,Neutral,<unk> just Got the [The Most Horrific Vision of Stormwind] Achievement!,2025-10-14 08:51:00,2025-10-14 08:51:10,71
12608,WorldOfCraft,Neutral,"Saturday nights alright for fighting some raid bosses in Azeroth! Slaying all the Cthulhu critters in some @Warcraft over on mixer.com/Katharsus come by, hang out, laugh, have a good time! https://t.co/YUSVJwPUG6",2025-10-14 08:51:00,2025-10-14 08:51:10,212
12608,WorldOfCraft,Neutral,"Saturday night is all well and good to fight some raid bosses in Azeroth! If you kill all the Cthulhu critters in @ Warcraft on mixer.com / Katharsus, drop by, hang out, laugh and have a good time! https: / / t.co / YUSVJwPUG6",2025-10-14 08:51:00,2025-10-14 08:51:10,226
12608,WorldOfCraft,Neutral,"Saturday evenings are fine to fight some raid bosses in Azeroth! Taking all the Cthulhu cranks to some @ Warcraft mixer / barsus come, hang out, laugh, have fun!",2025-10-14 08:51:00,2025-10-14 08:51:10,161
12608,WorldOfCraft,Neutral,"Saturday nights alright me fighting some raid bosses in Azeroth! Slaying all the vicious critters in some @Warcraft over on mixer.com/Katharsus come through, smack down, laugh, have a good time! https://t.co/YUSVJwPUG6]",2025-10-14 08:51:00,2025-10-14 08:51:10,219
12608,WorldOfCraft,Neutral,"Saturday nights alright for kids fighting some raid big bosses in Azeroth! Slaying all the evil Cthulhu class critters in by some random @Warcraft over on good mixer. com / Katharsus come by, then hang... out, laugh, even have a good time! https://t.co/YUSVJwPUG6 ]",2025-10-14 08:51:00,2025-10-14 08:51:10,265
12608,WorldOfCraft,Neutral,"yeah its alright for fighting some raid here in Azeroth! Rip off the scary critters in some mode over on raid.com/Katharsus come by, hang out, laugh, have a good time! https://t.co/YUSVJwPUG6]",2025-10-14 08:51:00,2025-10-14 08:51:10,192
12609,WorldOfCraft,Neutral,World of Warcraft Shadow Lands has been Delayed to the end of this year ift.tt/2SrzroZ,2025-10-14 08:51:00,2025-10-14 08:51:10,88
12609,WorldOfCraft,Neutral,World of Warcraft Shadow Lands has been postponed until the end of this year ift.tt / 2SrzroZ,2025-10-14 08:51:00,2025-10-14 08:51:10,93
12609,WorldOfCraft,Neutral,World of Warcraft Shadow Lands has been postponed until the end of this year i.tt / 2SrzroZ,2025-10-14 08:51:00,2025-10-14 08:51:10,91
12609,WorldOfCraft,Neutral,World of Warcraft 2018 fall has been Delayed to the end of this year ift.tt/2SrzroZ,2025-10-14 08:51:00,2025-10-14 08:51:10,83
12609,WorldOfCraft,Neutral,The World Fantasy of Warcraft game Shadow Lands has been Delayed to see the end of life this year ift. tt / 2SrzroZ,2025-10-14 08:51:00,2025-10-14 08:51:10,115
12609,WorldOfCraft,Neutral,World<unk> Warcraft Shadow 3 has To Delayed to the most of this year ift.tt/2SrzroZ,2025-10-14 08:51:00,2025-10-14 08:51:10,83
12610,WorldOfCraft,Positive,"I’m about to start sliding into some DM’s being like:. . “Listen I know we don’t know each other but I just needed to tell you, . . World of Warcraft is cost effective and a great place to socialize without the risk or spreading COVID-19.”",2025-10-14 08:51:00,2025-10-14 08:51:10,239
12610,WorldOfCraft,Positive,"I'm just starting to get into some DM's, like, \"Listen, I know we don't know each other, but I just had to tell you... World of Warcraft is inexpensive and a great place to socialize without taking the risk or spreading COVID-19.\"",2025-10-14 08:51:00,2025-10-14 08:51:10,230
12610,WorldOfCraft,Positive,"\"Listen, I know we don't know each other, but I just had to tell you... World of Warcraft is a cost-effective and great place to communicate without risk or spread COVID-19.\"",2025-10-14 08:51:00,2025-10-14 08:51:10,174
12610,WorldOfCraft,Positive,"I’m about here start sliding into the DM’s being like:.. “Listen I know your don’t know each other but I only needed to tell you,. – World of Warcraft is cost effective and a great place to socialize sans the risk or spreading COVID-19.”",2025-10-14 08:51:00,2025-10-14 08:51:10,237
12610,WorldOfCraft,Positive,"I ’ m about to start sliding into some what DM ’ s being like :.. “ Listen I know well we just don ’ t know each other but I just just thought needed advice to tell you,.. World of Warcraft is cost benefit effective and presents a great place able to socialize without the risk or spreading COVID - Chapter 19. ”",2025-10-14 08:51:00,2025-10-14 08:51:10,312
12610,WorldOfCraft,Positive,"I’m about to make going into both DM’s being like:.. “Listen I know we do know each other so she just needed to tell you,.. World<unk> Warcraft is cost effective and a superb excuse to socialize without the risk or spreading the-19.”",2025-10-14 08:51:00,2025-10-14 08:51:10,233
12611,WorldOfCraft,Irrelevant,Well I kinda match my character art now! (Art by the beloved and talented @saltmatey).,2025-10-14 08:51:00,2025-10-14 08:51:10,88
12611,WorldOfCraft,Irrelevant,"Well, I kind of fit in with my character art now! (art by the beloved and talented @ saltmatey).",2025-10-14 08:51:00,2025-10-14 08:51:10,96
12611,WorldOfCraft,Irrelevant,Well I kinda match my character art now! (Art by the loved and talented @ saltmatey).,2025-10-14 08:51:00,2025-10-14 08:51:10,85
12611,WorldOfCraft,Irrelevant,Well I might match my character art now! (Art © the beloved and talented @saltmatey).,2025-10-14 08:51:00,2025-10-14 08:51:10,85
12611,WorldOfCraft,Irrelevant,Well might I kinda match my character art now! ( Art produced by the particularly beloved book and talented @saltmatey).,2025-10-14 08:51:00,2025-10-14 08:51:10,120
12611,WorldOfCraft,Irrelevant,think I kinda match my character look now! (Art by absolutely beloved and talented @saltmatey).,2025-10-14 08:51:00,2025-10-14 08:51:10,95
12612,WorldOfCraft,Positive,"If they made a movie with the same technology as their cinematics, they would start an epic movie franchise that would last for a long ass time.",2025-10-14 08:51:00,2025-10-14 08:51:10,144
12612,WorldOfCraft,Positive,"If they made a film with the same technology as their cinematography, they would start an epic series that would last a long time.",2025-10-14 08:51:00,2025-10-14 08:51:10,130
12612,WorldOfCraft,Positive,"If they had made a film using the same technology as their cinema, they would have launched an epic film franchise that would have lasted a long time.",2025-10-14 08:51:00,2025-10-14 08:51:10,150
12612,WorldOfCraft,Positive,"If they made a movie with the existing technology as their cinematics, they would start an epic movie franchise that would continue for a live ass time.",2025-10-14 08:51:00,2025-10-14 08:51:10,152
12612,WorldOfCraft,Positive,"If they only made a movie with the same technology as on their film cinematics, they would start an epic movie or franchise that really would last for a long ass chewing time.",2025-10-14 08:51:00,2025-10-14 08:51:10,175
12612,WorldOfCraft,Positive,"make they made a movie with the same spirit as their cinematics, they definitely start an epic movie film that would last for a long ass time.",2025-10-14 08:51:00,2025-10-14 08:51:10,142
12613,WorldOfCraft,Neutral,"Hi friends. Today’s  . . 2 of Potions (Courtship) - friendship, special bonds/connections, loved ones, relationships, romance, a crush, a partner.. . Today: love makes the world go round . . . unofficialwowtarot.com.",2025-10-14 08:51:00,2025-10-14 08:51:10,218
12613,WorldOfCraft,Neutral,"Hello friends. Today.. 2 of the potions (Courtship) - friendship, special bonds / connections, loved ones, relationships, romance, a crush, a partner... Today: love makes the world around... inoffizialwowtarot.com.",2025-10-14 08:51:00,2025-10-14 08:51:10,214
12613,WorldOfCraft,Neutral,"Hi friends. Today... 2 of the potions (Ship) - friendship, special ties / connections, loved ones, relationships, romance, crush, partner... Today: love makes the world spin... unofficialwowtarot.com.",2025-10-14 08:51:00,2025-10-14 08:51:10,200
12613,WorldOfCraft,Neutral,"Hi guys. Today’s .. 2 Billion Potions (Courtship) - Family, special bonds/connections, loved ones, relationships, careers, romantic crush, any partner... Today: love makes the world go round... unofficialwowtarot.com.",2025-10-14 08:51:00,2025-10-14 08:51:10,217
12613,WorldOfCraft,Neutral,"Hi friends. Since Today ’ and s.. 2 of 2 Potions ( Love Courtship ) - sincere friendship, strong special bonds / connections, small loved older ones, relationships, romance, a crush, a partner... with Today : love that makes the world go round... unofficialwowtarot. com.",2025-10-14 08:51:00,2025-10-14 08:51:10,271
12613,WorldOfCraft,Neutral,"Hi Guy. Today’s.. Chapter of 15 (Courtship) - friendship, new bonds/connections, loved ones, lovers, romance, a future, a partner... Today: what changes the world year round... at.com.",2025-10-14 08:51:00,2025-10-14 08:51:10,184
12614,WorldOfCraft,Neutral,My goals for @Warcraft Month on my  . . 1. All chars to 120 (two left). 2. Get 1 RNG mount drop . . 3. Fishing garrison lvl 3. 4. Finish BFA/Flying. 5. Get 1 rep based mount . .,2025-10-14 08:51:00,2025-10-14 08:51:10,179
12614,WorldOfCraft,Neutral,My goals for @ Warcraft Month on my.. 1. All characters on 120 (two left). 2. Get 1 RNG mount falling.. 3. Angling garrison lvl 3. 4. Finish BFA / Fly. 5. Get 1 rep-based mount..,2025-10-14 08:51:00,2025-10-14 08:51:10,178
12614,WorldOfCraft,Neutral,My goals for @ Warcraft Month are on my.... 1. All balls up to 120 (two left). 2. Get 1 RNG drop... 3. Fishing Harrison 3. 4. Finishing BFA / Flight. 5. Get 1 RNG drop based....,2025-10-14 08:51:00,2025-10-14 08:51:10,177
12614,WorldOfCraft,Neutral,My goals for @Warcraft Month on end . : 1. All chars to 120 (two left). 2. Get 1 RNG mount drop... 3. Fishing garrison lvl 3. 4. Switch BFA/Flying. 5. Get 1 rep of mount..,2025-10-14 08:51:00,2025-10-14 08:51:10,171
12614,WorldOfCraft,Neutral,So My goals for @Warcraft The Month on my.. 1. All chars up to 120 ( Got two points left ). 2. Get 10 1 RNG mount drop.. 3. Fishing garrison lvl s 3. Go 4. Finish BFA / Flying. 3 5. Get 2 1 rep based mount..,2025-10-14 08:51:00,2025-10-14 08:51:10,207
12614,WorldOfCraft,Neutral,My targets for @Warcraft Month are my.. 1. All chars to hunt (two days). 2. Get 1 RNG run on.. 3. Fishing garrison lvl 3. 4. Finish BFA/Flying. 7. Reach 1 full fishing mount..,2025-10-14 08:51:00,2025-10-14 08:51:10,175
12615,WorldOfCraft,Neutral,When your friends talk about their corruption and you trying to contribute to the conversation with your garbonzo loot @Warcraft @WarcraftDevs . . youtu.be/B6mmA_tR1OI,2025-10-14 08:51:00,2025-10-14 08:51:10,167
12615,WorldOfCraft,Neutral,When your friends talk about their corruption and you try to talk to your Garbonzo loot @ Warcraft @ WarcraftDevs.. youtu.be / B6mmA _ tR1OI,2025-10-14 08:51:00,2025-10-14 08:51:10,140
12615,WorldOfCraft,Neutral,When your friends talk about their corruption and you try to contribute to the conversation with your garbonzo prey @ Warcraft @ Warcraft Devs.. youtu.be / B6A _ tR1OI,2025-10-14 08:51:00,2025-10-14 08:51:10,167
12615,WorldOfCraft,Neutral,When your friends talk to their wages and taxes try to contribute to the conversation with your garbonzo loot @Warcraft @WarcraftDevs.. youtu.be/B6mmA_tR1OI,2025-10-14 08:51:00,2025-10-14 08:51:10,156
12615,WorldOfCraft,Neutral,5 When all your friends talk about their inner corruption and you am trying hard to contribute to the daily conversation with your garbonzo and loot @Warcraft @WarcraftDevs.. that youtu. be / B6mmA _ s tR1OI,2025-10-14 08:51:00,2025-10-14 08:51:10,207
12615,WorldOfCraft,Neutral,When your patients suffer because their pets and start trying to contribute to the conversation with your world loot @Warcraft in.. youtu.be/B6mmA_tR1OI,2025-10-14 08:51:00,2025-10-14 08:51:10,152
12616,WorldOfCraft,Negative,@Blizzard_Ent @Warcraft @BobbyKotick @Polygon @Kotaku @WarcraftDevs  Since when are you hiring Racists ? pic.twitter.com/m7NYCCfEIg,2025-10-14 08:51:00,2025-10-14 08:51:10,131
12616,WorldOfCraft,Negative,@ Blizzard _ Ent @ Warcraft @ BobbyKotick @ Polygon @ Kotaku @ WarcraftDevs Since when do you hire racists? pic.twitter.com / m7NYCCfEIg,2025-10-14 08:51:00,2025-10-14 08:51:10,136
12616,WorldOfCraft,Negative,@ Blizzard _ Ent @ Warcraft @ BobbyKotick @ Polygon @ Kotaku @ Warcraft _ Devs Since when do you hire racists? pic.fm / m7NYCCfEIg,2025-10-14 08:51:00,2025-10-14 08:51:10,130
12616,WorldOfCraft,Negative,RhandlerR RhandlerR RhandlerR RhandlerR RhandlerR RhandlerR  Since when are you hiring Racists ? pic.twitter.com/m7NYCCfEIg,2025-10-14 08:51:00,2025-10-14 08:51:10,123
12616,WorldOfCraft,Negative,2 RhandlerR RhandlerR RhandlerR RhandlerR RhandlerR RhandlerR  Since when are you hiring Racists ? pic.twitter.com/m7NYCCfEIg,2025-10-14 08:51:00,2025-10-14 08:51:10,125
12616,WorldOfCraft,Negative,I,2025-10-14 08:51:00,2025-10-14 08:51:10,1
12617,WorldOfCraft,Neutral,World of Warcraft on Steam celebrates Nightfalls and the great gold rush,2025-10-14 08:51:00,2025-10-14 08:51:10,72
12617,WorldOfCraft,Neutral,World of Warcraft on Steam Celebrates Nightfalls and the Great Gold Rush,2025-10-14 08:51:00,2025-10-14 08:51:10,72
12617,WorldOfCraft,Neutral,World of Warcraft on Steam celebrates Nights and the Great Gold Rush,2025-10-14 08:51:00,2025-10-14 08:51:10,68
12617,WorldOfCraft,Neutral,World of Warcraft on Steam in Nightfalls and the great gold rush,2025-10-14 08:51:00,2025-10-14 08:51:10,64
12617,WorldOfCraft,Neutral,World Series of Warcraft on Steam celebrates Nightfalls and documents the great gold rush,2025-10-14 08:51:00,2025-10-14 08:51:10,89
12617,WorldOfCraft,Neutral,World of Warcraft on Steam celebrates Nightfalls and the solid gold of,2025-10-14 08:51:00,2025-10-14 08:51:10,70
12618,WorldOfCraft,Neutral,"So I was doing Lower Blackrock Spire with my guild, at one point we started sharing our Warcraft stories while chatting on discord, things got weird. Our tank who is a girl told us all women are batshit crazy after hearing one of my stories.. . I might have to start suckin dick now",2025-10-14 08:51:00,2025-10-14 08:51:10,282
12618,WorldOfCraft,Neutral,"So I did Lower Blackrock Spire with my guild, at some point we started sharing our Warcraft stories while we were talking about discord, things got weird. Our tank, which is a girl, told us that all women are crazy after hearing one of my stories... Maybe I need to start sucking dick now.",2025-10-14 08:51:00,2025-10-14 08:51:10,289
12618,WorldOfCraft,Neutral,"So I was doing the Lower Blackrock Spire with my guild, at some point we started sharing our stories about Warcraft while the debate was going on, it all became weird.",2025-10-14 08:51:00,2025-10-14 08:51:10,167
12618,WorldOfCraft,Neutral,"So I was traveling Lower Blackrock Online with the guild, at one point we started sharing our Warcraft stories while chatting on board, things got weird. Our tank who is a girl told him all women are batshit crazy after read one of my stories... I might have to start suckin dick now",2025-10-14 08:51:00,2025-10-14 08:51:10,283
12618,WorldOfCraft,Neutral,"So I still was doing Lower Blackrock Spire thing with my guild, at one point before we started just sharing our classic Warcraft stories while chatting on discord, things got weird. Then Our tank who is a girl told us all women are batshit fucking crazy after hearing one of my stories... I might otherwise have meant to start you suckin dick now",2025-10-14 08:51:00,2025-10-14 08:51:10,346
12618,WorldOfCraft,Neutral,"So I was doing Lower Blackrock Hell with my guild, at one point we started sharing our Warcraft stories while chatting despite discord, people started weird. Our tank who is a feminist told us how women where batshit crazy after hearing in to my stories... I might have to start suckin dick with",2025-10-14 08:51:00,2025-10-14 08:51:10,295
12619,WorldOfCraft,Neutral,"(New Content > Interesting .  .  . /.  .  .  to enjoy!. . News,Guides or Tips/Discussion for WoW: Shadowlands . . WoW Content Creator. youtube.com/channel/UCJ04y…. .",2025-10-14 08:51:00,2025-10-14 08:51:10,167
12619,WorldOfCraft,Neutral,"(New Content > Interesting... /... to enjoy!.. News, Guides or Tips / Discussions for WoW: Shadowlands.. WoW Content Creator. youtube.com / channel / UCJ04y.....",2025-10-14 08:51:00,2025-10-14 08:51:10,161
12619,WorldOfCraft,Neutral,"(New Content > Interesting...... to enjoy!.. News, fondes or Tips / Discussion for WoW: Shadowlands.. WoW Content Creative. youtube.com / channel / UCJY.....",2025-10-14 08:51:00,2025-10-14 08:51:10,157
12619,WorldOfCraft,Neutral,"(New Content > Interesting. . . /. . .  > Choose. News,Guides or Tutorial/Discussion for WoW: Shadowlands.. WoW YouTube Creator. youtube.com/channel/UCJ04y…..)",2025-10-14 08:51:00,2025-10-14 08:51:10,159
12619,WorldOfCraft,Neutral,"( So New ） Content > The Interesting... /... easy to enjoy!.. News, Guides or Tips / Technical Discussion for WoW : Shadowlands.. com WoW Publishing Content Creator. youtube. go com / channel / 1 UCJ04y 1 …..",2025-10-14 08:51:00,2025-10-14 08:51:10,208
12619,WorldOfCraft,Neutral,"(New Download > Interesting... /... Share Share!.. of,Guides or Tips/Discussion About the: this.. a Link Original. youtube.com/channel/UCJ04y.....",2025-10-14 08:51:00,2025-10-14 08:51:10,146
12620,WorldOfCraft,Neutral,Finally done with this Horrific Visions system. Got the backpack and the achieve. Special thanks to Vargh for the help in our 2-man run with 5 masks. < 3,2025-10-14 08:51:00,2025-10-14 08:51:10,155
12620,WorldOfCraft,Neutral,Finally finished with this Horrific Visions system. I got the backpack and the result. Special thanks to Vargh for helping with our 2-man run with 5 masks. < 3,2025-10-14 08:51:00,2025-10-14 08:51:10,159
12620,WorldOfCraft,Neutral,Finally finished with this system of Horrible Visions. Received a backpack and an achievement. Special thanks to Varg for helping us run for 2 people with 5 masks.,2025-10-14 08:51:00,2025-10-14 08:51:10,163
12620,WorldOfCraft,Neutral,Finally done with this Horrific Visions system. Got the backpack and the achieve. Special note to Jeff um the help in our 2-man run with 5 masks. < 3,2025-10-14 08:51:00,2025-10-14 08:51:10,149
12620,WorldOfCraft,Neutral,Finally done with this Horrific Visions system.... Got the backpack clean and the achieve. Special thanks to Mayor Vargh for the extra help in our easy 2 - man run along with the 5 masks. < 3,2025-10-14 08:51:00,2025-10-14 08:51:10,191
12620,WorldOfCraft,Neutral,Finally done with The Horrific Visions Run. Got the cast and the achieve. Special thanks to Brad for the help of our 2-man run with 5 masks. < 3,2025-10-14 08:51:00,2025-10-14 08:51:10,144
12622,WorldOfCraft,Neutral,Steven gifted me World of Warcraft...... Do I dare go back down this hole?,2025-10-14 08:51:00,2025-10-14 08:51:10,74
12622,WorldOfCraft,Neutral,Steven gave me World of Warcraft as a gift.... dare I go back into that hole?,2025-10-14 08:51:00,2025-10-14 08:51:10,77
12622,WorldOfCraft,Neutral,Stephen gave me World of Warcraft...... Would I dare to go back into that hole?,2025-10-14 08:51:00,2025-10-14 08:51:10,79
12622,WorldOfCraft,Neutral,Steven gifted me World of Warcraft...... Do ye dare go back down this hole?,2025-10-14 08:51:00,2025-10-14 08:51:10,75
12622,WorldOfCraft,Neutral,Steven gifted me World Author of Warcraft...... 10 Do I dare go back burning down inside this hole?,2025-10-14 08:51:00,2025-10-14 08:51:10,99
12622,WorldOfCraft,Neutral,Steven gifted them World Love Warcraft...... would I dare go back down this hole?,2025-10-14 08:51:00,2025-10-14 08:51:10,81
12623,WorldOfCraft,Neutral,"Felt like making a new character! A high elf with a schlong cawk. . Might make some non donger stuff of her as well, sue me. . uploadir.com/u/9g9hqkzz. .",2025-10-14 08:51:00,2025-10-14 08:51:10,155
12623,WorldOfCraft,Neutral,"Felt like making a new character! A high elf with a Schlong Cawk.. Could also make some non-donger stuff out of her, sue me... uploadir.com / u / 9g9hqkzz..",2025-10-14 08:51:00,2025-10-14 08:51:10,156
12623,WorldOfCraft,Neutral,"I like to invent a new character! A tall woman with a small child... Can make something out of her, sue me... uploadir.com / u / 9g9hqkzz...",2025-10-14 08:51:00,2025-10-14 08:51:10,140
12623,WorldOfCraft,Neutral,"Felt like making a solo character! A high elf with a schlong er. :-) Might make weird non donger stuff of her as well, sue myself.. uploadir.com/u/9g9hqkzz..",2025-10-14 08:51:00,2025-10-14 08:51:10,157
12623,WorldOfCraft,Neutral,"That Felt like my making quite a brand new character! A high elf queen with like a schlong cawk.. Might make some non magic donger stuff of her character as well, sue let me.. uploadir. com / Twitter u / 9g9hqkzz..",2025-10-14 08:51:00,2025-10-14 08:51:10,214
12623,WorldOfCraft,Neutral,"Felt like being a quirky character! That wild elf with a schlong cawk.. Might make some dumb donger fun of her on a, sue me.. uploadir.com/u/9g9hqkzz..",2025-10-14 08:51:00,2025-10-14 08:51:10,151
12624,WorldOfCraft,Positive,"Ridiculous, but fantastic.",2025-10-14 08:51:00,2025-10-14 08:51:10,28
12624,WorldOfCraft,Positive,"Ridiculous, but fantastic.",2025-10-14 08:51:00,2025-10-14 08:51:10,26
12624,WorldOfCraft,Positive,"Ridiculous, but fantastic.",2025-10-14 08:51:00,2025-10-14 08:51:10,26
12624,WorldOfCraft,Positive,"Ridiculous, but true.",2025-10-14 08:51:00,2025-10-14 08:51:10,21
12624,WorldOfCraft,Positive,"22 Ridiculous, but fantastic.",2025-10-14 08:51:00,2025-10-14 08:51:10,29
12624,WorldOfCraft,Positive,"mediocre, but fantastic.",2025-10-14 08:51:00,2025-10-14 08:51:10,24
12625,WorldOfCraft,Positive,Always love Hallow’s End!!!,2025-10-14 08:51:00,2025-10-14 08:51:10,27
12625,WorldOfCraft,Positive,Hallow's End always love!!!,2025-10-14 08:51:00,2025-10-14 08:51:10,27
12625,WorldOfCraft,Positive,Always love Hallow's End!!!,2025-10-14 08:51:00,2025-10-14 08:51:10,27
12625,WorldOfCraft,Positive,Always love The End!!!,2025-10-14 08:51:00,2025-10-14 08:51:10,22
12625,WorldOfCraft,Positive,they Always love Hallow Friday ’ s End!!!,2025-10-14 08:51:00,2025-10-14 08:51:10,41
12625,WorldOfCraft,Positive,Always Its Hallow’s End!!!,2025-10-14 08:51:00,2025-10-14 08:51:10,26
12626,WorldOfCraft,Positive,we like that.,2025-10-14 08:51:00,2025-10-14 08:51:10,13
12626,WorldOfCraft,Positive,We like that.,2025-10-14 08:51:00,2025-10-14 08:51:10,13
12626,WorldOfCraft,Positive,We like it.,2025-10-14 08:51:00,2025-10-14 08:51:10,11
12626,WorldOfCraft,Positive,we needed that.,2025-10-14 08:51:00,2025-10-14 08:51:10,15
12626,WorldOfCraft,Positive,we worked like that.,2025-10-14 08:51:00,2025-10-14 08:51:10,20
12626,WorldOfCraft,Positive,we like it.,2025-10-14 08:51:00,2025-10-14 08:51:10,11
12627,WorldOfCraft,Irrelevant,My admiration for this artist grows every year! Just beautiful < 3 @malukah . Daughter of the Sea - World of Warcraft - Acoustic Cover by Malukah youtu.be/8m9oI8ahW5s via @YouTube,2025-10-14 08:51:00,2025-10-14 08:51:10,179
12627,WorldOfCraft,Irrelevant,My admiration for this artist grows every year! Just beautiful < 3 @ malukah. Daughter of the Sea - World of Warcraft - Acoustic Cover by Malukah youtu.be / 8m9oI8ahW5s via @ YouTube,2025-10-14 08:51:00,2025-10-14 08:51:10,182
12627,WorldOfCraft,Irrelevant,My fans murmur for this artist every year! Just beautiful! 3 @ malukah. Daughter of the Sea - World of Warcraft - Acoustic song by Malukah youtu.be / 8m9oI8ahW5s via @ YouTube,2025-10-14 08:51:00,2025-10-14 08:51:10,175
12627,WorldOfCraft,Irrelevant,My admiration for manga art grows every year! Just beautiful < 3.. Daughter of the Sea From World of Warcraft - Colour Cover by Malukah youtu.be/8m9oI8ahW5s via @malukah,2025-10-14 08:51:00,2025-10-14 08:51:10,169
12627,WorldOfCraft,Irrelevant,A My admiration for being this artist grows more every year! So Just beautiful < 3 by @malukah. 3 Daughter of Over the Sea - World World of Warcraft - Acoustic Cover by Malukah youtu. 1 be / 1 8m9oI8ahW5s via @YouTube,2025-10-14 08:51:00,2025-10-14 08:51:10,217
12627,WorldOfCraft,Irrelevant,My admiration for green light grows an year! Just beautiful < 3 @malukah. Food and a Sea - World of Warcraft - Acoustic Cover by c youtu.be/8m9oI8ahW5s 5 M,2025-10-14 08:51:00,2025-10-14 08:51:10,155
12628,WorldOfCraft,Negative,"Got fucked over in a horrific vision because I got combat locked. I dont blame @Warcraft though, they're just a small indie company after all and bugs that set you back days or even weeks of content are to be expected and there is no way for them to help players.",2025-10-14 08:51:00,2025-10-14 08:51:10,263
12628,WorldOfCraft,Negative,"But I'm not blaming @ Warcraft, they're just a small indie company after all, and bugs that set you back days or even weeks with content are to be expected and there's no way for them to help the players.",2025-10-14 08:51:01,2025-10-14 08:51:10,204
12628,WorldOfCraft,Negative,"Although I don't blame @ Warcraft, after all, they're just a small indie company, and bugs that set you back a few days or even weeks of content are to be expected, and there's no way for them to help the players.",2025-10-14 08:51:01,2025-10-14 08:51:10,213
12628,WorldOfCraft,Negative,"Got fucked over in a horrific vision because I got combat locked. I barely blame Activision though, they're just a small indie company after all and bugs that put you back days or even weeks of content are to be expected and there is no way for them can support players.",2025-10-14 08:51:01,2025-10-14 08:51:10,270
12628,WorldOfCraft,Negative,"Got fucked over in a fucking horrific reverse vision because I two got combat locked. I can dont blame @Warcraft now though, as they're still just a small indie company after all and bugs that set off you back with days or even weeks of content are to be expected and there is no way for them today to help players.",2025-10-14 08:51:01,2025-10-14 08:51:10,315
12628,WorldOfCraft,Negative,"all fucked over in me horrific vision when I got combat dying. I dont blame @Warcraft though, because're just your fucking indie company after all and deaths that set you back days or even weeks of content are to be expected and there really no way for them to help players.",2025-10-14 08:51:01,2025-10-14 08:51:10,274
12629,WorldOfCraft,Neutral,. New Content drop for Hades in 2 days! I wonder what Greek God will show up ?:3. . . World of Warcraft Classic Molten Core raiding tmw. . Rest in Peace the narrator of Dragon Ball . . Going LIVE!. . Streaming Hades. twitch.tv/gamerchex. . @SupergiantGames thanks making a great game! https://t.co/o8mpNwNCpQ,2025-10-14 08:51:01,2025-10-14 08:51:10,308
12629,WorldOfCraft,Neutral,I wonder which Greek god will appear?: 3... World of Warcraft raids with melted meltdown tmw.. Rest in peace the narrator of Dragon Ball... go LIVE!. Hades. twitch.tv / gamerchex stream.. @ SupergiantGames thank you for making a great game! https: / / t.co / o8mpNwNCpQ,2025-10-14 08:51:01,2025-10-14 08:51:10,269
12629,WorldOfCraft,Neutral,"A new drop to hell in 2 days! Interestingly, what will the Greek God show?: 3.....................................................................................................................................................................",2025-10-14 08:51:01,2025-10-14 08:51:10,242
12629,WorldOfCraft,Neutral,. New Content drop for Hades in 2 days! I wonder what Greek God will show up ?:3. . . World of Warcraft Classic Molten Core raiding tmw. . Rest in Peace the narrator of Dragon Ball . . Going LIVE!. . Streaming Hades. twitch.tv/gamerchex. . RhandlerR thanks making a great game! RhttpR],2025-10-14 08:51:01,2025-10-14 08:51:10,285
12629,WorldOfCraft,Neutral,See . New Content drop for Hades in 2 days! I wonder what Greek God will show up ?:3. . . World of Warcraft Classic Molten Core raiding tmw. . Rest in Peace the narrator of Dragon Ball . . Going LIVE!. . Streaming Hades. twitch.tv/gamerchex. . RhandlerR thanks making a great game! RhttpR],2025-10-14 08:51:01,2025-10-14 08:51:10,289
12629,WorldOfCraft,Neutral,you,2025-10-14 08:51:01,2025-10-14 08:51:10,3
12630,WorldOfCraft,Neutral,I just earned the [Halls of Devotion] Achievement!,2025-10-14 08:51:01,2025-10-14 08:51:10,52
12630,WorldOfCraft,Neutral,I just earned the [Halls of Devotion] achievement!,2025-10-14 08:51:01,2025-10-14 08:51:10,50
12630,WorldOfCraft,Neutral,I just deserved [The Halls of Disgust]!,2025-10-14 08:51:01,2025-10-14 08:51:10,39
12630,WorldOfCraft,Neutral,I just earned the [Halls of Devotion] Medal!,2025-10-14 08:51:01,2025-10-14 08:51:10,44
12630,WorldOfCraft,Neutral,I just recently earned her the [ Halls of Devotion ] Achievement!,2025-10-14 08:51:01,2025-10-14 08:51:10,65
12630,WorldOfCraft,Neutral,just just earned the [Halls of Lincoln] Achievement!,2025-10-14 08:51:01,2025-10-14 08:51:10,52
12631,WorldOfCraft,Positive,"What a busy stream! A lovely raid from Wagnus and some super lovely new people, it was great hanging outl! We sent the love to @Kelydrex playing Warcraft III! Next solo 7D2D stream will be horde night! Loving the new custom map :)",2025-10-14 08:51:01,2025-10-14 08:51:10,232
12631,WorldOfCraft,Positive,"What a busy stream! A great raid from Wagnus and some super nice new people, it was great to hang out! We sent love to @ Kelydrex playing Warcraft III! The next 7D2D stream will be Horde Night! I love the new bespoke card:)",2025-10-14 08:51:01,2025-10-14 08:51:10,223
12631,WorldOfCraft,Positive,We sent love to @ Kelydrex playing Warcraft III! The next 7D2D solo stream will be horde night! Loving the new custom map:),2025-10-14 08:51:01,2025-10-14 08:51:10,123
12631,WorldOfCraft,Positive,"What a busy stream! A lovely raid from Wagnus and some super lovely new people, you did wonderful watching outl! We sent the love to @Kelydrex playing Warcraft III! Next solo 7D2D stream will be horde 2! Loving the new custom map :)",2025-10-14 08:51:01,2025-10-14 08:51:10,232
12631,WorldOfCraft,Positive,"What a whole busy stream! A special lovely raid Team from Wagnus and some others super like lovely new people, it was great hanging outl! We guys sent the love to visit @Kelydrex playing Warcraft III! Next solo at 7D2D stream will be horde night! Loving the new home custom pool map : )",2025-10-14 08:51:01,2025-10-14 08:51:10,286
12631,WorldOfCraft,Positive,"What a busy stream! A lovely raid at Wagnus and two super cute new people, it was great hanging outl! We offered the demo to people playing Warcraft III! Next the 7D2D night will be Saturday night! Loving the new custom map :)",2025-10-14 08:51:01,2025-10-14 08:51:10,226
12632,WorldOfCraft,Neutral,World of Warcraft Updated. Regions:. Europe.  blizztrack.com/world_of_warcr….,2025-10-14 08:51:01,2025-10-14 08:51:10,79
12632,WorldOfCraft,Neutral,World of Warcraft updated. Regions:. Europe. blizztrack.com / world _ of _ warcr....,2025-10-14 08:51:01,2025-10-14 08:51:10,84
12632,WorldOfCraft,Neutral,World of Warcraft Updated. Regions:. Europe. blizztrack.com / world _ of _ warcr....,2025-10-14 08:51:01,2025-10-14 08:51:10,84
12632,WorldOfCraft,Neutral,World O Warcraft 2016. Regions:. Europe.  blizztrack.com/world_of_warcr….,2025-10-14 08:51:01,2025-10-14 08:51:10,73
12632,WorldOfCraft,Neutral,World of Warcraft Updated. x Regions :. 1 Europe. The blizztrack. com / the world _ of _ warcr page ….,2025-10-14 08:51:01,2025-10-14 08:51:10,102
12632,WorldOfCraft,Neutral,Science and Warcraft 2013. Regions:. 10. blizztrack.com/world_of_warcr....,2025-10-14 08:51:01,2025-10-14 08:51:10,74
12633,WorldOfCraft,Positive,I loved the,2025-10-14 08:51:01,2025-10-14 08:51:10,13
12633,WorldOfCraft,Positive,I loved the,2025-10-14 08:51:01,2025-10-14 08:51:10,11
12633,WorldOfCraft,Positive,I loved the,2025-10-14 08:51:01,2025-10-14 08:51:10,11
12633,WorldOfCraft,Positive,I appreciate the,2025-10-14 08:51:01,2025-10-14 08:51:10,16
12633,WorldOfCraft,Positive,Sometimes I loved the,2025-10-14 08:51:01,2025-10-14 08:51:10,21
12633,WorldOfCraft,Positive,<unk> loved the,2025-10-14 08:51:01,2025-10-14 08:51:10,15
12634,WorldOfCraft,Neutral,Blizzard Reacts To Warcraft 3 Reforged's Negative Reception ift.tt/2vdYx2g,2025-10-14 08:51:01,2025-10-14 08:51:10,74
12634,WorldOfCraft,Neutral,Blizzard Reacts to the Negative Reception of Warcraft 3 ift.tt / 2vdYx2g,2025-10-14 08:51:01,2025-10-14 08:51:10,72
12634,WorldOfCraft,Neutral,Blizzard Reacts To Warcraft 3 Reformed's Reception i.tt / 2vdYx2g,2025-10-14 08:51:01,2025-10-14 08:51:10,65
12634,WorldOfCraft,Neutral,Blizzard Reacts To Warcraft 3 Following Positive Reception ift.tt/2vdYx2g,2025-10-14 08:51:01,2025-10-14 08:51:10,73
12634,WorldOfCraft,Neutral,Blizzard Systems Reacts To Warcraft Version 3 Crash Reforged's Security Negative Code Reception page ift. tt / 2vdYx2g,2025-10-14 08:51:01,2025-10-14 08:51:10,118
12634,WorldOfCraft,Neutral,Blizzard Reacts To Warcraft 3 P's Social Influence at.tt/2vdYx2g,2025-10-14 08:51:01,2025-10-14 08:51:10,64
12635,WorldOfCraft,Neutral,"Check out this item I just got! [Ashjra'kamas, Shroud of Resolve]",2025-10-14 08:51:01,2025-10-14 08:51:10,67
12635,WorldOfCraft,Neutral,"Look at this article I just got! [Ashjra'kamas, Cloth of Determination]",2025-10-14 08:51:01,2025-10-14 08:51:10,71
12635,WorldOfCraft,Neutral,"Check out this item I just received! [Ashraf, Shroud]",2025-10-14 08:51:01,2025-10-14 08:51:10,53
12635,WorldOfCraft,Neutral,"Check out this item I just bought! [&'kamas, Shroud of Resolve]",2025-10-14 08:51:01,2025-10-14 08:51:10,63
12635,WorldOfCraft,Neutral,"1 Check out this item before I just got! [ Ashjra'in kamas, Shroud Books of Resolve ]",2025-10-14 08:51:01,2025-10-14 08:51:10,85
12635,WorldOfCraft,Neutral,"Check out this item I just got! [Ashjra'kamas, All Much Love]",2025-10-14 08:51:01,2025-10-14 08:51:10,61
12636,WorldOfCraft,Neutral,"The Adjustable Eras. . Long after surprise, though deprived of warcraft.. . Principal finds: smithing, images of beavers, overflowing with genders.. Ideology: reality and enthusiasm.. . As pointed out by Herr T: We owe our contentment to them.",2025-10-14 08:51:01,2025-10-14 08:51:10,243
12636,WorldOfCraft,Neutral,"The adaptable ages... Long after the surprise, if without warfare... Main findings: forging, images of beavers overflowing with sexes... Ideology: reality and enthusiasm... Like Mr. T: We owe them our satisfaction.",2025-10-14 08:51:01,2025-10-14 08:51:10,214
12636,WorldOfCraft,Neutral,Adjustable epochs........................................................................................................................................................................,2025-10-14 08:51:01,2025-10-14 08:51:10,185
12636,WorldOfCraft,Neutral,"The Adjustable Eras.. Long after surprise, though deprived of warcraft..... Principal finds: insects, hunting in beavers, overflowing with genders.. Ideology: reality and enthusiasm... As pointed here by Herr T: We owe our contentment to them.",2025-10-14 08:51:01,2025-10-14 08:51:10,243
12636,WorldOfCraft,Neutral,"The New Adjustable Eras.. Long after surprise, though soon deprived of warcraft... Principal finds : smithing, images are of fat beavers, pits overflowing with both genders.. But Ideology : reality and immediate enthusiasm... As pointed out by Herr T : We owe it our initial contentment to them.",2025-10-14 08:51:01,2025-10-14 08:51:10,295
12636,WorldOfCraft,Neutral,"and Adjustable Eras.. Long after childhood, though deprived of warcraft... Major categories: smithing, images of love, overflowing alternative genders.. Re: reality and enthusiasm... As pointed forward by Herr T: We owe human lives to them.",2025-10-14 08:51:01,2025-10-14 08:51:10,240
12637,WorldOfCraft,Irrelevant,I look cute,2025-10-14 08:51:01,2025-10-14 08:51:10,13
12637,WorldOfCraft,Irrelevant,I look cute,2025-10-14 08:51:01,2025-10-14 08:51:10,11
12637,WorldOfCraft,Irrelevant,I look cute,2025-10-14 08:51:01,2025-10-14 08:51:10,11
12637,WorldOfCraft,Irrelevant,I look hopeful,2025-10-14 08:51:01,2025-10-14 08:51:10,14
12637,WorldOfCraft,Irrelevant,I can look cute,2025-10-14 08:51:01,2025-10-14 08:51:10,15
12637,WorldOfCraft,Irrelevant,I look to,2025-10-14 08:51:01,2025-10-14 08:51:10,9
12638,WorldOfCraft,Neutral,What was yo race in WoW,2025-10-14 08:51:01,2025-10-14 08:51:10,23
12638,WorldOfCraft,Neutral,What was the race in WoW?,2025-10-14 08:51:01,2025-10-14 08:51:10,25
12638,WorldOfCraft,Neutral,What a race at WoW,2025-10-14 08:51:01,2025-10-14 08:51:10,18
12638,WorldOfCraft,Neutral,What was my race in WoW,2025-10-14 08:51:01,2025-10-14 08:51:10,23
12638,WorldOfCraft,Neutral,What was yo race car in WoW,2025-10-14 08:51:01,2025-10-14 08:51:10,27
12638,WorldOfCraft,Neutral,What was yo race AT WoW,2025-10-14 08:51:01,2025-10-14 08:51:10,23
12639,WorldOfCraft,Neutral,I just earned the [1000 Honorable Kills] Achievement!,2025-10-14 08:51:01,2025-10-14 08:51:10,55
12639,WorldOfCraft,Neutral,I just earned the [1000 Honorable Killings] Achievement!,2025-10-14 08:51:01,2025-10-14 08:51:10,56
12639,WorldOfCraft,Neutral,"I've just won the award [1,000 Killings of Honour]!",2025-10-14 08:51:01,2025-10-14 08:51:10,51
12639,WorldOfCraft,Neutral,I just earned the [1000 Honorable Lifetime] Achievement!,2025-10-14 08:51:01,2025-10-14 08:51:10,56
12639,WorldOfCraft,Neutral,I just earned myself the [ 1000 Honorable Short Kills ] Achievement!,2025-10-14 08:51:01,2025-10-14 08:51:10,68
12639,WorldOfCraft,Neutral,me just earned the [1000 Honorable Kills] Achievement!,2025-10-14 08:51:01,2025-10-14 08:51:10,54
12640,WorldOfCraft,Neutral,Took a break from World of Warcraft lately to play the Final Fantasy 7 remake and I'm really impressed with it. I never played the original version but yea. I'm impressed so far,2025-10-14 08:51:01,2025-10-14 08:51:10,177
12640,WorldOfCraft,Neutral,"I recently took a break from World of Warcraft to play the remake of Final Fantasy 7 and I'm really impressed. I've never played the original version, but yes. I'm impressed so far.",2025-10-14 08:51:01,2025-10-14 08:51:10,181
12640,WorldOfCraft,Neutral,"I took a break from World of Warcraft to play in the remake of Final F7, and I'm very impressed.",2025-10-14 08:51:01,2025-10-14 08:51:10,96
12640,WorldOfCraft,Neutral,Took a break from World of Warcraft lately to play the Final Fantasy 7 remake... I'm really impressed with it. I never played the original — but yea. I'm surprised so far,2025-10-14 08:51:01,2025-10-14 08:51:10,170
12640,WorldOfCraft,Neutral,Took a complete break from World of Warcraft lately to play the Final Fantasy Sigma 7 game remake before and more I'm really impressed with it. I never played for the original version but they yea. I'm impressed enough so far,2025-10-14 08:51:01,2025-10-14 08:51:10,225
12640,WorldOfCraft,Neutral,took a vacation from World of Warcraft lately to play the Final Fantasy 3 remake and myself'm really impressed with it. I never played our original version well yea. I'm impressed so far,2025-10-14 08:51:01,2025-10-14 08:51:10,186
12641,WorldOfCraft,Irrelevant,FUCK YOU @Scroffy__ U FKN JINXED IT,2025-10-14 08:51:01,2025-10-14 08:51:10,35
12641,WorldOfCraft,Irrelevant,FICK YOU @ Scroffy _ _ U FKN JINXED IT,2025-10-14 08:51:01,2025-10-14 08:51:10,38
12641,WorldOfCraft,Irrelevant,FUCK YOU @ Scroffy _ _ U FKN JINXED IT,2025-10-14 08:51:01,2025-10-14 08:51:10,38
12641,WorldOfCraft,Irrelevant,FUCK IT @Scroffy__ U FKN JINXED IT,2025-10-14 08:51:01,2025-10-14 08:51:10,34
12641,WorldOfCraft,Irrelevant,FUCK YOU @Scroffy__ THE U FKN YOU JINXED ME IT,2025-10-14 08:51:01,2025-10-14 08:51:10,46
12641,WorldOfCraft,Irrelevant,FUCK THIS @Scroffy__ U FKN JINXED L,2025-10-14 08:51:01,2025-10-14 08:51:10,35
12642,WorldOfCraft,Positive,amazing view i just wish it was all on azeroth with a full scale invsion guess they ran outta time though @Warcraft pic.twitter.com/L5ku7ldPpo,2025-10-14 08:51:01,2025-10-14 08:51:10,142
12642,WorldOfCraft,Positive,"stunning views, I wish it had all been on Azeroth, with an invasion in full, but they have probably overdone the time @ Warcraft pic.twitter.com / L5ku7ldPpo",2025-10-14 08:51:01,2025-10-14 08:51:10,157
12642,WorldOfCraft,Positive,"It's just a pity it was all on Azeroth with a full-scale invasion, though @ Warcraft pic.fm / L57ldPpo",2025-10-14 08:51:01,2025-10-14 08:51:10,102
12642,WorldOfCraft,Positive,amazing view i just wish it was all on azeroth with a full scale invsion guess they ran outta time though RhandlerR pic.twitter.com/L5ku7ldPpo,2025-10-14 08:51:01,2025-10-14 08:51:10,142
12642,WorldOfCraft,Positive,Source amazing view i just wish it was all on azeroth with a full scale invsion guess they ran outta time though RhandlerR pic.twitter.com/L5ku7ldPpo,2025-10-14 08:51:01,2025-10-14 08:51:10,149
12642,WorldOfCraft,Positive,with,2025-10-14 08:51:01,2025-10-14 08:51:10,4
12643,WorldOfCraft,Positive,Took a little over a month to get exalted rep but I unlocked the Vulpera tonight and now I’m a cute little fox shaman! 11/10 was worth the grind 🦊,2025-10-14 08:51:01,2025-10-14 08:51:10,148
12643,WorldOfCraft,Positive,"It took a little more than a month until I had an eccentric repeat offender, but tonight I unlocked the Vulpera and now I am a sweet little fox shaman! 11 / 10 was worth it!",2025-10-14 08:51:01,2025-10-14 08:51:10,173
12643,WorldOfCraft,Positive,"It took a little over a month to become a lofty spokesperson, but tonight I opened the door and now I'm a cute little Fox shaman! 11 / 10 was worth chopping.",2025-10-14 08:51:01,2025-10-14 08:51:10,157
12643,WorldOfCraft,Positive,Took a little over a month to get solid rep but I unlocked this Vulpera tonight and now I’m a cute little fox shaman! 11/10 was essentially the battle 🦊,2025-10-14 08:51:01,2025-10-14 08:51:10,152
12643,WorldOfCraft,Positive,7 Took a little over a full month and to get exalted rep but I unlocked the Vulpera tonight yesterday and now here I ’ m walking a cute old little fox and shaman! 11 / 10 was worth the grind [UNK],2025-10-14 08:51:01,2025-10-14 08:51:10,196
12643,WorldOfCraft,Positive,Took a little over a hour to get exalted rep And I unlocked the Vulpera tonight and quickly build a cute little fox shaman! 11/10 Very worth the trouble <unk>,2025-10-14 08:51:01,2025-10-14 08:51:10,158
12644,WorldOfCraft,Neutral,I just earned the [Glory of the Uldir Raider] Achievement!,2025-10-14 08:51:01,2025-10-14 08:51:10,60
12644,WorldOfCraft,Neutral,I just earned the [Glory of the Uldir Robber] achievement!,2025-10-14 08:51:01,2025-10-14 08:51:10,58
12644,WorldOfCraft,Neutral,I just deserved [Glory to Ultra Raider]!,2025-10-14 08:51:01,2025-10-14 08:51:10,40
12644,WorldOfCraft,Neutral,I just earned the [Glory of El Uldir Raider] Achievement!,2025-10-14 08:51:01,2025-10-14 08:51:10,57
12644,WorldOfCraft,Neutral,I had just earned the [ Glory King of the Lord Uldir Raider ] Achievement!,2025-10-14 08:51:01,2025-10-14 08:51:10,74
12644,WorldOfCraft,Neutral,I just earned that [Glory & the Uldir Raider] Achievement!,2025-10-14 08:51:01,2025-10-14 08:51:10,58
12645,WorldOfCraft,Negative,@Warcraft_N . You literally screwed y character up with your update to that point it's unplayable. I spent $90 on this game now after update critters are literally killing me. I'm a goblin/warrior (fury) and you devs can .  yourselves. Totally unplayable and in NOT happy about it.,2025-10-14 08:51:01,2025-10-14 08:51:10,281
12645,WorldOfCraft,Negative,I have spent $90 on this game now that the critters have literally killed me. I am a goblin / warrior (anger) and you developers can do it. Completely unplayable and not happy about it.,2025-10-14 08:51:01,2025-10-14 08:51:10,185
12645,WorldOfCraft,Negative,"@ Warcraft _ N. You've literally twisted the character with your upgrade to the point that it's unplayable. I spent $90 on this game now, after the upgrade the Critters are literally killing me.",2025-10-14 08:51:01,2025-10-14 08:51:10,194
12645,WorldOfCraft,Negative,@Warcraft_N. You literally screwed y character up with your update to that point totally unplayable. I spent alot on this game now after update yours are literally killing me. I'm a goblin/warrior 0) and you guys can.  yourselves. Totally unplayable me in NOT happy about it.,2025-10-14 08:51:01,2025-10-14 08:51:10,275
12645,WorldOfCraft,Negative,@Warcraft_N. html You literally get screwed y character up since with your update to that point it's unplayable. I spent $ 90 on this game and now after update critters are literally killing of me. I'm a goblin / human warrior ( in fury ) and you three devs can. yourselves. Totally unplayable because and in so NOT happy about it.,2025-10-14 08:51:01,2025-10-14 08:51:10,331
12645,WorldOfCraft,Negative,@Warcraft_N. You literally burn y character up with your access to that then then's unplayable. I spent $90 on said game now after you critters are literally destroying stuff. I'm a goblin/warrior (fury) and you devs can. yourselves. Totally unplayable which in NOT happy watching it.,2025-10-14 08:51:01,2025-10-14 08:51:10,284
12646,WorldOfCraft,Neutral,"I published my Warcraft III review today! I really need to speed up my review turnaround but regardless I'm very happy with how it came out, and I would appreciate some support on this one! youtu.be/7KsINfK6cGA",2025-10-14 08:51:01,2025-10-14 08:51:10,210
12646,WorldOfCraft,Neutral,"I released my Warcraft III review today! I really need to speed up my review turnaround, but regardless, I'm very happy with the result, and I'd appreciate some support in that regard! youtu.be / 7KsINfK6cGA",2025-10-14 08:51:01,2025-10-14 08:51:10,207
12646,WorldOfCraft,Neutral,"I posted my review of Warcraft III today! I really need to speed up my review, but regardless I'm very happy with how it came out and I'd appreciate some support on this! youtu.be / 7KsInfK6cGA",2025-10-14 08:51:01,2025-10-14 08:51:10,193
12646,WorldOfCraft,Neutral,"I published my Warcraft III review today! I really need to speed up on review turnaround - regardless I'm very happy with how it came back, and I would use some support on this one! way.be/7KsINfK6cGA",2025-10-14 08:51:01,2025-10-14 08:51:10,200
12646,WorldOfCraft,Neutral,"I published my Warcraft III theatrical review today! I really really need to speed yourself up my movie review turnaround but regardless I'm not very happy with how it came out, and so I so would sure appreciate your some professional support on this one! youtu. be / 7KsINfK6cGA",2025-10-14 08:51:01,2025-10-14 08:51:10,279
12646,WorldOfCraft,Neutral,"of published my Warcraft III review today! I really need to speed up your rating list but regardless I'm very impressed in how it came in, and also would appreciate some support on this one! youtu.be/7KsINfK6cGA",2025-10-14 08:51:01,2025-10-14 08:51:10,211
12647,WorldOfCraft,Positive,The wondrous views of Draenor . . .,2025-10-14 08:51:01,2025-10-14 08:51:10,37
12647,WorldOfCraft,Positive,The wondrous view of Draenor...,2025-10-14 08:51:01,2025-10-14 08:51:10,31
12647,WorldOfCraft,Positive,Wonderful views of Dreyfus...,2025-10-14 08:51:01,2025-10-14 08:51:10,29
12647,WorldOfCraft,Positive,The wondrous views at Draenor...,2025-10-14 08:51:01,2025-10-14 08:51:10,32
12647,WorldOfCraft,Positive,• The wondrous views made of Draenor...,2025-10-14 08:51:01,2025-10-14 08:51:10,39
12647,WorldOfCraft,Positive,The plain land of Draenor...,2025-10-14 08:51:01,2025-10-14 08:51:10,28
12648,WorldOfCraft,Negative,Blizzard has been one of the worst companies in the video game industry of late. They continue to disappoint with the release of Warcraft 3: Reforged. Blizzard underdelivered in every category and continues to erode their credibility. traffic.libsyn.com/armstrongsmusi…,2025-10-14 08:51:01,2025-10-14 08:51:10,269
12648,WorldOfCraft,Negative,Blizzard has been one of the worst companies in the video game industry lately and continues to disappoint with the release of Warcraft 3: Reforged. Blizzard has performed worse in every category and continues to undermine its creditworthy. traffic.libsyn.com / armstrongsmusi...,2025-10-14 08:51:01,2025-10-14 08:51:10,279
12648,WorldOfCraft,Negative,Blizzard has been one of the worst companies in the video game industry in recent times. They continue to disappoint with the release of Warcraft 3: Reforged. Blizzard is underdelivered in all categories and continues to erode their creditworthiness. traffic.libsyn.com / armstrongbi...,2025-10-14 08:51:01,2025-10-14 08:51:10,286
12648,WorldOfCraft,Negative,Blizzard has been one of the worst influences in the fighting game culture of late. Bethesda continue to disappoint with the release of Warcraft 3: Reforged. Blizzard underdelivered in various category and continue to erode their credibility. traffic.libsyn.com/armstrongsmusi…,2025-10-14 08:51:01,2025-10-14 08:51:10,277
12648,WorldOfCraft,Negative,Blizzard has been one of apparently the two worst companies in the video game industry of late. They continue nothing to disappoint with preventing the release delay of Warcraft II 3 : Reforged. Blizzard underdelivered virtually in fact every category and continues it to erode their international credibility. traffic. libsyn. com / armstrongsmusi …,2025-10-14 08:51:01,2025-10-14 08:51:10,350
12648,WorldOfCraft,Negative,<unk> has been one near the worst companies in the video game industry of late. They struggled to compete with the medium but Warcraft 3: Reforged. Blizzard underdelivered in every category and continues to erode the valuation. traffic.libsyn.com/armstrongsmusi...,2025-10-14 08:51:01,2025-10-14 08:51:10,264
12650,WorldOfCraft,Neutral,"ONE HOUR AND SEVENTEEN MINUTES, KIDS! CONTAIN YOURSELVES!",2025-10-14 08:51:01,2025-10-14 08:51:10,59
12650,WorldOfCraft,Neutral,"ONE HOURS AND SEVENT MINUTES, CHILDREN! INCLUDE YOURSELF!",2025-10-14 08:51:01,2025-10-14 08:51:10,57
12650,WorldOfCraft,Neutral,"HE KHOUR AND SEVENTY MINUTES, KIDES!",2025-10-14 08:51:01,2025-10-14 08:51:10,36
12650,WorldOfCraft,Neutral,"ONE HOUR AND SEVENTEEN MINUTES, CLICK! CONTAIN THIS!",2025-10-14 08:51:01,2025-10-14 08:51:10,52
12650,WorldOfCraft,Neutral,"THE ONE TO HOUR AS AND SEVENTEEN IS MINUTES, NO KIDS! CONTAIN YOURSELVES!",2025-10-14 08:51:01,2025-10-14 08:51:10,73
12650,WorldOfCraft,Neutral,"ONE<unk> AND SEVENTEEN MINUTES, AND! AND YOURSELVES!",2025-10-14 08:51:01,2025-10-14 08:51:10,52
12651,WorldOfCraft,Negative,i always thought warcraft 3 was an ugly game and the remake is basically a high-res turd,2025-10-14 08:51:01,2025-10-14 08:51:10,88
12651,WorldOfCraft,Negative,I always thought Warcraft 3 was an ugly game and the remake is basically a high-definition game,2025-10-14 08:51:01,2025-10-14 08:51:10,95
12651,WorldOfCraft,Negative,i always thought warcraft 3 was an ugly game and the remake is basically a high-res turd,2025-10-14 08:51:01,2025-10-14 08:51:10,88
12651,WorldOfCraft,Negative,i do think warcraft 3 was an ugly game and the remake is basically a high-res turd,2025-10-14 08:51:02,2025-10-14 08:51:10,82
12651,WorldOfCraft,Negative,i d always thought warcraft 3 really was an ugly game before and now the remake is basically a high - res turd,2025-10-14 08:51:02,2025-10-14 08:51:10,110
12651,WorldOfCraft,Negative,i still thought warcraft 3 was awesome ugly game and the remake is basically a zero-res turd,2025-10-14 08:51:02,2025-10-14 08:51:10,92
12652,WorldOfCraft,Neutral,I just earned the [That's Val'sharah Folks!] Achievement!,2025-10-14 08:51:02,2025-10-14 08:51:10,59
12652,WorldOfCraft,Neutral,I just earned the [This is Val'sharah Folks!] performance!,2025-10-14 08:51:02,2025-10-14 08:51:10,58
12652,WorldOfCraft,Neutral,I just deserved [Это Валшара Фолкс!]!!!!!!!!!!!!!!!!!!!!!!!!!!!!!!!!!!!!!!!!!!!!!!!!!!!!!!!!!!!!!!!!!!!!!!!!!!!!!!!!!!!!!!!!!!!!!!!!!!!!!!!!!!!!!!!!!!!!!!!!!!!!!!!!!!!!!!!!!!!!!!!,2025-10-14 08:51:02,2025-10-14 08:51:10,179
12652,WorldOfCraft,Neutral,I just earned the [That's Val'sharah Folks!] Awards!,2025-10-14 08:51:02,2025-10-14 08:51:10,52
12652,WorldOfCraft,Neutral,... I finally just earned the [ Y That's Val'sharah Folks! ] Achievement!,2025-10-14 08:51:02,2025-10-14 08:51:10,73
12652,WorldOfCraft,Neutral,<unk> just earned the [That's Val'sharah Magazine!] Achievement!,2025-10-14 08:51:02,2025-10-14 08:51:10,64
12653,WorldOfCraft,Neutral,"I, EvaX, humbly submit a toast to Nicholas Alexander for successfully managing to pirate World of Warcraft III, so that he may play Defense of the Ancients. Congratulations Nick, enjoy your DOTA.",2025-10-14 08:51:02,2025-10-14 08:51:10,195
12653,WorldOfCraft,Neutral,"I, EvaX, humbly toast Nicholas Alexander, who managed to invade World of Warcraft III so he can play Defense of the Ancients. Congratulations Nick, have fun with your DOTA.",2025-10-14 08:51:02,2025-10-14 08:51:10,172
12653,WorldOfCraft,Neutral,"I, EvaX, humbly toast Nicholas Alexander for the successful piracy of World of Warcraft III so he can play Defense of the Ancients. Congratulations Nick, enjoy your DOTA.",2025-10-14 08:51:02,2025-10-14 08:51:10,170
12653,WorldOfCraft,Neutral,"I, EvaX, humbly submit a toast to Nicholas Alexander for successfully managing to pirate World of Warcraft III, so maybe he may play Defense against the Swarm. Hey Nick, enjoy your DOTA.",2025-10-14 08:51:02,2025-10-14 08:51:10,186
12653,WorldOfCraft,Neutral,"As I, EvaX, shall humbly submit a warm toast to Nicholas Alexander I for successfully just managing to pirate World of Warcraft III, pleasure so great that he may play Defense of One the Ancients. Congratulations Nick, enjoy following your DOTA.",2025-10-14 08:51:02,2025-10-14 08:51:10,245
12653,WorldOfCraft,Neutral,"fan, EvaX, humbly submit a toast on Nick Alexander for successfully managing to pirate World of Warcraft Online, so that he may play Defender of the Ancients. Congratulations Nick, enjoy your voyage.",2025-10-14 08:51:02,2025-10-14 08:51:10,199
12654,WorldOfCraft,Neutral,"Check out this item I just got! [Thunderfury, Blessed Blade of the Windseeker]",2025-10-14 08:51:02,2025-10-14 08:51:10,80
12654,WorldOfCraft,Neutral,"Look at this item I just got! [Thunderfuriy, Blessed Blade of the Windseeker]",2025-10-14 08:51:02,2025-10-14 08:51:10,77
12654,WorldOfCraft,Neutral,"Check out this item I just got! [ThunderFury, Blessed Blade of the Windseeker]",2025-10-14 08:51:02,2025-10-14 08:51:10,78
12654,WorldOfCraft,Neutral,"Check out this item he just got! [Thunderfury, Blessed Sword of the Windseeker]",2025-10-14 08:51:02,2025-10-14 08:51:10,79
12654,WorldOfCraft,Neutral,"Check me out this new item I just got! [ David Thunderfury, Blessed Blade King of the Windseeker ]",2025-10-14 08:51:02,2025-10-14 08:51:10,98
12654,WorldOfCraft,Neutral,"Check out this piece I just got! is, Blessed Blade of the Life]",2025-10-14 08:51:02,2025-10-14 08:51:10,63
12655,WorldOfCraft,Negative,I hated everything about this. . I just earned the [It's Not A Tumor!] Achievement!,2025-10-14 08:51:02,2025-10-14 08:51:10,85
12655,WorldOfCraft,Negative,I hated everything about it... I just earned the [It's Not A Tumor!] performance!,2025-10-14 08:51:02,2025-10-14 08:51:10,81
12655,WorldOfCraft,Negative,I hate everything that comes with it... I just earned that right!,2025-10-14 08:51:02,2025-10-14 08:51:10,65
12655,WorldOfCraft,Negative,I LOVE everything about this.. I just earned the [It's Not The Tumor!] Achievement!,2025-10-14 08:51:02,2025-10-14 08:51:10,83
12655,WorldOfCraft,Negative,But I hated everything about this.. But I... just earned the [ It's Not A Tumor! ] Youth Achievement!,2025-10-14 08:51:02,2025-10-14 08:51:10,101
12655,WorldOfCraft,Negative,I hated everything after this.. I just earned the I's Not Like Tumor!] Achievement!,2025-10-14 08:51:02,2025-10-14 08:51:10,83
12656,WorldOfCraft,Neutral,I just earned the [Mana Sponge] Achievement!,2025-10-14 08:51:02,2025-10-14 08:51:10,46
12656,WorldOfCraft,Neutral,I just earned the [mana sponge] performance!,2025-10-14 08:51:02,2025-10-14 08:51:10,44
12656,WorldOfCraft,Neutral,I just deserved [Mana Fage]!,2025-10-14 08:51:02,2025-10-14 08:51:10,28
12656,WorldOfCraft,Neutral,I have earned the [Mana Sponge] Achievement!,2025-10-14 08:51:02,2025-10-14 08:51:10,44
12656,WorldOfCraft,Neutral,I just earned the [ Princess Mana Sponge ] Superior Achievement!,2025-10-14 08:51:02,2025-10-14 08:51:10,64
12656,WorldOfCraft,Neutral,I just achieved the [Mana Sponge] Achievement!,2025-10-14 08:51:02,2025-10-14 08:51:10,46
12657,WorldOfCraft,Neutral,Check out this item I just got! [Reins of the Bone-White Primal Raptor],2025-10-14 08:51:02,2025-10-14 08:51:10,73
12657,WorldOfCraft,Neutral,Take a look at this article I just got! [Reins of the Bone-White Raptor],2025-10-14 08:51:02,2025-10-14 08:51:10,72
12657,WorldOfCraft,Neutral,Look at this item I just received! [Bone-white Primal Raptor],2025-10-14 08:51:02,2025-10-14 08:51:10,61
12657,WorldOfCraft,Neutral,Check out which item I just got! [Reins of the Post-White Primal Raptor],2025-10-14 08:51:02,2025-10-14 08:51:10,72
12657,WorldOfCraft,Neutral,Check it out this shoe item I just got! [ 7 Reins of the Bone - Old White Primal Raptor ],2025-10-14 08:51:02,2025-10-14 08:51:10,89
12657,WorldOfCraft,Neutral,Check out this item I just purchased! [Reins of another Bone-White Primal Model],2025-10-14 08:51:02,2025-10-14 08:51:10,80
12658,WorldOfCraft,Negative,"Probably not the first person to say this but, The video “That Time an Accidental Plague Nearly Killed Everyone in World of Warcraft” being in my suggestions is a little eerie .  @TodayIFoundOut1 @SimonWhistler",2025-10-14 08:51:02,2025-10-14 08:51:10,210
12658,WorldOfCraft,Negative,"Probably not the first person to say this, but the video \"Back then an accidental plague killed almost everyone in World of Warcraft,\" which is included in my suggestions, is a little creepy. @ TodayIFoundOut1 @ SimonWhistler",2025-10-14 08:51:02,2025-10-14 08:51:10,225
12658,WorldOfCraft,Negative,"Probably not the first to say this, but the video \"Then the random plague nearly killed everyone in World of Warcraft\" in my suggestions is a bit spooky. @ TodayIFoundOut1 @ SimonWhistler",2025-10-14 08:51:02,2025-10-14 08:51:10,187
12658,WorldOfCraft,Negative,"Probably not the first person to say this but, that video “That Time an Accidental Plague Nearly Killed Everyone Of World of Warcraft” being in my suggestions is a little eerie itself <unk> @TodayIFoundOut1",2025-10-14 08:51:02,2025-10-14 08:51:10,206
12658,WorldOfCraft,Negative,"Probably not really the wrong first person ever to say this but, The video “ That Time of an Accidental Plague Nearly been Killed and Everyone in World of Fantasy Warcraft ” being told in all my suggestions is a warm little eerie. @TodayIFoundOut1 @SimonWhistler",2025-10-14 08:51:02,2025-10-14 08:51:10,262
12658,WorldOfCraft,Negative,"never been the first person to enjoy this but, The video “That Time an Accidental Plague Nearly Killed Willow in World of Warcraft” being made my home is that little eerie. @TodayIFoundOut1 @SimonWhistler",2025-10-14 08:51:02,2025-10-14 08:51:10,204
12659,WorldOfCraft,Positive,Very cool!,2025-10-14 08:51:02,2025-10-14 08:51:10,10
12659,WorldOfCraft,Positive,Very cool!,2025-10-14 08:51:02,2025-10-14 08:51:10,10
12659,WorldOfCraft,Positive,Very cool!,2025-10-14 08:51:02,2025-10-14 08:51:10,10
12659,WorldOfCraft,Positive,Very cute!,2025-10-14 08:51:02,2025-10-14 08:51:10,10
12659,WorldOfCraft,Positive,a Very cool!,2025-10-14 08:51:02,2025-10-14 08:51:10,12
12659,WorldOfCraft,Positive,Very Much!,2025-10-14 08:51:02,2025-10-14 08:51:10,10
12660,WorldOfCraft,Irrelevant,"This is a really cool read, and is a great example of why I’m a gamer. Gaming can delve into so many social, economic, and biological issues and people don’t even realize it. Even some companies use VR for trainings now.",2025-10-14 08:51:02,2025-10-14 08:51:10,220
12660,WorldOfCraft,Irrelevant,"This is a really cool read and a great example of why I'm a gamer. Gaming can delve into so many social, economic and biological topics, and people don't even realize it. Even some companies are using VR for training today.",2025-10-14 08:51:02,2025-10-14 08:51:10,223
12660,WorldOfCraft,Irrelevant,"It's really cool reading, and it's a great example of why I'm a gamer. Gambling can delve into so many social, economic, and biological issues, and people don't even realize it.",2025-10-14 08:51:02,2025-10-14 08:51:10,177
12660,WorldOfCraft,Irrelevant,"This is a really cool read, and is a great example of why I’m a game. Gaming can delve into such vastly social, economic, and biological issues and sometimes dont even realize it. Even some companies use VR for trainings now.",2025-10-14 08:51:02,2025-10-14 08:51:10,225
12660,WorldOfCraft,Irrelevant,"This is a really cool read, and is a great new example of why I ’ about m a gamer. Gaming can automatically delve into so many everyday social, economic, philosophical and biological related issues and most people don ’ and t even realize it. Even some technology companies use their VR for trainings now.",2025-10-14 08:51:02,2025-10-14 08:51:10,305
12660,WorldOfCraft,Irrelevant,"This is totally really cool read, and is definitely great example of why I’m a gamer. Media can delve into so many social, medical, and biological issues and people rarely even realize it. Actually some trainers use VR for trainings than.",2025-10-14 08:51:02,2025-10-14 08:51:10,238
12661,WorldOfCraft,Positive,A successful pet battling day culminating in a successful pet battle against this lovely Panda,2025-10-14 08:51:02,2025-10-14 08:51:10,96
12661,WorldOfCraft,Positive,A successful pet fight day culminating in a successful pet fight against this adorable panda,2025-10-14 08:51:02,2025-10-14 08:51:10,92
12661,WorldOfCraft,Positive,Successful day of pet battle with this beautiful panda,2025-10-14 08:51:02,2025-10-14 08:51:10,54
12661,WorldOfCraft,Positive,A successful pet battling day culminating in a successful pet battle at this lovely Panda,2025-10-14 08:51:02,2025-10-14 08:51:10,89
12661,WorldOfCraft,Positive,A successful family pet battling day is culminating in a short successful pet battle against this lovely Panda,2025-10-14 08:51:02,2025-10-14 08:51:10,110
12661,WorldOfCraft,Positive,A successful pet battling day culminating in ongoing successful pet battle featuring this lovely Panda,2025-10-14 08:51:02,2025-10-14 08:51:10,102
12662,WorldOfCraft,Positive,"On July 30th, myself and 2 of my friends started our journey on Classic. Today, we hit 40! Honestly it's been a really fun journey and let's be honest Night elf's have the best mounts even tho i love horde. @Warcraft pic.twitter.com/QCGZmervSR",2025-10-14 08:51:02,2025-10-14 08:51:10,243
12662,WorldOfCraft,Positive,"On July 30, me and two of my friends went on the classic journey. Today, we're turning 40! Honestly, it was a really fun journey, and let's face it, night elves have the best mounts, even though I love Horde. @ Warcraft pic.twitter.com / QCGZmervSR",2025-10-14 08:51:02,2025-10-14 08:51:10,248
12662,WorldOfCraft,Positive,"On July 30, I and two friends went on a Classic trip. Today we turned 40! Honestly, it was a really fun trip, and let's be honest, we have the best mountains, even if I love the Horde. @ Warcraft pic.fm / QCGZmervSR",2025-10-14 08:51:02,2025-10-14 08:51:10,215
12662,WorldOfCraft,Positive,"On July 30th, myself and 2 of my friends started our journey on Classic. Today, we hit 40! Honestly it's been a really fun journey and let's be honest Night elf's have the best mounts even tho i love horde. RhandlerR pic.twitter.com/QCGZmervSR",2025-10-14 08:51:02,2025-10-14 08:51:10,243
12662,WorldOfCraft,Positive,"H On July 30th, myself and 2 of my friends started our journey on Classic. Today, we hit 40! Honestly it's been a really fun journey and let's be honest Night elf's have the best mounts even tho i love horde. RhandlerR pic.twitter.com/QCGZmervSR",2025-10-14 08:51:02,2025-10-14 08:51:10,245
12662,WorldOfCraft,Positive,<unk>,2025-10-14 08:51:02,2025-10-14 08:51:10,5
12663,WorldOfCraft,Negative,@Blizzard_Ent  help me change my phone no and remove authenticator. So annoying cannot even do anything...I NEED TO FUCKING PLAY WARCRAFT III REFORGE GOD DAMN IT!!!!!!!!!!!!!!!,2025-10-14 08:51:02,2025-10-14 08:51:10,176
12663,WorldOfCraft,Negative,@ Blizzard _ Ent helps me change my mobile phone number and remove the authentication code. So annoying can't even do anything... I MUST FICKING PLAY WARCRAFT III REFORGE GOD DAMN IT!!!!!!!!!!!!!!!!!!!,2025-10-14 08:51:02,2025-10-14 08:51:10,201
12663,WorldOfCraft,Negative,@ Blizzard _ Ent help me change my phone no and remove authenticator. So annoying can even do anything... I NEED TO FUCKING PLAY WARCRAFT III REFORGE GOD DAMN IT!!!!!!!!!!!!!!!!!!,2025-10-14 08:51:02,2025-10-14 08:51:10,179
12663,WorldOfCraft,Negative,@Blizzard_Ent  help me change my password no problem remove authenticator. So annoying cannot even do anything...I NEED I REALLY PLAY WARCRAFT III REFORGE GOD DAMN IT!!!!!!!!!!!!!!!,2025-10-14 08:51:02,2025-10-14 08:51:10,181
12663,WorldOfCraft,Negative,@Blizzard_Ent to help me change my Smart phone no 10 and remove authenticator.... So is annoying she cannot even do anything... I I NEED TO a FUCKING PLAY WARCRAFT III REFORGE AND GOD DAMN AT IT!!!!!!!!!!!!!!!,2025-10-14 08:51:02,2025-10-14 08:51:10,209
12663,WorldOfCraft,Negative,@Blizzard_Ent help me let my phone no and remove authenticator. So You cannot even fix that...I NEED TO MUST PLAY WARCRAFT III AT GOD FOR IT!!!!!!!!!!!!!!!,2025-10-14 08:51:02,2025-10-14 08:51:10,155
12664,WorldOfCraft,Neutral,I just earned the [Can't Stop Won't Stop] Achievement!,2025-10-14 08:51:02,2025-10-14 08:51:10,56
12664,WorldOfCraft,Neutral,I just earned the [Can't Stop Won't Stop] achievement!,2025-10-14 08:51:02,2025-10-14 08:51:10,54
12664,WorldOfCraft,Neutral,I've just won the [Can't Stop Won't Stop] award.,2025-10-14 08:51:02,2025-10-14 08:51:10,48
12664,WorldOfCraft,Neutral,I ve earned the [Can't Stop Won't Stop] Achievement!,2025-10-14 08:51:02,2025-10-14 08:51:10,52
12664,WorldOfCraft,Neutral,I just earned the [ We Can't Stop Won'A t Even Stop ] Achievement!,2025-10-14 08:51:02,2025-10-14 08:51:10,66
12664,WorldOfCraft,Neutral,they had earned the [Can't Stop Won't Stop] Achievement!,2025-10-14 08:51:02,2025-10-14 08:51:10,56
12665,WorldOfCraft,Neutral,I just earned the [Horrific Vision of Orgimmar] Achievement!,2025-10-14 08:51:02,2025-10-14 08:51:10,62
12665,WorldOfCraft,Neutral,I just earned the [Horrific Vision of Orgimmar] Achievement!,2025-10-14 08:51:02,2025-10-14 08:51:10,60
12665,WorldOfCraft,Neutral,I just deserved [The Horrible Bosses]!,2025-10-14 08:51:02,2025-10-14 08:51:10,38
12665,WorldOfCraft,Neutral,I just earned the [Horrific Vision of Courage] Achievement!,2025-10-14 08:51:02,2025-10-14 08:51:10,59
12665,WorldOfCraft,Neutral,I finally just earned him the [ Horrific High Vision of Orgimmar ] Achievement!,2025-10-14 08:51:02,2025-10-14 08:51:10,79
12665,WorldOfCraft,Neutral,actually just earned your [Horrific Vision of Orgimmar] Achievement!,2025-10-14 08:51:02,2025-10-14 08:51:10,68
12667,WorldOfCraft,Neutral,I just earned the [Brutally Dedicated] Achievement!,2025-10-14 08:51:02,2025-10-14 08:51:10,53
12667,WorldOfCraft,Neutral,I've just earned the [brutally committed] performance!,2025-10-14 08:51:02,2025-10-14 08:51:10,54
12667,WorldOfCraft,Neutral,I've just earned this title!,2025-10-14 08:51:02,2025-10-14 08:51:10,28
12667,WorldOfCraft,Neutral,I just earned your [Brutally Dedicated] Achievement!,2025-10-14 08:51:02,2025-10-14 08:51:10,52
12667,WorldOfCraft,Neutral,I probably just earned the [... Brutally Dedicated ] Achievement!,2025-10-14 08:51:02,2025-10-14 08:51:10,65
12667,WorldOfCraft,Neutral,certainly just earned the [Brutally Speaking] Achievement!,2025-10-14 08:51:02,2025-10-14 08:51:10,58
12668,WorldOfCraft,Negative,Oh fuck you,2025-10-14 08:51:02,2025-10-14 08:51:10,11
12668,WorldOfCraft,Negative,Oh fuck you,2025-10-14 08:51:02,2025-10-14 08:51:10,11
12668,WorldOfCraft,Negative,Oh fuck you,2025-10-14 08:51:02,2025-10-14 08:51:10,11
12668,WorldOfCraft,Negative,Oh fuck …,2025-10-14 08:51:02,2025-10-14 08:51:10,9
12668,WorldOfCraft,Negative,Oh God fuck you,2025-10-14 08:51:02,2025-10-14 08:51:10,15
12668,WorldOfCraft,Negative,God fuck you,2025-10-14 08:51:02,2025-10-14 08:51:10,12
12669,WorldOfCraft,Neutral,I just earned the [The Even More Horrific Vision of Orgrimmar] Achievement!,2025-10-14 08:51:02,2025-10-14 08:51:10,77
12669,WorldOfCraft,Neutral,I just earned the [The More Terrible Vision of Orgrimmar] achievement!,2025-10-14 08:51:02,2025-10-14 08:51:10,70
12669,WorldOfCraft,Neutral,I just deserved [an even more horrific vision of Orgriard]!,2025-10-14 08:51:02,2025-10-14 08:51:10,59
12669,WorldOfCraft,Neutral,I just earned the Sixth Even More Horrific Vision of Orgrimmar] Achievement!,2025-10-14 08:51:02,2025-10-14 08:51:10,76
12669,WorldOfCraft,Neutral,I ve just earned the [ The Even More Than Horrific Vision of King Orgrimmar ] Achievement!,2025-10-14 08:51:02,2025-10-14 08:51:10,90
12669,WorldOfCraft,Neutral,I just celebrated “ my Even More Horrific Vision of Orgrimmar] Achievement!,2025-10-14 08:51:02,2025-10-14 08:51:10,75
12670,WorldOfCraft,Irrelevant,"Ways my bf got mad at me;. 1. wanting coffee. 2. not telling him I rebought Wario Ware Smooth Moves and other video games. . eh, but I still love him",2025-10-14 08:51:02,2025-10-14 08:51:10,149
12670,WorldOfCraft,Irrelevant,"How my boyfriend got mad at me;.. 1. wanted coffee; 2. didn't tell him I'd bought back Wario merchandise Smooth Moves and other video games.. eh, but I still love him",2025-10-14 08:51:02,2025-10-14 08:51:10,166
12670,WorldOfCraft,Irrelevant,"Waiting for my bf to get angry at me;. wants coffee... not telling him I've bought Wario Smooth Moves and other video games... er, but I still love it",2025-10-14 08:51:02,2025-10-14 08:51:10,150
12670,WorldOfCraft,Irrelevant,"Ways my bf got mad at me;. 1. wanting coffee. 2. not showing him I rebought Wario Ware Smooth ie and other video shooters.. eh, but I still love him",2025-10-14 08:51:02,2025-10-14 08:51:10,148
12670,WorldOfCraft,Irrelevant,"12 Ways my bf got mad at me ;. 1. just wanting a coffee. 2. not telling him I rebought Wario Ware for Smooth Moves Adventures and other video board games.. eh, yes but I just still love getting him",2025-10-14 08:51:02,2025-10-14 08:51:10,197
12670,WorldOfCraft,Irrelevant,"Ways my bf got mad at himself;. 1. wanting 2. 2. not liking him having rebought Wario Ware Smooth Moves and other video tools.. eh, but and still love a",2025-10-14 08:51:02,2025-10-14 08:51:10,152
12671,WorldOfCraft,Neutral,I just earned the [Heroic: Valiona and Theralion] Achievement!,2025-10-14 08:51:02,2025-10-14 08:51:10,64
12671,WorldOfCraft,Neutral,I just earned the [heroic: Valiona and Theralion] performance!,2025-10-14 08:51:02,2025-10-14 08:51:10,62
12671,WorldOfCraft,Neutral,I just deserved [Heroic: Valion and Theralion]!,2025-10-14 08:51:02,2025-10-14 08:51:10,47
12671,WorldOfCraft,Neutral,I just earned the [Heroic: Valiona and Theralion] award!,2025-10-14 08:51:02,2025-10-14 08:51:10,56
12671,WorldOfCraft,Neutral,I totally just earned yourself the [ Heroic : between Valiona and Theralion ] Achievement!,2025-10-14 08:51:02,2025-10-14 08:51:10,90
12671,WorldOfCraft,Neutral,you just earned the [Heroic: Valiona and I] Achievement!,2025-10-14 08:51:02,2025-10-14 08:51:10,56
12672,WorldOfCraft,Irrelevant,Why is Gamescom giving out awards now? I checked out lik 20 minutes ago. They really lost me after that World of Warcraft thing.,2025-10-14 08:51:02,2025-10-14 08:51:10,128
12672,WorldOfCraft,Irrelevant,"Why is Gamescom awarding awards right now? I watched it 20 minutes ago, and they really lost me after this World of Warcraft thing.",2025-10-14 08:51:02,2025-10-14 08:51:10,131
12672,WorldOfCraft,Irrelevant,Why is Gamescom giving out awards now? I checked lik 20 minutes ago. They really lost me after this World of Warcraft thing.,2025-10-14 08:51:02,2025-10-14 08:51:10,124
12672,WorldOfCraft,Irrelevant,Why do Gamescom giving out awards now? I checked out almost 20 minutes ago. They really lost me after that World of Warcraft thing.,2025-10-14 08:51:02,2025-10-14 08:51:10,131
12672,WorldOfCraft,Irrelevant,Why is Gamescom giving out awards now? I checked the out i lik 20 minutes ago. 11 They really had lost me after all that World of Warcraft adventure thing.,2025-10-14 08:51:02,2025-10-14 08:51:10,155
12672,WorldOfCraft,Irrelevant,Why is Gamescom pulling out awards now? I checked and lik 20 minutes ago. They really lost focus after that World of Wonder thing.,2025-10-14 08:51:02,2025-10-14 08:51:10,130
12673,WorldOfCraft,Positive,"Ooooh yeah, just fully completed the brawlers guild this season and got Bruce, the most awesome armored Croc!",2025-10-14 08:51:02,2025-10-14 08:51:10,111
12673,WorldOfCraft,Positive,"Ooooh yeah, I just finished the brawling guild this season and Bruce got the greatest armored Croc!",2025-10-14 08:51:02,2025-10-14 08:51:10,99
12673,WorldOfCraft,Positive,"Oooh, just completed the guild of dragons this season and got Bruce, the most horrible battleship Crocs!",2025-10-14 08:51:02,2025-10-14 08:51:10,104
12673,WorldOfCraft,Positive,"Ooooh yeah, just fully learned the brawlers guild this season has got Bruce, the most awesome armored Croc!",2025-10-14 08:51:02,2025-10-14 08:51:10,107
12673,WorldOfCraft,Positive,"Ooooh yeah, Bruce just fully successfully completed fighting the brawlers guild this season and got Bruce, the most incredibly awesome armored Big Croc!",2025-10-14 08:51:02,2025-10-14 08:51:10,152
12673,WorldOfCraft,Positive,"Ooooh yeah, just fully completed the evil guild this season and got Bruce, the infamous hideous armored Croc!",2025-10-14 08:51:02,2025-10-14 08:51:10,109
12674,WorldOfCraft,Positive,"HAHA! If the whirlwind on this boss fight doesn't kill the adds, it makes them naked cuz their armor is getting destroyed... Never noticed that before. That was a good laugh (does kill them in the next one).",2025-10-14 08:51:02,2025-10-14 08:51:10,209
12674,WorldOfCraft,Positive,"HAHA! If the whirlwind doesn't kill the addicts in this boss fight, it will make them naked because their armor will be destroyed... Never noticed before. That was a good laugh (kill them in the next one).",2025-10-14 08:51:02,2025-10-14 08:51:10,205
12674,WorldOfCraft,Positive,"HAHA! If the vortex on this boss doesn't kill the additives, he makes them bare because their armor is breaking down... Never noticed it before. It was a good laugh (really kills them next time).",2025-10-14 08:51:02,2025-10-14 08:51:10,195
12674,WorldOfCraft,Positive,"HAHA! If the whirlwind on this boss fight doesn't kill the adds, it makes them suffer cuz their armor is getting cold never noticed that before. That was a good laugh (does kill them at the next one).",2025-10-14 08:51:02,2025-10-14 08:51:10,200
12674,WorldOfCraft,Positive,"HAHA! If losing the whirlwind on this next boss monkey fight doesn'a t kill the adds, it sure makes them naked up cuz their armor is getting destroyed... Never had noticed al that before. That was just a good laugh ( does kill them in only the next one ).",2025-10-14 08:51:02,2025-10-14 08:51:10,255
12674,WorldOfCraft,Positive,"HAHA! Why the whirlwind on this boss fight doesn't kill the boys, it has them naked cuz their armor was getting destroyed... Never done that yet. They was a good laugh (does kill them in the boss one).",2025-10-14 08:51:02,2025-10-14 08:51:10,201
12675,WorldOfCraft,Neutral,Bitch thats a wisp from warcraft 3,2025-10-14 08:51:02,2025-10-14 08:51:10,34
12675,WorldOfCraft,Neutral,"Bitch, this is a nonsense from Warcraft 3",2025-10-14 08:51:02,2025-10-14 08:51:10,41
12675,WorldOfCraft,Neutral,Bitch thats a wisp from warcraft 3,2025-10-14 08:51:02,2025-10-14 08:51:10,34
12675,WorldOfCraft,Neutral,Bitch thats a wisp from # 3,2025-10-14 08:51:02,2025-10-14 08:51:10,27
12675,WorldOfCraft,Neutral,Which Bitch thats a little wisp from warcraft 3,2025-10-14 08:51:02,2025-10-14 08:51:10,47
12675,WorldOfCraft,Neutral,Bitch thats a wisp old warcraft 3,2025-10-14 08:51:02,2025-10-14 08:51:10,33
12676,WorldOfCraft,Positive,What a lovely day in Stormwind!f.,2025-10-14 08:51:02,2025-10-14 08:51:10,36
12676,WorldOfCraft,Positive,What a beautiful day in gale force winds!,2025-10-14 08:51:02,2025-10-14 08:51:10,41
12676,WorldOfCraft,Positive,What a beautiful day in the gale-force winds!,2025-10-14 08:51:02,2025-10-14 08:51:10,45
12676,WorldOfCraft,Positive,What is lovely day in Stormwind!f.,2025-10-14 08:51:02,2025-10-14 08:51:10,34
12676,WorldOfCraft,Positive,What happened a lovely day in Stormwind! Now f.,2025-10-14 08:51:02,2025-10-14 08:51:10,47
12676,WorldOfCraft,Positive,had a lovely day in Stormwind!f.,2025-10-14 08:51:02,2025-10-14 08:51:10,32
12677,WorldOfCraft,Positive,Shout-out to my mom for being selfish and not carrying me a measley 2 months extra so that I could exist in the World of Warcraft universe . . So much for me being the favorite child!!,2025-10-14 08:51:02,2025-10-14 08:51:10,184
12677,WorldOfCraft,Positive,Shout out to my mom for being selfish and not carrying me for a few more measly 2 months so I can exist in the World of Warcraft universe. So much for me being the favorite child!!,2025-10-14 08:51:02,2025-10-14 08:51:10,180
12677,WorldOfCraft,Positive,Shout out to my mom for being selfish and not giving me an extra 2 months to live in the World of Warcraft universe... So much for me as a beloved child!!,2025-10-14 08:51:02,2025-10-14 08:51:10,154
12677,WorldOfCraft,Positive,Shout-out to my mom for being selfish and not carrying on one measley 2 months extra so that I could exist in the Universe of Warcraft..... So much for me being the favorite child!!,2025-10-14 08:51:02,2025-10-14 08:51:10,181
12677,WorldOfCraft,Positive,Shout - out to my mom for just being selfish and not exactly carrying me a full measley or 2 months extra time so that I too could exist in the World of Warcraft universe.. So much thanks for me being the your favorite poster child!!,2025-10-14 08:51:02,2025-10-14 08:51:10,233
12677,WorldOfCraft,Positive,Shout-out to my dad for super awesome and not carrying me a measley 2 months before so that I could exist in this World of Warcraft universe.. So much on me being the favorite child!!,2025-10-14 08:51:02,2025-10-14 08:51:10,183
12678,WorldOfCraft,Positive,little over a week .  thanks to World of Warcraft and coffee,2025-10-14 08:51:02,2025-10-14 08:51:10,60
12678,WorldOfCraft,Positive,little more than a week. Thanks to World of Warcraft and coffee,2025-10-14 08:51:02,2025-10-14 08:51:10,63
12678,WorldOfCraft,Positive,A little more than a week.,2025-10-14 08:51:02,2025-10-14 08:51:10,26
12678,WorldOfCraft,Positive,little bits a week.  thanks to World of Warcraft and coffee,2025-10-14 08:51:02,2025-10-14 08:51:10,59
12678,WorldOfCraft,Positive,little over into a long week. thanks to World of Warcraft and coffee,2025-10-14 08:51:02,2025-10-14 08:51:10,68
12678,WorldOfCraft,Positive,little start of week. thanks to World of Warcraft and coffee,2025-10-14 08:51:02,2025-10-14 08:51:10,60
12679,WorldOfCraft,Neutral,My main on @Warcraft looking like a baddie 🧝. ‍.,2025-10-14 08:51:02,2025-10-14 08:51:10,49
12679,WorldOfCraft,Neutral,My main on @ Warcraft looks like a villain.,2025-10-14 08:51:02,2025-10-14 08:51:10,43
12679,WorldOfCraft,Neutral,My main on @ Warcraft looking like a baddie.,2025-10-14 08:51:02,2025-10-14 08:51:10,44
12679,WorldOfCraft,Neutral,My job on @Warcraft looking like a baddie 🧝. ‍.,2025-10-14 08:51:02,2025-10-14 08:51:10,47
12679,WorldOfCraft,Neutral,My main contacts on @Warcraft are looking like a baddie here [UNK]..,2025-10-14 08:51:02,2025-10-14 08:51:10,68
12679,WorldOfCraft,Neutral,My main on @Warcraft much like my baddie <unk>..,2025-10-14 08:51:02,2025-10-14 08:51:10,48
12680,WorldOfCraft,Positive,Very excited for the Warcraft 3 Reforged release. @Blizzard_Ent . . news.blizzard.com/en-us/warcraft…,2025-10-14 08:51:02,2025-10-14 08:51:10,101
12680,WorldOfCraft,Positive,Very excited about the release of Warcraft 3 Reforged. @ Blizzard _ Ent. news.blizzard.com / en-us / warcraft...,2025-10-14 08:51:02,2025-10-14 08:51:10,112
12680,WorldOfCraft,Positive,Very excited about the release of Warcraft 3 Reform. @ Blizzard _ Ent.. news.blizzard.com / en-us / warcraft...,2025-10-14 08:51:02,2025-10-14 08:51:10,111
12680,WorldOfCraft,Positive,Very exciting for the Warcraft 3 alpha beta. @Blizzard_Ent.. news.blizzard.com/en-us/warcraft…,2025-10-14 08:51:02,2025-10-14 08:51:10,94
12680,WorldOfCraft,Positive,Very freaking excited for the Warcraft 3 Online Reforged release. @Blizzard_Ent.. news. www blizzard. that com / pages en - from us / warcraft …,2025-10-14 08:51:02,2025-10-14 08:51:10,144
12680,WorldOfCraft,Positive,be soon into the Warcraft 3 official release. M.. news.blizzard.com/en-us/warcraft...,2025-10-14 08:51:02,2025-10-14 08:51:10,85
12681,WorldOfCraft,Positive,Good Job @Blizzard_Ent .  @BlizzLatAm @Warcraft pic.twitter.com/zyoT3FLEn0,2025-10-14 08:51:02,2025-10-14 08:51:10,74
12681,WorldOfCraft,Positive,Good job @ Blizzard _ Ent. @ BlizzLatAm @ Warcraft pic.twitter.com / zyoT3FLEn0,2025-10-14 08:51:02,2025-10-14 08:51:10,79
12681,WorldOfCraft,Positive,Good afternoon @ Blizzard _ Ent. @ BlizzLatAm @ Warcraft pic.fm / zyoT3En0,2025-10-14 08:51:02,2025-10-14 08:51:10,74
12681,WorldOfCraft,Positive,Good Job RhandlerR .  RhandlerR RhandlerR pic.twitter.com/zyoT3FLEn0,2025-10-14 08:51:02,2025-10-14 08:51:10,68
12681,WorldOfCraft,Positive,• Good Job RhandlerR .  RhandlerR RhandlerR pic.twitter.com/zyoT3FLEn0,2025-10-14 08:51:02,2025-10-14 08:51:10,70
12681,WorldOfCraft,Positive,is,2025-10-14 08:51:02,2025-10-14 08:51:10,2
12682,WorldOfCraft,Negative,Dang Blizzard. So many complaints about the newly released Warcraft 3 on Reddit. I suggest you look on there since everyone wants a refund. No UI changes? 2018 demo looks better than the actual release? Glad I didn’t buy it!,2025-10-14 08:51:02,2025-10-14 08:51:10,226
12682,WorldOfCraft,Negative,"Dang Blizzard. So many complaints about the newly released Warcraft 3 on Reddit. I suggest you drop by because everyone wants a refund. No user interface changes? 2018 demo looks better than the actual release? Well, I didn't buy it!",2025-10-14 08:51:02,2025-10-14 08:51:10,233
12682,WorldOfCraft,Negative,Dang Blizzard. So many complaints about the recently released Warcraft 3 on Reddit. I suggest you look at it because everyone wants a refund.,2025-10-14 08:51:02,2025-10-14 08:51:10,141
12682,WorldOfCraft,Negative,Dang Blizzard. So many complaints about the freshly released Warcraft 3 on Reddit. I suggest you look over it since everyone wants a refund. No large changes? 2018 demo looks better than the actual release? Glad fans didn’t buy it!,2025-10-14 08:51:02,2025-10-14 08:51:10,231
12682,WorldOfCraft,Negative,Now Dang that Blizzard. So many complaints about the newly released Warcraft 3 on the Reddit. I suggest you all look on there since everyone already wants a massive refund. No UI changes? Your 2018 demo looks better than the actual release? Glad I probably didn ’ t sooner buy out it!,2025-10-14 08:51:02,2025-10-14 08:51:10,284
12682,WorldOfCraft,Negative,Dang you. So many complaints against the final released Warcraft 3 on Reddit. I suggest you look on there since everyone wants a refund. No image changes? 2018 only looks cooler than the actual release? Glad I didn’t see what!,2025-10-14 08:51:02,2025-10-14 08:51:10,226
12683,WorldOfCraft,Neutral,I just earned the [Quintessential Quintet] Achievement!,2025-10-14 08:51:02,2025-10-14 08:51:10,57
12683,WorldOfCraft,Neutral,I just earned the [quintessential quintet] performance!,2025-10-14 08:51:02,2025-10-14 08:51:10,55
12683,WorldOfCraft,Neutral,I just deserved [the quintet]!,2025-10-14 08:51:02,2025-10-14 08:51:10,30
12683,WorldOfCraft,Neutral,I just earned the first Quintet] Achievement!,2025-10-14 08:51:02,2025-10-14 08:51:10,45
12683,WorldOfCraft,Neutral,I just just just earned the [ sic Quintessential Quintet ] Achievement!,2025-10-14 08:51:02,2025-10-14 08:51:10,71
12683,WorldOfCraft,Neutral,I just earned the [Quintessential Family] Achievement!,2025-10-14 08:51:02,2025-10-14 08:51:10,54
12684,WorldOfCraft,Negative,Warcraft 3 Reforged released and was met with lots of negative feedback. So much so it scored 0.5 on Metacritic. What happened? We talk all about the situation: youtu.be/eu4VbQJamLY https://t.co/t170YdwSY4,2025-10-14 08:51:02,2025-10-14 08:51:10,205
12684,WorldOfCraft,Negative,Warcraft 3 Reforged was released and received a lot of negative feedback. So much so that it got 0.5 points on Metacritic. What happened? We talk all about the situation: youtu.be / eu4VbQJamLY https: / / t.co / t170YdwSY4,2025-10-14 08:51:02,2025-10-14 08:51:10,222
12684,WorldOfCraft,Negative,What happened? We're all talking about the situation: youtu.be / eu4VbQJamLY https: / / co / t170YdwSY4,2025-10-14 08:51:02,2025-10-14 08:51:10,103
12684,WorldOfCraft,Negative,Warcraft 3 Reforged released and was met with lot of negative feedback. So much dissatisfaction it scored 6.5 on Metacritic. What now? We talk all through the situation: youtu.be/eu4VbQJamLY https://t.co/t170YdwSY4],2025-10-14 08:51:02,2025-10-14 08:51:10,215
12684,WorldOfCraft,Negative,My Warcraft 3 − Reforged released and was met with lots of negative positive feedback. So so much so it later scored 0. 5 on the Metacritic. What happened? ² We talk all about and the overall situation : youtu. be / eu4VbQJamLY w https://t.co/t170YdwSY4 ],2025-10-14 08:51:02,2025-10-14 08:51:10,255
12684,WorldOfCraft,Negative,Warcraft 0 Reforged released and was met with lots of lukewarm feedback. So enough so 3 scored an.5 on Metacritic. What happened? you learned all about the situation: youtu.be/eu4VbQJamLY and],2025-10-14 08:51:02,2025-10-14 08:51:10,192
12685,WorldOfCraft,Negative,This is fucking terrible. Mail once again gets a set that matches neither class and looks like dogshit. I sometimes feel bad for them then i remeber they play loser classes,2025-10-14 08:51:02,2025-10-14 08:51:10,172
12685,WorldOfCraft,Negative,"This is damn horrible. Mail gets another set that doesn't match either class and looks like dogshit. Sometimes I feel bad for them, then I realize that they are playing losing classes.",2025-10-14 08:51:02,2025-10-14 08:51:10,184
12685,WorldOfCraft,Negative,This is fucking terrible. Mail once again gets a set that matches neither class and looks like dogshit. I sometimes feel bad for them then i reeber they play loser classes,2025-10-14 08:51:02,2025-10-14 08:51:10,171
12685,WorldOfCraft,Negative,This is fucking terrible. Mail once again gets card set that matches neither class and looks like dogshit. I always make bad for them then i remeber they play loser classes,2025-10-14 08:51:02,2025-10-14 08:51:10,172
12685,WorldOfCraft,Negative,This is fucking terrible. Mail man once again gets a set that matches neither class correctly and looks like dogshit. Still I can sometimes secretly feel bad for watching them but then i remeber they play loser classes,2025-10-14 08:51:02,2025-10-14 08:51:10,218
12685,WorldOfCraft,Negative,This is all terrible. Mail once again gets a program that matches neither class and looks like dogshit. I could feel sympathy for everyone then i remeber they play loser classes,2025-10-14 08:51:02,2025-10-14 08:51:10,177
12686,WorldOfCraft,Neutral,I just earned the [Ahead of the Curve: N'Zoth the Corruptor] Achievement!,2025-10-14 08:51:02,2025-10-14 08:51:10,75
12686,WorldOfCraft,Neutral,I just earned the [Ahead of the Curve: N'Zoth the Corruptor] performance!,2025-10-14 08:51:02,2025-10-14 08:51:10,73
12686,WorldOfCraft,Neutral,I've just earned the title [head of curve: N'Zoth the Corruptor]!,2025-10-14 08:51:02,2025-10-14 08:51:10,65
12686,WorldOfCraft,Neutral,I just earned an [Ahead of the Contest: N'Zoth the Corruptor] Achievement!,2025-10-14 08:51:02,2025-10-14 08:51:10,74
12686,WorldOfCraft,Neutral,I may just have earned myself the [ Ahead of the Curve : N'Zoth the Corporate Corruptor ] Achievement!,2025-10-14 08:51:02,2025-10-14 08:51:10,102
12686,WorldOfCraft,Neutral,I always had the [Ahead<unk> the Curve: N'Zoth the Corruptor] Achievement!,2025-10-14 08:51:02,2025-10-14 08:51:10,74
12687,WorldOfCraft,Positive,OMG OMG OMG OMG OMG OMG OMG!!!!!!!. . I just earned the [Invincible's Reins] Achievement!,2025-10-14 08:51:02,2025-10-14 08:51:10,91
12687,WorldOfCraft,Positive,OMG OMG OMG OMG OMG OMG!!!!!!!... I just earned the [invincible reins]!,2025-10-14 08:51:02,2025-10-14 08:51:10,71
12687,WorldOfCraft,Positive,OMG OMG OMG OMG OMG OMG!!!!!!!.,2025-10-14 08:51:02,2025-10-14 08:51:10,31
12687,WorldOfCraft,Positive,OMG OMG I OMG OMG OMG OMG!!!!!!!.. I just launched the [Invincible's Reins] Achievement!,2025-10-14 08:51:02,2025-10-14 08:51:10,88
12687,WorldOfCraft,Positive,OMG OMG OMG OMG NO OMG O OMG OMG!!!!!!!.. because I has just earned all the [ the Invincible '... s Reins ] Achievement!,2025-10-14 08:51:02,2025-10-14 08:51:10,120
12687,WorldOfCraft,Positive,OMG OMG Dad OMG OMG OMG OMG!!!!!!!.. you also got the Club's Reins] Achievement!,2025-10-14 08:51:02,2025-10-14 08:51:10,80
12688,WorldOfCraft,Positive,"\"...the movie will wipe the slate clean and start from scratch all over again...\" I was about to cry tears of joy. I've wanted the sequel so badly. True the first was a little muddled, but it formed a great jumping off platform for Tides of Darkness and eventually Reign of Chaos.",2025-10-14 08:51:02,2025-10-14 08:51:10,280
12688,WorldOfCraft,Positive,"... \"the movie wipes the slate clean and starts all over again...\" I was just about to cry tears of joy. I wanted the sequel so much. Granted, the first one was a bit kinky, but it was a great jumping-off point for Tides of Darkness and finally Regn of Chaos.",2025-10-14 08:51:02,2025-10-14 08:51:10,259
12688,WorldOfCraft,Positive,"... \"the film will clear the slate and start all over again...\" I was going to cry with joy. I wanted the sequel so much. True, the first was a bit confusing, but it formed a great platform for Tides of Darkness and, eventually, Kingdom of Darkness.",2025-10-14 08:51:02,2025-10-14 08:51:10,249
12688,WorldOfCraft,Positive,"\"...the movie will wipe the slate clean and start from scratch all over \". I was about to cry loads of joy. I've wanted the sequel so badly. Perhaps the first was that little muddled, but it formed a great jumping off platform for Pact of Darkness and eventually Blade of Chaos.",2025-10-14 08:51:02,2025-10-14 08:51:10,278
12688,WorldOfCraft,Positive,"\"... Now the entire movie will wipe the slate clean and start from scratch starting all over again... \" I was quite about to cry tears of relieved joy. God I've wanted the sequel so badly. True the first was a little slightly muddled, but it now formed a great jumping off platform story for Tides of Darkness too and eventually Reign of Chaos.",2025-10-14 08:51:02,2025-10-14 08:51:10,344
12688,WorldOfCraft,Positive,"\"...the devil will wipe the slate clean and start from it all over again...\" mum was about to cry tears of joy. I've wanted the sequel so badly. Ok the first was a little annoying, true it formed a great jumping out platform for Tides of Gold and also Reign of Fear.",2025-10-14 08:51:02,2025-10-14 08:51:10,266
12689,WorldOfCraft,Positive,@WarcraftDevs this would be incredible!,2025-10-14 08:51:02,2025-10-14 08:51:10,39
12689,WorldOfCraft,Positive,@ WarcraftDevs that would be incredible!,2025-10-14 08:51:02,2025-10-14 08:51:10,40
12689,WorldOfCraft,Positive,@ WarcraftDevs this would be incredible!,2025-10-14 08:51:02,2025-10-14 08:51:10,40
12689,WorldOfCraft,Positive,@WarcraftDevs this would smell incredible!,2025-10-14 08:51:02,2025-10-14 08:51:10,42
12689,WorldOfCraft,Positive,@WarcraftDevs this would still be incredible!,2025-10-14 08:51:02,2025-10-14 08:51:10,45
12689,WorldOfCraft,Positive,@WarcraftDevs this could be incredible!,2025-10-14 08:51:02,2025-10-14 08:51:10,39
12690,WorldOfCraft,Neutral,Playing World of Warcraft doesn’t make you a loser. Playing Alliance makes you a loser.,2025-10-14 08:51:02,2025-10-14 08:51:10,87
12690,WorldOfCraft,Neutral,"Playing World of Warcraft does not make you a loser, playing Alliance makes you a loser.",2025-10-14 08:51:02,2025-10-14 08:51:10,88
12690,WorldOfCraft,Neutral,Playing World of Warcraft does not make you a loser.,2025-10-14 08:51:02,2025-10-14 08:51:10,52
12690,WorldOfCraft,Neutral,Playing World of Warcraft doesn’t call you a loser. Playing Alliance makes you a friend.,2025-10-14 08:51:02,2025-10-14 08:51:10,88
12690,WorldOfCraft,Neutral,So Playing on World of Warcraft doesn ’ aren t make you a loser. Playing Dark Alliance makes you a loser.,2025-10-14 08:51:02,2025-10-14 08:51:10,105
12690,WorldOfCraft,Neutral,Playing World of Warcraft would make you the loser. Playing Alliance makes people a loser.,2025-10-14 08:51:02,2025-10-14 08:51:10,90
12691,WorldOfCraft,Positive,Important research and so fascinating! .,2025-10-14 08:51:02,2025-10-14 08:51:10,41
12691,WorldOfCraft,Positive,Important research and so fascinating!.,2025-10-14 08:51:02,2025-10-14 08:51:10,39
12691,WorldOfCraft,Positive,Impact research is already fascinating!.,2025-10-14 08:51:02,2025-10-14 08:51:10,40
12691,WorldOfCraft,Positive,Important research and quite fascinating!.,2025-10-14 08:51:02,2025-10-14 08:51:10,42
12691,WorldOfCraft,Positive,Important research and stuff so fascinating!.,2025-10-14 08:51:02,2025-10-14 08:51:10,45
12691,WorldOfCraft,Positive,Important research and so much!.,2025-10-14 08:51:02,2025-10-14 08:51:10,32
12692,WorldOfCraft,Positive,A nice amount of Echoes of Ny'alotha to have after buying all my offset essences :),2025-10-14 08:51:02,2025-10-14 08:51:10,85
12692,WorldOfCraft,Positive,A nice amount of Echoes of Ny'alotha that you can have after buying all my offset essences:),2025-10-14 08:51:02,2025-10-14 08:51:10,92
12692,WorldOfCraft,Positive,A nice amount of Echo Nylon to have after buying all my credits:),2025-10-14 08:51:02,2025-10-14 08:51:10,65
12692,WorldOfCraft,Positive,A nice amount Dark Echoes of M'alotha to have after buying all my offset essences :),2025-10-14 08:51:02,2025-10-14 08:51:10,84
12692,WorldOfCraft,Positive,A nice amount II of Echoes of Ny'alotha seems to have had after buying away all my offset essences : ),2025-10-14 08:51:02,2025-10-14 08:51:10,102
12692,WorldOfCraft,Positive,A nice amount of Echoes a Ny'alotha to have just buying all my offset candles :),2025-10-14 08:51:02,2025-10-14 08:51:10,80
12693,WorldOfCraft,Neutral,"US WoW Token Price: 151,057g. Change: .  265g. 24Hr High: 154,680g. 24Hr Low: 145,517g.",2025-10-14 08:51:02,2025-10-14 08:51:10,89
12693,WorldOfCraft,Neutral,"US WoW Token Price: 151,057g. Change: 265g. 24Hr High: 154,680g. 24Hr Low: 145,517g.",2025-10-14 08:51:02,2025-10-14 08:51:10,84
12693,WorldOfCraft,Neutral,Token price WoW: 151.7g. Change: 265g. 24hryvnia. High: 154.680gr. 24hryvnia. Low: 145.517gr.,2025-10-14 08:51:02,2025-10-14 08:51:10,93
12693,WorldOfCraft,Neutral,"US WoW Token Price: 151,057g. Change: 0 <unk>. 24Hr Higher: 154,680g. 24Hr Low: 145,517g.",2025-10-14 08:51:02,2025-10-14 08:51:10,89
12693,WorldOfCraft,Neutral,"2010 US Steel WoW Token Price : 80 151, 057g. Times Change :. 99 265g. Net 24Hr High : 8 154, 680g. 24Hr Low : 145, 80 517g.",2025-10-14 08:51:03,2025-10-14 08:51:10,124
12693,WorldOfCraft,Neutral,"D N Steam Price: 151,057g. Change:. 265g. 1 High: 154,680g. 24Hr High: $15,517g.",2025-10-14 08:51:03,2025-10-14 08:51:10,80
12694,WorldOfCraft,Neutral,I just earned the [The Dirty Five] Achievement!,2025-10-14 08:51:03,2025-10-14 08:51:10,49
12694,WorldOfCraft,Neutral,I just earned the [The Dirty Five] performance!,2025-10-14 08:51:03,2025-10-14 08:51:10,47
12694,WorldOfCraft,Neutral,I've just won the Golden Five!,2025-10-14 08:51:03,2025-10-14 08:51:10,30
12694,WorldOfCraft,Neutral,I just earned a [The Dirty Five] Achievement!,2025-10-14 08:51:03,2025-10-14 08:51:10,45
12694,WorldOfCraft,Neutral,I just earned her the [ The Dirty Five ] Best Achievement!,2025-10-14 08:51:03,2025-10-14 08:51:10,58
12694,WorldOfCraft,Neutral,<unk> just earned the [The Dirty Five] Achievement!,2025-10-14 08:51:03,2025-10-14 08:51:10,51
12695,WorldOfCraft,Neutral,I just earned the [Power Is Beautiful] Achievement!,2025-10-14 08:51:03,2025-10-14 08:51:10,53
12695,WorldOfCraft,Neutral,I just earned the [Power is Beautiful] achievement!,2025-10-14 08:51:03,2025-10-14 08:51:10,51
12695,WorldOfCraft,Neutral,"I've just earned the title \"Power is Power!\"",2025-10-14 08:51:03,2025-10-14 08:51:10,44
12695,WorldOfCraft,Neutral,I just earned the Beauty Is Beautiful] Achievement!,2025-10-14 08:51:03,2025-10-14 08:51:10,51
12695,WorldOfCraft,Neutral,And I just earned us the [ Power Is Beautiful ] Achievement!,2025-10-14 08:51:03,2025-10-14 08:51:10,60
12695,WorldOfCraft,Neutral,I completely earned the [Power Is Beautiful] Achievement!,2025-10-14 08:51:03,2025-10-14 08:51:10,57
12696,WorldOfCraft,Positive,"I miss truly miss Highmountain, it feels like Grizzly Hills and Mulgore had a baby..",2025-10-14 08:51:03,2025-10-14 08:51:10,86
12696,WorldOfCraft,Positive,"I really miss Highmountain, it feels like Grizzly Hills and Mulgore have had a baby.",2025-10-14 08:51:03,2025-10-14 08:51:10,84
12696,WorldOfCraft,Positive,"I miss the Highlands, it feels like the Grizzlies and Mulgrew have had a baby.",2025-10-14 08:51:03,2025-10-14 08:51:10,78
12696,WorldOfCraft,Positive,"I miss truly miss Highmountain, it is like Grizzly Hills and Mulgore has a baby..",2025-10-14 08:51:03,2025-10-14 08:51:10,81
12696,WorldOfCraft,Positive,"I miss to truly miss The Highmountain, it always feels almost like Grizzly Hills and the Mulgore had a baby..",2025-10-14 08:51:03,2025-10-14 08:51:10,109
12696,WorldOfCraft,Positive,"I miss truly miss Highmountain, it feels almost Grizzly Mountains and Mulgore had a collision..",2025-10-14 08:51:03,2025-10-14 08:51:10,95
12697,WorldOfCraft,Irrelevant,He's so beautiful with his cone bra shirt and wig. Gatordonna never looked so gorgeous. Come and watch him stream in his beautiful costume! . .  . twitch.tv/phoenixduet,2025-10-14 08:51:03,2025-10-14 08:51:10,168
12697,WorldOfCraft,Irrelevant,He is so beautiful with his cone bra shirt and wig. Gatordonna has never looked so gorgeous. Watch him pour in his beautiful costume!... twitch.tv / phoenixduet,2025-10-14 08:51:03,2025-10-14 08:51:10,160
12697,WorldOfCraft,Irrelevant,The gatordonne has never looked so great. Come and watch him walk around in a nice suit!,2025-10-14 08:51:03,2025-10-14 08:51:10,88
12697,WorldOfCraft,Irrelevant,He's so beautiful with his cone bra shirt and wig. Gatordonna never looked so gorgeous. Come and watch him stream in his beautiful costume! . .  . twitch.tv/phoenixduet,2025-10-14 08:51:03,2025-10-14 08:51:10,168
12697,WorldOfCraft,Irrelevant,and He's so beautiful with his cone bra shirt and wig. Gatordonna never looked so gorgeous. Come and watch him stream in his beautiful costume! . .  . twitch.tv/phoenixduet,2025-10-14 08:51:03,2025-10-14 08:51:10,172
12697,WorldOfCraft,Irrelevant,the,2025-10-14 08:51:03,2025-10-14 08:51:10,3
12698,WorldOfCraft,Positive,Omg. I love that song! World of Warcraft Pandaren tavern theme for the win.,2025-10-14 08:51:03,2025-10-14 08:51:10,75
12698,WorldOfCraft,Positive,Omg. I love this song! World of Warcraft Pandaren Tavern theme for the win.,2025-10-14 08:51:03,2025-10-14 08:51:10,75
12698,WorldOfCraft,Positive,Omg. I love that song! World of Warcraft Pandaren tag theme for the win.,2025-10-14 08:51:03,2025-10-14 08:51:10,72
12698,WorldOfCraft,Positive,Omg. I love that song! World of Warcraft Pandaren ox theme for the win.,2025-10-14 08:51:03,2025-10-14 08:51:10,71
12698,WorldOfCraft,Positive,Omg. I also love that song! World Fantasy of Warcraft had Pandaren tavern theme for the first win.,2025-10-14 08:51:03,2025-10-14 08:51:10,98
12698,WorldOfCraft,Positive,Omg. God hate that song! Best of Warcraft Pandaren tavern theme for the win.,2025-10-14 08:51:03,2025-10-14 08:51:10,76
12699,WorldOfCraft,Neutral,I just earned the [Through the Depths of Visions] Achievement!,2025-10-14 08:51:03,2025-10-14 08:51:10,64
12699,WorldOfCraft,Neutral,I just earned the [Through the Depths of Visions] achievement!,2025-10-14 08:51:03,2025-10-14 08:51:10,62
12699,WorldOfCraft,Neutral,I just earned [Through the Deep Visions] admiration!,2025-10-14 08:51:03,2025-10-14 08:51:10,52
12699,WorldOfCraft,Neutral,I finally earned the [Through the Depths of Visions] Achievement!,2025-10-14 08:51:03,2025-10-14 08:51:10,65
12699,WorldOfCraft,Neutral,I just earned in the [ Through the Depths Land of Visions ] Talent Achievement!,2025-10-14 08:51:03,2025-10-14 08:51:10,79
12699,WorldOfCraft,Neutral,I just earned the [Through the Depths of Memory] post!,2025-10-14 08:51:03,2025-10-14 08:51:10,54
12700,WorldOfCraft,Irrelevant,I love seeing the cool stuff people do,2025-10-14 08:51:03,2025-10-14 08:51:10,38
12700,WorldOfCraft,Irrelevant,I love to see the cool things people do,2025-10-14 08:51:03,2025-10-14 08:51:10,39
12700,WorldOfCraft,Irrelevant,I like to see people doing cool things,2025-10-14 08:51:03,2025-10-14 08:51:10,38
12700,WorldOfCraft,Irrelevant,I love seeing the creative stuff people do,2025-10-14 08:51:03,2025-10-14 08:51:10,42
12700,WorldOfCraft,Irrelevant,I love seeing the cool stuff real people do,2025-10-14 08:51:03,2025-10-14 08:51:10,43
12700,WorldOfCraft,Irrelevant,I love seeing the cool that people do,2025-10-14 08:51:03,2025-10-14 08:51:10,37
12701,WorldOfCraft,Neutral,I just earned the [Alterac Valley Victory] Achievement!,2025-10-14 08:51:03,2025-10-14 08:51:10,57
12701,WorldOfCraft,Neutral,I just earned the [Alterac Valley win]!,2025-10-14 08:51:03,2025-10-14 08:51:10,39
12701,WorldOfCraft,Neutral,I just deserved [the Chuck Valley win]!,2025-10-14 08:51:03,2025-10-14 08:51:10,39
12701,WorldOfCraft,Neutral,I seriously earned the [Alterac Valley Victory] Achievement!,2025-10-14 08:51:03,2025-10-14 08:51:10,60
12701,WorldOfCraft,Neutral,I just earned the [ Alterac Valley School Victory ] Superior Achievement!,2025-10-14 08:51:03,2025-10-14 08:51:10,73
12701,WorldOfCraft,Neutral,I just earned the Lost Valley Victory] Achievement!,2025-10-14 08:51:03,2025-10-14 08:51:10,51
12702,WorldOfCraft,Negative,yoooo this kinda slaps?? pic.twitter.com/MxAlY2M63C,2025-10-14 08:51:03,2025-10-14 08:51:10,51
12702,WorldOfCraft,Negative,yoooo that kind of slap?? pic.twitter.com / MxAlY2M63C,2025-10-14 08:51:03,2025-10-14 08:51:10,54
12702,WorldOfCraft,Negative,yoooo this kinda slaps?? pic.wikipedia.com / MxAlY2M63C,2025-10-14 08:51:03,2025-10-14 08:51:10,55
12702,WorldOfCraft,Negative,yoooo this kinda slaps?? pic.twitter.com/MxAlY2M63C,2025-10-14 08:51:03,2025-10-14 08:51:10,51
12702,WorldOfCraft,Negative,Source yoooo this kinda slaps?? pic.twitter.com/MxAlY2M63C,2025-10-14 08:51:03,2025-10-14 08:51:10,58
12702,WorldOfCraft,Negative,it,2025-10-14 08:51:03,2025-10-14 08:51:10,2
12703,WorldOfCraft,Neutral,nan,2025-10-14 08:51:03,2025-10-14 08:51:10,3
12703,WorldOfCraft,Neutral,It is not the first time that the EU Commission has taken such a step.,2025-10-14 08:51:03,2025-10-14 08:51:10,70
12703,WorldOfCraft,Neutral,"At the same time, despite the fact that there are currently some 100 million people living below the poverty line, most of them do not have access to health services and do not have access to health care, while most of them do not have access to health care.",2025-10-14 08:51:03,2025-10-14 08:51:10,258
12703,WorldOfCraft,Neutral,nan,2025-10-14 08:51:03,2025-10-14 08:51:10,3
12703,WorldOfCraft,Neutral,nan,2025-10-14 08:51:03,2025-10-14 08:51:10,3
12703,WorldOfCraft,Neutral,nan,2025-10-14 08:51:03,2025-10-14 08:51:10,3
12704,WorldOfCraft,Positive,I miss playing World of Warcraft with my Guildies. 🥺,2025-10-14 08:51:03,2025-10-14 08:51:10,52
12704,WorldOfCraft,Positive,I miss playing World of Warcraft with my guildies.,2025-10-14 08:51:03,2025-10-14 08:51:10,50
12704,WorldOfCraft,Positive,I miss playing World of Warcraft with my guilds.,2025-10-14 08:51:03,2025-10-14 08:51:10,48
12704,WorldOfCraft,Positive,I miss playing World of Warcraft with other Guildies. 🥺,2025-10-14 08:51:03,2025-10-14 08:51:10,55
12704,WorldOfCraft,Positive,Instead I miss playing World of Warcraft with my Guildies. ‡ [UNK],2025-10-14 08:51:03,2025-10-14 08:51:10,66
12704,WorldOfCraft,Positive,I miss battling World<unk> Warcraft with my Guildies. <unk>,2025-10-14 08:51:03,2025-10-14 08:51:10,59
12705,WorldOfCraft,Positive,In best Warcraft peon voice....”work work.”,2025-10-14 08:51:03,2025-10-14 08:51:10,43
12705,WorldOfCraft,Positive,"In the best Warcraft Peon voice... \"Work works.\"",2025-10-14 08:51:03,2025-10-14 08:51:10,48
12705,WorldOfCraft,Positive,"At its best, Warcraft peon voice... \"work work.\"",2025-10-14 08:51:03,2025-10-14 08:51:10,48
12705,WorldOfCraft,Positive,In best Warcraft peon systems work.”,2025-10-14 08:51:03,2025-10-14 08:51:10,36
12705,WorldOfCraft,Positive,In her best Warcraft peon her voice.... for ” work work. ”,2025-10-14 08:51:03,2025-10-14 08:51:10,58
12705,WorldOfCraft,Positive,into your Warcraft peon voice....”work work.”,2025-10-14 08:51:03,2025-10-14 08:51:10,45
12706,WorldOfCraft,Irrelevant,RIP Reckful was always a good dude to me back in the World of Warcraft days. .,2025-10-14 08:51:03,2025-10-14 08:51:10,79
12706,WorldOfCraft,Irrelevant,RIP Reckful has always been a good guy in my time at World of Warcraft.,2025-10-14 08:51:03,2025-10-14 08:51:10,71
12706,WorldOfCraft,Irrelevant,RIP Reckful has always been a good dude for me back in the days of World of Warcraft.,2025-10-14 08:51:03,2025-10-14 08:51:10,85
12706,WorldOfCraft,Irrelevant,RIP Reckful was always a good dude to me starting in the World of Warcraft days..,2025-10-14 08:51:03,2025-10-14 08:51:10,81
12706,WorldOfCraft,Irrelevant,RIP Reckful was always a good little dude pretending to teach me even back in the World of Warcraft days..,2025-10-14 08:51:03,2025-10-14 08:51:10,106
12706,WorldOfCraft,Irrelevant,<unk> Reckful was always a good dude to me back in the glory of Nintendo days..,2025-10-14 08:51:03,2025-10-14 08:51:10,79
12708,WorldOfCraft,Positive,Playing Warcraft... Can we talk about how fucking hot King Rastakhan is? Like hot DAAAAMN. pic.twitter.com/6HYousOcCj,2025-10-14 08:51:03,2025-10-14 08:51:10,117
12708,WorldOfCraft,Positive,Can we talk about how damn hot King Rastakhan is? How hot DAAAAMN. pic.twitter.com / 6HYousOcCj,2025-10-14 08:51:03,2025-10-14 08:51:10,95
12708,WorldOfCraft,Positive,Playing Warcraft... Can we talk about how fucking hot King Bakhan is? Like hot DAAAAMN. pic.wikipedia.com / 6HYousOcCj,2025-10-14 08:51:03,2025-10-14 08:51:10,118
12708,WorldOfCraft,Positive,Playing Warcraft... Can we talk about how fucking hot King Rastakhan is? Like hot DAAAAMN. pic.twitter.com/6HYousOcCj,2025-10-14 08:51:03,2025-10-14 08:51:10,117
12708,WorldOfCraft,Positive,R Playing Warcraft... Can we talk about how fucking hot King Rastakhan is? Like hot DAAAAMN. pic.twitter.com/6HYousOcCj,2025-10-14 08:51:03,2025-10-14 08:51:10,119
12708,WorldOfCraft,Positive,would,2025-10-14 08:51:03,2025-10-14 08:51:10,5
12709,WorldOfCraft,Neutral,Jacii: You got it! Great job 10/10. . Jaci: probably the more appropriate spelling but no 8/10. . Jacci: wrong double letter but good effort 6/10. . Jaccii: i don’t...that’s no 4/10. . Jacqui: what? stop 0/10. . Jaccciii: are you trolling me or have I  done something awkward again? 10/10,2025-10-14 08:51:03,2025-10-14 08:51:10,288
12709,WorldOfCraft,Neutral,"Jacii: You did it! Great job 10 / 10. Jaci: probably the more appropriate spelling, but not 8 / 10. Jacci: wrong double letter, but good effort 6 / 10. Jaccii: I don't know... that's not 4 / 10. Jacqui: what? Stop 0 / 10. Jaccciii: Do you blaspheme me or have I done something unpleasant again? 10 / 10",2025-10-14 08:51:03,2025-10-14 08:51:10,302
12709,WorldOfCraft,Neutral,Jaci: You got it! Great job 10 / 10.. Jaci: probably the more appropriate spelling but no 8 / 10.. Jacci: wrong double letter but good effort 6 / 10.. Jacci: i don't... that's no 4 / 10... Jacqui: what? stop 0 / 10... Jacccii: are you tropical me or have I done something clumsy again? 10 / 10,2025-10-14 08:51:03,2025-10-14 08:51:10,293
12709,WorldOfCraft,Neutral,"Jacii: he got good! excellent job 10/10.. Jaci: used the more appropriate spelling but no 8/10.. Jacci: a double letter but good spelling 6/10.. Jaccii: i don’t...that’s no 4/10.. Jacqui: what? stop 0/10., Jaccciii: are you trolling me or have I  done another awkward already? 10/10",2025-10-14 08:51:03,2025-10-14 08:51:10,282
12709,WorldOfCraft,Neutral,Or Jacii : You got it! Great job 10 / 10.. Jaci : is probably the more easily appropriate word spelling but no result 8 / 10.. Jacci : wrong double letter but good effort 6 / 10.. Jaccii : i don wanna ’ t... that ’ s no 4 / 10.. Jacqui : like what? No stop 0 / 5 10.. Jaccciii : are you trolling me or because have I done something awkward again? 10 / 10,2025-10-14 08:51:03,2025-10-14 08:51:10,354
12709,WorldOfCraft,Neutral,Jacii:<unk> got it! Great job 10/10.. Jaci: probably the more appropriate spelling but no 8/10.. Jacci: wrong last letter very good effort 1.. Jaccii: i sorry...that’s no 4/10.. John: what? stop 0/10.. Jen: are you trolling me cause have I done things awkward again? Hi,2025-10-14 08:51:03,2025-10-14 08:51:10,269
12710,WorldOfCraft,Neutral,World Of Warcraft: Legion Release Date Leaked - GS News Update zonestream.cx/?p=2924&feed_i… https://t.co/raZS1VkoHy,2025-10-14 08:51:03,2025-10-14 08:51:10,116
12710,WorldOfCraft,Neutral,World Of Warcraft: Legion Release Date Leaked - GS News Update zonestream.cx /? p = 2924 & feed _ i... https: / / t.co / raZS1VkoHy,2025-10-14 08:51:03,2025-10-14 08:51:10,131
12710,WorldOfCraft,Neutral,World Of Warcraft: On Release Date Leaked - GS News: zonestream.cx /? p = 2924 & feed _ i...,2025-10-14 08:51:03,2025-10-14 08:51:10,92
12710,WorldOfCraft,Neutral,World<unk> Warcraft: Legion Episode Date Leaked - GS News Update 3.cx/?p=2924&feed_i… https://t.co/raZS1VkoHy],2025-10-14 08:51:03,2025-10-14 08:51:10,110
12710,WorldOfCraft,Neutral,the World Of Warcraft : Legion Release Date of Leaked - release GS Online News Update zonestream. net cx /? p = 2924 & process feed _ i … 2 https://t.co/raZS1VkoHy ],2025-10-14 08:51:03,2025-10-14 08:51:10,165
12710,WorldOfCraft,Neutral,World by Motion: New Release Date Leaked - GS<unk> Commons zonestream.cx/?p=2924&feed_i... https://t.co/raZS1VkoHy],2025-10-14 08:51:03,2025-10-14 08:51:10,115
12711,WorldOfCraft,Positive,Love to see this FeelsStrongMan,2025-10-14 08:51:03,2025-10-14 08:51:10,31
12711,WorldOfCraft,Positive,Love to see this FeelsStrongMan,2025-10-14 08:51:03,2025-10-14 08:51:10,31
12711,WorldOfCraft,Positive,I love seeing this strange Strongman,2025-10-14 08:51:03,2025-10-14 08:51:10,36
12711,WorldOfCraft,Positive,Love really see this FeelsStrongMan,2025-10-14 08:51:03,2025-10-14 08:51:10,35
12711,WorldOfCraft,Positive,Love it to come see this FeelsStrongMan,2025-10-14 08:51:03,2025-10-14 08:51:10,39
12711,WorldOfCraft,Positive,want to see this FeelsStrongMan,2025-10-14 08:51:03,2025-10-14 08:51:10,31
12712,WorldOfCraft,Positive,awww yes baby,2025-10-14 08:51:03,2025-10-14 08:51:10,16
12712,WorldOfCraft,Positive,awww yes baby,2025-10-14 08:51:03,2025-10-14 08:51:10,13
12712,WorldOfCraft,Positive,awww yes baby,2025-10-14 08:51:03,2025-10-14 08:51:10,13
12712,WorldOfCraft,Positive,awww baby baby,2025-10-14 08:51:03,2025-10-14 08:51:10,14
12712,WorldOfCraft,Positive,Ah awww yes baby,2025-10-14 08:51:03,2025-10-14 08:51:10,16
12712,WorldOfCraft,Positive,awww my baby,2025-10-14 08:51:03,2025-10-14 08:51:10,12
12713,WorldOfCraft,Irrelevant,"Jaina art a few months ago and Jaina art now!! Referenced her face from the Warbringers short (which is the best thing ever). . It's been one of those \"forget-to-eat-lunch-cause-you're-in-the-zone\" mornings 🥰. .",2025-10-14 08:51:03,2025-10-14 08:51:10,213
12713,WorldOfCraft,Irrelevant,"Jaina art a few months ago and Jaina art now!! Referring to her face from the Warbringers short (which is the best ever), it was one of those \"forget-to-eat-because-you-are-in-the-zone\" mornings.",2025-10-14 08:51:03,2025-10-14 08:51:10,195
12713,WorldOfCraft,Irrelevant,Jaina art a few months ago and Jaina art now!!!!!!!!!!!!!!!!!!!!!!!!!!!!!!!!!!!!!!!!!!!!!!!!!!!!!!!!!!!!!!!!!!!!!!!!!!!!!!!!!!!!!!!!!!!!!!!!!!!!!!!!!!!!!!!!!!!!!!!!!!!!!!!!!!,2025-10-14 08:51:03,2025-10-14 08:51:10,174
12713,WorldOfCraft,Irrelevant,"Jaina art a pair months ago and Jaina will now!! using her face from the Warbringers short (which is the perfect thing ever).. It's been on of those \"forget-to-eat-lunch-cause-you're-in-the-zone\" mornings yesterday..",2025-10-14 08:51:03,2025-10-14 08:51:10,216
12713,WorldOfCraft,Irrelevant,"Jaina art ended a few solid months ago and Jaina art now!! Referenced with her face somewhere from the Best Warbringers short short ( which is the best thing ever ).. The It's been one of those \" epic forget - to - eat - lunch - food cause - you're - stranded in - the - zone \" mornings [UNK]..",2025-10-14 08:51:03,2025-10-14 08:51:10,294
12713,WorldOfCraft,Irrelevant,"idol art for few months ago is Jaina art now!! Referenced her face from the first short (which created the best single ever).. she's similar one to those \"forget-to-eat-lunch-cause-you're-in-the-zone\" times <unk>..",2025-10-14 08:51:03,2025-10-14 08:51:10,214
12714,WorldOfCraft,Positive,"Playing world of Warcraft! So much fucking fun. I can’t believe I wasted so much time playing games like cod, fortnite, h1. This right here is a REAL mans game.",2025-10-14 08:51:03,2025-10-14 08:51:10,160
12714,WorldOfCraft,Positive,"I can't believe I've wasted so much time playing games like Cod, Fortnite, h1.",2025-10-14 08:51:03,2025-10-14 08:51:10,78
12714,WorldOfCraft,Positive,"I can't believe I've spent so much time playing games like cod, fortnite, h1.",2025-10-14 08:51:03,2025-10-14 08:51:10,77
12714,WorldOfCraft,Positive,"Playing world of Warcraft! So much fucking content. You NEVER believe I wasted so much time playing games like cod, fortnite, h1. This version here is a REAL mans game.",2025-10-14 08:51:03,2025-10-14 08:51:10,168
12714,WorldOfCraft,Positive,"Playing over world of Warcraft! So much fucking fun. I can ’ t just believe I recently wasted so much time here playing games like cod, fortnite, and h1. This right end here is clearly a REAL Black mans fighting game.",2025-10-14 08:51:03,2025-10-14 08:51:10,217
12714,WorldOfCraft,Positive,"to world of Warcraft! So much fun fun. Me can’t believe I wasted so much energy playing games like cod, fortnite, h1. This right from being a REAL mans game.",2025-10-14 08:51:03,2025-10-14 08:51:10,157
12715,WorldOfCraft,Neutral,"That moment when a programming oversight caused a pandemic in world of Warcraft. Surprise, players behaved the same way humans are now with a real one. en.m.wikipedia.org/wiki/Corrupted…",2025-10-14 08:51:03,2025-10-14 08:51:10,186
12715,WorldOfCraft,Neutral,"The moment a programming error triggered a pandemic in World of Warcraft. Surprisingly, players behaved the way humans do today when dealing with a real pandemic. En.m.wikipedia.org / wiki / Corrupted...",2025-10-14 08:51:03,2025-10-14 08:51:10,203
12715,WorldOfCraft,Neutral,"The moment when a software bug caused a pandemic in the world of Warcraft. Surprisingly, the players behaved as humans do now. en.m.wikipedia.org / wiki / Corrupted...",2025-10-14 08:51:03,2025-10-14 08:51:10,167
12715,WorldOfCraft,Neutral,"That moment when a programming oversight caused first pandemic in world of Warcraft. Surprise, computers behaved the same way humans -- confronted with a real one. en.m.wikipedia.org/wiki/Corrupted…",2025-10-14 08:51:03,2025-10-14 08:51:10,198
12715,WorldOfCraft,Neutral,"That moment when a human programming oversight caused a viral pandemic in a world of Warcraft. Like Surprise, our players behaved essentially the same way humans are about now with a real one. Biography en. m. from wikipedia. org / wiki / The Corrupted …",2025-10-14 08:51:03,2025-10-14 08:51:10,254
12715,WorldOfCraft,Neutral,"That problem says a programming oversight caused a pandemic in class of 5. Surprise, players behaved the same like you are now with a new one. en.m.wikipedia.org/wiki/Corrupted...",2025-10-14 08:51:03,2025-10-14 08:51:10,179
12716,WorldOfCraft,Neutral,I just earned the [5 Daily Quests Completed] Achievement!,2025-10-14 08:51:03,2025-10-14 08:51:10,59
12716,WorldOfCraft,Neutral,I just earned the [5 daily tasks done]!,2025-10-14 08:51:03,2025-10-14 08:51:10,39
12716,WorldOfCraft,Neutral,I've just earned [5 daily quest]!,2025-10-14 08:51:03,2025-10-14 08:51:10,33
12716,WorldOfCraft,Neutral,I just got the [5 Daily Quests Completed] Achievement!,2025-10-14 08:51:03,2025-10-14 08:51:10,54
12716,WorldOfCraft,Neutral,I am just recently earned the [ 5 Daily Quests Completed ] Achievement!,2025-10-14 08:51:03,2025-10-14 08:51:10,71
12716,WorldOfCraft,Neutral,I just earned the [5 Fat Quests So] Achievement!,2025-10-14 08:51:03,2025-10-14 08:51:10,48
12717,WorldOfCraft,Neutral,Blatant Warcraft ripoff goes offline after Blizzard files a lawsuit pcgamer.com/blatant-world-…,2025-10-14 08:51:03,2025-10-14 08:51:10,95
12717,WorldOfCraft,Neutral,The blatant Warcraft scam has gone offline after Blizzard filed a lawsuit pcgamer.com / blatant-world-...,2025-10-14 08:51:03,2025-10-14 08:51:10,105
12717,WorldOfCraft,Neutral,Blatant Warcraft ripoff goes offline after Blizzard sues pcg.com / blatant-b...,2025-10-14 08:51:03,2025-10-14 08:51:10,79
12717,WorldOfCraft,Neutral,Blatant Warcraft ripoff goes offline after Blizzard files a FOIA Facebook.com/blatant-world-…,2025-10-14 08:51:03,2025-10-14 08:51:10,93
12717,WorldOfCraft,Neutral,Blatant EA Warcraft ripoff goes off offline soon after Blizzard files file a lawsuit pcgamer. com / just blatant - world - view …,2025-10-14 08:51:03,2025-10-14 08:51:10,129
12717,WorldOfCraft,Neutral,for Warcraft family goes bankrupt after someone files a lawsuit pcgamer.com/blatant-world-...,2025-10-14 08:51:03,2025-10-14 08:51:10,93
12718,WorldOfCraft,Negative,"This is why I quit playing before.... . When you're playing  . . Player's like this are the reason I quit playing before and will likely be so, again. . . youtube.com/watch?v=Yrsy8E…",2025-10-14 08:51:03,2025-10-14 08:51:10,182
12718,WorldOfCraft,Negative,That's why I stopped playing..... When you play.. Players like this are the reason why I stopped playing and it probably will be again... youtube.com / watch? v = Yrsy8E...,2025-10-14 08:51:03,2025-10-14 08:51:10,172
12718,WorldOfCraft,Negative,That's why I stopped playing earlier... When you play... These players are the reason I stopped playing earlier and will probably do so again... youtube.com / watch? v = Yrsy8E...,2025-10-14 08:51:03,2025-10-14 08:51:10,179
12718,WorldOfCraft,Negative,"This is why I quit years before..... When you're playing .. Player's like yourself are the first I quit playing again and will likely be so, again. \". youtube.com/watch?v=Yrsy8E…",2025-10-14 08:51:03,2025-10-14 08:51:10,178
12718,WorldOfCraft,Negative,"John This is why I quit playing before..... Now When least you're done playing.. Player's like this all are the reason I quit playing before you and will likely be not so, never again... youtube. com / watch? Where v = Yrsy8E …",2025-10-14 08:51:03,2025-10-14 08:51:10,227
12718,WorldOfCraft,Negative,"This exactly why I quitting playing before..... When you're dead.. Player's like this is also reason I quit playing before and will hopefully continue so, well... via.com/watch?v=Yrsy8E...",2025-10-14 08:51:03,2025-10-14 08:51:10,188
12719,WorldOfCraft,Negative,@Warcraft what on earth have you done to Kilrogg-EU?? Loads of my chars are now guildless and some were even deleted!,2025-10-14 08:51:03,2025-10-14 08:51:10,117
12719,WorldOfCraft,Negative,"@ Warcraft, what on earth have you done to Kilrogg-EU?? Countless of my characters are now innocent and some have even been deleted!",2025-10-14 08:51:03,2025-10-14 08:51:10,132
12719,WorldOfCraft,Negative,@ Warcraft what on earth have you done to Kilrogg-EU?? Loads of my chars are now guilelessness and some were even deleted!,2025-10-14 08:51:03,2025-10-14 08:51:10,122
12719,WorldOfCraft,Negative,@Warcraft what on earth have tentacles gotten to Kilrogg-EU?? Loads of my chars is now guildless and some were even deleted!,2025-10-14 08:51:03,2025-10-14 08:51:10,124
12719,WorldOfCraft,Negative,@Warcraft what powers on earth have had you not done talking to Kilrogg - it EU?? Loads of all my chars are now guildless and unfortunately some were even deleted!,2025-10-14 08:51:03,2025-10-14 08:51:10,163
12719,WorldOfCraft,Negative,@Warcraft what to hell<unk> you done to an-EU?? Loads of my chars are now guildless and some were promptly deleted!,2025-10-14 08:51:03,2025-10-14 08:51:10,115
12720,WorldOfCraft,Neutral,So much for Draenor flying. .,2025-10-14 08:51:03,2025-10-14 08:51:10,30
12720,WorldOfCraft,Neutral,So much for flying Draenor.,2025-10-14 08:51:03,2025-10-14 08:51:10,27
12720,WorldOfCraft,Neutral,So much for Draynor flying...,2025-10-14 08:51:03,2025-10-14 08:51:10,29
12720,WorldOfCraft,Neutral,So much for squirrel flying..,2025-10-14 08:51:03,2025-10-14 08:51:10,29
12720,WorldOfCraft,Neutral,I So much for Draenor flying..,2025-10-14 08:51:03,2025-10-14 08:51:10,30
12720,WorldOfCraft,Neutral,<unk> much for Draenor flying..,2025-10-14 08:51:03,2025-10-14 08:51:10,31
12721,WorldOfCraft,Positive,10 games to know me:. Secret of Mana. Super Mario RPG. Earthbound. Warcraft 2. NHL 94. NBA jam. Final Fantasy 7. Final Fantasy 11. World of Warcraft. Final Fantasy 14.,2025-10-14 08:51:03,2025-10-14 08:51:10,169
12721,WorldOfCraft,Positive,10 Games to get to know me:. Secret of Mana. Super Mario RPG. Earthbound. Warcraft 2. NHL 94. NBA Jam. Final Fantasy 7. Final Fantasy 11. World of Warcraft. Final Fantasy 14.,2025-10-14 08:51:03,2025-10-14 08:51:10,174
12721,WorldOfCraft,Positive,10 games that know me:. The Secret of Mana. Super Mario RPG. Earth Fight. Warcraft 2. NHL 94. NBA Jam. F7 Final. F11 Final. Warcraft World. F14 Final.,2025-10-14 08:51:03,2025-10-14 08:51:10,150
12721,WorldOfCraft,Positive,10 games just know me:. Secret of Mana. Super Mario RPG. Earthbound. Warcraft 5. NHL 94.<unk> jam. Final Draft 7. Final Fantasy 11. World of Warcraft. Final Fantasy 14.,2025-10-14 08:51:03,2025-10-14 08:51:10,168
12721,WorldOfCraft,Positive,10 games worthy to know from me :. From Secret of a Mana. New Super Mario Mario RPG. Earthbound. Super Warcraft 2. NHL 94. NBA jam. Final Fantasy 7. Final Fantasy VII 11. New World of Warcraft. Final Fantasy 14.,2025-10-14 08:51:03,2025-10-14 08:51:10,211
12721,WorldOfCraft,Positive,10 games to know from:. Age of Mana. Super Mario RPG. Earthbound. Warcraft 360. NHL 94. NBA 95. Final Fantasy 7. Final Fantasy 11. House of Warcraft. Final Fantasy 5.,2025-10-14 08:51:03,2025-10-14 08:51:10,166
12722,WorldOfCraft,Neutral,creeper gonna creep. .,2025-10-14 08:51:03,2025-10-14 08:51:10,24
12722,WorldOfCraft,Neutral,Crawling...,2025-10-14 08:51:03,2025-10-14 08:51:10,11
12722,WorldOfCraft,Neutral,crawl will crawl...,2025-10-14 08:51:03,2025-10-14 08:51:10,19
12722,WorldOfCraft,Neutral,creeper is creep..,2025-10-14 08:51:03,2025-10-14 08:51:10,18
12722,WorldOfCraft,Neutral,creeper gonna go creep..,2025-10-14 08:51:03,2025-10-14 08:51:10,24
12722,WorldOfCraft,Neutral,creeper creep creep..,2025-10-14 08:51:03,2025-10-14 08:51:10,21
12723,WorldOfCraft,Positive,"It was super fun while it lasted, but today I decided to quit WoW Classic. Chasing nostalgia was fun but I’ll never quite have to same experiences I had 15 years ago.. . With Shadowlands on the horizon, it’s time to move forward!. . Thanks for the journey back in time @Warcraft",2025-10-14 08:51:03,2025-10-14 08:51:10,278
12723,WorldOfCraft,Positive,"It was great fun while it lasted, but today I decided to leave WoW Classic. Hunting nostalgia was fun, but I'll never have to go back to the experience I had 15 years ago... With Shadowlands on the horizon, it's time to move forward!. Thanks for the journey back to the past @ Warcraft",2025-10-14 08:51:03,2025-10-14 08:51:10,285
12723,WorldOfCraft,Positive,"Changing nostalgia was fun, but I will never have the same experiences as 15 years ago... With Shadowlands on Halloween, it's time to move forward!.. Thanks for the journey back to the past @ Warcraft",2025-10-14 08:51:03,2025-10-14 08:51:10,200
12723,WorldOfCraft,Positive,"It was super fun while it lasted, because recently I decided to start WoW Classic. Chasing nostalgia was fun but I’ll soon quite have to same experiences I had 15 years ago... With Shadowlands on the horizon, it’s time to pay forward!.. Thanks for that journey back in time @Warcraft",2025-10-14 08:51:03,2025-10-14 08:51:10,283
12723,WorldOfCraft,Positive,"It was super fun while it lasted, but today I decided to quit WoW Classic. While Chasing nostalgia was fun but I would ’ go ll... never quite have to same those experiences I had 15 years anymore ago... or With Shadowlands on the horizon, it ’ s time to move forward!.. You Thanks all for the journey back in time... @Warcraft",2025-10-14 08:51:03,2025-10-14 08:51:10,326
12723,WorldOfCraft,Positive,"It was pretty fun while it lasted, so finally I decided this quit WoW Classic. Chasing nostalgia was fun because I’ll never quite feel the same experiences I had 15 years prior... With Shadowlands on the horizon, it’s time just move forward!.. Looking for the journey back in time @Warcraft",2025-10-14 08:51:03,2025-10-14 08:51:10,290
12724,WorldOfCraft,Positive,My beloved main character of World of Warcraft .  I miss u my little rogue .  pic.twitter.com/mnDyVAOsob,2025-10-14 08:51:03,2025-10-14 08:51:10,104
12724,WorldOfCraft,Positive,My beloved main character from World of Warcraft. I miss u my little villain. pic.twitter.com / mnDyVAOsob,2025-10-14 08:51:03,2025-10-14 08:51:10,106
12724,WorldOfCraft,Positive,My favorite protagonist in World of Warcraft. I miss my little horn. pic.wikipedia.org / mnDyVAOsob,2025-10-14 08:51:03,2025-10-14 08:51:10,99
12724,WorldOfCraft,Positive,My beloved main character of World of Warcraft .  I miss u my little rogue .  pic.twitter.com/mnDyVAOsob,2025-10-14 08:51:03,2025-10-14 08:51:10,104
12724,WorldOfCraft,Positive,2 My beloved main character of World of Warcraft .  I miss u my little rogue .  pic.twitter.com/mnDyVAOsob,2025-10-14 08:51:03,2025-10-14 08:51:10,106
12724,WorldOfCraft,Positive,it,2025-10-14 08:51:03,2025-10-14 08:51:10,2
12725,WorldOfCraft,Irrelevant,Oh boy I bet the responses to this in the comments will be very level-headed and not at all a barrage of outrage and anger.,2025-10-14 08:51:03,2025-10-14 08:51:10,123
12725,WorldOfCraft,Irrelevant,"Oh boy, I bet the reactions to that will be very level-headed in the comments section, not a barrage of indignation and anger.",2025-10-14 08:51:03,2025-10-14 08:51:10,126
12725,WorldOfCraft,Irrelevant,"Oh boy, I bet the reaction in the comments would be very even and not much of a storm of indignation and anger.",2025-10-14 08:51:03,2025-10-14 08:51:10,111
12725,WorldOfCraft,Irrelevant,Oh boy I think the responses like this in the comments will be very level-headed and not at all a barrage of outrage and anger.,2025-10-14 08:51:03,2025-10-14 08:51:10,127
12725,WorldOfCraft,Irrelevant,Oh boy I bet the responses to this in with the comments will be very level - headed words and not at all all a verbal barrage really of outrage and anger.,2025-10-14 08:51:03,2025-10-14 08:51:10,154
12725,WorldOfCraft,Irrelevant,and boy you bet any responses to this in the comments will get very level-headed and not at all a barrage of outrage and anger.,2025-10-14 08:51:03,2025-10-14 08:51:10,127
12726,WorldOfCraft,Neutral,I just earned the [Power Is Beautiful] Achievement!,2025-10-14 08:51:03,2025-10-14 08:51:10,53
12726,WorldOfCraft,Neutral,I just earned the [Power is Beautiful] achievement!,2025-10-14 08:51:03,2025-10-14 08:51:10,51
12726,WorldOfCraft,Neutral,"I've just earned the title \"Power is Power!\"",2025-10-14 08:51:03,2025-10-14 08:51:10,44
12726,WorldOfCraft,Neutral,I just earned the [Power ful Beautiful] Achievement!,2025-10-14 08:51:03,2025-10-14 08:51:10,52
12726,WorldOfCraft,Neutral,I just naturally earned the [ Power Is the Beautiful ] Achievement!,2025-10-14 08:51:03,2025-10-14 08:51:10,67
12726,WorldOfCraft,Neutral,I just Got the [Power Is Beautiful] Achievement!,2025-10-14 08:51:03,2025-10-14 08:51:10,48
12727,WorldOfCraft,Negative,This is actually so sad.. .,2025-10-14 08:51:03,2025-10-14 08:51:10,28
12727,WorldOfCraft,Negative,This is actually so sad...,2025-10-14 08:51:03,2025-10-14 08:51:10,26
12727,WorldOfCraft,Negative,It's actually so sad...,2025-10-14 08:51:03,2025-10-14 08:51:10,23
12727,WorldOfCraft,Negative,This is simply so sad...,2025-10-14 08:51:03,2025-10-14 08:51:10,24
12727,WorldOfCraft,Negative,This is one actually so sad...,2025-10-14 08:51:03,2025-10-14 08:51:10,30
12727,WorldOfCraft,Negative,What is actually so sad...,2025-10-14 08:51:03,2025-10-14 08:51:10,26
12728,WorldOfCraft,Positive,God I love world of Warcraft because I can love characters and also want to kill them at the same time,2025-10-14 08:51:03,2025-10-14 08:51:10,102
12728,WorldOfCraft,Positive,"God, I love World of Warcraft because I can love characters and want to kill them at the same time.",2025-10-14 08:51:03,2025-10-14 08:51:10,99
12728,WorldOfCraft,Positive,God I love world of Warcraft because I can love characters and also want to kill them at the same time,2025-10-14 08:51:03,2025-10-14 08:51:10,102
12728,WorldOfCraft,Positive,God I like world Wars Warcraft because I can love characters and also want to kill them at the same time,2025-10-14 08:51:03,2025-10-14 08:51:10,104
12728,WorldOfCraft,Positive,God I love world of Warcraft just because I can only love characters and also want them to just kill them at the same time,2025-10-14 08:51:03,2025-10-14 08:51:10,122
12728,WorldOfCraft,Positive,God I hate world of Warcraft because I can love characters yet also how to kill them at the same time,2025-10-14 08:51:03,2025-10-14 08:51:10,101
12729,WorldOfCraft,Negative,yo fuck this i cant believe i just wasted 10 minutes of my life on a fucking world of warcraft cutscene fuck this piece of shitty ass shit game,2025-10-14 08:51:03,2025-10-14 08:51:10,143
12729,WorldOfCraft,Negative,yo fuck this i can't believe i just wasted 10 minutes of my life on a fucking world of warcraft cutscene fuck this piece of shitty ass shit game,2025-10-14 08:51:03,2025-10-14 08:51:10,144
12729,WorldOfCraft,Negative,yo fuck this i cant believe i just wasted 10 minutes of my life on a fucking world of warcraft cutscene fuck this piece of shitty ass shit game,2025-10-14 08:51:03,2025-10-14 08:51:10,143
12729,WorldOfCraft,Negative,yo fuck this i cant believe i just wasted 10<unk> of my life fighting a fucking world of warcraft cutscene fuck this piece of shitty ass shit!,2025-10-14 08:51:03,2025-10-14 08:51:10,142
12729,WorldOfCraft,Negative,yo fuck Fuck this i cant possibly believe i just so wasted 10 minutes of stretching my life on a fucking little world of warcraft cutscene fuck this piece of shitty ass shit war game,2025-10-14 08:51:03,2025-10-14 08:51:10,182
12729,WorldOfCraft,Negative,yo fuck this i cant believe i just wasted 10 hours of a life on a fucking world of warcraft cutscene fuck this piece of garbage fuck shit like,2025-10-14 08:51:03,2025-10-14 08:51:10,142
12730,WorldOfCraft,Positive,And something SFW . . . Retweeting saves an artists life! So be a hero! Press that retweet button . . Pretty please !? :D .,2025-10-14 08:51:03,2025-10-14 08:51:10,125
12730,WorldOfCraft,Positive,And something SFW... Retweeting saves an artist's life! So be a hero! Press that retweet button.. Beautiful please!?: D.,2025-10-14 08:51:03,2025-10-14 08:51:10,120
12730,WorldOfCraft,Positive,"And something SFW... Retweet saves artists \"lives! So be heroes! Press the retweet button... Pretty please!?: D.",2025-10-14 08:51:03,2025-10-14 08:51:10,112
12730,WorldOfCraft,Positive,And something SFW... Retweeting saves an artists career! So be a hero! Press that retweet button.? Pretty please see? :D.,2025-10-14 08:51:03,2025-10-14 08:51:10,121
12730,WorldOfCraft,Positive,And something special SFW... Retweeting saves for an artists life! So can be a hero! Press that damn retweet button.. A Pretty words please!? : Bill D.,2025-10-14 08:51:03,2025-10-14 08:51:10,151
12730,WorldOfCraft,Positive,says something SFW... what saves the artists soul! So be up jerk! Press that retweet red.. Pretty please!? :D.,2025-10-14 08:51:03,2025-10-14 08:51:10,110
12731,WorldOfCraft,Negative,All these,2025-10-14 08:51:03,2025-10-14 08:51:10,11
12731,WorldOfCraft,Negative,nan,2025-10-14 08:51:03,2025-10-14 08:51:10,3
12731,WorldOfCraft,Negative,nan,2025-10-14 08:51:03,2025-10-14 08:51:10,3
12731,WorldOfCraft,Negative,All Players,2025-10-14 08:51:03,2025-10-14 08:51:10,11
12731,WorldOfCraft,Negative,All... these,2025-10-14 08:51:03,2025-10-14 08:51:10,12
12731,WorldOfCraft,Negative,All to,2025-10-14 08:51:03,2025-10-14 08:51:10,6
12732,WorldOfCraft,Negative,@Blizzard_Ent I have the urge to say that you guys suck just as much as the crappy quality of your Warcraft III Reforged Beta.  I pre-purchased it in hopes it would get better on the launch day and you did not fail to disappoint me.,2025-10-14 08:51:03,2025-10-14 08:51:10,235
12732,WorldOfCraft,Negative,"@ Blizzard _ Ent I have the urge to say that you suck as much as the crappy quality of your Warcraft III Reforged Beta. I pre-ordered it in the hope that it will get better on launch day, and you didn't fail to disappoint me.",2025-10-14 08:51:03,2025-10-14 08:51:10,225
12732,WorldOfCraft,Negative,@ Blizzard _ Ent I have the urge to say that you guys suck just as much as the crappy quality of your Warcraft III Reform Beta. I pre-purchased it in hopes it would get better on the launch day and you did not fail to disappoint me.,2025-10-14 08:51:03,2025-10-14 08:51:10,232
12732,WorldOfCraft,Negative,@Blizzard_Ent I have every urge to say that you now suck just as much as the crappy quality of your Warcraft III Community Beta.  I pre-purchased it in hopes it would get better on the launch day but you did not fail or disappoint me.,2025-10-14 08:51:03,2025-10-14 08:51:10,234
12732,WorldOfCraft,Negative,@Blizzard_Ent I instantly have the urge to say that you big guys suck just as much stuff as the crappy quality of your personal Warcraft Volume III Reforged In Beta. Apparently I pre - purchased it in hopes it would get even better on the launch day and you did not fail to disappoint with me.,2025-10-14 08:51:03,2025-10-14 08:51:10,293
12732,WorldOfCraft,Negative,@Blizzard_Ent I have some urge to say that they absolutely suck just as much as the crappy quality of your Warcraft III Reforged Universe. I pre-purchased it in hopes it would get me on the fourth day yet you did not fail to appease me.,2025-10-14 08:51:03,2025-10-14 08:51:10,236
12733,WorldOfCraft,Neutral,"\"Anytime I feel lost, I pull out a map and stare. I stare until I have reminded myself that life is a giant adventure, so much to do, to see.. Angelina Jolie\".  . Check out my screenshot from World of",2025-10-14 08:51:03,2025-10-14 08:51:10,202
12733,WorldOfCraft,Neutral,"I stare until I remember that life is a huge adventure, so much to do, to see... Angelina Jolie. \"See my screenshot from World of Warcraft.",2025-10-14 08:51:03,2025-10-14 08:51:10,139
12733,WorldOfCraft,Neutral,"\"Every time I feel lost, I pull out a card and look. I look until I remind myself that life is a gigantic adventure, so much has to be done to see... Angelina Jolie.\"",2025-10-14 08:51:03,2025-10-14 08:51:10,166
12733,WorldOfCraft,Neutral,"\"Anytime I feel lost, I pull out a map an stare. I stare like I have reminded myself that there offers a grand adventure, so much to do, to see.. Angelina Jolie\". . Check out my screenshot from World of",2025-10-14 08:51:03,2025-10-14 08:51:10,202
12733,WorldOfCraft,Neutral,"\" Anytime I feel lost, I would pull out a map and simply stare. I cannot stare until I have just reminded you myself that life is a giant adventure, so much to truly do, something to see.. Angelina Jolie \".. 16 Check out half my screenshot available from World of",2025-10-14 08:51:03,2025-10-14 08:51:10,263
12733,WorldOfCraft,Neutral,"\"Anytime I feel lost, I find out any picture and stare. I stare until I have reminded myself that life gives a great adventure, so much to do, to be.. Angelina Jolie\".. Print out my screenshot from World of",2025-10-14 08:51:03,2025-10-14 08:51:10,206
12734,WorldOfCraft,Neutral,No I HAVE NOT done “nothing” during this quarantine..... I leveled up a brand new Wargen character on World of Warcraft to level 48 in 4 days so IVE BEEN BUSY WORKING HARD NOT HARDLY WORKING,2025-10-14 08:51:03,2025-10-14 08:51:10,190
12734,WorldOfCraft,Neutral,"No, I didn't do \"nothing\" during this quarantine... I raised a brand new Wargen character on World of Warcraft to level 48 in 4 days so that IVE BUSY ARKING HARD didn't HARDLY ARKING",2025-10-14 08:51:03,2025-10-14 08:51:10,182
12734,WorldOfCraft,Neutral,"No, I didn't do \"nothing\" during this quarantine..... I flattened a brand new Wargen character on World of Warcraft to level 48 in 4 days, so IWI FUTURE WORKING IS NOT WORKING",2025-10-14 08:51:03,2025-10-14 08:51:10,175
12734,WorldOfCraft,Neutral,No you HAVE NOT learnt “nothing” during this quarantine..... I leveled from the brand new Wargen character on World of Warcraft to level 48 in 4 hrs so IVE BEEN BUSY WORKING HARD NOT HARDLY WORKING,2025-10-14 08:51:03,2025-10-14 08:51:10,197
12734,WorldOfCraft,Neutral,Okay No I HAVE NOT done “ what nothing else ” during this quarantine..... and I just leveled up a brand new Captain Wargen character on World of Warcraft down to level 48 in 4 days so maybe IVE BEEN BUSY TO WORKING HARD NOT even HARDLY WORKING,2025-10-14 08:51:03,2025-10-14 08:51:10,243
12734,WorldOfCraft,Neutral,No I Would<unk> done THAT during that quarantine..... I leveled up a entirely new ship deck on World of Warcraft to level 48 in 4 days so IVE BEEN BUSY WORKING IN NOT HARDLY WORKING,2025-10-14 08:51:03,2025-10-14 08:51:10,181
12735,WorldOfCraft,Neutral,"US WoW Token Price: 112,635g. Change: .  532g. 24Hr High: 118,120g. 24Hr Low: 111,374g.",2025-10-14 08:51:03,2025-10-14 08:51:10,89
12735,WorldOfCraft,Neutral,"US WoW Token Price: 112,635g. Change: 532g. 24Hr High: 118,120g. 24Hr Low: 111,374g.",2025-10-14 08:51:03,2025-10-14 08:51:10,84
12735,WorldOfCraft,Neutral,"US WoW Token Price: 112,635g. Change:. 532g. 24Hr High: 118,120g. 24Hr Low: 111,374g.",2025-10-14 08:51:03,2025-10-14 08:51:10,85
12735,WorldOfCraft,Neutral,"US X Token Price: 82,635g. Change:.  532g. 24Hr High: 118,120g. 24Hr Low: 65,374g.",2025-10-14 08:51:03,2025-10-14 08:51:10,82
12735,WorldOfCraft,Neutral,"US WoW Token At Price : 112, 635g. Must Change :. 532g. 24Hr To High : about 118, 750 120g. 24Hr At Low : under 111, 000 374g.",2025-10-14 08:51:03,2025-10-14 08:51:10,126
12735,WorldOfCraft,Neutral,"<unk> WoW category A: 112,635g. Change:. 532g. 24Hr Volume: 118,120g. Super Low: 13,374g.",2025-10-14 08:51:03,2025-10-14 08:51:10,89
12737,WorldOfCraft,Neutral,"Check out my screenshot from World of  . . Gotta Be Careful, this swamp is crawling with all types of Dangers  !!!. . I got me daggers though  so :P pic.twitter.com/ThyTsMruN5",2025-10-14 08:51:03,2025-10-14 08:51:10,175
12737,WorldOfCraft,Neutral,"Check out my screenshot of World of... Beware, this swamp is crawling with all kinds of dangers!!!... I did get daggers though: P pic.twitter.com / ThyTsMruN5",2025-10-14 08:51:03,2025-10-14 08:51:10,158
12737,WorldOfCraft,Neutral,"Look at my screenshot from World of... a Be Careful, it's a swamp crazy with all types of Dangers!!!. I got daggers, though: P pic.wikipedia.com / ThyTsMruN5",2025-10-14 08:51:03,2025-10-14 08:51:10,157
12737,WorldOfCraft,Neutral,"Check out my screenshot from World of  . . Gotta Be Careful, this swamp is crawling with all types of Dangers  !!!. . I got me daggers though  so :P pic.twitter.com/ThyTsMruN5",2025-10-14 08:51:03,2025-10-14 08:51:10,175
12737,WorldOfCraft,Neutral,"I Check out my screenshot from World of  . . Gotta Be Careful, this swamp is crawling with all types of Dangers  !!!. . I got me daggers though  so :P pic.twitter.com/ThyTsMruN5",2025-10-14 08:51:03,2025-10-14 08:51:10,177
12737,WorldOfCraft,Neutral,that,2025-10-14 08:51:03,2025-10-14 08:51:10,4
12738,WorldOfCraft,Neutral,"imo these 2 are mainly \"ILLUMINATI\" games: EMPIRE EARTH, WARCRAFT III",2025-10-14 08:51:03,2025-10-14 08:51:10,69
12738,WorldOfCraft,Neutral,"imo These 2 are mainly \"ILLUMINATI\" games: EMPIRE EARTH, WARCRAFT III",2025-10-14 08:51:03,2025-10-14 08:51:10,69
12738,WorldOfCraft,Neutral,"imo these 2 are mainly \"ILLINATI\" games: EMPIRE EARTH, WARCRAFT III",2025-10-14 08:51:03,2025-10-14 08:51:10,67
12738,WorldOfCraft,Neutral,"imo these 2 are mainly \"ILLUMINATI\" reviews: EMPIRE 2017, WARCRAFT III",2025-10-14 08:51:03,2025-10-14 08:51:10,70
12738,WorldOfCraft,Neutral,"Others imo that these 2 are mainly \" ILLUMINATI \" The games : THE EMPIRE 4 EARTH, WARCRAFT III",2025-10-14 08:51:03,2025-10-14 08:51:10,94
12738,WorldOfCraft,Neutral,"imo these other separate mainly \"ILLUMINATI\" works: EMPIRE EARTH, WARCRAFT AND",2025-10-14 08:51:03,2025-10-14 08:51:10,78
12739,WorldOfCraft,Irrelevant,"An apt quote about my art if I've ever seen one 🤔. . \"This artists stuff is so weird lol.. . It's like they started off with warcraft draenei hentai and then got really hyped for cyberpunk 2077 lol.\"",2025-10-14 08:51:03,2025-10-14 08:51:10,199
12739,WorldOfCraft,Irrelevant,"A fitting quote about my art if I've ever seen one. \"\" This artist stuff is so weird lol... It's like they started with Warcraft Draenei Hentai and then really got hyped for Cyberpunk 2077 lol. \"",2025-10-14 08:51:03,2025-10-14 08:51:10,195
12739,WorldOfCraft,Irrelevant,"A quote about my art is apt if I have ever seen it: \"These artists are such strange lol... It's like they started with a warcraft draenei hentai and then really hypnotized for cyberpunk 2077 lol.\"",2025-10-14 08:51:03,2025-10-14 08:51:10,196
12739,WorldOfCraft,Irrelevant,"An apt quote about my art if anyone ever seen mine 🤔.. \"This artists stuff is so weird …. It's like they started off with warcraft draenei hentai and never got really hyped for cyberpunk style lol.\"",2025-10-14 08:51:03,2025-10-14 08:51:10,198
12739,WorldOfCraft,Irrelevant,"An apt English quote about my art if honest I've already ever already seen one [UNK].. \" This artists stuff is like so weird lol... It're s kinda like they started off with warcraft draenei and hentai... and then then got really hyped for cyberpunk 2077 lol. \"",2025-10-14 08:51:03,2025-10-14 08:51:10,260
12739,WorldOfCraft,Irrelevant,"An apt movie for my art if you've just seen one <unk>.. \"This artists stuff is so amazing lol... It's so they started off with the draenei hentai and then they really hyped for cyberpunk comics lol.\"",2025-10-14 08:51:03,2025-10-14 08:51:10,199
12740,WorldOfCraft,Neutral,"MT @davidsarac Inexplicable group behaviour, that seems uncoordinated, and had appeared also online (e.g. in the cursed blood accident epidemic on world of warcraft wearethemighty.com/warcraft-corru… )",2025-10-14 08:51:03,2025-10-14 08:51:10,201
12740,WorldOfCraft,Neutral,MT @ davidsarac Unexplained group behavior that appears uncoordinated and has also surfaced online (e.g. the cursed blood-spill epidemic at wearethemighty.com / warcraft-corru...),2025-10-14 08:51:03,2025-10-14 08:51:10,179
12740,WorldOfCraft,Neutral,"MT @ daviarac Uncoordinated group behavior that seems uncoordinated and has also appeared online (for example, in the bloody world of wearethemighty.com / warcraft-corru...)",2025-10-14 08:51:03,2025-10-14 08:51:10,173
12740,WorldOfCraft,Neutral,"MT K Inexplicable group behaviour, that seems too, and had appeared also online (e.g. in the cursed online accident epidemic a world of death wearethemighty.com/warcraft-corru… )",2025-10-14 08:51:03,2025-10-14 08:51:10,178
12740,WorldOfCraft,Neutral,"MT @davidsarac... Inexplicable spy group behaviour, that all seems uncoordinated, and had already appeared also online ( e. g. in 2015 the recently cursed undead blood accident epidemic on world pages of warcraft at wearethemighty. like com / warcraft - corru … )",2025-10-14 08:51:03,2025-10-14 08:51:10,263
12740,WorldOfCraft,Neutral,"MT @davidsarac game group behaviour, it seems uncoordinated, it had played here before (e.g. in the cursed blood accident found on world of evil over.com/warcraft-corru... )",2025-10-14 08:51:03,2025-10-14 08:51:10,173
12741,WorldOfCraft,Neutral,Check out this item I just got! [Heart of a Champion],2025-10-14 08:51:03,2025-10-14 08:51:10,55
12741,WorldOfCraft,Neutral,Take a look at this article I just got! [Heart of a Champion],2025-10-14 08:51:03,2025-10-14 08:51:10,61
12741,WorldOfCraft,Neutral,Check out this item I just got! [Heart of a Champion],2025-10-14 08:51:03,2025-10-14 08:51:10,53
12741,WorldOfCraft,Neutral,Check out this item I already got! [Heart of a Champion],2025-10-14 08:51:03,2025-10-14 08:51:10,56
12741,WorldOfCraft,Neutral,Check out this item I just recently got! [ Heart of You a Champion ],2025-10-14 08:51:03,2025-10-14 08:51:10,68
12741,WorldOfCraft,Neutral,Check out this item and just got! [Heart of Your Champion],2025-10-14 08:51:03,2025-10-14 08:51:10,58
12742,WorldOfCraft,Negative,"Hey @BlizzardCS @ATVI_AB @Warcraft @holinka @WatcherDev @Grummz . . Can we get some people to look into a friend of our's account? We got some < Pals for Life> people that might have gotten mass reported in BG and was banned on classic...there are tons of bots, but he gets banned?? pic.twitter.com/SIYM1CnR6s",2025-10-14 08:51:03,2025-10-14 08:51:10,309
12742,WorldOfCraft,Negative,"Hello @ BlizzardCS @ ATVI _ AB @ Warcraft @ holinka @ WatcherDev @ Grummz.. Can we get some people to look into a friend's account? < Pals for Life > People who have been reported en masse in BG and banned on classic platforms... there are tons of bots, but they're banned?? pic.twitter.com / SIYM1CnR6s",2025-10-14 08:51:03,2025-10-14 08:51:10,303
12742,WorldOfCraft,Negative,Hey @ BlizzardCS @ ATVI _ AB @ Warcraft @ holinka @ WatcherDev @ Gruz. Can we get some people to look into our friend's account?,2025-10-14 08:51:03,2025-10-14 08:51:10,128
12742,WorldOfCraft,Negative,"Hey RhandlerR RhandlerR RhandlerR RhandlerR RhandlerR RhandlerR . . Can we get some people to look into a friend of our's account? We got some < Pals for Life> people that might have gotten mass reported in BG and was banned on classic...there are tons of bots, but he gets banned?? pic.twitter.com/SIYM1CnR6s",2025-10-14 08:51:03,2025-10-14 08:51:10,309
12742,WorldOfCraft,Negative,"4 Hey RhandlerR RhandlerR RhandlerR RhandlerR RhandlerR RhandlerR . . Can we get some people to look into a friend of our's account? We got some < Pals for Life> people that might have gotten mass reported in BG and was banned on classic...there are tons of bots, but he gets banned?? pic.twitter.com/SIYM1CnR6s",2025-10-14 08:51:03,2025-10-14 08:51:10,311
12742,WorldOfCraft,Negative,it,2025-10-14 08:51:03,2025-10-14 08:51:10,2
12743,WorldOfCraft,Irrelevant,Lol I set up this string of tinder dates a while back where I would just bail on them without messaging them. I figured I would save them the disappointment. I made up excuses later like “oh you know socially this just works out fo me and makes me money so work but maye next year,2025-10-14 08:51:03,2025-10-14 08:51:10,280
12743,WorldOfCraft,Irrelevant,"I thought I would spare them the disappointment. I later made up excuses like, \"Oh, you know, it works for me socially and makes me money, so I'm working, but maybe next year.\"",2025-10-14 08:51:03,2025-10-14 08:51:10,176
12743,WorldOfCraft,Irrelevant,"I thought I was going to save them from disappointment. I then came up with excuses like \"oh, you know, it just works for me and makes me work like that, but next year I will.\"",2025-10-14 08:51:03,2025-10-14 08:51:10,176
12743,WorldOfCraft,Irrelevant,Lol Someone pulled up the string of tinder dates a while back where I would just bail on them without messaging them. I realized I would save them the disappointment. I made up excuses later like “oh you know socially this just works out fo yo and gives me money so work but maye next year,2025-10-14 08:51:03,2025-10-14 08:51:10,289
12743,WorldOfCraft,Irrelevant,Lol I set up this endless string of tinder dates a while back where usually I would just bail on getting them without messaging them. I simply figured I would save them the disappointment. I made up excuses months later like “ oh you know socially seriously this just works me out fo all me and makes me have money so work but maye next o year,2025-10-14 08:51:03,2025-10-14 08:51:10,343
12743,WorldOfCraft,Irrelevant,Lol I set up like string of tinder dates a while there where I would just count on them before messaging them. I figured I would save them the disappointment. Anyway made up ideas later like “oh you know if this just works out fo me you makes me money so work harder maye next year,2025-10-14 08:51:03,2025-10-14 08:51:10,281
12744,WorldOfCraft,Negative,Blizzard fucking up Warcraft III is so unsurprising lol,2025-10-14 08:51:03,2025-10-14 08:51:10,55
12744,WorldOfCraft,Negative,Blizzard fucking up Warcraft III is so unsurprising lol,2025-10-14 08:51:03,2025-10-14 08:51:10,55
12744,WorldOfCraft,Negative,Blizzard fucking up Warcraft III is so unsurprising lol,2025-10-14 08:51:03,2025-10-14 08:51:10,55
12744,WorldOfCraft,Negative,Blizzard fucking up Warcraft III was so unsurprising lol,2025-10-14 08:51:03,2025-10-14 08:51:10,56
12744,WorldOfCraft,Negative,Blizzard knows fucking up Warcraft III itself is so much unsurprising lol,2025-10-14 08:51:03,2025-10-14 08:51:10,73
12744,WorldOfCraft,Negative,Blizzard fucking up Episode III is so amazing lol,2025-10-14 08:51:03,2025-10-14 08:51:10,49
12745,WorldOfCraft,Negative,Had to switch some stuff up! Technical Difficulties with Warcraft! Instead we're playing Total War: WARHAMMER!!!  twitch.tv/midlands_gaming,2025-10-14 08:51:03,2025-10-14 08:51:10,139
12745,WorldOfCraft,Negative,Technical difficulties with Warcraft! Instead we play Total War: WARHAMMER!!! twitch.tv / midlands _ gaming,2025-10-14 08:51:03,2025-10-14 08:51:10,107
12745,WorldOfCraft,Negative,"Instead of that, we play Total War: WARHAMMER!!!!!!!!!!!!!!!!!!!!!!!!!!!!!!!!!!!!!!!!!!!!!!!!!!!!!!!!!!!!!!!!!!!!!!!!!!!!!!!!!!!!!!!!!!!!!!!!!!!!!!!!!!!!!!!!!!!!!!!!!!!!!!!!!!!!!!!!",2025-10-14 08:51:03,2025-10-14 08:51:10,181
12745,WorldOfCraft,Negative,Had to switch some stuff up! Technical Difficulties with Warcraft! Instead we're playing Total War: WARHAMMER!!!  twitch.tv/midlands_gaming,2025-10-14 08:51:04,2025-10-14 08:51:10,139
12745,WorldOfCraft,Negative,or Had to switch some stuff up! Technical Difficulties with Warcraft! Instead we're playing Total War: WARHAMMER!!!  twitch.tv/midlands_gaming,2025-10-14 08:51:04,2025-10-14 08:51:10,142
12745,WorldOfCraft,Negative,the,2025-10-14 08:51:04,2025-10-14 08:51:10,3
12746,WorldOfCraft,Neutral,Come and hangout with the wonderful Ceddy!,2025-10-14 08:51:04,2025-10-14 08:51:10,42
12746,WorldOfCraft,Neutral,Come and meet the wonderful Ceddy!,2025-10-14 08:51:04,2025-10-14 08:51:10,34
12746,WorldOfCraft,Neutral,Come and have a chat with the wonderful Seddy!,2025-10-14 08:51:04,2025-10-14 08:51:10,46
12746,WorldOfCraft,Neutral,Come and hangout beside the wonderful Ceddy!,2025-10-14 08:51:04,2025-10-14 08:51:10,44
12746,WorldOfCraft,Neutral,O Come and hangout outside with the wonderful Ceddy!,2025-10-14 08:51:04,2025-10-14 08:51:10,52
12746,WorldOfCraft,Neutral,Come and hangout with the Red Ceddy!,2025-10-14 08:51:04,2025-10-14 08:51:10,36
12747,WorldOfCraft,Neutral,Check out this item I just got! [Wristwraps of the Insatiable Maw],2025-10-14 08:51:04,2025-10-14 08:51:10,68
12747,WorldOfCraft,Neutral,Check out this article I just got! [Insatiable Stomach Bracelets],2025-10-14 08:51:04,2025-10-14 08:51:10,65
12747,WorldOfCraft,Neutral,Look at this thing I just got! [picture from the scene],2025-10-14 08:51:04,2025-10-14 08:51:10,55
12747,WorldOfCraft,Neutral,Check off this item I finally got! [Wristwraps of the Insatiable Maw],2025-10-14 08:51:04,2025-10-14 08:51:10,69
12747,WorldOfCraft,Neutral,Check out this item I just got! [ Wristwraps off of recording the original Insatiable from Maw ],2025-10-14 08:51:04,2025-10-14 08:51:10,96
12747,WorldOfCraft,Neutral,test out this item I just got! [Wristwraps of my Australian Maw],2025-10-14 08:51:04,2025-10-14 08:51:10,64
12748,WorldOfCraft,Neutral,Warcraft III: Reforged Gets Its First Update and Some Are Having Trouble Downloading It dlvr.it/RPXGd6 https://t.co/Gq5uFXipjE,2025-10-14 08:51:04,2025-10-14 08:51:10,126
12748,WorldOfCraft,Neutral,Warcraft III: Reforged receives its first update and some have difficulty downloading it dlvr.it / RPXGd6 https: / / t.co / Gq5uFXipjE,2025-10-14 08:51:04,2025-10-14 08:51:10,134
12748,WorldOfCraft,Neutral,"Warcraft III: Reformed Gets Its First, and Some are Having Trophy Downloading It dr.it / RPXGd6 https: / / co / Gq5uFXipjE",2025-10-14 08:51:04,2025-10-14 08:51:10,122
12748,WorldOfCraft,Neutral,Warcraft 2: Reforged Gets Its First Update and Some Are Having Trouble Downloading [[ bio.it/RPXGd6 https://t.co/Gq5uFXipjE],2025-10-14 08:51:04,2025-10-14 08:51:10,124
12748,WorldOfCraft,Neutral,UK Warcraft III : Reforged And Gets Its Special First Update and and Now Some Russians Are Having a Trouble Downloading It dlvr. it / at RPXGd6 https://t.co/Gq5uFXipjE ],2025-10-14 08:51:04,2025-10-14 08:51:10,169
12748,WorldOfCraft,Neutral,Warcraft III: DVD Gets Its First Update Like Some Are Having Trouble Finding This dlvr.it/RPXGd6 &],2025-10-14 08:51:04,2025-10-14 08:51:10,99
12749,WorldOfCraft,Neutral,I just earned the [Never A Day's Rest] Achievement!,2025-10-14 08:51:04,2025-10-14 08:51:10,53
12749,WorldOfCraft,Neutral,"I just earned the performance \"Never A Day's Rest\"!",2025-10-14 08:51:04,2025-10-14 08:51:10,51
12749,WorldOfCraft,Neutral,I've just won an award [Never for a day]!,2025-10-14 08:51:04,2025-10-14 08:51:10,41
12749,WorldOfCraft,Neutral,I just earned the [Never A<unk> Rest] Achievement!,2025-10-14 08:51:04,2025-10-14 08:51:10,50
12749,WorldOfCraft,Neutral,I just earned the [ Never A Merry Day's At Rest ] Achievement!,2025-10-14 08:51:04,2025-10-14 08:51:10,62
12749,WorldOfCraft,Neutral,I also earned the [Never in Day's Rest] Achievement!,2025-10-14 08:51:04,2025-10-14 08:51:10,52
12750,WorldOfCraft,Neutral,"Hi friends. Today’s  . . 3 of Blades (Heartbreak) - grief, sorrow, guilt, disappointment, bad/sad news, jealousy, poor communication.. . Today: time heals all wounds, if you let it . . . unofficialwowtarot.com.",2025-10-14 08:51:04,2025-10-14 08:51:10,212
12750,WorldOfCraft,Neutral,"Hello friends. Today.. 3 of Blades (heartbreak) - grief, grief, guilt, disappointment, bad / sad news, jealousy, bad communication... Today: Time heals all wounds, if you will... inofficialwowtarot.com.",2025-10-14 08:51:04,2025-10-14 08:51:10,202
12750,WorldOfCraft,Neutral,"Hi friends. Today... 3 of Blades (Heartbreak) - grief, sadness, anticipation, disappointment, bad / sad news, jealousy, poor communication... Today: time hearts all ranges, if you let it... unofficialwowtarot.com.",2025-10-14 08:51:04,2025-10-14 08:51:10,213
12750,WorldOfCraft,Neutral,"Hi friends. Today’s .<unk> Theme of Blades (Heartbreak) - grief, sorrow, guilt, disappointment, bad/sad news, jealousy, poor communication... Today: time heals many wounds, if you keep go... unofficialwowtarot.com.",2025-10-14 08:51:04,2025-10-14 08:51:10,214
12750,WorldOfCraft,Neutral,"In Hi friends. Today ’ s.. 3 of Blades ( Heartbreak ) - grief, sorrow, guilt, overwhelming disappointment, bad / sometimes sad hot news, bitter jealousy, poor communication... from Today : That time truly heals all wounds, if you let stand it... on unofficialwowtarot. com.",2025-10-14 08:51:04,2025-10-14 08:51:10,273
12750,WorldOfCraft,Neutral,"to friends. 3.. 3 of 1 (Heartbreak) - Fear, sorrow, guilt, worry, bad/sad news, jealousy, abusive communication... Today: time between all wounds, should you find one... unofficialwowtarot.com.",2025-10-14 08:51:04,2025-10-14 08:51:10,193
12751,WorldOfCraft,Negative,I mean midterms. But it’s late and I’m tired,2025-10-14 08:51:04,2025-10-14 08:51:10,44
12751,WorldOfCraft,Negative,But it's late and I'm tired.,2025-10-14 08:51:04,2025-10-14 08:51:10,28
12751,WorldOfCraft,Negative,"I mean the middle of the semester, but it's too late and I'm tired.",2025-10-14 08:51:04,2025-10-14 08:51:10,67
12751,WorldOfCraft,Negative,I mean okay. But it’s late and I’m tired,2025-10-14 08:51:04,2025-10-14 08:51:10,40
12751,WorldOfCraft,Negative,I actually mean midterms. But obviously it ’ s late and I also ’ m tired,2025-10-14 08:51:04,2025-10-14 08:51:10,72
12751,WorldOfCraft,Negative,<unk> mean midterms. Because it’s late and I’m tired,2025-10-14 08:51:04,2025-10-14 08:51:10,52
12752,WorldOfCraft,Negative,I don't know what I'm doing wrong but the Rogue Legendary just doesn't seem to work at all?. @Warcraft @WarcraftDevs @LimitThdlock https://t.co/kUqD4qQEe1,2025-10-14 08:51:04,2025-10-14 08:51:10,154
12752,WorldOfCraft,Negative,"I don't know what I'm doing wrong, but the rogue legend just doesn't seem to work at all?. @ Warcraft @ WarcraftDevs @ LimitThdlock https: / / t.co / kUqD4qQEe1",2025-10-14 08:51:04,2025-10-14 08:51:10,160
12752,WorldOfCraft,Negative,I don't know what I'm doing wrong but the Rogue Legendary just doesn't seem to work at all?. @ Warcraft @ Warcraft Devs @ LimitThdlock https: / / co / kUqD4qQEE1,2025-10-14 08:51:04,2025-10-14 08:51:10,161
12752,WorldOfCraft,Negative,I might know what I'm doing<unk> but the Rogue Legendary UI doesn't seem to work at all?. @Warcraft @WarcraftDevs @LimitThdlock https://t.co/kUqD4qQEe1],2025-10-14 08:51:04,2025-10-14 08:51:10,152
12752,WorldOfCraft,Negative,I don't even know what I'V m doing wrong so but the A Rogue Legendary or just yet doesn'r t seem to work at the all?. @Warcraft @WarcraftDevs @LimitThdlock S https://t.co/kUqD4qQEe1 ],2025-10-14 08:51:04,2025-10-14 08:51:10,183
12752,WorldOfCraft,Negative,I somehow't know what wrong'm doing wrong and the Rogue Games just don't seem to work at all?. @Warcraft Click @WarcraftDevs https://t.co/kUqD4qQEe1],2025-10-14 08:51:04,2025-10-14 08:51:10,149
12753,WorldOfCraft,Negative,". . @Warcraft_RU, cc. @Jack, I do not wish to be promoted your software, or anything else related to war. I very much dislike war, and i very much dislike war games, as is apparent from my tweet history. Also, i do not understand Russian.",2025-10-14 08:51:04,2025-10-14 08:51:10,239
12753,WorldOfCraft,Negative,"... @ Warcraft _ RU, cc. @ Jack, I don't want to be advertised for your software or anything else related to war. I like war a lot, and I like war games a lot, as my tweet story shows. Besides, I don't understand Russian.",2025-10-14 08:51:04,2025-10-14 08:51:10,221
12753,WorldOfCraft,Negative,".. @ Warcraft _ EN, cc. @ Jack, I do not wish to be promoted by your software, or anything else related to war. I very much dislike war, and i very much dislike war games, as is clear from my twitter history. Also, i do not understand English.",2025-10-14 08:51:04,2025-10-14 08:51:10,243
12753,WorldOfCraft,Negative,". Hi @Warcraft_RU, cc. @Jack, I do not wish to be discussing your software, or anything else related to war. you very much dislike war, and i very much dislike war games, this is apparent from my tweet history. Also, I do not understand Russian.",2025-10-14 08:51:04,2025-10-14 08:51:10,245
12753,WorldOfCraft,Negative,".. x @Warcraft_RU, cc. @Jack, I don't wish that to either be promoted your software, hardware or anything whatsoever else related to war. but I very much dislike war, and i very much rather dislike war games, as is apparent from my tweet history. · Also, i sadly do currently not understand Russian.",2025-10-14 08:51:04,2025-10-14 08:51:10,299
12753,WorldOfCraft,Negative,".. @Warcraft_RU, cc. @Jack, we did not wish to be promoted your software, or anything else ties to war. I very much dislike war, particularly i very much dislike running games, as is shown from our tweet history. Also, i do only read Russian.",2025-10-14 08:51:04,2025-10-14 08:51:10,242
12754,WorldOfCraft,Neutral,"I, EvaX, humbly submit, a toast, to Nikolas Alexander, for successfully managing to pirate Warcraft 3, so that he may play Defense of The Ancients. Congratulations, Nik. Enjoy your dota.",2025-10-14 08:51:04,2025-10-14 08:51:10,186
12754,WorldOfCraft,Neutral,"I, EvaX, humbly admit to myself and toast Nikolas Alexander for successfully plundering Warcraft 3 so he can play Defense of The Ancients. Congratulations, Nik. Enjoy your dota.",2025-10-14 08:51:04,2025-10-14 08:51:10,177
12754,WorldOfCraft,Neutral,"I, EvaX, humbly submit, toast, to Nick Alexander for successfully managing pirated Warcraft 3 so he can play Defense of The Ancients. Congratulations, Nick. Enjoy your donation.",2025-10-14 08:51:04,2025-10-14 08:51:10,177
12754,WorldOfCraft,Neutral,"I, EvaX, humbly submit, a toast, from Nikolas Alexander, on finally managing to pirate Warcraft 3, so that he would play Defense of The Ancients. Congratulations, Nik. Enjoy your dota.",2025-10-14 08:51:04,2025-10-14 08:51:10,184
12754,WorldOfCraft,Neutral,"March I, Queen EvaX, humbly submit, a toast, to Nikolas Alexander, for successfully managing to successfully pirate Project Warcraft 3, so that he may properly play Defense of Only The Ancients. Congratulations, Big Nik.... Enjoy training your dota.",2025-10-14 08:51:04,2025-10-14 08:51:10,249
12754,WorldOfCraft,Neutral,"I, then, humbly conclude, a toast, with Nikolas Alexander, and his managing to pirate Warcraft 3, so as he may play Defense of The Ancients. Congratulations, Nik. Enjoy your adventure.",2025-10-14 08:51:04,2025-10-14 08:51:10,184
12755,WorldOfCraft,Neutral,Check out this item I just got! [Grips of the Insatiable Maw],2025-10-14 08:51:04,2025-10-14 08:51:10,63
12755,WorldOfCraft,Neutral,Take a look at this article I just got! [Insatiable Stomach Grips],2025-10-14 08:51:04,2025-10-14 08:51:10,66
12755,WorldOfCraft,Neutral,Look at this thing I just got! [Grips of the Tribune Maw],2025-10-14 08:51:04,2025-10-14 08:51:10,57
12755,WorldOfCraft,Neutral,Check out this item Daniel just got! [Grips of the Insatiable Maw],2025-10-14 08:51:04,2025-10-14 08:51:10,66
12755,WorldOfCraft,Neutral,Check out this little item I just got! [ 3 Grips Mouth of the Good Insatiable Maw ],2025-10-14 08:51:04,2025-10-14 08:51:10,83
12755,WorldOfCraft,Neutral,Check out this baby I just got! [Grips of Life Tree Maw],2025-10-14 08:51:04,2025-10-14 08:51:10,56
12756,WorldOfCraft,Neutral,Check out this item I just got! [Uncanny Combatant's Leather Gauntlets of the Peerless],2025-10-14 08:51:04,2025-10-14 08:51:10,89
12756,WorldOfCraft,Neutral,Take a look at this article I just got! [Uncanny Combat Gloves of the Incomparable Fighter],2025-10-14 08:51:04,2025-10-14 08:51:10,91
12756,WorldOfCraft,Neutral,"Look at the item I've just received! [Strange \"Legends of Peer\" combatant]",2025-10-14 08:51:04,2025-10-14 08:51:10,74
12756,WorldOfCraft,Neutral,Check out some item I just got! [Uncanny Combatant's Leather Gauntlets from the Peerless],2025-10-14 08:51:04,2025-10-14 08:51:10,89
12756,WorldOfCraft,Neutral,Check out this item and I just got! [ The Uncanny Combatant's Leather Gauntlets Order of William the Red Peerless ],2025-10-14 08:51:04,2025-10-14 08:51:10,115
12756,WorldOfCraft,Neutral,put out some item I just got! [Uncanny Academy's Leather Gauntlets of the Peerless],2025-10-14 08:51:04,2025-10-14 08:51:10,83
12757,WorldOfCraft,Positive,I think that part of the problem was the community expectation of the game. I will try it soon.,2025-10-14 08:51:04,2025-10-14 08:51:10,95
12757,WorldOfCraft,Positive,I think part of the problem was the community's expectation of the game. I will try soon.,2025-10-14 08:51:04,2025-10-14 08:51:10,89
12757,WorldOfCraft,Positive,I think part of the problem was the community's expectations of the game.,2025-10-14 08:51:04,2025-10-14 08:51:10,73
12757,WorldOfCraft,Positive,I say that part fo the problem was the community expectation of the game. I will try it soon.,2025-10-14 08:51:04,2025-10-14 08:51:10,93
12757,WorldOfCraft,Positive,I think that part one of the problem was just the community expectation and of watching the game. I will try it soon.,2025-10-14 08:51:04,2025-10-14 08:51:10,117
12757,WorldOfCraft,Positive,I think that part of the problem was lower community expectation of the game. I should try something soon.,2025-10-14 08:51:04,2025-10-14 08:51:10,106
12758,WorldOfCraft,Negative,"Just seriously, is it that hard to make a good remake? Gosh, I thought that nothing could be worse than the Warcraft 3: Reforged. I was definitely wrong. Looks like a game published in 2010, that's gotta be a joke... I've been waiting 12 years for that...",2025-10-14 08:51:04,2025-10-14 08:51:10,255
12758,WorldOfCraft,Negative,"Seriously, is it so hard to make a good remake? Oh, I thought nothing could be worse than Warcraft 3: Reforged. I was definitely wrong. Looks like a game released in 2010, this must be a joke... I've been waiting 12 years for that...",2025-10-14 08:51:04,2025-10-14 08:51:10,233
12758,WorldOfCraft,Negative,"Seriously, is it hard to make a good remake? Gosh, I thought nothing could be worse than Warcraft 3: Reforged. I was definitely wrong.",2025-10-14 08:51:04,2025-10-14 08:51:10,134
12758,WorldOfCraft,Negative,"Just seriously, is it so hard to make a good port? Gosh, I thought that nothing could be worse than the Warcraft 3: Reforged. I was definitely wrong. Looks like old game published circa 2010, this gotta be a joke... I've been waiting 7 years for that...",2025-10-14 08:51:04,2025-10-14 08:51:10,253
12758,WorldOfCraft,Negative,"Just question seriously, or is it that hard to make of a good game remake? But Gosh, I thought that perhaps nothing could be worse than the Warcraft 3 : Reforged. I was definitely wrong. Looks like a game was published in 2010, that's gotta be for a joke... so I'I ve been waiting 12 years for that...",2025-10-14 08:51:04,2025-10-14 08:51:10,301
12758,WorldOfCraft,Negative,"Just seriously, is it that bad to make a good remake? Gosh, I thought that remake could be worse than Game One 3: Reforged. But was definitely wrong. Because like original game published in 2010, that's gotta be a joke... would've been here 12 years before that...",2025-10-14 08:51:04,2025-10-14 08:51:10,264
12759,WorldOfCraft,Positive,[Thanks For The Mementos] Achievement!,2025-10-14 08:51:04,2025-10-14 08:51:10,40
12759,WorldOfCraft,Positive,[Thanks for the souvenirs] achievement!,2025-10-14 08:51:04,2025-10-14 08:51:10,39
12759,WorldOfCraft,Positive,[Thanks for The Mementos],2025-10-14 08:51:04,2025-10-14 08:51:10,25
12759,WorldOfCraft,Positive,[Thanks From The Mementos] Achievement!,2025-10-14 08:51:04,2025-10-14 08:51:10,39
12759,WorldOfCraft,Positive,[ Now Thanks All For The Mementos ] Achievement!,2025-10-14 08:51:04,2025-10-14 08:51:10,48
12759,WorldOfCraft,Positive,[Thanks For this Mementos] Achievement!,2025-10-14 08:51:04,2025-10-14 08:51:10,39
12760,WorldOfCraft,Neutral,Commission for Two Lovely folks on WoW's MG..,2025-10-14 08:51:04,2025-10-14 08:51:10,47
12760,WorldOfCraft,Neutral,Order for two beautiful people on WoW's MG..,2025-10-14 08:51:04,2025-10-14 08:51:10,44
12760,WorldOfCraft,Neutral,A commission for two lovers of follies on WoW's MG..,2025-10-14 08:51:04,2025-10-14 08:51:10,52
12760,WorldOfCraft,Neutral,Commission for Two fine folks on WoW's MG..,2025-10-14 08:51:04,2025-10-14 08:51:10,43
12760,WorldOfCraft,Neutral,Commission for Two Lovely black folks on WoW'E s Radio MG..,2025-10-14 08:51:04,2025-10-14 08:51:10,59
12760,WorldOfCraft,Neutral,Commission for Two More folks for WoW's MG..,2025-10-14 08:51:04,2025-10-14 08:51:10,44
12761,WorldOfCraft,Irrelevant,"I'm so conflicted with how to word myself these days - I think the phrase \"World of Warcraft genocide\" is pretty funny but even saying \"genocide\" in a video is likely to result in much lower viewership due to ad limitations. I don't want to unnecessarily censor myself.",2025-10-14 08:51:04,2025-10-14 08:51:10,269
12761,WorldOfCraft,Irrelevant,"I'm as divided as I'm supposed to be these days - I find the term \"genocide from World of Warcraft\" quite funny, but even if I say \"genocide\" in a video, it's likely to result in a much lower viewership rate due to ad restrictions. I don't want to censor myself unnecessarily.",2025-10-14 08:51:04,2025-10-14 08:51:10,276
12761,WorldOfCraft,Irrelevant,"I like to talk about myself so much these days - I think the phrase \"World of Warcraft genotype\" is pretty funny, but even saying the word \"genotype\" in the clip is likely to lead to a much smaller audience because of advertising restrictions. I don't want to censor myself too much.",2025-10-14 08:51:04,2025-10-14 08:51:10,283
12761,WorldOfCraft,Irrelevant,"I'm so conflicted with how to word myself these days - I feel the phrase \"World of Warcraft genocide\" is pretty funny but even saying so\" in a video is unlikely to result in much lower viewership due to ad limitations. I don't want to double burden myself.",2025-10-14 08:51:04,2025-10-14 08:51:10,256
12761,WorldOfCraft,Irrelevant,"I've m so incredibly conflicted here with how to just word myself these six days - that I think of the phrase \" World of Warcraft genocide \" is pretty funny but not even deliberately saying \" 3D genocide \" in a video is likely to result in much lower viewership due to ad limitations. I don't want to unnecessarily censor myself.",2025-10-14 08:51:04,2025-10-14 08:51:10,329
12761,WorldOfCraft,Irrelevant,"I'm so conflicted with how not word myself more days - I think the phrase \"World or Warcraft movie\" is pretty funny and even placing \"genocide\" in a video is likely it result in far lower laughs due to ad limitations. Also don't want to unnecessarily censor myself.",2025-10-14 08:51:04,2025-10-14 08:51:10,265
12762,WorldOfCraft,Neutral,"Warcraft III: Reforged Launch Disaster, Fans Revolt over Poor Graphics and More disq.us/t/3lpelw7. .",2025-10-14 08:51:04,2025-10-14 08:51:10,102
12762,WorldOfCraft,Neutral,"Warcraft III: Reforged Launch Disaster, fans revolt over poor graphics and more disq.us / t / 3lpelw7.",2025-10-14 08:51:04,2025-10-14 08:51:10,102
12762,WorldOfCraft,Neutral,"Warcraft III: Reformed Launch Disaster, Fans Revolt over Poor Graphics and More disq.us / t / 3lpelw7.",2025-10-14 08:51:04,2025-10-14 08:51:10,102
12762,WorldOfCraft,Neutral,"Warcraft III: Reforged From Disaster, Rebels Revolt to Poor Graphics and More disq.us/t/3lpelw7..",2025-10-14 08:51:04,2025-10-14 08:51:10,97
12762,WorldOfCraft,Neutral,"Warcraft Universe III : Reforged Launch After Disaster, Fans Revolt America over Poor Quality Graphics and No More disq. to us / t / w 3lpelw7..",2025-10-14 08:51:04,2025-10-14 08:51:10,144
12762,WorldOfCraft,Neutral,"and III: Reforged Launch Test, but Get over Poor Graphics and More Details.us/t/3lpelw7..",2025-10-14 08:51:04,2025-10-14 08:51:10,89
12763,WorldOfCraft,Positive,I love World of Warcraft ;(,2025-10-14 08:51:04,2025-10-14 08:51:10,27
12763,WorldOfCraft,Positive,I love World of Warcraft; (,2025-10-14 08:51:04,2025-10-14 08:51:10,27
12763,WorldOfCraft,Positive,I love World of Warcraft; (,2025-10-14 08:51:04,2025-10-14 08:51:10,27
12763,WorldOfCraft,Positive,I love World of Warcraft :(,2025-10-14 08:51:04,2025-10-14 08:51:10,27
12763,WorldOfCraft,Positive,What I love World of Warcraft ; (,2025-10-14 08:51:04,2025-10-14 08:51:10,33
12763,WorldOfCraft,Positive,I love Battle of Warcraft ;(,2025-10-14 08:51:04,2025-10-14 08:51:10,28
12764,WorldOfCraft,Neutral,Goodnight folks! Thanks for a great evening of dungeon runs!,2025-10-14 08:51:04,2025-10-14 08:51:10,62
12764,WorldOfCraft,Neutral,Good night folks! Thank you for a great evening full of dungeon runs!,2025-10-14 08:51:04,2025-10-14 08:51:10,69
12764,WorldOfCraft,Neutral,Good luck! Thank you for a beautiful evening of jogging dances!,2025-10-14 08:51:04,2025-10-14 08:51:10,63
12764,WorldOfCraft,Neutral,Goodnight gentlemen! Thanks for a great evening of dungeon runs!,2025-10-14 08:51:04,2025-10-14 08:51:10,64
12764,WorldOfCraft,Neutral,Goodnight folks! Thanks for having a great evening ahead of dungeon runs!,2025-10-14 08:51:04,2025-10-14 08:51:10,73
12764,WorldOfCraft,Neutral,Goodnight folks! Plan for a great evening of dungeon runs!,2025-10-14 08:51:04,2025-10-14 08:51:10,58
12765,WorldOfCraft,Neutral,I've NEVER played World of Warcraft! (help) twitch.tv/dxrkwxsp,2025-10-14 08:51:04,2025-10-14 08:51:10,64
12765,WorldOfCraft,Neutral,I NEVER played World of Warcraft! (Help) twitch.tv / dxrkwxsp,2025-10-14 08:51:04,2025-10-14 08:51:10,61
12765,WorldOfCraft,Neutral,I've NEVER played World of Warcraft! (help) tch.tv / dxrkwxsp,2025-10-14 08:51:04,2025-10-14 08:51:10,61
12765,WorldOfCraft,Neutral,I've NEVER played World of Warcraft! (help) twitch.tv/dxrkwxsp,2025-10-14 08:51:04,2025-10-14 08:51:10,64
12765,WorldOfCraft,Neutral,Source I've NEVER played World of Warcraft! (help) twitch.tv/dxrkwxsp,2025-10-14 08:51:04,2025-10-14 08:51:10,71
12765,WorldOfCraft,Neutral,in,2025-10-14 08:51:04,2025-10-14 08:51:10,2
12766,WorldOfCraft,Positive,OMG finally.  Still need the harvester one though. Check out this item I just got! [Rusted Keys to the Junkheap Drifter],2025-10-14 08:51:04,2025-10-14 08:51:10,122
12766,WorldOfCraft,Positive,OMG finally. Need the harvest cart anyway. Check out this article I just got! [Rusted Keys to the Junkheap Drifter],2025-10-14 08:51:04,2025-10-14 08:51:10,115
12766,WorldOfCraft,Positive,OMG finally. Still need the harvester one though. Check out this item I just got! [Rusted Keys to the Jack Drive],2025-10-14 08:51:04,2025-10-14 08:51:10,113
12766,WorldOfCraft,Positive,OMG finally.  Still need more harvester one though. Check out this item I just got! + Keys to another Junkheap Drifter],2025-10-14 08:51:04,2025-10-14 08:51:10,119
12766,WorldOfCraft,Positive,OMG it finally.... Still did need the lead harvester one though.... Check out this item I just finally got! [ From Rusted Keys to the Junkheap Drifter ],2025-10-14 08:51:04,2025-10-14 08:51:10,152
12766,WorldOfCraft,Positive,OMG man. Still need this harvester one though. Check out little item I just posted! [Rusted Keys to the Junkheap Drifter],2025-10-14 08:51:04,2025-10-14 08:51:10,121
12767,WorldOfCraft,Negative,Why @Warcraft releasing pre-patch before in NA than EU? Unfair,2025-10-14 08:51:04,2025-10-14 08:51:10,62
12767,WorldOfCraft,Negative,Why @ Warcraft Pre-Patch released earlier in NA than in the EU? Unfair,2025-10-14 08:51:04,2025-10-14 08:51:10,70
12767,WorldOfCraft,Negative,Why did @ Warcraft make a pre-patch earlier than in the EU?,2025-10-14 08:51:04,2025-10-14 08:51:10,59
12767,WorldOfCraft,Negative,Why @Warcraft releasing pre-patch updates in NA than EU? Unfair,2025-10-14 08:51:04,2025-10-14 08:51:10,63
12767,WorldOfCraft,Negative,Why @Warcraft releasing pre - release patch before in wider NA than most EU? Unfair,2025-10-14 08:51:04,2025-10-14 08:51:10,83
12767,WorldOfCraft,Negative,Why @Warcraft releasing pre-patch before in NA<unk> EU? Have,2025-10-14 08:51:04,2025-10-14 08:51:10,60
12768,WorldOfCraft,Negative,This is the best explanation of my disappointment with the expansion,2025-10-14 08:51:04,2025-10-14 08:51:10,68
12768,WorldOfCraft,Negative,This is the best explanation for my disappointment with the expansion.,2025-10-14 08:51:04,2025-10-14 08:51:10,70
12768,WorldOfCraft,Negative,This is the best explanation for my frustration with the expansion,2025-10-14 08:51:04,2025-10-14 08:51:10,66
12768,WorldOfCraft,Negative,This is the best explanation of my disappointment with the NFL,2025-10-14 08:51:04,2025-10-14 08:51:10,62
12768,WorldOfCraft,Negative,This really is the best explanation of my obvious disappointment with the expansion,2025-10-14 08:51:04,2025-10-14 08:51:10,83
12768,WorldOfCraft,Negative,This is the best explanation of my disappointment that the expansion,2025-10-14 08:51:04,2025-10-14 08:51:10,68
12769,WorldOfCraft,Negative,"I don't even follow Warcraft but merging the original Warcraft 3 with Reforged sounds like a major fuck up that no one wanted, needed, or even thought was possible.",2025-10-14 08:51:04,2025-10-14 08:51:10,164
12769,WorldOfCraft,Negative,"I don't even follow Warcraft, but merging the original Warcraft 3 with Reforged sounds like a big shit that no one wanted, needed, or even thought possible.",2025-10-14 08:51:04,2025-10-14 08:51:10,156
12769,WorldOfCraft,Negative,"I don't even follow Warcraft, but merging the original Warcraft 3 with Reforged sounds like a lot of nonsense that no one wanted, needed, or even thought was possible.",2025-10-14 08:51:04,2025-10-14 08:51:10,167
12769,WorldOfCraft,Negative,"I<unk> often follow Warcraft but merging the original Warcraft 3 with Reforged sounds like a major fuck up we no one wanted, needed, or even thought was possible.",2025-10-14 08:51:04,2025-10-14 08:51:10,162
12769,WorldOfCraft,Negative,"I don'2 t really even follow Warcraft but merging the original Warcraft Volume 3 with Reforged sounds like a major fuck up with that just no damn one wanted, needed, or even thought even was possible.",2025-10-14 08:51:04,2025-10-14 08:51:10,200
12769,WorldOfCraft,Negative,"I don't even know Warcraft but merging the original Warcraft 3 with Reforged sounds like a radical fuck shift that no one designed, desired, or even thought was possible.",2025-10-14 08:51:04,2025-10-14 08:51:10,170
12770,WorldOfCraft,Irrelevant,"Had my mother move in next to me in the GameCube Animal Crossing. I lost that memory card. I then got her to make an undead warlock in World of Warcraft. Unfortunately, shortly after she passed away. My mother raised a gamer and she played with him too. Miss you mom, love you .",2025-10-14 08:51:04,2025-10-14 08:51:10,279
12770,WorldOfCraft,Irrelevant,"I lost this memory card. I then got her to make an undead warlock in World of Warcraft. Unfortunately, shortly after her death. My mother raised a player and played with him as well. Miss you mom, love you.",2025-10-14 08:51:04,2025-10-14 08:51:10,206
12770,WorldOfCraft,Irrelevant,"I lost that memory card. Then I got her to make a dead warlock in World of Warcraft. Unfortunately, not long after she died.",2025-10-14 08:51:04,2025-10-14 08:51:10,124
12770,WorldOfCraft,Irrelevant,"Had my mother move in addition to me in the GameCube Animal Crossing. I lost that memory card. They somehow got her to make an undead warlock in Wings i Warcraft. Unfortunately, shortly after she passed away. My mother raised a gamer and she played with Zelda too. Miss you mom, love you.",2025-10-14 08:51:04,2025-10-14 08:51:10,288
12770,WorldOfCraft,Irrelevant,"Had me my mother actually move her in next to like me in the GameCube Animal Crossing. I lost using that memory card. I then got her to make an undead warlock in your World of Warcraft. Unfortunately, no shortly after she passed away. My mother raised a gamer and then she played with him later too. Miss you mom, love me you.",2025-10-14 08:51:04,2025-10-14 08:51:10,326
12770,WorldOfCraft,Irrelevant,"Had my mother picture her next to me in my GameCube Animal Crossing. I lost some memory suddenly. She then got her to make an orange dragon in World of Warcraft. Unfortunately, shortly prior she passed away. My mother raised a gamer and she played with him every. Miss you mom, love you.",2025-10-14 08:51:04,2025-10-14 08:51:10,287
12771,WorldOfCraft,Neutral,"Now THAT felt good, especially with his parting words! haha :) youtube.com/watch?v=7JpGhG… //",2025-10-14 08:51:04,2025-10-14 08:51:10,95
12771,WorldOfCraft,Neutral,"THAT felt good, especially with his farewell words! haha:) youtube.com / watch? v = 7JpGhG... / /",2025-10-14 08:51:04,2025-10-14 08:51:10,97
12771,WorldOfCraft,Neutral,"Now THAT felt good, especially with his parting words! haha:) youtube.com / watch? v = 7JpGhG... / /",2025-10-14 08:51:04,2025-10-14 08:51:10,100
12771,WorldOfCraft,Neutral,"Now THAT sound good, especially with his parting words! \" :) youtube.com/watch?v=7JpGhG… //",2025-10-14 08:51:04,2025-10-14 08:51:10,91
12771,WorldOfCraft,Neutral,"Now... THAT suddenly felt good, especially with finally his parting famous words! a haha : ) youtube. com / watch? v = 0 7JpGhG... … / /",2025-10-14 08:51:04,2025-10-14 08:51:10,136
12771,WorldOfCraft,Neutral,"said he felt good, especially with SO heartfelt words! haha :) on.com/watch?v=7JpGhG... //",2025-10-14 08:51:04,2025-10-14 08:51:10,90
12772,WorldOfCraft,Neutral,I just earned the [Horrific Masquerade] Achievement!,2025-10-14 08:51:04,2025-10-14 08:51:10,54
12772,WorldOfCraft,Neutral,I just earned the [Horrific Masquerade] Achievement!,2025-10-14 08:51:04,2025-10-14 08:51:10,52
12772,WorldOfCraft,Neutral,"I've just earned \"Horrible Bosses\"!",2025-10-14 08:51:04,2025-10-14 08:51:10,35
12772,WorldOfCraft,Neutral,I just took the [Horrific Masquerade] Achievement!,2025-10-14 08:51:04,2025-10-14 08:51:10,50
12772,WorldOfCraft,Neutral,I just just earned the [ Horrific Masquerade ] Training Achievement!,2025-10-14 08:51:04,2025-10-14 08:51:10,68
12772,WorldOfCraft,Neutral,I just earned the [Horrific Video] Award!,2025-10-14 08:51:04,2025-10-14 08:51:10,41
12773,WorldOfCraft,Neutral,Live with Tuesday RAID NIGHT BABY. . @Warcraft AQ40 ... fuckin CTHUN DYING BABY. . Come big kick it with us :). . twitch.tv/DunkinHOnutTV https://t.co/E8g9bqzZpR,2025-10-14 08:51:04,2025-10-14 08:51:10,161
12773,WorldOfCraft,Neutral,Live with Tuesday RAID NIGHT BABY... @ Warcraft AQ40... fuckin CTHUN DYING BABY.. Come big kick it with us:. twitch.tv / DunkinHOnutTV https: / / t.co / E8g9bqzZpR,2025-10-14 08:51:04,2025-10-14 08:51:10,163
12773,WorldOfCraft,Neutral,"Live coverage on Tuesday with \"ID Night BABY..\" @ Warcraft AQ40... fuckin CTHUN DYING BABY... Come big kick it with us:)................................................................................................................................",2025-10-14 08:51:04,2025-10-14 08:51:10,248
12773,WorldOfCraft,Neutral,Live with Tuesday RAID NIGHT BABY. . RhandlerR AQ40 ... fuckin CTHUN DYING BABY. . Come big kick it with us :). . twitch.tv/DunkinHOnutTV RhttpR],2025-10-14 08:51:04,2025-10-14 08:51:10,145
12773,WorldOfCraft,Neutral,• Live with Tuesday RAID NIGHT BABY. . RhandlerR AQ40 ... fuckin CTHUN DYING BABY. . Come big kick it with us :). . twitch.tv/DunkinHOnutTV RhttpR],2025-10-14 08:51:04,2025-10-14 08:51:10,147
12773,WorldOfCraft,Neutral,a,2025-10-14 08:51:04,2025-10-14 08:51:10,1
12774,WorldOfCraft,Positive,@Wobblespurt and I had an amazing encounter. I almost donated some of my blood to a death knight. ended up having a campfire with her.,2025-10-14 08:51:04,2025-10-14 08:51:10,137
12774,WorldOfCraft,Positive,@ Wobblespurt and I had an amazing encounter. I almost donated some of my blood to a Death Knight.,2025-10-14 08:51:04,2025-10-14 08:51:10,98
12774,WorldOfCraft,Positive,@ Wobblespurt and I had a amazing meeting. I almost donald some of my blood to a death knight. end up having a camp with her.,2025-10-14 08:51:04,2025-10-14 08:51:10,125
12774,WorldOfCraft,Positive,@Wobblespurt and I had an amazing encounter. I sadly lost some of my blood to a death knight. ended with having a campfire with her.,2025-10-14 08:51:04,2025-10-14 08:51:10,132
12774,WorldOfCraft,Positive,@Wobblespurt and I had an amazing romantic encounter. I almost donated some kind of my blood to a death demon knight. ended up like having it a campfire with for her.,2025-10-14 08:51:04,2025-10-14 08:51:10,166
12774,WorldOfCraft,Positive,@Wobblespurt and I had an amazing encounter. I also donated some of my blood to a death knight. Wind up having a relationship with me.,2025-10-14 08:51:04,2025-10-14 08:51:10,134
12775,WorldOfCraft,Neutral,'Warcraft 3: Reforged' Is A Disaster -- Here's Why Fans Are So Upset 15minutenews.com/article/177615…,2025-10-14 08:51:04,2025-10-14 08:51:10,103
12775,WorldOfCraft,Neutral,"\"Warcraft 3: Reforged\" is a disaster -- why fans are so angry 15minutenews.com / article / 177615...",2025-10-14 08:51:04,2025-10-14 08:51:10,100
12775,WorldOfCraft,Neutral,'Warcraft 3: Reformed 'is a Disaster -- Here's Why Fans are So Unset 15minute WS.com / article / 177615...,2025-10-14 08:51:04,2025-10-14 08:51:10,106
12775,WorldOfCraft,Neutral,'Warcraft 3: Reforged' Is A Disaster -- Read Why Fans Am Very Upset 15minutenews.com/article/177615…,2025-10-14 08:51:04,2025-10-14 08:51:10,100
12775,WorldOfCraft,Neutral,' Warcraft Fantasy 3 : RPG Reforged'This Is A Disaster - - Here's Now Why RPG Fans Are So Get Upset 15minutenews. and com / article / 177615 …,2025-10-14 08:51:04,2025-10-14 08:51:10,142
12775,WorldOfCraft,Neutral,'Warcraft Well Reforged' Has A Release -- Why's Why Fans Are Be Hurt 15minutenews.com/article/177615...,2025-10-14 08:51:04,2025-10-14 08:51:10,103
12776,WorldOfCraft,Neutral,Bot mafias have wreaked havoc in < em>World of Warcraft Classic arstechnica.com/?post_type=pos…,2025-10-14 08:51:04,2025-10-14 08:51:10,95
12776,WorldOfCraft,Neutral,In < em > World of Warcraft Classic arstechnica.com /? post _ type = pos...,2025-10-14 08:51:04,2025-10-14 08:51:10,75
12776,WorldOfCraft,Neutral,Bot mafias spawned a hack in World of Warcraft Classic arennica.com /? post _ type =...,2025-10-14 08:51:04,2025-10-14 08:51:10,87
12776,WorldOfCraft,Neutral,Bot mafias have wreaked havoc in < de>World of Warcraft | arstechnica.com/?post_type=pos…,2025-10-14 08:51:04,2025-10-14 08:51:10,89
12776,WorldOfCraft,Neutral,Besides Bot mafias organizations have already wreaked havoc in < em > World of Computer Warcraft the Classic arstechnica. com /? post _ type = ex pos …,2025-10-14 08:51:04,2025-10-14 08:51:10,151
12776,WorldOfCraft,Neutral,Bot<unk> have wreaked havoc in Africa em>World News Visual Classic arstechnica.com/?post_type=pos...,2025-10-14 08:51:04,2025-10-14 08:51:10,100
12777,WorldOfCraft,Irrelevant,"@absoluteradio Can I get a shoutout to my friend James Betteridge using his Monday to play some \"world of warcraft\" Keep it up James FOR THE ALLIANCE!!!",2025-10-14 08:51:04,2025-10-14 08:51:10,152
12777,WorldOfCraft,Irrelevant,"@ absoluteradio Can I call my friend James Betteridge to use his Monday to play some \"World of Warcraft\"? Keep it up James FOR THE ALLIANCE!!!",2025-10-14 08:51:04,2025-10-14 08:51:10,142
12777,WorldOfCraft,Irrelevant,"@ absoluteadio Can I shout to my friend James Beethage using his Monday to play some \"warcraft world\" Keep it James FOR THE ALLIANCE!!!",2025-10-14 08:51:04,2025-10-14 08:51:10,135
12777,WorldOfCraft,Irrelevant,"@absoluteradio Can I get a shoutout to my friend Jeremy by using his Monday to play some \"world cup warcraft\" Keep it up James FOR THE ALLIANCE!!!",2025-10-14 08:51:04,2025-10-14 08:51:10,146
12777,WorldOfCraft,Irrelevant,"@absoluteradio Can I get on a shoutout to my friend James Betteridge using his best Monday Day to Saturday play some \" world premiere of... warcraft \" Keep it up James Collins FOR THE ALLIANCE!!!",2025-10-14 08:51:04,2025-10-14 08:51:10,195
12777,WorldOfCraft,Irrelevant,"2013 Can I get a shoutout to my friend James Betteridge using his Monday he play some \"world turn warcraft\" Keep it going James<unk> THIS ALLIANCE!!!",2025-10-14 08:51:04,2025-10-14 08:51:10,149
12778,WorldOfCraft,Neutral,"Officially moved my Warcraft main from Alliance to Horde, lost about a foot in height but gained glowing skin. I did get very emotional logging off in Stormwind tho, I've been Alliance for 6 years and they're still my forever faction, but I want to play with my friends so 🤷‍.  pic.twitter.com/KM62wvADzH",2025-10-14 08:51:04,2025-10-14 08:51:10,304
12778,WorldOfCraft,Neutral,"Officially, my Warcraft Main was moved from Alliance to Horde, losing about a foot in size but gaining glowing skin. I logged into Stormwind tho very emotionally, I've been an Alliance for 6 years and they're still my faction forever, but I like to play with my friends. pic.twitter.com / KM62wvADzH",2025-10-14 08:51:04,2025-10-14 08:51:10,299
12778,WorldOfCraft,Neutral,"I did get a very emotional exit from the Storm, I've been in the Alliance for 6 years and they're still my eternal faction but I want to play with my friends. pic.facebook.com / KM62wvAdzH",2025-10-14 08:51:04,2025-10-14 08:51:10,188
12778,WorldOfCraft,Neutral,"Officially moved my Warcraft main from Alliance to Horde, lost about a foot in height but gained glowing skin. I did get very emotional logging off in Stormwind tho, I've been Alliance for 6 years and they're still my forever faction, but I want to play with my friends so 🤷‍.  pic.twitter.com/KM62wvADzH",2025-10-14 08:51:04,2025-10-14 08:51:10,304
12778,WorldOfCraft,Neutral,"0 Officially moved my Warcraft main from Alliance to Horde, lost about a foot in height but gained glowing skin. I did get very emotional logging off in Stormwind tho, I've been Alliance for 6 years and they're still my forever faction, but I want to play with my friends so 🤷‍.  pic.twitter.com/KM62wvADzH",2025-10-14 08:51:04,2025-10-14 08:51:10,306
12778,WorldOfCraft,Neutral,they,2025-10-14 08:51:04,2025-10-14 08:51:10,4
12779,WorldOfCraft,Neutral,"\"Suffer as I have!\". Lilian Voss, playing card illustration.",2025-10-14 08:51:04,2025-10-14 08:51:10,62
12779,WorldOfCraft,Neutral,"\"Sorry like me!\" Lilian Voss, playing-card illustration.",2025-10-14 08:51:04,2025-10-14 08:51:10,56
12779,WorldOfCraft,Neutral,"\"Super like me!\" by Lilian Vázquez, illustration for the playing card.",2025-10-14 08:51:04,2025-10-14 08:51:10,70
12779,WorldOfCraft,Neutral,"\"Suffer as I have!\". -- Voss, playing card illustration.",2025-10-14 08:51:04,2025-10-14 08:51:10,56
12779,WorldOfCraft,Neutral,"\" Suffer as I have! \". Said Lilian Voss, another playing card and illustration.",2025-10-14 08:51:04,2025-10-14 08:51:10,79
12779,WorldOfCraft,Neutral,"\"Suffer and I have!\". Lilian Marie, playing with illustration.",2025-10-14 08:51:04,2025-10-14 08:51:10,62
12780,WorldOfCraft,Neutral,Sponsored by my Warcraft Horde guild that will probably be responsible for lots of shenanigans tonight! And the fact I'd play DnD if I weren't a coward. pic.twitter.com/994y1pvOYo,2025-10-14 08:51:04,2025-10-14 08:51:10,179
12780,WorldOfCraft,Neutral,"Sponsored by my Warcraft Horde guild, who will probably be responsible for many tricks tonight! And the fact that I would play DnD if I wasn't a coward. pic.twitter.com / 994y1pvOYo",2025-10-14 08:51:04,2025-10-14 08:51:10,181
12780,WorldOfCraft,Neutral,And the fact that I would be playing DnD if I wasn't cowardpic.com / 994y1pvOYo,2025-10-14 08:51:04,2025-10-14 08:51:10,79
12780,WorldOfCraft,Neutral,Sponsored by my Warcraft Horde guild that will probably be responsible for lots of shenanigans tonight! And the fact I'd play DnD if I weren't a coward. pic.twitter.com/994y1pvOYo,2025-10-14 08:51:04,2025-10-14 08:51:10,179
12780,WorldOfCraft,Neutral,3 Sponsored by my Warcraft Horde guild that will probably be responsible for lots of shenanigans tonight! And the fact I'd play DnD if I weren't a coward. pic.twitter.com/994y1pvOYo,2025-10-14 08:51:04,2025-10-14 08:51:10,181
12780,WorldOfCraft,Neutral,my,2025-10-14 08:51:04,2025-10-14 08:51:10,2
12781,WorldOfCraft,Positive,"I find it interesting that everyone credits TTT for being the original of the genre, but warcraft 3 mods like Murder at the Sleeping Town and Murder at the Mansion predate it by more than 5 years and follow the same format.",2025-10-14 08:51:04,2025-10-14 08:51:10,223
12781,WorldOfCraft,Positive,"I find it interesting that everyone attributes TTT to being the original of the genre, but Warcraft 3 mods like Murder at the Sleeping Town and Murder at the Mansion are more than 5 years older and follow the same format.",2025-10-14 08:51:04,2025-10-14 08:51:10,221
12781,WorldOfCraft,Positive,"I find it interesting that everyone praises it for the originality of the genre, but Warcraft 3 mods, such as Murder at the Sleeping Town and Murder at the Mansion, precede it by more than 5 years and follow the same format.",2025-10-14 08:51:04,2025-10-14 08:51:10,224
12781,WorldOfCraft,Positive,"I find it interesting that everyone credits TTT for being the original of the genre, but warcraft 3 mods like Murder at the Sleeping Town & Murder at Dracula Mansion predate it in more than 5 years and follow basically same format.",2025-10-14 08:51:04,2025-10-14 08:51:10,231
12781,WorldOfCraft,Positive,"I find it interesting that everyone credits TTT for being amongst the original of choosing the genre, and but warcraft game 3 mods like Murder Doctor at the Manor Sleeping Town and Little Murder Mad at the Mansion predate it by more than 5 years and follow the same linear format.",2025-10-14 08:51:04,2025-10-14 08:51:10,280
12781,WorldOfCraft,Positive,"I find it amusing that everyone credits TTT for being his first of the genre, but warcraft adventure mods like Murder at the Sleeping Town and Murder around the Mansion followed it by more than 5 years and offer the same format.",2025-10-14 08:51:04,2025-10-14 08:51:10,228
12782,WorldOfCraft,Positive,"Listening to @coL_Sottle and @RavenCasts continue to mispronounce \"Turalyon\" and me knowing how mad it's making Alliance players in @Warcraft, is the best part of this weekend of @HSesports!",2025-10-14 08:51:04,2025-10-14 08:51:10,190
12782,WorldOfCraft,Positive,"If @ coL _ Sottle and @ RavenCasts keep mispronouncing \"Turalyon\" and I know how crazy it is, that's the best part of this weekend from @ HSesports!",2025-10-14 08:51:04,2025-10-14 08:51:10,148
12782,WorldOfCraft,Positive,"Listening to @ coL _ Sfale and @ RavenCasts, who continue to miscall \"Turalion\" and me, knowing how crazy it is for Alliance players in @ Warcraft, is the best part of this weekend @ HSespi!",2025-10-14 08:51:04,2025-10-14 08:51:10,190
12782,WorldOfCraft,Positive,"Listening to @coL_Sottle and @RavenCasts continue to make \"+\" and me knowing how mad it's making Alliance players through @Warcraft, is the best part of this weekend of competition!",2025-10-14 08:51:04,2025-10-14 08:51:10,181
12782,WorldOfCraft,Positive,"Listening to @coL_Sottle and @RavenCasts series continue and to further mispronounce \" the Turalyon \" Capital and me knowing how mad it's making Alliance players in @Warcraft, it is the very best part of what this weekend consisted of winning @HSesports!",2025-10-14 08:51:04,2025-10-14 08:51:10,254
12782,WorldOfCraft,Positive,"Listening to @coL_Sottle and @RavenCasts since they mispronounce \"Turalyon\" and me knowing how mad it's making Alliance break in one, still the best half of this week of gaming!",2025-10-14 08:51:04,2025-10-14 08:51:10,177
12783,WorldOfCraft,Positive,Had to pose my new  . .,2025-10-14 08:51:04,2025-10-14 08:51:10,25
12783,WorldOfCraft,Positive,Had to represent my new..,2025-10-14 08:51:04,2025-10-14 08:51:10,25
12783,WorldOfCraft,Positive,I had to pose with my new one...,2025-10-14 08:51:04,2025-10-14 08:51:10,32
12783,WorldOfCraft,Positive,Had to pose my new . ^,2025-10-14 08:51:04,2025-10-14 08:51:10,22
12783,WorldOfCraft,Positive,Had to pose on my new..,2025-10-14 08:51:04,2025-10-14 08:51:10,23
12783,WorldOfCraft,Positive,Had you pose my new..,2025-10-14 08:51:04,2025-10-14 08:51:10,21
12784,WorldOfCraft,Positive,So Warcraft 3 Reforged will have issues if you have original Warcraft 3 installed. But Warcraft 3 lan parties are still fun.,2025-10-14 08:51:04,2025-10-14 08:51:10,124
12784,WorldOfCraft,Positive,"So Warcraft 3 Reforged will have problems if you have original Warcraft 3 installed, but Warcraft 3 LAN parties are still fun.",2025-10-14 08:51:04,2025-10-14 08:51:10,126
12784,WorldOfCraft,Positive,So Warcraft 3 Reform will have a problem if you have the original version of Warcraft 3 installed.,2025-10-14 08:51:04,2025-10-14 08:51:10,98
12784,WorldOfCraft,Positive,So Warcraft 3 Reforged will have issues if we have original Warcraft 3 installed. But Warcraft 3 lan packs are still fun.,2025-10-14 08:51:04,2025-10-14 08:51:10,121
12784,WorldOfCraft,Positive,So Warcraft 3 Reforged Activities will have issues if you have these original online Warcraft 3 applications installed. com But Warcraft 3 lan parties tonight are still fun.,2025-10-14 08:51:04,2025-10-14 08:51:10,173
12784,WorldOfCraft,Positive,for the 3 Reforged will have issues if you have have Warcraft 3 installed. But this 3 lan parties are still fun.,2025-10-14 08:51:04,2025-10-14 08:51:10,112
12785,WorldOfCraft,Neutral,A commission of @AsoraCaeren's handsome blood elf from World of Warcraft!. . Thanks for commissioning me. pic.twitter.com/evYgqxdejk,2025-10-14 08:51:04,2025-10-14 08:51:10,132
12785,WorldOfCraft,Neutral,A commission from @ AsoraCaeren's handsome blood elf from World of Warcraft!.. Thank you for commissioning me. pic.twitter.com / evYgqxdejk,2025-10-14 08:51:04,2025-10-14 08:51:10,139
12785,WorldOfCraft,Neutral,Beautiful Blood Commission @ AsoraCab from World of Warcraft!......... pic.facebook.com / evYgqxde.,2025-10-14 08:51:04,2025-10-14 08:51:10,99
12785,WorldOfCraft,Neutral,A commission of RhandlerR's handsome blood elf from World of Warcraft!. . Thanks for commissioning me. pic.twitter.com/evYgqxdejk,2025-10-14 08:51:04,2025-10-14 08:51:10,129
12785,WorldOfCraft,Neutral,See A commission of RhandlerR's handsome blood elf from World of Warcraft!. . Thanks for commissioning me. pic.twitter.com/evYgqxdejk,2025-10-14 08:51:04,2025-10-14 08:51:10,133
12785,WorldOfCraft,Neutral,for,2025-10-14 08:51:04,2025-10-14 08:51:10,3
12786,WorldOfCraft,Positive,"The WoW trap. I feel like in the early days, it was better in this regard, but I don't know if I'm going back at this point.. . I like the Warcraft universe a lot, but I love Final Fantasy more anyway.",2025-10-14 08:51:04,2025-10-14 08:51:10,201
12786,WorldOfCraft,Positive,"The WoW Trap. I feel like in the early days, it was better in that respect, but I don't know if I'll return at this point... I like the Warcraft universe a lot, but I love Final Fantasy more anyway.",2025-10-14 08:51:04,2025-10-14 08:51:10,198
12786,WorldOfCraft,Positive,"WoW Trap. I feel the early days were better in this respect, but I don't know if I'll be back at this point... I love the Warcraft universe very much, but I love Final FM more anyway.",2025-10-14 08:51:04,2025-10-14 08:51:10,183
12786,WorldOfCraft,Positive,"The WoW trap. It look like in the early days, it was better in this regard, but I don't know if I'm completely back at this point... I like the Warcraft universe on lot, but I love Final Fantasy more personally.",2025-10-14 08:51:04,2025-10-14 08:51:10,211
12786,WorldOfCraft,Positive,"The ultimate WoW trap. I actually feel like in the early days, it was even better designed in this regard, but I don'T t know if I'm going anymore back home at this point... I like the old Warcraft Online universe a lot, though but I love Final Fantasy more anyway.",2025-10-14 08:51:04,2025-10-14 08:51:10,265
12786,WorldOfCraft,Positive,"The WoW trap. I feel like in the early days, it was terrible in this regard, but I don't know if I'm still anywhere at THAT point... always like the Hero universe a lot, but actually love Final Fantasy world anyway.",2025-10-14 08:51:04,2025-10-14 08:51:10,215
12787,WorldOfCraft,Negative,why the fuck did i relapse on world of warcraft,2025-10-14 08:51:04,2025-10-14 08:51:10,47
12787,WorldOfCraft,Negative,Why the hell have I fallen back into the world of Warcraft?,2025-10-14 08:51:04,2025-10-14 08:51:10,59
12787,WorldOfCraft,Negative,why the fuck did i relapse on world of warcraft,2025-10-14 08:51:04,2025-10-14 08:51:10,47
12787,WorldOfCraft,Negative,why the fuck have i relapse on world of warcraft,2025-10-14 08:51:04,2025-10-14 08:51:10,48
12787,WorldOfCraft,Negative,why by the fuck did i relapse on world out of warcraft,2025-10-14 08:51:04,2025-10-14 08:51:10,54
12787,WorldOfCraft,Negative,When the fuck did i relapse on world of warcraft,2025-10-14 08:51:04,2025-10-14 08:51:10,48
12788,WorldOfCraft,Neutral,"seem, healer skills to always come in handy.",2025-10-14 08:51:04,2025-10-14 08:51:10,46
12788,WorldOfCraft,Neutral,Healing abilities always seem to be useful.,2025-10-14 08:51:04,2025-10-14 08:51:10,43
12788,WorldOfCraft,Neutral,It would seem that the skill always comes in hand.,2025-10-14 08:51:04,2025-10-14 08:51:10,50
12788,WorldOfCraft,Neutral,"seem, healer skills to always coming in handy.",2025-10-14 08:51:04,2025-10-14 08:51:10,46
12788,WorldOfCraft,Neutral,"seem, healer skills had to always come stream in handy.",2025-10-14 08:51:04,2025-10-14 08:51:10,55
12788,WorldOfCraft,Neutral,"seem, healer skills to suddenly come in handy.",2025-10-14 08:51:04,2025-10-14 08:51:10,46
12789,WorldOfCraft,Neutral,"Check out this item I just got! [Ashjra'kamas, Shroud of Resolve]",2025-10-14 08:51:04,2025-10-14 08:51:10,67
12789,WorldOfCraft,Neutral,"Look at this article I just got! [Ashjra'kamas, Cloth of Determination]",2025-10-14 08:51:04,2025-10-14 08:51:10,71
12789,WorldOfCraft,Neutral,"Check out this item I just received! [Ashraf, Shroud]",2025-10-14 08:51:04,2025-10-14 08:51:10,53
12789,WorldOfCraft,Neutral,"Check of this video I just got! [Ashjra'kamas, Shroud of Resolve]",2025-10-14 08:51:04,2025-10-14 08:51:10,65
12789,WorldOfCraft,Neutral,"Check here out this magic item I just just got! [ Ashjra'kamas, Shroud of Fire Resolve ]",2025-10-14 08:51:05,2025-10-14 08:51:10,88
12789,WorldOfCraft,Neutral,"Check<unk> this item I only got! [Ashjra'kamas, Shroud Heart Resolve]",2025-10-14 08:51:05,2025-10-14 08:51:10,69
12790,WorldOfCraft,Neutral,World Of Warcraft: Classic Continues To Suffer Botting Issues As Fans Grow Irate happygamer.com/world-of-warcr… . Games News,2025-10-14 08:51:05,2025-10-14 08:51:10,126
12790,WorldOfCraft,Neutral,World Of Warcraft: The classic continues to suffer from bottlenecks as fans get angry happygamer.com / world-of-warcr.... Games News,2025-10-14 08:51:05,2025-10-14 08:51:10,132
12790,WorldOfCraft,Neutral,World Of Warcraft: Classic Continues to Suffer Botting Issues as Fans Grow Irate happyg.com / world-of-warcr....,2025-10-14 08:51:05,2025-10-14 08:51:10,112
12790,WorldOfCraft,Neutral,World Of Warcraft: Classic Continues To Suffer Botting Issues Yet Shares Grow Irate happygamer.com/world-of-warcr…. Latest News,2025-10-14 08:51:05,2025-10-14 08:51:10,127
12790,WorldOfCraft,Neutral,Your World Made Of Steel Warcraft : Classic Team Continues To Suffer Botting Ship Issues As Fans Already Grow Irate happygamer. dot com / world - of - warcr …. Games News,2025-10-14 08:51:05,2025-10-14 08:51:10,170
12790,WorldOfCraft,Neutral,World Of Race: Classic Continues To Increase Botting Issues As You Grow Irate In.com/world-of-warcr.... you like,2025-10-14 08:51:05,2025-10-14 08:51:10,112
12791,WorldOfCraft,Neutral,I'm the worst Shaman who ever played World of Warcraft. I promise you that.,2025-10-14 08:51:05,2025-10-14 08:51:10,77
12791,WorldOfCraft,Neutral,"I am the worst shaman who ever played World of Warcraft, I promise you.",2025-10-14 08:51:05,2025-10-14 08:51:10,71
12791,WorldOfCraft,Neutral,I'm the worst Shaman who ever played World of Warcraft. I promise you that.,2025-10-14 08:51:05,2025-10-14 08:51:10,75
12791,WorldOfCraft,Neutral,I'm the worst Shaman who ever played World of Warcraft. I promise myself that.,2025-10-14 08:51:05,2025-10-14 08:51:10,78
12791,WorldOfCraft,Neutral,I'm the worst Shaman who ever since played out World of Super Warcraft. I can promise you that.,2025-10-14 08:51:05,2025-10-14 08:51:10,95
12791,WorldOfCraft,Neutral,my'm the most Shaman who ever played World of Warcraft. I promise you why.,2025-10-14 08:51:05,2025-10-14 08:51:10,74
12792,WorldOfCraft,Negative,@Warcraft Can you explain this bullshit? Thanks pic.twitter.com/Wel3cU4KnZ,2025-10-14 08:51:05,2025-10-14 08:51:10,74
12792,WorldOfCraft,Negative,@ Warcraft Can you explain this bullshit? Thanks pic.twitter.com / Wel3cU4KnZ,2025-10-14 08:51:05,2025-10-14 08:51:10,77
12792,WorldOfCraft,Negative,@ Warcraft Can you explain this bullshit? Thanks pic.wikipedia.org / Wel3cU4KnZ,2025-10-14 08:51:05,2025-10-14 08:51:10,79
12792,WorldOfCraft,Negative,RhandlerR Can you explain this bullshit? Thanks pic.twitter.com/Wel3cU4KnZ,2025-10-14 08:51:05,2025-10-14 08:51:10,74
12792,WorldOfCraft,Negative,The RhandlerR Can you explain this bullshit? Thanks pic.twitter.com/Wel3cU4KnZ,2025-10-14 08:51:05,2025-10-14 08:51:10,78
12792,WorldOfCraft,Negative,what,2025-10-14 08:51:05,2025-10-14 08:51:10,4
12793,WorldOfCraft,Positive,ahh these are SO awesome! I bought absolutely everything. Such a great deal! And a great way to spend the time until launch.,2025-10-14 08:51:05,2025-10-14 08:51:10,124
12793,WorldOfCraft,Positive,"ahh, these are SO awesome! I bought absolutely everything. So much! And a great way to spend the time until the start.",2025-10-14 08:51:05,2025-10-14 08:51:10,118
12793,WorldOfCraft,Positive,"Ah, this is SO awesome! I bought absolutely everything. So many! And a great way to spend time before the launch.",2025-10-14 08:51:05,2025-10-14 08:51:10,113
12793,WorldOfCraft,Positive,ahh these sounds SO awesome! I bought absolutely everything. Such a great deal! And a great way to spend the time until launch.,2025-10-14 08:51:05,2025-10-14 08:51:10,127
12793,WorldOfCraft,Positive,ahh these guys are SO freaking awesome! I bought them absolutely everything. Such a great deal! And really a great way to spend the time until our launch.,2025-10-14 08:51:05,2025-10-14 08:51:10,154
12793,WorldOfCraft,Positive,ahh these are SO awesome! I cover absolutely everything. Such a total deal! And a fast way to pass the time until launch.,2025-10-14 08:51:05,2025-10-14 08:51:10,121
12794,WorldOfCraft,Positive,"As a fan of the classic games like Warcraft 3, and the early league of legends that drew heavy inspiration from the og Dota mod. Seeing a champ like this with a recognizable motif is a welcome surprise! I can’t wait to see her abilities!",2025-10-14 08:51:05,2025-10-14 08:51:10,239
12794,WorldOfCraft,Positive,"As a fan of classic games such as Warcraft 3 and the early League of Legends, which were heavily inspired by the og dota mod, it's a welcome surprise to see such a champion with a recognizable motif! I can't wait to see their skills!",2025-10-14 08:51:05,2025-10-14 08:51:10,233
12794,WorldOfCraft,Positive,"As a fan of classic games such as Warcraft 3 and the early Boss League, who took inspiration from OG Dota mod. To see such a champ with a recognizable motif is a pleasant surprise! I can't wait for its abilities!",2025-10-14 08:51:05,2025-10-14 08:51:10,212
12794,WorldOfCraft,Positive,"As a fan of the classic formats like Warcraft 3, and the early history of legends that drew heavy inspiration from the classic Dota mod. Seeing a champ like me with a skull motif is a welcome surprise! I can’t wait to see her abilities!",2025-10-14 08:51:05,2025-10-14 08:51:10,236
12794,WorldOfCraft,Positive,"4 As a massive fan of the classic video games scene like Warcraft 3, and for the early league of legends that drew such heavy inspiration from the og Dota 9 mod. Seeing a real champ like this with a clearly recognizable motif is a welcome surprise! Ah I can ’ t wait to see her abilities!",2025-10-14 08:51:05,2025-10-14 08:51:10,288
12794,WorldOfCraft,Positive,"As a fan of the classic games like Warcraft 3, and seeing early tales of legends has drew heavy fans from the og troll mod. Seeing a champ like this in a recognizable motif is a nasty surprise! I can’t wait to see all abilities!",2025-10-14 08:51:05,2025-10-14 08:51:10,228
12795,WorldOfCraft,Neutral,"ejeet: @Warcraft Posted... . twitter.com/Warcraft/statu… twitter.com/ejeet/status/1… September 02, 2020 at 08:59PM",2025-10-14 08:51:05,2025-10-14 08:51:10,116
12795,WorldOfCraft,Neutral,ejeet: @ Warcraft Posted.... twitter.com / Warcraft / statu... twitter.com / ejeet / status / 1... 02 September 2020 at 20: 59,2025-10-14 08:51:05,2025-10-14 08:51:10,126
12795,WorldOfCraft,Neutral,ejeet: @ Warcraft Posted....................................................................................................................................................................................,2025-10-14 08:51:05,2025-10-14 08:51:10,204
12795,WorldOfCraft,Neutral,"ejeet: RhandlerR Posted... . twitter.com/Warcraft/statu… twitter.com/ejeet/status/1… September 02, 2020 at 08:59PM",2025-10-14 08:51:05,2025-10-14 08:51:10,116
12795,WorldOfCraft,Neutral,"of ejeet: RhandlerR Posted... . twitter.com/Warcraft/statu… twitter.com/ejeet/status/1… September 02, 2020 at 08:59PM",2025-10-14 08:51:05,2025-10-14 08:51:10,119
12795,WorldOfCraft,Neutral,the,2025-10-14 08:51:05,2025-10-14 08:51:10,3
12796,WorldOfCraft,Neutral,okay celebration part 2 since internet hates parties i begin at 20:00 cest be sure to join in and say hi =) and party with me on twitch.tv/raxusprimer @Twitch,2025-10-14 08:51:05,2025-10-14 08:51:10,160
12796,WorldOfCraft,Neutral,"Okay party part 2 because internet hates parties I catch at 8pm, join in and say hello =) and party with me on twitch.tv / raxusprimer @ Twitch",2025-10-14 08:51:05,2025-10-14 08:51:10,143
12796,WorldOfCraft,Neutral,"Okay party part 2, since the Internet parties I start at 20: 00, be sure to join and say hi =) and party with me at tch.tv / raxusprimer @",2025-10-14 08:51:05,2025-10-14 08:51:10,138
12796,WorldOfCraft,Neutral,okay celebration part 2 since internet hates parties i begin at 20:00 cest be sure to join in and say hi =) and party with me on twitch.tv/raxusprimer RhandlerR,2025-10-14 08:51:05,2025-10-14 08:51:10,162
12796,WorldOfCraft,Neutral,via okay celebration part 2 since internet hates parties i begin at 20:00 cest be sure to join in and say hi =) and party with me on twitch.tv/raxusprimer RhandlerR,2025-10-14 08:51:05,2025-10-14 08:51:10,166
12796,WorldOfCraft,Neutral,are,2025-10-14 08:51:05,2025-10-14 08:51:10,3
12797,WorldOfCraft,Neutral,In World of Warcraft you can ride a Bee and I can't help but wonder why this hasn't been a thing I've had in my life????,2025-10-14 08:51:05,2025-10-14 08:51:10,120
12797,WorldOfCraft,Neutral,In World of Warcraft you can ride a bee and I can't help but wonder why this wasn't something I had in my life????,2025-10-14 08:51:05,2025-10-14 08:51:10,114
12797,WorldOfCraft,Neutral,"In World of Warcraft, you can ride a bee, and I can't help but wonder why I didn't have it in my life???",2025-10-14 08:51:05,2025-10-14 08:51:10,104
12797,WorldOfCraft,Neutral,In World of Warcraft you can ride a Bee and I cannot help but wonder why this hasn't been a boon ever had in my life????,2025-10-14 08:51:05,2025-10-14 08:51:10,120
12797,WorldOfCraft,Neutral,When In World of Warcraft you can only ride a Bee and how I can't help smiling but secretly wonder why this hasn'l t been a thing I've had in my whole life????,2025-10-14 08:51:05,2025-10-14 08:51:10,159
12797,WorldOfCraft,Neutral,In World of Warcraft you will ride a dog and I can't help but wonder If this hasn't became a feature I've had in my life????,2025-10-14 08:51:05,2025-10-14 08:51:10,124
12798,WorldOfCraft,Positive,Yassss! I never have to run this dungeon again. Sooooo damn happy! *dance*,2025-10-14 08:51:05,2025-10-14 08:51:10,76
12798,WorldOfCraft,Positive,Yassss! I never have to go to this dungeon again. Sooooo damn happy! * dance *,2025-10-14 08:51:05,2025-10-14 08:51:10,78
12798,WorldOfCraft,Positive,Yassss! I never have to run this don again. Soooooo damn happy! * dance *,2025-10-14 08:51:05,2025-10-14 08:51:10,73
12798,WorldOfCraft,Positive,Yassss! I literally have to run this dungeon now. Sooooo damn happy! *dance*,2025-10-14 08:51:05,2025-10-14 08:51:10,76
12798,WorldOfCraft,Positive,Yassss! So I never have had to run this dungeon off again. Sooooo is damn happy! * dance *,2025-10-14 08:51:05,2025-10-14 08:51:10,90
12798,WorldOfCraft,Positive,Yassss! you never have to run this here again. And damn happy! *dance*,2025-10-14 08:51:05,2025-10-14 08:51:10,70
12799,WorldOfCraft,Positive,"@Warcraft leveling change looks really interesting, I've always wanted to fully experience WoD.  Another Forsaken DK might be needed.",2025-10-14 08:51:05,2025-10-14 08:51:10,133
12799,WorldOfCraft,Positive,"@ Warcraft Level Change looks really interesting, I've always wanted to experience WoD in full. Another abandoned DK might be needed.",2025-10-14 08:51:05,2025-10-14 08:51:10,133
12799,WorldOfCraft,Positive,"@ Changing the level of Warcraft looks very interesting, I've always wanted to fully experience WoD. Maybe we need another Forsaken DK.",2025-10-14 08:51:05,2025-10-14 08:51:10,135
12799,WorldOfCraft,Positive,"@Warcraft leveling change looks very interesting, I've always wanted the fully experience WoD.  Another Forsaken DK might be needed.",2025-10-14 08:51:05,2025-10-14 08:51:10,132
12799,WorldOfCraft,Positive,"@Warcraft leveling change just looks really really interesting, I've always wanted to fully simultaneously experience WoD. 6 Another good Forsaken DK program might be needed.",2025-10-14 08:51:05,2025-10-14 08:51:10,174
12799,WorldOfCraft,Positive,"@Warcraft leveling just looks really interesting, I've always wanted to fully upgrade WoD. Another 4 DK to be needed.",2025-10-14 08:51:05,2025-10-14 08:51:10,117
12800,WorldOfCraft,Positive,Fuck final fantasy 16. World of warcraft is still the best game in the world,2025-10-14 08:51:05,2025-10-14 08:51:10,76
12800,WorldOfCraft,Positive,Fuck Final Fantasy 16. World of Warcraft is still the best game in the world,2025-10-14 08:51:05,2025-10-14 08:51:10,76
12800,WorldOfCraft,Positive,Fuck final fantasy 16. World of warcraft is still the best game in the world,2025-10-14 08:51:05,2025-10-14 08:51:10,76
12800,WorldOfCraft,Positive,Fuck final fantasy 16. World of warcraft is still the best sport in the world,2025-10-14 08:51:05,2025-10-14 08:51:10,77
12800,WorldOfCraft,Positive,Fuck away final over fantasy 16. World of warcraft is still the best game set in the world,2025-10-14 08:51:05,2025-10-14 08:51:10,90
12800,WorldOfCraft,Positive,Fuck final fantasy 16. World of warcraft is still the hottest stuff in the world,2025-10-14 08:51:05,2025-10-14 08:51:10,80
4001,CS-GO,Positive,"Well, that was easy. .",2025-10-14 08:51:05,2025-10-14 08:51:10,23
4001,CS-GO,Positive,"Well, that was easy.",2025-10-14 08:51:05,2025-10-14 08:51:10,20
4001,CS-GO,Positive,"Well, it was easy...",2025-10-14 08:51:05,2025-10-14 08:51:10,20
4001,CS-GO,Positive,"Well, that was awkward..",2025-10-14 08:51:05,2025-10-14 08:51:10,24
4001,CS-GO,Positive,"3 Well, that was easy..",2025-10-14 08:51:05,2025-10-14 08:51:10,23
4001,CS-GO,Positive,"Well, that was great..",2025-10-14 08:51:05,2025-10-14 08:51:10,22
4002,CS-GO,Irrelevant,this is just immature. you got whopped just get ready for the next round. don’t shit on your setup because your shit at the game.,2025-10-14 08:51:05,2025-10-14 08:51:10,129
4002,CS-GO,Irrelevant,"this is just immature. you got hacked, just get ready for the next round. Don't fuck your setup, because you fuck the game.",2025-10-14 08:51:05,2025-10-14 08:51:10,123
4002,CS-GO,Irrelevant,it's just immat. you're just getting ready for the next round. don't shit on your settings because your shit is on the game.,2025-10-14 08:51:05,2025-10-14 08:51:10,124
4002,CS-GO,Irrelevant,this is extremely immature. you got whopped just get on for the next round. don’t shit on your setup because your shit is the game.,2025-10-14 08:51:05,2025-10-14 08:51:10,131
4002,CS-GO,Irrelevant,Sometimes this is just really immature. you got whopped just get ready for the next round. don ’ t shit yourself on your new setup because forget your shit at the past game.,2025-10-14 08:51:05,2025-10-14 08:51:10,173
4002,CS-GO,Irrelevant,this is getting immature. your got whopped just like ready for the next round. don’t shit on your setup because your lost at the game.,2025-10-14 08:51:05,2025-10-14 08:51:10,134
4003,CS-GO,Irrelevant,Bodyy is back with LDLC OL. He wanted to play with friends but it never really worked out. I guess it's a comeback at a better level for now.,2025-10-14 08:51:05,2025-10-14 08:51:10,141
4003,CS-GO,Irrelevant,Bodyy is back at LDLC OL. He wanted to play with friends but it never really worked out.,2025-10-14 08:51:05,2025-10-14 08:51:10,88
4003,CS-GO,Irrelevant,"returned to LDLC OL. He wanted to play with friends, but it didn't work out.",2025-10-14 08:51:05,2025-10-14 08:51:10,76
4003,CS-GO,Irrelevant,Bodyy is back with LDLC OL. He wanted to play with friends but it never quite work out. I guess it's a work at a better level for now.,2025-10-14 08:51:05,2025-10-14 08:51:10,134
4003,CS-GO,Irrelevant,Bodyy he is probably back with some LDLC OL. He wanted to play along with friends but it never really really worked out. I guess it'doesn s good a comeback at a better level for now.,2025-10-14 08:51:05,2025-10-14 08:51:10,182
4003,CS-GO,Irrelevant,Bodyy is back with LDLC OL. He wanted to play with everyone but he<unk> really worked out. I think it's a comeback into a better level for now.,2025-10-14 08:51:05,2025-10-14 08:51:10,143
4004,CS-GO,Irrelevant,dark souls is frustrating for the 1st maybe 2nd playthrough but mp games never stop hurting u,2025-10-14 08:51:05,2025-10-14 08:51:10,93
4004,CS-GO,Irrelevant,"Dark Souls is frustrating for the 1st or 2nd playoff, but mp games never stop hurting u",2025-10-14 08:51:05,2025-10-14 08:51:10,87
4004,CS-GO,Irrelevant,"Dark souls are disappointed by the first, second round of the playoffs, but the games don't stop hurting.",2025-10-14 08:51:05,2025-10-14 08:51:10,105
4004,CS-GO,Irrelevant,dark souls is frustrating for the 1st maybe 2nd playthrough but mp games never quit hurting u,2025-10-14 08:51:05,2025-10-14 08:51:10,93
4004,CS-GO,Irrelevant,Her dark souls is always frustrating for the girls 1st maybe 2nd playthrough but their mp games never stop hurting u,2025-10-14 08:51:05,2025-10-14 08:51:10,116
4004,CS-GO,Irrelevant,dark souls pretty frustrating for the player maybe<unk> playthrough but mp games never stop hurting u,2025-10-14 08:51:05,2025-10-14 08:51:10,101
4005,CS-GO,Positive,"4k clutch , hope my last flick won't get me banned . . @CSGO pic.twitter.com/Mdsxsd3hAt",2025-10-14 08:51:05,2025-10-14 08:51:10,87
4005,CS-GO,Positive,"4k clutch, hope my last movie doesn't ban me.. @ CSGO pic.twitter.com / Mdsxsd3hAt",2025-10-14 08:51:05,2025-10-14 08:51:10,82
4005,CS-GO,Positive,"4k clutch, hope my last flip won't get me banned.. @ CSGO pic.cc / Mxsd3hAt",2025-10-14 08:51:05,2025-10-14 08:51:10,75
4005,CS-GO,Positive,"4k clutch , hope my last flick won't get me banned . . RhandlerR pic.twitter.com/Mdsxsd3hAt",2025-10-14 08:51:05,2025-10-14 08:51:10,91
4005,CS-GO,Positive,"The 4k clutch , hope my last flick won't get me banned . . RhandlerR pic.twitter.com/Mdsxsd3hAt",2025-10-14 08:51:05,2025-10-14 08:51:10,95
4005,CS-GO,Positive,I,2025-10-14 08:51:05,2025-10-14 08:51:10,1
4007,CS-GO,Positive,It’s amazing how many games of cs go you can win when @MrBaconThomas actually tries.,2025-10-14 08:51:05,2025-10-14 08:51:10,84
4007,CS-GO,Positive,It's amazing how many games of cs you can win when @ MrBaconThomas actually tries.,2025-10-14 08:51:05,2025-10-14 08:51:10,82
4007,CS-GO,Positive,It's amazing how many go games you can win when @ MrBaconThomas is actually trying.,2025-10-14 08:51:05,2025-10-14 08:51:10,83
4007,CS-GO,Positive,It’s amazing how many games of cs cs you can win when @MrBaconThomas actually hurts.,2025-10-14 08:51:05,2025-10-14 08:51:10,84
4007,CS-GO,Positive,25 It truly ’ s amazing how many games of cs go you guys can win when @MrBaconThomas actually tries.,2025-10-14 08:51:05,2025-10-14 08:51:10,100
4007,CS-GO,Positive,It’s amazing what many types of cs go you can play when @MrBaconThomas actually tries.,2025-10-14 08:51:05,2025-10-14 08:51:10,86
4008,CS-GO,Negative,There was a point in csgo where i wanted to cheat because my team dropped me. This was a time where i was LEM. I wanted to go pro and the team i was on wasnt the best. But they dropped me and brought in some global players. After about a week i lost hope in csgo.,2025-10-14 08:51:05,2025-10-14 08:51:10,263
4008,CS-GO,Negative,There was a point in the csgo where I wanted to cheat because my team dropped me. It was a time when I was LEM. I wanted to become a professional and the team I was in was not the best. But they dropped me and brought in some global players. After about a week I lost hope in the csgo.,2025-10-14 08:51:05,2025-10-14 08:51:10,285
4008,CS-GO,Negative,There was a point in csgo where i wanted to cheat because my team dropped me. This was a time where i was LEM. I wanted to go pro and the team i was on wasnt the best. But they dropped me and brought in some global players. After about a week i lost hope in csgo.,2025-10-14 08:51:05,2025-10-14 08:51:10,263
4008,CS-GO,Negative,There was a point in csgo where i wanted to cheat before my team dropped me. This was a time where everything was LEM. i wanted ot go pro and the team i was with wasnt the best. But they released me and brought in some global players. After about a week i lost hope in csgo.,2025-10-14 08:51:05,2025-10-14 08:51:10,274
4008,CS-GO,Negative,There was a major point in csgo where i desperately wanted to cheat because my team dropped me. This was a time where i was LEM. I wanted to only go with pro thinking and guess the team i was on wasnt the best. But they dropped me and brought in some global players. After happening about once a week i lost everything hope in leaving csgo.,2025-10-14 08:51:05,2025-10-14 08:51:10,340
4008,CS-GO,Negative,There was a point in csgo where i wanted to cheat was my teammates dropped me. This was a time where i was LEM. I wanted too go pro and the team i stayed on ran the big. But they dropped me and brought in famous global athletes. After about a week i lost it in csgo.,2025-10-14 08:51:05,2025-10-14 08:51:10,266
4009,CS-GO,Negative,. .,2025-10-14 08:51:05,2025-10-14 08:51:10,6
4009,CS-GO,Negative,nan,2025-10-14 08:51:05,2025-10-14 08:51:10,3
4009,CS-GO,Negative,...,2025-10-14 08:51:05,2025-10-14 08:51:10,3
4009,CS-GO,Negative,. 1,2025-10-14 08:51:05,2025-10-14 08:51:10,3
4009,CS-GO,Negative,..,2025-10-14 08:51:05,2025-10-14 08:51:10,2
4009,CS-GO,Negative,..,2025-10-14 08:51:05,2025-10-14 08:51:10,2
4010,CS-GO,Negative,@CSGO thank you for you awesome anticheat... Having 3 cheaters in prime match... Why not,2025-10-14 08:51:05,2025-10-14 08:51:10,88
4010,CS-GO,Negative,@ CSGO thank you for you awesome anticheat... With 3 scammers in Prime Match... Why not,2025-10-14 08:51:05,2025-10-14 08:51:10,87
4010,CS-GO,Negative,@ CSGO thank you for you awesome anticheat... Having 3 cheaters in prime match... Why not,2025-10-14 08:51:05,2025-10-14 08:51:10,89
4010,CS-GO,Negative,@CSGO thank you for you awesome job Having 3 cheaters in prime years Why not,2025-10-14 08:51:05,2025-10-14 08:51:10,76
4010,CS-GO,Negative,@CSGO thank you for marrying you two awesome old anticheat... Having 3 outstanding cheaters in prime match... The Why not,2025-10-14 08:51:05,2025-10-14 08:51:10,121
4010,CS-GO,Negative,@CSGO thank him for some awesome anticheat... Having 3 cheaters to prime match... Why was,2025-10-14 08:51:05,2025-10-14 08:51:10,89
4011,CS-GO,Neutral,bro i dont think that i've raged so hard in my entire span of playing csgo and also if you havent followed my tiktok its pgshift7e,2025-10-14 08:51:05,2025-10-14 08:51:10,130
4011,CS-GO,Neutral,"bro I don't think I've been that angry in my whole range of csgo playing, and even if you didn't follow my tiktok, it's pgshift7e",2025-10-14 08:51:05,2025-10-14 08:51:10,129
4011,CS-GO,Neutral,bro i dont think that i've raged so hard in my entire span of playing csgo and also if you have followed my Hebtok its pgshife 7e,2025-10-14 08:51:05,2025-10-14 08:51:10,129
4011,CS-GO,Neutral,bro i dont think that i've worked so hard with my entire span<unk> playing csgo and also if you havent followed my tiktok its pgshift7e,2025-10-14 08:51:05,2025-10-14 08:51:10,135
4011,CS-GO,Neutral,hey bro because i dont think like that after i've raged so goddamn hard in my entire work span of playing csgo n and also if you really havent followed my tiktok its pgshift7e,2025-10-14 08:51:05,2025-10-14 08:51:10,175
4011,CS-GO,Neutral,bro i dont think that i've raged so hard towards my entire span of anything for but maybe if you had followed my tiktok its pgshift7e,2025-10-14 08:51:05,2025-10-14 08:51:10,133
4012,CS-GO,Positive,Lets gooo 🤩🤩,2025-10-14 08:51:05,2025-10-14 08:51:10,12
4012,CS-GO,Positive,Bon appetit!,2025-10-14 08:51:05,2025-10-14 08:51:10,12
4012,CS-GO,Positive,Lets gooo,2025-10-14 08:51:05,2025-10-14 08:51:10,9
4012,CS-GO,Positive,Lets gooo<unk>,2025-10-14 08:51:05,2025-10-14 08:51:10,14
4012,CS-GO,Positive,Lets gooo the [UNK],2025-10-14 08:51:05,2025-10-14 08:51:10,19
4012,CS-GO,Positive,Lets Start <unk>,2025-10-14 08:51:05,2025-10-14 08:51:10,16
4013,CS-GO,Positive,"going back for some CSGO!!  . am going to play like shit XD, havent played in ages!! . twitch.tv/gengcas",2025-10-14 08:51:05,2025-10-14 08:51:10,104
4013,CS-GO,Positive,"I'm gonna play like shit XD, I haven't played for ages!!. twitch.tv / gengcas",2025-10-14 08:51:05,2025-10-14 08:51:10,77
4013,CS-GO,Positive,"I'm going to play like shit xD, havent played the ages!!. tch.tv / gengcas",2025-10-14 08:51:05,2025-10-14 08:51:10,74
4013,CS-GO,Positive,"going back for some CSGO!!  . am going to play like shit XD, havent played in ages!! . twitch.tv/gengcas",2025-10-14 08:51:05,2025-10-14 08:51:10,104
4013,CS-GO,Positive,"2016 going back for some CSGO!!  . am going to play like shit XD, havent played in ages!! . twitch.tv/gengcas",2025-10-14 08:51:05,2025-10-14 08:51:10,109
4013,CS-GO,Positive,I,2025-10-14 08:51:05,2025-10-14 08:51:10,1
4014,CS-GO,Neutral,@ohnePixel steam://rungame/730/76561202255233023/+csgo_econ_action_preview%20M2969495601250914043A17575857549D7110843977868000967 370€ good price?,2025-10-14 08:51:05,2025-10-14 08:51:10,146
4014,CS-GO,Neutral,"PT1M10Shttp: / / www.brisbanetimes.com.au / action / externalEmbeddedPlayer? id = d-2c620349October 20, 2014 - 6: 51PM",2025-10-14 08:51:05,2025-10-14 08:51:10,118
4014,CS-GO,Neutral,@ nePixteam: / / ringame / 730 / 76561202255233023 / + csgo _ econ _ action _ preview% 20M29694956012509143A17575857549D7110843977868000967 €370 good price?,2025-10-14 08:51:05,2025-10-14 08:51:10,156
4014,CS-GO,Neutral,@ohnePixel 30/730/76561202255233023/+csgo_econ_action_preview%20M2969495601250914043A17575857549D7110843977868000967 Ready for deal?,2025-10-14 08:51:05,2025-10-14 08:51:10,132
4014,CS-GO,Neutral,@ohnePixel is steam : / / 6 rungame / 730 / 4 76561202255233023 / + 5 csgo _ 3 econ _ action _ year preview % 01 20M2969495601250914043A17575857549D7110843977868000967 to 370€ for good on price?,2025-10-14 08:51:05,2025-10-14 08:51:10,194
4014,CS-GO,Neutral,<unk><unk>/730/76561202255233023/+csgo_econ_action_preview%20M2969495601250914043A17575857549D7110843977868000967 PDF Final score?,2025-10-14 08:51:05,2025-10-14 08:51:10,130
4015,CS-GO,Positive,This looks useful. I’m going to try it.  . . I know you already do aim bots but a like the structure of the routine.  @SgtRoss_za @sonixxcs @KeRriE_RyS @AlphaZA1 @VizionZ6 @horizohNN @_LuxxZA,2025-10-14 08:51:05,2025-10-14 08:51:10,191
4015,CS-GO,Positive,"This looks useful. I'll try it... I know you're already targeting bots, but something like the structure of the routine. @ SgtRoss _ za @ sonixxcs @ KeRriE _ RyS @ AlphaZA1 @ VizionZ6 @ horizohNN @ _ LuxxZA",2025-10-14 08:51:05,2025-10-14 08:51:10,206
4015,CS-GO,Positive,"It looks good. I'm going to try... I know you're already doing sighting bots, but I like the structure of the routine. @ SRoss _ za @ sonixxZA @ KeRriE _ RyS @ AlphaZA1 @ VizionZ6 @ hNN @ _ LuxxZA",2025-10-14 08:51:05,2025-10-14 08:51:10,196
4015,CS-GO,Positive,This looks useful. I’m going to call it. . Actually I know you already do aim bots but a like the structure of our routine.  @SgtRoss_za @sonixxcs @KeRriE_RyS @AlphaZA1 $ @VizionZ6...,2025-10-14 08:51:05,2025-10-14 08:51:10,183
4015,CS-GO,Positive,This now looks useful. I ’ m almost going to try it... I always know when you already do aim bots more but things a like the usual structure aspect of changing the routine. @SgtRoss_za @sonixxcs @KeRriE_RyS @AlphaZA1 @VizionZ6 @horizohNN R @_LuxxZA,2025-10-14 08:51:05,2025-10-14 08:51:10,248
4015,CS-GO,Positive,This looks useful. So going to explain it... We know you already do aim bots but people see the structure of my command. @SgtRoss_za Blue @sonixxcs Sir @KeRriE_RyS @AlphaZA1 @VizionZ6,2025-10-14 08:51:05,2025-10-14 08:51:10,183
4016,CS-GO,Positive,csgo fun with exorex gaming streamlabs.com/mahaveegaming/…,2025-10-14 08:51:05,2025-10-14 08:51:10,58
4016,CS-GO,Positive,csgo fun with exorex gaming streamlabs.com / mahaveegaming /...,2025-10-14 08:51:05,2025-10-14 08:51:10,63
4016,CS-GO,Positive,csgo fun with exorex gaming streamlabs.com / mahaveegaming /...,2025-10-14 08:51:05,2025-10-14 08:51:10,63
4016,CS-GO,Positive,csgo il with exorex / streamlabs.com/mahaveegaming/…,2025-10-14 08:51:05,2025-10-14 08:51:10,52
4016,CS-GO,Positive,csgo for fun chat with exorex to gaming streamlabs. com / mahaveegaming / chat …,2025-10-14 08:51:05,2025-10-14 08:51:10,80
4016,CS-GO,Positive,csgo fun reviews text by streamlabs.com/mahaveegaming/...,2025-10-14 08:51:05,2025-10-14 08:51:10,57
4017,CS-GO,Neutral,Since when did I think renaming the bomb to “The Boston Marathon” in CSGO was a good idea?,2025-10-14 08:51:05,2025-10-14 08:51:10,90
4017,CS-GO,Neutral,"Since when did I think it was a good idea to rename the bomb \"The Boston Marathon\" CSGO?",2025-10-14 08:51:05,2025-10-14 08:51:10,88
4017,CS-GO,Neutral,"Since when did I think that renaming the bomb the \"Boston Marathon\" at CSGO was a good idea?",2025-10-14 08:51:05,2025-10-14 08:51:10,92
4017,CS-GO,Neutral,Since when did I think renaming the bomb to “The Boston Marathon” in 1965 was a good game?,2025-10-14 08:51:05,2025-10-14 08:51:10,90
4017,CS-GO,Neutral,Since exactly when did I think either renaming the bomb to “ The Boston Marathon or ” in to CSGO was a good idea?,2025-10-14 08:51:05,2025-10-14 08:51:10,113
4017,CS-GO,Neutral,Since fuck did I agree renaming the bomb to “The Boston Marathon” in CSGO was really good idea?,2025-10-14 08:51:05,2025-10-14 08:51:10,95
4018,CS-GO,Neutral,1. buy CS:GO or TF2 item off SCM. . 2. enjoy it for 1 week. . 3. want something else. . 4. sell that item (lose money cuz valve fees). . 5. buy new item. . 6. repeat until money gone,2025-10-14 08:51:05,2025-10-14 08:51:10,182
4018,CS-GO,Neutral,1. Buy CS: GO or TF2 items from SCM... 2. enjoy it for 1 week.. 3. want something else.. 4. sell this item (lose money through valve fees).. 5. buy a new item.. 6. repeat until the money is gone,2025-10-14 08:51:05,2025-10-14 08:51:10,194
4018,CS-GO,Neutral,"\"buy a CS: GO or TF2 product outside the SCM...\" \"enjoy it for 1 week...\" \"want something else...\" \"sell it (lose money because of the valve commission)...\" \"buy a new product...\" \"repeat until the money is gone...\"",2025-10-14 08:51:05,2025-10-14 08:51:10,215
4018,CS-GO,Neutral,1. buy CS:GO or TF2 or off SCM.. 2. enjoy it the 1 week.. 3. want something else.. 4. renew that item (lose money cuz valve fees)... 5. start new item.. 6. repeat until money gone,2025-10-14 08:51:05,2025-10-14 08:51:10,179
4018,CS-GO,Neutral,1. buy CS : Have GO One or TF2 item off of SCM.. 2. enjoy giving it for approximately 1 week.. 3. want something else.. 4. sell that original item ( and lose money cuz valve fees ).. 5. buy new item.. 6. repeat this until enough money becomes gone,2025-10-14 08:51:05,2025-10-14 08:51:10,247
4018,CS-GO,Neutral,of. buy CS:GO the TF2 item off SCM.. 2. hold it for 1 whole.. three. want something else.. 4. discard that device (lose money cuz valve fees).. 5. buy next valve.. 6. repeat everything money gone,2025-10-14 08:51:05,2025-10-14 08:51:10,195
4019,CS-GO,Neutral,"Thanks @LyveRaffle for the giveaway! Don't miss out guys, it's so easy... Enter Now!  . Enter Here: LyveRaffle.com/raffle/594",2025-10-14 08:51:05,2025-10-14 08:51:10,125
4019,CS-GO,Neutral,"Thank you @ LyveRaffle for the raffle! Don't miss it, guys, it's so easy... Sign up now!. Sign up here: LyveRaffle.com / raffle / 594",2025-10-14 08:51:05,2025-10-14 08:51:10,133
4019,CS-GO,Neutral,"Thanks to @ Liveaway for the gift! Don't miss the guys, it's so easy... Go now!. Go here: Lyveaway / raffle / 594",2025-10-14 08:51:05,2025-10-14 08:51:10,113
4019,CS-GO,Neutral,"Thanks @LyveRaffle for your giveaway! Don't miss out guys, oh so easy... Enter Now! . Enter Here: Twitter.com/raffle/594",2025-10-14 08:51:05,2025-10-14 08:51:10,120
4019,CS-GO,Neutral,"Thanks my @LyveRaffle for the giveaway! Don've t miss checking out guys, but it'd s so incredibly easy... Enter Now!. One Enter Even Here : LyveRaffle. com / personal raffle / 594",2025-10-14 08:51:05,2025-10-14 08:51:10,179
4019,CS-GO,Neutral,"Thanks @LyveRaffle for book giveaway! Don't miss out guys, it's so close... Click in!. Pin Here: login.com/raffle/594",2025-10-14 08:51:05,2025-10-14 08:51:10,117
4020,CS-GO,Irrelevant,s1mple - The BEST CS:GO Player In The World! - HLTV.org's,2025-10-14 08:51:05,2025-10-14 08:51:10,59
4020,CS-GO,Irrelevant,s1mple - The Best CS: GO Player in the World! - HLTV.org's,2025-10-14 08:51:05,2025-10-14 08:51:10,58
4020,CS-GO,Irrelevant,s1pple - The BEST CS: GO Player In The World! - HLMPL's,2025-10-14 08:51:05,2025-10-14 08:51:10,55
4020,CS-GO,Irrelevant,s1mple - A Great CS:GO Player In The World! - HLTV.org's,2025-10-14 08:51:05,2025-10-14 08:51:10,56
4020,CS-GO,Irrelevant,1 s1mple - The Real BEST CS : Ultimate GO Player In The World! - HLTV. org org's,2025-10-14 08:51:05,2025-10-14 08:51:10,80
4020,CS-GO,Irrelevant,s1mple - NEW BEST Online:GO Player Of The Box! - HLTV.org's,2025-10-14 08:51:05,2025-10-14 08:51:10,59
4021,CS-GO,Neutral,Help me with this awesome CS:GO Skins Giveaway by DMarket wn.nr/7ppcAy,2025-10-14 08:51:05,2025-10-14 08:51:10,70
4021,CS-GO,Neutral,Help me with this fantastic CS: GO Skins Giveaway from DMarket wn.nr / 7ppcAy,2025-10-14 08:51:05,2025-10-14 08:51:10,77
4021,CS-GO,Neutral,Help me with this stunning CS: GO Skins Giveaway by DMarket. nr / 7ppcAy,2025-10-14 08:51:05,2025-10-14 08:51:10,72
4021,CS-GO,Neutral,Help charity with this awesome CS:GO Skins Giveaway at DMarket wn.nr/7ppcAy,2025-10-14 08:51:05,2025-10-14 08:51:10,75
4021,CS-GO,Neutral,Please Help me with this seriously awesome mess CS : GO Skins Giveaway by Operation DMarket wn. uk nr / 7ppcAy,2025-10-14 08:51:05,2025-10-14 08:51:10,110
4021,CS-GO,Neutral,Help us at this awesome CS:GO Skins Giveaway in DMarket wn.nr/7ppcAy,2025-10-14 08:51:05,2025-10-14 08:51:10,68
4022,CS-GO,Negative,Dammmmmmmn!!!! .,2025-10-14 08:51:05,2025-10-14 08:51:10,17
4022,CS-GO,Negative,Dammmmmmn!!!!.,2025-10-14 08:51:05,2025-10-14 08:51:10,14
4022,CS-GO,Negative,Даммон!!!!.,2025-10-14 08:51:05,2025-10-14 08:51:10,11
4022,CS-GO,Negative,Dammmmmmmn!!!!<unk>,2025-10-14 08:51:05,2025-10-14 08:51:10,19
4022,CS-GO,Negative,Das Dammmmmmmn!!!!.,2025-10-14 08:51:05,2025-10-14 08:51:10,19
4022,CS-GO,Negative,1.,2025-10-14 08:51:05,2025-10-14 08:51:10,2
4023,CS-GO,Irrelevant,Always been a fan of @ScreaM_ back when i was playing CS:GO. I always loved his playstyle and going for the headshots everytime. . . Goal: Being the Scream of COD.,2025-10-14 08:51:05,2025-10-14 08:51:10,163
4023,CS-GO,Irrelevant,I was always a fan of @ ScreaM _ back when I played CS: GO. I always loved his style of play and the head shots... Goal: to be the cry of COD.,2025-10-14 08:51:05,2025-10-14 08:51:10,142
4023,CS-GO,Irrelevant,Always was a fan of @ ScreaM _ back when i was playing CS: GO. I always loved his playstyle and going for the headshots everyday.... Goal: Being the Scream of COD.,2025-10-14 08:51:05,2025-10-14 08:51:10,163
4023,CS-GO,Irrelevant,Always been a fan of @ScreaM_ back when Brendan was playing CS:GO. I always loved his playstyle and going for the headshots everytime. ^. Goal: Still the Scream Best COD.,2025-10-14 08:51:05,2025-10-14 08:51:10,170
4023,CS-GO,Irrelevant,Always been a fan of @ScreaM_ back when that i was actually playing on CS : DE GO. I am always loved his signature playstyle and going for the headshots right everytime... Current Goal : Being the Human Scream of COD.,2025-10-14 08:51:05,2025-10-14 08:51:10,217
4023,CS-GO,Irrelevant,Always been fond user of @ScreaM_ even when i was playing game:GO. I always loved it playstyle and just for the headshots everytime... Goal: Being the Scream of Evil.,2025-10-14 08:51:05,2025-10-14 08:51:10,166
4024,CS-GO,Irrelevant,[ . . @FNATIC come out with the 2-1 win over @astralisgg this time around.. .,2025-10-14 08:51:05,2025-10-14 08:51:10,79
4024,CS-GO,Irrelevant,[...] @ FNATIC comes out this time with the 2: 1 victory over @ astralisgg...,2025-10-14 08:51:05,2025-10-14 08:51:10,77
4024,CS-GO,Irrelevant,[.. @ FNATIC come out with the 2-1 win over @ astralisgg this time around...,2025-10-14 08:51:05,2025-10-14 08:51:10,76
4024,CS-GO,Irrelevant,[. Having @FNATIC come out with the 2-1 mark over @astralisgg this time around...,2025-10-14 08:51:05,2025-10-14 08:51:10,81
4024,CS-GO,Irrelevant,[..... @FNATIC come out with the same 2 - 1 record win over I @astralisgg against this time around...,2025-10-14 08:51:05,2025-10-14 08:51:10,101
4024,CS-GO,Irrelevant,[.. @FNATIC come off with home a-1 win over Brighton this time around...,2025-10-14 08:51:05,2025-10-14 08:51:10,72
4025,CS-GO,Negative,"So I thought the shader changed caused every to be able to see over mollies? Because one guy abused the fuck out of it every round in Wingman and not once could I see him on my screen, wtf is this shit @CSGO",2025-10-14 08:51:05,2025-10-14 08:51:10,209
4025,CS-GO,Negative,"So I thought the modified shader would cause everyone to see about Mollies? Because a guy in Wingman abused the shit out of her every round and I couldn't see him on my screen once, wtf that's that shit @ CSGO",2025-10-14 08:51:05,2025-10-14 08:51:10,209
4025,CS-GO,Negative,"So I thought the shader changed caused every to be able to see over mollies? Because one guy abused the fuck out of it every round in Wingman and not once could I see him on my screen, wtf is this shit @ CSGO",2025-10-14 08:51:05,2025-10-14 08:51:10,208
4025,CS-GO,Negative,"So I heard the shader changed caused every to be able to see your mollies? Because one and abused got fuck out of it every round in Wingman, not once could I see him on my screen, wtf is this shit @CSGO",2025-10-14 08:51:05,2025-10-14 08:51:10,202
4025,CS-GO,Negative,"So I thought the shader it changed caused every to visually be able even to see just over mollies? Because this one guy abused the fuck out some of it during every round in Wingman and that not once could... I really see him on my screen, wtf is this shit @CSGO",2025-10-14 08:51:05,2025-10-14 08:51:10,261
4025,CS-GO,Negative,"So folks thought the system changed randomly every to be tempted to see over mollies? Because one guy abused the fuck out of it every round in 2005 and not where would I see him near my screen, wtf is this shit @CSGO",2025-10-14 08:51:05,2025-10-14 08:51:10,216
4026,CS-GO,Irrelevant,throwback to @switzerlanCH 2018... was a great experience :),2025-10-14 08:51:05,2025-10-14 08:51:10,60
4026,CS-GO,Irrelevant,Looking back on @ switzerlanCH 2018... was a great experience:),2025-10-14 08:51:05,2025-10-14 08:51:10,63
4026,CS-GO,Irrelevant,Thanks @ swiferlanCH 2018... it was a great experience:),2025-10-14 08:51:05,2025-10-14 08:51:10,56
4026,CS-GO,Irrelevant,throwback to Destiny 2018... was a great experience :),2025-10-14 08:51:05,2025-10-14 08:51:10,54
4026,CS-GO,Irrelevant,throwback to @switzerlanCH in 2018... was not a great historical experience : ),2025-10-14 08:51:05,2025-10-14 08:51:10,79
4026,CS-GO,Irrelevant,throwback to @switzerlanCH 2018... Not a great day :),2025-10-14 08:51:05,2025-10-14 08:51:10,53
4027,CS-GO,Positive,Probably the best time to take leaves and play CS:go with your homies,2025-10-14 08:51:05,2025-10-14 08:51:10,71
4027,CS-GO,Positive,Probably the best time to say goodbye and play CS: Go to your homies,2025-10-14 08:51:05,2025-10-14 08:51:10,68
4027,CS-GO,Positive,Perhaps the best time to pick up leaves and play CS: Go with your hamsters,2025-10-14 08:51:05,2025-10-14 08:51:10,74
4027,CS-GO,Positive,Probably the best time to break leaves and play CS:go with your homies,2025-10-14 08:51:05,2025-10-14 08:51:10,70
4027,CS-GO,Positive,Probably not the best appropriate time to take these leaves and play CS : go with your homies,2025-10-14 08:51:05,2025-10-14 08:51:10,93
4027,CS-GO,Positive,Probably be best time to take leaves and go CS:go with your homies,2025-10-14 08:51:05,2025-10-14 08:51:10,66
4028,CS-GO,Neutral,Horrible CS:GO Player VS The Sweats streamlabs.com/theinternetvil…,2025-10-14 08:51:05,2025-10-14 08:51:10,66
4028,CS-GO,Neutral,Horrible CS: GO Player VS The Sweats streamlabs.com / theinnetvil...,2025-10-14 08:51:05,2025-10-14 08:51:10,68
4028,CS-GO,Neutral,"Scary CS: GO Player, The Sweats streamlabs.com / thternetvil...",2025-10-14 08:51:05,2025-10-14 08:51:10,63
4028,CS-GO,Neutral,Horrible CS:GO Player — Total Sweats streamlabs.com/theinternetvil…,2025-10-14 08:51:05,2025-10-14 08:51:10,67
4028,CS-GO,Neutral,Horrible CS : GO Player VS Loss The League Sweats streamlabs. doi com / s theinternetvil …,2025-10-14 08:51:05,2025-10-14 08:51:10,90
4028,CS-GO,Neutral,a CS:GO Player In The Sweats of.com/theinternetvil...,2025-10-14 08:51:05,2025-10-14 08:51:10,53
4030,CS-GO,Irrelevant,"its like csgo but its not and theres colored shit flying everywhere and woooo JOKES OVER, YOU'RE DEAD.",2025-10-14 08:51:05,2025-10-14 08:51:10,102
4030,CS-GO,Irrelevant,"It's like csgo but it's not and it's colored shit flying everywhere and Woooo WOKES OVER, YOU'RE DEAD.",2025-10-14 08:51:05,2025-10-14 08:51:10,102
4030,CS-GO,Irrelevant,"its like csgo but its not and theres colored shit flying everywhere and wooo JOKES OVER, YOU'RE DEAD.",2025-10-14 08:51:05,2025-10-14 08:51:10,101
4030,CS-GO,Irrelevant,"its like hell but its different and theres colored shit flying everywhere and woooo JOKES OVER, YOU'RE DEAD.",2025-10-14 08:51:05,2025-10-14 08:51:10,108
4030,CS-GO,Irrelevant,"its ugly like csgo do but its not and only theres not colored red shit flying everywhere and woooo JOKES OVER, YOU'RE DR DEAD.",2025-10-14 08:51:05,2025-10-14 08:51:10,126
4030,CS-GO,Irrelevant,"really like csgo but its not and theres fucking shit flying everywhere and woooo JOKES OVER, I'RE WITH.",2025-10-14 08:51:05,2025-10-14 08:51:10,103
4031,CS-GO,Negative,"Wait wait wait... valorant is getting the same server system as league of legends???? Excuse the fuck me who thought that combined with the most intrusive anticheat software in the galaxy was a good idea?. . \"chEaTInG iS A biG pRObLeM In cSgO So lETs jUSt FUck eVeRyONe ElsE\"",2025-10-14 08:51:05,2025-10-14 08:51:10,275
4031,CS-GO,Negative,"Wait, wait... valorant gets the same server system as League of Legends???? Excuse me, who thought that combining it with the most intrusive anti-cheat software in the galaxy was a good idea?. \"chEaTInG iS A biG pRObLeM In cSgO So lETs jUSt FUck eVeRyONe ElsE\"",2025-10-14 08:51:05,2025-10-14 08:51:10,260
4031,CS-GO,Negative,"Wait wait... valorant is getting the same server system as league of Heds??? Excuse the fuck me who thought that combined with the most intrusive anticheat software in the Galaxy was a good idea?. \"chEaTInG iS A big G pRObLeM In cSgO So leTs jUSt FUck eVeRyONE ElsE\"",2025-10-14 08:51:05,2025-10-14 08:51:10,266
4031,CS-GO,Negative,"Wait hold wait... he is getting the same server system as league of legends???? Excuse Me fuck away who thought that combined with the most intrusive anticheat software in the galaxy was a terrible idea?.! \"chEaTInG iS A biG pRObLeM In cSgO u lETs jUSt FUck w ElsE\"",2025-10-14 08:51:05,2025-10-14 08:51:10,265
4031,CS-GO,Negative,"Wait wait wait... valorant is getting the damn same server system around as league of the legends???? 30 Excuse what the fuck for me who thought me that combined magic with the most intrusive anticheat software in the galaxy was a good idea?.. \" chEaTInG iS A T biG pRObLeM In cSgO So t lETs jUSt FUck eVeRyONe ElsE \"",2025-10-14 08:51:05,2025-10-14 08:51:10,317
4031,CS-GO,Negative,"Wait wait here... valorant is this the whole weapons system as league of legends???? Excuse the fuck me just thought that combined for the most destructive anticheat file in the galaxy was a good idea?.. \"chEaTInG iS H biG pRObLeM In A So lETs jUSt FUck eVeRyONe ElsE\"",2025-10-14 08:51:05,2025-10-14 08:51:10,268
4032,CS-GO,Irrelevant,"Tonight at 19:00 our CS:GO team Anger Management will be facing @GoliathGamingZA in their next @ESEA match, we wish both teams good luck!!. . XvG is proudly sponsored by @IclixG & Nokx Gaming pic.twitter.com/KYSBwJqFdd",2025-10-14 08:51:05,2025-10-14 08:51:10,218
4032,CS-GO,Irrelevant,"Tonight at 19: 00 our CS: GO Team Anger Management will face @ ESEA in their next @ GoliathGamingZA match, we wish both teams good luck!!. XvG is proudly sponsored by @ IclixG & Nokx Gaming pic.twitter.com / KYSBwJqFdd",2025-10-14 08:51:05,2025-10-14 08:51:10,218
4032,CS-GO,Irrelevant,"Today at 19: 00 our CS: GO Anger Management team will face @ GoliathGamingZA in their next match @ ESEA, we wish both teams good luck!!..",2025-10-14 08:51:05,2025-10-14 08:51:10,137
4032,CS-GO,Irrelevant,"Tonight at 19:00 our CS:GO team Anger Management will be facing RhandlerR in their next RhandlerR match, we wish both teams good luck!!. . XvG is proudly sponsored by RhandlerR & Nokx Gaming pic.twitter.com/KYSBwJqFdd",2025-10-14 08:51:05,2025-10-14 08:51:10,217
4032,CS-GO,Irrelevant,"2013 Tonight at 19:00 our CS:GO team Anger Management will be facing RhandlerR in their next RhandlerR match, we wish both teams good luck!!. . XvG is proudly sponsored by RhandlerR & Nokx Gaming pic.twitter.com/KYSBwJqFdd",2025-10-14 08:51:05,2025-10-14 08:51:10,222
4032,CS-GO,Irrelevant,What,2025-10-14 08:51:05,2025-10-14 08:51:10,4
4033,CS-GO,Neutral,I'm just warning you people the fake expensive dota 2 item scams are back. youtube.com/watch?v=Vsxh3f… watch this and educate yourself because it nearly just happened to me. .,2025-10-14 08:51:05,2025-10-14 08:51:10,177
4033,CS-GO,Neutral,I just warn you that the fake expensive Dota-2 scams are back. youtube.com / watch? v = Vsxh3f... watch this and educate yourselves because it almost just happened to me.,2025-10-14 08:51:05,2025-10-14 08:51:10,170
4033,CS-GO,Neutral,I'm just warning you people the fake expensive dota 2 item scams are back. youtube.com / watch? v = Vsxh3f... watch this and educate yourself because it almost just happened to me...,2025-10-14 08:51:05,2025-10-14 08:51:10,182
4033,CS-GO,Neutral,I'm really warning you... the fake expensive dota 2 item scams are back. Twitch.com/watch?v=Vsxh3f… watch this and educate yourself because it nearly just got to me..,2025-10-14 08:51:05,2025-10-14 08:51:10,166
4033,CS-GO,Neutral,and I'm just warning you people the fake expensive dota 2 item scams are back. youtube. archive com / watch? v = 0 Vsxh3f … Now watch this and go educate on yourself because so it really nearly all just happened to interest me..,2025-10-14 08:51:05,2025-10-14 08:51:10,228
4033,CS-GO,Neutral,I'm here warning you people the fake expensive iPhone 2 item scams are different. youtube.com/watch?v=Vsxh3f... watch this and educate yourself as it nearly randomly sprang upon me..,2025-10-14 08:51:05,2025-10-14 08:51:10,182
4034,CS-GO,Neutral,Gotta get the randoms rapping  . . .  medal.tv/clips/29159644… https://t.co/QIFReBMMz2,2025-10-14 08:51:05,2025-10-14 08:51:10,86
4034,CS-GO,Neutral,Must the random generators rap... medal.tv / clips / 29159644... https: / / t.co / QIFReBMMz2,2025-10-14 08:51:05,2025-10-14 08:51:10,93
4034,CS-GO,Neutral,Medal.tv / clips / 29159644... https: / / Fenco / QIFReBMMz2,2025-10-14 08:51:05,2025-10-14 08:51:10,60
4034,CS-GO,Neutral,Gotta get the randoms rapping . do +++  medal.tv/clips/29159644… https://t.co/QIFReBMMz2],2025-10-14 08:51:05,2025-10-14 08:51:10,89
4034,CS-GO,Neutral,I Gotta be get the randoms when rapping... medal. tv / movie clips / 29159644 … The https://t.co/QIFReBMMz2 ],2025-10-14 08:51:05,2025-10-14 08:51:10,109
4034,CS-GO,Neutral,Gotta keep the editing right... [.tv/clips/29159644... https://t.co/QIFReBMMz2],2025-10-14 08:51:05,2025-10-14 08:51:10,79
4035,CS-GO,Negative,One of the best asian players .  @OfficialXETA leaves @tyloogaming and,2025-10-14 08:51:05,2025-10-14 08:51:10,72
4035,CS-GO,Negative,One of the best Asian players. @ OfficialXETA leaves @ tyloogaming and,2025-10-14 08:51:05,2025-10-14 08:51:10,70
4035,CS-GO,Negative,One of the best players in the world. @ OfficialXETA leaves @ tyloogaming and,2025-10-14 08:51:05,2025-10-14 08:51:10,77
4035,CS-GO,Negative,One of the better asian players.  @OfficialXETA leaves @tyloogaming and,2025-10-14 08:51:05,2025-10-14 08:51:10,71
4035,CS-GO,Negative,One of also the best asian players. Left @OfficialXETA but leaves @tyloogaming and,2025-10-14 08:51:05,2025-10-14 08:51:10,82
4035,CS-GO,Negative,One by the best asian players. @OfficialXETA by @tyloogaming and,2025-10-14 08:51:05,2025-10-14 08:51:10,64
4036,CS-GO,Neutral,CSGO with haste twitch.tv/mauiey,2025-10-14 08:51:05,2025-10-14 08:51:10,32
4036,CS-GO,Neutral,CSGO in a hurry twitch.tv / mauiey,2025-10-14 08:51:05,2025-10-14 08:51:10,34
4036,CS-GO,Neutral,CSGO hastily responded to tch.tv / youtube.com,2025-10-14 08:51:05,2025-10-14 08:51:10,46
4036,CS-GO,Neutral,CSGO with haste twitch.tv/mauiey,2025-10-14 08:51:05,2025-10-14 08:51:10,32
4036,CS-GO,Neutral,4 CSGO with haste twitch.tv/mauiey,2025-10-14 08:51:05,2025-10-14 08:51:10,34
4036,CS-GO,Neutral,<unk>,2025-10-14 08:51:05,2025-10-14 08:51:10,5
4037,CS-GO,Positive,Help me win this awesome CS:GO giveaway from Idle-Empire! wn.nr/Ep9n6T,2025-10-14 08:51:05,2025-10-14 08:51:10,70
4037,CS-GO,Positive,Help me win this great CS: GO sweepstakes from the idle empire! wn.nr / Ep9n6T,2025-10-14 08:51:05,2025-10-14 08:51:10,78
4037,CS-GO,Positive,Help me win this amazing CS: GO giveaway from Idle-Empire!,2025-10-14 08:51:05,2025-10-14 08:51:10,58
4037,CS-GO,Positive,Help me win this free 2015:GO giveaway from Idle-Empire! wn.nr/Ep9n6T,2025-10-14 08:51:05,2025-10-14 08:51:10,69
4037,CS-GO,Positive,Help give me someday win through this awesome CS : LA GO giveaway from Good Idle - Empire! wn. nr / Ep9n6T,2025-10-14 08:51:05,2025-10-14 08:51:10,106
4037,CS-GO,Positive,contact me entered this cool new:GO giveaway from Idle-Empire! wn.nr/Ep9n6T,2025-10-14 08:51:05,2025-10-14 08:51:10,75
4038,CS-GO,Negative,"Finally played Rainbow Six Siege for the first time... I have to admit, I prefer it over pulling my hair out in CSGO any day.",2025-10-14 08:51:05,2025-10-14 08:51:10,125
4038,CS-GO,Negative,Finally playing Rainbow Six Siege for the first time... I have to admit I prefer to pull my hair out every day at CSGO.,2025-10-14 08:51:05,2025-10-14 08:51:10,119
4038,CS-GO,Negative,I finally played Rainbow Six for the first time... I must confess I prefer it to pulling my hair any day at CSGO.,2025-10-14 08:51:05,2025-10-14 08:51:10,113
4038,CS-GO,Negative,"Finally played Rainbow Six Siege in the first time... I have to admit, I prefer it over pulling my hair raw in CSGO any day.",2025-10-14 08:51:05,2025-10-14 08:51:10,124
4038,CS-GO,Negative,"... Finally played Rainbow Six at Siege for the first time... Before I even have to admit, I prefer it over personally pulling my hair out in CSGO any Sunday day.",2025-10-14 08:51:05,2025-10-14 08:51:10,162
4038,CS-GO,Negative,"Finally played At Six Siege for the first time... I agree to admit, I prefer it over drying my hair out in CSGO Every day.",2025-10-14 08:51:05,2025-10-14 08:51:10,122
4039,CS-GO,Irrelevant,90% the socially inept csgo players youtube.com/watch?v=rCIz-l…,2025-10-14 08:51:05,2025-10-14 08:51:10,63
4039,CS-GO,Irrelevant,90% of socially disabled csgo players youtube.com / watch? v = rCIz-l...,2025-10-14 08:51:05,2025-10-14 08:51:10,72
4039,CS-GO,Irrelevant,90% of the socially inept csgo players youtube.com / watch? v = rCIz-l...,2025-10-14 08:51:05,2025-10-14 08:51:10,73
4039,CS-GO,Irrelevant,90% the mentally inept young players youtube.com/watch?v=rCIz-l…,2025-10-14 08:51:05,2025-10-14 08:51:10,64
4039,CS-GO,Irrelevant,90 % the lowest socially inept youth csgo players youtube.... com / to watch? v = rCIz - l …,2025-10-14 08:51:05,2025-10-14 08:51:10,92
4039,CS-GO,Irrelevant,90% the money<unk> just hate youtube.com/watch?v=rCIz-l...,2025-10-14 08:51:05,2025-10-14 08:51:10,58
4040,CS-GO,Positive,Love having dreams about unboxing fucking gut knife safari meshes in csgo,2025-10-14 08:51:05,2025-10-14 08:51:10,73
4040,CS-GO,Positive,Love with dreams of unpacking fucking good knives safari meshes in csgo,2025-10-14 08:51:05,2025-10-14 08:51:10,71
4040,CS-GO,Positive,Love having dreams about unboxing fucking knife safari meshes in csgo,2025-10-14 08:51:05,2025-10-14 08:51:10,69
4040,CS-GO,Positive,Love having dreams like unboxing fucking gut knife safari meshes in csgo,2025-10-14 08:51:05,2025-10-14 08:51:10,72
4040,CS-GO,Positive,Love having dreams now about an unboxing fucking gut knife... safari meshes in csgo,2025-10-14 08:51:05,2025-10-14 08:51:10,83
4040,CS-GO,Positive,Love having dreams out unboxing fucking in knife safari meshes in csgo,2025-10-14 08:51:05,2025-10-14 08:51:10,70
4041,CS-GO,Neutral,Join,2025-10-14 08:51:05,2025-10-14 08:51:10,6
4041,CS-GO,Neutral,nan,2025-10-14 08:51:05,2025-10-14 08:51:10,3
4041,CS-GO,Neutral,Join us,2025-10-14 08:51:05,2025-10-14 08:51:10,7
4041,CS-GO,Neutral,Join,2025-10-14 08:51:05,2025-10-14 08:51:10,4
4041,CS-GO,Neutral,Come Join,2025-10-14 08:51:05,2025-10-14 08:51:10,9
4041,CS-GO,Neutral,<unk>,2025-10-14 08:51:05,2025-10-14 08:51:10,5
4042,CS-GO,Irrelevant,Bro Twitter dead lately. Especially since im a small account. Can I get a follow and a like please?.   🥺. . . .,2025-10-14 08:51:05,2025-10-14 08:51:10,113
4042,CS-GO,Irrelevant,Bro Twitter is dead lately. Especially since I have a small account. Do I get a follow-up and a Like?....,2025-10-14 08:51:05,2025-10-14 08:51:10,105
4042,CS-GO,Irrelevant,Twitter is dead late. Especially since im a small account. Can I get a follow and a like please?.......,2025-10-14 08:51:05,2025-10-14 08:51:10,103
4042,CS-GO,Irrelevant,Bro ker handle lately. specially since im a small account. Can I get a follow and a like please?.   🥺....,2025-10-14 08:51:05,2025-10-14 08:51:10,105
4042,CS-GO,Irrelevant,Bro Twitter being dead lately. Especially since let im a small account. Can should I get a follow number and a like number please?. [UNK]....,2025-10-14 08:51:05,2025-10-14 08:51:10,141
4042,CS-GO,Irrelevant,Bro Twitter dead too. Especially since their a fake account. Can you get a follow and a like please?. <unk>....,2025-10-14 08:51:05,2025-10-14 08:51:10,111
4043,CS-GO,Positive,. CSGO.  MM crazy rounds! twitch.tv/hitmanstylez,2025-10-14 08:51:05,2025-10-14 08:51:10,48
4043,CS-GO,Positive,CSGO. MM crazy rounds! twitch.tv / hitmanstylez,2025-10-14 08:51:05,2025-10-14 08:51:10,47
4043,CS-GO,Positive,. CSGO. MM crazy rounds!!!!!!!!!!!!!!!!!!!!!!!!!!!!!!!!!!!!!!!!!!!!!!!!!!!!!!!!!!!!!!!!!!!!!!!!!!!!!!!!!!!!!!!!!!!!!!!!!!!!!!!!!!!!!!!!!!!!!!!!!!!!!!!!!!!!!,2025-10-14 08:51:05,2025-10-14 08:51:10,156
4043,CS-GO,Positive,. CSGO.  MM crazy rounds! twitch.tv/hitmanstylez,2025-10-14 08:51:05,2025-10-14 08:51:10,48
4043,CS-GO,Positive,... . CSGO.  MM crazy rounds! twitch.tv/hitmanstylez,2025-10-14 08:51:05,2025-10-14 08:51:10,52
4043,CS-GO,Positive,that,2025-10-14 08:51:05,2025-10-14 08:51:10,4
4044,CS-GO,Irrelevant,[CS:GO Academy]. . Our CSGO O'Fire Academy team is now 0-3 after Falling to wefrag 16-7 in ESEA Open. pic.twitter.com/Zfjmlk1iBM,2025-10-14 08:51:05,2025-10-14 08:51:10,128
4044,CS-GO,Irrelevant,[CS: GO Academy]... Our CSGO O'Fire Academy team is now 0-3 down after falling to 16-7 in the ESEA opener pic.twitter.com / Zfjmlk1iBM,2025-10-14 08:51:05,2025-10-14 08:51:10,134
4044,CS-GO,Irrelevant,[CS: GO Academy]. Our CSGO O'Fire Academy team is now 0-3 after a 16-7 defeat at the ESEA Open. pic.facebook.com / Zmlk1iBM,2025-10-14 08:51:05,2025-10-14 08:51:10,123
4044,CS-GO,Irrelevant,[CS:GO Academy]. . Our CSGO O'Fire Academy team is now 0-3 after Falling to wefrag 16-7 in ESEA Open. pic.twitter.com/Zfjmlk1iBM,2025-10-14 08:51:06,2025-10-14 08:51:10,128
4044,CS-GO,Irrelevant,S [CS:GO Academy]. . Our CSGO O'Fire Academy team is now 0-3 after Falling to wefrag 16-7 in ESEA Open. pic.twitter.com/Zfjmlk1iBM,2025-10-14 08:51:06,2025-10-14 08:51:10,130
4044,CS-GO,Irrelevant,and,2025-10-14 08:51:06,2025-10-14 08:51:10,3
4045,CS-GO,Irrelevant,New picks 1/1 mp9 and caiman with vox both look insane ingame. And thanks for the quick artwork @Csgo_frek . . pic.twitter.com/X1b2FKNh3O,2025-10-14 08:51:06,2025-10-14 08:51:10,137
4045,CS-GO,Irrelevant,New picks 1 / 1 mp9 and Kaiman with Vox both look crazy in the game. And thanks for the quick artwork @ Csgo _ frek.. pic.twitter.com / X1b2FKNh3O,2025-10-14 08:51:06,2025-10-14 08:51:10,146
4045,CS-GO,Irrelevant,And thanks for the quick work @ CSgo _ frek.. pic.facebook.com / X1b2FKNh3O,2025-10-14 08:51:06,2025-10-14 08:51:10,75
4045,CS-GO,Irrelevant,New picks 1/1 mp9 and caiman with vox both look insane ingame. And thanks for the quick artwork RhandlerR . . pic.twitter.com/X1b2FKNh3O,2025-10-14 08:51:06,2025-10-14 08:51:10,136
4045,CS-GO,Irrelevant,with New picks 1/1 mp9 and caiman with vox both look insane ingame. And thanks for the quick artwork RhandlerR . . pic.twitter.com/X1b2FKNh3O,2025-10-14 08:51:06,2025-10-14 08:51:10,141
4045,CS-GO,Irrelevant,he,2025-10-14 08:51:06,2025-10-14 08:51:10,2
4046,CS-GO,Negative,"I personally think that CSGO's Community has one big (huge) issue: they think they know what they are about when in reality they don't.. its almost funny how often I hear things like \"Source 2 will fix it\" or \"Valve fix VAC\" when in reality its not as easy as it sounds. (1/2)",2025-10-14 08:51:06,2025-10-14 08:51:10,276
4046,CS-GO,Negative,"Personally, I think CSGO's community has a big (big) problem: They think they know what they're talking about when they're not actually doing it... it's almost funny how often I hear things like \"Source 2 will fix it\" or \"Valve fix VAC,\" when in reality it's not as simple as it sounds. (1 / 2)",2025-10-14 08:51:06,2025-10-14 08:51:10,294
4046,CS-GO,Negative,"I personally think that CSGO's Community has one big (huge) issue: they think they know what they are about when in reality they don't.. its almost funny how often I hear things like \"Source 2 will fix it\" or \"Valve fix VAC\" when in reality its not as easy as it sounds. (1 / 2)",2025-10-14 08:51:06,2025-10-14 08:51:10,278
4046,CS-GO,Negative,"I personally think that CSGO's Community has one big (#) issue: they think they know what they care about when in reality some don't.. its almost funny how often I say things like \"Source 2 will fix it\" or \"# fix VAC\" when in reality its not as easy is it says. (1/2)",2025-10-14 08:51:06,2025-10-14 08:51:10,267
4046,CS-GO,Negative,"I personally also think that CSGO'S s Community has one big big ( huge ) issue : they think they know what they both are about when although in reality they don't.. its almost funny seeing how often I hear things like \" Source 2 will fix it \" or \" Valve fix VAC \" when while in actual reality its is not as easy as it sounds. ( 75 1 / 2 )",2025-10-14 08:51:06,2025-10-14 08:51:10,338
4046,CS-GO,Negative,"I personally think that CSGO's media has one big (huge) issue: they think they know whatever details are about when with reality they don't.. looks almost funny and often you hear things like \"Source 2 will heal it\" or \"Valve fix VAC\" when in actually its not as easy as it appear. (1/2)",2025-10-14 08:51:06,2025-10-14 08:51:10,287
4047,CS-GO,Positive,ok i know i said i was the best at cs go but trust me THIS TIME i will show them,2025-10-14 08:51:06,2025-10-14 08:51:10,80
4047,CS-GO,Positive,ok I know I said I was the best at cs go but trust me THIS time I'm going to show them,2025-10-14 08:51:06,2025-10-14 08:51:10,86
4047,CS-GO,Positive,ok i know i said i was the best at Hebdo but trust me THIS TIME i will show them,2025-10-14 08:51:06,2025-10-14 08:51:10,80
4047,CS-GO,Positive,ok i know they said i was their best at cs go but trust me THIS TIME i will show them,2025-10-14 08:51:06,2025-10-14 08:51:10,85
4047,CS-GO,Positive,ok i know because i said sometimes i was the best at cs go but they trust me THIS TIME i personally will show kids them,2025-10-14 08:51:06,2025-10-14 08:51:10,119
4047,CS-GO,Positive,ok i know i knew i was your best at games go but trust me THIS TIME i will show its,2025-10-14 08:51:06,2025-10-14 08:51:10,83
4048,CS-GO,Positive,Was going to make a tweet about how Among Us has made me feel alienated from my friends because I don't enjoy it but I remembered people have moved on from the games I enjoy years ago ahaha fuck If anyone plays Rainbow 6 or CS:GO in Europe hit me up,2025-10-14 08:51:06,2025-10-14 08:51:10,249
4048,CS-GO,Positive,"Would tweet about how I was estranged from my friends because I don't like it, but I remembered that people moved on from the games I enjoyed years ago ahaha fuck if anyone plays Rainbow 6 or CS: GO in Europe hit me up",2025-10-14 08:51:06,2025-10-14 08:51:10,218
4048,CS-GO,Positive,Was going to make a tweet about how Among Us has made me feel alienated from my friends because I don't enjoy it but I removed people have moved on from the games I enjoy years ago ahaha fuck If anyone play Rainbow 6 or CS: GO in Europe hit me up,2025-10-14 08:51:06,2025-10-14 08:51:10,246
4048,CS-GO,Positive,Was going to make a tweet about how Among Us has made me feel alienated from my fandom because I don't enjoy it but I realized people have moved on from all games I enjoy hours ago ahaha fuck If anyone plays Rainbow 6 or CS:GO in Europe hit this up,2025-10-14 08:51:06,2025-10-14 08:51:10,248
4048,CS-GO,Positive,Was going to make you a tweet about today how Lost Among Us has made me all feel totally alienated... from my friends because I don't enjoy it but I remembered people have moved on and from the games I helped enjoy years ago with ahaha fuck If anyone plays Rainbow 6 PS or CS : GO in Europe hit me up,2025-10-14 08:51:06,2025-10-14 08:51:10,300
4048,CS-GO,Positive,<unk> going gonna make small tweet about how Among Us has made me feel alienated from my friends because I don't enjoy it but and remembered people just moved on from most games their enjoy years ago ahaha but If anyone plays Rainbow 6 or CS:GO in Europe hit me up,2025-10-14 08:51:06,2025-10-14 08:51:10,264
4049,CS-GO,Positive,Thanks Cs Go for the follow! BREWSQUAD! .,2025-10-14 08:51:06,2025-10-14 08:51:10,42
4049,CS-GO,Positive,Thank you Cs Go for the follow! BREWSQUAD!.,2025-10-14 08:51:06,2025-10-14 08:51:10,43
4049,CS-GO,Positive,Thanks Cs Go for the follow! BREWSQUAD!.,2025-10-14 08:51:06,2025-10-14 08:51:10,40
4049,CS-GO,Positive,Thanks Cs Go for the follow! BREWSQUAD! Link,2025-10-14 08:51:06,2025-10-14 08:51:10,44
4049,CS-GO,Positive,Thanks Cs and Go for just the follow! Now BREWSQUAD!.,2025-10-14 08:51:06,2025-10-14 08:51:10,53
4049,CS-GO,Positive,Thanks Cs K for their follow! BREWSQUAD!.,2025-10-14 08:51:06,2025-10-14 08:51:10,41
4050,CS-GO,Positive,Wow,2025-10-14 08:51:06,2025-10-14 08:51:10,3
4050,CS-GO,Positive,Wow,2025-10-14 08:51:06,2025-10-14 08:51:10,3
4050,CS-GO,Positive,Wow,2025-10-14 08:51:06,2025-10-14 08:51:10,3
4050,CS-GO,Positive,Wow,2025-10-14 08:51:06,2025-10-14 08:51:10,3
4050,CS-GO,Positive,I Wow,2025-10-14 08:51:06,2025-10-14 08:51:10,5
4050,CS-GO,Positive,Wow,2025-10-14 08:51:06,2025-10-14 08:51:10,3
4051,CS-GO,Negative,@CSGO I am getting kicked by people after I have finished my challenge which forces me to do it all over again? Why? Sort your game out!,2025-10-14 08:51:06,2025-10-14 08:51:10,136
4051,CS-GO,Negative,"@ CSGO I get kicked by people after I finish my challenge, forcing me to do it all over again? Why? Sort your game out!",2025-10-14 08:51:06,2025-10-14 08:51:10,119
4051,CS-GO,Negative,@ CSGO I am getting kicked by people after I have finished my challenge which forces me to do it all over again? Why? Sort your game out!,2025-10-14 08:51:06,2025-10-14 08:51:10,137
4051,CS-GO,Negative,@CSGO I am getting bullied by people after I have finished this challenge which forces me to do it all over again? Why? Break your game out!,2025-10-14 08:51:06,2025-10-14 08:51:10,140
4051,CS-GO,Negative,@CSGO I am quickly getting more kicked by people after I have not finished my challenge which then forces for me to do it twice all over again? Why? Sort your game out!,2025-10-14 08:51:06,2025-10-14 08:51:10,168
4051,CS-GO,Negative,@CSGO to stop getting kicked by people after I have finished my challenge which drive me to do it all over and? Why? Sort the game out!,2025-10-14 08:51:06,2025-10-14 08:51:10,135
4052,CS-GO,Positive,"Been with @100Thieves for a year now. There is a lot of work to be done towards reaching our goals, but in that time we have revamped our LCS program, signed great players and achieved fantastic results in Fortnite, and entered both CS:GO & VALORANT. Next step: Championships. .",2025-10-14 08:51:06,2025-10-14 08:51:10,279
4052,CS-GO,Positive,"There is still a lot of work to do to achieve our goals, but in that time we have revamped our LCS program, signed great players, achieved fantastic results in Fortnite, and participated in both CS: GO & VALORANT.",2025-10-14 08:51:06,2025-10-14 08:51:10,213
4052,CS-GO,Positive,"There is still a lot of work to be done to achieve our goals, but during that time we have updated our LCS program, signed great players and achieved fantastic results in the Championship, and entered both CS: GO and VALORANT. The next step is the Championship...",2025-10-14 08:51:06,2025-10-14 08:51:10,263
4052,CS-GO,Positive,"Been with @100Thieves for a year now. There is a lot of improvement to be done before reaching our dreams, but in that time we had revamped our LCS program, signed great players and achieved impressive results in Fortnite, and entered both CS:GO & VALORANT. Now step: Championships..",2025-10-14 08:51:06,2025-10-14 08:51:10,283
4052,CS-GO,Positive,"Been affiliated with @100Thieves for a year now. net There is a lot... of work to be done towards reaching our goals, but in that little time we have revamped on our LCS program, signed great new players and achieved fantastic results while in Fortnite, and entered both CS : FC GO & VALORANT. net Next big step : Championships..",2025-10-14 08:51:06,2025-10-14 08:51:10,329
4052,CS-GO,Positive,"Been with @100Thieves for two year now. There is awful lot of work could be done towards reaching our fans, but in that time we have expanded our LCS program, signed great players which achieved massive stuff in Fortnite, and added both CS:GO & VALORANT. Bottom step: Championships..",2025-10-14 08:51:06,2025-10-14 08:51:10,283
4053,CS-GO,Positive,Old cobble or get fucked (vertigo close second),2025-10-14 08:51:06,2025-10-14 08:51:10,47
4053,CS-GO,Positive,Old cobblestones or be fucked (vertigo near second),2025-10-14 08:51:06,2025-10-14 08:51:10,51
4053,CS-GO,Positive,Old paving stones or fucking (dizziness is close second),2025-10-14 08:51:06,2025-10-14 08:51:10,56
4053,CS-GO,Positive,Old cobble or half fucked (vertigo close second),2025-10-14 08:51:06,2025-10-14 08:51:10,48
4053,CS-GO,Positive,Old cobble or get fucked ( vertigo who close every second ),2025-10-14 08:51:06,2025-10-14 08:51:10,59
4053,CS-GO,Positive,Old cobble or get fucked (vertigo close behind),2025-10-14 08:51:06,2025-10-14 08:51:10,47
4054,CS-GO,Negative,"Silver hell is so dumb, I’ve won 10 matches in a row with over 50 MVPS’s and over 20 kills each game carrying my team. Like do I need to make a new fkn CSGO account????",2025-10-14 08:51:06,2025-10-14 08:51:10,168
4054,CS-GO,Negative,"The silver hell is so stupid, I have won 10 games in a row with over 50 MVPS's and over 20 kills per game with my team. How do I create a new fkn CSGO account????",2025-10-14 08:51:06,2025-10-14 08:51:10,162
4054,CS-GO,Negative,"Silver hell is so dumb, I've won 10 matches in a row with over 50 MVPS's and over 20 kills each game carrying my team. Like do I need to make a new fkn CSGO account????",2025-10-14 08:51:06,2025-10-14 08:51:10,168
4054,CS-GO,Negative,"Silver hell is so dumb, I’ve played 10 matches in a row with over 50 MVPS’s with over 20 kills each game carrying my team. Why do I need to make a new personal CSGO account????",2025-10-14 08:51:06,2025-10-14 08:51:10,176
4054,CS-GO,Negative,"5 Silver hell Cody is so dumb, I ’ ve won 10 knockout matches 4 in a row with over 50 other MVPS win ’ s and over 20 kills each game carrying my team. 6 Like do if I need to make a totally new fkn that CSGO account????",2025-10-14 08:51:06,2025-10-14 08:51:10,218
4054,CS-GO,Negative,"bloody hell sounds so dumb, I’ve won 10 matches in a row with over 50 MVPS’s and reached 1,500 kills each game carrying my team. Like do I needed to build a new online CSGO account????",2025-10-14 08:51:06,2025-10-14 08:51:10,184
4055,CS-GO,Irrelevant,@TwitchSupport me again scammers are streaming under the name ‘shroudagsj’ in the csgo category also keep an eye on the dota 2 category I think there’s scammers there too,2025-10-14 08:51:06,2025-10-14 08:51:10,170
4055,CS-GO,Irrelevant,@ TwitchSupport me again scammers are streaming under the name'shroudagsj' in the csgo category so keep an eye on the dota 2 category I think there's scammers there too,2025-10-14 08:51:06,2025-10-14 08:51:10,168
4055,CS-GO,Irrelevant,@ HetchSupport me again scammers are streaming under the name'shroudagsj' in the csgo category also keep eye on the dota 2 category I think there's scammers too,2025-10-14 08:51:06,2025-10-14 08:51:10,160
4055,CS-GO,Irrelevant,@TwitchSupport me again scammers are streaming with the category ‘shroudagsj’ in the csgo category also keep an eye upon the dota 2 category I think there’s scammers there :(,2025-10-14 08:51:06,2025-10-14 08:51:10,174
4055,CS-GO,Irrelevant,@TwitchSupport me not again whose scammers are streaming under the brand name ‘ shroudagsj ’ in the csgo category also keep quite an eagle eye locked on in the dota 2 category now I just think there ’ s scammers there too,2025-10-14 08:51:06,2025-10-14 08:51:10,221
4055,CS-GO,Irrelevant,@TwitchSupport me and scammers are operating under the under ‘shroudagsj’ in the csgo category also want an eye on the dota 2 category just think there’s help there too,2025-10-14 08:51:06,2025-10-14 08:51:10,168
4056,CS-GO,Positive,"That is why i love the swag-7 ! Full ace in couple seconds , chek out my streams twitch.tv/gorx live everynights . .",2025-10-14 08:51:06,2025-10-14 08:51:10,118
4056,CS-GO,Positive,"That's why I love the Swag-7! Full ace in a few seconds, check out my streams twitch.tv / gorx live every night.",2025-10-14 08:51:06,2025-10-14 08:51:10,112
4056,CS-GO,Positive,"That's why I love Seven! Full ace in a couple of seconds, I stream live tch.tv / gorx every night.",2025-10-14 08:51:06,2025-10-14 08:51:10,98
4056,CS-GO,Positive,"That is why i love the swag-7 ! Full ace in couple seconds , chek out my streams twitch.tv/gorx live everynights . .",2025-10-14 08:51:06,2025-10-14 08:51:10,118
4056,CS-GO,Positive,"Radio That is why i love the swag-7 ! Full ace in couple seconds , chek out my streams twitch.tv/gorx live everynights . .",2025-10-14 08:51:06,2025-10-14 08:51:10,124
4056,CS-GO,Positive,and,2025-10-14 08:51:06,2025-10-14 08:51:10,3
4057,CS-GO,Positive,Help me win this awesome CS:GO giveaway from Idle-Empire! wn.nr/RHd5X7,2025-10-14 08:51:06,2025-10-14 08:51:10,70
4057,CS-GO,Positive,Help me win this great CS: GO raffle from the idle empire! wn.nr / RHd5X7,2025-10-14 08:51:06,2025-10-14 08:51:10,73
4057,CS-GO,Positive,Help me win this amazing CS: GO giveaway from Idle-Empire!,2025-10-14 08:51:06,2025-10-14 08:51:10,58
4057,CS-GO,Positive,Help me win this Epic CS:GO Battle from Idle-Empire! wn.nr/RHd5X7,2025-10-14 08:51:06,2025-10-14 08:51:10,65
4057,CS-GO,Positive,Help me just win this awesome CS : THE GO The giveaway from Idle - looking Empire! From wn. nr / RHd5X7,2025-10-14 08:51:06,2025-10-14 08:51:10,103
4057,CS-GO,Positive,Help me with this awesome CS:GO adventure on The-Empire! wn.nr/RHd5X7,2025-10-14 08:51:06,2025-10-14 08:51:10,69
4058,CS-GO,Irrelevant,Tf is homeboy doing? Mf acting like this is CSGO.,2025-10-14 08:51:06,2025-10-14 08:51:10,50
4058,CS-GO,Irrelevant,Tf is homeboy doing? Mf acting like this is CSGO.,2025-10-14 08:51:06,2025-10-14 08:51:10,49
4058,CS-GO,Irrelevant,Tf is homeby doing? Mf acting like this is CSGO.,2025-10-14 08:51:06,2025-10-14 08:51:10,48
4058,CS-GO,Irrelevant,Tf is homeboy here? Mf acting like this is CSGO.,2025-10-14 08:51:06,2025-10-14 08:51:10,48
4058,CS-GO,Irrelevant,Tf is the homeboy doing? Mf acting like shit this kid is CSGO.,2025-10-14 08:51:06,2025-10-14 08:51:10,62
4058,CS-GO,Irrelevant,Tf is now doing? Mf acting like this in CSGO.,2025-10-14 08:51:06,2025-10-14 08:51:10,45
4059,CS-GO,Positive,I love how i've been playing csgo for 5 years on like 6 different accounts (i hate VAC lol) pic.twitter.com/GJBvDDPTVm,2025-10-14 08:51:06,2025-10-14 08:51:10,118
4059,CS-GO,Positive,I love how I've been playing csgo on 6 different accounts for 5 years (I hate VAC lol) pic.twitter.com / GJBvDDPTVm,2025-10-14 08:51:06,2025-10-14 08:51:10,115
4059,CS-GO,Positive,I like how I've been playing csgo for 5 years on 6 different accounts (I hate VAC lol) pic.fm / GJBvDDPm,2025-10-14 08:51:06,2025-10-14 08:51:10,104
4059,CS-GO,Positive,I love how i've been playing csgo for 5 years on like 6 different accounts (i hate VAC lol) pic.twitter.com/GJBvDDPTVm,2025-10-14 08:51:06,2025-10-14 08:51:10,118
4059,CS-GO,Positive,or I love how i've been playing csgo for 5 years on like 6 different accounts (i hate VAC lol) pic.twitter.com/GJBvDDPTVm,2025-10-14 08:51:06,2025-10-14 08:51:10,121
4059,CS-GO,Positive,us,2025-10-14 08:51:06,2025-10-14 08:51:10,2
4060,CS-GO,Neutral,Valve finally improved character visibility in CSGO.  . gameriv.com/valve-finally-…,2025-10-14 08:51:06,2025-10-14 08:51:10,83
4060,CS-GO,Neutral,Valve has finally improved the visibility of the character in CSGO.. gameriv.com / valve-finaly-...,2025-10-14 08:51:06,2025-10-14 08:51:10,99
4060,CS-GO,Neutral,Valve has finally improved its CSGO performance.. gv.com / valve-finaly-...,2025-10-14 08:51:06,2025-10-14 08:51:10,75
4060,CS-GO,Neutral,Valve finally improved character performance in Heroes. . gameriv.com/valve-finally-…,2025-10-14 08:51:06,2025-10-14 08:51:10,85
4060,CS-GO,Neutral,The Valve Games finally improved character visibility in CSGO.. gameriv. com / valve - was finally - created …,2025-10-14 08:51:06,2025-10-14 08:51:10,110
4060,CS-GO,Neutral,Valve finally explained its design in depth.. gameriv.com/valve-finally-...,2025-10-14 08:51:06,2025-10-14 08:51:10,75
4061,CS-GO,Positive,Reached master guardian in,2025-10-14 08:51:06,2025-10-14 08:51:10,28
4061,CS-GO,Positive,Achieved master tutelage in,2025-10-14 08:51:06,2025-10-14 08:51:10,27
4061,CS-GO,Positive,Reached the Chief Guardsman in,2025-10-14 08:51:06,2025-10-14 08:51:10,30
4061,CS-GO,Positive,Reached a guardian in,2025-10-14 08:51:06,2025-10-14 08:51:10,21
4061,CS-GO,Positive,... Reached master guardian in,2025-10-14 08:51:06,2025-10-14 08:51:10,30
4061,CS-GO,Positive,Reached master level in,2025-10-14 08:51:06,2025-10-14 08:51:10,23
4062,CS-GO,Positive,I had a lot more time to play @PlayVALORANT today and the more I play the game the more I am positive this game is the next big thing. The game does what CS:GO does wonderfully but it also has its own voice in the genre. It isn't just a clone of CS:GO and I like that.,2025-10-14 08:51:06,2025-10-14 08:51:10,268
4062,CS-GO,Positive,"I had a lot more time to play @ PlayVALORANT today and the more I play the game, the more convinced I am that this game is the next big thing. It does what CS: GO does wonderfully, but it also has its own voice in the genre. It's not just a clone of CS: GO and I like that.",2025-10-14 08:51:06,2025-10-14 08:51:10,273
4062,CS-GO,Positive,"I had a lot more time to play @ PlayVALORANT today and the more I play the game, the more confident I am that this game is the next big thing.",2025-10-14 08:51:06,2025-10-14 08:51:10,142
4062,CS-GO,Positive,I had a little more time to play @PlayVALORANT today and the more I play the game the more I am positive this game is the next real thing. The game does what CS:GO does wonderfully but it still has its own voice in the genre. It has just a parody of OR:GO and I like that.,2025-10-14 08:51:06,2025-10-14 08:51:10,272
4062,CS-GO,Positive,I had a lot more time herself to play @PlayVALORANT today and the more I play the game the more I am positive this game is the next big thing. The game it does what does CS : Go GO does feel wonderfully but it all also has its own voice piece in the genre. It isn'e t just a complete clone engine of CS : GO and I like that.,2025-10-14 08:51:06,2025-10-14 08:51:10,324
4062,CS-GO,Positive,I had a lot more time I play for today or the more we play the game the more I am positive this game is the next big thing. It game represents what old:GO does wonderfully but it also has her own voice and the genre. It isn't just a copy of CS:GO and I like that.,2025-10-14 08:51:06,2025-10-14 08:51:10,263
4063,CS-GO,Negative,@CSGO @valve should fix loss problem with their indian servers that has been around for a couple of days. Not really helping the cause of competing with other MFPS games.,2025-10-14 08:51:06,2025-10-14 08:51:10,170
4063,CS-GO,Negative,"@ CSGO @ valve was supposed to fix the loss problem with its Indian servers that had existed for a few days, which does not really help the cause of competing with other MFPS games.",2025-10-14 08:51:06,2025-10-14 08:51:10,181
4063,CS-GO,Negative,@ CSGO @ valve should fix the loss problem with their Indian servers that has been around for days.,2025-10-14 08:51:06,2025-10-14 08:51:10,99
4063,CS-GO,Negative,@CSGO @valve should fix loss problem with their indian servers that<unk> been around for a couple of days. Not really helping the cause of compatibility with other console games.,2025-10-14 08:51:06,2025-10-14 08:51:10,178
4063,CS-GO,Negative,@CSGO @valve should fix loss problem with both their indian servers that it has been been around here for about a couple hundreds of days. Not really much helping the cause of competing with we other MFPS games.,2025-10-14 08:51:06,2025-10-14 08:51:10,211
4063,CS-GO,Negative,from @CSGO should fix some problem with their indian servers that had been around for a couple of days. Nobody really sure the cause but competing with other MFPS games.,2025-10-14 08:51:06,2025-10-14 08:51:10,169
4064,CS-GO,Positive,Say winning 🥇.,2025-10-14 08:51:06,2025-10-14 08:51:10,15
4064,CS-GO,Positive,Let's say: victorious.,2025-10-14 08:51:06,2025-10-14 08:51:10,22
4064,CS-GO,Positive,Sai wins.,2025-10-14 08:51:06,2025-10-14 08:51:10,9
4064,CS-GO,Positive,Say winning words.,2025-10-14 08:51:06,2025-10-14 08:51:10,18
4064,CS-GO,Positive,Say the winning [UNK].,2025-10-14 08:51:06,2025-10-14 08:51:10,22
4064,CS-GO,Positive,dogs winning <unk>.,2025-10-14 08:51:06,2025-10-14 08:51:10,19
4065,CS-GO,Negative,Can’t even solve thiz VAC CSGO issue. :(( . If any of you already solved this one please tell me how!,2025-10-14 08:51:06,2025-10-14 08:51:10,101
4065,CS-GO,Negative,"Can not even solve this VAC CSGO problem.: (. If any of you have already solved this problem, please tell me how!",2025-10-14 08:51:06,2025-10-14 08:51:10,113
4065,CS-GO,Negative,Can't even resolve thiz VAC CSGO issue.: (. If any of you already solved this one please tell me how!,2025-10-14 08:51:06,2025-10-14 08:51:10,101
4065,CS-GO,Negative,Can’t even say thiz other CSGO issue. :((. If any of us already solved this one please tell me how!,2025-10-14 08:51:06,2025-10-14 08:51:10,99
4065,CS-GO,Negative,Can ’ t anyone even solve that thiz the VAC CSGO issue. : ( (. If any of you is already solved only this big one please tell me how!,2025-10-14 08:51:06,2025-10-14 08:51:10,132
4065,CS-GO,Negative,Can’t yet solve thiz in CSGO issue. :((. Do any of you already make this one please tell me how!,2025-10-14 08:51:06,2025-10-14 08:51:10,96
4066,CS-GO,Neutral,CS: GO with weird people. twitch.tv/double_trouble…,2025-10-14 08:51:06,2025-10-14 08:51:10,51
4066,CS-GO,Neutral,CS: Starting with strange people. twitch.tv / double _ trouble...,2025-10-14 08:51:06,2025-10-14 08:51:10,65
4066,CS-GO,Neutral,CS: GO with a strange man. tch.tv / double _ trouble...,2025-10-14 08:51:06,2025-10-14 08:51:10,55
4066,CS-GO,Neutral,CS: GO with weird people. twitch.tv/double_trouble…,2025-10-14 08:51:06,2025-10-14 08:51:10,51
4066,CS-GO,Neutral,from CS: GO with weird people. twitch.tv/double_trouble…,2025-10-14 08:51:06,2025-10-14 08:51:10,56
4066,CS-GO,Neutral,I,2025-10-14 08:51:06,2025-10-14 08:51:10,1
4067,CS-GO,Neutral,Experimental quality | Very bad gamer playing child of Overwatch and CSGO with friends twitch.tv/daswortmitnamen,2025-10-14 08:51:06,2025-10-14 08:51:10,112
4067,CS-GO,Neutral,Experimental Quality | Very bad players play child of Overwatch and CSGO with friends twitch.tv / daswortmitname,2025-10-14 08:51:06,2025-10-14 08:51:10,112
4067,CS-GO,Neutral,Very poor quality of the child's Overwatch and CSGO games with friends at tch.tv / wortmitt.,2025-10-14 08:51:06,2025-10-14 08:51:10,92
4067,CS-GO,Neutral,Experimental quality | Very bad gamer playing child of Overwatch and CSGO with friends twitch.tv/daswortmitnamen,2025-10-14 08:51:06,2025-10-14 08:51:10,112
4067,CS-GO,Neutral,The Experimental quality | Very bad gamer playing child of Overwatch and CSGO with friends twitch.tv/daswortmitnamen,2025-10-14 08:51:06,2025-10-14 08:51:10,116
4067,CS-GO,Neutral,is,2025-10-14 08:51:06,2025-10-14 08:51:10,2
4068,CS-GO,Positive,"I havent played CS:GO in over a year but Ive been having the itch to play again. I played a couple of MM and i feel i still got it, but my problem is I dont like playing it on my own and it feel boring to play.",2025-10-14 08:51:06,2025-10-14 08:51:10,210
4068,CS-GO,Positive,"I haven't played CS: GO for over a year, but I was itching to play again. I've played a few MM and I feel like I still have it, but my problem is that I don't like to play it alone and it feels boring to play.",2025-10-14 08:51:06,2025-10-14 08:51:10,209
4068,CS-GO,Positive,"I havent played CS: GO in over a year but Ive been having the itch to play again. I played a couple of MM and i feel i still got it, but my problem is I dont like playing it on my own and it feels boring to play.",2025-10-14 08:51:06,2025-10-14 08:51:10,212
4068,CS-GO,Positive,"I havent played CS:GO in over a year but Ive been having the itch to play early. I played a couple of MM that Im feel i still got it, but my problem is I dont like hitting things on my own and it feel boring to play.",2025-10-14 08:51:06,2025-10-14 08:51:10,216
4068,CS-GO,Positive,"I havent played CS : GO in over a year but Ive been having the first itch to play again. I only played a strange couple of MM and i feel i still kinda got over it, but think my one problem is I dont like playing by it on my very own and it always feel boring to play.",2025-10-14 08:51:06,2025-10-14 08:51:10,267
4068,CS-GO,Positive,"I havent tried CS:GO in over 6 year but Ive been against the itch to play again. I played a couple other MM pieces i feel i still got fun, but my problem is my dont like playing it on my mobile and it feel crazy to play.",2025-10-14 08:51:06,2025-10-14 08:51:10,220
4069,CS-GO,Positive,Well...I think CS:GO ruined Valorant for me today. I had so much fun playing CS today and when I jumped on Valorant I just wanted it to be over.,2025-10-14 08:51:06,2025-10-14 08:51:10,144
4069,CS-GO,Positive,Well... I think CS: GO ruined Valorant for me today. I had so much fun playing CS today and when I jumped on Valorant I just wanted it to be over.,2025-10-14 08:51:06,2025-10-14 08:51:10,146
4069,CS-GO,Positive,"I had so much fun playing CS today and when I jumped on Valorant, I just wanted it to end.",2025-10-14 08:51:06,2025-10-14 08:51:10,90
4069,CS-GO,Positive,Well...I think CS:GO crushed Valorant for me today. I had so much fun playing CS today and when I jumped on Valorant I actually wanted myself to be over.,2025-10-14 08:51:06,2025-10-14 08:51:10,153
4069,CS-GO,Positive,Well... I think CS : LA GO has ruined Valorant out for me today. because I had so much more fun playing CS on today and when I jumped on Valorant I just fucking wanted it never to be over.,2025-10-14 08:51:06,2025-10-14 08:51:10,188
4069,CS-GO,Positive,<unk>...I think CS:GO ruined it for me<unk>. People had so much fun playing CS today and when I jumped on Valorant I just caused it to fall over.,2025-10-14 08:51:06,2025-10-14 08:51:10,145
4070,CS-GO,Irrelevant,Having a team is the best way to play in TL. Thats a Fact .,2025-10-14 08:51:06,2025-10-14 08:51:10,60
4070,CS-GO,Irrelevant,"Having a team is the best way to play in the league, that's a fact.",2025-10-14 08:51:06,2025-10-14 08:51:10,67
4070,CS-GO,Irrelevant,Having a team is the best way to play TL. It's a fact.,2025-10-14 08:51:06,2025-10-14 08:51:10,54
4070,CS-GO,Irrelevant,Having a buddy is the best way to play in TL. Thats a Fact.,2025-10-14 08:51:06,2025-10-14 08:51:10,59
4070,CS-GO,Irrelevant,Having a league team is the best in way just to play in TL. Thats a Fact.,2025-10-14 08:51:06,2025-10-14 08:51:10,73
4070,CS-GO,Irrelevant,within a team is the best way to play for TL. Thats a Fact.,2025-10-14 08:51:06,2025-10-14 08:51:10,59
4071,CS-GO,Positive,cs go br was pretty good,2025-10-14 08:51:06,2025-10-14 08:51:10,24
4071,CS-GO,Positive,cs go br was pretty good,2025-10-14 08:51:06,2025-10-14 08:51:10,24
4071,CS-GO,Positive,was pretty good,2025-10-14 08:51:06,2025-10-14 08:51:10,15
4071,CS-GO,Positive,cs go v was pretty good,2025-10-14 08:51:06,2025-10-14 08:51:10,23
4071,CS-GO,Positive,cs go br was pretty much good,2025-10-14 08:51:06,2025-10-14 08:51:10,29
4071,CS-GO,Positive,cs im br was pretty good,2025-10-14 08:51:06,2025-10-14 08:51:10,24
4072,CS-GO,Positive,Just played CSGO for the first time in like 8 months.. . I'm still the best Silver player in the world.,2025-10-14 08:51:06,2025-10-14 08:51:10,103
4072,CS-GO,Positive,I've just played CSGO for the first time in 8 months... I'm still the best silver player in the world.,2025-10-14 08:51:06,2025-10-14 08:51:10,102
4072,CS-GO,Positive,Just played CSGO for the first time in like 8 months... I'm still the best Silver player in the world.,2025-10-14 08:51:06,2025-10-14 08:51:10,102
4072,CS-GO,Positive,Just played CSGO for the fifth time in like 11 months... I'm still the best Silver player in the world.,2025-10-14 08:51:06,2025-10-14 08:51:10,103
4072,CS-GO,Positive,Just played CSGO competition for the first time in like 8 months... I'm still enjoying the very best ever Silver Team player in the world.,2025-10-14 08:51:06,2025-10-14 08:51:10,138
4072,CS-GO,Positive,Just played locally for my first time in like 8 months... I'm still at best Silver player in the city.,2025-10-14 08:51:06,2025-10-14 08:51:10,102
4073,CS-GO,Neutral,[DIA 9] RANKED CSGO twitch.tv/mrjuanmeeta,2025-10-14 08:51:06,2025-10-14 08:51:10,41
4073,CS-GO,Neutral,[DIA 9] RANKED CSGO twitch.tv / mrjuanmeeta,2025-10-14 08:51:06,2025-10-14 08:51:10,43
4073,CS-GO,Neutral,[DIA 9] RANKED CSGO: tch.tv / mrjuanmeeta,2025-10-14 08:51:06,2025-10-14 08:51:10,41
4073,CS-GO,Neutral,[DIA 9] RANKED CSGO twitch.tv/mrjuanmeeta,2025-10-14 08:51:06,2025-10-14 08:51:10,41
4073,CS-GO,Neutral,via [DIA 9] RANKED CSGO twitch.tv/mrjuanmeeta,2025-10-14 08:51:06,2025-10-14 08:51:10,45
4073,CS-GO,Neutral,do,2025-10-14 08:51:06,2025-10-14 08:51:10,2
4074,CS-GO,Neutral,Lockdown with watermelon and csgo pic.twitter.com/f1Ed1KQCcr,2025-10-14 08:51:06,2025-10-14 08:51:10,60
4074,CS-GO,Neutral,Lockdown with watermelon and csgo pic.twitter.com / f1Ed1KQCcr,2025-10-14 08:51:06,2025-10-14 08:51:10,62
4074,CS-GO,Neutral,Blockdown with watermelon and csgo pic.f1Ed1KQCcr,2025-10-14 08:51:06,2025-10-14 08:51:10,49
4074,CS-GO,Neutral,Lockdown with watermelon and csgo pic.twitter.com/f1Ed1KQCcr,2025-10-14 08:51:06,2025-10-14 08:51:10,60
4074,CS-GO,Neutral,of Lockdown with watermelon and csgo pic.twitter.com/f1Ed1KQCcr,2025-10-14 08:51:06,2025-10-14 08:51:10,63
4074,CS-GO,Neutral,of,2025-10-14 08:51:06,2025-10-14 08:51:10,2
4075,CS-GO,Neutral,lost count how much i've spent on csgo crates and i have only gotten blues ever,2025-10-14 08:51:06,2025-10-14 08:51:10,79
4075,CS-GO,Neutral,"lost count of how much I spent on csgo boxes, and I only ever got blues",2025-10-14 08:51:06,2025-10-14 08:51:10,71
4075,CS-GO,Neutral,lost count how much i've spent on csgo crates and i have only gotten blues ever,2025-10-14 08:51:06,2025-10-14 08:51:10,79
4075,CS-GO,Neutral,lost count how much i've spent on csgo music and i have only gotten blues ever,2025-10-14 08:51:06,2025-10-14 08:51:10,78
4075,CS-GO,Neutral,a lost count how highly much work i've spent on csgo crates and i so have only gotten blues ever,2025-10-14 08:51:06,2025-10-14 08:51:10,96
4075,CS-GO,Neutral,lost count how things i've spent on those crates but i have only gotten blues ever,2025-10-14 08:51:06,2025-10-14 08:51:10,82
4076,CS-GO,Irrelevant,so happy for hiiim 🥰,2025-10-14 08:51:06,2025-10-14 08:51:10,20
4076,CS-GO,Irrelevant,so happy for hiiim,2025-10-14 08:51:06,2025-10-14 08:51:10,18
4076,CS-GO,Irrelevant,so happy for hiiim,2025-10-14 08:51:06,2025-10-14 08:51:10,18
4076,CS-GO,Irrelevant,so happy for hiiim io,2025-10-14 08:51:06,2025-10-14 08:51:10,21
4076,CS-GO,Irrelevant,so I happy for hiiim [UNK],2025-10-14 08:51:06,2025-10-14 08:51:10,26
4076,CS-GO,Irrelevant,so happy with hiiim <unk>,2025-10-14 08:51:06,2025-10-14 08:51:10,25
4077,CS-GO,Negative,"Shit update. Can't use OBS, NVIDIA Shadow Play, even Discord? Tf CSGO?. . Even COMMUNITY SERVERS ARE HAVING PROBLEMS BRO",2025-10-14 08:51:06,2025-10-14 08:51:10,120
4077,CS-GO,Negative,"t use OBS, NVIDIA Shadow Play, even Discord? Tf CSGO?. Even COMMUNITY Servers HAVE PROBLEMS BRO",2025-10-14 08:51:06,2025-10-14 08:51:10,95
4077,CS-GO,Negative,"Shit update. Can't use OBS, NVIDIA Shadow Play, even Discord? Tf CSGO?.. Even COMMUNITY SERVERS ARE HAVING PROBLEMS BRO",2025-10-14 08:51:06,2025-10-14 08:51:10,119
4077,CS-GO,Negative,"Shit update. Can't support OBS, NVIDIA Shadow Play, Steam Discord? Tf CSGO?.. Even COMMUNITY YOU ARE HAVING PROBLEMS BRO",2025-10-14 08:51:06,2025-10-14 08:51:10,120
4077,CS-GO,Negative,"Shit needs update. Can'S t anyone use OBS, NVIDIA Shadow Play, Or even IN Discord? Tf CSGO?.. and Even IF COMMUNITY as SERVERS You ARE HAVING THE PROBLEMS BRO",2025-10-14 08:51:06,2025-10-14 08:51:10,158
4077,CS-GO,Negative,"Shit update. Can't see Digg, NVIDIA Share Play, and Discord? Tf b?.. NO COMMUNITY SERVERS ARE WHO PROBLEMS BRO",2025-10-14 08:51:06,2025-10-14 08:51:10,110
4078,CS-GO,Neutral,we are live csgo . . thanks for joining . . twitch.tv/onlyakram,2025-10-14 08:51:06,2025-10-14 08:51:10,63
4078,CS-GO,Neutral,we are live csgo.. thank you for joining.. twitch.tv / onlyakram,2025-10-14 08:51:06,2025-10-14 08:51:10,64
4078,CS-GO,Neutral,we are live csgo.. thanks for joining... Hetch.tv / onlyakram,2025-10-14 08:51:06,2025-10-14 08:51:10,61
4078,CS-GO,Neutral,we are live csgo . . thanks for joining . . twitch.tv/onlyakram,2025-10-14 08:51:06,2025-10-14 08:51:10,63
4078,CS-GO,Neutral,2 we are live csgo . . thanks for joining . . twitch.tv/onlyakram,2025-10-14 08:51:06,2025-10-14 08:51:10,65
4078,CS-GO,Neutral,an,2025-10-14 08:51:06,2025-10-14 08:51:10,2
4079,CS-GO,Irrelevant,@Maniac_CSGO and @Pimp_CSGO on the analyst desk is great. Plz do more of this @BLASTPremier .,2025-10-14 08:51:06,2025-10-14 08:51:10,94
4079,CS-GO,Irrelevant,@ Maniac _ CSGO and @ Pimp _ CSGO on the analyst desk are great.,2025-10-14 08:51:06,2025-10-14 08:51:10,64
4079,CS-GO,Irrelevant,@ Pimp _ CSGO and @ Pimp _ CSGO on the analysis table - that's great.,2025-10-14 08:51:06,2025-10-14 08:51:10,69
4079,CS-GO,Irrelevant,@Maniac_CSGO and @Pimp_CSGO on Github analyst desk is great. Plz do more like this @BLASTPremier.,2025-10-14 08:51:06,2025-10-14 08:51:10,97
4079,CS-GO,Irrelevant,Seeing @Maniac_CSGO TV and @Pimp_CSGO on the analyst side desk video is great. Plz will do more of this @BLASTPremier.,2025-10-14 08:51:06,2025-10-14 08:51:10,118
4079,CS-GO,Irrelevant,@Maniac_CSGO and @Pimp_CSGO on the analyst platform is the. Plz do more of testing and.,2025-10-14 08:51:06,2025-10-14 08:51:10,87
4080,CS-GO,Negative,CSGO NEW SKINS GONNA FUCKING MAKE ME ACT UP.,2025-10-14 08:51:06,2025-10-14 08:51:10,44
4080,CS-GO,Negative,CSGO NEW SKIN GONNA FUCKING MAKE ME ACT UP.,2025-10-14 08:51:06,2025-10-14 08:51:10,43
4080,CS-GO,Negative,CSGO NEW GONG FUCKING ME ACT UP.,2025-10-14 08:51:06,2025-10-14 08:51:10,32
4080,CS-GO,Negative,CSGO NEW SKINS THAT FUCKING MAKE ME ACT UP.,2025-10-14 08:51:06,2025-10-14 08:51:10,43
4080,CS-GO,Negative,CSGO NEW OF SKINS TO GONNA A FUCKING MAKE ME ACT IT UP.,2025-10-14 08:51:06,2025-10-14 08:51:10,55
4080,CS-GO,Negative,<unk> NEW SKINS A FUCKING IN ME ACT UP.,2025-10-14 08:51:06,2025-10-14 08:51:10,39
4081,CS-GO,Positive,ACTING FISHY OVER HERE IS ALL | OVER 3K HOURS IN CSGO twitch.tv/swishy_fishy,2025-10-14 08:51:06,2025-10-14 08:51:10,76
4081,CS-GO,Positive,ACTING FISHY ABOUT HERE IS ALL | ABOUT 3K HOURS IN CSGO twitch.tv / swishy _ fishy,2025-10-14 08:51:06,2025-10-14 08:51:10,82
4081,CS-GO,Positive,ACTIVE FISH REMNANT is ALL REMNANT 3 TO CHURCH at tch.tv / whishy _ fishy,2025-10-14 08:51:06,2025-10-14 08:51:10,73
4081,CS-GO,Positive,ACTING FISHY OVER HERE IS ALL | OVER 3K HOURS IN CSGO twitch.tv/swishy_fishy,2025-10-14 08:51:06,2025-10-14 08:51:10,76
4081,CS-GO,Positive,2 ACTING FISHY OVER HERE IS ALL | OVER 3K HOURS IN CSGO twitch.tv/swishy_fishy,2025-10-14 08:51:06,2025-10-14 08:51:10,78
4081,CS-GO,Positive,2,2025-10-14 08:51:06,2025-10-14 08:51:10,1
4082,CS-GO,Irrelevant,"Agree with this entirely, the front page of CSGO often has obvious fake accounts. Really exposes the total lack of human response/observation on Twitch's end.",2025-10-14 08:51:06,2025-10-14 08:51:10,158
4082,CS-GO,Irrelevant,"Agreed, the front page of CSGO often has obvious fake accounts. Really shows the total lack of human response / observation at the end of Twitch.",2025-10-14 08:51:06,2025-10-14 08:51:10,145
4082,CS-GO,Irrelevant,"Admittedly, outright fake accounts often appear on the front page of CSGO.",2025-10-14 08:51:06,2025-10-14 08:51:10,74
4082,CS-GO,Irrelevant,"Agree ate this entirely, the front page of CSGO often has obvious fake accounts. That exposes the total lack of human response/observation on Twitch's board.",2025-10-14 08:51:06,2025-10-14 08:51:10,157
4082,CS-GO,Irrelevant,"Agree ing with this entirely, the front page of CSGO News often has obvious fake sales accounts. Only Really that exposes the nearly total lack thereof of human response / observation on Twitch's end.",2025-10-14 08:51:06,2025-10-14 08:51:10,200
4082,CS-GO,Irrelevant,"Agree with this entirely, the Facebook page around CSGO often has obvious case accounts. Really exposes the total lack of human interaction/observation on Twitch's platforms.",2025-10-14 08:51:06,2025-10-14 08:51:10,174
4083,CS-GO,Positive,That would be fantastic .,2025-10-14 08:51:06,2025-10-14 08:51:10,26
4083,CS-GO,Positive,That would be fantastic.,2025-10-14 08:51:06,2025-10-14 08:51:10,24
4083,CS-GO,Positive,That would be fantastic.,2025-10-14 08:51:06,2025-10-14 08:51:10,24
4083,CS-GO,Positive,That would be fantastic —,2025-10-14 08:51:06,2025-10-14 08:51:10,25
4083,CS-GO,Positive,That too would be fantastic.,2025-10-14 08:51:06,2025-10-14 08:51:10,28
4083,CS-GO,Positive,That might be fantastic.,2025-10-14 08:51:06,2025-10-14 08:51:10,24
4084,CS-GO,Neutral,I expect nothing so I won't be let down,2025-10-14 08:51:06,2025-10-14 08:51:10,39
4084,CS-GO,Neutral,I don't expect anything so I won't be let down,2025-10-14 08:51:06,2025-10-14 08:51:10,46
4084,CS-GO,Neutral,I can't wait to be let down,2025-10-14 08:51:06,2025-10-14 08:51:10,27
4084,CS-GO,Neutral,I expect nothing so I won't being let down,2025-10-14 08:51:06,2025-10-14 08:51:10,42
4084,CS-GO,Neutral,I expect nothing so I won'′ t not be let down,2025-10-14 08:51:06,2025-10-14 08:51:10,45
4084,CS-GO,Neutral,I say nothing so I won't be let down,2025-10-14 08:51:06,2025-10-14 08:51:10,36
4085,CS-GO,Positive,Honestly @pansy reading Friberg fanfiction is the best kind of csgo casting,2025-10-14 08:51:06,2025-10-14 08:51:10,75
4085,CS-GO,Positive,Honestly @ Pansies Friberg fan fiction is the best way of Csgo casting,2025-10-14 08:51:06,2025-10-14 08:51:10,70
4085,CS-GO,Positive,"Frankly, reading Friberg's fantasy is the best kind of casting",2025-10-14 08:51:06,2025-10-14 08:51:10,62
4085,CS-GO,Positive,Honestly @pansy reading Friberg fanfiction is the logical kind of csgo casting,2025-10-14 08:51:06,2025-10-14 08:51:10,78
4085,CS-GO,Positive,And Honestly @pansy reading Friberg University fanfiction is the two best kind idea of csgo casting,2025-10-14 08:51:06,2025-10-14 08:51:10,99
4085,CS-GO,Positive,Honestly @pansy<unk> Friberg fanfiction is the optimal kind of voice casting,2025-10-14 08:51:06,2025-10-14 08:51:10,76
4086,CS-GO,Irrelevant,Yeah I'm a casual @CSGO player. Ever since @TeamLiquid decided that they wanted a bad player like @Stewie instead of me I just didn't have the drive to go pro. I mean the guy can't even win two majors. Absolute joke of a player.,2025-10-14 08:51:06,2025-10-14 08:51:10,228
4086,CS-GO,Irrelevant,"Yes, I'm a casual player at @ CSGO. Ever since @ TeamLiquid decided they wanted a bad player like @ Stewie instead of me, I just didn't feel like turning pro anymore. I mean, this guy can't even win two majors. Absolute joke from a player.",2025-10-14 08:51:06,2025-10-14 08:51:10,239
4086,CS-GO,Irrelevant,"Yes, I'm an occasional @ CSGO player. Ever since @ Hennessy decided they needed a bad player like @ Steennessy instead of me, I just didn't have the drive to go pro. I mean, a guy can't even win two majors.",2025-10-14 08:51:06,2025-10-14 08:51:10,206
4086,CS-GO,Irrelevant,Yeah I'm a casual FPS player. Ever since @CSGO decided that they wanted a skilled player like @TeamLiquid instead of me I like didn't have the drive to go pro. I mean the guy can't actually win two seasons. Absolute joke of a player.,2025-10-14 08:51:06,2025-10-14 08:51:10,233
4086,CS-GO,Irrelevant,The Yeah I've m a casual pro @CSGO player. Ever since @TeamLiquid decided that no they just wanted a bad player just like @Stewie instead of me I just didn't have the drive to go all pro. I mean the bad guy can't even go win two majors. Absolute joke of a dirty player.,2025-10-14 08:51:06,2025-10-14 08:51:10,269
4086,CS-GO,Irrelevant,Yeah I'm a casual @CSGO player. However since @TeamLiquid realized that they treated a bad to join @Stewie instead than me I just didn't have the drive to get pro. I mean the guy can't even win a majors. Absolute joke of a guy.,2025-10-14 08:51:06,2025-10-14 08:51:10,227
4087,CS-GO,Irrelevant,YO Skyfire heating up the cs scene again.,2025-10-14 08:51:06,2025-10-14 08:51:10,41
4087,CS-GO,Irrelevant,YO Skyfire rekindles the scene.,2025-10-14 08:51:06,2025-10-14 08:51:10,31
4087,CS-GO,Irrelevant,YO Skyfire is heating up the scene again.,2025-10-14 08:51:06,2025-10-14 08:51:10,41
4087,CS-GO,Irrelevant,YO Skyfire heating up the wild scene again.,2025-10-14 08:51:06,2025-10-14 08:51:10,43
4087,CS-GO,Irrelevant,YO Skyfire heating herself up around the cs scene again.,2025-10-14 08:51:06,2025-10-14 08:51:10,56
4087,CS-GO,Irrelevant,YO Skyfire takes up the cs scene again.,2025-10-14 08:51:06,2025-10-14 08:51:10,39
4088,CS-GO,Positive,Nice skin i would be happy if i win,2025-10-14 08:51:06,2025-10-14 08:51:10,35
4088,CS-GO,Positive,"Beautiful skin, I would be happy if I win",2025-10-14 08:51:06,2025-10-14 08:51:10,41
4088,CS-GO,Positive,Nice skin i would be happy if i win,2025-10-14 08:51:06,2025-10-14 08:51:10,35
4088,CS-GO,Positive,Nice skin i will be happy if i win,2025-10-14 08:51:06,2025-10-14 08:51:10,34
4088,CS-GO,Positive,Nice skin i would be happy if t i win,2025-10-14 08:51:06,2025-10-14 08:51:10,37
4088,CS-GO,Positive,Nice skin i would feel happy if i win,2025-10-14 08:51:06,2025-10-14 08:51:10,37
4089,CS-GO,Irrelevant,Tbh valorant is csgo on ez mode this is like my 4th 40 bomb pic.twitter.com/U5lQYdINYY,2025-10-14 08:51:06,2025-10-14 08:51:10,86
4089,CS-GO,Irrelevant,Tbh valorant is csgo on ez mode this is like my 4.40am bomb pic.twitter.com / U5lQYdINYY,2025-10-14 08:51:06,2025-10-14 08:51:10,88
4089,CS-GO,Irrelevant,Tbh valorant is csgo on ez mode this is like my 4th 40 bomb pic.su / U5lQYdINYY,2025-10-14 08:51:06,2025-10-14 08:51:10,79
4089,CS-GO,Irrelevant,Tbh valorant is csgo on ez mode this is like my 4th 40 bomb pic.twitter.com/U5lQYdINYY,2025-10-14 08:51:06,2025-10-14 08:51:10,86
4089,CS-GO,Irrelevant,as Tbh valorant is csgo on ez mode this is like my 4th 40 bomb pic.twitter.com/U5lQYdINYY,2025-10-14 08:51:06,2025-10-14 08:51:10,89
4089,CS-GO,Irrelevant,in,2025-10-14 08:51:06,2025-10-14 08:51:10,2
4090,CS-GO,Positive,Best trailers this decade. . 1)CS GO. 2)Baahubali 2. 3) The Dark Knight Rises,2025-10-14 08:51:06,2025-10-14 08:51:10,77
4090,CS-GO,Positive,The best trailers of this decade.. 1) CS GO. 2) Baahubali 2. 3) The Dark Knight Rises,2025-10-14 08:51:06,2025-10-14 08:51:10,85
4090,CS-GO,Positive,Best Trailer of the Decade............................ 2................................................................................................................................................,2025-10-14 08:51:06,2025-10-14 08:51:10,200
4090,CS-GO,Positive,Best trailers all decade.. 1)CS GO. 2)Baahubali 2. 3) The Dark Tower Rises,2025-10-14 08:51:06,2025-10-14 08:51:10,74
4090,CS-GO,Positive,Best trailers made this decade.. 1 ) CS or GO. 2 2 ) Baahubali 2. 3 ) The The Dark Knight Never Rises,2025-10-14 08:51:06,2025-10-14 08:51:10,101
4090,CS-GO,Positive,Best musical last decade.. 1)CS GO. 6)Baahubali 2. 3) The Dark Knight 3,2025-10-14 08:51:06,2025-10-14 08:51:10,71
4091,CS-GO,Neutral,I’m tryna play competitive mode on CSGO and I got voted out of the session because I didn’t jump? What the heck?,2025-10-14 08:51:06,2025-10-14 08:51:10,112
4091,CS-GO,Neutral,I am tryna play competitive mode on CSGO and was voted out of the session because I did not jump? What's the point?,2025-10-14 08:51:06,2025-10-14 08:51:10,115
4091,CS-GO,Neutral,I'm trina playing in competitive mode at CSGO and I was removed from the session because I didn't jump? What the hell?,2025-10-14 08:51:06,2025-10-14 08:51:10,118
4091,CS-GO,Neutral,I’m tryna play competitive mode on CSGO and I am voted out of our session because I didn’t jump? What the heck?,2025-10-14 08:51:06,2025-10-14 08:51:10,111
4091,CS-GO,Neutral,I also ’ m going tryna play competitive mode on CSGO then and I totally got voted completely out of the session because I didn ’ t jump? What the... heck?,2025-10-14 08:51:06,2025-10-14 08:51:10,154
4091,CS-GO,Neutral,also tryna start competitive mode on CSGO and I got take leave of the session because I didn’t jump? What the heck?,2025-10-14 08:51:06,2025-10-14 08:51:10,115
4092,CS-GO,Neutral,Best CS:GO trading websites list  - csbets.org/csgo-trading-s… - thx to @Csbetsorg,2025-10-14 08:51:06,2025-10-14 08:51:10,82
4092,CS-GO,Neutral,Best CS: GO trading websites list - csbets.org / csgo-trading-s... - thx to @ Csbetsorg,2025-10-14 08:51:06,2025-10-14 08:51:10,87
4092,CS-GO,Neutral,Best CS: GO trading websites list - csbets.org / csgo-trading-s... - thx to @ Csbetsorg,2025-10-14 08:51:06,2025-10-14 08:51:10,87
4092,CS-GO,Neutral,Best CST:GO trading websites list <unk> twitch.org/csgo-trading-s… - thx to @Csbetsorg,2025-10-14 08:51:06,2025-10-14 08:51:10,86
4092,CS-GO,Neutral,Best CS : GO and trading industry websites list - from csbets. en org / csgo - trading - s … - thx has to be @Csbetsorg,2025-10-14 08:51:06,2025-10-14 08:51:10,119
4092,CS-GO,Neutral,Best Casino:GO casino websites by - at.org/csgo-trading-s... - thx to the,2025-10-14 08:51:06,2025-10-14 08:51:10,73
4094,CS-GO,Positive,best of luck !,2025-10-14 08:51:06,2025-10-14 08:51:10,14
4094,CS-GO,Positive,Good luck!,2025-10-14 08:51:06,2025-10-14 08:51:10,10
4094,CS-GO,Positive,Good luck!,2025-10-14 08:51:06,2025-10-14 08:51:10,10
4094,CS-GO,Positive,best in luck!,2025-10-14 08:51:06,2025-10-14 08:51:10,13
4094,CS-GO,Positive,best bit of luck!,2025-10-14 08:51:06,2025-10-14 08:51:10,17
4094,CS-GO,Positive,best of you!,2025-10-14 08:51:06,2025-10-14 08:51:10,12
4095,CS-GO,Positive,Probably the most iconic play of the early era of CSGO. Still give me shivers,2025-10-14 08:51:06,2025-10-14 08:51:10,77
4095,CS-GO,Positive,Arguably the most iconic piece of the early era of CSGO.,2025-10-14 08:51:06,2025-10-14 08:51:10,56
4095,CS-GO,Positive,Perhaps the most iconic play of the early CSGO era.,2025-10-14 08:51:06,2025-10-14 08:51:10,51
4095,CS-GO,Positive,Probably the most iconic play throughout the early era of CSGO. Still give me shivers,2025-10-14 08:51:06,2025-10-14 08:51:10,85
4095,CS-GO,Positive,Probably the most obviously iconic play of... the early era of CSGO. Still they give me shivers,2025-10-14 08:51:06,2025-10-14 08:51:10,95
4095,CS-GO,Positive,Probably the most iconic play from the early era with CSGO. Still give me shivers,2025-10-14 08:51:07,2025-10-14 08:51:10,81
4096,CS-GO,Neutral,1.7 million viewers? wtf? and cs:go has more than minecraft and fortnite? seriously pic.twitter.com/NsBHo8i85Z,2025-10-14 08:51:07,2025-10-14 08:51:10,110
4096,CS-GO,Neutral,1.7 million viewers? wtf? and cs: go has more than Minecraft and Fortnite? seriously pic.twitter.com / NsBHo8i85Z,2025-10-14 08:51:07,2025-10-14 08:51:10,113
4096,CS-GO,Neutral,"1.7 million viewers for \"wtf\" and \"freedom: go\" - more than \"minecraft\" and \"fortnite\" - seriously pic.facebook.com / NsBHo8i85Z",2025-10-14 08:51:07,2025-10-14 08:51:10,128
4096,CS-GO,Neutral,1.7 million viewers? wtf? and cs:go has more than minecraft and fortnite? seriously pic.twitter.com/NsBHo8i85Z,2025-10-14 08:51:07,2025-10-14 08:51:10,110
4096,CS-GO,Neutral,The 1.7 million viewers? wtf? and cs:go has more than minecraft and fortnite? seriously pic.twitter.com/NsBHo8i85Z,2025-10-14 08:51:07,2025-10-14 08:51:10,114
4096,CS-GO,Neutral,<unk>,2025-10-14 08:51:07,2025-10-14 08:51:10,5
4097,CS-GO,Positive,I miss the old maps to be fair I just miss csgo 🤦‍.  pic.twitter.com/VLIOBWw0sy,2025-10-14 08:51:07,2025-10-14 08:51:10,79
4097,CS-GO,Positive,"I miss the old maps, to be fair, I just miss csgo. pic.twitter.com / VLIOBWw0sy",2025-10-14 08:51:07,2025-10-14 08:51:10,79
4097,CS-GO,Positive,"I miss the old cards to be fair, I just miss csgo. pic.wikipedia.org / VLIOBWw0sy",2025-10-14 08:51:07,2025-10-14 08:51:10,81
4097,CS-GO,Positive,I miss the old maps to be fair I just miss csgo 🤦‍.  pic.twitter.com/VLIOBWw0sy,2025-10-14 08:51:07,2025-10-14 08:51:10,79
4097,CS-GO,Positive,2008 I miss the old maps to be fair I just miss csgo 🤦‍.  pic.twitter.com/VLIOBWw0sy,2025-10-14 08:51:07,2025-10-14 08:51:10,84
4097,CS-GO,Positive,a,2025-10-14 08:51:07,2025-10-14 08:51:10,1
4098,CS-GO,Irrelevant,Feel like pure shit just want an English team mate on csgo,2025-10-14 08:51:07,2025-10-14 08:51:10,58
4098,CS-GO,Irrelevant,Feel like pure shit just want an England team-mate on the pitch,2025-10-14 08:51:07,2025-10-14 08:51:10,63
4098,CS-GO,Irrelevant,"Feel pure crap, just want an England team-mate on csgo",2025-10-14 08:51:07,2025-10-14 08:51:10,54
4098,CS-GO,Irrelevant,Feel like pure shit just want an idiot team mate on csgo,2025-10-14 08:51:07,2025-10-14 08:51:10,56
4098,CS-GO,Irrelevant,Feel like pure shit just want you an English team mate playing on csgo,2025-10-14 08:51:07,2025-10-14 08:51:10,70
4098,CS-GO,Irrelevant,Feel like pure shit just want an entire team playing on csgo,2025-10-14 08:51:07,2025-10-14 08:51:10,60
4099,CS-GO,Neutral,Happy Friday! Check out this awesome clip from one of our Allstar beta users. Try not to get startled like we did. . .,2025-10-14 08:51:07,2025-10-14 08:51:10,120
4099,CS-GO,Neutral,Good Friday! Check out this fantastic clip from one of our Allstar beta users. Try not to be daunted as we did...,2025-10-14 08:51:07,2025-10-14 08:51:10,113
4099,CS-GO,Neutral,Happy Friday! Check out this awesome clip from one of our Allstar beta users. Try not to get started like we did....,2025-10-14 08:51:07,2025-10-14 08:51:10,116
4099,CS-GO,Neutral,Happy Friday! Check out this awesome clip featuring one of our Allstar beta users. Try not to get startled like we did.<unk>.,2025-10-14 08:51:07,2025-10-14 08:51:10,125
4099,CS-GO,Neutral,Happy Friday! Check out on this super awesome clip from one of our Allstar beta users. Try not to get all startled like that we never did...,2025-10-14 08:51:07,2025-10-14 08:51:10,140
4099,CS-GO,Neutral,Happy Friday! Check out this awesome clip here one for our Allstar beta users. Try not the get startled like we usually...,2025-10-14 08:51:07,2025-10-14 08:51:10,122
4100,CS-GO,Neutral,Amazing Phoenix fan-art . . . . Follow @ValorantLeaks for more leaks and news!. .,2025-10-14 08:51:07,2025-10-14 08:51:10,83
4100,CS-GO,Neutral,Amazing Phoenix Fan Art.... Follow @ ValorantLeaks for more indiscretions and news!.,2025-10-14 08:51:07,2025-10-14 08:51:10,84
4100,CS-GO,Neutral,Amazing Phoenix fan-art.... Follow @ ValorantLeaks for more leaks and news!...,2025-10-14 08:51:07,2025-10-14 08:51:10,78
4100,CS-GO,Neutral,"Amazing Phoenix fan-art.... Join @ValorantLeaks for more leaks, news!..",2025-10-14 08:51:07,2025-10-14 08:51:10,71
4100,CS-GO,Neutral,And Amazing Phoenix fan - art.... Follow @ValorantLeaks for more daily leaks about and new news!..,2025-10-14 08:51:07,2025-10-14 08:51:10,98
4100,CS-GO,Neutral,Amazing Phoenix fan-art.... Google @ValorantLeaks for tons more and more!..,2025-10-14 08:51:07,2025-10-14 08:51:10,75
4101,CS-GO,Irrelevant,"ITS GRAND FINALS DAY! . . THE WINNER OF THIS EPIC BOUT TAKES HOME THE TITLE, $500,000 AND THE COOLEST TROPHY IN CS:GO . . . . @mibr vs . @MADLions_CSEN . . . twitch.tv/flashpoint https://t.co/Z1pRhrJQJA",2025-10-14 08:51:07,2025-10-14 08:51:10,202
4101,CS-GO,Irrelevant,"HIS BIG FINAL DAY!... The winner of this EPIC BOUT takes the title, $500,000 and the coolest trophy in CS: GO.... @ mibr vs. @ MADLions _ CSEN... twitch.tv / flashpoint https: / / t.co / Z1pRhrJQJA",2025-10-14 08:51:07,2025-10-14 08:51:10,197
4101,CS-GO,Irrelevant,"DAY OF THEIR CONCLUSIONS!.. A SUPPORT FROM THIS BUT A NAME, $500,000 AND A CHILDREN TRAFFIC IN CS: GO..... @ mibr vs. @ MADLions _ CSEN....... tch.tv / flashpoint https: / / Henco / Z1pRhrJQJA",2025-10-14 08:51:07,2025-10-14 08:51:10,192
4101,CS-GO,Irrelevant,"ITS GRAND FINALS DAY! . . THE WINNER OF THIS EPIC BOUT TAKES HOME THE TITLE, $500,000 AND THE COOLEST TROPHY IN CS:GO . . . . RhandlerR vs . RhandlerR . . . twitch.tv/flashpoint RhttpR]",2025-10-14 08:51:07,2025-10-14 08:51:10,185
4101,CS-GO,Irrelevant,"com ITS GRAND FINALS DAY! . . THE WINNER OF THIS EPIC BOUT TAKES HOME THE TITLE, $500,000 AND THE COOLEST TROPHY IN CS:GO . . . . RhandlerR vs . RhandlerR . . . twitch.tv/flashpoint RhttpR]",2025-10-14 08:51:07,2025-10-14 08:51:10,189
4101,CS-GO,Irrelevant,in,2025-10-14 08:51:07,2025-10-14 08:51:10,2
4102,CS-GO,Positive,Thank you @csgo_run and @AlexChrisGaming for the knife i withdrew this awesome ak instead,2025-10-14 08:51:07,2025-10-14 08:51:10,91
4102,CS-GO,Positive,Thanks @ csgo _ run and @ AlexChrisGaming for the knife I pulled out instead,2025-10-14 08:51:07,2025-10-14 08:51:10,76
4102,CS-GO,Positive,Thank you @ csgo _ run and @ AlexChrisGaming for the knife i without this awesome ak instead,2025-10-14 08:51:07,2025-10-14 08:51:10,92
4102,CS-GO,Positive,Thank you @csgo_run and @AlexChrisGaming for the knife – withdrew this awesome ak instead,2025-10-14 08:51:07,2025-10-14 08:51:10,89
4102,CS-GO,Positive,said Thank you @csgo_run and thanks @AlexChrisGaming for the knife that i withdrew this to awesome ak instead,2025-10-14 08:51:07,2025-10-14 08:51:10,109
4102,CS-GO,Positive,Thank<unk> @csgo_run thanks @AlexChrisGaming for the knife i withdrew this into ak instead,2025-10-14 08:51:07,2025-10-14 08:51:10,90
4103,CS-GO,Negative,"@CSGO fix the stuttering issue, i have played 1 match today and its very annoying, my 120fps went to 6 fps instantly every 3 seconds.",2025-10-14 08:51:07,2025-10-14 08:51:10,133
4103,CS-GO,Negative,"@ CSGO fixes the stutter problem, I played 1 match today and it is very annoying, my 120fps went to 6 fps immediately every 3 seconds.",2025-10-14 08:51:07,2025-10-14 08:51:10,134
4103,CS-GO,Negative,"@ CSGO fix the stinging issue, i have played 1 match today and its very annoying, my 120fps went to 6 fps instantly every 3 seconds.",2025-10-14 08:51:07,2025-10-14 08:51:10,132
4103,CS-GO,Negative,"@CSGO fix the stuttering issue, but have played 1 match today and its very annoying, my 120fps went except 6 fps now every 3 seconds.",2025-10-14 08:51:07,2025-10-14 08:51:10,133
4103,CS-GO,Negative,"did @CSGO fix the stuttering noise issue, i will have played Formula 1 match today now and besides its all very annoying, my 120fps went to 6 fps instantly every 3 seconds.",2025-10-14 08:51:07,2025-10-14 08:51:10,172
4103,CS-GO,Negative,"@CSGO fix the stuttering issue, i just played 1 match since and very very true, my 120fps went to 15 fps instantly every 3 seconds.",2025-10-14 08:51:07,2025-10-14 08:51:10,131
4104,CS-GO,Irrelevant,@YouTubeindia. @YouTubeCreators. @CarryMinati . @YouTubeGaming. @TeamYouTube.  Plz help shadow shorter aka Pankaj he has a channel over 5lacs subscriber and his channel is hacked by a hacker name- device CSGO and he has privated all videos And his channel got 2strike&lossmanysubs. pic.twitter.com/VwPwAXokgX,2025-10-14 08:51:07,2025-10-14 08:51:10,308
4104,CS-GO,Irrelevant,@ YouTubeindia. @ YouTubeCreators. @ CarryMinati. @ YouTubeGaming. @ TeamYouTube. Plz help shadow shorter aka Pankaj he has a channel over 5lacs subscriber and his channel is hacked by a hacker called CSGO and he has made all videos private And his channel has 2strike & lossmanysubs. pic.twitter.com / VwPwAXokgX,2025-10-14 08:51:07,2025-10-14 08:51:10,313
4104,CS-GO,Irrelevant,@ YouTubeCreators. @ YouTubeCreators. @ CarryMinati. @ YouTubeGaming. @ YouTubeGaming. @ YouTubeGaming. @ YouTubeGaming. @ YouTubeGaming. @ YouTubeGaming. @ YouTubeGaming. @ YouTubeGaming. @ YouTubeGaming. @ YouTubeGaming. @ YouTubeGaming. @ YouTubeGaming. @ YouTubeGaming. @ YouTubeGaming. @ YouTubeGaming. @ YouTubeGaming. @ YouTubeGaming. @ YouTubeGaming. @ YouTubeGaming. @ YouTubeGaming. @ YouTubeGaming. @ YouTubeGaming.,2025-10-14 08:51:07,2025-10-14 08:51:10,426
4104,CS-GO,Irrelevant,RhandlerR. RhandlerR. RhandlerR . RhandlerR. RhandlerR.  Plz help shadow shorter aka Pankaj he has a channel over 5lacs subscriber and his channel is hacked by a hacker name- device CSGO and he has privated all videos And his channel got 2strike&lossmanysubs. pic.twitter.com/VwPwAXokgX,2025-10-14 08:51:07,2025-10-14 08:51:10,286
4104,CS-GO,Irrelevant,† RhandlerR. RhandlerR. RhandlerR . RhandlerR. RhandlerR.  Plz help shadow shorter aka Pankaj he has a channel over 5lacs subscriber and his channel is hacked by a hacker name- device CSGO and he has privated all videos And his channel got 2strike&lossmanysubs. pic.twitter.com/VwPwAXokgX,2025-10-14 08:51:07,2025-10-14 08:51:10,288
4104,CS-GO,Irrelevant,in,2025-10-14 08:51:07,2025-10-14 08:51:10,2
4105,CS-GO,Positive,THANK YOUUU!!!! GONNA BUY ANY CS GO GUN WITH FNATIC STICKER,2025-10-14 08:51:07,2025-10-14 08:51:10,59
4105,CS-GO,Positive,THANK YOU!!!! GONNA BUY EVERY CS GO GUN WITH FNATIC STICKER,2025-10-14 08:51:07,2025-10-14 08:51:10,59
4105,CS-GO,Positive,Спасибо юууу!!!! Покупайте Любую словью с финанансовым стикером,2025-10-14 08:51:07,2025-10-14 08:51:10,63
4105,CS-GO,Positive,THANK YOUUU!!!! GONNA BUY ANY LEVEL G GUN WITH FNATIC STICKER,2025-10-14 08:51:07,2025-10-14 08:51:10,61
4105,CS-GO,Positive,YOU THANK YOUUU!!!! GONNA OF BUY ANY CS GO TO GUN THE WITH THE FNATIC IS STICKER,2025-10-14 08:51:07,2025-10-14 08:51:10,80
4105,CS-GO,Positive,THANK YOUUU!!!! I BUY AS CS GO<unk> WITH FNATIC STICKER,2025-10-14 08:51:07,2025-10-14 08:51:10,55
4106,CS-GO,Irrelevant,The stream was off the charts today . . . Thanks to @Pimp_CSGO for the raid and meeting his awesome community! We had an insane amount of donations and subs and I am truly humbled. . . I love you all for the support to make this dream come true .  https://t.co/3kXYSBLxxD,2025-10-14 08:51:07,2025-10-14 08:51:10,271
4106,CS-GO,Irrelevant,The stream had gone off the charts today... Thanks to @ Pimp _ CSGO for raiding and meeting with its awesome community! We had an insane amount of donations and subs and I'm really humbled... I love you all for the support to make this dream. https: / / t.co / 3kXYSBLxD,2025-10-14 08:51:07,2025-10-14 08:51:10,270
4106,CS-GO,Irrelevant,The stream has gone off the charts today... Thank you @ Pimp _ CSGO for raiding and meeting its amazing community! We had a huge amount of donations and donations and I'm truly humbled... I love you all for the support that made this dream come true.,2025-10-14 08:51:07,2025-10-14 08:51:10,250
4106,CS-GO,Irrelevant,The stream was through the charts today... everything to @Pimp_CSGO for helping raid and meeting his awesome community! We had some insane amount of donations and subs and I am super humbled... I love you all for the support to make this dream come true.  X],2025-10-14 08:51:07,2025-10-14 08:51:10,258
4106,CS-GO,Irrelevant,The stream was off all the charts today... Thanks go to @Pimp_CSGO for the raid and meeting his awesome financial community! We actually had an insane amount of emotional donations and huge subs and really I am truly humbled... I love you all for the support to eventually make this dream business come true. https://t.co/3kXYSBLxxD ],2025-10-14 08:51:07,2025-10-14 08:51:10,334
4106,CS-GO,Irrelevant,The stream broke against the charts today... Thanks to Chris for the raid experience meeting his awesome friends! We had an insane amount of donations and subs and I am truly humbled... I love with all even that few who make this dream come true. https://t.co/3kXYSBLxxD],2025-10-14 08:51:07,2025-10-14 08:51:10,271
4107,CS-GO,Irrelevant,Congratulations to @Team__Spirit! You are the  . . Good job. Thank you for playing! . . .,2025-10-14 08:51:07,2025-10-14 08:51:10,91
4107,CS-GO,Irrelevant,Congratulations to @ Team _ _ Spirit! You are the.. Good job. Thanks for playing!...,2025-10-14 08:51:07,2025-10-14 08:51:10,84
4107,CS-GO,Irrelevant,Congratulations to @ Team _ _ Spirit! You are the... Good job. Thank you for playing!...,2025-10-14 08:51:07,2025-10-14 08:51:10,88
4107,CS-GO,Irrelevant,Congratulations to @Team__Spirit! You are the <unk>. Good girl. Thank you for playing!...,2025-10-14 08:51:07,2025-10-14 08:51:10,89
4107,CS-GO,Irrelevant,Congratulations to @Team__Spirit!... You are the.. Good coaching job. Yes Thank you again for playing!...,2025-10-14 08:51:07,2025-10-14 08:51:10,105
4107,CS-GO,Irrelevant,Congratulations Kelly @Team__Spirit! You are fantastic.. Good Guy. Thank you for the!...,2025-10-14 08:51:07,2025-10-14 08:51:10,88
4108,CS-GO,Negative,@CSGO remove the snow. Christmas is fuckin over,2025-10-14 08:51:07,2025-10-14 08:51:10,47
4108,CS-GO,Negative,@ CSGO cleans up the snow. Christmas is damn over,2025-10-14 08:51:07,2025-10-14 08:51:10,49
4108,CS-GO,Negative,@ CSGO remove the snow. Christmas is over,2025-10-14 08:51:07,2025-10-14 08:51:10,41
4108,CS-GO,Negative,@CSGO remove the snow. Frozen is fuckin over,2025-10-14 08:51:07,2025-10-14 08:51:10,44
4108,CS-GO,Negative,Not @CSGO remove the snow. Say Christmas is fuckin over,2025-10-14 08:51:07,2025-10-14 08:51:10,55
4108,CS-GO,Negative,@CSGO remove the f. Christmas is fuckin over,2025-10-14 08:51:07,2025-10-14 08:51:10,44
4109,CS-GO,Negative,im sorry but valorant looks like an asset flip unity game with the frustrating elements of csgo and without the charm of overwatch,2025-10-14 08:51:07,2025-10-14 08:51:10,130
4109,CS-GO,Negative,"Im sorry, but valorant looks like an asset flip unit game with the frustrating elements of Csgo and without the charm of Overwatch",2025-10-14 08:51:07,2025-10-14 08:51:10,130
4109,CS-GO,Negative,im sorry but valorant looks like an asset flip unity game with the farting elements of csgo and without the charge of overwatch,2025-10-14 08:51:07,2025-10-14 08:51:10,127
4109,CS-GO,Negative,im sorry but valorant looks like an awkward flip unity game with the frustrating elements of csgo and missing the charm of overwatch,2025-10-14 08:51:07,2025-10-14 08:51:10,132
4109,CS-GO,Negative,im sorry but valorant looks like an awful asset I flip with unity game with the frustrating design elements of no csgo and more without the charm of overwatch,2025-10-14 08:51:07,2025-10-14 08:51:10,158
4109,CS-GO,Negative,im sorry but valorant looks such an exact flip unity game with heavily frustrating elements on csgo and without the charm of overwatch,2025-10-14 08:51:07,2025-10-14 08:51:10,134
4110,CS-GO,Neutral,"TOP Swedish esports team Fnatic have signed Maikil “Golden” Kunda Selim to its CS:GO roster on a permanent basis, after.... .  . esportbet.com/csgo-swedish-t…",2025-10-14 08:51:07,2025-10-14 08:51:10,158
4110,CS-GO,Neutral,"The Swedish top team esportbet.com / csgo-swedish-t has added Maikil \"Golden\" Kunda Selim to its CS: GO squad after..... esportbet.com / csgo-swedish-t...",2025-10-14 08:51:07,2025-10-14 08:51:10,154
4110,CS-GO,Neutral,"Swedish team Fnatic have signed Maykola \"Golden\" to their CS: GO roster on a permanent basis, after... espbet.com / csgo-swedish-t...",2025-10-14 08:51:07,2025-10-14 08:51:10,133
4110,CS-GO,Neutral,"TOP Swedish LCS team Fnatic have signed Maikil “Golden” Kunda Selim an join L:GO roster on a contractual basis, after..... . esportbet.com/csgo-swedish-t…",2025-10-14 08:51:07,2025-10-14 08:51:10,154
4110,CS-GO,Neutral,"In TOP Swedish esports team Fnatic have signed Maikil with “ Golden ” and Kunda and Selim has to leave its NHL CS : GO roster on a permanent basis, after...... with esportbet. com / csgo - swedish - so t …",2025-10-14 08:51:07,2025-10-14 08:51:10,205
4110,CS-GO,Neutral,"TOP Swedish esports card Fnatic just signed as a Kunda<unk> to its CS:GO roster under a transfer deal, from...... esportbet.com/csgo-swedish-t...",2025-10-14 08:51:07,2025-10-14 08:51:10,145
4111,CS-GO,Positive,cs go all day .,2025-10-14 08:51:07,2025-10-14 08:51:10,16
4111,CS-GO,Positive,They walk all day.,2025-10-14 08:51:07,2025-10-14 08:51:10,18
4111,CS-GO,Positive,Go all day.,2025-10-14 08:51:07,2025-10-14 08:51:10,11
4111,CS-GO,Positive,cs go all that.,2025-10-14 08:51:07,2025-10-14 08:51:10,15
4111,CS-GO,Positive,cs must go all day.,2025-10-14 08:51:07,2025-10-14 08:51:10,19
4111,CS-GO,Positive,cs go all the.,2025-10-14 08:51:07,2025-10-14 08:51:10,14
4112,CS-GO,Positive,"@FACEIT me and my friends just got a cooldown on a server that didnt work because of csgo update, please fix this as we are eager to play",2025-10-14 08:51:07,2025-10-14 08:51:10,137
4112,CS-GO,Positive,"@ FACEIT Me and my friends have just got a cooldown on a server that didn't work due to csgo update, please fix this as we are eager to play",2025-10-14 08:51:07,2025-10-14 08:51:10,140
4112,CS-GO,Positive,"@ FACEIT me and my friends just got a cooldown on a server that went't work because of csgo update, please fix this as we are eager to play",2025-10-14 08:51:07,2025-10-14 08:51:10,139
4112,CS-GO,Positive,"@FACEIT me and my friends still got a cooldown on a server that didnt work because of another update, please fix this as we still eager to play",2025-10-14 08:51:07,2025-10-14 08:51:10,143
4112,CS-GO,Positive,"@FACEIT for me and my friends just got a sudden cooldown on a server that didnt completely work because of csgo update, please we fix that this problem as we are eager to match play",2025-10-14 08:51:07,2025-10-14 08:51:10,181
4112,CS-GO,Positive,"@FACEIT<unk> and my friends all got a cooldown on a server that didnt work because of OS update, please fix site as we are eager for play",2025-10-14 08:51:07,2025-10-14 08:51:10,137
4113,CS-GO,Neutral,"I just want all of you to know that you are loved. . That is all.. .... Also, me live with some  . twitch.tv/turtletune.",2025-10-14 08:51:07,2025-10-14 08:51:10,122
4113,CS-GO,Neutral,"I just want you all to know that you are loved.. that's all...... Besides, I live with something. twitch.tv / turtletune.",2025-10-14 08:51:07,2025-10-14 08:51:10,121
4113,CS-GO,Neutral,"I just want all of you to know that you are loved... That's all.... Besides, I live with some.",2025-10-14 08:51:07,2025-10-14 08:51:10,94
4113,CS-GO,Neutral,"I just want all of you to know that you are loved. . That is all.. .... Also, me live with some  . twitch.tv/turtletune.",2025-10-14 08:51:07,2025-10-14 08:51:10,122
4113,CS-GO,Neutral,"7 I just want all of you to know that you are loved. . That is all.. .... Also, me live with some  . twitch.tv/turtletune.",2025-10-14 08:51:07,2025-10-14 08:51:10,124
4113,CS-GO,Neutral,<unk>,2025-10-14 08:51:07,2025-10-14 08:51:10,5
4114,CS-GO,Negative,"@valvesoftware . HOW TO MAKE THE GAME FREE!!. The game is full of cheats. I've been playing cs go for 6 years,I haven't been playing games because of cheats for the past few years. If you do not find a solution to this, you will get serious losses from your game.",2025-10-14 08:51:07,2025-10-14 08:51:10,265
4114,CS-GO,Negative,"The game is full of scammers. I have been playing cs go for 6 years, I have not been playing games for a few years because of scammers. If you do not find a solution to this problem, you will get serious losses from your game.",2025-10-14 08:51:07,2025-10-14 08:51:10,226
4114,CS-GO,Negative,"@ valvesoB. HOW FREE IS THE GAME!!. The game is full of cheats. I've been playing for 6 years, I haven't played the game because of cheats for the last few years. If you don't find a solution to this problem, you will get serious losses from your game.",2025-10-14 08:51:07,2025-10-14 08:51:10,252
4114,CS-GO,Negative,"@valvesoftware. HOW TO MAKE THE GAME FREE!!. The game is full of cheats. I've been doing free go for 6 years,I haven't been killing games because of cheats for the past few years. Whenever you do not find a solution to cheat, you will get serious losses from your games.",2025-10-14 08:51:07,2025-10-14 08:51:10,270
4114,CS-GO,Negative,"@valvesoftware. HOW TO AND MAKE THE GAME FREE!!. The game is full of cheats. I'v ve been playing and cs go for 6 extra years, and I haven't been playing games because of cheats for the past few years. If you each don't find a solution to all this, initially you both will get more serious losses from your game.",2025-10-14 08:51:07,2025-10-14 08:51:10,311
4114,CS-GO,Negative,"@valvesoftware. HERE TO MAKE THE GAME FREE!!. The game are composed of cheats. I've been playing cs casino for 6 seasons,I also't been playing games filled of cheats for the past 2 years. If you do not present a solution to this, you will get serious losses from your friends.",2025-10-14 08:51:07,2025-10-14 08:51:10,276
4115,CS-GO,Positive,Yo this looks LIT! CS:GO/Overwatch combo,2025-10-14 08:51:07,2025-10-14 08:51:10,40
4115,CS-GO,Positive,Yo this looks LIT! CS: GO / Overwatch combo,2025-10-14 08:51:07,2025-10-14 08:51:10,43
4115,CS-GO,Positive,Yo this looks LIT! CS: GO / Overwatch combo,2025-10-14 08:51:07,2025-10-14 08:51:10,43
4115,CS-GO,Positive,Yo this looks LIT! Team:GO/Overwatch combo,2025-10-14 08:51:07,2025-10-14 08:51:10,42
4115,CS-GO,Positive,Yo this girl looks LIT! IF CS : GO / Overwatch combo,2025-10-14 08:51:07,2025-10-14 08:51:10,52
4115,CS-GO,Positive,Yo this looks stunning! CS:GO/Overwatch combo,2025-10-14 08:51:07,2025-10-14 08:51:10,45
4116,CS-GO,Negative,Shit crazy,2025-10-14 08:51:07,2025-10-14 08:51:10,10
4116,CS-GO,Negative,Crazy shit,2025-10-14 08:51:07,2025-10-14 08:51:10,10
4116,CS-GO,Negative,The Shit Goes Crazy,2025-10-14 08:51:07,2025-10-14 08:51:10,19
4116,CS-GO,Negative,Shit sucks,2025-10-14 08:51:07,2025-10-14 08:51:10,10
4116,CS-GO,Negative,... Shit crazy,2025-10-14 08:51:07,2025-10-14 08:51:10,14
4116,CS-GO,Negative,Shit Can,2025-10-14 08:51:07,2025-10-14 08:51:10,8
4117,CS-GO,Negative,Rip my csgo skins .  bet wasn’t worth it,2025-10-14 08:51:07,2025-10-14 08:51:10,40
4117,CS-GO,Negative,Tear my Csgo skins. Bet it wasn't worth it?,2025-10-14 08:51:07,2025-10-14 08:51:10,43
4117,CS-GO,Negative,Skin off.,2025-10-14 08:51:07,2025-10-14 08:51:10,9
4117,CS-GO,Negative,Rip my csgo out.  bet wasn’t worth it,2025-10-14 08:51:07,2025-10-14 08:51:10,37
4117,CS-GO,Negative,Rip my csgo skins. That bet wasn ’ t worth losing it,2025-10-14 08:51:07,2025-10-14 08:51:10,52
4117,CS-GO,Negative,Rip Free csgo skins. bet wasn’t worth a,2025-10-14 08:51:07,2025-10-14 08:51:10,39
4118,CS-GO,Positive,Help me win this awesome @teamendpoint CSGO Giveaway wn.nr/9hGmj2,2025-10-14 08:51:07,2025-10-14 08:51:10,65
4118,CS-GO,Positive,Help me win this fantastic @ teamendpoint CSGO raffle wn.nr / 9hGmj2,2025-10-14 08:51:07,2025-10-14 08:51:10,68
4118,CS-GO,Positive,Help me win this awesome @ teamendpoint CSGO Giveaway. nr / 9hGmj2,2025-10-14 08:51:07,2025-10-14 08:51:10,66
4118,CS-GO,Positive,Help Matt win this awesome Ultimate CSGO Giveaway wn.nr/9hGmj2,2025-10-14 08:51:07,2025-10-14 08:51:10,62
4118,CS-GO,Positive,... Help me to win off this awesome @teamendpoint CSGO A Giveaway wn. i nr / 9hGmj2,2025-10-14 08:51:07,2025-10-14 08:51:10,83
4118,CS-GO,Positive,helping me win this awesome little CSGO online wn.nr/9hGmj2,2025-10-14 08:51:07,2025-10-14 08:51:10,59
4119,CS-GO,Irrelevant,One of the best valorant players in Middle East.. . Plays against EU CSGO pros all the time in Valorant and dominates with 110 ping .,2025-10-14 08:51:07,2025-10-14 08:51:10,134
4119,CS-GO,Irrelevant,One of the best Valorant players in the Middle East... plays all the time in Valorant against CSGO professionals from the EU and dominates with 110 ping.,2025-10-14 08:51:07,2025-10-14 08:51:10,153
4119,CS-GO,Irrelevant,One of the best valiant players in the Middle East... Plays against the EU pros CSGO all the time at Valorant and dominates with 110 ping.,2025-10-14 08:51:07,2025-10-14 08:51:10,138
4119,CS-GO,Irrelevant,One of the best valorant players in Middle East... Plays against EU CSGO pro all the time in Valorant and dominates with 110 ping bases,2025-10-14 08:51:07,2025-10-14 08:51:10,135
4119,CS-GO,Irrelevant,One of the best tactical valorant players in Middle and East... currently Plays against all EU CSGO pros of all the time in Valorant Square and dominates with 110 kg ping.,2025-10-14 08:51:07,2025-10-14 08:51:10,171
4119,CS-GO,Irrelevant,One of the premier valorant players for Brussels East... Plays against EU veteran pros all night time in Valorant and dominates with 110 ping.,2025-10-14 08:51:07,2025-10-14 08:51:10,142
4120,CS-GO,Positive,Looking forward to being able to play csgo again. I'm not the best but I really enjoyed playing it for sure,2025-10-14 08:51:07,2025-10-14 08:51:10,107
4120,CS-GO,Positive,"I'm looking forward to playing csgo again. I'm not the best, but I certainly enjoyed it.",2025-10-14 08:51:07,2025-10-14 08:51:10,88
4120,CS-GO,Positive,Looking forward to being able to play csgo again. I'm not the best but I really enjoyed playing it for sure,2025-10-14 08:51:07,2025-10-14 08:51:10,107
4120,CS-GO,Positive,Looking forward to being able to try csgo again. I'm not the newest but I really enjoyed playing it for sure,2025-10-14 08:51:07,2025-10-14 08:51:10,108
4120,CS-GO,Positive,Looking forward to being always able someday to even play csgo again. I'm usually not the best but I really enjoyed playing it for sure,2025-10-14 08:51:07,2025-10-14 08:51:10,135
4120,CS-GO,Positive,actually forward to being able up play csgo again. I'm not the best but I really hate playing it for sure,2025-10-14 08:51:07,2025-10-14 08:51:10,105
4121,CS-GO,Positive,"It'll be a beautiful game! Are you ready, @hard_legion? . . . . twitch.tv/weplayesport_en . .",2025-10-14 08:51:07,2025-10-14 08:51:10,95
4121,CS-GO,Positive,"It will be a beautiful game! Are you ready, @ hard _ legion?... twitch.tv / weplayesport _ en.",2025-10-14 08:51:07,2025-10-14 08:51:10,94
4121,CS-GO,Positive,"It's going to be a beautiful game! Are you ready, @ hard _ legion?.......................................................",2025-10-14 08:51:07,2025-10-14 08:51:10,121
4121,CS-GO,Positive,"It'll be a beautiful game! Are you ready, RhandlerR? . . . . twitch.tv/weplayesport_en . .",2025-10-14 08:51:07,2025-10-14 08:51:10,92
4121,CS-GO,Positive,"on It'll be a beautiful game! Are you ready, RhandlerR? . . . . twitch.tv/weplayesport_en . .",2025-10-14 08:51:07,2025-10-14 08:51:10,95
4121,CS-GO,Positive,in,2025-10-14 08:51:07,2025-10-14 08:51:10,2
4122,CS-GO,Irrelevant,bro ur a fucking 98 Toyota corolla in this compared to in cs you are a lambo,2025-10-14 08:51:07,2025-10-14 08:51:10,76
4122,CS-GO,Irrelevant,bro ur a fucking 98 toyota corolla in this compared with cs you are a lambo,2025-10-14 08:51:07,2025-10-14 08:51:10,75
4122,CS-GO,Irrelevant,"bro ur a fucking 98 Toyota corolla in this compared to in \"you are a lambo\"",2025-10-14 08:51:07,2025-10-14 08:51:10,75
4122,CS-GO,Irrelevant,bro ur a fucking crap Toyota corolla in this compared to in cs you are a lambo,2025-10-14 08:51:07,2025-10-14 08:51:10,78
4122,CS-GO,Irrelevant,bro do ur a nasty fucking 98 Toyota corolla in this car compared to in modern cs you are a lambo,2025-10-14 08:51:07,2025-10-14 08:51:10,96
4122,CS-GO,Irrelevant,bro ur a fucking 98 Toyota I did this compared to in cs you are an lambo,2025-10-14 08:51:07,2025-10-14 08:51:10,72
4123,CS-GO,Negative,@CSGO again I just solo qued and matched with DMG and mg2 and am gn3 now and it was silvers now wayyyy higher sort the damn fuckin ranking system,2025-10-14 08:51:07,2025-10-14 08:51:10,145
4123,CS-GO,Negative,@ CSGO again I just qued alone and tuned with DMG and mg2 and am now gn3 and it was silver now wayyyy higher sorting the damn damn ranking system,2025-10-14 08:51:07,2025-10-14 08:51:10,145
4123,CS-GO,Negative,@ CSGO again I just solo qued and matched with DMG and mg2 and am gn3 now and it was silvers now wayyyyy higher sort the damn fuckin ranking system,2025-10-14 08:51:07,2025-10-14 08:51:10,147
4123,CS-GO,Negative,@CSGO again basically just solo qued and matched with DMG and mg2... am gn3 now and it was silvers now wayyyy due sort the damn fuckin ranking system,2025-10-14 08:51:07,2025-10-14 08:51:10,149
4123,CS-GO,Negative,The @CSGO again I meant just solo qued and then matched me with DMG and 100 mg2 and am 5 gn3 on now and it was silvers now wayyyy higher sort the damn fuckin the ranking system,2025-10-14 08:51:07,2025-10-14 08:51:10,176
4123,CS-GO,Negative,@CSGO again I just solo qued and matched to DMG and mg2 I am gn3 now and it are also now wayyyy higher sort no damn fuckin trigger system,2025-10-14 08:51:07,2025-10-14 08:51:10,137
4124,CS-GO,Positive,THIS IS CRAZY GREAT!!!,2025-10-14 08:51:07,2025-10-14 08:51:10,24
4124,CS-GO,Positive,THIS IS CRAZY GREAT!!!,2025-10-14 08:51:07,2025-10-14 08:51:10,22
4124,CS-GO,Positive,ЭТО ВЕЛИКОБРИТАНИЕ!!!,2025-10-14 08:51:07,2025-10-14 08:51:10,21
4124,CS-GO,Positive,THIS IS CRAZY<unk>,2025-10-14 08:51:07,2025-10-14 08:51:10,18
4124,CS-GO,Positive,TO THIS ONE IS CRAZY GREAT!!!,2025-10-14 08:51:07,2025-10-14 08:51:10,29
4124,CS-GO,Positive,THIS IS<unk> GREAT!!!,2025-10-14 08:51:07,2025-10-14 08:51:10,21
4125,CS-GO,Neutral,"A must read for cs:go fans and/or  techies (tekkies), this blog by @TheWGBbroz! The making of a cs:go (fake!) bomb to be used in a  . . blog.woutergritter.me. .",2025-10-14 08:51:07,2025-10-14 08:51:10,162
4125,CS-GO,Neutral,"A must for cs: go fans and / or techies (tekkies), this blog from @ TheWGBbroz! Making a cs: go (fake!) bomb that can be used in a.... blog.woutergritter.me.",2025-10-14 08:51:07,2025-10-14 08:51:10,157
4125,CS-GO,Neutral,"A must read for: go fans and / or tekkies (tekkies), this blog by @ TheWGBroz! The making a: go (fake!) bomb to be used in a... blog.woutergritter.me.",2025-10-14 08:51:07,2025-10-14 08:51:10,150
4125,CS-GO,Neutral,"A relaxing read for cs:go fans b/or  techies (tekkies), this blog has @TheWGBbroz! The making of a cs:go (fake!) bomb to survive used in a . Via blog.woutergritter.me..",2025-10-14 08:51:07,2025-10-14 08:51:10,168
4125,CS-GO,Neutral,"A must the read article for many cs : go supporters fans fans and / or techies ( like tekkies ), this blog by @TheWGBbroz! The making of further a cs : get go ( fake! ) bomb to be systematically used in a.. m blog. woutergritter. me..",2025-10-14 08:51:07,2025-10-14 08:51:10,234
4125,CS-GO,Neutral,"last final read for cs:go fans were/or techies (tekkies), this is by mine! The making of my x:go (fake!) bomb cannot be used onto a.. blog.woutergritter.me..",2025-10-14 08:51:07,2025-10-14 08:51:10,157
4126,CS-GO,Irrelevant,"Proud of the boys, GG's everyone!",2025-10-14 08:51:07,2025-10-14 08:51:10,33
4126,CS-GO,Irrelevant,"Proud of the boys, all of you!",2025-10-14 08:51:07,2025-10-14 08:51:10,30
4126,CS-GO,Irrelevant,"Pond boys, GG all!",2025-10-14 08:51:07,2025-10-14 08:51:10,18
4126,CS-GO,Irrelevant,"Proud of the boys, cheers everyone!",2025-10-14 08:51:07,2025-10-14 08:51:10,35
4126,CS-GO,Irrelevant,"The Proud of the boys, its GG's everyone!",2025-10-14 08:51:07,2025-10-14 08:51:10,41
4126,CS-GO,Irrelevant,"Proud of the Year, GG's everyone!",2025-10-14 08:51:07,2025-10-14 08:51:10,33
4127,CS-GO,Irrelevant,"so,, cs:go experts, come have a look at the 50k on offer on tuesday, @FanTeamOfficial very easy to get involved, even im doing ok, a complete newbie at this sport. pic.twitter.com/qCrJW4lQFP",2025-10-14 08:51:07,2025-10-14 08:51:10,190
4127,CS-GO,Irrelevant,"So, cs: go experts, take a look at the 50k that will be offered on Tuesday, @ FanTeamOfficial very easy to get involved, even if it's ok to be an absolute newcomer to this sport. pic.twitter.com / qCrJW4lQFP",2025-10-14 08:51:07,2025-10-14 08:51:10,207
4127,CS-GO,Irrelevant,"So,,,,,,,,,,,,,,,,,,,,,,,,,,,,,,,,,,,,,,,,,,,,,,,,,,,,,,,,,,,,,,,,,,,,,,,,,,,,,,,,,,,,,,,,,,,,,,,,,,,,,,,,,,,,,,,,,,,,,,,,,,,,,,,,,,,,,,,,,,,,,,,,",2025-10-14 08:51:07,2025-10-14 08:51:10,146
4127,CS-GO,Irrelevant,"so,, cs:go experts, come have a look at the 50k on offer on tuesday, RhandlerR very easy to get involved, even im doing ok, a complete newbie at this sport. pic.twitter.com/qCrJW4lQFP",2025-10-14 08:51:07,2025-10-14 08:51:10,183
4127,CS-GO,Irrelevant,"• so,, cs:go experts, come have a look at the 50k on offer on tuesday, RhandlerR very easy to get involved, even im doing ok, a complete newbie at this sport. pic.twitter.com/qCrJW4lQFP",2025-10-14 08:51:07,2025-10-14 08:51:10,185
4127,CS-GO,Irrelevant,<unk>,2025-10-14 08:51:07,2025-10-14 08:51:10,5
4128,CS-GO,Irrelevant,"Check out the amazing giveaway from @gringaminginc and enter to win real cash prizes! The best in Daily Fantasy eSports featuring Dota2, LOL, CS:GO and More: bit.ly/34qQXkj",2025-10-14 08:51:07,2025-10-14 08:51:10,172
4128,CS-GO,Irrelevant,"Check out @ gringaminginc's fantastic raffle for real cash prizes! Get the best of Daily Fantasy eSports with Dota2, LOL, CS: GO and more: bit.ly / 34qQXkj",2025-10-14 08:51:07,2025-10-14 08:51:10,155
4128,CS-GO,Irrelevant,"The best in Daily FeSports featuring Dota2, LOL, CS: GO and more: bit.ly / 34qQXkj",2025-10-14 08:51:07,2025-10-14 08:51:10,82
4128,CS-GO,Irrelevant,"Check out the amazing giveaway from @gringaminginc and enter to win real cash prizes! The best early Daily Fantasy Tactics covering Dota2, LOL, CS:GO and More: r.ly/34qQXkj",2025-10-14 08:51:07,2025-10-14 08:51:10,172
4128,CS-GO,Irrelevant,"Check on out the amazing giveaway from @gringaminginc and enter to automatically win several real expensive cash prizes! 2011 The 7 best in The Daily Fantasy eSports featuring Dota2, A LOL, CS : GO and More : bit. A ly / 34qQXkj",2025-10-14 08:51:07,2025-10-14 08:51:10,228
4128,CS-GO,Irrelevant,"Check out the amazing giveaway our admin and enter and win some cash<unk>! The prize in Daily Fantasy eSports featuring Dota2, LOL, and:GO and More: bit.ly/34qQXkj",2025-10-14 08:51:07,2025-10-14 08:51:10,163
4129,CS-GO,Negative,Game will die its inherently not a fun game the fun part of it is the skill factor which they are proactively trying to shove out of the game. Take the skill factor out of a boring game and we are left with a dog shit version of cs go. . . devs are literally brain dead its unreal,2025-10-14 08:51:07,2025-10-14 08:51:10,280
4129,CS-GO,Negative,"The game will die because it is not a fun game by nature, the fun part of it is the skill factor they are proactively trying to push out of the game. Take the skill factor out of a boring game, and we have a dog shit version of cs go... Developers are literally brain dead its unreal",2025-10-14 08:51:07,2025-10-14 08:51:10,283
4129,CS-GO,Negative,Take the skill factor out of a boring game and we'll be left with dog crap in's version...,2025-10-14 08:51:07,2025-10-14 08:51:10,90
4129,CS-GO,Negative,Game will die its inherently not a fun gaming the fun part of Dota is the skill factor which they are proactively racing to shove out of the game. Take the skill factor out of a boring game and we are left with a dog shit version of cs go... devs will literally brain watering its insane,2025-10-14 08:51:07,2025-10-14 08:51:10,287
4129,CS-GO,Negative,Game will die its inherently not a fun game the fun part of it is the skill factor factor which the they are proactively trying to shove out of the practice game. Take the big skill factor out of a so boring game you and if we are left with go a dog shit version instead of cs go... devs are literally brain dead its whole unreal,2025-10-14 08:51:07,2025-10-14 08:51:10,329
4129,CS-GO,Negative,Game will die its inherently such a fun game the fun element of it is the skill with which they are proactively trying the shove out of the game. Take the skill factor out form a boring game before we are off expecting another dog shit version of cs f... devs are literally brain dead its unreal,2025-10-14 08:51:07,2025-10-14 08:51:10,295
4130,CS-GO,Positive,"“ Of course!. . You’re the best gaming experience, and I’m the best system.. . Sure, some of your stuff is on consoles, but everyone knows the BEST place to play. “",2025-10-14 08:51:07,2025-10-14 08:51:10,164
4130,CS-GO,Positive,"\"Of course!... You're the best gaming experience, and I'm the best system... Sure, some of your stuff is on consoles, but everyone knows where to play best.\"",2025-10-14 08:51:07,2025-10-14 08:51:10,157
4130,CS-GO,Positive,"\"Of course!. You're the best game experience and I'm the best system... Of course, some of your stuff is on consoles, but everyone knows the best place to play.\"",2025-10-14 08:51:07,2025-10-14 08:51:10,161
4130,CS-GO,Positive,"“ Of course!.. You’re the best gaming experience, and I’m the best system... Sure, some of bad stuff falls on consoles, but everyone depends which BEST place to play. “",2025-10-14 08:51:07,2025-10-14 08:51:10,168
4130,CS-GO,Positive,"They “ and Of course!.. You ’ re the best gaming experience, and I understand ’ you m building the best system... Sure, some of your stuff now is on my consoles, even but almost everyone knows the BEST place to play. “",2025-10-14 08:51:07,2025-10-14 08:51:10,218
4130,CS-GO,Positive,"“ Of course!.. You’re giving ONLY gaming experience, when I’m the best system... Sure, some and your stuff are on the, but everyone knows our BEST place to play. “",2025-10-14 08:51:07,2025-10-14 08:51:10,163
4131,CS-GO,Positive,nice knive,2025-10-14 08:51:07,2025-10-14 08:51:10,10
4131,CS-GO,Positive,nan,2025-10-14 08:51:07,2025-10-14 08:51:10,3
4131,CS-GO,Positive,nice knife,2025-10-14 08:51:07,2025-10-14 08:51:10,10
4131,CS-GO,Positive,nice print,2025-10-14 08:51:07,2025-10-14 08:51:10,10
4131,CS-GO,Positive,Some nice knive,2025-10-14 08:51:07,2025-10-14 08:51:10,15
4131,CS-GO,Positive,we knive,2025-10-14 08:51:07,2025-10-14 08:51:10,8
4132,CS-GO,Neutral,I used a voice changer and pretended to be a girl in a csgo match last night and now my DMs are flooded xD,2025-10-14 08:51:07,2025-10-14 08:51:10,106
4132,CS-GO,Neutral,I used a voice changer last night and pretended to be a girl in a Csgo match and now my DMs are flooded xD,2025-10-14 08:51:07,2025-10-14 08:51:10,106
4132,CS-GO,Neutral,I used a voice changer and pretended to be a girl in a csgo match last night and now my DM are flooded xD,2025-10-14 08:51:07,2025-10-14 08:51:10,105
4132,CS-GO,Neutral,I used a voice changer and pretended to be a girl in a csgo match every night and now my messages are flooded xD,2025-10-14 08:51:07,2025-10-14 08:51:10,112
4132,CS-GO,Neutral,I snuck used as a voice message changer tape and pretended to be a girl in a csgo club match last night and now my DMs are flooded xD,2025-10-14 08:51:07,2025-10-14 08:51:10,133
4132,CS-GO,Neutral,a used a voice changer and pretended to face a girl in a csgo group last night and now my DMs are flooded in,2025-10-14 08:51:07,2025-10-14 08:51:10,108
4133,CS-GO,Positive,Had a amazing stream with lots of Csgo wins and fails would of gone longer but my wrist feels broken can't wait for the grind to pay off,2025-10-14 08:51:07,2025-10-14 08:51:10,136
4133,CS-GO,Positive,"If an amazing stream of wins and failures from Csgo had won, of course it would have disappeared longer, but my wrist feels broken and can't wait for the grind to pay off.",2025-10-14 08:51:07,2025-10-14 08:51:10,171
4133,CS-GO,Positive,"If the amazing flow with lots of CSgo wins and losses had gone longer, but my hand feels broken, can't wait for the grinding to pay off",2025-10-14 08:51:07,2025-10-14 08:51:10,135
4133,CS-GO,Positive,Had a amazing stream with lots of Csgo wins and it would of gone over but my wrist feels broken can't wait for the grind would pay off,2025-10-14 08:51:07,2025-10-14 08:51:10,134
4133,CS-GO,Positive,Dad Had a amazing stream with lots of kids Csgo wins and fails would type of gone longer but damn my wrist seriously feels broken can't wait even for the grind to pay off,2025-10-14 08:51:07,2025-10-14 08:51:10,170
4133,CS-GO,Positive,Had a amazing stream for lots of Csgo wins but fails wish of lasted longer but my wrist feels broken can't wait for the grind to pay off,2025-10-14 08:51:07,2025-10-14 08:51:10,136
4134,CS-GO,Irrelevant,"I just realized Kero got banned!!!!!  . . After 1 year of checking this fucking losers profile almost daily, I almost gave up. . . steamcommunity.com/id/grace. . Now we need to get his other accs banned. steamcommunity.com/id/ke5",2025-10-14 08:51:07,2025-10-14 08:51:10,229
4134,CS-GO,Irrelevant,"I just realized Kero was banned!!!!! After a year of checking this fucking loser profile almost every day, I almost gave up... steamcommunity.com / id / grace.. Now we need to ban his other accs. steamcommunity.com / id / ke5",2025-10-14 08:51:07,2025-10-14 08:51:10,225
4134,CS-GO,Irrelevant,"I just realized that Kero was banned!!!. After 1 year of checking this fucking profile almost daily, I nearly gave up... steamcommunity.com / id / grace.. Now we need to get his other accs bannebesteamcommunity.com / id / ke5",2025-10-14 08:51:07,2025-10-14 08:51:10,225
4134,CS-GO,Irrelevant,"I just realized Kero got a .. After 1 year of checking this stupid friends bio almost daily, I almost gave in. Peace. steamcommunity.com/id/grace.. Now we need to get his other accs banned. steamcommunity.com/id/ke5",2025-10-14 08:51:07,2025-10-14 08:51:10,215
4134,CS-GO,Irrelevant,"I just suddenly realized his Kero got banned!!!!!.. Now After 1 year long of checking out this fucking losers profile almost daily, I almost gave everything up... steamcommunity. com / id / no grace.. Now we both need to get his all other accs banned. steamcommunity. go com / id / ke5",2025-10-14 08:51:07,2025-10-14 08:51:10,285
4134,CS-GO,Irrelevant,"I just discovered Kero being banned!!!!!.. After 1 year of following this one losers profile shit daily, I almost passed up... steamcommunity.com/id/grace.. Instead they need to make several other accs banned. steamcommunity.com/id/ke5",2025-10-14 08:51:07,2025-10-14 08:51:10,235
4135,CS-GO,Neutral,"@CSGO bro my computer is slow upstairs because of the internet, but I just got a 24 hour comp ban because I failed to connect by match start. I also am 1 match away from my ranked group to show.",2025-10-14 08:51:07,2025-10-14 08:51:10,194
4135,CS-GO,Neutral,"@ CSGO bro My computer is slow upstairs because of the internet, but I've just been given a 24-hour comp ban for failing to connect until the game starts.",2025-10-14 08:51:07,2025-10-14 08:51:10,154
4135,CS-GO,Neutral,@ CSGO bro my computer is slowly moving up the ladder due to the internet but I just got a 24 hour ban because I couldn't connect to the start of the match.,2025-10-14 08:51:07,2025-10-14 08:51:10,156
4135,CS-GO,Neutral,"@CSGO bro my computer is slow upstairs because of the internet, but I just got a one hour comp ban because I failed to upload by match start. I also am a match away from having ranked group to show.",2025-10-14 08:51:07,2025-10-14 08:51:10,198
4135,CS-GO,Neutral,"@CSGO bro my computer is slow upstairs because of the internet, but I just got a daily 24 hour post comp ban because I successfully failed trying to connect them by calling match start. I never also am 1 match length away from my ranked group enough to show.",2025-10-14 08:51:07,2025-10-14 08:51:10,258
4135,CS-GO,Neutral,"@CSGO bro my computer is slow upstairs off of the internet, though I just got into 24 hour ISP ban so I forgot to judge by match start. I also am 1 match away from my ranked group to show.",2025-10-14 08:51:07,2025-10-14 08:51:10,188
4136,CS-GO,Positive,one of my favorite recorded clutchs prolly,2025-10-14 08:51:07,2025-10-14 08:51:10,42
4136,CS-GO,Positive,one of my favorite clutch records prolly,2025-10-14 08:51:07,2025-10-14 08:51:10,40
4136,CS-GO,Positive,one of my favorite records,2025-10-14 08:51:07,2025-10-14 08:51:10,26
4136,CS-GO,Positive,one of my favorite recorded clutchs today,2025-10-14 08:51:07,2025-10-14 08:51:10,41
4136,CS-GO,Positive,one of my favorite recorded clutchs told prolly,2025-10-14 08:51:07,2025-10-14 08:51:10,47
4136,CS-GO,Positive,one of my favorite recorded clutchs from,2025-10-14 08:51:07,2025-10-14 08:51:10,40
4137,CS-GO,Negative,"@CSGO why you removed \"Report Sever\" thing? In yesterdays game me n my buddies had problems with loss and there's nothing we could do with it",2025-10-14 08:51:07,2025-10-14 08:51:10,141
4137,CS-GO,Negative,"@ CSGO why you removed \"Report Sever\"? In yesterday's game my friends had problems with the loss and there's nothing we can do with it",2025-10-14 08:51:07,2025-10-14 08:51:10,134
4137,CS-GO,Negative,"@ CSGO why you removed \"Report Seven\" thing? In yesterdays game me n my buddies had problems with loss and there's nothing we could do with it",2025-10-14 08:51:07,2025-10-14 08:51:10,142
4137,CS-GO,Negative,"@CSGO Had google removed \"Report Sever\" thing? In yesterdays game me n my buddies had problems with loss and there's nothing we CAN do with it",2025-10-14 08:51:07,2025-10-14 08:51:10,142
4137,CS-GO,Negative,"@CSGO And why you removed \" Report Sever \" thing? In every yesterdays game by me n and my football buddies never had problems with loss and there's nothing we could do again with it",2025-10-14 08:51:07,2025-10-14 08:51:10,181
4137,CS-GO,Negative,"@CSGO why you use \"Report for\" thing? In first game me n my buddies had problem with loss and find's nothing we could do with it",2025-10-14 08:51:07,2025-10-14 08:51:10,128
4138,CS-GO,Neutral,@CSGO Found a Dangerzone Bug. 1. Join a Game of Dangerzone. 2. Wait until Perk selection. 4. When the Timer runs out to select a perk quickly click between both of the desired perks while the screen fades out.. 5. Have 2 Perks at the start of the Game,2025-10-14 08:51:07,2025-10-14 08:51:10,251
4138,CS-GO,Neutral,@ CSGO Found a Dangerzone Bug. 1. Join a Game of Dangerzone. 2. Wait until Perk selection. 4. When the timer runs out to select a perk quick click between both of the desired perks while the screen fades.. 5. Have 2 perks at the start of the game,2025-10-14 08:51:07,2025-10-14 08:51:10,246
4138,CS-GO,Neutral,@ CSGO Found a Dangerzone Bug. 1. Join Dangerzone. 2. Wait until Perk is selected. 4. When the timer is over to select perk quickly click between the two desired perks until the screen fades.. 5. Have 2 Perks at the start of the game,2025-10-14 08:51:07,2025-10-14 08:51:10,233
4138,CS-GO,Neutral,@CSGO Found a Dangerzone Bug. 1. Join a Game of Choice. 2. Delay until Perk selection. 4. When the Timer runs out to select a perk quickly click on both of the desired two while the screen fades... 5. Have 2 Perks BEFORE the start of the Game,2025-10-14 08:51:07,2025-10-14 08:51:10,242
4138,CS-GO,Neutral,@CSGO Found a Perfect Dangerzone 3 Bug. 1 1. Join onto a Game of Dangerzone. 2. Wait until Perk selection. 6 4. When is the Timer runs out to select a perk a quickly click comes between both of the desired perks immediately while the screen fades out.. 5. Have 2 Perks at the start of the Game Game,2025-10-14 08:51:07,2025-10-14 08:51:10,298
4138,CS-GO,Neutral,@CSGO<unk> a Dangerzone Bug. 1. Join a Game of Dangerzone. 2. Wait until Perk expires. 4. When the Timer is out to select a perk quickly switching between both for the desired players while the screen fades out.. 5. Have 2 Perks and all start of this Game,2025-10-14 08:51:07,2025-10-14 08:51:10,255
4139,CS-GO,Irrelevant,Best sporting events to attend:. 1. Boxing/UFC Super-fight. 2. CSGO Major . 3. Super Bowl . 4. World Cup Final . 5. NBA Finals Game 7,2025-10-14 08:51:07,2025-10-14 08:51:10,133
4139,CS-GO,Irrelevant,Best Sports Events: 1. Boxing / UFC Super Fight. 2. CSGO Major. 3. Super Bowl. 4. World Cup Final. 5. NBA Finals Game 7,2025-10-14 08:51:07,2025-10-14 08:51:10,119
4139,CS-GO,Irrelevant,The best sports events to visit: 1. Boxing / UFC Super-fight. 2. CSGO Major. 3. Super Bowl. 4. World Cup Final. 5. NBA Finals Game 7,2025-10-14 08:51:07,2025-10-14 08:51:10,132
4139,CS-GO,Irrelevant,Best sports events to attend:. 1. Boxing/UFC Super-fight. 2. CSGO Major. 3. Super Bowl. 4. World Championship Final. 5. NBA Video Game 7,2025-10-14 08:51:07,2025-10-14 08:51:10,136
4139,CS-GO,Irrelevant,Best 2 sporting events to attend :. 1. Boxing / UFC 2nd Super - Zero fight. 2. CSGO NBA Major. 3. Super Bowl. 4. World Cup Division Final. 6 5. 2003 NBA Finals Game 0 7,2025-10-14 08:51:07,2025-10-14 08:51:10,168
4139,CS-GO,Irrelevant,these sporting events to attend:. 1. Boxing/UFC Super-fight. 2. Champions Shield. Drama. Pro Bowl. 4. World Grand Final. 5. NBA Finals Game 7,2025-10-14 08:51:07,2025-10-14 08:51:10,141
4140,CS-GO,Neutral,"Ranking up to global is a massive grind, not that it's too difficult but god damn. Can I please just get global back after this game? .  @CSGO pic.twitter.com/lZGMBymp3M",2025-10-14 08:51:07,2025-10-14 08:51:10,169
4140,CS-GO,Neutral,"Getting to the top of the world is a daunting challenge, not that it's too difficult, but damn it, can I just go global again after this game?. @ CSGO pic.twitter.com / lZGMBymp3M",2025-10-14 08:51:07,2025-10-14 08:51:10,179
4140,CS-GO,Neutral,Can globality be restored after this game?. @ CSGO pic.facebook.com / lZGMBymp3M,2025-10-14 08:51:07,2025-10-14 08:51:10,80
4140,CS-GO,Neutral,"Ranking up to global is a massive grind, not that it's too difficult but god damn. Can I please just get global back after this game? .  RhandlerR pic.twitter.com/lZGMBymp3M",2025-10-14 08:51:07,2025-10-14 08:51:10,173
4140,CS-GO,Neutral,"The Ranking up to global is a massive grind, not that it's too difficult but god damn. Can I please just get global back after this game? .  RhandlerR pic.twitter.com/lZGMBymp3M",2025-10-14 08:51:07,2025-10-14 08:51:10,177
4140,CS-GO,Neutral,A,2025-10-14 08:51:07,2025-10-14 08:51:10,1
4141,CS-GO,Neutral,@Thorin herro mr autistic ginger san. Any csgo teams look8ng for good igl?. I hav 200 iq and degree of memology feom university of kekistan. I maek good kalashnikov. And I always buy revolver first round.,2025-10-14 08:51:07,2025-10-14 08:51:10,204
4141,CS-GO,Neutral,@ Thorin herro mr autistic ginger san. All csgo teams look8ng for good igl?. I hav 200 iq and degree of memology feom university kekistan. I maek good kalashnikov. And I always buy turret first round.,2025-10-14 08:51:07,2025-10-14 08:51:10,200
4141,CS-GO,Neutral,@ Therro mr autistic ginger. Any team looking for a good needle?.I have 200 icons and a degree in memorabilia from Kekia Feudal University. I'm a good Shashnikov maek. And I always buy a first-round revolver.,2025-10-14 08:51:07,2025-10-14 08:51:10,208
4141,CS-GO,Neutral,@Thorin k mr autistic p san. Any csgo teams look8ng for good igl?. My hav 200 iq and degree m memology feom university of kekistan. I maek take fights. And I always buy revolver first round.,2025-10-14 08:51:07,2025-10-14 08:51:10,190
4141,CS-GO,Neutral,@Thorin herro is mr autistic but ginger san. Any csgo in teams look8ng for good igl?. I hav in 200 million iq and degree of memology feom university of world kekistan. I maek have good kalashnikov. And I always only buy full revolver in first round.,2025-10-14 08:51:07,2025-10-14 08:51:10,249
4141,CS-GO,Neutral,@Thorin herro mr autistic ginger san. Any young guy look8ng for good igl?. Only hav 200 iq and depth of memology feom experience of kekistan. Hi maek a kalashnikov. Our kids always buy it first round.,2025-10-14 08:51:07,2025-10-14 08:51:10,200
4142,CS-GO,Irrelevant,@Team__Spirit is rolling from match to match. Now they beat another tier 1 team (@TeamVitality) 2-1 after very interesting maps. I hope they will andvance. They do a great job..,2025-10-14 08:51:07,2025-10-14 08:51:10,179
4142,CS-GO,Irrelevant,@ Team _ _ Spirit rolls from game to game. Now they beat another team (@ TeamVitality) 2-1 after very interesting cards. I hope they will andvance. They are doing a great job.,2025-10-14 08:51:07,2025-10-14 08:51:10,175
4142,CS-GO,Irrelevant,@ Team _ _ Spirit is rolling from match to match. Now they beat another first-tier team (@ Vitality) 2-1 after a very interesting mapping exercise.,2025-10-14 08:51:07,2025-10-14 08:51:10,147
4142,CS-GO,Irrelevant,@Team__Spirit is ascending from match to match. Now they beat another tier two team (@TeamVitality) 2-1 after very interesting maps. I hope they will andvance. Still do a phenomenal job..,2025-10-14 08:51:07,2025-10-14 08:51:10,187
4142,CS-GO,Irrelevant,@Team__Spirit is relentless rolling from match to bloody match. Now again they beat another tier 1 team ( @TeamVitality) 2 - 1 and after being very interesting maps. I just hope they know will andvance. They could do such a great job..,2025-10-14 08:51:07,2025-10-14 08:51:10,235
4142,CS-GO,Irrelevant,@Team__Spirit played bad from match to match. Now they beat another tier 1 outfit (@TeamVitality) 2-1 after very interesting games. I hope I will andvance. They played a nice job..,2025-10-14 08:51:07,2025-10-14 08:51:10,180
4143,CS-GO,Neutral,Dead guy made Blue things overrated in CSGO.,2025-10-14 08:51:07,2025-10-14 08:51:10,44
4143,CS-GO,Neutral,Dead guy did Blue Things in CSGO overrated.,2025-10-14 08:51:07,2025-10-14 08:51:10,43
4143,CS-GO,Neutral,Dead Man Made Blue Things Overrated in CSGO.,2025-10-14 08:51:07,2025-10-14 08:51:10,44
4143,CS-GO,Neutral,Dead guy made Blue team overrated in CSGO.,2025-10-14 08:51:07,2025-10-14 08:51:10,42
4143,CS-GO,Neutral,Dead old guy made Big Blue things overrated in CSGO.,2025-10-14 08:51:07,2025-10-14 08:51:10,52
4143,CS-GO,Neutral,Dead guy says Blue things overrated in CSGO.,2025-10-14 08:51:07,2025-10-14 08:51:10,44
4144,CS-GO,Positive,Csgo always looked really fun but I cannot aim for shit lol. . Fps as a whole is just not my thing but it looks so fun,2025-10-14 08:51:07,2025-10-14 08:51:10,118
4144,CS-GO,Positive,"Csgo always looked very funny, but I can't take aim at shit lol.. Fps as a whole just isn't my thing, but it looks so funny.",2025-10-14 08:51:07,2025-10-14 08:51:10,124
4144,CS-GO,Positive,CSgo always looked really fun but I cannot aim for shit lol.. Fps as a whole is just not my thing but it looks so fun,2025-10-14 08:51:07,2025-10-14 08:51:10,117
4144,CS-GO,Positive,Csgo has looked really fun but I already aim for shit lol.. Fps as a whole is just not my thing but his looks so fun,2025-10-14 08:51:07,2025-10-14 08:51:10,116
4144,CS-GO,Positive,Csgo now always looked really fun but I cannot really aim for shit lol.. Fps as a whole it is just not like my normal thing here but it looks so fun,2025-10-14 08:51:07,2025-10-14 08:51:10,148
4144,CS-GO,Positive,Csgo always looked really fun but I cannot aim after that lol.. Fps as taking whole is just not personal thing but it looks so fun,2025-10-14 08:51:08,2025-10-14 08:51:10,130
4145,CS-GO,Neutral,.  Bubzjki loses it after dying,2025-10-14 08:51:08,2025-10-14 08:51:10,33
4145,CS-GO,Neutral,. Bubzjki loses it after his death,2025-10-14 08:51:08,2025-10-14 08:51:10,34
4145,CS-GO,Neutral,Bubrzyki loses it after death.,2025-10-14 08:51:08,2025-10-14 08:51:10,30
4145,CS-GO,Neutral,.  Bubzjki loses teeth after dying,2025-10-14 08:51:08,2025-10-14 08:51:10,34
4145,CS-GO,Neutral,. Bubzjki loses and it after nearly dying,2025-10-14 08:51:08,2025-10-14 08:51:10,41
4145,CS-GO,Neutral,. Bubzjki loses face after dying,2025-10-14 08:51:08,2025-10-14 08:51:10,32
4146,CS-GO,Neutral,sloppy awpy,2025-10-14 08:51:08,2025-10-14 08:51:10,14
4146,CS-GO,Neutral,Sloppy,2025-10-14 08:51:08,2025-10-14 08:51:10,6
4146,CS-GO,Neutral,slovenly slovenly,2025-10-14 08:51:08,2025-10-14 08:51:10,17
4146,CS-GO,Neutral,sloppy boy,2025-10-14 08:51:08,2025-10-14 08:51:10,10
4146,CS-GO,Neutral,sloppy like awpy,2025-10-14 08:51:08,2025-10-14 08:51:10,16
4146,CS-GO,Neutral,<unk> awpy,2025-10-14 08:51:08,2025-10-14 08:51:10,10
4147,CS-GO,Positive,clips.twitch.tv/PerfectHelples… NICE GAME LOL @CSGO,2025-10-14 08:51:08,2025-10-14 08:51:10,51
4147,CS-GO,Positive,clips.twitch.tv / PerfectHelples... NICE GAME LOL @ CSGO,2025-10-14 08:51:08,2025-10-14 08:51:10,56
4147,CS-GO,Positive,clips.tch.tv / PerfectHelples... NICE GAME LOL @ CSGO,2025-10-14 08:51:08,2025-10-14 08:51:10,53
4147,CS-GO,Positive,clips.twitch.tv/PerfectHelples… NICE GAME LOL RhandlerR,2025-10-14 08:51:08,2025-10-14 08:51:10,55
4147,CS-GO,Positive,US clips.twitch.tv/PerfectHelples… NICE GAME LOL RhandlerR,2025-10-14 08:51:08,2025-10-14 08:51:10,58
4147,CS-GO,Positive,are,2025-10-14 08:51:08,2025-10-14 08:51:10,3
4148,CS-GO,Positive,Join,2025-10-14 08:51:08,2025-10-14 08:51:10,6
4148,CS-GO,Positive,nan,2025-10-14 08:51:08,2025-10-14 08:51:10,3
4148,CS-GO,Positive,Join us,2025-10-14 08:51:08,2025-10-14 08:51:10,7
4148,CS-GO,Positive,Join,2025-10-14 08:51:08,2025-10-14 08:51:10,4
4148,CS-GO,Positive,Miss Join,2025-10-14 08:51:08,2025-10-14 08:51:10,9
4148,CS-GO,Positive,you,2025-10-14 08:51:08,2025-10-14 08:51:10,3
4149,CS-GO,Positive,Idk why people play valorant instead of csgo or overwatch what a fucked up copy cat game,2025-10-14 08:51:08,2025-10-14 08:51:10,88
4149,CS-GO,Positive,Idk why people play valorant instead of csgo or overwatch what a fucked up copy cat game,2025-10-14 08:51:08,2025-10-14 08:51:10,88
4149,CS-GO,Positive,Idk why people play valorant instead of csgo or overwatch what a fucked up copy cat game,2025-10-14 08:51:08,2025-10-14 08:51:10,88
4149,CS-GO,Positive,Idk why people play valorant instead of csgo or not what a fucked down copy cat game,2025-10-14 08:51:08,2025-10-14 08:51:10,84
4149,CS-GO,Positive,Idk why people play valorant game instead of csgo or overwatch what seemed a bloody fucked thing up copy cat game,2025-10-14 08:51:08,2025-10-14 08:51:10,113
4149,CS-GO,Positive,listened to people play valorant instead of csgo or overwatch what a fucked up copy cat there,2025-10-14 08:51:08,2025-10-14 08:51:10,93
4150,CS-GO,Positive,Good luck < 3,2025-10-14 08:51:08,2025-10-14 08:51:10,13
4150,CS-GO,Positive,Good luck < 3,2025-10-14 08:51:08,2025-10-14 08:51:10,13
4150,CS-GO,Positive,Good luck to you; 3.,2025-10-14 08:51:08,2025-10-14 08:51:10,20
4150,CS-GO,Positive,Good luck in 3,2025-10-14 08:51:08,2025-10-14 08:51:10,14
4150,CS-GO,Positive,Good evil luck < 3,2025-10-14 08:51:08,2025-10-14 08:51:10,18
4150,CS-GO,Positive,bad luck < 3,2025-10-14 08:51:08,2025-10-14 08:51:10,12
4151,CS-GO,Positive,Nice afternoon CS:GO hit thanks to the awesome info from the,2025-10-14 08:51:08,2025-10-14 08:51:10,62
4151,CS-GO,Positive,Nice afternoon CS: GO-Hit thanks to the great information from the,2025-10-14 08:51:08,2025-10-14 08:51:10,66
4151,CS-GO,Positive,Good day CS: GO hit thanks to stunning information from,2025-10-14 08:51:08,2025-10-14 08:51:10,55
4151,CS-GO,Positive,Nice afternoon CS:GO hit thanks to super awesome info from the,2025-10-14 08:51:08,2025-10-14 08:51:10,62
4151,CS-GO,Positive,A Nice afternoon CS : GO hit play thanks to the awesome info from the,2025-10-14 08:51:08,2025-10-14 08:51:10,69
4151,CS-GO,Positive,Nice afternoon CS:GO hit thanks about the awesome info from the,2025-10-14 08:51:08,2025-10-14 08:51:10,63
4152,CS-GO,Negative,@CSGO said anything about the coaches who cheated yet????? Oh still nothing. Love to see the silent,2025-10-14 08:51:08,2025-10-14 08:51:10,99
4152,CS-GO,Negative,"@ CSGO said something about the coaches who still cheated??? Oh, still nothing.",2025-10-14 08:51:08,2025-10-14 08:51:10,79
4152,CS-GO,Negative,@ CSGO said something about coaches who were still cheating??? Oh nothing else.,2025-10-14 08:51:08,2025-10-14 08:51:10,79
4152,CS-GO,Negative,@CSGO said anything about the coaches who cheated yet????? Oh still nothing. Love can silence the silent,2025-10-14 08:51:08,2025-10-14 08:51:10,104
4152,CS-GO,Negative,@CSGO said before anything about hiring the coaches outside who cheated in yet????? Oh still nothing. Love seemed to see the silent,2025-10-14 08:51:08,2025-10-14 08:51:10,131
4152,CS-GO,Negative,@CSGO said anything on the coaches who cheated yet?????<unk> still<unk>. Love to see the silent,2025-10-14 08:51:08,2025-10-14 08:51:10,95
4153,CS-GO,Positive,Help me win this awesome CS:GO giveaway from Idle-Empire! wn.nr/dmjyt5,2025-10-14 08:51:08,2025-10-14 08:51:10,70
4153,CS-GO,Positive,Help me win this great CS: GO raffle from the idle empire! wn.nr / dmjyt5,2025-10-14 08:51:08,2025-10-14 08:51:10,73
4153,CS-GO,Positive,Help me win this amazing CS: GO giveaway from Idle-Empire!,2025-10-14 08:51:08,2025-10-14 08:51:10,58
4153,CS-GO,Positive,Help me win this awesome TL:GO giveaway through Idle-Empire! wn.nr/dmjyt5,2025-10-14 08:51:08,2025-10-14 08:51:10,73
4153,CS-GO,Positive,A Help me win this awesome game CS : GO giveaway from your Idle - Set Empire! wn.... nr / dmjyt5,2025-10-14 08:51:08,2025-10-14 08:51:10,96
4153,CS-GO,Positive,Help me save this awesome CS:GO week at Team-Empire! wn.nr/dmjyt5,2025-10-14 08:51:08,2025-10-14 08:51:10,65
4154,CS-GO,Positive,Help me win this awesome CS:GO giveaway from Idle-Empire! wn.nr/XAtkhn,2025-10-14 08:51:08,2025-10-14 08:51:10,70
4154,CS-GO,Positive,Help me win this great CS: GO sweepstakes from the idle empire! wn.nr / XAtkhn,2025-10-14 08:51:08,2025-10-14 08:51:10,78
4154,CS-GO,Positive,Help me win this amazing CS: GO giveaway from Idle-Empire!,2025-10-14 08:51:08,2025-10-14 08:51:10,58
4154,CS-GO,Positive,Help Jason win this awesome CS:GO giveaway with Idle-Empire! wn.nr/XAtkhn,2025-10-14 08:51:08,2025-10-14 08:51:10,73
4154,CS-GO,Positive,Help me win on this awesome medal CS : the GO giveaway from the Idle - Empire! wn. nr / by XAtkhn,2025-10-14 08:51:08,2025-10-14 08:51:10,97
4154,CS-GO,Positive,lets me win this 2012 CS:GO giveaway of Idle-Empire! wn.nr/XAtkhn,2025-10-14 08:51:08,2025-10-14 08:51:10,65
4155,CS-GO,Irrelevant,Welcome @G2esports @G2NIKO to the,2025-10-14 08:51:08,2025-10-14 08:51:10,35
4155,CS-GO,Irrelevant,Welcome @ G2esports @ G2NIKO to the,2025-10-14 08:51:08,2025-10-14 08:51:10,35
4155,CS-GO,Irrelevant,Welcome @ G2esp @ G2NIKO to,2025-10-14 08:51:08,2025-10-14 08:51:10,27
4155,CS-GO,Irrelevant,Welcome @G2esports<unk> to the,2025-10-14 08:51:08,2025-10-14 08:51:10,30
4155,CS-GO,Irrelevant,ONE Welcome @G2esports @G2NIKO Remember to the,2025-10-14 08:51:08,2025-10-14 08:51:10,46
4155,CS-GO,Irrelevant,Welcome @G2esports and to the,2025-10-14 08:51:08,2025-10-14 08:51:10,29
4156,CS-GO,Neutral,"ESB brings you the top stories in esport and online gaming from around the world, including the latest Dota 2, CS:GO and FIFA n.... .  . esportbet.com/latest-esports…",2025-10-14 08:51:08,2025-10-14 08:51:10,166
4156,CS-GO,Neutral,"ESB brings you the top esport and online gaming stories from around the world, including the latest Dota 2, CS: GO and FIFA n..... esportbet.com / latest-esports...",2025-10-14 08:51:08,2025-10-14 08:51:10,164
4156,CS-GO,Neutral,"ESB brings you the best stories in sports and online games from around the world, including the latest Dota 2, CS: GO and FIFA n..... espbet.com / latest-espbet.com...",2025-10-14 08:51:08,2025-10-14 08:51:10,167
4156,CS-GO,Neutral,"ESB brings you the top stories in esport and online gaming sites around the planet, including the latest Take 2, F:GO and FIFA n..... . esportbet.com/latest-esports…",2025-10-14 08:51:08,2025-10-14 08:51:10,165
4156,CS-GO,Neutral,"ESB brings onto you the top stories in global esport and mainstream online combat gaming titles from around the world, including with the latest Dota 2, CS : GO and The FIFA 2015 n...... esportbet. com / latest - online esports …",2025-10-14 08:51:08,2025-10-14 08:51:10,229
4156,CS-GO,Neutral,"sports brings you the latest stories in esport is online gaming life around these world, all the latest Dota sports, Madden:GO and FIFA n...... esportbet.com/latest-esports...",2025-10-14 08:51:08,2025-10-14 08:51:10,175
4157,CS-GO,Positive,Dude this is so fkin intense like im clutching 1v5 in csgo,2025-10-14 08:51:08,2025-10-14 08:51:10,58
4157,CS-GO,Positive,Dude this is as fkin intense as in clutching 1v5 in csgo,2025-10-14 08:51:08,2025-10-14 08:51:10,56
4157,CS-GO,Positive,Dude this is so fkin intense like im clucking 1v5 in csgo,2025-10-14 08:51:08,2025-10-14 08:51:10,57
4157,CS-GO,Positive,Dude this is so fkin intense like im clutching off in csgo,2025-10-14 08:51:08,2025-10-14 08:51:10,58
4157,CS-GO,Positive,Dude this fight is so exciting fkin intense like im clutching 1v5 in 4 csgo,2025-10-14 08:51:08,2025-10-14 08:51:10,75
4157,CS-GO,Positive,Dude this is so fkin intense like my clutching them in csgo,2025-10-14 08:51:08,2025-10-14 08:51:10,59
4158,CS-GO,Positive,bhopping in csgo is so cozy,2025-10-14 08:51:08,2025-10-14 08:51:10,27
4158,CS-GO,Positive,Baking at the Csgo is so cozy,2025-10-14 08:51:08,2025-10-14 08:51:10,29
4158,CS-GO,Positive,It's so cozy at csgo,2025-10-14 08:51:08,2025-10-14 08:51:10,20
4158,CS-GO,Positive,bhopping in csgo is so weird,2025-10-14 08:51:08,2025-10-14 08:51:10,28
4158,CS-GO,Positive,bhopping in this csgo is so completely cozy,2025-10-14 08:51:08,2025-10-14 08:51:10,43
4158,CS-GO,Positive,bhopping in Hawaii is so cozy,2025-10-14 08:51:08,2025-10-14 08:51:10,29
4159,CS-GO,Irrelevant,"I didn't mention it last night, but I will say something now, Overwatch League's production on day one was absolute crap! Transitions were awful and still ads popped up during an actual match. Don't care what esport, or sport in general it is, that is inexcusable.",2025-10-14 08:51:08,2025-10-14 08:51:10,266
4159,CS-GO,Irrelevant,"I didn't mention it last night, but I'm going to say something now: The Overwatch League production on the first day was absolute crap! Transitions were terrible and commercials still popped up during an actual game. No matter what sport it is, that's unforgivable.",2025-10-14 08:51:08,2025-10-14 08:51:10,265
4159,CS-GO,Irrelevant,"I didn't mention it last night, but now I'll say something, the production of Overwatch League on the first day was absolute crap! The transitions were terrible and are still advertised during the match itself.",2025-10-14 08:51:08,2025-10-14 08:51:10,210
4159,CS-GO,Irrelevant,"I didn't mention it last season, but I will and so now, Overwatch League's production on day one was absolute crap! Transitions smelled horrible and still ads popped up during an actual match. Don't care what esport, individual sport in general it is, that is inexcusable.",2025-10-14 08:51:08,2025-10-14 08:51:10,272
4159,CS-GO,Irrelevant,"And I didn't mention it last Thursday night, but I personally will say something now, Overwatch Premier League's production on till day one was absolute crap! Transitions recently were awful and still ads popped up during an actual match. Don't care what esport, or the sport in most general it is, that news is so inexcusable.",2025-10-14 08:51:08,2025-10-14 08:51:10,327
4159,CS-GO,Irrelevant,"I didn't mention it over night, but I will say better now, Overwatch League's production on day one was pure garbage! Rules were awful and fake ads popped even during an actual match. What't care what esport, or nothing in general it is, that is inexcusable.",2025-10-14 08:51:08,2025-10-14 08:51:10,258
4160,CS-GO,Positive,I’m really proud and excited by this - it goes completely in line with our visions! Welcome aboard my friends! .,2025-10-14 08:51:08,2025-10-14 08:51:10,113
4160,CS-GO,Positive,I am really proud and excited about it - it corresponds perfectly to our visions! Welcome aboard my friends!,2025-10-14 08:51:08,2025-10-14 08:51:10,108
4160,CS-GO,Positive,I'm very proud and excited about it - it's completely in line with our vision! Welcome on board my friends!.,2025-10-14 08:51:08,2025-10-14 08:51:10,108
4160,CS-GO,Positive,I’m really proud and excited by this as it goes directly in line with our visions! Welcome aboard my friends!.,2025-10-14 08:51:08,2025-10-14 08:51:10,110
4160,CS-GO,Positive,I... ’ absolutely m really proud and excited by this - if it goes completely in line with both our visions! Welcome aboard present my friends!.,2025-10-14 08:51:08,2025-10-14 08:51:10,143
4160,CS-GO,Positive,I’m so proud and excited by this - it goes completely opposite line as her visions! Welcome aboard my friends!.,2025-10-14 08:51:08,2025-10-14 08:51:10,111
4161,CS-GO,Irrelevant,@Nadeshot when he has to watch the CSGO team he just sold play lights out in a Grand Final. oh he was also publicly forced to watch it instead of playing the cold war beta,2025-10-14 08:51:08,2025-10-14 08:51:10,173
4161,CS-GO,Irrelevant,"@ Nadeshot when he has to watch the CSGO team he just sold in a Grand Final. Oh, he was also publicly forced to watch it instead of playing the beta of the Cold War.",2025-10-14 08:51:08,2025-10-14 08:51:10,165
4161,CS-GO,Irrelevant,"@ NHL shot back when he had to watch the CSGO team, he just sold out the lights at the Bolshoi Theatre.",2025-10-14 08:51:08,2025-10-14 08:51:10,103
4161,CS-GO,Irrelevant,@Nadeshot when he has kids watch his CSGO team it just sold play lights out in a Grand Final. oh he was also publicly forced to watch it instead of playing the cold war beta,2025-10-14 08:51:08,2025-10-14 08:51:10,173
4161,CS-GO,Irrelevant,@Nadeshot got when they he has to watch the CSGO team he had just sold play and lights this out in a Grand Division Final. oh he I was also publicly forced not to watch it instead of playing the cold war beta,2025-10-14 08:51:08,2025-10-14 08:51:10,208
4161,CS-GO,Irrelevant,@Nadeshot when he has gone watch the CSGO team he just has play lights out into a Grand Final. oh he was later publicly forced to watch it instead by having the cold war beta,2025-10-14 08:51:08,2025-10-14 08:51:10,174
4162,CS-GO,Positive,decided ima main csgo. my mentality is legit broken because of my pc and this last week I’ve been enjoying the game so much,2025-10-14 08:51:08,2025-10-14 08:51:10,123
4162,CS-GO,Positive,My mentality is legitimately broken because my PC and this last week I enjoyed the game so much.,2025-10-14 08:51:08,2025-10-14 08:51:10,96
4162,CS-GO,Positive,decided ima main csgo. my mentality is legit broken because of my pc and this last week I've been enjoying the game so much,2025-10-14 08:51:08,2025-10-14 08:51:10,123
4162,CS-GO,Positive,decided ima main e. my mentality already legit broken instead of my pc and this last week I’ve been enjoying the game so much,2025-10-14 08:51:08,2025-10-14 08:51:10,125
4162,CS-GO,Positive,decided on ima main csgo. my mentality is getting legit broken out because all of my pc and this... last week I ’ ve been enjoying at the game so much,2025-10-14 08:51:08,2025-10-14 08:51:10,150
4162,CS-GO,Positive,decided ima main csgo. my case is legit broken because of my pc and this last week only been enjoying internet game so far,2025-10-14 08:51:08,2025-10-14 08:51:10,122
4163,CS-GO,Irrelevant,Just a heads up to content creators if CSGO Dark reaches out to you they are a scam site :),2025-10-14 08:51:08,2025-10-14 08:51:10,91
4163,CS-GO,Irrelevant,"When CSGO Dark approaches you, they are a scam site:)",2025-10-14 08:51:08,2025-10-14 08:51:10,53
4163,CS-GO,Irrelevant,Just head to content creators if CSGO Dark appeals to you they are a scam site:),2025-10-14 08:51:08,2025-10-14 08:51:10,80
4163,CS-GO,Irrelevant,Just a heads *** to content creators if CSGO Alliance reaches out to you they are a scam site :),2025-10-14 08:51:08,2025-10-14 08:51:10,96
4163,CS-GO,Irrelevant,Just a heads up to content creators... if CSGO Dark reaches things out to you so they are a scam or site : ),2025-10-14 08:51:08,2025-10-14 08:51:10,108
4163,CS-GO,Irrelevant,Just a pop up from content creators if CSGO Dark reaches out to you they are a popular site :),2025-10-14 08:51:08,2025-10-14 08:51:10,94
4165,CS-GO,Negative,"@CSGO yo i've queued for breach for the operation shattered web mission for 100 min, still cant find a game??? pic.twitter.com/E2fgi67qlU",2025-10-14 08:51:08,2025-10-14 08:51:10,137
4165,CS-GO,Negative,"@ CSGO yo I've been queuing for the injury for running smashed web mission for 100 min, still can't find a game??? pic.twitter.com / E2fgi67qlU",2025-10-14 08:51:08,2025-10-14 08:51:10,143
4165,CS-GO,Negative,"@ CSGO yo I've gotten for break for the operation shweb mission for 100 min, still cant find a game??? pic.facebook.com / E2fgi67qlU",2025-10-14 08:51:08,2025-10-14 08:51:10,132
4165,CS-GO,Negative,"RhandlerR yo i've queued for breach for the operation shattered web mission for 100 min, still cant find a game??? pic.twitter.com/E2fgi67qlU",2025-10-14 08:51:08,2025-10-14 08:51:10,141
4165,CS-GO,Negative,"W RhandlerR yo i've queued for breach for the operation shattered web mission for 100 min, still cant find a game??? pic.twitter.com/E2fgi67qlU",2025-10-14 08:51:08,2025-10-14 08:51:10,143
4165,CS-GO,Negative,I,2025-10-14 08:51:08,2025-10-14 08:51:10,1
4166,CS-GO,Irrelevant,Happy bday to my fav csgo pro player @jamesb_bower have a good one love ya homie.,2025-10-14 08:51:08,2025-10-14 08:51:10,82
4166,CS-GO,Irrelevant,Congratulations to my favourite player @ jamesb _ bower who is csgo pro.,2025-10-14 08:51:08,2025-10-14 08:51:10,72
4166,CS-GO,Irrelevant,Happy bday to my fav csgo pro player @ jamesb _ power have a good one love ya homie.,2025-10-14 08:51:08,2025-10-14 08:51:10,84
4166,CS-GO,Irrelevant,Happy bday to i fav csgo pro player @jamesb_bower have one good one love ya homie.,2025-10-14 08:51:08,2025-10-14 08:51:10,82
4166,CS-GO,Irrelevant,13 Happy bday wedding to my fav csgo pro player @jamesb_bower just have yourself a good one love me ya homie.,2025-10-14 08:51:08,2025-10-14 08:51:10,109
4166,CS-GO,Irrelevant,Happy bday to my fav dvd file player please have a wonderful one love ya homie.,2025-10-14 08:51:08,2025-10-14 08:51:10,79
4167,CS-GO,Positive,"Tagged by @brntwllm  . . fave games i've played, enjoyed the most and remembered. . Every Tekken game. MVC 2. Runescape. Pokemon Black & White. Destiny. CSGO. COD Black Ops 2. SF3 Third Strike. DJMax Technika 2. Crash Bandicoot: The Wrath of Cortex. Kingdom Hearts 2. Night in the Woods",2025-10-14 08:51:08,2025-10-14 08:51:10,286
4167,CS-GO,Positive,"Tagged by @ brntwllm.. favorite games I've played, the ones I've enjoyed the most and the ones I remember the most.. Every Tekken game. MVC 2. Runescape. Pokemon Black & White. Destiny. CSGO. COD Black Ops 2. SF3 Third Strike. DJMax Technika 2. Crash Bandicoot: The Wrath of Cortex. Kingdom Hearts 2. Night in the Woods",2025-10-14 08:51:08,2025-10-14 08:51:10,319
4167,CS-GO,Positive,Все игры Tekken. М2. Escape. Pokémon Black-White. Fate. CSGO. COD Black Ops 2. SF3 Third Strike.,2025-10-14 08:51:08,2025-10-14 08:51:10,96
4167,CS-GO,Positive,"Tagged by @brntwllm .. fave games i've played, had the most and remembered.. Every Tekken Kill. MVC 2. Runescape. Pokemon Black & White. Destiny. CSGO. COD Black Ops 2. SF3 Infinite Strike. DJMax Technika 2. Crash Bandicoot: The Wrath of Rivals. Kingdom Quest II. Alice and the Woods",2025-10-14 08:51:08,2025-10-14 08:51:10,283
4167,CS-GO,Positive,"Notes Tagged by Andrew @brntwllm.. fave The games you i've played, enjoyed the most and remembered.. From Every Tekken game. MVC 2. Runescape. Pokemon Black & Lion White. Destiny. CSGO. COD Black Ops 2. SF3... Third Strike. The DJMax Technika 2. Crash Bandicoot : The Full Wrath Forces of Cortex. Kingdom Hearts 2. Night in the Woods",2025-10-14 08:51:08,2025-10-14 08:51:10,333
4167,CS-GO,Positive,"Tagged by @brntwllm.. fave games i've played, enjoyed the most and remembered.. NEW Tekken game. Defender 2. Runescape. Pokemon Black & White. Destiny. 6. COD Black Ops Collection. SF3 Third Strike. DJMax Technika 2. Crash Boy: The Route of Evil. Break Hearts Game. Night By the Woods",2025-10-14 08:51:08,2025-10-14 08:51:10,284
4168,CS-GO,Neutral,I dont use aimbot. Aimbot uses me..,2025-10-14 08:51:08,2025-10-14 08:51:10,37
4168,CS-GO,Neutral,I don't use an Aimbot. Aimbot uses me.,2025-10-14 08:51:08,2025-10-14 08:51:10,38
4168,CS-GO,Neutral,I don't use a bot. Aimbot uses me.,2025-10-14 08:51:08,2025-10-14 08:51:10,34
4168,CS-GO,Neutral,I dont trust aimbot. Aimbot uses me..,2025-10-14 08:51:08,2025-10-14 08:51:10,37
4168,CS-GO,Neutral,I dont use another aimbot. Now Aimbot uses me..,2025-10-14 08:51:08,2025-10-14 08:51:10,47
4168,CS-GO,Neutral,I also use them. Aimbot uses me..,2025-10-14 08:51:08,2025-10-14 08:51:10,33
4169,CS-GO,Neutral,Best Assault Rifle CS: GO 2020  . jeniusgame.com/best-assault-r…,2025-10-14 08:51:08,2025-10-14 08:51:10,64
4169,CS-GO,Neutral,Best assault rifle CS: GO 2020. jeniusgame.com / best-assault-r...,2025-10-14 08:51:08,2025-10-14 08:51:10,66
4169,CS-GO,Neutral,Best Assault Rifle CS: GO 2020.,2025-10-14 08:51:08,2025-10-14 08:51:10,31
4169,CS-GO,Neutral,Best Military Rifle CS: June 2020 . jeniusgame.com/best-assault-r…,2025-10-14 08:51:08,2025-10-14 08:51:10,66
4169,CS-GO,Neutral,Best Defense Assault Rifle CS : GO by 2020. With jeniusgame. com / and best - assault - r …,2025-10-14 08:51:08,2025-10-14 08:51:10,91
4169,CS-GO,Neutral,Sharp Fighting Rifle 2005: GO SH. jeniusgame.com/best-assault-r...,2025-10-14 08:51:08,2025-10-14 08:51:10,66
4170,CS-GO,Negative,Filthy on all levels,2025-10-14 08:51:08,2025-10-14 08:51:10,20
4170,CS-GO,Negative,Dirty things at all levels,2025-10-14 08:51:08,2025-10-14 08:51:10,26
4170,CS-GO,Negative,Dirty at all levels,2025-10-14 08:51:08,2025-10-14 08:51:10,19
4170,CS-GO,Negative,Filthy on multiple levels,2025-10-14 08:51:08,2025-10-14 08:51:10,25
4170,CS-GO,Negative,Filthy on visually all levels,2025-10-14 08:51:08,2025-10-14 08:51:10,29
4170,CS-GO,Negative,us on all levels,2025-10-14 08:51:08,2025-10-14 08:51:10,16
4171,CS-GO,Positive,nan,2025-10-14 08:51:08,2025-10-14 08:51:10,3
4171,CS-GO,Positive,It is not the first time that the EU Commission has taken such a step.,2025-10-14 08:51:08,2025-10-14 08:51:10,70
4171,CS-GO,Positive,"At the same time, despite the fact that there are currently some 100 million people living below the poverty line, most of them do not have access to health services and do not have access to health care, while most of them do not have access to health care.",2025-10-14 08:51:08,2025-10-14 08:51:10,258
4171,CS-GO,Positive,nan,2025-10-14 08:51:08,2025-10-14 08:51:10,3
4171,CS-GO,Positive,nan,2025-10-14 08:51:08,2025-10-14 08:51:10,3
4171,CS-GO,Positive,nan,2025-10-14 08:51:08,2025-10-14 08:51:10,3
4172,CS-GO,Neutral,. MAD Lions are becoming something of a talisman for Flashpoint.  . earlygame.com/flashpoint-sea…,2025-10-14 08:51:08,2025-10-14 08:51:10,97
4172,CS-GO,Neutral,. MAD Lions will be something of a talisman for Flashpoint.. earlygame.com / flashpoint-sea...,2025-10-14 08:51:08,2025-10-14 08:51:10,94
4172,CS-GO,Neutral,MAD Lions become something of a mascot for Fospoint...,2025-10-14 08:51:08,2025-10-14 08:51:10,54
4172,CS-GO,Neutral,. MAD Lions are became something of as talisman for Flashpoint. . earlygame.com/flashpoint-sea…,2025-10-14 08:51:08,2025-10-14 08:51:10,95
4172,CS-GO,Neutral,. that MAD Lions are becoming something of a makeshift talisman group for Team Flashpoint.. to earlygame. com / flashpoint - sea …,2025-10-14 08:51:08,2025-10-14 08:51:10,130
4172,CS-GO,Neutral,. Detroit Lions are not part of a talisman in Flashpoint.. earlygame.com/flashpoint-sea...,2025-10-14 08:51:08,2025-10-14 08:51:10,90
4173,CS-GO,Positive,Loving the changes @CSGO pic.twitter.com/JzT2HBm7pJ,2025-10-14 08:51:08,2025-10-14 08:51:10,51
4173,CS-GO,Positive,Love the changes @ CSGO pic.twitter.com / JzT2HBm7pJ,2025-10-14 08:51:08,2025-10-14 08:51:10,52
4173,CS-GO,Positive,Catching Change @ CSGO pic.wikipedia.org / JzT2m7pJ,2025-10-14 08:51:08,2025-10-14 08:51:10,51
4173,CS-GO,Positive,Loving the changes RhandlerR pic.twitter.com/JzT2HBm7pJ,2025-10-14 08:51:08,2025-10-14 08:51:10,55
4173,CS-GO,Positive,S Loving the changes RhandlerR pic.twitter.com/JzT2HBm7pJ,2025-10-14 08:51:08,2025-10-14 08:51:10,57
4173,CS-GO,Positive,on,2025-10-14 08:51:08,2025-10-14 08:51:10,2
4174,CS-GO,Irrelevant,"Live with some  . . \"why you so toxic\" - random teammate. \"I've fucked your mum\" - My long lost 12 year old father. . Twitch.tv/casualcable",2025-10-14 08:51:08,2025-10-14 08:51:10,139
4174,CS-GO,Irrelevant,"Live with some.. \"why you so toxic\" - random teammate. \"I've fucked your mum\" - My long-lost 12-year-old father.. Twitch.tv / casual cable",2025-10-14 08:51:08,2025-10-14 08:51:10,138
4174,CS-GO,Irrelevant,"\"I fucked your mum\" - My long-lost 12-year-old father... tch.tv / casualcable",2025-10-14 08:51:08,2025-10-14 08:51:10,77
4174,CS-GO,Irrelevant,"Live with some . Feeling \"why you feel toxic\" My random teammate. \"I've fucked your mum\" - My long lost 55 year old father.. Twitch.tv/casualcable",2025-10-14 08:51:08,2025-10-14 08:51:10,146
4174,CS-GO,Irrelevant,"Live with some.. \" Then why call you so toxic \" - random young teammate. \" Because I've fucked your mum \" - My own long lost 12 year of old father.. to Twitch. tv / from casualcable",2025-10-14 08:51:08,2025-10-14 08:51:10,181
4174,CS-GO,Irrelevant,"post here some.. \"why we seem cute\" - random teammate. \"I've been your mum\" - My long lost 12 week old father.. Twitch.tv/casualcable",2025-10-14 08:51:08,2025-10-14 08:51:10,133
4175,CS-GO,Positive,"Lit play, created distance , had the fortitude to let them on sight and look for a different avenue, well done.",2025-10-14 08:51:08,2025-10-14 08:51:10,111
4175,CS-GO,Positive,"Lit play, created distance, had the strength to keep them in sight and look for another way, did well.",2025-10-14 08:51:08,2025-10-14 08:51:10,102
4175,CS-GO,Positive,"Lit play, created distance, had the future to let them on visit and look for a different avenue, well done.",2025-10-14 08:51:08,2025-10-14 08:51:10,107
4175,CS-GO,Positive,"Lit play, created distance, had the fortitude to let them on sight to look for a different avenue, justice done.",2025-10-14 08:51:08,2025-10-14 08:51:10,112
4175,CS-GO,Positive,"Lit play, created distance, had the fortitude to instantly let into them relax on sight alert and look forward for a different avenue, well done.",2025-10-14 08:51:08,2025-10-14 08:51:10,145
4175,CS-GO,Positive,"short play, short drama, or the fortitude to let them on sight and look for a different avenue, well done.",2025-10-14 08:51:08,2025-10-14 08:51:10,106
4176,CS-GO,Irrelevant,the construction of this building has stopped due to corona virus outbreak. @CSGO,2025-10-14 08:51:08,2025-10-14 08:51:10,83
4176,CS-GO,Irrelevant,Construction of this building was halted due to the Coronavirus outbreak. @ CSGO,2025-10-14 08:51:08,2025-10-14 08:51:10,80
4176,CS-GO,Irrelevant,Construction of this building has been halted due to a coronavirus outbreak. @ CSGO,2025-10-14 08:51:08,2025-10-14 08:51:10,83
4176,CS-GO,Irrelevant,the construction of this building had stopped due to corona virus outbreak. @CSGO,2025-10-14 08:51:08,2025-10-14 08:51:10,81
4176,CS-GO,Irrelevant,the ongoing construction of this building has since stopped due to corona virus outbreak outbreak. @CSGO,2025-10-14 08:51:08,2025-10-14 08:51:10,104
4176,CS-GO,Irrelevant,the construction of this building has failed due to corona virus outbreak. I,2025-10-14 08:51:08,2025-10-14 08:51:10,76
4177,CS-GO,Positive,"To all the people who want to play VALORANT and are saying they are gonna pursue it professionally, . . go play 100 hours of CSGO, if you still like the game then I think it would be a good game for you, if you are bored out of your mind I would not recommend pursuing it.",2025-10-14 08:51:08,2025-10-14 08:51:10,272
4177,CS-GO,Positive,"To all those who want to play VALORANT and say that they will follow it professionally,... play 100 hours CSGO, if you still like the game, then I think it would be a good game for you, if your mind gets bored, I would not recommend it.",2025-10-14 08:51:08,2025-10-14 08:51:10,236
4177,CS-GO,Positive,"To all the people who want to play VALORANT and say they're going to do it professionally... go play 100 hours of CSGO, if you still like the game then I think it would be a good game for you if you were born outside of your mind, I wouldn't recommend it.",2025-10-14 08:51:08,2025-10-14 08:51:10,255
4177,CS-GO,Positive,"To all these developers who wanted to continue VALORANT and are saying they are gonna pursue it professionally,.. go play 100 hours pure CSGO, if you still like the game then I think it would be a good game to you, if you are bored out of your mind I would not recommend pursuing it.",2025-10-14 08:51:08,2025-10-14 08:51:10,283
4177,CS-GO,Positive,"To all the people who I want to play VALORANT and are not saying they are gonna help pursue it professionally,.. all go play 100 hours of your CSGO, if you still still like the game then I would think it probably would be a good game for you, if you are bored and out out of your mind I would not recommend pursuing it.",2025-10-14 08:51:08,2025-10-14 08:51:10,319
4177,CS-GO,Positive,"then hear the people who want to play VALORANT and are saying they are for pursue it professionally,.. go through 100 hours of CSGO, if you still like the movie then we found it to be a good game for you, if you are bored out of your mind I would not play for it.",2025-10-14 08:51:08,2025-10-14 08:51:10,263
4178,CS-GO,Irrelevant,Your also dogshit at csgo,2025-10-14 08:51:08,2025-10-14 08:51:10,25
4178,CS-GO,Irrelevant,Her also dogshit at csgo,2025-10-14 08:51:08,2025-10-14 08:51:10,24
4178,CS-GO,Irrelevant,Your also dogshit at csgo,2025-10-14 08:51:08,2025-10-14 08:51:10,25
4178,CS-GO,Irrelevant,Your also found at csgo,2025-10-14 08:51:08,2025-10-14 08:51:10,23
4178,CS-GO,Irrelevant,Your also got dogshit at csgo,2025-10-14 08:51:08,2025-10-14 08:51:10,29
4178,CS-GO,Irrelevant,crap also dogshit at csgo,2025-10-14 08:51:08,2025-10-14 08:51:10,25
4179,CS-GO,Positive,Beautiful Day of CSGO on Draftkings. Only a $58 dollar buy in. pic.twitter.com/yJ54Q872x3,2025-10-14 08:51:08,2025-10-14 08:51:10,89
4179,CS-GO,Positive,Beautiful Day of CSGO on Draftkings. Just $58 dollars to buy in. pic.twitter.com / yJ54Q872x3,2025-10-14 08:51:08,2025-10-14 08:51:10,93
4179,CS-GO,Positive,"CSGO Day at DrawKings. For just $58, go to pic.fox.com / yJ54Q872x3",2025-10-14 08:51:08,2025-10-14 08:51:10,67
4179,CS-GO,Positive,Beautiful Day of CSGO on Draftkings. Only a $58 dollar buy in. pic.twitter.com/yJ54Q872x3,2025-10-14 08:51:08,2025-10-14 08:51:10,89
4179,CS-GO,Positive,and Beautiful Day of CSGO on Draftkings. Only a $58 dollar buy in. pic.twitter.com/yJ54Q872x3,2025-10-14 08:51:08,2025-10-14 08:51:10,93
4179,CS-GO,Positive,me,2025-10-14 08:51:08,2025-10-14 08:51:10,2
4180,CS-GO,Positive,I just love being right pic.twitter.com/GWdneo2rSh,2025-10-14 08:51:08,2025-10-14 08:51:10,50
4180,CS-GO,Positive,I just love being right pic.twitter.com / GWdneo2rSh,2025-10-14 08:51:08,2025-10-14 08:51:10,52
4180,CS-GO,Positive,I just love being right pic.wikipedia.org / GWdneo2rSh,2025-10-14 08:51:08,2025-10-14 08:51:10,54
4180,CS-GO,Positive,I just love being right pic.twitter.com/GWdneo2rSh,2025-10-14 08:51:08,2025-10-14 08:51:10,50
4180,CS-GO,Positive,... I just love being right pic.twitter.com/GWdneo2rSh,2025-10-14 08:51:08,2025-10-14 08:51:10,54
4180,CS-GO,Positive,out,2025-10-14 08:51:08,2025-10-14 08:51:10,3
4181,CS-GO,Positive,"From a casual and competitive perspective, VALORANT is looking promising. CS:GO will always stay undefeated, but in my eyes this is a great substitute. There's 2 things you should keep in mind though:. -This is a competitive game. -No controller support. -Medium learning curve",2025-10-14 08:51:08,2025-10-14 08:51:10,277
4181,CS-GO,Positive,"From a loose and competitive perspective, VALORANT looks promising. CS: GO will always be unbeaten, but in my eyes this is a great replacement. However, there are two things to keep in mind: -This is a competitive game. -No controller support. -Middle learning curve",2025-10-14 08:51:08,2025-10-14 08:51:10,266
4181,CS-GO,Positive,"CS: GO will always be undefeated, but in my eyes it's a great substitute.",2025-10-14 08:51:08,2025-10-14 08:51:10,73
4181,CS-GO,Positive,"From a casual and competitive perspective, VALORANT are incredibly promising. CS:GO will always stay undefeated, but in my eyes this is a great substitute. There's 2 things you should keep from mind though:. League is a competitive game. Try controller sharing. -Medium learning curve",2025-10-14 08:51:08,2025-10-14 08:51:10,284
4181,CS-GO,Positive,"From being a casual shooter and highly competitive perspective, VALORANT is looking promising. CS : GO You will always stay relatively undefeated, but in many my eyes this is a great substitute. There's 2 things else you should keep in mind though :. - Game This is a competitive game. - No controller support. - The Medium learning slow curve",2025-10-14 08:51:08,2025-10-14 08:51:10,343
4181,CS-GO,Positive,"with a casual and critical perspective, VALORANT is visually promising. CS:GO will always contend undefeated, but in my eyes this is a great substitute. There's 2 things you should keep in view though:. -This is a competitive film. -No digital support. -Medium setting and",2025-10-14 08:51:08,2025-10-14 08:51:10,272
4182,CS-GO,Irrelevant,im so sorry for being the best csgo player in the planet idk,2025-10-14 08:51:08,2025-10-14 08:51:10,60
4182,CS-GO,Irrelevant,I'm so sorry to be the best Csgo player on the planet.,2025-10-14 08:51:08,2025-10-14 08:51:10,54
4182,CS-GO,Irrelevant,im so sorry for being the best csgo player in the planet idk,2025-10-14 08:51:08,2025-10-14 08:51:10,60
4182,CS-GO,Irrelevant,im so sorry for being the best csgo<unk> in the planet idk,2025-10-14 08:51:08,2025-10-14 08:51:10,58
4182,CS-GO,Irrelevant,tell im so sorry for being the best csgo player anywhere in the planet... idk,2025-10-14 08:51:08,2025-10-14 08:51:10,77
4182,CS-GO,Irrelevant,so so sorry for being second best csgo player in the planet idk,2025-10-14 08:51:08,2025-10-14 08:51:10,63
4183,CS-GO,Irrelevant,s1mple goat,2025-10-14 08:51:08,2025-10-14 08:51:10,11
4183,CS-GO,Irrelevant,Ragnarok,2025-10-14 08:51:08,2025-10-14 08:51:10,8
4183,CS-GO,Irrelevant,s1pple goat,2025-10-14 08:51:08,2025-10-14 08:51:10,11
4183,CS-GO,Irrelevant,s1mple blog,2025-10-14 08:51:08,2025-10-14 08:51:10,11
4183,CS-GO,Irrelevant,s1mple black goat,2025-10-14 08:51:08,2025-10-14 08:51:10,17
4183,CS-GO,Irrelevant,s1mple of,2025-10-14 08:51:08,2025-10-14 08:51:10,9
4184,CS-GO,Neutral,? @CSGO . . Why does my POV sometimes get spun to the bump mine like that when I throw it and look away? pic.twitter.com/tLc6lzcep7,2025-10-14 08:51:08,2025-10-14 08:51:10,131
4184,CS-GO,Neutral,? @ CSGO.. Why does my POV sometimes turn on the bump mine when I throw it and look away? pic.twitter.com / tLc6lzcep7,2025-10-14 08:51:08,2025-10-14 08:51:10,118
4184,CS-GO,Neutral,? @ CSGO. Why does my POV sometimes twist so much when I drop it and turn away? pic.facebook.com / tLc6lz7,2025-10-14 08:51:08,2025-10-14 08:51:10,106
4184,CS-GO,Neutral,? RhandlerR . . Why does my POV sometimes get spun to the bump mine like that when I throw it and look away? pic.twitter.com/tLc6lzcep7,2025-10-14 08:51:08,2025-10-14 08:51:10,135
4184,CS-GO,Neutral,for ? RhandlerR . . Why does my POV sometimes get spun to the bump mine like that when I throw it and look away? pic.twitter.com/tLc6lzcep7,2025-10-14 08:51:08,2025-10-14 08:51:10,139
4184,CS-GO,Neutral,<unk>,2025-10-14 08:51:08,2025-10-14 08:51:10,5
4185,CS-GO,Neutral,nan,2025-10-14 08:51:08,2025-10-14 08:51:10,3
4185,CS-GO,Neutral,It is not the first time that the EU Commission has taken such a step.,2025-10-14 08:51:08,2025-10-14 08:51:10,70
4185,CS-GO,Neutral,"At the same time, despite the fact that there are currently some 100 million people living below the poverty line, most of them do not have access to health services and do not have access to health care, while most of them do not have access to health care.",2025-10-14 08:51:08,2025-10-14 08:51:10,258
4185,CS-GO,Neutral,nan,2025-10-14 08:51:08,2025-10-14 08:51:10,3
4185,CS-GO,Neutral,nan,2025-10-14 08:51:08,2025-10-14 08:51:10,3
4185,CS-GO,Neutral,nan,2025-10-14 08:51:08,2025-10-14 08:51:10,3
4186,CS-GO,Neutral,Choked in an eco round 30 big L.,2025-10-14 08:51:08,2025-10-14 08:51:10,33
4186,CS-GO,Neutral,Suffocated in a round of 30.,2025-10-14 08:51:08,2025-10-14 08:51:10,28
4186,CS-GO,Neutral,There were 30 big winners in the eco-round.,2025-10-14 08:51:08,2025-10-14 08:51:10,43
4186,CS-GO,Neutral,Choked in an eco round 30 big time.,2025-10-14 08:51:08,2025-10-14 08:51:10,35
4186,CS-GO,Neutral,Choked in on an eco round 30 big to L.,2025-10-14 08:51:08,2025-10-14 08:51:10,38
4186,CS-GO,Neutral,Choked in an eco round way big L.,2025-10-14 08:51:08,2025-10-14 08:51:10,33
4187,CS-GO,Positive,C9 CSGO is back and it feels good to get excited again,2025-10-14 08:51:08,2025-10-14 08:51:10,54
4187,CS-GO,Positive,C9 CSGO is back and it feels good to be back,2025-10-14 08:51:08,2025-10-14 08:51:10,44
4187,CS-GO,Positive,C9 CSGO is back and feels good to be excited again,2025-10-14 08:51:08,2025-10-14 08:51:10,50
4187,CS-GO,Positive,C9 CSGO is back and it seems good to get excited again,2025-10-14 08:51:08,2025-10-14 08:51:10,54
4187,CS-GO,Positive,C9 at CSGO is back and it feels really good to get excited over again,2025-10-14 08:51:08,2025-10-14 08:51:10,69
4187,CS-GO,Positive,C9 CSGO is fun and was feels good to get excited again,2025-10-14 08:51:08,2025-10-14 08:51:10,54
4188,CS-GO,Positive,@CSGO will always be my love but damn @PlayVALORANT has taken all my friends.,2025-10-14 08:51:08,2025-10-14 08:51:10,79
4188,CS-GO,Positive,"@ CSGO will always be my love, but damn @ PlayVALORANT took all my friends with her.",2025-10-14 08:51:08,2025-10-14 08:51:10,84
4188,CS-GO,Positive,@ CSGO will always be my love but hell @ PlayVALORANT took all my friends.,2025-10-14 08:51:08,2025-10-14 08:51:10,74
4188,CS-GO,Positive,@CSGO will always be my love … damn @PlayVALORANT has taken all my friends.,2025-10-14 08:51:08,2025-10-14 08:51:10,75
4188,CS-GO,Positive,My @CSGO will always still be for my love but damn @PlayVALORANT has taken all my former friends.,2025-10-14 08:51:08,2025-10-14 08:51:10,97
4188,CS-GO,Positive,@CSGO would always be still love a damn @PlayVALORANT has taken all my friends.,2025-10-14 08:51:08,2025-10-14 08:51:10,79
4189,CS-GO,Positive,"Really want to get back into a CSGO squad soon, want to keep building on the progress I was making while I was in America. I had the most confidence I've ever had in my career weridly o.O",2025-10-14 08:51:08,2025-10-14 08:51:10,187
4189,CS-GO,Positive,"I really want to get back into a CSGO squad soon, continue to build on the progress I've made during my time in America. I've had the most confidence I've ever had in my career.",2025-10-14 08:51:08,2025-10-14 08:51:10,177
4189,CS-GO,Positive,"I really want to get back on the CSGO team as soon as possible, I want to continue the progress I made when I was in America.",2025-10-14 08:51:08,2025-10-14 08:51:10,125
4189,CS-GO,Positive,"Really want to get back into a CSGO squad soon, want to keep building on whatever progress I was making while I were serving America. I had this most confidence I've ever had in my career weridly o.O",2025-10-14 08:51:08,2025-10-14 08:51:10,199
4189,CS-GO,Positive,"Really want to get back into a top CSGO squad soon, but want support to keep building hands on the progress I was still making while I was in America. I had the most confidence ever I've ever truly had in steering my career weridly o. b O",2025-10-14 08:51:08,2025-10-14 08:51:10,238
4189,CS-GO,Positive,"Really want to get back into her senior squad soon, want to keep rolling on the progress I been making while was was in Canada. I had the most confidence I've ever had in my career here o.O",2025-10-14 08:51:08,2025-10-14 08:51:10,189
4190,CS-GO,Irrelevant,Gotta love turning $1.25 to $280 over @RunPureSports .,2025-10-14 08:51:08,2025-10-14 08:51:10,57
4190,CS-GO,Irrelevant,I love making $1.25 to $280 through @ RunPureSports.,2025-10-14 08:51:08,2025-10-14 08:51:10,52
4190,CS-GO,Irrelevant,I love turning $1.25 into $1.25 for @ RunPureSports.,2025-10-14 08:51:08,2025-10-14 08:51:10,52
4190,CS-GO,Irrelevant,Gotta love turning $1.25 to $280 by @RunPureSports.,2025-10-14 08:51:08,2025-10-14 08:51:10,51
4190,CS-GO,Irrelevant,Gotta love turning $ 1. 25 crore to $ 1 280 million over @RunPureSports.,2025-10-14 08:51:08,2025-10-14 08:51:10,72
4190,CS-GO,Irrelevant,Gotta love turning that.25 to $280 Red @RunPureSports.,2025-10-14 08:51:08,2025-10-14 08:51:10,54
4191,CS-GO,Neutral,I just posted 'Thorin's Thoughts -The CT Punishing Economy and its Implications (CS:GO)' on reddit. reddit.com/r/GlobalOffens…,2025-10-14 08:51:08,2025-10-14 08:51:10,126
4191,CS-GO,Neutral,I just posted on reddit. reddit.com / r / GlobalOpen's' Thorin's Thoughts -The CT Punishing Economy and its Implications (CS: GO)...,2025-10-14 08:51:08,2025-10-14 08:51:10,132
4191,CS-GO,Neutral,I just posted on reddit. reddit.com / r / GlobalOffens' Thoughts -The CT Punishing Home and its Implications (CS: GO) '.,2025-10-14 08:51:08,2025-10-14 08:51:10,120
4191,CS-GO,Neutral,I just posted 'Thorin's Thoughts -The CT BC Game on its Implications (CS:GO)' on reddit. reddit.com/r/GlobalOffens…,2025-10-14 08:51:08,2025-10-14 08:51:10,115
4191,CS-GO,Neutral,So I... just posted'Sarah Thorin's Thoughts - On The New CT Punishing Economy and its Several Implications ( CS : GO )'on her reddit. at reddit. com / r / GlobalOffens page …,2025-10-14 08:51:08,2025-10-14 08:51:10,174
4191,CS-GO,Neutral,I first started 'Thorin's Women -The Gender Punishing Study and its Implications (CS:GO)' on NPR. Visit.com/r/GlobalOffens...,2025-10-14 08:51:08,2025-10-14 08:51:10,125
4192,CS-GO,Positive,"This post got 821 Retweets, that shows you the power of Twitch, CS:GO and Twitter - it's like a perfect combination.",2025-10-14 08:51:08,2025-10-14 08:51:10,116
4192,CS-GO,Positive,"This post got 821 retweets showing you the power of Twitch, CS: GO and Twitter - it's like a perfect combination.",2025-10-14 08:51:08,2025-10-14 08:51:10,113
4192,CS-GO,Positive,"The post garnered 821 retweets, which shows the power of Facebook, CS: GO and Twitter - it's like a perfect combination.",2025-10-14 08:51:08,2025-10-14 08:51:10,120
4192,CS-GO,Positive,"This post got 821 Retweets, that shows you the power of Melee, CS:GO and Twitter - it's absolutely a magnetic combination.",2025-10-14 08:51:08,2025-10-14 08:51:10,122
4192,CS-GO,Positive,"This first post got 821 Retweets, that shows you the power of Twitch, CS : 30 GO and hot Twitter - where it's now like a perfect new combination.",2025-10-14 08:51:09,2025-10-14 08:51:10,145
4192,CS-GO,Positive,"original post receives 821 responses, that shows me the power of Twitch, CS:GO and Twitter - it's like the perfect combination.",2025-10-14 08:51:09,2025-10-14 08:51:10,127
4193,CS-GO,Irrelevant,Can we all admit that @flusha and @goldenmajk are so good at playing and understanding Banana,2025-10-14 08:51:09,2025-10-14 08:51:10,95
4193,CS-GO,Irrelevant,Can we all admit that @ flusha and @ goldenmajk are so good at playing banana and understanding?,2025-10-14 08:51:09,2025-10-14 08:51:10,96
4193,CS-GO,Irrelevant,Can we all admit that @ flusha and @ goldenmajk play and understand Banana so well?,2025-10-14 08:51:09,2025-10-14 08:51:10,83
4193,CS-GO,Irrelevant,Can we all believe that @flusha and @goldenmajk are so good at playing and sharing Banana,2025-10-14 08:51:09,2025-10-14 08:51:10,89
4193,CS-GO,Irrelevant,Can we all admit this that @flusha is and definitely @goldenmajk are so good both at playing and understanding Banana,2025-10-14 08:51:09,2025-10-14 08:51:10,117
4193,CS-GO,Irrelevant,have we openly admit that @flusha and @goldenmajk are so good at playing and singing Banana,2025-10-14 08:51:09,2025-10-14 08:51:10,91
4194,CS-GO,Neutral,CS:GO: Adds new bench on mirage. . Smileybs (on the same fucking day):,2025-10-14 08:51:09,2025-10-14 08:51:10,70
4194,CS-GO,Neutral,CS: GO: Add a new bank on Fata Morgana.. Smileybs (same damn day):,2025-10-14 08:51:09,2025-10-14 08:51:10,66
4194,CS-GO,Neutral,CS: GO: Adds new bench on mirage.. Smileybs (on the same fucking day):,2025-10-14 08:51:09,2025-10-14 08:51:10,70
4194,CS-GO,Neutral,CS:GO: Adds new button on mirage.. Smileybs (on the every fucking day):,2025-10-14 08:51:09,2025-10-14 08:51:10,71
4194,CS-GO,Neutral,CS : IN GO : Adds new bench slides on that mirage.. Smileybs ( on the same hot fucking day ) :,2025-10-14 08:51:09,2025-10-14 08:51:10,94
4194,CS-GO,Neutral,CS:GO: a good bench before mirage.. Smileybs (on the hottest fucking day):,2025-10-14 08:51:09,2025-10-14 08:51:10,74
4195,CS-GO,Negative,WTF THIS GAME,2025-10-14 08:51:09,2025-10-14 08:51:10,15
4195,CS-GO,Negative,WTF THIS GAME,2025-10-14 08:51:09,2025-10-14 08:51:10,13
4195,CS-GO,Negative,WTF THIS GAME,2025-10-14 08:51:09,2025-10-14 08:51:10,13
4195,CS-GO,Negative,WTF VIDEO GAME,2025-10-14 08:51:09,2025-10-14 08:51:10,14
4195,CS-GO,Negative,WTF THIS TO GAME,2025-10-14 08:51:09,2025-10-14 08:51:10,16
4195,CS-GO,Negative,<unk> THIS GAME,2025-10-14 08:51:09,2025-10-14 08:51:10,15
4196,CS-GO,Positive,. FanDuel CSGO. . . . Show goes on. Quick little 3x our money. Continue to slaughter the CSGO game. . . . If you want to join DM.  pic.twitter.com/UgILcK2XOx,2025-10-14 08:51:09,2025-10-14 08:51:10,157
4196,CS-GO,Positive,. FanDuel CSGO... Show goes on. Quick little 3x our money. Continue the slaughter of the CSGO game.... If you want to join DM. pic.twitter.com / UgILcK2XOx,2025-10-14 08:51:09,2025-10-14 08:51:10,155
4196,CS-GO,Positive,. FanDuel CSGO... Show goes on. Quick little 3x our money. Continue to say the CSGO game.... If you want to join DM. pic.facebook.com / UgIlcK2XOx,2025-10-14 08:51:09,2025-10-14 08:51:10,146
4196,CS-GO,Positive,. FanDuel CSGO. . . . Show goes on. Quick little 3x our money. Continue to slaughter the CSGO game. . . . If you want to join DM.  pic.twitter.com/UgILcK2XOx,2025-10-14 08:51:09,2025-10-14 08:51:10,157
4196,CS-GO,Positive,E . FanDuel CSGO. . . . Show goes on. Quick little 3x our money. Continue to slaughter the CSGO game. . . . If you want to join DM.  pic.twitter.com/UgILcK2XOx,2025-10-14 08:51:09,2025-10-14 08:51:10,159
4196,CS-GO,Positive,a,2025-10-14 08:51:09,2025-10-14 08:51:10,1
4197,CS-GO,Neutral,All those nades you throw in CSGO and PUBG and be yelling 'kobeeee'!,2025-10-14 08:51:09,2025-10-14 08:51:10,68
4197,CS-GO,Neutral,"All those noses you throw at CSGO and PUBG and shout \"kobeeee\"!",2025-10-14 08:51:09,2025-10-14 08:51:10,63
4197,CS-GO,Neutral,"You throw all these nads at CSGO and PUBG and shout \"dogs\"!",2025-10-14 08:51:09,2025-10-14 08:51:10,59
4197,CS-GO,Neutral,All those hoops you throw in CSGO and PUBG and be yelling lin'!,2025-10-14 08:51:09,2025-10-14 08:51:10,63
4197,CS-GO,Neutral,All those annoying nades of you throw off in CSGO and then PUBG respectively and be yelling'kobeeee '!,2025-10-14 08:51:09,2025-10-14 08:51:10,102
4197,CS-GO,Neutral,All those nades you throw in CSGO for PUBG and its really 'kobeeee'!,2025-10-14 08:51:09,2025-10-14 08:51:10,68
4198,CS-GO,Negative,UwU gift me random steam games to play cause im broke and csgo is boring,2025-10-14 08:51:09,2025-10-14 08:51:10,72
4198,CS-GO,Negative,UwU gives me random steam games because I'm broke and csgo is boring,2025-10-14 08:51:09,2025-10-14 08:51:10,68
4198,CS-GO,Negative,UwU gift me random steam games to play because it's broken and csgo boring,2025-10-14 08:51:09,2025-10-14 08:51:10,74
4198,CS-GO,Negative,UwU gift me random steam games too play cause im broke and csgo is boring,2025-10-14 08:51:09,2025-10-14 08:51:10,73
4198,CS-GO,Negative,UwU gift me some random steam games to you play cause im broke and im csgo is boring,2025-10-14 08:51:09,2025-10-14 08:51:10,84
4198,CS-GO,Negative,UwU gift me any random games to play cause im broke and csgo is boring,2025-10-14 08:51:09,2025-10-14 08:51:10,70
4199,CS-GO,Positive,"I know I should be studying but fuck it, anyone up for CS Go? pic.twitter.com/hrTIwcvEQM",2025-10-14 08:51:09,2025-10-14 08:51:10,88
4199,CS-GO,Positive,"I know I should study, but fuck it, who wants CS Go? pic.twitter.com / hrTIwcvEQM",2025-10-14 08:51:09,2025-10-14 08:51:10,81
4199,CS-GO,Positive,"I know I should be studying but fuck it, anyone up for CS Go? pic.facebook.com / hrTIwcvEQM",2025-10-14 08:51:09,2025-10-14 08:51:10,91
4199,CS-GO,Positive,"I know I should be studying but fuck it, anyone up for CS Go? pic.twitter.com/hrTIwcvEQM",2025-10-14 08:51:09,2025-10-14 08:51:10,88
4199,CS-GO,Positive,"The I know I should be studying but fuck it, anyone up for CS Go? pic.twitter.com/hrTIwcvEQM",2025-10-14 08:51:09,2025-10-14 08:51:10,92
4199,CS-GO,Positive,my,2025-10-14 08:51:09,2025-10-14 08:51:10,2
4200,CS-GO,Neutral,"pubg, csgo, overwatch, cod: *exists*. fortnite: hello ima kill all of you including a random sandbox game that’s made in 2009",2025-10-14 08:51:09,2025-10-14 08:51:10,125
4200,CS-GO,Neutral,"pubg, csgo, overwatch, cod: * exists *. fortnite: hello ima kill all you including a random sandbox game that's made in 2009",2025-10-14 08:51:09,2025-10-14 08:51:10,124
4200,CS-GO,Neutral,"pubg, csgo, overwatch, cod: * exists *. fortnite: hello ima kill all of you including a random sandbox game that's made in 2009",2025-10-14 08:51:09,2025-10-14 08:51:10,127
4200,CS-GO,Neutral,"pubg, csgo, overwatch, cod:<unk> fortnite: hello ima kill all of you like a random video game that’s made in 2009",2025-10-14 08:51:09,2025-10-14 08:51:10,113
4200,CS-GO,Neutral,"pubg, csgo, overwatch, cod : * exists *. x fortnite : hello ima could kill all three of you including with a random random sandbox game option that ’ s originally made in August 2009",2025-10-14 08:51:09,2025-10-14 08:51:10,182
4200,CS-GO,Neutral,"pubg, csgo, brown, cod: *exists*. fortnite: Has ima kill all of you including a latest movie thing that’s out in 2009",2025-10-14 08:51:09,2025-10-14 08:51:10,117
4201,CS-GO,Neutral,Nearly 4 years after lots of on and off from CSGO I have put 3000 hours into it....Proof that I have no life .  pic.twitter.com/5XzJFOBDKp,2025-10-14 08:51:09,2025-10-14 08:51:10,138
4201,CS-GO,Neutral,"Almost 4 years after many CSGO arrivals and departures, I have invested 3000 hours.... proof that I have no life. pic.twitter.com / 5XzJFOBDKp",2025-10-14 08:51:09,2025-10-14 08:51:10,142
4201,CS-GO,Neutral,"Almost 4 years have passed since I switched CSGO on and off many times, I've put a few hours into it.... Proof that I don't have a life. pic.facebook.com / 5XzJFOBDKp",2025-10-14 08:51:09,2025-10-14 08:51:10,166
4201,CS-GO,Neutral,Nearly 4 years after lots of on and off from CSGO I have put 3000 hours into it....Proof that I have no life .  pic.twitter.com/5XzJFOBDKp,2025-10-14 08:51:09,2025-10-14 08:51:10,138
4201,CS-GO,Neutral,G Nearly 4 years after lots of on and off from CSGO I have put 3000 hours into it....Proof that I have no life .  pic.twitter.com/5XzJFOBDKp,2025-10-14 08:51:09,2025-10-14 08:51:10,140
4201,CS-GO,Neutral,I,2025-10-14 08:51:09,2025-10-14 08:51:10,1
4202,CS-GO,Positive,OMFG LETS GOO,2025-10-14 08:51:09,2025-10-14 08:51:10,13
4202,CS-GO,Positive,OMFG LETS GOO,2025-10-14 08:51:09,2025-10-14 08:51:10,13
4202,CS-GO,Positive,OMFG LETS GOO,2025-10-14 08:51:09,2025-10-14 08:51:10,13
4202,CS-GO,Positive,OMFG LETS KY,2025-10-14 08:51:09,2025-10-14 08:51:10,12
4202,CS-GO,Positive,OMFG IT LETS GOO,2025-10-14 08:51:09,2025-10-14 08:51:10,16
4202,CS-GO,Positive,OMFG LETS IN,2025-10-14 08:51:09,2025-10-14 08:51:10,12
4203,CS-GO,Neutral,".  CS:GO 2020 so far: . . - Mousesports falling off from a clif, nowhere to be found . . . - Na’Vi showed brilliance & disappeared .  . . - Astralis a burned out master class team .  . . - Liquid facing an enormous identity crisis .  . . - Has anyone seen MIBR? Points for trying, but.. .",2025-10-14 08:51:09,2025-10-14 08:51:10,289
4203,CS-GO,Neutral,". CS: GO 2020 so far:... - Mouse sport falling off a cliff, nowhere to be found.... - Na'Vi shone and disappeared.... - Astralis a burnt-out master team.... - Fluid facing an enormous identity crisis.... - Has anyone seen MIBR? Points for trying, but...",2025-10-14 08:51:09,2025-10-14 08:51:10,253
4203,CS-GO,Neutral,CS: GO 2020 so far:.......................................................................................................................................................................................,2025-10-14 08:51:09,2025-10-14 08:51:10,202
4203,CS-GO,Neutral,".  CS:GO 2020 so far:.. - Astral falling off from a clif, nowhere to be perceived.,. - Na’Vi showed brilliance & disappeared. ... : Astralis a lights out master class team. .. - Liquid approaching an enormous identity crisis. .. - Has anyone seen anything? Points for trying, but...",2025-10-14 08:51:09,2025-10-14 08:51:10,282
4203,CS-GO,Neutral,". from CS : GO 2020 so far :.. - The Mousesports falling horizontally off from top a clif, nowhere to be found... - Na ’ and Vi showed laser brilliance & disappeared... - Astralis presented a completely burned out master class team... - Liquid facing is an often enormous identity crisis... - Has anyone seen MIBR? Points for trying, but...",2025-10-14 08:51:09,2025-10-14 08:51:10,340
4203,CS-GO,Neutral,". CS:GO 2020 so far:.. - Mousesports falling in from a clif, nowhere to the known... - Na’Vi interviewed again & disappeared... - About a burnt out master class team... - Liquid facing its enormous identity crisis... - Has somebody seen MIBR? Points for trying, anyone...",2025-10-14 08:51:09,2025-10-14 08:51:10,271
4204,CS-GO,Negative,Probably the most toxic game base besides csgo,2025-10-14 08:51:09,2025-10-14 08:51:10,46
4204,CS-GO,Negative,Probably the most poisonous gaming base besides csgo,2025-10-14 08:51:09,2025-10-14 08:51:10,52
4204,CS-GO,Negative,Perhaps the most toxic gaming base is csgo,2025-10-14 08:51:09,2025-10-14 08:51:10,42
4204,CS-GO,Negative,Probably the most toxic game base besides Madden,2025-10-14 08:51:09,2025-10-14 08:51:10,48
4204,CS-GO,Negative,Probably the fifth most toxic animal game base besides csgo,2025-10-14 08:51:09,2025-10-14 08:51:10,59
4204,CS-GO,Negative,Probably the most toxic game<unk> besides csgo,2025-10-14 08:51:09,2025-10-14 08:51:10,46
4205,CS-GO,Positive,PERFECT GAME,2025-10-14 08:51:09,2025-10-14 08:51:10,12
4205,CS-GO,Positive,PERFECT GAME,2025-10-14 08:51:09,2025-10-14 08:51:10,12
4205,CS-GO,Positive,PERFECT GAME,2025-10-14 08:51:09,2025-10-14 08:51:10,12
4205,CS-GO,Positive,PERFECT<unk>,2025-10-14 08:51:09,2025-10-14 08:51:10,12
4205,CS-GO,Positive,PERFECT THE GAME,2025-10-14 08:51:09,2025-10-14 08:51:10,16
4205,CS-GO,Positive,PERFECT W,2025-10-14 08:51:09,2025-10-14 08:51:10,9
4206,CS-GO,Neutral,@anomalyxd use this for your next dumb ways to play csgo amazon.co.uk/Perixx-PERIPRO…,2025-10-14 08:51:09,2025-10-14 08:51:10,85
4206,CS-GO,Neutral,@ anomalyxd use this as your next stupid way to play csgo amazon.co.uk / Perixx-PERIPRO...,2025-10-14 08:51:09,2025-10-14 08:51:10,90
4206,CS-GO,Neutral,@ anomalyxd use this for your next dumb ways to play csgo amazon.co.uk / Peribbel-PERIPRO...,2025-10-14 08:51:09,2025-10-14 08:51:10,92
4206,CS-GO,Neutral,@anomalyxd use this in your next dumb way to play csgo amazon.co.uk/Perixx-PERIPRO…,2025-10-14 08:51:09,2025-10-14 08:51:10,83
4206,CS-GO,Neutral,See @anomalyxd and use this for your next crazy dumb boy ways to go play csgo amazon. co. uk / Perixx - PERIPRO …,2025-10-14 08:51:09,2025-10-14 08:51:10,113
4206,CS-GO,Neutral,to use this for some next dumb bit to play for amazon.co.uk/Perixx-PERIPRO...,2025-10-14 08:51:09,2025-10-14 08:51:10,77
4207,CS-GO,Neutral,RANKED | OVER 3K HOURS IN CSGO twitch.tv/swishy_fishy,2025-10-14 08:51:09,2025-10-14 08:51:10,53
4207,CS-GO,Neutral,RANKED | ABOUT 3K HOURS IN CSGO twitch.tv / swishy _ fishy,2025-10-14 08:51:09,2025-10-14 08:51:10,58
4207,CS-GO,Neutral,DONE 3 TO THE CHURCH IN CSGO tch.tv / whishy _ fishy,2025-10-14 08:51:09,2025-10-14 08:51:10,52
4207,CS-GO,Neutral,RANKED | OVER 3K HOURS IN CSGO twitch.tv/swishy_fishy,2025-10-14 08:51:09,2025-10-14 08:51:10,53
4207,CS-GO,Neutral,2008 RANKED | OVER 3K HOURS IN CSGO twitch.tv/swishy_fishy,2025-10-14 08:51:09,2025-10-14 08:51:10,58
4207,CS-GO,Neutral,a,2025-10-14 08:51:09,2025-10-14 08:51:10,1
4208,CS-GO,Positive,Can't wait to get started!,2025-10-14 08:51:09,2025-10-14 08:51:10,26
4208,CS-GO,Positive,I can't wait to get started!,2025-10-14 08:51:09,2025-10-14 08:51:10,28
4208,CS-GO,Positive,Can't wait to get started!,2025-10-14 08:51:09,2025-10-14 08:51:10,26
4208,CS-GO,Positive,Can't wait to getting started!,2025-10-14 08:51:09,2025-10-14 08:51:10,30
4208,CS-GO,Positive,Can't he wait to get started!,2025-10-14 08:51:09,2025-10-14 08:51:10,29
4208,CS-GO,Positive,Can't wait lets get started!,2025-10-14 08:51:09,2025-10-14 08:51:10,28
4209,CS-GO,Irrelevant,"@teamsecret Dear Secret. You know that your CS: GO players have huge technical problems. For the second day in a row,Flatro cannot play normally and constantly crashes from the server.Everyone is waiting for him and he can not solve his problems.Prior to this, Percy had problems.",2025-10-14 08:51:09,2025-10-14 08:51:10,280
4209,CS-GO,Irrelevant,"@ teamsecret Dear secret. You know that your CS: GO players have enormous technical problems. For the second day in a row, Flatro cannot play normally and crashes from the server all the time. Everyone is waiting for him and he cannot solve his problems.",2025-10-14 08:51:09,2025-10-14 08:51:10,254
4209,CS-GO,Irrelevant,"@ teamsecret Dear Secret. You know that your CS: GO players have huge technical problems. For the second day in a row, Flatro can't play well and keeps crashing off the server. Everyone is waiting for him and he can't solve his problems.",2025-10-14 08:51:09,2025-10-14 08:51:10,237
4209,CS-GO,Irrelevant,"@teamsecret Dear Secret. You know that your CS: GO game have huge technical problems. For now second day in a row,Flatro cannot play Go and constantly crashes between the crashes.Everyone is waiting off him and he can not solve his problems.Prior to this, Percy had problems.",2025-10-14 08:51:09,2025-10-14 08:51:10,275
4209,CS-GO,Irrelevant,"@teamsecret Dear Secret. You know that even your friend CS : GO players have huge technical problems. For the second day in in almost a row, Flatro cannot play plays normally and constantly crashes from the server. Everyone waiting is eagerly waiting for him and so he can not solve al his problems. Prior just to this, Percy had problems.",2025-10-14 08:51:09,2025-10-14 08:51:10,339
4209,CS-GO,Irrelevant,"@teamsecret<unk> Secret. You found that everyone CS: GO players have huge technical problems. For the second day within a row,Flatro cannot play normally and constantly crashes from all inside.Everyone is looking for Steve and he can not solve his difficulties.Prior to this, Percy had problems.",2025-10-14 08:51:09,2025-10-14 08:51:10,295
4210,CS-GO,Negative,"They have ALWAYS accused good players for cheating, no matter whether it is in DOTA, CS:GO... but they've always failed. They're just excuses to justify own's failures. Demeriting others' work because you haven't accomplished anything. Space bar = challenger, sure.",2025-10-14 08:51:09,2025-10-14 08:51:10,265
4210,CS-GO,Negative,"They have ALWAYS accused good players of cheating, whether in DOTA, CS: GO... but they have always failed, they are just excuses to justify their own failures, to degrade the work of others because you have achieved nothing. Spacebar = Challenger, of course.",2025-10-14 08:51:09,2025-10-14 08:51:10,258
4210,CS-GO,Negative,"They ALWAYS accused good players of cheating, never mind DOTA, CS: GO... but they always failed.",2025-10-14 08:51:09,2025-10-14 08:51:10,96
4210,CS-GO,Negative,"They have ALWAYS accused good teams on cheating, no matter whether it happen in DOTA, CS:GO... but they've rarely failed. They're just excuses to justify own's failures. Demeriting others' work because you haven't accomplished anything. Space bar = challenger, bullshit.",2025-10-14 08:51:09,2025-10-14 08:51:10,270
4210,CS-GO,Negative,"They could have ALWAYS accused really good players for cheating, no short matter whether it is in DOTA, CS : AS GO... but they've always actually failed. They're just excuses to justify own's failures. Demeriting into others'work here because otherwise you haven't always accomplished anything. Space bar bar = challenger, sure.",2025-10-14 08:51:09,2025-10-14 08:51:10,328
4210,CS-GO,Negative,"politicians have ALWAYS accused good players for suck, regardless matter whether it was in DOTA, and:GO... but they've always failed. These're just excuses to justify own's failures. Demeriting cheating' simply because someone haven't accomplished anything. Space fight = challenger, sure.",2025-10-14 08:51:09,2025-10-14 08:51:10,289
4211,CS-GO,Positive,"I love to watch this, no Krieg on T side by Astralis, miss old times :( . @CSGO nerf Krieg pls. pic.twitter.com/AjIPdr3k7M",2025-10-14 08:51:09,2025-10-14 08:51:10,122
4211,CS-GO,Positive,"I love to see this, no war on T side of Astralis, miss old times: (. @ CSGO nerf war pls. pic.twitter.com / AjIPdr3k7M",2025-10-14 08:51:09,2025-10-14 08:51:10,118
4211,CS-GO,Positive,"Love watching it, no, next to Astralis, miss the old days: (. @ CSGO nerf pls. pic.facebook.com / AjIPdr3k7M",2025-10-14 08:51:09,2025-10-14 08:51:10,108
4211,CS-GO,Positive,"I love to watch this, no Krieg on T side by Astralis, miss old times :( . RhandlerR nerf Krieg pls. pic.twitter.com/AjIPdr3k7M",2025-10-14 08:51:09,2025-10-14 08:51:10,126
4211,CS-GO,Positive,"from I love to watch this, no Krieg on T side by Astralis, miss old times :( . RhandlerR nerf Krieg pls. pic.twitter.com/AjIPdr3k7M",2025-10-14 08:51:09,2025-10-14 08:51:10,131
4211,CS-GO,Positive,was,2025-10-14 08:51:09,2025-10-14 08:51:10,3
4212,CS-GO,Negative,CSGO everytime I go 30-20 and still lose,2025-10-14 08:51:09,2025-10-14 08:51:10,40
4212,CS-GO,Negative,CSGO every time I get 30-20 and still lose,2025-10-14 08:51:09,2025-10-14 08:51:10,42
4212,CS-GO,Negative,CSGO every time I go 30-20 and still lose,2025-10-14 08:51:09,2025-10-14 08:51:10,41
4212,CS-GO,Negative,CSGO says I go 30-20 and still lose,2025-10-14 08:51:09,2025-10-14 08:51:10,35
4212,CS-GO,Negative,CSGO everytime I must go 30 - 20 straight and still lose,2025-10-14 08:51:09,2025-10-14 08:51:10,56
4212,CS-GO,Negative,CSGO because I go 30-20 and still lose,2025-10-14 08:51:09,2025-10-14 08:51:10,38
4213,CS-GO,Positive,I played CSGO tonight. I miss grinding the game during the late nights with the homies. .,2025-10-14 08:51:09,2025-10-14 08:51:10,90
4213,CS-GO,Positive,I played CSGO tonight and miss grinding out the game late at night with the homies.,2025-10-14 08:51:09,2025-10-14 08:51:10,83
4213,CS-GO,Positive,I played CSGO tonight. I miss grinding the game during late nights with homies...,2025-10-14 08:51:09,2025-10-14 08:51:10,81
4213,CS-GO,Positive,I played CSGO tonight. I miss grinding your game during the late nights with the playlist..,2025-10-14 08:51:09,2025-10-14 08:51:10,91
4213,CS-GO,Positive,If I played CSGO tonight. I hardly miss grinding around the game during the big late nights with the homies..,2025-10-14 08:51:09,2025-10-14 08:51:10,109
4213,CS-GO,Positive,I played game<unk>. I miss grinding the game during our late nights with the homies..,2025-10-14 08:51:09,2025-10-14 08:51:10,85
4214,CS-GO,Irrelevant,Best pistol player in CS:GO?. .,2025-10-14 08:51:09,2025-10-14 08:51:10,33
4214,CS-GO,Irrelevant,Best Gun Player in CS: GO?..,2025-10-14 08:51:09,2025-10-14 08:51:10,28
4214,CS-GO,Irrelevant,Best pistol player in CS: GO?..,2025-10-14 08:51:09,2025-10-14 08:51:10,31
4214,CS-GO,Irrelevant,Best pistol grip in CS:GO?..,2025-10-14 08:51:09,2025-10-14 08:51:10,28
4214,CS-GO,Irrelevant,Best pistol club player in CS : IS GO?..,2025-10-14 08:51:09,2025-10-14 08:51:10,40
4214,CS-GO,Irrelevant,Best pistol player in 2016:GO?..,2025-10-14 08:51:09,2025-10-14 08:51:10,32
4216,CS-GO,Negative,"So is everyone just happymagically forgetting about the CS:GO lotto scam and going back to idolizing scum when they say pretty things on twitter dot com? Whoopsidoodle, literally scammed thousands kids, but all good, right?",2025-10-14 08:51:09,2025-10-14 08:51:10,223
4216,CS-GO,Negative,"So everyone happily forgets the CS: GO lottery scam and goes back to idolizing scum when they say nice things on twitter dot com? Whoopsidoodle, has cheated literally thousands of kids, but all good, right?",2025-10-14 08:51:09,2025-10-14 08:51:10,206
4216,CS-GO,Negative,So is everyone just happily forgetting about the CS: GO lottery scam and returning to the idolatry of scum when they say nice things online?,2025-10-14 08:51:09,2025-10-14 08:51:10,140
4216,CS-GO,Negative,"So is everyone just happymagically forgetting about the CS:GO lotto scam and going back to loving Starcraft when we say about it on twitter dot com? Whoopsidoodle, literally scammed thousands kids, but all good, right?",2025-10-14 08:51:09,2025-10-14 08:51:10,218
4216,CS-GO,Negative,"So how is everyone just happymagically about forgetting about all the CS : GO fucking lotto scam money and going back to idolizing scum when they say sweet pretty things on a twitter dot com? Whoopsidoodle, they literally scammed off thousands kids, but all sounds good, right?",2025-10-14 08:51:09,2025-10-14 08:51:10,277
4216,CS-GO,Negative,"how is kid just too happy about the CS:GO lotto scam and going back to idolizing scum when they say pretty things over twitter dot com? Whoopsidoodle, literally scammed several kids, but all through, total?",2025-10-14 08:51:09,2025-10-14 08:51:10,206
4217,CS-GO,Positive,So I played CS:GO for the first time last night.... I’m addicted,2025-10-14 08:51:09,2025-10-14 08:51:10,64
4217,CS-GO,Positive,So I played CS: GO for the first time last night.... I'm addicted,2025-10-14 08:51:09,2025-10-14 08:51:10,65
4217,CS-GO,Positive,So I played CS: GO for the first time last night....,2025-10-14 08:51:09,2025-10-14 08:51:10,52
4217,CS-GO,Positive,So I played CS:GO for his first time last night.... I’m addicted,2025-10-14 08:51:09,2025-10-14 08:51:10,64
4217,CS-GO,Positive,I So when I played CS : GO for the first time last Thursday night.... I ’ m already addicted,2025-10-14 08:51:09,2025-10-14 08:51:10,92
4217,CS-GO,Positive,So I tried CS:GO for the first time last Friday.... absolutely addicted,2025-10-14 08:51:09,2025-10-14 08:51:10,71
4218,CS-GO,Irrelevant,"So for like 2 years now, on and off ive been getting spam friend requests on steam from csgo skin related bots. I assume i am on some kind of list of people with \"valuable\" (not anymore) inventories. Now they spam my posted screenshots with this comment. . . Leave me the fuck alone pic.twitter.com/OHTOUSH1Kj",2025-10-14 08:51:09,2025-10-14 08:51:10,309
4218,CS-GO,Irrelevant,"I assume I'm on some list of people with \"valuable\" (no longer existing) inventory. Now, they're spamming my posted screenshots with this comment... Leave me alone pic.twitter.com / OHTOUSH1Kj",2025-10-14 08:51:09,2025-10-14 08:51:10,192
4218,CS-GO,Irrelevant,"So for like 2 years now, on and off ive been getting spam friend requests on steam from csgo skin related bots. I assume i am on some kind of people with \"valuable\" (not anymore) inventories. Now they spam my posted screenshots with this comment... Leave me the fuck alone pic.facebook.com / OHTOUSH1Kj",2025-10-14 08:51:09,2025-10-14 08:51:10,302
4218,CS-GO,Irrelevant,"So for like 2 years now, on and off ive been getting spam friend requests on steam from csgo skin related bots. I assume i am on some kind of list of people with \"valuable\" (not anymore) inventories. Now they spam my posted screenshots with this comment. . . Leave me the fuck alone pic.twitter.com/OHTOUSH1Kj",2025-10-14 08:51:09,2025-10-14 08:51:10,309
4218,CS-GO,Irrelevant,"4 So for like 2 years now, on and off ive been getting spam friend requests on steam from csgo skin related bots. I assume i am on some kind of list of people with \"valuable\" (not anymore) inventories. Now they spam my posted screenshots with this comment. . . Leave me the fuck alone pic.twitter.com/OHTOUSH1Kj",2025-10-14 08:51:09,2025-10-14 08:51:10,311
4218,CS-GO,Irrelevant,I,2025-10-14 08:51:09,2025-10-14 08:51:10,1
4219,CS-GO,Irrelevant,to those who still play csgo in 4:3 in 2020. what the fuck are you doing?,2025-10-14 08:51:09,2025-10-14 08:51:10,73
4219,CS-GO,Irrelevant,to those who still play csgo in 2020 in 4: 3. What the hell are you doing?,2025-10-14 08:51:09,2025-10-14 08:51:10,74
4219,CS-GO,Irrelevant,"For those still playing csgo at 4: 3 in 2022, what are you doing?",2025-10-14 08:51:09,2025-10-14 08:51:10,65
4219,CS-GO,Irrelevant,to those who still played csgo in 4:3 in Russia. what the fuck are you doing?,2025-10-14 08:51:09,2025-10-14 08:51:10,77
4219,CS-GO,Irrelevant,to tell those who still play csgo in 4 : 3 tonight in Miami 2020. what the fuck... are you doing?,2025-10-14 08:51:09,2025-10-14 08:51:10,97
4219,CS-GO,Irrelevant,to those who still play csgo in WWE:3 in 2020. What the fuck a you doing?,2025-10-14 08:51:09,2025-10-14 08:51:10,73
4220,CS-GO,Neutral,Nobody talk to me. Im fucking on one. Day 2 of playing CSGO. pic.twitter.com/J7VaGrkFCD,2025-10-14 08:51:09,2025-10-14 08:51:10,87
4220,CS-GO,Neutral,Day 2 of the CSGO. pic.twitter.com / J7VaGrkFCD,2025-10-14 08:51:09,2025-10-14 08:51:10,47
4220,CS-GO,Neutral,Nobody talks to me. is on one. Second day of the game with CSKA.,2025-10-14 08:51:09,2025-10-14 08:51:10,64
4220,CS-GO,Neutral,Nobody talk to me. Im fucking on one. Day 2 of playing CSGO. pic.twitter.com/J7VaGrkFCD,2025-10-14 08:51:09,2025-10-14 08:51:10,87
4220,CS-GO,Neutral,F Nobody talk to me. Im fucking on one. Day 2 of playing CSGO. pic.twitter.com/J7VaGrkFCD,2025-10-14 08:51:09,2025-10-14 08:51:10,89
4220,CS-GO,Neutral,a,2025-10-14 08:51:09,2025-10-14 08:51:10,1
4221,CS-GO,Neutral,Another CS:GO Workshop Showcase! 🤳. . Check out this incredible AWP Watchdog skin concept by Zaphk & OniLolz! 🤩. . Would you rock it in-game? pic.twitter.com/H5ftPVVL65,2025-10-14 08:51:09,2025-10-14 08:51:10,168
4221,CS-GO,Neutral,Another CS: GO Workshop Showcase!... Check out this incredible AWP Watchdog Skin Concept by Zaphk & OniLolz!.. Would you rock it in-game? pic.twitter.com / H5ftPVVL65,2025-10-14 08:51:09,2025-10-14 08:51:10,166
4221,CS-GO,Neutral,Another CS: GO Showcase!.. Look at this incredible AWP Watchdog Skin concept from Zaphk & OniLs!.. Will you rock it in the game? pic.wikipedia.org / H5PVL65,2025-10-14 08:51:09,2025-10-14 08:51:10,156
4221,CS-GO,Neutral,Another CS:GO Workshop Showcase! 🤳. . Check out this incredible AWP Watchdog skin concept by Zaphk & OniLolz! 🤩. . Would you rock it in-game? pic.twitter.com/H5ftPVVL65,2025-10-14 08:51:09,2025-10-14 08:51:10,168
4221,CS-GO,Neutral,com Another CS:GO Workshop Showcase! 🤳. . Check out this incredible AWP Watchdog skin concept by Zaphk & OniLolz! 🤩. . Would you rock it in-game? pic.twitter.com/H5ftPVVL65,2025-10-14 08:51:09,2025-10-14 08:51:10,172
4221,CS-GO,Neutral,to,2025-10-14 08:51:09,2025-10-14 08:51:10,2
4222,CS-GO,Negative,"@valvesoftware @CSGO. Csgo is filled with loads of hackers man... Its messed up, please put some protection or something it's 2020. How are people using paid hacks in an online game for fuck sake valve do something man....",2025-10-14 08:51:09,2025-10-14 08:51:10,222
4222,CS-GO,Negative,"@ valvesoftware @ CSGO. Csgo is full of hackers man... It's messed up, please put some protection or something that it's 2020. How do people who use paid hacks in an online game for fucking sake valves make something man....",2025-10-14 08:51:09,2025-10-14 08:51:10,224
4222,CS-GO,Negative,"@ valveso @ CSGO. CSgo is filled with loads of people... It's confused, please supply some protection or something else. How do people using paid hackers in an online game to fuck a valve do something human....",2025-10-14 08:51:09,2025-10-14 08:51:10,210
4222,CS-GO,Negative,"@valvesoftware @CSGO. Csgo is filled house loads of hackers man... Its messed up, please put in violence against something it's wrong. How are people using paid hacks in an online game for fuck sake valve do something man....",2025-10-14 08:51:09,2025-10-14 08:51:10,225
4222,CS-GO,Negative,"see @valvesoftware @CSGO. Csgo that is filled packed with loads of other hackers man... you Its messed up, now please put some protection or something it's officially 2020. How are you people using paid hacks in an online game for fuck is sake valve now do something man....",2025-10-14 08:51:09,2025-10-14 08:51:10,274
4222,CS-GO,Negative,"@valvesoftware @CSGO. TV is packed with loads of problems man... Its messed up, please put some protection around something it's 2020. Why are you using paid security in an online game for fuck out valve do<unk> man....",2025-10-14 08:51:09,2025-10-14 08:51:10,219
4223,CS-GO,Neutral,"Our last game in the group stage! . . In a few minutes, we are going LIVE against ENCE. .  Twitch.tv/blastpremier. .  Twitch.tv/pituherranz. .  Twitch.tv/slop3. .",2025-10-14 08:51:09,2025-10-14 08:51:10,164
4223,CS-GO,Neutral,Our last game in the group stage!.. In a few minutes we will play LIVE against ENCE... Twitch.tv / blastpremier.. Twitch.tv / pituherranz... Twitch.tv / slop3.,2025-10-14 08:51:09,2025-10-14 08:51:10,159
4223,CS-GO,Neutral,Our last game in the group stage!.. In a few minutes we will be playing against ENCE... Fech.tv / blastpremier... Fech.tv / pituheralz... Fech.tv / slop3...,2025-10-14 08:51:09,2025-10-14 08:51:10,156
4223,CS-GO,Neutral,"Our last game in the MW today!.. In a few minutes, we<unk> going LIVE against ENCE..  Riot.tv/blastpremier..  Twitch.tv/pituherranz..  Twitch.tv/slop3.!",2025-10-14 08:51:09,2025-10-14 08:51:10,152
4223,CS-GO,Neutral,"« Our last game in of the second group stage!.. In a last few minutes, when we are out going LIVE against ENCE.. the Twitch. A tv / blastpremier.. Twitch. tv / club pituherranz..... Twitch. tv / slop3..",2025-10-14 08:51:09,2025-10-14 08:51:10,202
4223,CS-GO,Neutral,"this one game in the group study!.. In these few games, we prepare to LIVE against ENCE.. On.tv/blastpremier.. Twitch.tv/pituherranz.. HD.tv/slop3..",2025-10-14 08:51:09,2025-10-14 08:51:10,148
4224,CS-GO,Positive,"watching csgo again makes me so sad, just reminds me of an earlier time",2025-10-14 08:51:09,2025-10-14 08:51:10,71
4224,CS-GO,Positive,"Seeing csgo again makes me so sad, just reminds me of an earlier time",2025-10-14 08:51:09,2025-10-14 08:51:10,69
4224,CS-GO,Positive,"watching csgo again makes me so sad, just reminds me of an earlier time",2025-10-14 08:51:09,2025-10-14 08:51:10,71
4224,CS-GO,Positive,"watching csgo again makes everything so sad, just reminds me of an earlier time",2025-10-14 08:51:09,2025-10-14 08:51:10,79
4224,CS-GO,Positive,"watching csgo again makes just me so sad, just reminds me again of during an earlier time",2025-10-14 08:51:09,2025-10-14 08:51:10,89
4224,CS-GO,Positive,"watching you again makes me so sad, just reminds everyone of an earlier time",2025-10-14 08:51:09,2025-10-14 08:51:10,76
4225,CS-GO,Negative,@CSGO valve? It seems that they do not work? I have prime and it touches me with people who do not have prime? and above they are cheats,2025-10-14 08:51:09,2025-10-14 08:51:10,136
4225,CS-GO,Negative,@ CSGO valve? It seems that they do not work? I have Prime and it touches me with people who do not have Prime? and especially they are scammers,2025-10-14 08:51:09,2025-10-14 08:51:10,144
4225,CS-GO,Negative,@ CSGO valve? Seems they don't work? I have a prime and it touches me with people who aren't prime? and above all they are cheaters,2025-10-14 08:51:09,2025-10-14 08:51:10,131
4225,CS-GO,Negative,@CSGO valve? It seems that they do not work? I get prime and it touches me with people who must not have prime? and maybe they are cheats,2025-10-14 08:51:09,2025-10-14 08:51:10,137
4225,CS-GO,Negative,A @CSGO valve? It seems funny that although they don't work? Did I have prime and it touches on me with people who don't have their prime? and above that they are cheats,2025-10-14 08:51:09,2025-10-14 08:51:10,169
4225,CS-GO,Negative,@CSGO valve? It seems that they do not work? They have prime and it touches me with feeling for did not have that? and above they are cheats,2025-10-14 08:51:09,2025-10-14 08:51:10,140
4226,CS-GO,Positive,Help me win this awesome CS:GO giveaway from Idle-Empire! wn.nr/Ky5Nhv,2025-10-14 08:51:09,2025-10-14 08:51:10,70
4226,CS-GO,Positive,Help me win this fantastic CS: GO raffle from the idle empire! wn.nr / Ky5Nhv,2025-10-14 08:51:09,2025-10-14 08:51:10,77
4226,CS-GO,Positive,Help me win this amazing CS: GO giveaway from Idle-Empire!,2025-10-14 08:51:09,2025-10-14 08:51:10,58
4226,CS-GO,Positive,Help Alexis win this awesome SC:GO giveaway from Idle-Empire! wn.nr/Ky5Nhv,2025-10-14 08:51:09,2025-10-14 08:51:10,74
4226,CS-GO,Positive,Help with me... win for this most awesome CS : GO giveaway from Idle - Empire! with wn. nr / Ky5Nhv,2025-10-14 08:51:09,2025-10-14 08:51:10,99
4226,CS-GO,Positive,Help Chris design an awesome CS:GO giveaway from the-Empire! wn.nr/Ky5Nhv,2025-10-14 08:51:09,2025-10-14 08:51:10,73
4227,CS-GO,Irrelevant,Seems like all toxic csgo russians have started to play Overwatch. :(,2025-10-14 08:51:09,2025-10-14 08:51:10,69
4227,CS-GO,Irrelevant,It seems that all poisonous Csgo Russians have begun to play Overwatch.: (,2025-10-14 08:51:09,2025-10-14 08:51:10,74
4227,CS-GO,Irrelevant,It seems that all the poisonous csgo have started to play Overwatch.: (,2025-10-14 08:51:09,2025-10-14 08:51:10,71
4227,CS-GO,Irrelevant,Seems like all toxic csgo ans have started to play Overwatch. :(,2025-10-14 08:51:09,2025-10-14 08:51:10,64
4227,CS-GO,Irrelevant,Seems... like all other toxic csgo russians have started keen to play Overwatch. : (,2025-10-14 08:51:09,2025-10-14 08:51:10,84
4227,CS-GO,Irrelevant,Seems nearly all you csgo russians have started to play pool. :(,2025-10-14 08:51:09,2025-10-14 08:51:10,64
4228,CS-GO,Negative,"Things @valvesoftware  . . Make a functioning anti-cheat. Stop players from cheating, abusing votekicks, being racist. Stop selling the community trash crates. Improve and innovate on their game. Actually play their own game they created. . twitter.com/Thorin/status/…",2025-10-14 08:51:09,2025-10-14 08:51:10,268
4228,CS-GO,Negative,"Things @ valvesoftftftftft.Make a working anti-cheat. Keep players from cheating, abusing voters, being racist. Stop selling the community's garbage cans. Improve and renew your game. Actually play your own game that you have created... twitter.com / Thorin / status /...",2025-10-14 08:51:09,2025-10-14 08:51:10,271
4228,CS-GO,Negative,"Stuff @ valvesob.. Make a functional anti-cheating game. Stop players from cheating, abusing votekicks, being racist. Stop selling the trash crates community. Improve and innovate your game.",2025-10-14 08:51:09,2025-10-14 08:51:10,190
4228,CS-GO,Negative,"Things RhandlerR  . . Make a functioning anti-cheat. Stop players from cheating, abusing votekicks, being racist. Stop selling the community trash crates. Improve and innovate on their game. Actually play their own game they created. . twitter.com/Thorin/status/…",2025-10-14 08:51:09,2025-10-14 08:51:10,263
4228,CS-GO,Negative,"and Things RhandlerR  . . Make a functioning anti-cheat. Stop players from cheating, abusing votekicks, being racist. Stop selling the community trash crates. Improve and innovate on their game. Actually play their own game they created. . twitter.com/Thorin/status/…",2025-10-14 08:51:09,2025-10-14 08:51:10,267
4228,CS-GO,Negative,It,2025-10-14 08:51:09,2025-10-14 08:51:10,2
4229,CS-GO,Positive,"Seeing @shroud come back to twitch genuinely makes happy, only person I’ve watched since csgo was my thing as I don’t like watching people play games, welcome back shroud",2025-10-14 08:51:09,2025-10-14 08:51:10,170
4229,CS-GO,Positive,"Seeing @ shroud return to twitching makes me really happy, the only person I've seen since csgo was my thing as I don't like watching people play, welcome back shroud",2025-10-14 08:51:09,2025-10-14 08:51:10,166
4229,CS-GO,Positive,"Seeing @ shroud come back to us really makes me happy, the only person I've watched since csgo has been my thing since I don't like watching people play games, welcome back shroud",2025-10-14 08:51:09,2025-10-14 08:51:10,179
4229,CS-GO,Positive,"Seeing @shroud getting back to twitch genuinely makes happy, only person I’ve watched whose csgo was my thing as foreigners don’t love watching people play games, welcome back shroud",2025-10-14 08:51:09,2025-10-14 08:51:10,182
4229,CS-GO,Positive,"Seeing @shroud come rolling back in to stop twitch genuinely makes happy, only person out I ’ can ve watched since csgo was really my thing feels as though I don ’ t like watching people play games, welcome back shroud",2025-10-14 08:51:09,2025-10-14 08:51:10,218
4229,CS-GO,Positive,"make @shroud come back to me genuinely makes smile, only person I’ve watched since csgo was my main is I don’t like watching people play games, welcome it shroud",2025-10-14 08:51:09,2025-10-14 08:51:10,161
4230,CS-GO,Positive,Well that’s a small but success and step forward! .,2025-10-14 08:51:09,2025-10-14 08:51:10,52
4230,CS-GO,Positive,"Well, this is a small but successful step forward!.",2025-10-14 08:51:09,2025-10-14 08:51:10,51
4230,CS-GO,Positive,"Well, this is a small but successful step forward!.",2025-10-14 08:51:09,2025-10-14 08:51:10,51
4230,CS-GO,Positive,Well that’s a small but success and looking forward!.,2025-10-14 08:51:09,2025-10-14 08:51:10,53
4230,CS-GO,Positive,Well maybe that ’ s a story small but success and step forward!.,2025-10-14 08:51:09,2025-10-14 08:51:10,64
4230,CS-GO,Positive,Well that’s a small but success so go forward!.,2025-10-14 08:51:09,2025-10-14 08:51:10,47
4231,CS-GO,Positive,"@CSGO imma stay up all night , u better launch that shit right away",2025-10-14 08:51:09,2025-10-14 08:51:10,67
4231,CS-GO,Positive,"@ CSGO imma stay all night, u better start that shit right away",2025-10-14 08:51:09,2025-10-14 08:51:10,63
4231,CS-GO,Positive,"@ CSGO imma stay up all night, u better launch that shit right away",2025-10-14 08:51:09,2025-10-14 08:51:10,67
4231,CS-GO,Positive,"@CSGO imma stay put all night, u better launch that shit right away",2025-10-14 08:51:09,2025-10-14 08:51:10,67
4231,CS-GO,Positive,"@CSGO imma stay locked up all night, u better always launch that shit right right away",2025-10-14 08:51:09,2025-10-14 08:51:10,86
4231,CS-GO,Positive,"@CSGO imma be up all night, u will launch that action right away",2025-10-14 08:51:09,2025-10-14 08:51:10,64
4232,CS-GO,Irrelevant,I rewatched my “Losers play csgo” video and honestly did I lose my sense of comedic timing this shit is so fucking boring and un funny I can’t believe i was proud of it,2025-10-14 08:51:09,2025-10-14 08:51:10,168
4232,CS-GO,Irrelevant,"I watched my \"loser play csgo\" video again and to be honest, I lost my sense of comedic timing, this shit is so damn boring and unfunny that I can't believe I was proud of it.",2025-10-14 08:51:09,2025-10-14 08:51:10,175
4232,CS-GO,Irrelevant,"I reviewed my video for \"Hearers play csgo\" and, to be honest, I lost my sense of humor when this crap is so boring and not funny that I can't believe I'm proud of it",2025-10-14 08:51:09,2025-10-14 08:51:10,166
4232,CS-GO,Irrelevant,I rewatched my “Losers play csgo” video and honestly if I lose my concept of comedic function this shit proves so fucking boring and un funny I can’t believe i was proud of it,2025-10-14 08:51:09,2025-10-14 08:51:10,175
4232,CS-GO,Irrelevant,I rewatched my “ Losers play csgo over ” video clip and honestly did I not lose my sense of her comedic timing this shit is so fucking boring and un funny I can ain ’ t not believe i was proud never of her it,2025-10-14 08:51:09,2025-10-14 08:51:10,208
4232,CS-GO,Irrelevant,I rewatched The “Losers play csgo” video and honestly when I lose my power of comedic laugh my shit is so bloody boring and un funny I can’t believe i was proud of it,2025-10-14 08:51:09,2025-10-14 08:51:10,166
4234,CS-GO,Positive,Nice,2025-10-14 08:51:09,2025-10-14 08:51:10,4
4234,CS-GO,Positive,nan,2025-10-14 08:51:09,2025-10-14 08:51:10,3
4234,CS-GO,Positive,Nice,2025-10-14 08:51:09,2025-10-14 08:51:10,4
4234,CS-GO,Positive,Nice,2025-10-14 08:51:09,2025-10-14 08:51:10,4
4234,CS-GO,Positive,Little Nice,2025-10-14 08:51:09,2025-10-14 08:51:10,11
4234,CS-GO,Positive,by,2025-10-14 08:51:09,2025-10-14 08:51:10,2
4235,CS-GO,Neutral,Want awesome hosting for,2025-10-14 08:51:09,2025-10-14 08:51:10,26
4235,CS-GO,Neutral,Want fantastic hosting for,2025-10-14 08:51:09,2025-10-14 08:51:10,26
4235,CS-GO,Neutral,Wanted terrible hosting for,2025-10-14 08:51:09,2025-10-14 08:51:10,27
4235,CS-GO,Neutral,Want event hosting for,2025-10-14 08:51:09,2025-10-14 08:51:10,22
4235,CS-GO,Neutral,6 Want awesome hosting for,2025-10-14 08:51:09,2025-10-14 08:51:10,26
4235,CS-GO,Neutral,Want awesome pictures for,2025-10-14 08:51:09,2025-10-14 08:51:10,25
4236,CS-GO,Neutral,"Finnish CS:GO Player Jamppi Sues Valve Over Alleged VAC Ban » TalkEsport,bit.ly/3byCjrT",2025-10-14 08:51:09,2025-10-14 08:51:10,87
4236,CS-GO,Neutral,"Finnish CS: GO player Jamppi sues for alleged VAC ban \"TalkEsport, bit.ly / 3byCjrT",2025-10-14 08:51:09,2025-10-14 08:51:10,83
4236,CS-GO,Neutral,"Finnish CS: GO Jampi sues Valve over alleged VAC \"Esport\" ban, bit.ly / 3byCjrT",2025-10-14 08:51:09,2025-10-14 08:51:10,79
4236,CS-GO,Neutral,"Finnish CS:GO Producer Jamppi Sues Riot Over Alleged VAC Ban In TalkEsport,bit.ly/3byCjrT",2025-10-14 08:51:09,2025-10-14 08:51:10,89
4236,CS-GO,Neutral,"Finnish CS : GO Player Jamppi Kai Sues as Valve Over and Alleged VAC Ban B » TalkEsport, at bit. am ly / on 3byCjrT",2025-10-14 08:51:09,2025-10-14 08:51:10,115
4236,CS-GO,Neutral,"for CS:GO Player Jamppi Sues Finland Player 5 VAC Log <unk> TalkEsport,bit.ly/3byCjrT",2025-10-14 08:51:09,2025-10-14 08:51:10,85
4237,CS-GO,Neutral,"today i carried my whole team in @PlayVALORANT and still lost all of them then i switched to @CSGO came across a hacker in my team and guess what the other team had one too but i still lost , so how was your day....",2025-10-14 08:51:09,2025-10-14 08:51:10,215
4237,CS-GO,Neutral,"Today I took my entire team to @ PlayVALORANT and still lost them all, then I switched to @ CSGO, came across a hacker on my team and guess what the other team had, but I still lost, so how was your day....",2025-10-14 08:51:09,2025-10-14 08:51:10,206
4237,CS-GO,Neutral,"today i carried my whole team in @ PlayVALORANT and still lost all of them then i switched to @ CSGO catch a hacker in my team and guess what the other team had one too but i still lost, so how was your day....",2025-10-14 08:51:09,2025-10-14 08:51:10,210
4237,CS-GO,Neutral,today i carried along 5 team in @PlayVALORANT and still dropped all of them then i switched to @CSGO came across a hacker in my team and noticed what the other team had one too but i still lost one so how was your day....,2025-10-14 08:51:09,2025-10-14 08:51:10,221
4237,CS-GO,Neutral,"after today i so carried my whole team in @PlayVALORANT and still lost all of them then i switched to @CSGO came crashing across a big hacker in my team face and guess what maybe the other team had one too who but that i still lost, so because how was your your day....",2025-10-14 08:51:09,2025-10-14 08:51:10,269
4237,CS-GO,Neutral,"today i carried my new team in here and still lost out about them then i switched to @PlayVALORANT came across a hacker in my forum and guess what the other two member died too but i just lost, so how was your day....",2025-10-14 08:51:09,2025-10-14 08:51:10,217
4239,CS-GO,Positive,I miss CSGO,2025-10-14 08:51:09,2025-10-14 08:51:10,11
4239,CS-GO,Positive,I miss CSGO,2025-10-14 08:51:09,2025-10-14 08:51:10,11
4239,CS-GO,Positive,I miss CSGO,2025-10-14 08:51:09,2025-10-14 08:51:10,11
4239,CS-GO,Positive,I miss you,2025-10-14 08:51:09,2025-10-14 08:51:10,10
4239,CS-GO,Positive,I will miss CSGO,2025-10-14 08:51:09,2025-10-14 08:51:10,16
4239,CS-GO,Positive,you miss CSGO,2025-10-14 08:51:09,2025-10-14 08:51:10,13
4240,CS-GO,Irrelevant,dota 2 is objectively the worst valve game because at least when csgo fucks up it only fucks up csgo,2025-10-14 08:51:09,2025-10-14 08:51:10,100
4240,CS-GO,Irrelevant,"Dota 2 is objectively the worst valve game because, at least when csgo is damned, it damns only csgo.",2025-10-14 08:51:09,2025-10-14 08:51:10,101
4240,CS-GO,Irrelevant,"dota 2 is definitely the worst valve game, because at least when csgo fucks up it only fucks up csgo",2025-10-14 08:51:09,2025-10-14 08:51:10,100
4240,CS-GO,Irrelevant,dota 4 is objectively the worst valve game because at least when csgo fucks up it only fucks up :,2025-10-14 08:51:09,2025-10-14 08:51:10,97
4240,CS-GO,Irrelevant,dota 2 is almost objectively the worst valve game because if at least when that csgo fucks up it first only fucks back up csgo,2025-10-14 08:51:09,2025-10-14 08:51:10,126
4240,CS-GO,Irrelevant,open game is objectively the worst valve game because if least when csgo started up it only fucks up csgo,2025-10-14 08:51:09,2025-10-14 08:51:10,105
4241,CS-GO,Neutral,"@WilliamGerber1 @ChadSteiner42  if i win i would be ecstatic and i am poor and barely could afford csgo,",2025-10-14 08:51:09,2025-10-14 08:51:10,104
4241,CS-GO,Neutral,"@ WilliamGerber1 @ ChadSteiner42 If I win, I'd be ecstatic and I'm poor and I couldn't afford csgo",2025-10-14 08:51:09,2025-10-14 08:51:10,98
4241,CS-GO,Neutral,"@ WilliamGerber1 @ ChadSteiner42 if i win i would be ecstatic and i am poor and barely could afford csgo,",2025-10-14 08:51:09,2025-10-14 08:51:10,105
4241,CS-GO,Neutral,"@WilliamGerber1<unk>  if i win i will be ecstatic and i am poor and barely could afford csgo,",2025-10-14 08:51:09,2025-10-14 08:51:10,93
4241,CS-GO,Neutral,"@WilliamGerber1 The @ChadSteiner42 if i win now i would be ecstatic and i c am poor... and barely n could n afford csgo,",2025-10-14 08:51:09,2025-10-14 08:51:10,120
4241,CS-GO,Neutral,"@WilliamGerber1 @ChadSteiner42 if i win i would be sad that i am poor and barely even play csgo,",2025-10-14 08:51:09,2025-10-14 08:51:10,96
4242,CS-GO,Irrelevant,This G2 csgo team seems pretty damn good.,2025-10-14 08:51:09,2025-10-14 08:51:10,41
4242,CS-GO,Irrelevant,This G2 csgo team seems to be pretty damn good.,2025-10-14 08:51:09,2025-10-14 08:51:10,47
4242,CS-GO,Irrelevant,This G2 csgo team seems pretty darn good.,2025-10-14 08:51:09,2025-10-14 08:51:10,41
4242,CS-GO,Irrelevant,This G2 csgo build seems pretty damn good.,2025-10-14 08:51:09,2025-10-14 08:51:10,42
4242,CS-GO,Irrelevant,14 This Italian G2 csgo team seems pretty damn good.,2025-10-14 08:51:09,2025-10-14 08:51:10,52
4242,CS-GO,Irrelevant,This G2 csgo team look pretty damn good.,2025-10-14 08:51:09,2025-10-14 08:51:10,40
4243,CS-GO,Irrelevant,@bibanator has scammed me out of all of my items on counter strike. I did not do anything to him! I wanted to be polite to him but he has decided to scam me. Please retweet so this gets traction,2025-10-14 08:51:09,2025-10-14 08:51:10,196
4243,CS-GO,Irrelevant,"I didn't do anything to him! I wanted to be polite to him, but he decided to cheat on me. Please retweet so that this gains traction.",2025-10-14 08:51:09,2025-10-14 08:51:10,133
4243,CS-GO,Irrelevant,@ bibanator scared me out of all my points on the counter-attack. I did nothing to him! I wanted to be polite to him but he decided to deceive me. Please re-tweet this to be a betrayal.,2025-10-14 08:51:09,2025-10-14 08:51:10,185
4243,CS-GO,Irrelevant,@bibanator has scammed my out of all of my items on counter strike. I did not do anything to him! I wanted to be polite with everyone but somebody has decided to scam me. Please retweet so this gets traction,2025-10-14 08:51:09,2025-10-14 08:51:10,207
4243,CS-GO,Irrelevant,Jack @bibanator has scammed me out of all three of my items on counter strike. I did not do quite anything nice to him! I wanted to more be polite to him but he too has decided eventually to scam me. 2017 Please retweet so this news gets traction,2025-10-14 08:51:09,2025-10-14 08:51:10,246
4243,CS-GO,Irrelevant,@bibanator has scammed me out of all of my items on counter strike. I did ever tell anything to him! merely wanted to be polite to say but Matt has decided to scam me. Click retweet so this gets removed,2025-10-14 08:51:09,2025-10-14 08:51:10,202
4244,CS-GO,Irrelevant,The TOP 5 Highest Earning Players in CS:GO... . . . .   . .   . .   . .   . .,2025-10-14 08:51:09,2025-10-14 08:51:10,80
4244,CS-GO,Irrelevant,The TOP 5 highest earning players in CS: GO..............,2025-10-14 08:51:09,2025-10-14 08:51:10,57
4244,CS-GO,Irrelevant,The Top 5 Highest-Paid Players in CS: GO...............,2025-10-14 08:51:09,2025-10-14 08:51:10,55
4244,CS-GO,Irrelevant,"The TOP 500 Highest Earning Players in 2015:GO.......   \"..  ..  ..  ..",2025-10-14 08:51:09,2025-10-14 08:51:10,71
4244,CS-GO,Irrelevant,The TOP of 5 Highest For Earning Young Players in The CS : 00 GO...............,2025-10-14 08:51:09,2025-10-14 08:51:10,79
4244,CS-GO,Irrelevant,The TOP 500 Active Rock Networks Throughout 2014:GO...............,2025-10-14 08:51:09,2025-10-14 08:51:10,66
4245,CS-GO,Irrelevant,We may be quiet on Twitter but our CSGO team are anything but quiet rn. @RhysStumbles @pr0xje @gingehcs @w00dyK @lepestos are fucking up their tournaments and are gone keep doing so. https://t.co/GJlCZjxuh4,2025-10-14 08:51:09,2025-10-14 08:51:10,206
4245,CS-GO,Irrelevant,"We may be quiet on Twitter, but our CSGO team is anything but calm rn. @ RhysStumbles @ pr0xje @ gingehcs @ w00dyK @ lepestos are damning their tournaments and are gone. https: / / t.co / GJlCZjxuh4",2025-10-14 08:51:09,2025-10-14 08:51:10,198
4245,CS-GO,Irrelevant,"We can be calm on Twitter, but our CSGO team is not at all calm. @ RhysStumbles @ pr0xje @ ginenko @ w00dyK @ lepestos fucking their tournaments and left to keep doing so. https: / / Fenco / GJlCZjxuh4",2025-10-14 08:51:09,2025-10-14 08:51:10,201
4245,CS-GO,Irrelevant,We may be quiet at Twitter but our CSGO team is anything but casual rn. @RhysStumbles @pr0xje Edit @gingehcs @w00dyK are fucking up their tournaments and are gone keep doing so. https://t.co/GJlCZjxuh4],2025-10-14 08:51:09,2025-10-14 08:51:10,202
4245,CS-GO,Irrelevant,We may all be relatively quiet on Twitter but our beloved CSGO team are hardly anything more but quiet rn. @RhysStumbles @pr0xje And @gingehcs @w00dyK @lepestos they are just fucking up their tournaments and are likely gone for keep doing so. https://t.co/GJlCZjxuh4 ],2025-10-14 08:51:09,2025-10-14 08:51:10,268
4245,CS-GO,Irrelevant,fans may fancy chatting on Twitter but our CSGO team are anything but quiet rn. @RhysStumbles @pr0xje @gingehcs @w00dyK Rangers are fucking with their players and shall probably keep doing so. https://t.co/GJlCZjxuh4],2025-10-14 08:51:10,2025-10-14 08:51:10,217
