ID,Topic,Sentiment,Text,Timestamp,IngestedAt,TextLength
9312,Overwatch,Positive,When you log into your OWL account for the first time in months and see that @ SombrasButt loves Overwatch and Star Wars just as much as you do.,2025-10-14 08:50:20,2025-10-14 08:50:30,144
9312,Overwatch,Positive,When you login to your OWL game the l first time in months and see that @SombrasButt loves both Overwatch and Star Wars as much as you do.  https://t.co/wVicEmrFWy],2025-10-14 08:50:20,2025-10-14 08:50:30,164
9312,Overwatch,Positive,When you login to utilize your OWL account for not the first time overseas in 18 months and see about that... @SombrasButt loves both Batman Overwatch and Star Wars as much too as you do. https://t.co/wVicEmrFWy ],2025-10-14 08:50:20,2025-10-14 08:50:30,213
9312,Overwatch,Positive,When you login to your OWL site for the first time in months and see that @SombrasButt loves like Overwatch and Star Wars as much on we do. x],2025-10-14 08:50:20,2025-10-14 08:50:30,142
9313,Overwatch,Negative,"@BlizzardCS I disconnected from a game of Overwatch because my internet crashed, I was playing support, yet I lost 10SR for all 3 of my roles???? (This dropped me out of Masters for Tank)",2025-10-14 08:50:20,2025-10-14 08:50:30,187
9313,Overwatch,Negative,"@ BlizzardCS I disconnected from a game of Overwatch because my Internet crashed, I was playing support, but I lost 10SR for all 3 of my roles???? (This caused me to withdraw from Masters for Tank)",2025-10-14 08:50:20,2025-10-14 08:50:30,197
9313,Overwatch,Negative,"@ BlizzardCS I disconnected from a game of Overwatch because my internet crow, I was playing support, yet I lost 10SR for all 3 of my roles?? (This dropped me out of Masters for Tank)",2025-10-14 08:50:20,2025-10-14 08:50:30,183
9313,Overwatch,Negative,"@BlizzardCS I disconnected play a game of Overwatch because my internet crashed, I was playing great, yet I lost 10SR on each 3 of my roles???? (This dropped me out of Masters for Tank)",2025-10-14 08:50:20,2025-10-14 08:50:30,185
9313,Overwatch,Negative,"@BlizzardCS and I disconnected from all a game demo of Overwatch because my internet crashed, because I actually was playing primary support, yet I lost 10SR tickets for all 3 regardless of my roles???? ( This dropped like me out of Masters for Tank )",2025-10-14 08:50:20,2025-10-14 08:50:30,251
9313,Overwatch,Negative,"@BlizzardCS I disconnected from a game of Overwatch because my internet crashed, I hate shooting support, yet I get 10SR for even 3 of my roles???? (This dropped myself out of Masters for 2)",2025-10-14 08:50:20,2025-10-14 08:50:30,190
9314,Overwatch,Negative,Stop banning Moira you cowards,2025-10-14 08:50:20,2025-10-14 08:50:30,30
9314,Overwatch,Negative,"Stop banning Moira, you cowards",2025-10-14 08:50:20,2025-10-14 08:50:30,31
9314,Overwatch,Negative,Stop lecturing Moira,2025-10-14 08:50:20,2025-10-14 08:50:30,20
9314,Overwatch,Negative,Stop dating Moira you cowards,2025-10-14 08:50:20,2025-10-14 08:50:30,29
9314,Overwatch,Negative,Stop my banning Moira you cowards,2025-10-14 08:50:20,2025-10-14 08:50:30,33
9314,Overwatch,Negative,Stop banning Moira<unk> cowards,2025-10-14 08:50:20,2025-10-14 08:50:30,31
9315,Overwatch,Neutral,GET OVER HERE! It's,2025-10-14 08:50:20,2025-10-14 08:50:30,21
9315,Overwatch,Neutral,Go HERE!,2025-10-14 08:50:20,2025-10-14 08:50:30,8
9315,Overwatch,Neutral,ГЕТ ОВЕР!!!!!!!!!!!!!!!!!!!!!!!!!!!!!!!!!!!!!!!!!!!!!!!!!!!!!!!!!!!!!!!!!!!!!!!!!!!!!!!!!!!!!!!!!!!!!!!!!!!!!!!!!!!!!!!!!!!!!!!!!!!!!!!!!!!!!!!!!,2025-10-14 08:50:20,2025-10-14 08:50:30,145
9315,Overwatch,Neutral,GET START HERE! It's,2025-10-14 08:50:20,2025-10-14 08:50:30,20
9315,Overwatch,Neutral,Gotta GET THE OVER HERE! It's,2025-10-14 08:50:20,2025-10-14 08:50:30,29
9315,Overwatch,Neutral,GET OVER it! It's,2025-10-14 08:50:20,2025-10-14 08:50:30,17
9316,Overwatch,Negative,Fuck Overwatch,2025-10-14 08:50:20,2025-10-14 08:50:30,14
9316,Overwatch,Negative,Fuck Overwatch,2025-10-14 08:50:20,2025-10-14 08:50:30,14
9316,Overwatch,Negative,Fuck Overwatch,2025-10-14 08:50:20,2025-10-14 08:50:30,14
9316,Overwatch,Negative,Fuck Overwatch,2025-10-14 08:50:20,2025-10-14 08:50:30,14
9316,Overwatch,Negative,And Fuck Overwatch,2025-10-14 08:50:20,2025-10-14 08:50:30,18
9316,Overwatch,Negative,Fuck You,2025-10-14 08:50:20,2025-10-14 08:50:30,8
9317,Overwatch,Positive,this Bollo plant id here? i love competitive overwatch together using twitter on him when its just wanna say my,2025-10-14 08:50:20,2025-10-14 08:50:30,111
9317,Overwatch,Positive,this Bollo plant side here? i love aggressive overwatch along with twitter on it if its just mine to say,2025-10-14 08:50:20,2025-10-14 08:50:30,104
9317,Overwatch,Positive,this plant is here? I love competitive supervision together with the computer on it when it just wants to say that my,2025-10-14 08:50:20,2025-10-14 08:50:30,117
9317,Overwatch,Positive,this Bollo plant id here? i love competitive overwatch together and twitter on him when its easy wanna say my,2025-10-14 08:50:20,2025-10-14 08:50:30,109
9317,Overwatch,Positive,this Bollo plant id here? i love competitive overwatch flying together and using twitter on a him when its just no wanna say that my,2025-10-14 08:50:20,2025-10-14 08:50:30,132
9317,Overwatch,Positive,this fucking plant id here? i love competitive overwatch im using twitter call him when its just wanna say my,2025-10-14 08:50:20,2025-10-14 08:50:30,109
9318,Overwatch,Positive,and every,2025-10-14 08:50:20,2025-10-14 08:50:30,11
9318,Overwatch,Positive,nan,2025-10-14 08:50:20,2025-10-14 08:50:30,3
9318,Overwatch,Positive,and every,2025-10-14 08:50:20,2025-10-14 08:50:30,9
9318,Overwatch,Positive,and 4,2025-10-14 08:50:20,2025-10-14 08:50:30,5
9318,Overwatch,Positive,That and every,2025-10-14 08:50:20,2025-10-14 08:50:30,14
9318,Overwatch,Positive,we every,2025-10-14 08:50:20,2025-10-14 08:50:30,8
9319,Overwatch,Positive,Time for some more boops and kills in @PlayOverwatch on @Twitch. Lets get that new Torb skin . .  . . twitch.tv/nakubael https://t.co/NJ1KwFI8M6,2025-10-14 08:50:20,2025-10-14 08:50:30,144
9319,Overwatch,Positive,Time for some more boops and kills in @ PlayOverwatch on @ Twitch. Let's get this new torb skin... twitch.tv / nakubael https: / / t.co / NJ1KwFI8M6,2025-10-14 08:50:20,2025-10-14 08:50:30,148
9319,Overwatch,Positive,Time for a few more booms and busts at @ PlayOverwatch on @ Bentley.,2025-10-14 08:50:20,2025-10-14 08:50:30,68
9319,Overwatch,Positive,Time for some more boops and kills in RhandlerR on RhandlerR. Lets get that new Torb skin . .  . . twitch.tv/nakubael RhttpR],2025-10-14 08:50:20,2025-10-14 08:50:30,125
9319,Overwatch,Positive,to Time for some more boops and kills in RhandlerR on RhandlerR. Lets get that new Torb skin . .  . . twitch.tv/nakubael RhttpR],2025-10-14 08:50:20,2025-10-14 08:50:30,128
9319,Overwatch,Positive,I,2025-10-14 08:50:20,2025-10-14 08:50:30,1
9320,Overwatch,Negative,cursed @PlayOverwatch pic.twitter.com/Nw684FR0OF,2025-10-14 08:50:20,2025-10-14 08:50:30,48
9320,Overwatch,Negative,@ PlayOverwatch pic.twitter.com / Nw684FR0OF,2025-10-14 08:50:20,2025-10-14 08:50:30,44
9320,Overwatch,Negative,Damned @ PlayOverwatch pic.wikipedia.org / Nw684FR0OF,2025-10-14 08:50:20,2025-10-14 08:50:30,53
9320,Overwatch,Negative,cursed RhandlerR pic.twitter.com/Nw684FR0OF,2025-10-14 08:50:20,2025-10-14 08:50:30,43
9320,Overwatch,Negative,Google cursed RhandlerR pic.twitter.com/Nw684FR0OF,2025-10-14 08:50:20,2025-10-14 08:50:30,50
9320,Overwatch,Negative,not,2025-10-14 08:50:20,2025-10-14 08:50:30,3
9321,Overwatch,Negative,"Streaming is really fun rn. Like there’s actually a lot that I don’t care for: I’m boring, Overwatch is a pain in my ass, I don’t talk (yet), I don’t have donations setup, console streaming is limited, etc., but just having someone in the stream to hang out is the",2025-10-14 08:50:20,2025-10-14 08:50:30,266
9321,Overwatch,Negative,"Streaming is really fun, just as there are a lot of things I don't care about: I'm boring, Overwatch is a pain in my arse, I don't talk (yet), I don't have a fundraising setup, console streaming is limited, and so on, but just having someone in the stream hanging out is the most important thing.",2025-10-14 08:50:20,2025-10-14 08:50:30,296
9321,Overwatch,Negative,"Streaming is really fun. Like a lot of other things that I don't care about: I'm bored, Overwatch is a pain in the ass, I don't talk (yet), I don't have a donation setup, the streaming console is limited, etc., but just having someone in the stream to hang out with is the most important thing.",2025-10-14 08:50:20,2025-10-14 08:50:30,294
9321,Overwatch,Negative,"Streaming is really getting rn. Like there’s actually a lot that everyone already care for: I’m tired, Overwatch is a pain in my ass, I don’t talk (yet), I don’t have donations setup, console streaming is limited, etc., but just having someone in every stream to reconnect with is the",2025-10-14 08:50:20,2025-10-14 08:50:30,284
9321,Overwatch,Negative,"Also Streaming is really fun for rn. Like really there ’ s actually these a lot that I don ’ all t much care for : why I ’ m boring, Overwatch is a pain in my ass, I don don ’ t talk ( yet ), and I don ’ t have donations setup, console streaming is limited, junk etc., but just having someone in the stream to hang out is the",2025-10-14 08:50:20,2025-10-14 08:50:30,325
9321,Overwatch,Negative,"Streaming is really fun rn. now there’s actually a lot that I don’t care for: is cheap, Overwatch is a drag in my ass, I don’t talk (yet), I don’t have donations setup, console streaming is cheap, so., but somehow having someone but the community to hang out has the",2025-10-14 08:50:20,2025-10-14 08:50:30,266
9322,Overwatch,Neutral,Woke up got on overwatch played a dps match and got potg and 30 kill gold - im still throwing pic.twitter.com/4U8eH47lpc,2025-10-14 08:50:20,2025-10-14 08:50:30,120
9322,Overwatch,Neutral,Wake up got on overwatch played a DPS match and got Potg and 30 kill gold - I'm still throwing pic.twitter.com / 4U8eH47lpc,2025-10-14 08:50:20,2025-10-14 08:50:30,123
9322,Overwatch,Neutral,"Woke up, woke up, played a dps match and got gold and 30 killed - I still throw pic.wikipedia.org / 4U8eH47lpc",2025-10-14 08:50:20,2025-10-14 08:50:30,110
9322,Overwatch,Neutral,Woke up got on overwatch played a dps match and got potg and 30 kill gold - im still throwing pic.twitter.com/4U8eH47lpc,2025-10-14 08:50:20,2025-10-14 08:50:30,120
9322,Overwatch,Neutral,† Woke up got on overwatch played a dps match and got potg and 30 kill gold - im still throwing pic.twitter.com/4U8eH47lpc,2025-10-14 08:50:20,2025-10-14 08:50:30,122
9322,Overwatch,Neutral,of,2025-10-14 08:50:20,2025-10-14 08:50:30,2
9323,Overwatch,Positive,"Most of these characters will make us happy!! She will have her own crew, LOL I can see full teams of the mech squad together.",2025-10-14 08:50:20,2025-10-14 08:50:30,126
9323,Overwatch,Positive,"Most of these characters will make us happy!! She will have her own crew, LOL I can see full teams of the Mech squad together.",2025-10-14 08:50:20,2025-10-14 08:50:30,126
9323,Overwatch,Positive,"Most of these characters will make us happy!! She will have her own crew, LOL I can see full teams of the mech square together.",2025-10-14 08:50:20,2025-10-14 08:50:30,127
9323,Overwatch,Positive,"Most of these characters will makes us happy!! She will have her own crew, LOL I can see full teams of the mech teams together.",2025-10-14 08:50:20,2025-10-14 08:50:30,127
9323,Overwatch,Positive,"6 Most of all these characters who will make us happy!! 1 She will have her own crew, LOL I can see full teams of the mech strike squad working together.",2025-10-14 08:50:20,2025-10-14 08:50:30,153
9323,Overwatch,Positive,"group of sister characters will make us happy!! She will start her own crew, though I can see full teams of the mech squad together.",2025-10-14 08:50:20,2025-10-14 08:50:30,132
9324,Overwatch,Positive,playing overwatch cause apex is still pic.twitter.com/5j7aXg51MA,2025-10-14 08:50:20,2025-10-14 08:50:30,64
9324,Overwatch,Positive,The peak of surveillance is still pic.twitter.com / 5j7aXg51MA,2025-10-14 08:50:20,2025-10-14 08:50:30,62
9324,Overwatch,Positive,play overtime because the peak is still pic.http: / / 5j7aXg51MA,2025-10-14 08:50:20,2025-10-14 08:50:30,64
9324,Overwatch,Positive,playing overwatch cause apex is still pic.twitter.com/5j7aXg51MA,2025-10-14 08:50:20,2025-10-14 08:50:30,64
9324,Overwatch,Positive,G playing overwatch cause apex is still pic.twitter.com/5j7aXg51MA,2025-10-14 08:50:20,2025-10-14 08:50:30,66
9324,Overwatch,Positive,be,2025-10-14 08:50:20,2025-10-14 08:50:30,2
9325,Overwatch,Positive,"having so much fun streaming and playing Overwatch again, thank you all for all the support as well!! stream will resume tomorrow!! love u all",2025-10-14 08:50:20,2025-10-14 08:50:30,142
9325,Overwatch,Positive,"I have so much fun streaming and playing Overwatch, thank you all for all the support!! The stream will resume tomorrow!! Love you all",2025-10-14 08:50:20,2025-10-14 08:50:30,134
9325,Overwatch,Positive,"having so much fun streaming and playing Overwatch again, thank you all for all the support as well!! stream will recommend tomorrow!! love u all",2025-10-14 08:50:20,2025-10-14 08:50:30,145
9325,Overwatch,Positive,"having so much fun chatting and playing Overwatch again, thank you all for all the support as well!! stream will resume tomorrow!! r u all",2025-10-14 08:50:20,2025-10-14 08:50:30,138
9325,Overwatch,Positive,"for having it so much fun streaming and actually playing Overwatch again, thank you all for all the support as being well!! stream will officially resume again tomorrow!! love u all",2025-10-14 08:50:20,2025-10-14 08:50:30,181
9325,Overwatch,Positive,"having so long trouble streaming and playing Overwatch again, thank by all for all the support<unk> well!! stream will resume tomorrow!! love u all",2025-10-14 08:50:20,2025-10-14 08:50:30,147
9326,Overwatch,Positive,Well.... what a fucking surprise. 468 hours on Overwatch. pic.twitter.com/IyX6DlH2C9,2025-10-14 08:50:20,2025-10-14 08:50:30,84
9326,Overwatch,Positive,Well.... what a damn surprise. 468 hours on Overwatch. pic.twitter.com / IyX6DlH2C9,2025-10-14 08:50:20,2025-10-14 08:50:30,83
9326,Overwatch,Positive,Well... what a fucking surprise. 468 hours on Overwatch. pic.facebook.com / IyX6DlH2C9,2025-10-14 08:50:20,2025-10-14 08:50:30,86
9326,Overwatch,Positive,Well.... what a fucking surprise. 468 hours on Overwatch. pic.twitter.com/IyX6DlH2C9,2025-10-14 08:50:20,2025-10-14 08:50:30,84
9326,Overwatch,Positive,the Well.... what a fucking surprise. 468 hours on Overwatch. pic.twitter.com/IyX6DlH2C9,2025-10-14 08:50:20,2025-10-14 08:50:30,88
9326,Overwatch,Positive,of,2025-10-14 08:50:20,2025-10-14 08:50:30,2
9327,Overwatch,Irrelevant,Be sure to tune into my Brothers Stream tonight on his channel we playing,2025-10-14 08:50:20,2025-10-14 08:50:30,75
9327,Overwatch,Irrelevant,Be sure to tune in to my Brothers Stream tonight on the channel we are playing,2025-10-14 08:50:20,2025-10-14 08:50:30,78
9327,Overwatch,Irrelevant,Be sure to tune in to my Brotherly Stream tonight on his channel we play,2025-10-14 08:50:20,2025-10-14 08:50:30,72
9327,Overwatch,Irrelevant,Be sure to tune into my Brothers Stream tonight on which channel we playing,2025-10-14 08:50:20,2025-10-14 08:50:30,75
9327,Overwatch,Irrelevant,Be sure to tune into my Brothers Stream channel tonight on his channel we play playing,2025-10-14 08:50:20,2025-10-14 08:50:30,86
9327,Overwatch,Irrelevant,Be sure to download into my Brothers Stream tonight on each channel we playing,2025-10-14 08:50:20,2025-10-14 08:50:30,78
9328,Overwatch,Irrelevant,"Another wonderful stream shared with the husband.  Thanks to everyone who turned out!  I'll be back tomorrow with a lot more Overwatch and FFXIV!  Have a good night, all!",2025-10-14 08:50:20,2025-10-14 08:50:30,170
9328,Overwatch,Irrelevant,"Another wonderful stream shared with the husband. Thanks to everyone who came! I will be back tomorrow with a lot more Overwatch and FFXIV! Good night, everyone!",2025-10-14 08:50:20,2025-10-14 08:50:30,161
9328,Overwatch,Irrelevant,"Thank you to everyone who came! I'll be back tomorrow with even more Overwatch and FFXIV! Good night, everyone!",2025-10-14 08:50:20,2025-10-14 08:50:30,111
9328,Overwatch,Irrelevant,"Another wonderful stream shared with the husband.  Thanks to everyone who turned away!  I'll likely returning tomorrow with a lot more Overwatch and FFXIV!  Have a good night, all!",2025-10-14 08:50:20,2025-10-14 08:50:30,180
9328,Overwatch,Irrelevant,"Another wonderful stream shared up with all the husband. Thanks back to everyone who turned you out! I'll be back sometime tomorrow with a whole lot more Overwatch and definitely FFXIV! Have a good night, tell all!",2025-10-14 08:50:20,2025-10-14 08:50:30,214
9328,Overwatch,Irrelevant,"Another short stream shared with the husband. Thanks to everyone whoever turned out! I'll be back tomorrow with a little more Overwatch and FFXIV! Have a good night, all!",2025-10-14 08:50:20,2025-10-14 08:50:30,170
9329,Overwatch,Negative,Am I the only one who completely forgot this overwatch character existed. pic.twitter.com/bMDgveRORN,2025-10-14 08:50:20,2025-10-14 08:50:30,100
9329,Overwatch,Negative,Am I the only one who completely forgets this Overwatch figure. pic.twitter.com / bMDgveRORN,2025-10-14 08:50:20,2025-10-14 08:50:30,92
9329,Overwatch,Negative,Am I the only one who has completely forgotten the existence of this superwatch person. pic.wikipedia.org / bMDgveRORN,2025-10-14 08:50:20,2025-10-14 08:50:30,118
9329,Overwatch,Negative,Am I the only one who completely forgot this overwatch character existed. pic.twitter.com/bMDgveRORN,2025-10-14 08:50:20,2025-10-14 08:50:30,100
9329,Overwatch,Negative,In Am I the only one who completely forgot this overwatch character existed. pic.twitter.com/bMDgveRORN,2025-10-14 08:50:20,2025-10-14 08:50:30,103
9329,Overwatch,Negative,on,2025-10-14 08:50:20,2025-10-14 08:50:30,2
9330,Overwatch,Irrelevant,Having Fun with Friends (maybe some comp...maybe). twitch.tv/overwatchmouse….,2025-10-14 08:50:20,2025-10-14 08:50:30,79
9330,Overwatch,Irrelevant,Fun with friends (maybe a few mates... maybe). twitch.tv / overwatchmouse....,2025-10-14 08:50:20,2025-10-14 08:50:30,77
9330,Overwatch,Irrelevant,Having fun with friends (maybe some computer... maybe).,2025-10-14 08:50:20,2025-10-14 08:50:30,55
9330,Overwatch,Irrelevant,Having Fun with Friends (maybe some comp...maybe). twitch.tv/overwatchmouse….,2025-10-14 08:50:20,2025-10-14 08:50:30,79
9330,Overwatch,Irrelevant,as Having Fun with Friends (maybe some comp...maybe). twitch.tv/overwatchmouse….,2025-10-14 08:50:20,2025-10-14 08:50:30,82
9330,Overwatch,Irrelevant,Why,2025-10-14 08:50:20,2025-10-14 08:50:30,3
9331,Overwatch,Irrelevant,Still the best overwatch player in tgota go fight me,2025-10-14 08:50:20,2025-10-14 08:50:30,52
9331,Overwatch,Irrelevant,The best Overwatch player in Twickenham is still fighting me,2025-10-14 08:50:20,2025-10-14 08:50:30,60
9331,Overwatch,Irrelevant,Still the best observer in tgota to go fight me,2025-10-14 08:50:20,2025-10-14 08:50:30,47
9331,Overwatch,Irrelevant,Still the toughest overwatch player in tgota go fight me,2025-10-14 08:50:20,2025-10-14 08:50:30,56
9331,Overwatch,Irrelevant,Still need the best overwatch player there in tgota go fight me,2025-10-14 08:50:20,2025-10-14 08:50:30,63
9331,Overwatch,Irrelevant,Still the youngest overwatch player in tgota go fight right,2025-10-14 08:50:20,2025-10-14 08:50:30,59
9332,Overwatch,Positive,never get tired of getting the good teammate award in overwatch,2025-10-14 08:50:20,2025-10-14 08:50:30,63
9332,Overwatch,Positive,Never get tired of getting the award for being the good teammate in Overwatch,2025-10-14 08:50:20,2025-10-14 08:50:30,77
9332,Overwatch,Positive,Never tire of getting a good reward in overtime,2025-10-14 08:50:20,2025-10-14 08:50:30,47
9332,Overwatch,Positive,never get tired of getting the good teammate back in overwatch,2025-10-14 08:50:20,2025-10-14 08:50:30,62
9332,Overwatch,Positive,And never get tired of getting awarded the good teammate award in overwatch,2025-10-14 08:50:20,2025-10-14 08:50:30,75
9332,Overwatch,Positive,never get tired of getting the good weather award in overwatch,2025-10-14 08:50:20,2025-10-14 08:50:30,62
9333,Overwatch,Positive,i can play overwatch again (bad),2025-10-14 08:50:20,2025-10-14 08:50:30,32
9333,Overwatch,Positive,I can play overwatch again (bad),2025-10-14 08:50:20,2025-10-14 08:50:30,32
9333,Overwatch,Positive,i can play overwatch again (bad),2025-10-14 08:50:20,2025-10-14 08:50:30,32
9333,Overwatch,Positive,i can play overwatch though (bad),2025-10-14 08:50:20,2025-10-14 08:50:30,33
9333,Overwatch,Positive,i can play again overwatch again ( bad ),2025-10-14 08:50:20,2025-10-14 08:50:30,40
9333,Overwatch,Positive,i immediately play overwatch again (bad),2025-10-14 08:50:20,2025-10-14 08:50:30,40
9334,Overwatch,Positive,Nice...,2025-10-14 08:50:20,2025-10-14 08:50:30,7
9334,Overwatch,Positive,Beautiful...,2025-10-14 08:50:20,2025-10-14 08:50:30,12
9334,Overwatch,Positive,Nice...,2025-10-14 08:50:20,2025-10-14 08:50:30,7
9334,Overwatch,Positive,Nice...,2025-10-14 08:50:20,2025-10-14 08:50:30,7
9334,Overwatch,Positive,More Nice...,2025-10-14 08:50:20,2025-10-14 08:50:30,12
9334,Overwatch,Positive,you...,2025-10-14 08:50:20,2025-10-14 08:50:30,6
9335,Overwatch,Neutral,I made this cursed content for kiki and I'm putting it here too. Enjoy.. .  .  . . youtu.be/ssjYhbmyFDQ,2025-10-14 08:50:20,2025-10-14 08:50:30,103
9335,Overwatch,Neutral,I made this damn content for Kiki and put it here. Enjoy...... youtu.be / ssjYhbmyFDQ,2025-10-14 08:50:20,2025-10-14 08:50:30,85
9335,Overwatch,Neutral,I made this cursed content for kenzi and I'm put it here too. Enjoy..... youtu.be / ssjYhbmyFDQ,2025-10-14 08:50:20,2025-10-14 08:50:30,95
9335,Overwatch,Neutral,I made this cursed content with kiki and I'm putting this here too. Enjoy.. : . .. youtu.be/ssjYhbmyFDQ,2025-10-14 08:50:20,2025-10-14 08:50:30,103
9335,Overwatch,Neutral,Apparently I made all this cursed content for you kiki and I're m done putting down it here here too. Enjoy...... with youtu. be / ssjYhbmyFDQ,2025-10-14 08:50:20,2025-10-14 08:50:30,142
9335,Overwatch,Neutral,<unk> found a this comic for kiki and I'm putting it here too. you...... youtu.be/ssjYhbmyFDQ,2025-10-14 08:50:20,2025-10-14 08:50:30,93
9336,Overwatch,Negative,I’m just gonna say it - Overwatch essentially being nominated for LGBTQ+ game of the year is worse than if Rise of Skywalker was nominated for LGBTQ+ film of the year. At least in Rise of Skywalker if you slow the footage down and zoom in you can see gay shit if you squint.,2025-10-14 08:50:20,2025-10-14 08:50:30,274
9336,Overwatch,Negative,"I'll just say it - being nominated for the LGBTQ + game of the year is essentially worse than being nominated for the LGBTQ + movie of the year for Rise of Skywalker. At least in Rise of Skywalker, if you slow down and zoom in, you can see homosexual shit when you pinch yourself.",2025-10-14 08:50:20,2025-10-14 08:50:30,280
9336,Overwatch,Negative,"At least in Rise of Skywalker, if you slow down and zoom in, you can see gay shit if you sniff it.",2025-10-14 08:50:20,2025-10-14 08:50:30,98
9336,Overwatch,Negative,I’m just gonna say it - Overwatch game being nominated for LGBTQ+ game of the year is harder than if Rise of Skywalker was considered so LGBTQ+ film of the year. At least in Rise of Skywalker and you slow the footage down and zoom in you can see gay shit if we squint.,2025-10-14 08:50:20,2025-10-14 08:50:30,268
9336,Overwatch,Negative,I give ’ m actually just about gonna say it - Overwatch essentially being nominated for LGBTQ + game of the year is always worse than if Rise of Skywalker was nominated for LGBTQ + film of the whole year. At least not in Rise of Tom Skywalker if you slow the footage down and you zoom in you can see gay shit... if you both squint.,2025-10-14 08:50:20,2025-10-14 08:50:30,331
9336,Overwatch,Negative,I’m just gonna say it - Overwatch essentially being nominated for lesbian+ movies of the year felt stronger than if Rise of Skywalker is nominated for LGBTQ+ film of very year. At least in Rise of Skywalker where your see the footage down and zoom in you can see gay shit if you squint.,2025-10-14 08:50:20,2025-10-14 08:50:30,286
9337,Overwatch,Irrelevant,Me and @KremeKrispie arguing with people on Overwatch,2025-10-14 08:50:20,2025-10-14 08:50:30,53
9337,Overwatch,Irrelevant,Me and @ KremeKrispie arguing with people from Overwatch,2025-10-14 08:50:20,2025-10-14 08:50:30,56
9337,Overwatch,Irrelevant,Me and @ HemeKrispie argue with people on Overwatch,2025-10-14 08:50:20,2025-10-14 08:50:30,51
9337,Overwatch,Irrelevant,Me and @KremeKrispie arguing with people over Overwatch,2025-10-14 08:50:20,2025-10-14 08:50:30,55
9337,Overwatch,Irrelevant,Me and @KremeKrispie from arguing with people present on Overwatch,2025-10-14 08:50:20,2025-10-14 08:50:30,66
9337,Overwatch,Irrelevant,Me and @KremeKrispie arguing with characters on Overwatch,2025-10-14 08:50:20,2025-10-14 08:50:30,57
9338,Overwatch,Neutral,"Unless you are a world-class Diamond+ tier gamer, online multiplayer team games like League of Legends and Overwatch are not fun because your team is very bad most of the time",2025-10-14 08:50:20,2025-10-14 08:50:30,175
9338,Overwatch,Neutral,"Unless you're a top-notch Diamond + player, online multiplayer team games like League of Legends and Overwatch aren't fun because your team is very bad most of the time.",2025-10-14 08:50:20,2025-10-14 08:50:30,169
9338,Overwatch,Neutral,"However, you are a world-class Diamond + level player, online multiplayer team games like League of Legends and Overwatch are not fun because your team is very bad most of the time",2025-10-14 08:50:20,2025-10-14 08:50:30,180
9338,Overwatch,Neutral,"Unless you are a C-class Diamond+ tier gamer, online multiplayer team games like League of Legends and Overwatch are not fun because your team is very ugly some of the time",2025-10-14 08:50:20,2025-10-14 08:50:30,172
9338,Overwatch,Neutral,"Unless you are really a world - class Diamond + competitive tier gamer, playing online interactive multiplayer team games exactly like League of the Legends Online and Overwatch are not fun because your team is very bad most of the time",2025-10-14 08:50:20,2025-10-14 08:50:30,236
9338,Overwatch,Neutral,"if you are a world-class top+ tier gamer, online multiplayer team games like League of Legends and Overwatch are not fun because each team pulls very strong majority of the time",2025-10-14 08:50:20,2025-10-14 08:50:30,177
9339,Overwatch,Neutral,"... I remember little Brigitte running around the Overwatch base.. . I mean it was weird we had a Bring Your Child To Work Day, but it was cute.",2025-10-14 08:50:20,2025-10-14 08:50:30,144
9339,Overwatch,Neutral,"... I remember little Brigitte walking around the Overwatch base... I mean, it was weird that we had a Bring Your Child To Work Day, but it was sweet.",2025-10-14 08:50:20,2025-10-14 08:50:30,150
9339,Overwatch,Neutral,"... I remember running around the Overwatch base a little... I mean it was weird that we had a day where we were bringing a child to work, but it was cute.",2025-10-14 08:50:20,2025-10-14 08:50:30,155
9339,Overwatch,Neutral,"... I remember little Brigitte running around the Overwatch base...... I mean it was weird we had a Bring Your Child To Games zoo, but it was cute.",2025-10-14 08:50:20,2025-10-14 08:50:30,147
9339,Overwatch,Neutral,"... I remember little as Brigitte running around the Overwatch base... Actually I did mean it all was weird when we had together a Bring Your Child On To Work Day, but it was cute.",2025-10-14 08:50:20,2025-10-14 08:50:30,180
9339,Overwatch,Neutral,"... I watched little Brigitte running around this Overwatch base... I mean it was weird we had a Bring Our Heart To Space dvd, but it was cute.",2025-10-14 08:50:20,2025-10-14 08:50:30,143
9340,Overwatch,Neutral,Yay it’s Friday! Have a great day every1🥰 live today 20:30 uk time link in bio.,2025-10-14 08:50:20,2025-10-14 08:50:30,81
9340,Overwatch,Neutral,Yay it's Friday! Have a great day Every1 live today 20: 30 uk time link in bio.,2025-10-14 08:50:20,2025-10-14 08:50:30,79
9340,Overwatch,Neutral,Yay it's Friday! Have a great day everyone live today 20: 30 uk time link in.,2025-10-14 08:50:20,2025-10-14 08:50:30,77
9340,Overwatch,Neutral,Yay it’s Friday! Have a great day every1🥰 live stream 20:30 uk time link story bio.,2025-10-14 08:50:20,2025-10-14 08:50:30,83
9340,Overwatch,Neutral,Yay it really ’ s Friday! Have a great day [UNK] Go live until today 20 : 30 uk time on link in bio.,2025-10-14 08:50:20,2025-10-14 08:50:30,100
9340,Overwatch,Neutral,Yay it’s Monday! Have a beautiful day every1<unk> on today 20:30 uk time link in bio.,2025-10-14 08:50:20,2025-10-14 08:50:30,85
9341,Overwatch,Positive,nan,2025-10-14 08:50:20,2025-10-14 08:50:30,3
9341,Overwatch,Positive,It is not the first time that the EU Commission has taken such a step.,2025-10-14 08:50:20,2025-10-14 08:50:30,70
9341,Overwatch,Positive,"At the same time, despite the fact that there are currently some 100 million people living below the poverty line, most of them do not have access to health services and do not have access to health care, while most of them do not have access to health care.",2025-10-14 08:50:20,2025-10-14 08:50:30,258
9341,Overwatch,Positive,nan,2025-10-14 08:50:20,2025-10-14 08:50:30,3
9341,Overwatch,Positive,nan,2025-10-14 08:50:20,2025-10-14 08:50:30,3
9341,Overwatch,Positive,nan,2025-10-14 08:50:20,2025-10-14 08:50:30,3
9342,Overwatch,Negative,"@Blizzard_Ent The fact that I get suspended in Overwatch for having a janky WiFi connection is ridiculous. If I hit leave game suspend me. If I have poor connection and rejoin the game, you still suspend me?! Boococky. You’re better than that. Please change it.",2025-10-14 08:50:20,2025-10-14 08:50:30,261
9342,Overwatch,Negative,"@ Blizzard _ Ent The fact that I'm suspended in Overwatch because I have a shaky WiFi connection is ridiculous. If I run into leave game, suspend me. If I have a bad connection and get back into the game, do you suspend me anyway?! Boococky. You're better than that. Please change it.",2025-10-14 08:50:20,2025-10-14 08:50:30,284
9342,Overwatch,Negative,@ Blizzard _ Ent The fact that I'm being suspended from Overwatch for plugging into spooky WiFi is ridiculous.,2025-10-14 08:50:20,2025-10-14 08:50:30,110
9342,Overwatch,Negative,"@Blizzard_Ent The notion that I get suspended at Overwatch over having a janky WiFi connection seems ridiculous. If I hit leave game suspend me. Because I have poor connection and rejoin the game, you still suspend me?! Boococky. You’re better than that. Go change it.",2025-10-14 08:50:20,2025-10-14 08:50:30,268
9342,Overwatch,Negative,"@Blizzard_Ent The fact that somehow I get suspended in DC Overwatch for having a stupid janky WiFi connection spell is ridiculous. If I never hit leave game suspend me. If I somehow have any poor connection points and possibly rejoin the game, you still gonna suspend me?! Boococky. You ’ re better than that. Please change it.",2025-10-14 08:50:20,2025-10-14 08:50:30,327
9342,Overwatch,Negative,"@Blizzard_Ent The fact that players get suspended from Overwatch mode having some janky WiFi connection is ridiculous. If I hit then game suspend me. If I have fine connection and rejoin the game, you still suspend me?! Boococky. Or better than that. Please ignore that.",2025-10-14 08:50:20,2025-10-14 08:50:30,270
9343,Overwatch,Positive,"Wow, I’ve played Overwatch for such a long time pic.twitter.com/ASGGPO7d2r",2025-10-14 08:50:20,2025-10-14 08:50:30,74
9343,Overwatch,Positive,"Wow, I've played Overwatch for so long pic.twitter.com / ASGGPO7d2r",2025-10-14 08:50:20,2025-10-14 08:50:30,67
9343,Overwatch,Positive,"Wow, I've played Overwatch for such a long time pic.watch / ASGGPO7d2r",2025-10-14 08:50:20,2025-10-14 08:50:30,70
9343,Overwatch,Positive,"Wow, I’ve played Overwatch for such a long time pic.twitter.com/ASGGPO7d2r",2025-10-14 08:50:20,2025-10-14 08:50:30,74
9343,Overwatch,Positive,"1 Wow, I’ve played Overwatch for such a long time pic.twitter.com/ASGGPO7d2r",2025-10-14 08:50:20,2025-10-14 08:50:30,76
9343,Overwatch,Positive,you,2025-10-14 08:50:20,2025-10-14 08:50:30,3
9345,Overwatch,Irrelevant,Overwatch on the switch lite is amazing.. this portable device amazes me... The only draw back it runs at 30fps,2025-10-14 08:50:20,2025-10-14 08:50:30,111
9345,Overwatch,Irrelevant,Overwatch on the switch lite is amazing.. this portable device amazes me... The only retreat running at 30fps,2025-10-14 08:50:20,2025-10-14 08:50:30,109
9345,Overwatch,Irrelevant,Overwatch on the switch lite is amazing.. this portable device amazes me... the only draw back it runs at 30fps,2025-10-14 08:50:20,2025-10-14 08:50:30,111
9345,Overwatch,Irrelevant,Overwatch with the switch lite is how this portable device amazes me... The only draw back it runs at 30fps,2025-10-14 08:50:20,2025-10-14 08:50:30,107
9345,Overwatch,Irrelevant,Overwatch recording on the switch lite is amazing.. this very portable device amazes me... The only engine draw for back it runs to at around 30fps,2025-10-14 08:50:20,2025-10-14 08:50:30,147
9345,Overwatch,Irrelevant,Overwatch on the switch lite really amazing.. single portable remote amazes me... my only draw back it runs at 30fps,2025-10-14 08:50:20,2025-10-14 08:50:30,116
9346,Overwatch,Positive,Why throw your Overwatch games when you could just be throwing it back.,2025-10-14 08:50:20,2025-10-14 08:50:30,71
9346,Overwatch,Positive,Why throw away your Overwatch games when you could just throw them back?,2025-10-14 08:50:20,2025-10-14 08:50:30,72
9346,Overwatch,Positive,Why throw Overwatch games when you can just throw them back.,2025-10-14 08:50:20,2025-10-14 08:50:30,60
9346,Overwatch,Positive,Why throw your Overwatch games when you could really be throwing it back.,2025-10-14 08:50:20,2025-10-14 08:50:30,73
9346,Overwatch,Positive,Why throw about your Overwatch games when so you could just be throwing into it back.,2025-10-14 08:50:20,2025-10-14 08:50:30,85
9346,Overwatch,Positive,Why throw your Overwatch games when you could just be dipping it into.,2025-10-14 08:50:20,2025-10-14 08:50:30,70
9347,Overwatch,Positive,K I like this skin,2025-10-14 08:50:20,2025-10-14 08:50:30,18
9347,Overwatch,Positive,K I like this skin,2025-10-14 08:50:20,2025-10-14 08:50:30,18
9347,Overwatch,Positive,K I like this skin,2025-10-14 08:50:20,2025-10-14 08:50:30,18
9347,Overwatch,Positive,K I like this.,2025-10-14 08:50:20,2025-10-14 08:50:30,14
9347,Overwatch,Positive,Oh K I like this skin,2025-10-14 08:50:20,2025-10-14 08:50:30,21
9347,Overwatch,Positive,K I does this skin,2025-10-14 08:50:20,2025-10-14 08:50:30,18
9348,Overwatch,Irrelevant,"Its normal people hate Overwatch, becouse the comunnity is so toxic.. . \"Yo, no one have mic\". 2seconds later. \"YOU ARE TRASH OMFG, GO TO BED, UNISTALL THE GAME\". . For that you want the people on the voice chat. xD",2025-10-14 08:50:20,2025-10-14 08:50:30,215
9348,Overwatch,Irrelevant,"His normal people hate Overwatch because the community is so toxic... \"Yo, no one has microphone.\" 2seconds later. \"YOU ARE TRASH OMFG, GO TO BED, UNISTALL THE GAME.\" For that you want people to chat on the voice. xD",2025-10-14 08:50:21,2025-10-14 08:50:30,216
9348,Overwatch,Irrelevant,"His normal people hate Overwatch because the comic is so toxic... \"Yo, no one has a microphone.\" 2seconds later. \"YOU ARE TRASH OMFG, GO TO BED, UNISTALL THE GAME..\"",2025-10-14 08:50:21,2025-10-14 08:50:30,165
9348,Overwatch,Irrelevant,"Its normal people hate Overwatch, becouse cos comunnity is so toxic... \"Yo, no one have<unk> 2seconds later. \"YOU ARE TRASH OMFG, OFF TO BED, UNISTALL E GAME\". so Ignore that you want the people on the voice chat. xD",2025-10-14 08:50:21,2025-10-14 08:50:30,216
9348,Overwatch,Irrelevant,"Its right normal people hate Overwatch, becouse the comunnity is so toxic... \" Yo, no one will have mic \". 2seconds long later. \" YOU all ARE IN TRASH OF OMFG, GO TO get BED, UNISTALL THE GAME \".. do For that and you want the people working on the voice chat. xD",2025-10-14 08:50:21,2025-10-14 08:50:30,262
9348,Overwatch,Irrelevant,"to normal people without Overwatch, becouse the comunnity is so toxic... \"Yo, no rooms have mic\". then later. \"YOU ARE TRASH OMFG, GO TO NC, NOT THE HERE\".. For that you want every people in the wall chat. xD",2025-10-14 08:50:21,2025-10-14 08:50:30,208
9349,Overwatch,Negative,"I'm worried. I don't usually ever get angry however the last few weeks of Overwatch Competitive has ACTUALLY made me angry. Do I need to take a break? Get some \"Me Time\" and do a face mask or something? Do you guys do anything to relax when video games make you feel abnormal?",2025-10-14 08:50:21,2025-10-14 08:50:30,276
9349,Overwatch,Negative,"I'm worried. I never usually get angry, but the last few weeks of Overwatch Competitive have actually made me angry. Do I need to take a break? Get some \"Me Time\" and do a face mask or something? Do you guys do anything to relax when video games make you look abnormal?",2025-10-14 08:50:21,2025-10-14 08:50:30,269
9349,Overwatch,Negative,"I worry. I usually never get angry, but the last few weeks of Overwatch Competitive ACCALLY have made me angry.",2025-10-14 08:50:21,2025-10-14 08:50:30,111
9349,Overwatch,Negative,"I'm worried. I don't usually ever get angry - the last few days of Overwatch Competitive League ACTUALLY made me angry. Am I need to take a break? Get some \"Me Time\" and do my face mask or something? Do you guys do anything and relax when video games make you feel abnormal?",2025-10-14 08:50:21,2025-10-14 08:50:30,274
9349,Overwatch,Negative,"I'm worried. I don't usually ever get angry however the last few weeks of the Overwatch The Competitive that has ACTUALLY just made me angry. So Do I need to take a quick break? Get some \" Giving Me Time \" and do a face mask or something? Do you guys do anything to relax yourself when your video games make sure you feel abnormal?",2025-10-14 08:50:21,2025-10-14 08:50:30,331
9349,Overwatch,Negative,"I'm worried. I don't usually personally get angry however the final few weeks of Overwatch Competitive has ACTUALLY made my angry. Like I need to grab a break? Get a \"Me Time\" and find a paint mask or something? Do normal guys do anything to relax when stupid games make you feel abnormal?",2025-10-14 08:50:21,2025-10-14 08:50:30,289
9350,Overwatch,Irrelevant,At this point I’m starting to feel like overwatch 2 was a hoax,2025-10-14 08:50:21,2025-10-14 08:50:30,62
9350,Overwatch,Irrelevant,At this point I feel like Overwatch 2 was a hoax,2025-10-14 08:50:21,2025-10-14 08:50:30,48
9350,Overwatch,Irrelevant,At this point I start to feel that overwatch 2 was a hoax,2025-10-14 08:50:21,2025-10-14 08:50:30,57
9350,Overwatch,Irrelevant,At this point I’m starting to read like overwatch 2 was a hoax,2025-10-14 08:50:21,2025-10-14 08:50:30,62
9350,Overwatch,Irrelevant,At this point I ’ m officially starting to feel like another overwatch 2 This was a hoax,2025-10-14 08:50:21,2025-10-14 08:50:30,88
9350,Overwatch,Irrelevant,At this moment I’m starting to feel like overwatch 2 was my hoax,2025-10-14 08:50:21,2025-10-14 08:50:30,64
9351,Overwatch,Positive,So cute >:3.,2025-10-14 08:50:21,2025-10-14 08:50:30,14
9351,Overwatch,Positive,So cute >: 3.,2025-10-14 08:50:21,2025-10-14 08:50:30,13
9351,Overwatch,Positive,So cute >: 3.,2025-10-14 08:50:21,2025-10-14 08:50:30,13
9351,Overwatch,Positive,So cute ::3.,2025-10-14 08:50:21,2025-10-14 08:50:30,12
9351,Overwatch,Positive,So cute > :... 3.,2025-10-14 08:50:21,2025-10-14 08:50:30,17
9351,Overwatch,Positive,So<unk> >:3.,2025-10-14 08:50:21,2025-10-14 08:50:30,12
9352,Overwatch,Negative,stop jumping stupid overwatch boy,2025-10-14 08:50:21,2025-10-14 08:50:30,33
9352,Overwatch,Negative,"Stop jumping stupid, monitor boy",2025-10-14 08:50:21,2025-10-14 08:50:30,32
9352,Overwatch,Negative,stop jumping silly boy warden,2025-10-14 08:50:21,2025-10-14 08:50:30,29
9352,Overwatch,Negative,stop jumping stupid funny boy,2025-10-14 08:50:21,2025-10-14 08:50:30,29
9352,Overwatch,Negative,stop your jumping stupid overwatch boy,2025-10-14 08:50:21,2025-10-14 08:50:30,38
9352,Overwatch,Negative,stop you stupid overwatch boy,2025-10-14 08:50:21,2025-10-14 08:50:30,29
9353,Overwatch,Positive,Time to play some,2025-10-14 08:50:21,2025-10-14 08:50:30,19
9353,Overwatch,Positive,Time to play something,2025-10-14 08:50:21,2025-10-14 08:50:30,22
9353,Overwatch,Positive,It's time to play some games,2025-10-14 08:50:21,2025-10-14 08:50:30,28
9353,Overwatch,Positive,Time to play again,2025-10-14 08:50:21,2025-10-14 08:50:30,18
9353,Overwatch,Positive,Time to play on some,2025-10-14 08:50:21,2025-10-14 08:50:30,20
9353,Overwatch,Positive,Time come play some,2025-10-14 08:50:21,2025-10-14 08:50:30,19
9354,Overwatch,Irrelevant,MY PROF JUST UNMUTED EVERYONE DURING OUR ONLINE LECTURE AND I DIDNT REALIZE AND EVERYONE HEARD @JrGr1m3z SCREAMING AT HIS STUPID OVERWATCH GAME FOR 5 MINS,2025-10-14 08:50:21,2025-10-14 08:50:30,154
9354,Overwatch,Irrelevant,MY PROFESSION JUSTICE EVERY DURING OUR ONLINE PRESENTATIONS DURING I REALLY DURING AND LISTING @ JrGr1m3z WRITE IN HIS STUPID OVERWATCH GAME FOR 5 MINS,2025-10-14 08:50:21,2025-10-14 08:50:30,151
9354,Overwatch,Irrelevant,MY JUSTICE ALWAYS IN OUR LECTURE AND I DIDENT TO IMPLEMENT AND ALWAYS EXPRESS IN ITS STUPID REGAME GAME FOR 5 MINS,2025-10-14 08:50:21,2025-10-14 08:50:30,114
9354,Overwatch,Irrelevant,MY PROF JUST UNMUTED EVERYONE ON ITS ONLINE LECTURE LIKE I DIDNT REALIZE AND EVERYONE AT @JrGr1m3z SCREAMING AT HIS STUPID OVERWATCH GAME FOR 5 MINS,2025-10-14 08:50:21,2025-10-14 08:50:30,148
9354,Overwatch,Irrelevant,MY latest PROF JUST UNMUTED EVERYONE DURING OUR ONLINE OF LECTURE OR AND I DIDNT E REALIZE AND A EVERYONE HEARD @JrGr1m3z SCREAMING AT S HIS IN STUPID SEC OVERWATCH IS GAME ON FOR 5 MINS,2025-10-14 08:50:21,2025-10-14 08:50:30,186
9354,Overwatch,Irrelevant,MY PROF JUST AS EVERYONE FOR OUR START LECTURE GOES IN DO REALIZE OF EVERYONE HEARD @JrGr1m3z SCREAMING AT HIS STUPID OVERWATCH THIS FOR 20 MINS,2025-10-14 08:50:21,2025-10-14 08:50:30,144
9355,Overwatch,Irrelevant,Go watch my cute ass wife,2025-10-14 08:50:21,2025-10-14 08:50:30,25
9355,Overwatch,Irrelevant,Go watch my sweet ass wife,2025-10-14 08:50:21,2025-10-14 08:50:30,26
9355,Overwatch,Irrelevant,Go watch my cute ass wife,2025-10-14 08:50:21,2025-10-14 08:50:30,25
9355,Overwatch,Irrelevant,Go watch a cute ass wife,2025-10-14 08:50:21,2025-10-14 08:50:30,24
9355,Overwatch,Irrelevant,Go watch my sexy cute ass wife,2025-10-14 08:50:21,2025-10-14 08:50:30,30
9355,Overwatch,Irrelevant,I watch my cute ass wife,2025-10-14 08:50:21,2025-10-14 08:50:30,24
9356,Overwatch,Irrelevant,. NOTHING IS MORE FRUSTRATING THAN YOUR TEAM NOT PLAYING TOGETHER AND EVERYONES ON SUICIDE MISSIONS!!! .,2025-10-14 08:50:21,2025-10-14 08:50:30,107
9356,Overwatch,Irrelevant,Nothing is more frustrating than your team NOT TOGETHER and NOT TOGETHER!!!.,2025-10-14 08:50:21,2025-10-14 08:50:30,76
9356,Overwatch,Irrelevant,NEVER FRUSTRATIVE WHAT YOUR TEAM NOT PLAYING TOGETHER AND EVERYONS ON SUICIDE MISSIONS!!!.,2025-10-14 08:50:21,2025-10-14 08:50:30,90
9356,Overwatch,Irrelevant,. WHAT IS MORE RIGHT THAN YOUR TEAM NOT PLAYING TOGETHER AND EVERYONES ON<unk> MISSIONS!!!.,2025-10-14 08:50:21,2025-10-14 08:50:30,91
9356,Overwatch,Irrelevant,. OR NOTHING This IS IN MORE IS FRUSTRATING TO THAN YOUR TEAM and NOT WHO PLAYING TOGETHER YOU AND EVERYONES OR ON All SUICIDE MISSIONS!!!.,2025-10-14 08:50:21,2025-10-14 08:50:30,139
9356,Overwatch,Irrelevant,. And BUT MORE AND OF US TEAM NOT PLAYING THE AND EVERYONES ON SUICIDE MISSIONS!!!.,2025-10-14 08:50:21,2025-10-14 08:50:30,83
9357,Overwatch,Positive,"People are mad hating on this skin. Well, I think this skin is absolutely incredible, including the helmet!",2025-10-14 08:50:21,2025-10-14 08:50:30,107
9357,Overwatch,Positive,"People are crazy and hate this skin. Well, I find this skin absolutely incredible, including the helmet!",2025-10-14 08:50:21,2025-10-14 08:50:30,104
9357,Overwatch,Positive,"Well, I think this skin is absolutely incredible, including a helmet!",2025-10-14 08:50:21,2025-10-14 08:50:30,69
9357,Overwatch,Positive,"People are mad cheering on this skin. Well, I think this skin is just incredible, including the helmet!",2025-10-14 08:50:21,2025-10-14 08:50:30,103
9357,Overwatch,Positive,"People are practically mad hating on this skin. And Well, I think... this skin is... absolutely incredible, including the helmet!",2025-10-14 08:50:21,2025-10-14 08:50:30,129
9357,Overwatch,Positive,"People going mad hating on my skin. Well, I think this piece is absolutely incredible, including the helmet!",2025-10-14 08:50:21,2025-10-14 08:50:30,108
9358,Overwatch,Positive,this is literally one of the best things they’ve ever done omfg i’m so glad they made him wolf granny,2025-10-14 08:50:21,2025-10-14 08:50:30,101
9358,Overwatch,Positive,This is literally one of the best things they've ever done omfg I'm so glad they made him a wolf grandma,2025-10-14 08:50:21,2025-10-14 08:50:30,104
9358,Overwatch,Positive,this is literally one of the best things they've ever done omfg i'm so glad they made him wolf granny,2025-10-14 08:50:21,2025-10-14 08:50:30,101
9358,Overwatch,Positive,this is literally one of the best things they’ve ever done omfg i’m so glad someone made him go granny,2025-10-14 08:50:21,2025-10-14 08:50:30,102
9358,Overwatch,Positive,this is still literally one out of the best things they ’ a ve ever just done omfg but i ’ m so glad they made him wolf granny,2025-10-14 08:50:21,2025-10-14 08:50:30,126
9358,Overwatch,Positive,well really literally one of the best things my ever done omfg i’m so glad they told him wolf granny,2025-10-14 08:50:21,2025-10-14 08:50:30,100
9359,Overwatch,Negative,Bruh .,2025-10-14 08:50:21,2025-10-14 08:50:30,7
9359,Overwatch,Negative,Bruh.,2025-10-14 08:50:21,2025-10-14 08:50:30,5
9359,Overwatch,Negative,Bruh.,2025-10-14 08:50:21,2025-10-14 08:50:30,5
9359,Overwatch,Negative,Bruh me,2025-10-14 08:50:21,2025-10-14 08:50:30,7
9359,Overwatch,Negative,Ludwig Bruh.,2025-10-14 08:50:21,2025-10-14 08:50:30,12
9359,Overwatch,Negative,<unk>.,2025-10-14 08:50:21,2025-10-14 08:50:30,6
9360,Overwatch,Irrelevant,Look at this fucking unit I’d like to lubricate his tight sockets,2025-10-14 08:50:21,2025-10-14 08:50:30,65
9360,Overwatch,Irrelevant,"Look at that damn unit, I'd love to smear its tight jacks",2025-10-14 08:50:21,2025-10-14 08:50:30,57
9360,Overwatch,Irrelevant,"Look at this fucking party, I'd like to christen it with tight soybeans.",2025-10-14 08:50:21,2025-10-14 08:50:30,72
9360,Overwatch,Irrelevant,Look at this fucking unit I’d like to lubricate his ball sockets,2025-10-14 08:50:21,2025-10-14 08:50:30,64
9360,Overwatch,Irrelevant,Look on at this particular fucking unit and I ’ d like to lubricate his tight sockets,2025-10-14 08:50:21,2025-10-14 08:50:30,85
9360,Overwatch,Irrelevant,was at this fucking unit I’d need to lubricate his tight sockets,2025-10-14 08:50:21,2025-10-14 08:50:30,64
9361,Overwatch,Irrelevant,NYUMMM DELICIOUS FINALLY SOME GOOD CONTENT NYUMM THE SKINS THE ASHER,2025-10-14 08:50:21,2025-10-14 08:50:30,68
9361,Overwatch,Irrelevant,NYUMMM DELICIOUS FINALLY SOME GOOD CONTENT NYUMM SKIN THE ASCHER,2025-10-14 08:50:21,2025-10-14 08:50:30,64
9361,Overwatch,Irrelevant,NYMM DELICIOUS FINALLY SOME GOOD CONTENT NYMM the ASHER,2025-10-14 08:50:21,2025-10-14 08:50:30,55
9361,Overwatch,Irrelevant,NYUMMM DELICIOUS FINALLY SOME GOOD CONTENT NYUMM NOT<unk> THE ASHER,2025-10-14 08:50:21,2025-10-14 08:50:30,67
9361,Overwatch,Irrelevant,NYUMMM NO DELICIOUS FINALLY A SOME GOOD CONTENT NYUMM IS THE AND SKINS OR THE IS ASHER,2025-10-14 08:50:21,2025-10-14 08:50:30,86
9361,Overwatch,Irrelevant,<unk> DELICIOUS IN SOME NEW CONTENT NYUMM THE SKINS THE N,2025-10-14 08:50:21,2025-10-14 08:50:30,57
9362,Overwatch,Negative,and @BroYouWack they are lying even if you have original overwatch game disk they are lying still don't fall for it,2025-10-14 08:50:21,2025-10-14 08:50:30,115
9362,Overwatch,Negative,and @ BroYouWack they lie even if you have original overwatch slice they still lie do not fall into it,2025-10-14 08:50:21,2025-10-14 08:50:30,102
9362,Overwatch,Negative,and @ BroYouWack they are lie even if you have original overwatch game disk they are lie still don't fall for it,2025-10-14 08:50:21,2025-10-14 08:50:30,112
9362,Overwatch,Negative,and @BroYouWack they are lying even if you have original original game disk they are lying and don't fall for it,2025-10-14 08:50:21,2025-10-14 08:50:30,112
9362,Overwatch,Negative,and @BroYouWack they are lying even if when you have original overwatch game game disk they are really lying but still don't really fall for it,2025-10-14 08:50:21,2025-10-14 08:50:30,143
9362,Overwatch,Negative,and @BroYouWack It are lying even if you have original overwatch game its it am lying still don't fall for it,2025-10-14 08:50:21,2025-10-14 08:50:30,109
9363,Overwatch,Positive,appreciate you my man!,2025-10-14 08:50:21,2025-10-14 08:50:30,22
9363,Overwatch,Positive,"Guess you, my husband!",2025-10-14 08:50:21,2025-10-14 08:50:30,22
9363,Overwatch,Positive,"Value you, my man!",2025-10-14 08:50:21,2025-10-14 08:50:30,18
9363,Overwatch,Positive,appreciate reading my man!,2025-10-14 08:50:21,2025-10-14 08:50:30,26
9363,Overwatch,Positive,appreciate you to my man!,2025-10-14 08:50:21,2025-10-14 08:50:30,25
9363,Overwatch,Positive,appreciate you little man!,2025-10-14 08:50:21,2025-10-14 08:50:30,26
9364,Overwatch,Positive,Hell yes 🤩.,2025-10-14 08:50:21,2025-10-14 08:50:30,12
9364,Overwatch,Positive,Hell yes.,2025-10-14 08:50:21,2025-10-14 08:50:30,9
9364,Overwatch,Positive,Hell yes.,2025-10-14 08:50:21,2025-10-14 08:50:30,9
9364,Overwatch,Positive,Hell yea 🤩.,2025-10-14 08:50:21,2025-10-14 08:50:30,11
9364,Overwatch,Positive,2 Hell yes [UNK].,2025-10-14 08:50:21,2025-10-14 08:50:30,17
9364,Overwatch,Positive,and yes <unk>.,2025-10-14 08:50:21,2025-10-14 08:50:30,14
9365,Overwatch,Negative,"Already lost it, games shit",2025-10-14 08:50:21,2025-10-14 08:50:30,27
9365,Overwatch,Negative,"Already lost, games shit",2025-10-14 08:50:21,2025-10-14 08:50:30,24
9365,Overwatch,Negative,"Already lost it, games shit",2025-10-14 08:50:21,2025-10-14 08:50:30,27
9365,Overwatch,Negative,"Already lost it, this shit",2025-10-14 08:50:21,2025-10-14 08:50:30,26
9365,Overwatch,Negative,"Already I lost it, games shit",2025-10-14 08:50:21,2025-10-14 08:50:30,29
9365,Overwatch,Negative,"Already lost it, to shit",2025-10-14 08:50:21,2025-10-14 08:50:30,24
9366,Overwatch,Neutral,“F-follow the Whores of Overwatch...”,2025-10-14 08:50:21,2025-10-14 08:50:30,37
9366,Overwatch,Neutral,"\"F-follow the whores of Overwatch...\"",2025-10-14 08:50:21,2025-10-14 08:50:30,37
9366,Overwatch,Neutral,"\"F-follow the Blores of Overwatch...\"",2025-10-14 08:50:21,2025-10-14 08:50:30,37
9366,Overwatch,Neutral,“F-follow the Whores behind Overwatch...”,2025-10-14 08:50:21,2025-10-14 08:50:30,41
9366,Overwatch,Neutral,“ F - 16 follow the Whores of Operation Overwatch... ”,2025-10-14 08:50:21,2025-10-14 08:50:30,54
9366,Overwatch,Neutral,Someone-follow the Whores In Overwatch...”,2025-10-14 08:50:21,2025-10-14 08:50:30,42
9367,Overwatch,Positive,Finally!! I’m so excited to nerd out over this,2025-10-14 08:50:21,2025-10-14 08:50:30,46
9367,Overwatch,Positive,Finally!! I am so excited to nerd about it,2025-10-14 08:50:21,2025-10-14 08:50:30,42
9367,Overwatch,Positive,Finally!! I'm so excited to be nervous about it!,2025-10-14 08:50:21,2025-10-14 08:50:30,48
9367,Overwatch,Positive,Finally!! I’m so excited to freak out over this,2025-10-14 08:50:21,2025-10-14 08:50:30,47
9367,Overwatch,Positive,Finally!! I ’ m really so excited to call nerd out over this,2025-10-14 08:50:21,2025-10-14 08:50:30,60
9367,Overwatch,Positive,D I’m so excited to nerd crazy over this,2025-10-14 08:50:21,2025-10-14 08:50:30,40
9368,Overwatch,Irrelevant,If you havent had the pleasure of catching my friend OG stream.   Go check him out.  Hes a cool bear.  And does hamster things in overwatch,2025-10-14 08:50:21,2025-10-14 08:50:30,139
9368,Overwatch,Irrelevant,If you have not had the pleasure to catch my friend OG Stream. Visit him. He is a cool bear. And does hamster stuff in overwatch,2025-10-14 08:50:21,2025-10-14 08:50:30,128
9368,Overwatch,Irrelevant,If you didn't have fun catching my friend's OG stream. Go check him out. He's a cool bear. And does hamster things in the watch.,2025-10-14 08:50:21,2025-10-14 08:50:30,128
9368,Overwatch,Irrelevant,If you havent had this pleasure of catching my friend OG stream.   Go check him out.  Is a cool bear.  And does crazy things in overwatch,2025-10-14 08:50:21,2025-10-14 08:50:30,137
9368,Overwatch,Irrelevant,5 If you truly havent had the pleasure come of catching my friend out OG to stream. Go check back him out. Hes a cool bear. And does hamster things in birds overwatch,2025-10-14 08:50:21,2025-10-14 08:50:30,166
9368,Overwatch,Irrelevant,If you havent had the pleasure of joining with friend OG stream. Go check here today. Hes a cool bear. And you hamster things in overwatch,2025-10-14 08:50:21,2025-10-14 08:50:30,138
9369,Overwatch,Irrelevant,Guy messaged me and says my name has been forwarded to a throw list lmaoooo get the fuck off overwatch you weird ass dude,2025-10-14 08:50:21,2025-10-14 08:50:30,121
9369,Overwatch,Irrelevant,Guy has notified me and says that my name has been forwarded to a litter list lmaoooo get the fuck off overwatch you strange ass dude,2025-10-14 08:50:21,2025-10-14 08:50:30,133
9369,Overwatch,Irrelevant,Guy looked at me and says my name was put on the throw list lmaoooo get a fuck to watch you weird ass dude,2025-10-14 08:50:21,2025-10-14 08:50:30,106
9369,Overwatch,Irrelevant,Guy messaged me and says my mail has been forwarded in a throw list lmaoooo get the fuck off overwatch you weird ass dude,2025-10-14 08:50:21,2025-10-14 08:50:30,121
9369,Overwatch,Irrelevant,Guy he messaged with me and says my stupid name has been forwarded to a throw list lmaoooo please get the fuck off his overwatch today you weird ass dude,2025-10-14 08:50:21,2025-10-14 08:50:30,153
9369,Overwatch,Irrelevant,Guy messaged back and apparently my name has been forwarded on a throw list lmaoooo get the fuck off there you weird ass dude,2025-10-14 08:50:21,2025-10-14 08:50:30,125
9370,Overwatch,Negative,"I see people trashing on 222 in Overwatch and i am like, DO you remember how BAD old overwatch was?. Do you not remember the days of goats, 4 dps 1 tank 1 healer, the days that one tricks rolled a team solo?. People have forgotten how bad Old overwatch comp/qp really was.",2025-10-14 08:50:21,2025-10-14 08:50:30,272
9370,Overwatch,Negative,"I see people trotting around on 222 in Overwatch and I'm like: Do you remember how BAD old Overwatch was?. Don't you remember the days of goats, 4 dps 1 tank 1 healer, the days when you rolled a team by tricks alone?. People forgot how bad Old overwatch comp / qp really was.",2025-10-14 08:50:21,2025-10-14 08:50:30,275
9370,Overwatch,Negative,"I see people hitting 222 in Overwatch and I'm like, DO you remember how bad the old overwatch was?. You don't remember the goat days, the 4 dps 1 tank 1 he, the days when one threesome rolled a team solo?. People forgot how bad the old overwatch comp / qp was really.",2025-10-14 08:50:21,2025-10-14 08:50:30,267
9370,Overwatch,Negative,"I remember people trashing on 222 in Overwatch and i am like, DO they remember how BAD old overwatch was?. Do you not remember the king of goats, 4 does not tank 1 healer, the days that one tricks rolled your team solo?. People have forgotten how bad Old overwatch comp/qp really was.",2025-10-14 08:50:21,2025-10-14 08:50:30,284
9370,Overwatch,Negative,"I see people trashing on Highway 222 in Overwatch and more i am like, DO you remember how BAD old overwatch was?. 3 Do you not you remember about the days of goats, his 4 dps 1 tank 1 modern healer, the days that one tricks rolled a real team solo?. 4 People have forgotten about how bad Old overwatch comp / qp really was.",2025-10-14 08:50:21,2025-10-14 08:50:30,323
9370,Overwatch,Negative,"I see people trashing on 222 in Overwatch and i am like, DO you remember how BAD old overwatch was?. Do you not remember the days of goats, 4 dps 1 in 5 healer, or time that 2 tricks up a cast mate?. People have forgotten how bad new overwatch as/qp really was.",2025-10-14 08:50:21,2025-10-14 08:50:30,261
9371,Overwatch,Negative,WTF??? Ana banned? Okay I'm afk for 1 week. GGs.,2025-10-14 08:50:21,2025-10-14 08:50:30,50
9371,Overwatch,Negative,"WTF??? Ana banned??? Okay, I am afk for 1 week.",2025-10-14 08:50:21,2025-10-14 08:50:30,47
9371,Overwatch,Negative,WTF??? Ana banned? Okay I'm afk for 1 week. GGs.,2025-10-14 08:50:21,2025-10-14 08:50:30,48
9371,Overwatch,Negative,WTF??? Ana banned? Okay I'm afk for 1 week. Ever.,2025-10-14 08:50:21,2025-10-14 08:50:30,49
9371,Overwatch,Negative,WTF??? Now Ana was banned? Okay now I'm afk for 1 week. Then GGs.,2025-10-14 08:50:21,2025-10-14 08:50:30,65
9371,Overwatch,Negative,WTF??? Already banned? Okay fine'm afk for 1 hour. GGs.,2025-10-14 08:50:21,2025-10-14 08:50:30,55
9372,Overwatch,Negative,Sometimes I look at Overwatch and all I see is a dead horse surrounded by a bunch of guys in suits beating it with a stick XD. I used to adore the game but seriously. Its dead. (Still be playing from time to time tho).,2025-10-14 08:50:21,2025-10-14 08:50:30,220
9372,Overwatch,Negative,"Sometimes I look at Overwatch and see only a dead horse, surrounded by a couple of guys in suits who hit it with a stick XD. I adored the game, but seriously. It's dead. (Still playing from time to time).",2025-10-14 08:50:21,2025-10-14 08:50:30,204
9372,Overwatch,Negative,Sometimes I look at Overwatch and all I see is a dead horse surrounded by a bunch of guys in sustains beating it with a stick XD. I used to adore the game but seriously. Its dead. (Still be playing from time to time tho).,2025-10-14 08:50:21,2025-10-14 08:50:30,221
9372,Overwatch,Negative,Sometimes Id look at Overwatch that all I see is a dead horse surrounded by a bunch of guys in suits beating it with a stick XD. I used to adore the game but seriously. Its dead. Might be playing from time tot time tho).,2025-10-14 08:50:21,2025-10-14 08:50:30,220
9372,Overwatch,Negative,Sometimes way I look at Overwatch and here all bad I see really is a dead stuffed horse surrounded by a bunch of guys in baseball suits kids beating it with a stick XD. I used to adore the card game here but seriously. Its dead. ( Still be in playing from time to time tho ).,2025-10-14 08:50:21,2025-10-14 08:50:30,275
9372,Overwatch,Negative,Sometimes I look on Overwatch so all I see is a dead horse riding by a bunch other guys in suits beating it with a simple XD. I used more adore the game but seriously. Its depressing. (Still be playing every time to time tho).,2025-10-14 08:50:21,2025-10-14 08:50:30,226
9373,Overwatch,Positive,We did iiiiitttt ! We unlocked our 2nd emote slot. I've already got it drawn up..stay tuned! I'm so happy and BIG thanks to @Indecisive_Fox  for the raid and Tier1 sub! @LaLunaHaze for 2 gifted subs! LEGENDS!!!! . We are starting Overwatch. twitch.tv/xMzMarvelx,2025-10-14 08:50:21,2025-10-14 08:50:30,261
9373,Overwatch,Positive,We have iiiiitttt! We have unlocked our second emote slot. I have already created it... stay tuned! I am so happy and thank @ Indecidence _ Fox for the raid and Tier1 sub! @ LaLunaHaze for 2 talented subs! LEGENDS!!!!. We start Overwatch. twitch.tv / xMzMarvelx,2025-10-14 08:50:21,2025-10-14 08:50:30,261
9373,Overwatch,Positive,We did iiiittt! We opened our 2nd Emotional Exchange Slot. I've already drawn it.. stay tuned! I'm so happy and BIG thanks to @ Indecident _ Fox for the raid and 1 sub! @ LaLunaHaze for 2 gifted submarines! LEGENDS!!!. We start Overwatch.,2025-10-14 08:50:21,2025-10-14 08:50:30,238
9373,Overwatch,Positive,We did iiiiitttt ! We unlocked our 2nd emote slot. I've already got it drawn up..stay tuned! I'm so happy and BIG thanks to RhandlerR  for the raid and Tier1 sub! RhandlerR for 2 gifted subs! LEGENDS!!!! . We are starting Overwatch. twitch.tv/xMzMarvelx,2025-10-14 08:50:22,2025-10-14 08:50:30,253
9373,Overwatch,Positive,by We did iiiiitttt ! We unlocked our 2nd emote slot. I've already got it drawn up..stay tuned! I'm so happy and BIG thanks to RhandlerR  for the raid and Tier1 sub! RhandlerR for 2 gifted subs! LEGENDS!!!! . We are starting Overwatch. twitch.tv/xMzMarvelx,2025-10-14 08:50:22,2025-10-14 08:50:30,256
9373,Overwatch,Positive,on,2025-10-14 08:50:22,2025-10-14 08:50:30,2
9374,Overwatch,Irrelevant,ESO players will tell you the game is great then play for 8 hours straight.,2025-10-14 08:50:22,2025-10-14 08:50:30,75
9374,Overwatch,Irrelevant,"ESO players will tell you that the game is great, and then play for 8 hours in a row.",2025-10-14 08:50:22,2025-10-14 08:50:30,85
9374,Overwatch,Irrelevant,ESO players will tell you that the game is great and will play 8 hours in a row.,2025-10-14 08:50:22,2025-10-14 08:50:30,80
9374,Overwatch,Irrelevant,ESO players will show you the game is great then play for 8 hours straight.,2025-10-14 08:50:22,2025-10-14 08:50:30,75
9374,Overwatch,Irrelevant,ESO players will tell you the game is not great then to play for over 8 hours straight.,2025-10-14 08:50:22,2025-10-14 08:50:30,87
9374,Overwatch,Irrelevant,ESO players will teach them the game is great then play for 8 hours straight.,2025-10-14 08:50:22,2025-10-14 08:50:30,77
9375,Overwatch,Irrelevant,The Overwatch team I'm on won our stream game 3-0 and ngl I'm so happy about it .,2025-10-14 08:50:22,2025-10-14 08:50:30,82
9375,Overwatch,Irrelevant,The Overwatch team I'm part of won our game 3-0 and I'm so happy about that.,2025-10-14 08:50:22,2025-10-14 08:50:30,76
9375,Overwatch,Irrelevant,The Overwatch team I'm with won our game 3-0 and I'm very happy about that.,2025-10-14 08:50:22,2025-10-14 08:50:30,75
9375,Overwatch,Irrelevant,The Overwatch level I'm on won our stream game 3-0 and ngl I'm so happy is it.,2025-10-14 08:50:22,2025-10-14 08:50:30,78
9375,Overwatch,Irrelevant,5 The Overwatch team where I'm on won our stream game at 3 - 1 0 and my ngl I'm so happy about it.,2025-10-14 08:50:22,2025-10-14 08:50:30,98
9375,Overwatch,Irrelevant,The Overwatch team I'm into won their stream game 3-0 last ngl I'm so happy over it.,2025-10-14 08:50:22,2025-10-14 08:50:30,84
9376,Overwatch,Positive,What is that melody???. . Really starting to feel  . . Have a happy Saturday all .  https://t.co/ZbBleeh0ac,2025-10-14 08:50:22,2025-10-14 08:50:30,107
9376,Overwatch,Positive,What is that tune???.. Really starting to feel.. Have a nice saturday. https: / / t.co / ZbBleeh0ac,2025-10-14 08:50:22,2025-10-14 08:50:30,99
9376,Overwatch,Positive,What is this???????????????????????????????????????????????????????????????????????????????????????????????????????????????????????????????????????????????????????????????????????????????????????????????????,2025-10-14 08:50:22,2025-10-14 08:50:30,207
9376,Overwatch,Positive,What is the melody???.. Really starting we feel .. Have a happy Saturday all.  https://t.co/ZbBleeh0ac],2025-10-14 08:50:22,2025-10-14 08:50:30,103
9376,Overwatch,Positive,... What colour is in that melody???.. Really starting to feel.. and Have a really happy Saturday all. https://t.co/ZbBleeh0ac ],2025-10-14 08:50:22,2025-10-14 08:50:30,128
9376,Overwatch,Positive,What will that mean.. Really starting to feel.. Have fucking great Saturday all. https://t.co/ZbBleeh0ac],2025-10-14 08:50:22,2025-10-14 08:50:30,105
9377,Overwatch,Positive,You’re beautiful and phenomenal 🥰🥰🥰🥰.,2025-10-14 08:50:22,2025-10-14 08:50:30,38
9377,Overwatch,Positive,You are beautiful and phenomenal.,2025-10-14 08:50:22,2025-10-14 08:50:30,33
9377,Overwatch,Positive,You are beautiful and phenomenal.,2025-10-14 08:50:22,2025-10-14 08:50:30,33
9377,Overwatch,Positive,You’re beautiful and powerful woman.,2025-10-14 08:50:22,2025-10-14 08:50:30,36
9377,Overwatch,Positive,You still ’ re beautiful and phenomenal [UNK].,2025-10-14 08:50:22,2025-10-14 08:50:30,46
9377,Overwatch,Positive,utterly beautiful and phenomenal <unk>.,2025-10-14 08:50:22,2025-10-14 08:50:30,39
9378,Overwatch,Positive,"With Reinhardt being one of my favourites on Overwatch, I need one of these in my life .",2025-10-14 08:50:22,2025-10-14 08:50:30,89
9378,Overwatch,Positive,"Since Reinhardt is one of my favorites on Overwatch, I need one of them in my life.",2025-10-14 08:50:22,2025-10-14 08:50:30,83
9378,Overwatch,Positive,"Because is one of my favourite Overwatch players, I need one of them in my life.",2025-10-14 08:50:22,2025-10-14 08:50:30,80
9378,Overwatch,Positive,"With him being one of my favourites on Overwatch, I need one of these in real life.",2025-10-14 08:50:22,2025-10-14 08:50:30,83
9378,Overwatch,Positive,"With Reinhardt being one of my favourites on TV Overwatch, I would need all one of these personalities in my life.",2025-10-14 08:50:22,2025-10-14 08:50:30,114
9378,Overwatch,Positive,"With Reinhardt is one of my favorites on Overwatch, I need one last these in my life.",2025-10-14 08:50:22,2025-10-14 08:50:30,85
9379,Overwatch,Irrelevant,Best Overwatch Porn Of 2018 (With Sound) zxxxvids.space/?p=ph-ph5b6a24…,2025-10-14 08:50:22,2025-10-14 08:50:30,71
9379,Overwatch,Irrelevant,Best Overwatch Porn Of 2018 (With Sound) zxxxvids.space /? p = ph-ph5b6a24...,2025-10-14 08:50:22,2025-10-14 08:50:30,77
9379,Overwatch,Irrelevant,Best Overwatch Of 2018 (With Sound) zxxxvi.space /? p = ph-ph5b6a24...,2025-10-14 08:50:22,2025-10-14 08:50:30,70
9379,Overwatch,Irrelevant,Best Overwatch Players Of 2018 (With Money) zxxxvids.space/?p=ph-ph5b6a24…,2025-10-14 08:50:22,2025-10-14 08:50:30,74
9379,Overwatch,Irrelevant,Best Track Overwatch EP Porn Side Of Live 2018 ( With Sound ) under zxxxvids. html space /? p = ph - ph5b6a24 …,2025-10-14 08:50:22,2025-10-14 08:50:30,111
9379,Overwatch,Irrelevant,with Overwatch Featured Video 2012 (With Digg) zxxxvids.space/?p=ph-ph5b6a24...,2025-10-14 08:50:22,2025-10-14 08:50:30,79
9380,Overwatch,Positive,"For a  . . Now, I am very important that will be very happy for my  . .",2025-10-14 08:50:22,2025-10-14 08:50:30,73
9380,Overwatch,Positive,For a.. Now I am very important that will be very happy for my..,2025-10-14 08:50:22,2025-10-14 08:50:30,64
9380,Overwatch,Positive,What matters to me now is what will be very happy for my...,2025-10-14 08:50:22,2025-10-14 08:50:30,59
9380,Overwatch,Positive,"For a .. Now, I feel very important that will be very happy for my  ….",2025-10-14 08:50:22,2025-10-14 08:50:30,70
9380,Overwatch,Positive,"For a.. Now, I think am very important that will I be very simply happy for my..",2025-10-14 08:50:22,2025-10-14 08:50:30,80
9380,Overwatch,Positive,"For a.. Now, let am very important that will feel very happy for your..",2025-10-14 08:50:22,2025-10-14 08:50:30,71
9381,Overwatch,Negative,Going out alone without music because its still gonna be more entertaining than playing overwatch rn.  pic.twitter.com/1sWZXsxJsu,2025-10-14 08:50:22,2025-10-14 08:50:30,129
9381,Overwatch,Negative,Going solo without music because it will still be more entertaining than playing Overwatch. pic.twitter.com / 1sWZXsxJsu,2025-10-14 08:50:22,2025-10-14 08:50:30,120
9381,Overwatch,Negative,"Exit alone without music, because it will still be more interesting than listening. pic.wikipedia.org / 1sWZXsxJsu",2025-10-14 08:50:22,2025-10-14 08:50:30,114
9381,Overwatch,Negative,Going out alone without music because its still gonna be more entertaining than playing overwatch rn.  pic.twitter.com/1sWZXsxJsu,2025-10-14 08:50:22,2025-10-14 08:50:30,129
9381,Overwatch,Negative,IBM Going out alone without music because its still gonna be more entertaining than playing overwatch rn.  pic.twitter.com/1sWZXsxJsu,2025-10-14 08:50:22,2025-10-14 08:50:30,133
9381,Overwatch,Negative,they,2025-10-14 08:50:22,2025-10-14 08:50:30,4
9382,Overwatch,Irrelevant,Overwatch is full of idiots. I'm done.,2025-10-14 08:50:22,2025-10-14 08:50:30,38
9382,Overwatch,Irrelevant,Overwatch is full of morons. I'm done.,2025-10-14 08:50:22,2025-10-14 08:50:30,38
9382,Overwatch,Irrelevant,Overwatch is full of idiots. I'm done.,2025-10-14 08:50:22,2025-10-14 08:50:30,38
9382,Overwatch,Irrelevant,Overwatch is full fucking idiots. I'm done.,2025-10-14 08:50:22,2025-10-14 08:50:30,43
9382,Overwatch,Irrelevant,Overwatch is full circle of idiots. I'm not done.,2025-10-14 08:50:22,2025-10-14 08:50:30,49
9382,Overwatch,Irrelevant,Overwatch is full of idiots. O'm done.,2025-10-14 08:50:22,2025-10-14 08:50:30,38
9383,Overwatch,Negative,Okay nvm fuck Overwatch. I like playing healer but it gets real old real fast when you're not given a damn choice. I miss waiting less than 10 minutes to play Torb .,2025-10-14 08:50:22,2025-10-14 08:50:30,166
9383,Overwatch,Negative,"Okay, nvm fuck Overwatch. I like to play healers, but it gets really old when you don't have a fucking choice. I miss waiting less than 10 minutes to play Torb.",2025-10-14 08:50:22,2025-10-14 08:50:30,160
9383,Overwatch,Negative,Okay nvm fuck Overwatch. I like playing heeglow but it gets real old real fast when you're not given a dark choice. I miss waiting less than 10 minutes to play Torb.,2025-10-14 08:50:22,2025-10-14 08:50:30,165
9383,Overwatch,Negative,Okay nvm fuck Overwatch. I<unk> playing healer and anything gets real old real fast when you're not given a damn choice. I miss waiting less than 10 minutes to play Torb.,2025-10-14 08:50:22,2025-10-14 08:50:30,170
9383,Overwatch,Negative,Okay nvm and fuck this Overwatch. I like playing healer but already it gets real old scary real freaking fast when you're not given a damn choice. I miss waiting less nearly than 10 minutes not to actually play Torb.,2025-10-14 08:50:22,2025-10-14 08:50:30,216
9383,Overwatch,Negative,Okay nvm fuck shit. You like playing healer but it gets boring old real fast when you're not given a damn choice. I miss sleeping less than ten minutes to face Torb.,2025-10-14 08:50:22,2025-10-14 08:50:30,165
9384,Overwatch,Negative,overwatch just really listens to the famous people.. huh,2025-10-14 08:50:22,2025-10-14 08:50:30,56
9384,Overwatch,Negative,overwatch only really listens to the famous people.. huh,2025-10-14 08:50:22,2025-10-14 08:50:30,56
9384,Overwatch,Negative,Supervisors just love famous people... a-ha,2025-10-14 08:50:22,2025-10-14 08:50:30,43
9384,Overwatch,Negative,overwatch just really listens to super famous people.. huh,2025-10-14 08:50:22,2025-10-14 08:50:30,58
9384,Overwatch,Negative,He overwatch just really listens to the famous people.. she huh,2025-10-14 08:50:22,2025-10-14 08:50:30,63
9384,Overwatch,Negative,overwatch just really listens to that most people.. huh,2025-10-14 08:50:22,2025-10-14 08:50:30,55
9385,Overwatch,Positive,I thought I posted them LMAO here is me and my comfort character Sigma from Overwatch pic.twitter.com/4FmMD6aP1W,2025-10-14 08:50:22,2025-10-14 08:50:30,112
9385,Overwatch,Positive,I thought I'd posted them LMAO here's me and my consolation figure Sigma from Overwatch pic.twitter.com / 4FmMD6aP1W,2025-10-14 08:50:22,2025-10-14 08:50:30,116
9385,Overwatch,Positive,I thought I posted them LO this is me and my Sigma character from Overwatch pic.fm / 4FmMD6aP1W,2025-10-14 08:50:22,2025-10-14 08:50:30,95
9385,Overwatch,Positive,I thought I posted them LMAO here is me and my comfort character Sigma from Overwatch pic.twitter.com/4FmMD6aP1W,2025-10-14 08:50:22,2025-10-14 08:50:30,112
9385,Overwatch,Positive,and I thought I posted them LMAO here is me and my comfort character Sigma from Overwatch pic.twitter.com/4FmMD6aP1W,2025-10-14 08:50:22,2025-10-14 08:50:30,116
9385,Overwatch,Positive,time,2025-10-14 08:50:22,2025-10-14 08:50:30,4
9386,Overwatch,Positive,today was fun... prob done streaming for the day. . shoutout to my @playoverwatch squad for hanging with me today. . go give me a follow!. . twitch.tv/joshuahoang. twitch.tv/joshuahoang. twitch.tv/joshuahoang. . highlight reel by @athenascope. .,2025-10-14 08:50:22,2025-10-14 08:50:30,247
9386,Overwatch,Positive,today it was fun... prob done streaming for the day.. shout out to my @ playoverwatch team for hanging with me today.. go give me a follow!.. twitch.tv / joshuahoang. twitch.tv / joshuahoang. twitch.tv / joshuahoang.. highlight reel by @ athenascope...,2025-10-14 08:50:22,2025-10-14 08:50:30,252
9386,Overwatch,Positive,"Today was fun... tried streaming for the day... shout out to my @ youverwatch crew for hanging with me today... come, follow me!..... tch.tv / joshuahoang. tch.tv / joshuahoang. tch.tv / joshuahoang. tch.tv / joshuahoang...",2025-10-14 08:50:22,2025-10-14 08:50:30,223
9386,Overwatch,Positive,today was fun... prob done streaming for the day. . shoutout to my RhandlerR squad for hanging with me today. . go give me a follow!. . twitch.tv/joshuahoang. twitch.tv/joshuahoang. twitch.tv/joshuahoang. . highlight reel by RhandlerR. .,2025-10-14 08:50:22,2025-10-14 08:50:30,239
9386,Overwatch,Positive,1 today was fun... prob done streaming for the day. . shoutout to my RhandlerR squad for hanging with me today. . go give me a follow!. . twitch.tv/joshuahoang. twitch.tv/joshuahoang. twitch.tv/joshuahoang. . highlight reel by RhandlerR. .,2025-10-14 08:50:22,2025-10-14 08:50:30,241
9386,Overwatch,Positive,and,2025-10-14 08:50:22,2025-10-14 08:50:30,3
9387,Overwatch,Positive,"Imagine complaining wanting \"realistic body proportions\" in overwatch when the characters eyes are literally the size of their fist. Shut the fuck up and let the artists do what they want",2025-10-14 08:50:22,2025-10-14 08:50:30,187
9387,Overwatch,Positive,"Imagine complaining about \"realistic body proportions\" when the characters \"eyes are literally the size of a fist.",2025-10-14 08:50:22,2025-10-14 08:50:30,114
9387,Overwatch,Positive,"Imagine complaining about \"realistic body proportions\" when you watch, when the characters \"eyes are literally the size of their fists. Shut up and let the artists do what they want.",2025-10-14 08:50:22,2025-10-14 08:50:30,182
9387,Overwatch,Positive,"Imagine complaining wanting \"realistic body proportions\" in overwatch when the characters eyes are literally I size of their fist. Shut the bitch up and let some artists do what they want",2025-10-14 08:50:22,2025-10-14 08:50:30,187
9387,Overwatch,Positive,"« Imagine complaining wanting \" fucking realistic body proportions \" in overwatch when the characters eyes are literally the size of their fist. Shut the fuck up and not let even the graphic artists actually do what exactly they want",2025-10-14 08:50:22,2025-10-14 08:50:30,233
9387,Overwatch,Positive,"Imagine complaining wanting \"realistic body proportions\" of overwatch when the characters eyes are literally a back of their fist. Shut the bitch up and see the artists do what they want",2025-10-14 08:50:22,2025-10-14 08:50:30,186
9388,Overwatch,Negative,@Hunduks we will never be as happy as we were during the overwatch beta .,2025-10-14 08:50:22,2025-10-14 08:50:30,74
9388,Overwatch,Negative,@ Hunduks we will never be as happy as we were during the Overwatch beta.,2025-10-14 08:50:22,2025-10-14 08:50:30,73
9388,Overwatch,Negative,@ Hunduks we will never be as happy as we were during the overwatch beta.,2025-10-14 08:50:22,2025-10-14 08:50:30,73
9388,Overwatch,Negative,@Hunduks Q will never be as happy as we were during the overwatch beta.,2025-10-14 08:50:22,2025-10-14 08:50:30,71
9388,Overwatch,Negative,For @Hunduks we will never be as happy inside as we were during the overwatch campaign beta.,2025-10-14 08:50:22,2025-10-14 08:50:30,92
9388,Overwatch,Negative,@Hunduks we will probably be as happy as we feel after the overwatch beta.,2025-10-14 08:50:22,2025-10-14 08:50:30,74
9389,Overwatch,Neutral,anna’s ult group is clc. anna is a regular acc on twt. yeoreum (boogie up) is anna’s most popular fancam. anna has a soft layout. anna’s most popular tweet is about fancy soty. anna also stans overwatch.  . en.shindanmaker.com/919718,2025-10-14 08:50:22,2025-10-14 08:50:30,233
9389,Overwatch,Neutral,anna's ult group is clc. anna is a regular acc on twt. yeoreum (boogie up) is Anna's most popular fanam. anna has a soft layout. Anna's most popular tweet is about chic Sotzy. anna stans overwatch... en.shindanmaker.com / 919718,2025-10-14 08:50:22,2025-10-14 08:50:30,228
9389,Overwatch,Neutral,Anna has a soft make-up look. Anna's most popular tweet is about fashion. anna also keeps an eye on.. en.shinmaker.com / 919718,2025-10-14 08:50:22,2025-10-14 08:50:30,127
9389,Overwatch,Neutral,anna’s profile<unk> contains clc. anna is a prominent acc on twitter. yeoreum (boogie up) is a big popular fancam. he has a soft layout. anna’s most popular tweet is about fancy soty. anna also stans overwatch. . en.shindanmaker.com/919718,2025-10-14 08:50:22,2025-10-14 08:50:30,239
9389,Overwatch,Neutral,often anna ’ s ult name group is clc. When anna can is a regular acc on a twt. A yeoreum ( boogie up ) is anna ’ s most popular fancam. anna has a strong soft layout. anna ’ s most popular tweet is about catching fancy soty. anna also stans the overwatch.. en. shindanmaker. web com / 919718,2025-10-14 08:50:22,2025-10-14 08:50:30,291
9389,Overwatch,Neutral,anna’s ult group is clc. anna is his regular acc on twt. yeoreum (boogie hall) read anna’s very popular fancam. anna loves a cool layout. anna’s also beloved tweet is about fancy soty. anna sent stans about.. en.shindanmaker.com/919718,2025-10-14 08:50:22,2025-10-14 08:50:30,235
9390,Overwatch,Irrelevant,The Best Way to Protect the Samsung Galaxy Note10+ buff.ly/2zkjIhU  . .,2025-10-14 08:50:22,2025-10-14 08:50:30,73
9390,Overwatch,Irrelevant,The best way to protect the Samsung Galaxy Note10 + buff.ly / 2zkjIhU.,2025-10-14 08:50:22,2025-10-14 08:50:30,70
9390,Overwatch,Irrelevant,The best way to protect Samsung Galaxy Note10 + buff.ly / 2zkjU.,2025-10-14 08:50:22,2025-10-14 08:50:30,64
9390,Overwatch,Irrelevant,The Best Way to Protect the Samsung Galaxy Note10+ buff.ly/2zkjIhU <unk> },2025-10-14 08:50:22,2025-10-14 08:50:30,74
9390,Overwatch,Irrelevant,2010 The Best Way Book to Protect On the Samsung Galaxy Pocket Note10 + is buff. ly / 2zkjIhU..,2025-10-14 08:50:22,2025-10-14 08:50:30,95
9390,Overwatch,Irrelevant,The Best Way to Protect HD Samsung Galaxy HD+ HD.ly/2zkjIhU..,2025-10-14 08:50:22,2025-10-14 08:50:30,61
9391,Overwatch,Irrelevant,I have Ult.... A.K.A.. I'm gonna Ult from somewhere that will make it look AWESOME!!!. . twitch.tv/big75husky75,2025-10-14 08:50:22,2025-10-14 08:50:30,114
9391,Overwatch,Irrelevant,I have Ult.... A.K.A.. I'm going to get Ult from somewhere that will make it look TOTAL!!!. twitch.tv / big75husky75,2025-10-14 08:50:22,2025-10-14 08:50:30,116
9391,Overwatch,Irrelevant,I have a UTCh.A.A.... I'm going to UTCh.from somewhere that will make it look like UTCh.TV / big75husky75,2025-10-14 08:50:22,2025-10-14 08:50:30,105
9391,Overwatch,Irrelevant,I have Ult.... A.K.A.. I'm gonna Ult from somewhere that will make it look AWESOME!!!. . twitch.tv/big75husky75,2025-10-14 08:50:22,2025-10-14 08:50:30,114
9391,Overwatch,Irrelevant,via I have Ult.... A.K.A.. I'm gonna Ult from somewhere that will make it look AWESOME!!!. . twitch.tv/big75husky75,2025-10-14 08:50:22,2025-10-14 08:50:30,118
9391,Overwatch,Irrelevant,our,2025-10-14 08:50:22,2025-10-14 08:50:30,3
9392,Overwatch,Negative,The fact @PlayOverwatch won't nerf bastion clearly shows that they dont care about the lower ranks where the average amount of players are!!!,2025-10-14 08:50:22,2025-10-14 08:50:30,141
9392,Overwatch,Negative,The fact that @ PlayOverwatch will not be a nerf bastion clearly shows that the lower echelons don't care where the average number of players is!!!,2025-10-14 08:50:22,2025-10-14 08:50:30,147
9392,Overwatch,Negative,The fact that @ PlayOverwatch is not nervous clearly shows that they don't care about the lower ranks where the average number of players is!!!,2025-10-14 08:50:22,2025-10-14 08:50:30,143
9392,Overwatch,Negative,The fact @PlayOverwatch won't nerf bastion clearly shows that they dont care in the lower ranks where the average amount of players decrease,2025-10-14 08:50:22,2025-10-14 08:50:30,140
9392,Overwatch,Negative,The second fact on @PlayOverwatch won't nerf bastion clearly but shows them that they usually dont care about the lower middle ranks players where the average amount of players are!!!,2025-10-14 08:50:22,2025-10-14 08:50:30,183
9392,Overwatch,Negative,The fact new won't nerf bastion clearly shows that they dont know about the lower ranks than the average amount female players are!!!,2025-10-14 08:50:22,2025-10-14 08:50:30,133
9393,Overwatch,Irrelevant,Today has been the most fun I’ve had watching and interacting with Overwatch League in a long time.,2025-10-14 08:50:22,2025-10-14 08:50:30,99
9393,Overwatch,Irrelevant,Today was the funniest day I've seen and interacted with the Overwatch League in a long time.,2025-10-14 08:50:22,2025-10-14 08:50:30,93
9393,Overwatch,Irrelevant,Today was the most fun I've had to watch and interact with the Overwatch League in a long time.,2025-10-14 08:50:22,2025-10-14 08:50:30,95
9393,Overwatch,Irrelevant,Today has probably the most fun I’ve had watching and interacting with Overwatch heroes in a long time.,2025-10-14 08:50:22,2025-10-14 08:50:30,103
9393,Overwatch,Irrelevant,Today it has just been the first most fun I ’ ve been had watching and interacting with Overwatch League in a long time.,2025-10-14 08:50:22,2025-10-14 08:50:30,120
9393,Overwatch,Irrelevant,Today has easily the highest fun I’ve had watching players interacting with Overwatch League in a long time.,2025-10-14 08:50:22,2025-10-14 08:50:30,108
9394,Overwatch,Negative,Im so bored. And overwatch h is pissing me off today so I got off .,2025-10-14 08:50:22,2025-10-14 08:50:30,68
9394,Overwatch,Negative,"And he pissed me off today, so I got off.",2025-10-14 08:50:22,2025-10-14 08:50:30,41
9394,Overwatch,Negative,"muttered like that, and overtime is annoying me today, so I got off.",2025-10-14 08:50:22,2025-10-14 08:50:30,68
9394,Overwatch,Negative,Im so bored. And overwatch h is pissing me off today so I logged off.,2025-10-14 08:50:22,2025-10-14 08:50:30,69
9394,Overwatch,Negative,Im so bored. And overwatch h ps is pissing at me off today so I finally got paid off.,2025-10-14 08:50:22,2025-10-14 08:50:30,85
9394,Overwatch,Negative,been so tired. And overwatch h is pissing me off today so I back off.,2025-10-14 08:50:22,2025-10-14 08:50:30,69
9395,Overwatch,Positive,overwatch is a fun game and i love night market pic.twitter.com/TXF4OvoBm9,2025-10-14 08:50:22,2025-10-14 08:50:30,74
9395,Overwatch,Positive,overwatch is a fun game and I love night market pic.twitter.com / TXF4OvoBm9,2025-10-14 08:50:22,2025-10-14 08:50:30,76
9395,Overwatch,Positive,overwatch is a fun game and I love the night market pic.fm / TXF4OvoBm9,2025-10-14 08:50:22,2025-10-14 08:50:30,71
9395,Overwatch,Positive,overwatch is a fun game and i love night market pic.twitter.com/TXF4OvoBm9,2025-10-14 08:50:22,2025-10-14 08:50:30,74
9395,Overwatch,Positive,A overwatch is a fun game and i love night market pic.twitter.com/TXF4OvoBm9,2025-10-14 08:50:22,2025-10-14 08:50:30,76
9395,Overwatch,Positive,with,2025-10-14 08:50:22,2025-10-14 08:50:30,4
9396,Overwatch,Irrelevant,"I actually despise the SJW culture that Overwatch has around it. I just read an article that said that DVa's academy skin promotes sexism because \"the outfit is too sexually revealing.\" . . This skin.. . Is too revealing.. . Excuse me what pic.twitter.com/6MXpuCVm3j",2025-10-14 08:50:22,2025-10-14 08:50:30,266
9396,Overwatch,Irrelevant,"I've just read an article that says the DVa Academy's skin promotes sexism because \"the outfit is too sexually revealing...\" That skin... is too revealing... Excuse me for what pic.twitter.com / 6MXpuCVm3j says.",2025-10-14 08:50:22,2025-10-14 08:50:30,211
9396,Overwatch,Irrelevant,"I've just read an article saying DVa Academy skin promotes sexism because \"the outfit is too sexually explicit...\" This skin... is too revealing... See what pic.facebook.com / 6MXpuCVm3j",2025-10-14 08:50:22,2025-10-14 08:50:30,186
9396,Overwatch,Irrelevant,"I actually despise the SJW culture that Overwatch has around it. I just read an article that said that DVa's academy skin promotes sexism because \"the outfit is too sexually revealing.\" . . This skin.. . Is too revealing.. . Excuse me what pic.twitter.com/6MXpuCVm3j",2025-10-14 08:50:22,2025-10-14 08:50:30,266
9396,Overwatch,Irrelevant,"Project I actually despise the SJW culture that Overwatch has around it. I just read an article that said that DVa's academy skin promotes sexism because \"the outfit is too sexually revealing.\" . . This skin.. . Is too revealing.. . Excuse me what pic.twitter.com/6MXpuCVm3j",2025-10-14 08:50:22,2025-10-14 08:50:30,274
9396,Overwatch,Irrelevant,to,2025-10-14 08:50:22,2025-10-14 08:50:30,2
9397,Overwatch,Irrelevant,Ok y’all my favourite team now,2025-10-14 08:50:22,2025-10-14 08:50:30,30
9397,Overwatch,Irrelevant,Ok y'all my favorite team right now,2025-10-14 08:50:22,2025-10-14 08:50:30,35
9397,Overwatch,Irrelevant,"Okay, now my favorite team",2025-10-14 08:50:22,2025-10-14 08:50:30,26
9397,Overwatch,Irrelevant,Ok y’all my favourite song now,2025-10-14 08:50:22,2025-10-14 08:50:30,30
9397,Overwatch,Irrelevant,Good Ok y ’ all my favourite team now,2025-10-14 08:50:22,2025-10-14 08:50:30,37
9397,Overwatch,Irrelevant,Ok y’all my favourite faces now,2025-10-14 08:50:22,2025-10-14 08:50:30,31
9398,Overwatch,Negative,buying overwatch was a mistake i will never write a fic ever again,2025-10-14 08:50:22,2025-10-14 08:50:30,66
9398,Overwatch,Negative,Buying Overwatch was a mistake I will never write again,2025-10-14 08:50:22,2025-10-14 08:50:30,55
9398,Overwatch,Negative,"Buying a wristwatch was a mistake, I'll never write a fig again",2025-10-14 08:50:22,2025-10-14 08:50:30,63
9398,Overwatch,Negative,buying overwatch was a bitch i will never write a fic ever again,2025-10-14 08:50:22,2025-10-14 08:50:30,64
9398,Overwatch,Negative,buying overwatch was a mistake i still will never write a word fic ever post again,2025-10-14 08:50:22,2025-10-14 08:50:30,82
9398,Overwatch,Negative,buying overwatch<unk> a mistake i will never get a fic ever again,2025-10-14 08:50:22,2025-10-14 08:50:30,65
9399,Overwatch,Irrelevant,How beautiful is my girlfriend!!. Also she's live on twitch right now!! Let's go support this beautiful girl .,2025-10-14 08:50:22,2025-10-14 08:50:30,111
9399,Overwatch,Irrelevant,How beautiful is my girlfriend!!. She is also currently live on Twitch!! Let's go support this beautiful girl.,2025-10-14 08:50:22,2025-10-14 08:50:30,110
9399,Overwatch,Irrelevant,How beautiful is my friend!! and she's on air right now!! Let's go support this beautiful girl.,2025-10-14 08:50:22,2025-10-14 08:50:30,95
9399,Overwatch,Irrelevant,How beautiful is my girlfriend!!. Also she's live on twitch right now!! Let's help support this beautiful man.,2025-10-14 08:50:22,2025-10-14 08:50:30,110
9399,Overwatch,Irrelevant,How freaking beautiful is that my girlfriend!!. Also she's live on her twitch it right now!! Let's not go support this beautiful girl.,2025-10-14 08:50:22,2025-10-14 08:50:30,134
9399,Overwatch,Irrelevant,How beautiful of my girlfriend!!. But she's live on twitch right now!! Everyone's go support this beautiful woman.,2025-10-14 08:50:22,2025-10-14 08:50:30,114
9400,Overwatch,Neutral,miraculous ladybug and moira frm overwatch!!,2025-10-14 08:50:22,2025-10-14 08:50:30,44
9400,Overwatch,Neutral,miraculous ladybugs and Moira frm overwatch!!,2025-10-14 08:50:22,2025-10-14 08:50:30,45
9400,Overwatch,Neutral,miraculous ladybug and moira frm overwatch!!,2025-10-14 08:50:22,2025-10-14 08:50:30,44
9400,Overwatch,Neutral,miraculous ladybug and moira dive overwatch!!,2025-10-14 08:50:22,2025-10-14 08:50:30,45
9400,Overwatch,Neutral,miraculous ladybug hair and moira of frm of overwatch!!,2025-10-14 08:50:22,2025-10-14 08:50:30,55
9400,Overwatch,Neutral,miraculous ladybug and moira frm the,2025-10-14 08:50:22,2025-10-14 08:50:30,36
9401,Overwatch,Negative,The worst character,2025-10-14 08:50:22,2025-10-14 08:50:30,19
9401,Overwatch,Negative,Worst Character,2025-10-14 08:50:22,2025-10-14 08:50:30,15
9401,Overwatch,Negative,Worst Character,2025-10-14 08:50:22,2025-10-14 08:50:30,15
9401,Overwatch,Negative,The worst candidates,2025-10-14 08:50:22,2025-10-14 08:50:30,20
9401,Overwatch,Negative,The official worst character,2025-10-14 08:50:22,2025-10-14 08:50:30,28
9401,Overwatch,Negative,The woman character,2025-10-14 08:50:22,2025-10-14 08:50:30,19
9402,Overwatch,Irrelevant,OVERWATCH NOOB GRINDS TO GOLD | ik im bad twitch.tv/newtsock,2025-10-14 08:50:22,2025-10-14 08:50:30,60
9402,Overwatch,Irrelevant,OVERWATCH NOOB GRINDS TO GOLD | ik in the bathroom twitch.tv / newtsock,2025-10-14 08:50:22,2025-10-14 08:50:30,71
9402,Overwatch,Irrelevant,NECESSARY GOLD NOGRINDS / newtsock,2025-10-14 08:50:22,2025-10-14 08:50:30,34
9402,Overwatch,Irrelevant,OVERWATCH NOOB GRINDS TO GOLD | ik im bad twitch.tv/newtsock,2025-10-14 08:50:22,2025-10-14 08:50:30,60
9402,Overwatch,Irrelevant,via OVERWATCH NOOB GRINDS TO GOLD | ik im bad twitch.tv/newtsock,2025-10-14 08:50:22,2025-10-14 08:50:30,64
9402,Overwatch,Irrelevant,make,2025-10-14 08:50:22,2025-10-14 08:50:30,4
9403,Overwatch,Positive,We love orbs,2025-10-14 08:50:22,2025-10-14 08:50:30,12
9403,Overwatch,Positive,We love balls,2025-10-14 08:50:22,2025-10-14 08:50:30,13
9403,Overwatch,Positive,We love balloons,2025-10-14 08:50:22,2025-10-14 08:50:30,16
9403,Overwatch,Positive,We love...,2025-10-14 08:50:22,2025-10-14 08:50:30,10
9403,Overwatch,Positive,We found love orbs,2025-10-14 08:50:22,2025-10-14 08:50:30,18
9403,Overwatch,Positive,We hear orbs,2025-10-14 08:50:22,2025-10-14 08:50:30,12
9404,Overwatch,Neutral,Cheeky Boop and some nice teamwork,2025-10-14 08:50:22,2025-10-14 08:50:30,36
9404,Overwatch,Neutral,Cheeky Boop and Nice Teamwork,2025-10-14 08:50:22,2025-10-14 08:50:30,29
9404,Overwatch,Neutral,Cheeky Boop and some nice teamwork,2025-10-14 08:50:22,2025-10-14 08:50:30,34
9404,Overwatch,Neutral,Cheeky Boop and a nice teamwork,2025-10-14 08:50:22,2025-10-14 08:50:30,31
9404,Overwatch,Neutral,Cheeky Boop up and have some nice teamwork,2025-10-14 08:50:22,2025-10-14 08:50:30,42
9404,Overwatch,Neutral,up Boop and some nice teamwork,2025-10-14 08:50:22,2025-10-14 08:50:30,30
9405,Overwatch,Negative,@PlayOverwatch i get disconnected every mid game and there's a lot of games that someone disconnects at the very start is there a problem?,2025-10-14 08:50:22,2025-10-14 08:50:30,138
9405,Overwatch,Negative,@ PlayOverwatch I get separated every game in the middle and there are a lot of games that someone separates at the very beginning. Is there a problem?,2025-10-14 08:50:22,2025-10-14 08:50:30,151
9405,Overwatch,Negative,"@ PlayOverwatch I switch off every game and there are a lot of games that someone switches off at the start, is there a problem?",2025-10-14 08:50:22,2025-10-14 08:50:30,128
9405,Overwatch,Negative,@PlayOverwatch i get disconnected every one game and there's a lot of games that someone disconnects at the very start is reliability a problem?,2025-10-14 08:50:22,2025-10-14 08:50:30,144
9405,Overwatch,Negative,@PlayOverwatch i get disconnected almost every mid game and there's a lot of games that someone disconnects at even the very most start or is so there now a problem?,2025-10-14 08:50:22,2025-10-14 08:50:30,165
9405,Overwatch,Negative,@PlayOverwatch i get disconnected every mid game yet there's a lot of games that someone disconnects at its very starting is that a problem?,2025-10-14 08:50:22,2025-10-14 08:50:30,140
9406,Overwatch,Positive,God i am so good at overwatch fukc,2025-10-14 08:50:22,2025-10-14 08:50:30,34
9406,Overwatch,Positive,"God, I'm so good at monitoring fukc",2025-10-14 08:50:22,2025-10-14 08:50:30,35
9406,Overwatch,Positive,God i am so good at overwatch fukc,2025-10-14 08:50:22,2025-10-14 08:50:30,34
9406,Overwatch,Positive,God i am ever good at overwatch fukc,2025-10-14 08:50:22,2025-10-14 08:50:30,36
9406,Overwatch,Positive,my God i love am so good at overwatch fukc,2025-10-14 08:50:22,2025-10-14 08:50:30,42
9406,Overwatch,Positive,if i am so good at overwatch fukc,2025-10-14 08:50:22,2025-10-14 08:50:30,33
9407,Overwatch,Neutral,Didnt play overwatch for one day and my aim is shit .,2025-10-14 08:50:22,2025-10-14 08:50:30,54
9407,Overwatch,Neutral,I haven't played Overwatch for a day and my goal is shit.,2025-10-14 08:50:22,2025-10-14 08:50:30,57
9407,Overwatch,Neutral,Didnt play overwatch for one day and my aim is shit.,2025-10-14 08:50:22,2025-10-14 08:50:30,52
9407,Overwatch,Neutral,Didnt play overwatch for one day and my aim is higher.,2025-10-14 08:50:22,2025-10-14 08:50:30,54
9407,Overwatch,Neutral,Didnt play overwatch for one day... and already my aim is shit.,2025-10-14 08:50:22,2025-10-14 08:50:30,63
9407,Overwatch,Neutral,Didnt play overwatch for one day and my aim got just.,2025-10-14 08:50:22,2025-10-14 08:50:30,53
9408,Overwatch,Negative,yooo the overwatch serves just went down lesssgooo,2025-10-14 08:50:22,2025-10-14 08:50:30,50
9408,Overwatch,Negative,yooo the Overwatch premiums just went under lesssgooo,2025-10-14 08:50:22,2025-10-14 08:50:30,53
9408,Overwatch,Negative,yooo the overwatch services just went down lesssgooo,2025-10-14 08:50:22,2025-10-14 08:50:30,52
9408,Overwatch,Negative,yooo the overwatch damage just went down lesssgooo,2025-10-14 08:50:22,2025-10-14 08:50:30,50
9408,Overwatch,Negative,yooo the overwatch serves just but went wrong down lesssgooo,2025-10-14 08:50:22,2025-10-14 08:50:30,60
9408,Overwatch,Negative,yooo the first serves just went down to,2025-10-14 08:50:22,2025-10-14 08:50:30,39
9409,Overwatch,Negative,@PlayOverwatch  It's on PTR and looks very annoying ngl pic.twitter.com/EOCyqjzoBO,2025-10-14 08:50:22,2025-10-14 08:50:30,82
9409,Overwatch,Negative,@ PlayOverwatch It's on PTR and looks very annoying ngl pic.twitter.com / EOCyqjzoBO,2025-10-14 08:50:22,2025-10-14 08:50:30,84
9409,Overwatch,Negative,@ PlayOverwatch It's on PTR and looks very annoying npic.su / EOCyqjzoBO,2025-10-14 08:50:22,2025-10-14 08:50:30,72
9409,Overwatch,Negative,RhandlerR  It's on PTR and looks very annoying ngl pic.twitter.com/EOCyqjzoBO,2025-10-14 08:50:22,2025-10-14 08:50:30,77
9409,Overwatch,Negative,in RhandlerR  It's on PTR and looks very annoying ngl pic.twitter.com/EOCyqjzoBO,2025-10-14 08:50:22,2025-10-14 08:50:30,80
9409,Overwatch,Negative,what,2025-10-14 08:50:22,2025-10-14 08:50:30,4
9410,Overwatch,Positive,I despise shooters. .  I’m supposed to be getting ready for this shoot tomorrow and I’m playing overwatch. @SshotJ .,2025-10-14 08:50:22,2025-10-14 08:50:30,117
9410,Overwatch,Positive,I despise shooters.. I'm supposed to prepare for this shoot tomorrow and play Overwatch. @ SshotJ.,2025-10-14 08:50:22,2025-10-14 08:50:30,98
9410,Overwatch,Positive,I despires shooters... I'm supposed to be preparing for this shoot tomorrow and I'm playing overwatch. @ SshotJ.,2025-10-14 08:50:22,2025-10-14 08:50:30,112
9410,Overwatch,Positive,I despise shooters..  I’m supposed to be getting ready during this shoot around and I’m an overwatch. @SshotJ.,2025-10-14 08:50:22,2025-10-14 08:50:30,110
9410,Overwatch,Positive,I would despise most shooters.. I ’ so m supposed to really be getting ready for this pole shoot tomorrow and I will ’ m playing overwatch. @SshotJ.,2025-10-14 08:50:22,2025-10-14 08:50:30,148
9410,Overwatch,Positive,I do shooters.. I’m excited to be getting ready at this shoot tomorrow and I’m playing at. @SshotJ.,2025-10-14 08:50:22,2025-10-14 08:50:30,99
9411,Overwatch,Positive,"What’s next for @PlayOverwatch  @overwatchleague making a All Stars Legendary skins for...........u know who. They did Tracer, Genji, Mercy, And Lucio. What’s next......which Overwatch characters will having a All Stars Legendary skin next . I hope is Ana and Widowmaker....I wish.",2025-10-14 08:50:22,2025-10-14 08:50:30,281
9411,Overwatch,Positive,"What's next? @ PlayOverwatch @ overwatchleague makes an All Stars Legendary Skins for... u know who. You have Tracer, Genji, Mercy and Lucio. What's next... which Overwatch characters will have an All Stars Legendary Skins next. I hope it's Ana and Widowmaker.... I wish it.",2025-10-14 08:50:22,2025-10-14 08:50:30,274
9411,Overwatch,Positive,"What's next? @ PlayOverwatch @ overwatchleague does All Stars Legendary skins for....... u know who. They did Tracer, Genji, Mercy, And Lucky. What's next...... which Overwatch characters will have a All Stars Legendary skin next. I hope is Ana and Widowmaker.... I wish.",2025-10-14 08:50:22,2025-10-14 08:50:30,271
9411,Overwatch,Positive,"What’s next for @PlayOverwatch  @overwatchleague making a All Stars Legendary skins for...........u see who. They did Tracer, Genji, Rain, And<unk>. Maybe next......which Overwatch characters will having a All Stars Legendary skin next. I hope its Ana and Widowmaker....I Promise.",2025-10-14 08:50:22,2025-10-14 08:50:30,280
9411,Overwatch,Positive,"What ’ s next for @PlayOverwatch like @overwatchleague making a All World Stars Legendary skins for........... but u know who. They did Tracer, Genji, Mercy, And sometimes Lucio. What ’ hasn s next...... which Overwatch player characters will consider having a All Stars Legendary skin next. I hope he is King Ana and Widowmaker.... if I wish.",2025-10-14 08:50:22,2025-10-14 08:50:30,343
9411,Overwatch,Positive,"What’s next from @PlayOverwatch @overwatchleague wants a All Stars Legendary skins for...........u knew who. They did Tracer, Genji, Mercy, then Lucio. What’s next......which their characters will having for All Stars heroic skin next. Same hope the Ana and Widowmaker....I pray.",2025-10-14 08:50:22,2025-10-14 08:50:30,279
9412,Overwatch,Irrelevant,5 years ago I built My PC from a decent office PC I brought cheap. Well its starting to show its age. Yesterday I could barely stream Overwatch. Seems Esmeralda is looking to retire.  Im already in the process of building a new PC but I guess I hate to say goodbye.,2025-10-14 08:50:22,2025-10-14 08:50:30,265
9412,Overwatch,Irrelevant,"5 years ago I built my PC from a decent office PC that I had brought along cheaply. Well, it's starting to show its age. Yesterday, I could barely stream Overwatch. Esmeralda seems to be retiring. I'm already building a new PC, but I think I hate to say goodbye.",2025-10-14 08:50:22,2025-10-14 08:50:30,262
9412,Overwatch,Irrelevant,"I built my PC 5 years ago from a decent office PC that I brought cheaply. Well, it's starting to show its age. Yesterday I could barely watch Overwatch. It looks like Esmeralda is about to retire.",2025-10-14 08:50:22,2025-10-14 08:50:30,196
9412,Overwatch,Irrelevant,5 years ago I built My MMO from a decent office PC I got cheap. Well its starting to show its rust. Yesterday I could barely stream Overwatch. Seems Esmeralda is looking to retire.  is already in the business of purchasing a new PC but I guess I hate to say goodbye.,2025-10-14 08:50:22,2025-10-14 08:50:30,266
9412,Overwatch,Irrelevant,5 hundred years ago I finally built my My PC from a decent office PC I brought cheap. Well its starting ready to show its age. Early Yesterday I could barely stream on Overwatch. Seems old Esmeralda here is looking to retire. Im already in in progress the process of building a new PC but I guess I hate to say goodbye.,2025-10-14 08:50:22,2025-10-14 08:50:30,319
9412,Overwatch,Irrelevant,5 years ago I build My PC from a standard office PC I brought cheap. Well its starts to show its age. Yesterday I could barely stream Overwatch. Seems Esmeralda was looking like retire. Im already in the process and building me new PC but just guess I hate to say now.,2025-10-14 08:50:22,2025-10-14 08:50:30,268
9413,Overwatch,Irrelevant,Cassie forced everyone to play a Kahoot quiz about Overwatch and Cassie won,2025-10-14 08:50:22,2025-10-14 08:50:30,75
9413,Overwatch,Irrelevant,Cassie forced everyone to play a kahoot quiz on Overwatch and Cassie won,2025-10-14 08:50:22,2025-10-14 08:50:30,72
9413,Overwatch,Irrelevant,"Cassie got everyone to play a Cajun quiz about Overwatch, and Cassie won",2025-10-14 08:50:22,2025-10-14 08:50:30,72
9413,Overwatch,Irrelevant,Cassie forced everyone to play a Kahoot quiz about Overwatch — Cassie won,2025-10-14 08:50:22,2025-10-14 08:50:30,73
9413,Overwatch,Irrelevant,Also Cassie forced everyone online to play a Kahoot quiz about Overwatch X and Cassie won,2025-10-14 08:50:22,2025-10-14 08:50:30,89
9413,Overwatch,Irrelevant,Cassie forced everyone to play a Kahoot documentary about Overwatch and Cassie killed,2025-10-14 08:50:22,2025-10-14 08:50:30,85
9414,Overwatch,Irrelevant,.@TPAIN.... . Come @PlayOverwatch with some of us in the  . . MAD LUV for ya... . .,2025-10-14 08:50:22,2025-10-14 08:50:30,85
9414,Overwatch,Irrelevant,. @ TPAIN..... Come @ PlayOverwatch with some of us in the.. MAD LUV for ya.....,2025-10-14 08:50:22,2025-10-14 08:50:30,80
9414,Overwatch,Irrelevant,. @ TPAIN..... Come @ PlayOverwatch with some of us in the.... MAD LUV for ya......,2025-10-14 08:50:22,2025-10-14 08:50:30,83
9414,Overwatch,Irrelevant,.@TPAIN....<unk> Come @PlayOverwatch with some of us in the .. MAD LUV TO ya.....,2025-10-14 08:50:22,2025-10-14 08:50:30,81
9414,Overwatch,Irrelevant,. 14 @TPAIN..... all Come @PlayOverwatch down with some of this us in to the.. MAD... LUV ready for ya.....,2025-10-14 08:50:22,2025-10-14 08:50:30,107
9414,Overwatch,Irrelevant,.@TPAIN..... The @PlayOverwatch find us more us on the.. MAD LUV DO ya.....,2025-10-14 08:50:22,2025-10-14 08:50:30,75
9415,Overwatch,Negative,What does everyone think of @PlayOverwatch open que comp? I've been rolling on sigma but it's hell if you don't have supp players.,2025-10-14 08:50:22,2025-10-14 08:50:30,132
9415,Overwatch,Negative,"What does everyone think about @ PlayOverwatch open que comp? I've rolled on sigma, but it's hell if you don't have support players.",2025-10-14 08:50:22,2025-10-14 08:50:30,132
9415,Overwatch,Negative,"What's everyone thinking about @ PlayOverwatch open que comp? I've been riding a sigma, but it's hell if you don't have soup players.",2025-10-14 08:50:22,2025-10-14 08:50:30,133
9415,Overwatch,Negative,What does everyone think of @PlayOverwatch open que comp? I've been put on sigma but it's hell since you don't have any players.,2025-10-14 08:50:22,2025-10-14 08:50:30,128
9415,Overwatch,Negative,What does everyone think of @PlayOverwatch or open que comp? 1 I've been rolling on my sigma but know it's all hell off if anything you don't have supp players.,2025-10-14 08:50:22,2025-10-14 08:50:30,160
9415,Overwatch,Negative,se does everyone get of @PlayOverwatch open que release? E've been rolling on sigma but it's hell off you don't have supp players.,2025-10-14 08:50:22,2025-10-14 08:50:30,130
9416,Overwatch,Positive,Wait overwatch is hella fun,2025-10-14 08:50:22,2025-10-14 08:50:30,27
9416,Overwatch,Positive,Wait overwatch is hella fun,2025-10-14 08:50:22,2025-10-14 08:50:30,27
9416,Overwatch,Positive,Waiting for an audition is fun,2025-10-14 08:50:22,2025-10-14 08:50:30,30
9416,Overwatch,Positive,Wait overwatch means hella fun,2025-10-14 08:50:22,2025-10-14 08:50:30,30
9416,Overwatch,Positive,Wait An overwatch is hella fun,2025-10-14 08:50:22,2025-10-14 08:50:30,30
9416,Overwatch,Positive,Wait overwatch is incredibly fun,2025-10-14 08:50:22,2025-10-14 08:50:30,32
9417,Overwatch,Positive,every so often i miss playing overwatch and i hate myself for it. . today is one of those days,2025-10-14 08:50:22,2025-10-14 08:50:30,94
9417,Overwatch,Positive,Every now and then I miss playing overwatch and I hate myself for it.. today is one of those days.,2025-10-14 08:50:22,2025-10-14 08:50:30,98
9417,Overwatch,Positive,every time I miss auditions and hate myself for it... today is one of those days,2025-10-14 08:50:22,2025-10-14 08:50:30,80
9417,Overwatch,Positive,every so often i miss playing overwatch and i push myself for it.. today is one of those time,2025-10-14 08:50:22,2025-10-14 08:50:30,93
9417,Overwatch,Positive,Since every so often on i miss playing overwatch and i hate myself for avoiding it.. today is one more of those days,2025-10-14 08:50:22,2025-10-14 08:50:30,116
9417,Overwatch,Positive,every so often i miss giving cards and i hate blogging for it.. today is one of those days,2025-10-14 08:50:22,2025-10-14 08:50:30,90
9418,Overwatch,Irrelevant,So it turns out I’m terrible at Overwatch on PC... pic.twitter.com/Ig55BO4wuv,2025-10-14 08:50:22,2025-10-14 08:50:30,77
9418,Overwatch,Irrelevant,So it turns out I'm terrible at Overwatch on PC... pic.twitter.com / Ig55BO4wuv,2025-10-14 08:50:22,2025-10-14 08:50:30,79
9418,Overwatch,Irrelevant,Turns out I'm terrible on Overwatch on PC... pic.wikipedia.org / wikipedia55BO4v,2025-10-14 08:50:22,2025-10-14 08:50:30,80
9418,Overwatch,Irrelevant,So it turns out I’m terrible at Overwatch on PC... pic.twitter.com/Ig55BO4wuv,2025-10-14 08:50:22,2025-10-14 08:50:30,77
9418,Overwatch,Irrelevant,The So it turns out I’m terrible at Overwatch on PC... pic.twitter.com/Ig55BO4wuv,2025-10-14 08:50:22,2025-10-14 08:50:30,81
9418,Overwatch,Irrelevant,<unk>,2025-10-14 08:50:22,2025-10-14 08:50:30,5
9419,Overwatch,Irrelevant,My Favorite Overwatch Event.,2025-10-14 08:50:22,2025-10-14 08:50:30,29
9419,Overwatch,Irrelevant,My favourite Overwatch event.,2025-10-14 08:50:22,2025-10-14 08:50:30,29
9419,Overwatch,Irrelevant,My Overwatch watch watch.,2025-10-14 08:50:22,2025-10-14 08:50:30,25
9419,Overwatch,Irrelevant,My Favorite Overwatch Players.,2025-10-14 08:50:22,2025-10-14 08:50:30,30
9419,Overwatch,Irrelevant,My Favorite Live Overwatch Event.,2025-10-14 08:50:23,2025-10-14 08:50:30,33
9419,Overwatch,Irrelevant,My Movie Overwatch Event.,2025-10-14 08:50:23,2025-10-14 08:50:30,25
9420,Overwatch,Positive,Gold looks good on you D.Va .,2025-10-14 08:50:23,2025-10-14 08:50:30,32
9420,Overwatch,Positive,Gold looks good for you D.Va.,2025-10-14 08:50:23,2025-10-14 08:50:30,29
9420,Overwatch,Positive,"Gold looks good on you, D.Va.",2025-10-14 08:50:23,2025-10-14 08:50:30,29
9420,Overwatch,Positive,Gold looks good on you N.Va.,2025-10-14 08:50:23,2025-10-14 08:50:30,28
9420,Overwatch,Positive,Gold looks good on anything you like D. Va.,2025-10-14 08:50:23,2025-10-14 08:50:30,43
9420,Overwatch,Positive,Gold look good on you D.Va.,2025-10-14 08:50:23,2025-10-14 08:50:30,27
9421,Overwatch,Negative,Mei is getting absolutely destroyed with these nerfs :(,2025-10-14 08:50:23,2025-10-14 08:50:30,55
9421,Overwatch,Negative,Mei is completely destroyed with these nerves: (,2025-10-14 08:50:23,2025-10-14 08:50:30,48
9421,Overwatch,Negative,May is completely destroyed by these nerves: (,2025-10-14 08:50:23,2025-10-14 08:50:30,46
9421,Overwatch,Negative,Mei is already absolutely destroyed with these nerfs :(,2025-10-14 08:50:23,2025-10-14 08:50:30,55
9421,Overwatch,Negative,Now Mei is getting absolutely to destroyed with these nerfs : (,2025-10-14 08:50:23,2025-10-14 08:50:30,63
9421,Overwatch,Negative,she is getting absolutely comfortable with these nerfs :(,2025-10-14 08:50:23,2025-10-14 08:50:30,57
9422,Overwatch,Irrelevant,The Best Way to Protect the Samsung Galaxy Note10+ buff.ly/2zkjIhU  . .,2025-10-14 08:50:23,2025-10-14 08:50:30,73
9422,Overwatch,Irrelevant,The best way to protect the Samsung Galaxy Note10 + buff.ly / 2zkjIhU.,2025-10-14 08:50:23,2025-10-14 08:50:30,70
9422,Overwatch,Irrelevant,The best way to protect Samsung Galaxy Note10 + buff.ly / 2zkjU.,2025-10-14 08:50:23,2025-10-14 08:50:30,64
9422,Overwatch,Irrelevant,The Best Way to Protect the Samsung Galaxy Note10+ buff.ly/2zkjIhU <unk> ^,2025-10-14 08:50:23,2025-10-14 08:50:30,74
9422,Overwatch,Irrelevant,The Best Perfect Way to Protect All the Planet Samsung Galaxy Note10 + By buff. ly / The 2zkjIhU..,2025-10-14 08:50:23,2025-10-14 08:50:30,98
9422,Overwatch,Irrelevant,The Easy Way Till Protect the Samsung Galaxy Note10+ Insurance.ly/2zkjIhU..,2025-10-14 08:50:23,2025-10-14 08:50:30,75
9423,Overwatch,Positive,Having fun playing some overwatch .   . . store.playstation.com/,2025-10-14 08:50:23,2025-10-14 08:50:30,65
9423,Overwatch,Positive,Have fun watching... store.playstation.com /,2025-10-14 08:50:23,2025-10-14 08:50:30,44
9423,Overwatch,Positive,Having fun listening to... store.playstation.com /,2025-10-14 08:50:23,2025-10-14 08:50:30,50
9423,Overwatch,Positive,Having fun playing some overwatch.   www. store.playstation.com/,2025-10-14 08:50:23,2025-10-14 08:50:30,64
9423,Overwatch,Positive,2009 Having fun playing some pretty overwatch... store. for playstation. com /,2025-10-14 08:50:23,2025-10-14 08:50:30,78
9423,Overwatch,Positive,some fun building some other... store.playstation.com/,2025-10-14 08:50:23,2025-10-14 08:50:30,54
9424,Overwatch,Irrelevant,this interaction right here makes me feel avenged for every sexist fucker i've encountered in Overwatch. . @Dipidy_  is my hero,2025-10-14 08:50:23,2025-10-14 08:50:30,127
9424,Overwatch,Irrelevant,This interaction here makes me feel like I've avenged myself for every sexist fucker I encountered in Overwatch.. @ Dipidy _ is my hero,2025-10-14 08:50:23,2025-10-14 08:50:30,135
9424,Overwatch,Irrelevant,this interaction right here makes me feel like avenger for every sexist fool I've seen in Overwatch.. @ Dipidy _ is my hero,2025-10-14 08:50:23,2025-10-14 08:50:30,123
9424,Overwatch,Irrelevant,this interaction right here let me feel avenged at every sexist fucker i've encountered in Overwatch.. @Dipidy_  is my hero,2025-10-14 08:50:23,2025-10-14 08:50:30,123
9424,Overwatch,Irrelevant,this interaction right here makes me almost feel avenged for... every possible sexist fucker i've encountered recently in Captain Overwatch.. @Dipidy_ is my hero,2025-10-14 08:50:23,2025-10-14 08:50:30,161
9424,Overwatch,Irrelevant,this interaction over here makes me feel ashamed for every sexist fucker i've encountered that my.. @Dipidy_ is my hero,2025-10-14 08:50:23,2025-10-14 08:50:30,119
9425,Overwatch,Positive,Big thanks to @ItsFuckenSyrus for getting me Overwatch pic.twitter.com/jUF36RfObK,2025-10-14 08:50:23,2025-10-14 08:50:30,81
9425,Overwatch,Positive,Thanks to @ ItsFuckenSyrus for getting me Overwatch pic.twitter.com / jUF36RfObK,2025-10-14 08:50:23,2025-10-14 08:50:30,80
9425,Overwatch,Positive,Many thanks to @ ItsFuxSyrus for making me look at the picture.,2025-10-14 08:50:23,2025-10-14 08:50:30,63
9425,Overwatch,Positive,Big thanks to RhandlerR for getting me Overwatch pic.twitter.com/jUF36RfObK,2025-10-14 08:50:23,2025-10-14 08:50:30,75
9425,Overwatch,Positive,or Big thanks to RhandlerR for getting me Overwatch pic.twitter.com/jUF36RfObK,2025-10-14 08:50:23,2025-10-14 08:50:30,78
9425,Overwatch,Positive,for,2025-10-14 08:50:23,2025-10-14 08:50:30,3
9426,Overwatch,Irrelevant,genuinely the funniest insult i've seen in overwatch pic.twitter.com/72ngWA2Un6,2025-10-14 08:50:23,2025-10-14 08:50:30,79
9426,Overwatch,Irrelevant,The funniest insult I've seen in Overwatch pic.twitter.com / 72ngWA2Un6,2025-10-14 08:50:23,2025-10-14 08:50:30,71
9426,Overwatch,Irrelevant,Truly the funniest insurers I've seen in overwatch pic.watch / 72ngWA2Un6,2025-10-14 08:50:23,2025-10-14 08:50:30,73
9426,Overwatch,Irrelevant,genuinely the funniest insult i've seen in overwatch pic.twitter.com/72ngWA2Un6,2025-10-14 08:50:23,2025-10-14 08:50:30,79
9426,Overwatch,Irrelevant,The genuinely the funniest insult i've seen in overwatch pic.twitter.com/72ngWA2Un6,2025-10-14 08:50:23,2025-10-14 08:50:30,83
9426,Overwatch,Irrelevant,of,2025-10-14 08:50:23,2025-10-14 08:50:30,2
9427,Overwatch,Negative,"I didn't like the idea initially, but I'd MUCH rather have hero bans for each match that players control over a randomized weekly pool of bans. Hero pools will just cause more problems for Overwatch than anything else.",2025-10-14 08:50:23,2025-10-14 08:50:30,218
9427,Overwatch,Negative,"I didn't like the idea at first, but I'd rather have hero bans for every game that players control via a random weekly pool of bans. Hero pools will just cause Overwatch more problems than anything else.",2025-10-14 08:50:23,2025-10-14 08:50:30,203
9427,Overwatch,Negative,"Initially, I didn't like the idea, but I would prefer to have personal baths in every match, which the players would control weekly rendezvous with baths.",2025-10-14 08:50:23,2025-10-14 08:50:30,154
9427,Overwatch,Negative,"I didn't like the idea originally, but I'd MUCH rather have hero bans for each match that players control over some randomized randomized pool of bans. Online pools will just cause more problems for Overwatch than anything else.",2025-10-14 08:50:23,2025-10-14 08:50:30,228
9427,Overwatch,Negative,"Although I didn't like the idea initially, but I'S d MUCH rather have various hero card bans for each horror match and that gave players control over a randomized random weekly pool of bans. Hero pools will usually just cause more problems for Overwatch rules than anything else.",2025-10-14 08:50:23,2025-10-14 08:50:30,279
9427,Overwatch,Negative,"I didn't enjoy the premise initially, personally you'd MUCH rather have hero bans for each match while players control over a randomized weekly pool of bans. Hero pools will definitely cause more problems for Overwatch than anybody else.",2025-10-14 08:50:23,2025-10-14 08:50:30,237
9428,Overwatch,Neutral,LEGO Overwatch™ Tracer. klemmbausteine.com/displayimage.p… https://t.co/0dcFGx489n,2025-10-14 08:50:23,2025-10-14 08:50:30,82
9428,Overwatch,Neutral,LEGO Overwatch ™ Tracer. klemmbausteine.com / displayimage.p... https: / / t.co / 0dcFGx489n,2025-10-14 08:50:23,2025-10-14 08:50:30,92
9428,Overwatch,Neutral,LEGO Overwatch ™ Tracer. http: / / www.yimage.p... https: / / www.co / 0dcFGx489n,2025-10-14 08:50:23,2025-10-14 08:50:30,81
9428,Overwatch,Neutral,LEGO Overwatch™ import. klemmbausteine.com/displayimage.p… edit],2025-10-14 08:50:23,2025-10-14 08:50:30,64
9428,Overwatch,Neutral,see LEGO [UNK] in Tracer. com klemmbausteine. com / displayimage. where p … https://t.co/0dcFGx489n ],2025-10-14 08:50:23,2025-10-14 08:50:30,101
9428,Overwatch,Neutral,LEGO images by. klemmbausteine.com/displayimage.p... and],2025-10-14 08:50:23,2025-10-14 08:50:30,57
9429,Overwatch,Negative,Give the men nice butts too.,2025-10-14 08:50:23,2025-10-14 08:50:30,28
9429,Overwatch,Negative,"Give the men nice butts, too.",2025-10-14 08:50:23,2025-10-14 08:50:30,29
9429,Overwatch,Negative,Give men good butts too.,2025-10-14 08:50:23,2025-10-14 08:50:30,24
9429,Overwatch,Negative,Give the men nice butts hips.,2025-10-14 08:50:23,2025-10-14 08:50:30,29
9429,Overwatch,Negative,All Give the men nice butts too.,2025-10-14 08:50:23,2025-10-14 08:50:30,32
9429,Overwatch,Negative,Give the men those butts too.,2025-10-14 08:50:23,2025-10-14 08:50:30,29
9430,Overwatch,Negative,"I'm sorry if he'll have any problems, but I promised! reporting Jeff in 3 pictures. for Echo-not-a-support-hero.",2025-10-14 08:50:23,2025-10-14 08:50:30,114
9430,Overwatch,Negative,"m sorry if he will have any problems, but I promised! Jeff to report in 3 pictures. for Echo-not-a-support-hero.",2025-10-14 08:50:23,2025-10-14 08:50:30,112
9430,Overwatch,Negative,"I'm sorry if he has any problems, but I promised!",2025-10-14 08:50:23,2025-10-14 08:50:30,49
9430,Overwatch,Negative,"I'm sorry if any bring any problems, but I apologize! reporting Jeff in 3 pictures. for Echo-not-a-support-hero.",2025-10-14 08:50:23,2025-10-14 08:50:30,112
9430,Overwatch,Negative,"Sometimes I'm sorry if he'll have any any moral problems, but I promised! reporting Jeff in 3 million pictures. for Echo - not - really a - support - friend hero.",2025-10-14 08:50:23,2025-10-14 08:50:30,162
9430,Overwatch,Negative,"I'm sorry if he'll have any problems, but this was! reporting me in 3 pictures. an Echo-not-a-support-hero.",2025-10-14 08:50:23,2025-10-14 08:50:30,107
9431,Overwatch,Negative,I got an email about the festival of the lost and started sobbing cus I’m too sick to play destiny or overwatch now and the Halloween events are my favorite,2025-10-14 08:50:23,2025-10-14 08:50:30,156
9431,Overwatch,Negative,I got an email about the Feast of the Lost and started sobbing because I'm too sick to play fate or watch now.,2025-10-14 08:50:23,2025-10-14 08:50:30,110
9431,Overwatch,Negative,I got an email about the holiday of the lost and started to sob that I was too ill to play fate or watch now and Halloween events are my favorite,2025-10-14 08:50:23,2025-10-14 08:50:30,145
9431,Overwatch,Negative,I got an email about the festival of the lost and started sobbing cus I’m too sick to play destiny or overwatch now since the Halloween events where the favorite,2025-10-14 08:50:23,2025-10-14 08:50:30,161
9431,Overwatch,Negative,I got an email today about the festival of burying the dead lost and started sobbing cus I think ’ m too sick to play by destiny or overwatch now but and the Halloween events are my favorite,2025-10-14 08:50:23,2025-10-14 08:50:30,190
9431,Overwatch,Negative,I got an email about the festival with the lost and started crying cus I’m too sick to play with or overwatch people and the magical events are my favorite,2025-10-14 08:50:23,2025-10-14 08:50:30,155
9432,Overwatch,Irrelevant,i felt like throwing up da whole time while playing overwatch bc motion controls on the switch r a bitch and i’m stoopid pic.twitter.com/WxkSXspbO1,2025-10-14 08:50:23,2025-10-14 08:50:30,147
9432,Overwatch,Irrelevant,i felt like puking there all the time while playing overwatch bc motion controls on the switch r a bitch and i'm stoopid pic.twitter.com / WxkSXspbO1,2025-10-14 08:50:23,2025-10-14 08:50:30,149
9432,Overwatch,Irrelevant,i felt to throw up da all time whole playing overwatch bc motion controls on the switch r a bitch and i'm stopid pic.facebook.com / WxkSXspbO1,2025-10-14 08:50:23,2025-10-14 08:50:30,142
9432,Overwatch,Irrelevant,i felt like throwing up da whole time while playing overwatch bc motion controls on the switch r a bitch and i’m stoopid pic.twitter.com/WxkSXspbO1,2025-10-14 08:50:23,2025-10-14 08:50:30,147
9432,Overwatch,Irrelevant,L i felt like throwing up da whole time while playing overwatch bc motion controls on the switch r a bitch and i’m stoopid pic.twitter.com/WxkSXspbO1,2025-10-14 08:50:23,2025-10-14 08:50:30,149
9432,Overwatch,Irrelevant,of,2025-10-14 08:50:23,2025-10-14 08:50:30,2
9433,Overwatch,Negative,forgot i hated overwatch,2025-10-14 08:50:23,2025-10-14 08:50:30,24
9433,Overwatch,Negative,I forgot I hated overwatch,2025-10-14 08:50:23,2025-10-14 08:50:30,26
9433,Overwatch,Negative,I forgot that I had hatched a wristwatch,2025-10-14 08:50:23,2025-10-14 08:50:30,40
9433,Overwatch,Negative,forgot i hated them,2025-10-14 08:50:23,2025-10-14 08:50:30,19
9433,Overwatch,Negative,forgot when i hated overwatch,2025-10-14 08:50:23,2025-10-14 08:50:30,29
9433,Overwatch,Negative,forgot i always overwatch,2025-10-14 08:50:23,2025-10-14 08:50:30,25
9434,Overwatch,Irrelevant,apologies for becoming a hades account essentially overnight i just finally have something filling the overwatch shaped hole in my heart and brain,2025-10-14 08:50:23,2025-10-14 08:50:30,146
9434,Overwatch,Irrelevant,"Sorry for becoming a hades account almost overnight, I finally have something to fill the hole in my heart and brain",2025-10-14 08:50:23,2025-10-14 08:50:30,116
9434,Overwatch,Irrelevant,aphorisms become a hell of a bill essentially overnight I just finally have something filling a hole in the warden's form in my heart and brain,2025-10-14 08:50:23,2025-10-14 08:50:30,143
9434,Overwatch,Irrelevant,apologies for starting a hades account essentially overnight i just finally have something filling an overwatch shaped hole in my heart and brain,2025-10-14 08:50:23,2025-10-14 08:50:30,145
9434,Overwatch,Irrelevant,apologies for becoming a hades account essentially overnight i just to finally have something else filling the overwatch shaped hole deep in my huge heart and a brain,2025-10-14 08:50:23,2025-10-14 08:50:30,166
9434,Overwatch,Irrelevant,apologies for taking a hades account essentially overnight i just finally have something filling some overwatch shaped gap in my heart and brain,2025-10-14 08:50:23,2025-10-14 08:50:30,144
9435,Overwatch,Irrelevant,I am so fucking heated. This is why I hate playing your trash ass game @CSGO . You overwatch ban people that say shit to hackers but you won't ban hackers? Yeah that is fucking cool. Can't wait to uninstall this trash ass game. . . steamcommunity.com/sharedfiles/fi…,2025-10-14 08:50:23,2025-10-14 08:50:30,266
9435,Overwatch,Irrelevant,"That's why I hate to play your trash ass game @ CSGO. You see people who say shit to hackers, but you won't ban hackers? Yeah, that's damn cool. I can't wait to uninstall this trash ass game... steamcommunity.com / sharedfiles / fi...",2025-10-14 08:50:23,2025-10-14 08:50:30,234
9435,Overwatch,Irrelevant,"I'm so fucking hot. That's why I hate playing your trash-ass game @ CSGO. Are you watching people being banned who say shit to fans but you won't ban players? Yes, that's fucking cool. Can't wait to remove this trash-ass game... steamcommunity.com / sharedfiles / fi...",2025-10-14 08:50:23,2025-10-14 08:50:30,269
9435,Overwatch,Irrelevant,I am sick.. mad. This is why I hate playing your bad ass game @CSGO<unk> You overwatch ban people that say shit to hackers but Steam won't ban hackers? Yeah that is fucking cool. Can't wait to uninstall this trash ass game... steamcommunity.com/sharedfiles/fi…,2025-10-14 08:50:23,2025-10-14 08:50:30,260
9435,Overwatch,Irrelevant,I am so fucking heated. This is exactly why I hate playing your trash ass game @CSGO. 0 You can overwatch ban against people so that even say shit about to hackers but you won't ban hackers? Yeah yes that is fucking cool. Can'i t wait to uninstall this trash ass game... steamcommunity. or com / sharedfiles / fi …,2025-10-14 08:50:23,2025-10-14 08:50:30,314
9435,Overwatch,Irrelevant,I am so fucking cool. Josh is so I hate your old trash ass game @CSGO. You overwatch ban people that say shit to hackers hoping you won't say hackers? Yeah its is fucking cool. Can't wait the uninstall this trash ass hack... steamcommunity.com/sharedfiles/fi...,2025-10-14 08:50:23,2025-10-14 08:50:30,261
9436,Overwatch,Positive,I actually like this new,2025-10-14 08:50:23,2025-10-14 08:50:30,26
9436,Overwatch,Positive,I like this new,2025-10-14 08:50:23,2025-10-14 08:50:30,15
9436,Overwatch,Positive,I really like this new one,2025-10-14 08:50:23,2025-10-14 08:50:30,26
9436,Overwatch,Positive,I actually like this stuff,2025-10-14 08:50:23,2025-10-14 08:50:30,26
9436,Overwatch,Positive,So I actually like this new,2025-10-14 08:50:23,2025-10-14 08:50:30,27
9436,Overwatch,Positive,I actually like this new,2025-10-14 08:50:23,2025-10-14 08:50:30,24
9437,Overwatch,Negative,Ah fuck here we go again.,2025-10-14 08:50:23,2025-10-14 08:50:30,25
9437,Overwatch,Negative,"Oh god, here we go again.",2025-10-14 08:50:23,2025-10-14 08:50:30,25
9437,Overwatch,Negative,"Oh hell, we're going again.",2025-10-14 08:50:23,2025-10-14 08:50:30,27
9437,Overwatch,Negative,Ah fuck up we go again.,2025-10-14 08:50:23,2025-10-14 08:50:30,23
9437,Overwatch,Negative,« Ah fuck here we go again.,2025-10-14 08:50:23,2025-10-14 08:50:30,27
9437,Overwatch,Negative,Ah fuck Down we go again.,2025-10-14 08:50:23,2025-10-14 08:50:30,25
9438,Overwatch,Negative,ever since i was called funny ive never been able be any type of entertaining my life consists of overwatch anime and mukbangs and i think that’s disgusting,2025-10-14 08:50:23,2025-10-14 08:50:30,156
9438,Overwatch,Negative,"Ever since I was called funny, I've never been able to run any kind of entertainment program in my life that consists of Overwatch anime and Mukbangs, and I find that disgusting.",2025-10-14 08:50:23,2025-10-14 08:50:30,178
9438,Overwatch,Negative,"Ever since I was called funny, I've never been able to entertain myself with any entertainment consisting of watching anime and musicals, and I think it's disgusting",2025-10-14 08:50:23,2025-10-14 08:50:30,165
9438,Overwatch,Negative,ever since i was called funny ive never like the be any type really entertaining my life consists of overwatch anime and mukbangs and i think that’s disgusting,2025-10-14 08:50:23,2025-10-14 08:50:30,159
9438,Overwatch,Negative,ever since he i have was called funny but ive never been able te be around any type of entertaining my life even consists of overwatch anime and mukbangs and shit i think that ’ s disgusting,2025-10-14 08:50:23,2025-10-14 08:50:30,190
9438,Overwatch,Negative,ever since i was called funny ive never be able be any type of laugh my entertainment consists of everyday comedy and mukbangs and i think that’s disgusting,2025-10-14 08:50:23,2025-10-14 08:50:30,156
9439,Overwatch,Irrelevant,"Bunny girl D.va from Overwatch. (Yup, I know about wrong toy and pose, sorry. I noticed that afterwards. But I like result of this cosplay anyway) [Self] bit.ly/36beff9",2025-10-14 08:50:23,2025-10-14 08:50:30,168
9439,Overwatch,Irrelevant,"Bunny girl D.va from Overwatch. (Yes, I know about wrong toys and wrong poses, sorry. I noticed that afterwards, but I like the result of this cosplay anyway.) [Self] bit.ly / 36beff9",2025-10-14 08:50:23,2025-10-14 08:50:30,183
9439,Overwatch,Irrelevant,"Bunny girl D.va from Overwatch. (Yup, I know about wrong toy and pose, sorry. I noticed that afterwards. but I like the result of this cosplay anyway) [Self] bit.ly / 36beff9",2025-10-14 08:50:23,2025-10-14 08:50:30,174
9439,Overwatch,Irrelevant,"Bunny vs D.va from Overwatch. (Yup, I know that wrong toy and pose, sorry. I learned that afterwards. But I like result draw this cosplay anyway) [Self] bit.ly/36beff9",2025-10-14 08:50:23,2025-10-14 08:50:30,167
9439,Overwatch,Irrelevant,"Bunny of girl in D. 2 va y from Overwatch. ( Yup, I know talk about wrong toy and left pose, sorry. I noticed that afterwards. But know I like result of this cosplay anyway ) [ New Self ] 4 bit. 18 ly / 36beff9",2025-10-14 08:50:23,2025-10-14 08:50:30,210
9439,Overwatch,Irrelevant,"Bunny girl D.va from Overwatch. (Yup, I also about wrong name and pose, just. I forgot that afterwards. But I have result of this cosplay also) •] bit.ly/36beff9",2025-10-14 08:50:23,2025-10-14 08:50:30,161
9440,Overwatch,Negative,"I want to quit fortnite but there is no other game I could play, tried playing overwatch or titanfall but it's rubber banding so so badly, I cant get any other game as it takes at least 1 month or 2 to play, and I already played most of my campaign games",2025-10-14 08:50:23,2025-10-14 08:50:30,254
9440,Overwatch,Negative,"I want to quit fortnightly, but there is no other game I could play. I have tried to play Overwatch or Titanfall, but the elastic is so bad that I cannot get another game, as it takes at least 1 or 2 months to play, and I have already played most of my campaign games.",2025-10-14 08:50:23,2025-10-14 08:50:30,268
9440,Overwatch,Negative,"I want to quit fortnite but there is no other game I could play, tried playing overwatch or titanfall but it's reubber banding so badly, I cant get any other game as it takes at least 1 month or 2 to play, and I already played most of my campaign games",2025-10-14 08:50:23,2025-10-14 08:50:30,252
9440,Overwatch,Negative,"I tried to quit fortnite so there is no other game I could play, tried playing overwatch or titanfall but it's rubber banding so so badly, I cant get every other game since it takes at least 1 month for something to play, and I already played most of my campaign games",2025-10-14 08:50:23,2025-10-14 08:50:30,268
9440,Overwatch,Negative,"Now I want to quit fortnite but there is no great other game I could probably play, tried playing overwatch or a titanfall but it's rubber banding so so badly, like I cant get any other one game as it takes one at least 1 calendar month or 2 to not play, and I already played most of this my campaign games",2025-10-14 08:50:23,2025-10-14 08:50:30,306
9440,Overwatch,Negative,"I want to quit fortnite as there is no other game I could blame, tried playing overwatch or titanfall for god's rubber banding so fucking badly, I cant get any good game as it starts at only 1 month or 2 to play, and I already played most of my campaign based",2025-10-14 08:50:23,2025-10-14 08:50:30,259
9441,Overwatch,Neutral,Lets continue slaying those demons and save the earth !artist twitch.tv/dtimezero_ow.,2025-10-14 08:50:23,2025-10-14 08:50:30,87
9441,Overwatch,Neutral,Let's continue to kill these demons and save the Earth! Artist twitch.tv / dtimezero _ ow.,2025-10-14 08:50:23,2025-10-14 08:50:30,90
9441,Overwatch,Neutral,Flying continues to kill these demons and save the earth! artist: tch.tv / dtimezero _ ow.,2025-10-14 08:50:23,2025-10-14 08:50:30,90
9441,Overwatch,Neutral,Lets continue slaying those demons and save the earth !artist twitch.tv/dtimezero_ow.,2025-10-14 08:50:23,2025-10-14 08:50:30,87
9441,Overwatch,Neutral,2 Lets continue slaying those demons and save the earth !artist twitch.tv/dtimezero_ow.,2025-10-14 08:50:23,2025-10-14 08:50:30,89
9441,Overwatch,Neutral,<unk>,2025-10-14 08:50:23,2025-10-14 08:50:30,5
9443,Overwatch,Positive,GOOD SHIT,2025-10-14 08:50:23,2025-10-14 08:50:30,9
9443,Overwatch,Positive,nan,2025-10-14 08:50:23,2025-10-14 08:50:30,3
9443,Overwatch,Positive,GOOD SHIT,2025-10-14 08:50:23,2025-10-14 08:50:30,9
9443,Overwatch,Positive,GOOD NIGHT,2025-10-14 08:50:23,2025-10-14 08:50:30,10
9443,Overwatch,Positive,GOOD AS SHIT,2025-10-14 08:50:23,2025-10-14 08:50:30,12
9443,Overwatch,Positive,GOOD F,2025-10-14 08:50:23,2025-10-14 08:50:30,6
9444,Overwatch,Irrelevant,Lol I just ruined someone's day on overwatch lol. . facebook.com/10161786799958…,2025-10-14 08:50:23,2025-10-14 08:50:30,80
9444,Overwatch,Irrelevant,Lol I just ruined someone's day on overwatch lol.. facebook.com / 10161786799958...,2025-10-14 08:50:23,2025-10-14 08:50:30,83
9444,Overwatch,Irrelevant,Lol I just chopped someone's day on overwatch lol.. facebook.com / 10161786799958...,2025-10-14 08:50:23,2025-10-14 08:50:30,84
9444,Overwatch,Irrelevant,Lol lol just ruined someone's day on facebook lol.. facebook.com/10161786799958…,2025-10-14 08:50:23,2025-10-14 08:50:30,80
9444,Overwatch,Irrelevant,Did Lol say I had just nearly ruined someone's day on overwatch lol.. see facebook. com / 10161786799958... …,2025-10-14 08:50:23,2025-10-14 08:50:30,109
9444,Overwatch,Irrelevant,<unk> I just ruined that's picture on overwatch lol.. net.com/10161786799958...,2025-10-14 08:50:23,2025-10-14 08:50:30,79
9445,Overwatch,Negative,Sure would be nice if @PlayOverwatch actually cared about their game instead of constantly trying to kill it with one bad decision after the other.,2025-10-14 08:50:23,2025-10-14 08:50:30,149
9445,Overwatch,Negative,Surely it would be nice if @ PlayOverwatch actually took care of their game instead of constantly trying to kill it with one bad decision after another.,2025-10-14 08:50:23,2025-10-14 08:50:30,152
9445,Overwatch,Negative,"Sure it would be nice if @ PlayOverwatch actually cared about their game, rather than constantly trying to kill it with one bad decision after another.",2025-10-14 08:50:23,2025-10-14 08:50:30,151
9445,Overwatch,Negative,Sure would be neat if @PlayOverwatch actually cared about their game instead of constantly trying to kill it with one bad decision for the other.,2025-10-14 08:50:23,2025-10-14 08:50:30,145
9445,Overwatch,Negative,Sure would certainly be more nice if @PlayOverwatch actually cared about fixing their little game instead of constantly trying to kill it with one terribly bad decision after the other.,2025-10-14 08:50:23,2025-10-14 08:50:30,185
9445,Overwatch,Negative,Sure would be nice if you actually cared about their game instead of just trying to kill it with one bad game after the second.,2025-10-14 08:50:23,2025-10-14 08:50:30,127
9446,Overwatch,Negative,Removing mcree’s noose because ur pussies enit @PlayOverwatch,2025-10-14 08:50:23,2025-10-14 08:50:30,61
9446,Overwatch,Negative,Remove mcree's noose because ur pussies enit @ PlayOverwatch,2025-10-14 08:50:23,2025-10-14 08:50:30,60
9446,Overwatch,Negative,Removing the noose from McCree because he plays for Zenit @ PlayOverwatch,2025-10-14 08:50:23,2025-10-14 08:50:30,73
9446,Overwatch,Negative,Removing mcree’s noose because ur pussies enit …,2025-10-14 08:50:23,2025-10-14 08:50:30,48
9446,Overwatch,Negative,and Removing thy mcree ’ s noose because to ur many pussies enit @PlayOverwatch,2025-10-14 08:50:23,2025-10-14 08:50:30,79
9446,Overwatch,Negative,shit mcree’s pants up ur pussies enit @PlayOverwatch,2025-10-14 08:50:23,2025-10-14 08:50:30,52
9447,Overwatch,Positive,"Whew, my Widowmaker lately has been A1 🥵",2025-10-14 08:50:23,2025-10-14 08:50:30,42
9447,Overwatch,Positive,"Phew, my widower has been out of work lately.",2025-10-14 08:50:23,2025-10-14 08:50:30,45
9447,Overwatch,Positive,"Wow, my Widowmaker recently has been A1",2025-10-14 08:50:23,2025-10-14 08:50:30,39
9447,Overwatch,Positive,"Whew, my Widowmaker lately has gone A1 🥵",2025-10-14 08:50:23,2025-10-14 08:50:30,40
9447,Overwatch,Positive,"O Whew, my Widowmaker lately has been saying A1 [UNK]",2025-10-14 08:50:23,2025-10-14 08:50:30,53
9447,Overwatch,Positive,"Whew, my blog lately has been awesome <unk>",2025-10-14 08:50:23,2025-10-14 08:50:30,43
9448,Overwatch,Irrelevant,Onto Overwatch! Thank you for the 2 imposter dubs @ThePackageJG @kevkage_ @editor_dan @johnisbased @HodgepodgeHoops @VJVemu . . twitch.tv/bubbajett,2025-10-14 08:50:23,2025-10-14 08:50:30,147
9448,Overwatch,Irrelevant,Thanks for the 2 dubs @ ThePackageJG @ kevkage _ @ editor _ dan @ johnisbased @ HodgepodgeHoops @ VJVemu.. twitch.tv / bubbajett,2025-10-14 08:50:23,2025-10-14 08:50:30,128
9448,Overwatch,Irrelevant,Onto Overwatch! Thanks for 2 self-styled doubles @ ThePackageJG @ kevkage _ @ editor _ dan @ jennifer @ Hops @ VJVemu.,2025-10-14 08:50:23,2025-10-14 08:50:30,118
9448,Overwatch,Irrelevant,Onto Overwatch! Thank you for the 2 imposter dubs RhandlerR RhandlerR RhandlerR RhandlerR RhandlerR RhandlerR . . twitch.tv/bubbajett,2025-10-14 08:50:23,2025-10-14 08:50:30,133
9448,Overwatch,Irrelevant,1 Onto Overwatch! Thank you for the 2 imposter dubs RhandlerR RhandlerR RhandlerR RhandlerR RhandlerR RhandlerR . . twitch.tv/bubbajett,2025-10-14 08:50:23,2025-10-14 08:50:30,135
9448,Overwatch,Irrelevant,do,2025-10-14 08:50:23,2025-10-14 08:50:30,2
9449,Overwatch,Irrelevant,They might not be the last team that has to make this difficult decision.,2025-10-14 08:50:23,2025-10-14 08:50:30,75
9449,Overwatch,Irrelevant,They may not be the last team to have to make that difficult decision.,2025-10-14 08:50:23,2025-10-14 08:50:30,70
9449,Overwatch,Irrelevant,They may not be the last team to make this difficult decision.,2025-10-14 08:50:23,2025-10-14 08:50:30,62
9449,Overwatch,Irrelevant,They might also be the last team that has to make this difficult decision.,2025-10-14 08:50:23,2025-10-14 08:50:30,74
9449,Overwatch,Irrelevant,said They might possibly not be the last team members that has to make this difficult decision.,2025-10-14 08:50:23,2025-10-14 08:50:30,95
9449,Overwatch,Irrelevant,They might not want the last child that has to make this difficult decision.,2025-10-14 08:50:23,2025-10-14 08:50:30,76
9450,Overwatch,Irrelevant,"the biggest esports players for smash, rl, overwatch, and other big games are extremely untalented when compared to top tetris players like firestorm or ajanba. . the skill cap is just so much frickin higher on tetris. change my mind",2025-10-14 08:50:23,2025-10-14 08:50:30,233
9450,Overwatch,Irrelevant,"the greatest esports players for smash, rl, overwatch and other big games are extremely untalented compared to top tetris players like firestorm or ajanba.. the skill limit is just so much higher at tetris. change my mind",2025-10-14 08:50:23,2025-10-14 08:50:30,221
9450,Overwatch,Irrelevant,"the biggest players in espionage for smash, rl, overwatch and other big games are grossly untalented compared to top tetris players such as firestorm or ajanba... the skill ceiling on tetris is much higher.",2025-10-14 08:50:23,2025-10-14 08:50:30,206
9450,Overwatch,Irrelevant,"the biggest esports players for smash, rl, overwatch, and other big games are extremely untalented when compared to top professional players like firestorm or ajanba. So the skill cap is just so much frickin higher for Smash. change my view",2025-10-14 08:50:23,2025-10-14 08:50:30,240
9450,Overwatch,Irrelevant,"the other biggest esports players for smash, or rl, the overwatch, and other big technical games it are extremely untalented but when compared to top up tetris skill players like firestorm or ajanba.. the skill cap it is just so much frickin higher on tetris. change my goddamn mind",2025-10-14 08:50:23,2025-10-14 08:50:30,282
9450,Overwatch,Irrelevant,"the decent esports players for smash, rl, overwatch, and other big games are extremely untalented when compared to top tetris teammates like firestorm or me.. our skill levels is normally about so frickin higher on tetris. change my perspective",2025-10-14 08:50:23,2025-10-14 08:50:30,244
9451,Overwatch,Positive,🥰🥰🥰🥰 We bout to fuck shit up on overwatch bruh,2025-10-14 08:50:23,2025-10-14 08:50:30,46
9451,Overwatch,Positive,We fight to fuck shit on overwatch bruh,2025-10-14 08:50:23,2025-10-14 08:50:30,39
9451,Overwatch,Positive,We bout to fuck shit up on overwatch bruh,2025-10-14 08:50:23,2025-10-14 08:50:30,41
9451,Overwatch,Positive,🥰🥰🥰🥰 We bout to fuck shit hard on ya bruh,2025-10-14 08:50:23,2025-10-14 08:50:30,41
9451,Overwatch,Positive,[UNK] We bout to say fuck shit is up on overwatch bruh,2025-10-14 08:50:23,2025-10-14 08:50:30,54
9451,Overwatch,Positive,<unk> You bout to fuck shit up on your bruh,2025-10-14 08:50:23,2025-10-14 08:50:30,43
9452,Overwatch,Positive,"I started playing Overwatch (on Switch) right when Covee started and the combination of that game on that console has made it the most friendly gaming experience, really zen compared to most lobbies i’ve witnessed",2025-10-14 08:50:23,2025-10-14 08:50:30,213
9452,Overwatch,Positive,"I started playing Overwatch (on Switch) exactly when Covee started and the combination of this game on this console has made it the friendliest gaming experience, really Zen compared to most lobbies I've experienced.",2025-10-14 08:50:23,2025-10-14 08:50:30,216
9452,Overwatch,Positive,"I started playing Overwatch (on Swift) just when Covee started, and the combination of this game on this console made it the friendliest gaming experience, really Zen compared to most lobbies I've witnessed.",2025-10-14 08:50:23,2025-10-14 08:50:30,207
9452,Overwatch,Positive,"I started playing Overwatch (on Switch) right when Covee started and the combination of that game on that console has made it the most friendly gaming game, really comfortable compared to most titles i’ve experienced",2025-10-14 08:50:23,2025-10-14 08:50:30,216
9452,Overwatch,Positive,"I started playing Overwatch ( was on Switch ) so right after when Covee started and the combination sales of that game on that console has made it the new most friendly board gaming experience, really zen... compared also to most lobbies ever i ’ ve witnessed",2025-10-14 08:50:23,2025-10-14 08:50:30,259
9452,Overwatch,Positive,"I started playing Overwatch (on Switch) right before Covee started and the support of that game on that console just brought it the most friendly playing community, really zen compared to most lobbies i’ve seen",2025-10-14 08:50:23,2025-10-14 08:50:30,210
9453,Overwatch,Positive,"i feel awful but like,,, overwatch time",2025-10-14 08:50:23,2025-10-14 08:50:30,39
9453,Overwatch,Positive,"I feel terrible, but like,,, overwatch time",2025-10-14 08:50:23,2025-10-14 08:50:30,43
9453,Overwatch,Positive,"i feel awful but like,,, overwatch time",2025-10-14 08:50:23,2025-10-14 08:50:30,39
9453,Overwatch,Positive,"i feel free but like,,, overwatch time",2025-10-14 08:50:23,2025-10-14 08:50:30,38
9453,Overwatch,Positive,"i feel rather awful but do like,,, overwatch time",2025-10-14 08:50:23,2025-10-14 08:50:30,49
9453,Overwatch,Positive,"i feel sick but like,,, overwatch time",2025-10-14 08:50:23,2025-10-14 08:50:30,38
9454,Overwatch,Negative,"Nerd Tweet: I’m getting really disappointed with @PlayOverwatch one of my favorite games that I have played since day 1. I feel as though all they care about is esports. We finally got a new hero, cool, but a another dps. 2/2/2 I can kinda get behind. But let us open switch...",2025-10-14 08:50:23,2025-10-14 08:50:30,277
9454,Overwatch,Negative,"Nerd Tweet: I'm really disappointed by @ PlayOverwatch, one of my favorite games I've played since day one. I feel that all they care about is sport. We finally have a new hero, cool, but another dps. 2 / 2 / 2 I can somehow come back. But let's switch open...",2025-10-14 08:50:23,2025-10-14 08:50:30,260
9454,Overwatch,Negative,: I'm very disappointed @ PlayOverwatch is one of my favorite games I've played since day one. I feel like all they care about is espionage.,2025-10-14 08:50:23,2025-10-14 08:50:30,140
9454,Overwatch,Negative,"Nerd Tweet: I’m getting really disappointed with @PlayOverwatch one of my favourite heroes that I have played since day 1. I feel as like all they care about is esports. We still got a red hero, obviously, but a another cost. 2/2/2 I can kinda get behind. But let us open switch...",2025-10-14 08:50:23,2025-10-14 08:50:30,281
9454,Overwatch,Negative,"Nerd Tweet : I too ’ m getting really disappointed... with @PlayOverwatch one of my favorite games yet that I have played since day number 1. Sometimes I feel as though all this they care about is esports. We finally actually got a new hero, cool, but a another dps. 2 / 3 2 / 2 2 I can kinda get behind. But let us open your switch...",2025-10-14 08:50:23,2025-10-14 08:50:30,335
9454,Overwatch,Negative,"Nerd Tweet: I’m getting really disappointed with @PlayOverwatch were not your favorite games that I have used since day 1. I feel as sure all they are about is esports. We finally got one new hero, cool, but a another dps. 2/2/2 I just truly get behind. Now let us open switch...",2025-10-14 08:50:23,2025-10-14 08:50:30,279
9455,Overwatch,Negative,fuck overwatch.,2025-10-14 08:50:23,2025-10-14 08:50:30,15
9455,Overwatch,Negative,Fuck overwatch.,2025-10-14 08:50:23,2025-10-14 08:50:30,15
9455,Overwatch,Negative,fuck overwatch.,2025-10-14 08:50:23,2025-10-14 08:50:30,15
9455,Overwatch,Negative,fuck Facebook.,2025-10-14 08:50:23,2025-10-14 08:50:30,14
9455,Overwatch,Negative,fuck on overwatch.,2025-10-14 08:50:23,2025-10-14 08:50:30,18
9455,Overwatch,Negative,quietly overwatch.,2025-10-14 08:50:23,2025-10-14 08:50:30,18
9456,Overwatch,Negative,"@BlizzardCS so when i try to buy overwatch with a credit or debit, all it does is load and then it says \"something went wrong. Select another payment method or try again later.\" Help I have been trying for a hour now",2025-10-14 08:50:23,2025-10-14 08:50:30,216
9456,Overwatch,Negative,"@ BlizzardCS: So when I try to buy overwatch with a credit or direct debit, it just loads and then it says \"something went wrong. Choose another payment method or try again later.\" Help I've been trying for an hour now.",2025-10-14 08:50:23,2025-10-14 08:50:30,219
9456,Overwatch,Negative,"@ BlizzardCS so when I try to buy a watch on credit or debit, all he does is download it and then he says \"something went wrong. Choose another payment method or try again later.\"",2025-10-14 08:50:23,2025-10-14 08:50:30,179
9456,Overwatch,Negative,"@BlizzardCS so when i try to buy overwatch with a BTC or debit, all it does is say this then it says \"something went wrong. Select another payment method or try again later.\" This I have been trying for a hour now",2025-10-14 08:50:23,2025-10-14 08:50:30,213
9456,Overwatch,Negative,"@BlizzardCS so when i try hard to buy overwatch with a phone credit number or debit, and all it usually does is load and then it says \" something that went slightly wrong. Select another payment method or try again later. \" Help I really have been trying for almost a whole hour now",2025-10-14 08:50:23,2025-10-14 08:50:30,282
9456,Overwatch,Negative,"@BlizzardCS Help when i want to buy items with a wire or debit, all it does is load and then just says \"something went wrong. Select another payment method please try me later.\" Help I have been trying for an hour now",2025-10-14 08:50:23,2025-10-14 08:50:30,217
9457,Overwatch,Negative,"@PlayOverwatch How many retweets for a copy of Overwatch for pc? I can’t buy it since no money, since the pandemic, no jobs.",2025-10-14 08:50:23,2025-10-14 08:50:30,124
9457,Overwatch,Negative,"@ PlayOverwatch How many retweets for a copy of Overwatch for PC? I can't buy it because no money, since the pandemic, no jobs.",2025-10-14 08:50:23,2025-10-14 08:50:30,127
9457,Overwatch,Negative,"@ PlayOverwatch How many retweets for a copy of Overwatch for a PC? I can't buy it because there is no money since the pandemic, no job.",2025-10-14 08:50:23,2025-10-14 08:50:30,136
9457,Overwatch,Negative,"@PlayOverwatch How many paid for online copy of Overwatch for pc? I can’t buy it since no money, since Pokemon pandemic, no jobs.",2025-10-14 08:50:23,2025-10-14 08:50:30,129
9457,Overwatch,Negative,"David @PlayOverwatch How many retweets for a new copy of Overwatch for pc? I somehow can hardly ’ bin t buy it since no new money, since the radiation pandemic, no jobs.",2025-10-14 08:50:23,2025-10-14 08:50:30,169
9457,Overwatch,Negative,"@PlayOverwatch How many retweets for a edition of Overwatch for pc? I can’t get them for no money, since the computer, no jobs.",2025-10-14 08:50:23,2025-10-14 08:50:30,127
9458,Overwatch,Negative,i feel like cumgoblin69 and cumgoblin96 have cursed the overwatch servers,2025-10-14 08:50:23,2025-10-14 08:50:30,73
9458,Overwatch,Negative,I feel like cumgoblin69 and cumgoblin96 have cursed the Overwatch servers,2025-10-14 08:50:23,2025-10-14 08:50:30,73
9458,Overwatch,Negative,i feel like cumgoblin69 and cumgoblin96 have cursed the overwatch servers,2025-10-14 08:50:23,2025-10-14 08:50:30,73
9458,Overwatch,Negative,i feel like cumgoblin69 and cumgoblin96 have cursed your overwatch servers,2025-10-14 08:50:23,2025-10-14 08:50:30,74
9458,Overwatch,Negative,although i did feel like angry cumgoblin69 and cumgoblin96 must have cursed the overwatch servers,2025-10-14 08:50:23,2025-10-14 08:50:30,97
9458,Overwatch,Negative,i play like cumgoblin69 so cumgoblin96 have cursed the torrent servers,2025-10-14 08:50:23,2025-10-14 08:50:30,70
9459,Overwatch,Positive,"@gecko_boy28 had a fun night playing overwatch,cod, and among us with y’all hope to do it again really soon!",2025-10-14 08:50:23,2025-10-14 08:50:30,108
9459,Overwatch,Positive,"@ gecko _ boy28 had a fun night playing Overwatch, cod and we all hope to do it again soon!",2025-10-14 08:50:23,2025-10-14 08:50:30,91
9459,Overwatch,Positive,"@ gecko _ boy28 had a fun night playing overwatch, cod, and among us with y'all hope to do it again really soon!",2025-10-14 08:50:23,2025-10-14 08:50:30,112
9459,Overwatch,Positive,"@gecko_boy28 had a fun night playing overwatch,cod, and among us with y’all hope to do so again really quick!",2025-10-14 08:50:23,2025-10-14 08:50:30,109
9459,Overwatch,Positive,"@gecko_boy28 had a fun night for playing with overwatch, cod, and among us some with y know ’ all hope to do through it again really... soon!",2025-10-14 08:50:23,2025-10-14 08:50:30,141
9459,Overwatch,Positive,"@gecko_boy28 had another fun night playing overwatch,cod, and pleased us with y’all hope it use it again really soon!",2025-10-14 08:50:23,2025-10-14 08:50:30,117
9460,Overwatch,Negative,goodbye console overwatch. . Read: tl.gd/n_1srd9a6,2025-10-14 08:50:23,2025-10-14 08:50:30,50
9460,Overwatch,Negative,Goodbye console monitoring.. Read: tl.gd / n _ 1srd9a6,2025-10-14 08:50:23,2025-10-14 08:50:30,54
9460,Overwatch,Negative,"Goodbye, console controller. Read: tl.gd / n _ 1srd9a6",2025-10-14 08:50:23,2025-10-14 08:50:30,54
9460,Overwatch,Negative,goodbye magic overwatch.. Read: node.gd/n_1srd9a6,2025-10-14 08:50:23,2025-10-14 08:50:30,49
9460,Overwatch,Negative,Say goodbye as console overwatch.. Read : tl. gd /... n _ 0 1srd9a6,2025-10-14 08:50:23,2025-10-14 08:50:30,67
9460,Overwatch,Negative,very little<unk>.. Read: tl.gd/n_1srd9a6,2025-10-14 08:50:23,2025-10-14 08:50:30,40
9461,Overwatch,Positive,Has it really been four years? . . The bar was set high and I can’t wait to see what comes next for Overwatch.,2025-10-14 08:50:23,2025-10-14 08:50:30,110
9461,Overwatch,Positive,Was it really four years?... The bar has been set high and I can't wait to see what's next for Overwatch.,2025-10-14 08:50:23,2025-10-14 08:50:30,105
9461,Overwatch,Positive,Has it really been four years?... The bar has been set high and I can't wait to see what happens next with Overwatch.,2025-10-14 08:50:23,2025-10-14 08:50:30,117
9461,Overwatch,Positive,Has it really been four years?.. The bar was set high and EA can’t wait and see what comes next for Overwatch.,2025-10-14 08:50:23,2025-10-14 08:50:30,110
9461,Overwatch,Positive,5 Has had it really been four years?.. The damn bar was set high and I can ’ t wait now to see what comes next for some Overwatch.,2025-10-14 08:50:23,2025-10-14 08:50:30,130
9461,Overwatch,Positive,only it really been four years?.. The bar is set there and I can’t wait to learn what comes next for Overwatch.,2025-10-14 08:50:23,2025-10-14 08:50:30,111
9462,Overwatch,Irrelevant,"You ever go absolutely batshit and suddenly obtain the power to do chores that were so daunting that they built up horribly over time and finish them all and think \"fuck yeah it's time to play some goddamn overwatch\" bc that's me",2025-10-14 08:50:23,2025-10-14 08:50:30,229
9462,Overwatch,Irrelevant,"You're always doing absolute shit and suddenly you get the power to do tasks that were so daunting that they've built up horribly over time, and you finish them all and think, \"Shit, yeah, it's time to play a goddamn Overwatch.\" bc That's me",2025-10-14 08:50:23,2025-10-14 08:50:30,241
9462,Overwatch,Irrelevant,"You will one day go absolutely batship and suddenly get the power to do routine things that have been so intimidating that they have accumulated terribly over time, and finish them all and think, \"fuck, ah, it's time to play some divine warden\" bk, it's me",2025-10-14 08:50:23,2025-10-14 08:50:30,256
9462,Overwatch,Irrelevant,"You ever going absolutely batshit and suddenly obtain the power to do chores that were so daunting that they built up slowly over time and finish them all and think okay it it's time to play some goddamn overwatch\" bc that's me",2025-10-14 08:50:23,2025-10-14 08:50:30,227
9462,Overwatch,Irrelevant,"You ever dare go absolutely batshit and suddenly obtain the enormous power to do chores that supposedly were so daunting that they built up a horribly over budget time and finish ripping them off all off and think \" fuck yeah dude it's time to play some goddamn overwatch \"... bc that's me",2025-10-14 08:50:23,2025-10-14 08:50:30,289
9462,Overwatch,Irrelevant,"can ever go really batshit and suddenly obtain the power to do chores that were so daunting before they built up 100% on time and finish them all all think \"fuck yeah it's time on play playing goddamn overwatch\" bc that's me",2025-10-14 08:50:23,2025-10-14 08:50:30,224
9463,Overwatch,Negative,this overwatch shit is a two way street man..,2025-10-14 08:50:23,2025-10-14 08:50:30,45
9463,Overwatch,Negative,This Overwatch shit is a two-way man.,2025-10-14 08:50:23,2025-10-14 08:50:30,37
9463,Overwatch,Negative,this warden shit is a two-way street man..,2025-10-14 08:50:23,2025-10-14 08:50:30,42
9463,Overwatch,Negative,this goddamn shit is a two way street man..,2025-10-14 08:50:23,2025-10-14 08:50:30,43
9463,Overwatch,Negative,this overwatch and shit is strictly a two way street man..,2025-10-14 08:50:23,2025-10-14 08:50:30,58
9463,Overwatch,Negative,this religious shit is a two way street man..,2025-10-14 08:50:23,2025-10-14 08:50:30,45
9464,Overwatch,Positive,Hello! What's today's fortune. [It will be a wonderful day]. Lucky game [Overwatch]. Good luck with your day,2025-10-14 08:50:23,2025-10-14 08:50:30,108
9464,Overwatch,Positive,Hello! What is today's happiness. [It will be a wonderful day]. Gambling [Overwatch]. Good luck with the day,2025-10-14 08:50:23,2025-10-14 08:50:30,108
9464,Overwatch,Positive,Hello! What's today's fortune. [It will be a wonderful day]. Lucky game [Overwatch]. Good luck with your day,2025-10-14 08:50:23,2025-10-14 08:50:30,108
9464,Overwatch,Positive,Hello! What's today's fortune. Tomorrow will be a wonderful day]. Lucky game [Overwatch]. Good luck to your day,2025-10-14 08:50:23,2025-10-14 08:50:30,111
9464,Overwatch,Positive,Hello! to What's today's fortune. [ perhaps It will here be all a bit wonderful every day ]. Lucky game [ Overwatch ]. Good luck with your day,2025-10-14 08:50:23,2025-10-14 08:50:30,142
9464,Overwatch,Positive,Hello! That's today's fortune. [It will be a wonderful day]. Lucky has luck]. Good luck with your lucky,2025-10-14 08:50:23,2025-10-14 08:50:30,103
9465,Overwatch,Neutral,Sure I'll do an Overwatch stream why the fuck not??? twitch.tv/demisree. . (I apologize in advance for being v aggro today lmfao). . RT and host me if you love me.,2025-10-14 08:50:23,2025-10-14 08:50:30,163
9465,Overwatch,Neutral,"Surely I will make an Overwatch stream, why the hell not??? twitch.tv / demisree... (I apologize in advance for being v aggro today lmfao.. RT and entertain me if you love me.",2025-10-14 08:50:23,2025-10-14 08:50:30,175
9465,Overwatch,Neutral,Sure I'll do an Overwatch stream why the fuck not???????????????????????????????????????????????????????????????????????????????????????????????????????????????????????????????????????????????????????????????????,2025-10-14 08:50:23,2025-10-14 08:50:30,212
9465,Overwatch,Neutral,Sure I'll do an Overwatch stream why the fuck not??? twitch.tv/demisree. . (I apologize in advance for being v aggro today lmfao). . RT and host me if you love me.,2025-10-14 08:50:23,2025-10-14 08:50:30,163
9465,Overwatch,Neutral,Sony Sure I'll do an Overwatch stream why the fuck not??? twitch.tv/demisree. . (I apologize in advance for being v aggro today lmfao). . RT and host me if you love me.,2025-10-14 08:50:23,2025-10-14 08:50:30,168
9465,Overwatch,Neutral,have,2025-10-14 08:50:23,2025-10-14 08:50:30,4
9466,Overwatch,Positive,I REALLY WANNA FUCKING PLAY OVERWATCH RN. BROOOOO,2025-10-14 08:50:23,2025-10-14 08:50:30,49
9466,Overwatch,Positive,I really want to fuck PLAY OVERWATCH RN. BROOOOO,2025-10-14 08:50:23,2025-10-14 08:50:30,48
9466,Overwatch,Positive,I REALLY HAVE THE OVERWATCH RN GAME. SEA SEA SEA SEA SEA SEA SEA SEA SEA SEA SEA SEA SEA SEA SEA SEA SEA SEA SEA SEE E E E E E E E E E E E E E E E E E E E E E E E E E E E E E E E E E E E E E E E E E E E E E E E E E E E E E E E E E E E E E E E E E E E E E E E E E E E E E E E E E E E E E E E E E E E E E E E E E E E E E E E E E E E E E E E E E E E E E E E E E E E E E E E E E E E E E E E E E E E,2025-10-14 08:50:23,2025-10-14 08:50:30,394
9466,Overwatch,Positive,I REALLY WANNA FUCKING LIVE OVERWATCH RN. BROOOOO,2025-10-14 08:50:23,2025-10-14 08:50:30,49
9466,Overwatch,Positive,And I ME REALLY IT WANNA YOU FUCKING OF PLAY OVERWATCH RN. IT BROOOOO,2025-10-14 08:50:23,2025-10-14 08:50:30,69
9466,Overwatch,Positive,I AM WANNA FUCKING PLAY OVERWATCH RN. It,2025-10-14 08:50:23,2025-10-14 08:50:30,40
9467,Overwatch,Negative,I’ll never understand how people enjoy overwatch,2025-10-14 08:50:23,2025-10-14 08:50:30,48
9467,Overwatch,Negative,I will never understand how people enjoy being monitored,2025-10-14 08:50:23,2025-10-14 08:50:30,56
9467,Overwatch,Negative,I'll never understand how people enjoy listening,2025-10-14 08:50:23,2025-10-14 08:50:30,48
9467,Overwatch,Negative,I’ll certainly understand how people enjoy overwatch,2025-10-14 08:50:23,2025-10-14 08:50:30,52
9467,Overwatch,Negative,I ’ ll never understand how small people might enjoy overwatch,2025-10-14 08:50:23,2025-10-14 08:50:30,62
9467,Overwatch,Negative,I’ll never understand how people usually overwatch,2025-10-14 08:50:23,2025-10-14 08:50:30,50
9468,Overwatch,Irrelevant,Ummmm... General chat is wildin’... . . .,2025-10-14 08:50:23,2025-10-14 08:50:30,43
9468,Overwatch,Irrelevant,Hmmm... general chat is wild...... ',2025-10-14 08:50:23,2025-10-14 08:50:30,36
9468,Overwatch,Irrelevant,"Umma... Universal chatter is Wildin... \"",2025-10-14 08:50:23,2025-10-14 08:50:30,40
9468,Overwatch,Irrelevant,Ummmm... General ty is wildin’......,2025-10-14 08:50:23,2025-10-14 08:50:30,36
9468,Overwatch,Irrelevant,Ummmm... the General air chat is called wildin ’......,2025-10-14 08:50:23,2025-10-14 08:50:30,54
9468,Overwatch,Irrelevant,you... James Grey is wildin’......,2025-10-14 08:50:23,2025-10-14 08:50:30,34
9469,Overwatch,Positive,"i think sigma's character is one of the best in overwatch, i love playing him and sure hope we get some interactions in-game or more story about him. he's fun to play and i just adore his character but he's a mix of everything ow players hate; shield, cc, matrix. .",2025-10-14 08:50:23,2025-10-14 08:50:30,266
9469,Overwatch,Positive,"i think sigma's character is one of the best in overwatch, i love to play him and sure hope we get some interactions in the game or more stories about him. he's fun to play and i just admire his character but he's a mix of everything the players hate; shield, cc, matrix.",2025-10-14 08:50:23,2025-10-14 08:50:30,271
9469,Overwatch,Positive,"i think sigma's character is one of the best in overwatch, i love playing him and sure hope we get some interactions in-game or more story about him. he's fun to play and i just adore his character but he's a mix of everything ow players hate; shield, cc, matrix..",2025-10-14 08:50:23,2025-10-14 08:50:30,264
9469,Overwatch,Positive,"i think sigma's character is one of the best with overwatch, i love playing him and actually hope we get some interactions in-game or more story for her. is fun to play and i just adore his character but he's a mix of what ow players hate; shield, cc, matrix..",2025-10-14 08:50:23,2025-10-14 08:50:30,260
9469,Overwatch,Positive,"i think sigma's character i is one of hopefully the best heroes in overwatch, i love not playing him and sure hope we get around some interactions in - game or more story about him. still he're s fun to play around and i just adore his character but he's a mix most of everything ow players hate ; shield, cc, and matrix..",2025-10-14 08:50:23,2025-10-14 08:50:30,322
9469,Overwatch,Positive,"i see sigma's kind that one of the best in Marvel, i love the him and sure now we get some interactions in-game with more story about him. he's fun to play and i just adore his character but that's a mix just everything ow players hate; him, cc, matrix..",2025-10-14 08:50:23,2025-10-14 08:50:30,254
9470,Overwatch,Irrelevant,if you bully people on overwatch you're the literal scum of the earth and deserve to get your favorite heroes banned from comp rotation,2025-10-14 08:50:23,2025-10-14 08:50:30,135
9470,Overwatch,Irrelevant,"If you bully people, you are literally the scum of the world and deserve to have your favorite heroes banned from the comp rotation",2025-10-14 08:50:23,2025-10-14 08:50:30,131
9470,Overwatch,Irrelevant,"if you abuse people at a screening, you are a literary scum of the earth and deserve your favorite characters to be banned from showing",2025-10-14 08:50:23,2025-10-14 08:50:30,135
9470,Overwatch,Irrelevant,if successfully bully people who overwatch you're the literal scum of the earth and deserve to get your favorite heroes banned from comp rotation,2025-10-14 08:50:23,2025-10-14 08:50:30,145
9470,Overwatch,Irrelevant,Because if you bully people on overwatch you've re born the literal scum of the Arabian earth and deserve to get also your favorite local heroes banned from comp rotation,2025-10-14 08:50:23,2025-10-14 08:50:30,170
9470,Overwatch,Irrelevant,if you like people on overwatch you're being literal scum off entire earth and deserve to get your favorite heroes banned from comp rotation,2025-10-14 08:50:23,2025-10-14 08:50:30,140
9471,Overwatch,Irrelevant,It was actually a great public service of Steam to log hours of play. You see people plugging nearly 6 months of gameplay into shit like Overwatch and you realize there is a problem,2025-10-14 08:50:23,2025-10-14 08:50:30,181
9471,Overwatch,Irrelevant,"It was actually a great public service of Steam to log hours of gaming, you see people who have spent nearly 6 months of gameplay in shit like Overwatch and you realize there's a problem.",2025-10-14 08:50:23,2025-10-14 08:50:30,187
9471,Overwatch,Irrelevant,You see people plug almost 6 months of gameplay into crap like Overwatch and you realize there's a problem,2025-10-14 08:50:23,2025-10-14 08:50:30,106
9471,Overwatch,Irrelevant,It was actually a great public service of Steam to log hours of play. You watch them plugging nearly five months of gameplay into shit like Overwatch and you realize there is a problem,2025-10-14 08:50:23,2025-10-14 08:50:30,184
9471,Overwatch,Irrelevant,It was actually probably a great public social service of Steam to log hours of play. You see for people plugging nearly 6 months of gameplay into the shit like Overwatch and you should realize now there is obviously a problem,2025-10-14 08:50:23,2025-10-14 08:50:30,226
9471,Overwatch,Irrelevant,It was actually a great delivery service of Steam than log hours of hardcore. You see people plugging nearly 6 months of gameplay into shit like Overwatch before you think there is a problem,2025-10-14 08:50:23,2025-10-14 08:50:30,190
9472,Overwatch,Neutral,my mercy @AmbarKOrtiz was SO mad at me for making her pocket a bastion LOL--pixel spray AND cute spray .,2025-10-14 08:50:23,2025-10-14 08:50:30,107
9472,Overwatch,Neutral,My goodness @ AmbarKOrtiz was SO mad at me for turning her bag into a bastion of LOL- AND sweet spray.,2025-10-14 08:50:23,2025-10-14 08:50:30,102
9472,Overwatch,Neutral,My mercy @ AmbarKOrtiz was SO mad at me for making out of her pocket a bastion of LOL - spray and cute spray.,2025-10-14 08:50:23,2025-10-14 08:50:30,109
9472,Overwatch,Neutral,my mercy @AmbarKOrtiz was REALLY mad at me for making her pocket a bubble LOL--pixel spray AND cute spray.,2025-10-14 08:50:23,2025-10-14 08:50:30,106
9472,Overwatch,Neutral,For my mercy @AmbarKOrtiz was SO still mad at hugging me for making her pocket brain a bastion du LOL - - pixel spray pepper AND cute spray.,2025-10-14 08:50:23,2025-10-14 08:50:30,140
9472,Overwatch,Neutral,my mercy @AmbarKOrtiz was SO mad at me for making myself choose a ribbon LOL--pixel spray pretty cute spray.,2025-10-14 08:50:23,2025-10-14 08:50:30,108
9473,Overwatch,Positive,Youre doing gods work .,2025-10-14 08:50:23,2025-10-14 08:50:30,24
9473,Overwatch,Positive,You're doing godwork.,2025-10-14 08:50:23,2025-10-14 08:50:30,21
9473,Overwatch,Positive,Youre doing gods work.,2025-10-14 08:50:23,2025-10-14 08:50:30,22
9473,Overwatch,Positive,Youre doing the work.,2025-10-14 08:50:23,2025-10-14 08:50:30,21
9473,Overwatch,Positive,and Youre doing gods work.,2025-10-14 08:50:23,2025-10-14 08:50:30,26
9473,Overwatch,Positive,Youre doing gods though.,2025-10-14 08:50:23,2025-10-14 08:50:30,24
9474,Overwatch,Negative,"It's disappointing how Overwatch doesn't do any OWL-themed events in-game, like an arcade mode where you fight other teams' fans for points and team skins are always on",2025-10-14 08:50:23,2025-10-14 08:50:30,168
9474,Overwatch,Negative,"It's disappointing how Overwatch doesn't have in-game OWL-themed events, such as an arcade mode where you compete against other teams \"fans for points and team skins are always with you.",2025-10-14 08:50:23,2025-10-14 08:50:30,186
9474,Overwatch,Negative,"It's a shame that Overwatch doesn't do any OWL-related events in the game, for example, in \"arcade mode,\" where you compete with fans of other teams for points, and the team skins are always on",2025-10-14 08:50:23,2025-10-14 08:50:30,193
9474,Overwatch,Negative,"It's disappointing how Overwatch doesn't do any OWL-themed races in-game, like an expansion mode where you fight other teams' fans for points since team skins are always on",2025-10-14 08:50:23,2025-10-14 08:50:30,172
9474,Overwatch,Negative,"It'll s also disappointing how Well Overwatch doesn't even do almost any OWL - themed events in - between game, like an arcade mode where you fight other teams'fans for experience points and team skins and are always on",2025-10-14 08:50:23,2025-10-14 08:50:30,219
9474,Overwatch,Negative,"It's weird how Overwatch doesn't enable anymore OWL-themed events in-game, purely an offline mode where you fight other teams' fans for points and team skins being always on",2025-10-14 08:50:24,2025-10-14 08:50:30,173
9475,Overwatch,Negative,killing myself and its @PlayOverwatch ‘s fault. Fuck you,2025-10-14 08:50:24,2025-10-14 08:50:30,56
9475,Overwatch,Negative,I've killed myself and @ PlayOverwatch. ',2025-10-14 08:50:24,2025-10-14 08:50:30,41
9475,Overwatch,Negative,Killing yourself and your @ PlayOverwatch's fault. Fuck you.,2025-10-14 08:50:24,2025-10-14 08:50:30,60
9475,Overwatch,Negative,killing ISIS and its @PlayOverwatch ‘s fault. Fuck you,2025-10-14 08:50:24,2025-10-14 08:50:30,54
9475,Overwatch,Negative,killing myself and its @PlayOverwatch ‘ s fault. I Fuck for you,2025-10-14 08:50:24,2025-10-14 08:50:30,63
9475,Overwatch,Negative,it myself and its @PlayOverwatch my fault. Fuck you,2025-10-14 08:50:24,2025-10-14 08:50:30,51
9476,Overwatch,Negative,So why did @PlayOverwatch make the season 23 placement cap 3900sr? Kinda shot for all the gm and Top 500 players rip @harbleuOW,2025-10-14 08:50:24,2025-10-14 08:50:30,127
9476,Overwatch,Negative,So why did @ PlayOverwatch set the season 23 placement cap at 3900sr?,2025-10-14 08:50:24,2025-10-14 08:50:30,69
9476,Overwatch,Negative,"So why did @ PlayOverwatch make season 23 \"Cement Cap 3900sr\"?",2025-10-14 08:50:24,2025-10-14 08:50:30,62
9476,Overwatch,Negative,So why did he make the Round 23 placement cap 3900sr? Kinda shot for years the gm and Top 500 players rip @PlayOverwatch,2025-10-14 08:50:24,2025-10-14 08:50:30,120
9476,Overwatch,Negative,So why did @PlayOverwatch first make the final season 23 placement cap 3900sr? Kinda a shot high for all the gm and the Top 500 players could rip @harbleuOW,2025-10-14 08:50:24,2025-10-14 08:50:30,156
9476,Overwatch,Negative,So why did @PlayOverwatch make the grade 23 placement on 3900sr? Kinda like for all the gm and every 500<unk> rip @harbleuOW,2025-10-14 08:50:24,2025-10-14 08:50:30,124
9477,Overwatch,Irrelevant,The best mercys in overwatch are @Niandra_  and @StealthIsHere there is no changing my mind,2025-10-14 08:50:24,2025-10-14 08:50:30,91
9477,Overwatch,Irrelevant,The best Mercys in overwatch are @ Niandra _ and @ StealthIsHere doesn't change my mind,2025-10-14 08:50:24,2025-10-14 08:50:30,87
9477,Overwatch,Irrelevant,The best mercys in overwatch are @ Niandra _ and @ StealthIsHere there is no changing my mind,2025-10-14 08:50:24,2025-10-14 08:50:30,93
9477,Overwatch,Irrelevant,The best mercys on overwatch are @Niandra_  and @StealthIsHere there is no escaping my mind,2025-10-14 08:50:24,2025-10-14 08:50:30,91
9477,Overwatch,Irrelevant,He The best mercys in a overwatch are @Niandra_ and @StealthIsHere there is virtually no changing of my mind,2025-10-14 08:50:24,2025-10-14 08:50:30,108
9477,Overwatch,Irrelevant,The best days in overwatch are @Niandra_ and @StealthIsHere there is no meet my eye,2025-10-14 08:50:24,2025-10-14 08:50:30,83
9478,Overwatch,Negative,So is overwatch lagging a lot more for anyone else after the LNY patch? I logged in for the first time in a while and now it's stuttering almost every match,2025-10-14 08:50:24,2025-10-14 08:50:30,156
9478,Overwatch,Negative,So Overwatch lags a lot more after the LNY patch? I logged in for the first time in a while and now it stutters almost every game,2025-10-14 08:50:24,2025-10-14 08:50:30,129
9478,Overwatch,Negative,"So will overtime be much more interesting for someone else after the LNY patch? I went in for the first time in a while, and now it's stalled in almost every game.",2025-10-14 08:50:24,2025-10-14 08:50:30,163
9478,Overwatch,Negative,So is patience lagging a lot more for anybody else after the LNY patch? I logged in for the first time in a while and now have stuttering almost every match,2025-10-14 08:50:24,2025-10-14 08:50:30,156
9478,Overwatch,Negative,So is overwatch still lagging a lot for more for anyone else else leaving after the old LNY patch? I logged right in for the first time in maybe a while now and now it's stuttering almost every match,2025-10-14 08:50:24,2025-10-14 08:50:30,199
9478,Overwatch,Negative,So is overwatch over a lot more than anyone else after the recent patch? I logged in since the first time in a while and now it's over almost every match,2025-10-14 08:50:24,2025-10-14 08:50:30,153
9479,Overwatch,Neutral,Check out this epic build made by @DesignsByIFR. You will need a lot of space for this. Who's your favorite hero in Overwatch?? 🤠  . .  .  .  .  .,2025-10-14 08:50:24,2025-10-14 08:50:30,148
9479,Overwatch,Neutral,Check out this epic building by @ DesignsByIFR. It takes a lot of space. Who is your favorite hero in Overwatch???...,2025-10-14 08:50:24,2025-10-14 08:50:30,117
9479,Overwatch,Neutral,Watch this epic build made by @ DesignsByI. You will need a lot of space to do this. Who is your favorite character in Overwatch???........,2025-10-14 08:50:24,2025-10-14 08:50:30,139
9479,Overwatch,Neutral,Check out this epic build made from @DesignsByIFR. You should have a lot of space for this. Who's your best hero in Overwatch?? 🤠 .. . . . .,2025-10-14 08:50:24,2025-10-14 08:50:30,140
9479,Overwatch,Neutral,Check ed out this epic new build made by @DesignsByIFR. com You will still need a lot of space for doing this. com Who's not your favorite young hero in Overwatch?? [UNK]......,2025-10-14 08:50:24,2025-10-14 08:50:30,176
9479,Overwatch,Neutral,Check buy it epic build made by Michael. You will need that lot you gear for this. Who's your favorite character in Overwatch?? <unk>......,2025-10-14 08:50:24,2025-10-14 08:50:30,139
9480,Overwatch,Irrelevant,i was playing overwatch with some randoms and they kicked me from the party??!? i don’t understand?!?? i literally got so many compliments from them on how i was playing nicely and they kicked ME ONLY?!?? hate men ong,2025-10-14 08:50:24,2025-10-14 08:50:30,217
9480,Overwatch,Irrelevant,I played overwatch with a few coincidences and they kicked me out of the party??!? I don't understand?!?? I literally got so many compliments from them for how I played beautifully and they just threw ME out?!??,2025-10-14 08:50:24,2025-10-14 08:50:30,211
9480,Overwatch,Irrelevant,i was playing overwatch with some randoms and they kicked me from the party??!? i don't understand?!?? i literally got so many compliments from them on how i was playing nickly and they kicked ME ONLY?!?? hate men ong,2025-10-14 08:50:24,2025-10-14 08:50:30,217
9480,Overwatch,Irrelevant,i was playing around with some friends and they kicked me from the party??!? i don’t understand?!?? i literally got so o messages from women on how i was playing nicely and they kicked ME ONLY?!?? hate men ong,2025-10-14 08:50:24,2025-10-14 08:50:30,209
9480,Overwatch,Irrelevant,i was playing his overwatch with some randoms and they kicked me down from the party??!? i i don i ’ t understand?!?? i literally s got so damn many compliments from them on how bold i was sometimes playing nicely and why they kicked ME ONLY?!?? hate men you ong,2025-10-14 08:50:24,2025-10-14 08:50:30,262
9480,Overwatch,Irrelevant,i were playing overwatch with 10 randoms and they dragged me from the party??!? i can understand?!?? i literally got so many jokes from them me how i was having together but they kicked ME ONLY?!?? hate men ong,2025-10-14 08:50:24,2025-10-14 08:50:30,210
9481,Overwatch,Negative,My goodness @PlayOverwatch your matchmaking in competitive is as shitty as Trumps dick because he's fucking the USA in the ass.,2025-10-14 08:50:24,2025-10-14 08:50:30,127
9481,Overwatch,Negative,My goodness @ PlayOverwatch Your competition mate is as crappy as Trump's cock because he fucks the US ass.,2025-10-14 08:50:24,2025-10-14 08:50:30,107
9481,Overwatch,Negative,My good name is @ PlayOverwatch your match in the competition is as shit as because he fucks the US in the ass.,2025-10-14 08:50:24,2025-10-14 08:50:30,111
9481,Overwatch,Negative,My goodness @PlayOverwatch your friend in competitive is as shitty as this dick because he's fucking the USA in the ass.,2025-10-14 08:50:24,2025-10-14 08:50:30,120
9481,Overwatch,Negative,My dear goodness you @PlayOverwatch your matchmaking in competitive is as shitty even as Trumps dick parts because he's probably fucking the entire USA in the ass.,2025-10-14 08:50:24,2025-10-14 08:50:30,163
9481,Overwatch,Negative,My goodness @PlayOverwatch your matchmaking in America is as stink as shit dick because he's fucking the USA in the the.,2025-10-14 08:50:24,2025-10-14 08:50:30,120
9482,Overwatch,Irrelevant,Best guys. .,2025-10-14 08:50:24,2025-10-14 08:50:30,14
9482,Overwatch,Irrelevant,Best Guys..,2025-10-14 08:50:24,2025-10-14 08:50:30,11
9482,Overwatch,Irrelevant,The best guys.,2025-10-14 08:50:24,2025-10-14 08:50:30,14
9482,Overwatch,Irrelevant,Best guys. 2016,2025-10-14 08:50:24,2025-10-14 08:50:30,15
9482,Overwatch,Irrelevant,The Best guys..,2025-10-14 08:50:24,2025-10-14 08:50:30,15
9482,Overwatch,Irrelevant,Best at..,2025-10-14 08:50:24,2025-10-14 08:50:30,9
9483,Overwatch,Positive,"Few short clips from our Overwatch Console Division match last night against Greenville/Carson.. We ended up losing,  but still a great time had by all!!. GG https://t.co/I26RZgme8f",2025-10-14 08:50:24,2025-10-14 08:50:30,181
9483,Overwatch,Positive,"A few short clips from our Overwatch Console Division game last night against Greenville / Carson.. We lost in the end, but still everyone had a great time!!. GG https: / / t.co / I26RZgme8f",2025-10-14 08:50:24,2025-10-14 08:50:30,190
9483,Overwatch,Positive,"Few short clips from our Overwatch Console Division match last night against Greenville / Carson.. We end up to lose, but still a great time had by all!!. GG https: / / Fesco / I26RZgme8f",2025-10-14 08:50:24,2025-10-14 08:50:30,187
9483,Overwatch,Positive,"Few short clips from our Overwatch Console qualifier match last night against Greenville/Carson.. We ended kinda losing,  but still a great time had you all!!. GG https://t.co/I26RZgme8f]",2025-10-14 08:50:24,2025-10-14 08:50:30,187
9483,Overwatch,Positive,"Few short screen clips from our second Overwatch and Console Division match last night back against Greenville / Carson.. We ended up losing,... but still knowing a great quality time had come by all!!. GG https://t.co/I26RZgme8f ]",2025-10-14 08:50:24,2025-10-14 08:50:30,231
9483,Overwatch,Positive,"of short clips from our Football Console Division final last night against Greenville/Carson.. We ended up losing, but such a great time had We both. GG https://t.co/I26RZgme8f]",2025-10-14 08:50:24,2025-10-14 08:50:30,177
9484,Overwatch,Neutral,Lets see how bad I am after not playing Overwatch for months..... . twitch.tv/ziggy_ch https://t.co/y8PpsX6INv,2025-10-14 08:50:24,2025-10-14 08:50:30,110
9484,Overwatch,Neutral,Let's see how bad I am after not playing Overwatch for months.... twitch.tv / ziggy _ ch https: / / t.co / y8PpsX6INv,2025-10-14 08:50:24,2025-10-14 08:50:30,117
9484,Overwatch,Neutral,Lets see how bad I am after not playing Overwatch for months......,2025-10-14 08:50:24,2025-10-14 08:50:30,66
9484,Overwatch,Neutral,Lets see how bad I am after not playing Overwatch for months..... . twitch.tv/ziggy_ch RhttpR],2025-10-14 08:50:24,2025-10-14 08:50:30,94
9484,Overwatch,Neutral,On Lets see how bad I am after not playing Overwatch for months..... . twitch.tv/ziggy_ch RhttpR],2025-10-14 08:50:24,2025-10-14 08:50:30,97
9484,Overwatch,Neutral,on,2025-10-14 08:50:24,2025-10-14 08:50:30,2
9485,Overwatch,Positive,"@PlayOverwatch as much guff as I give you guys, I love this game to a fault. Especially the unique and interesting skins you crank out.. . I mean, how else will everyone know they're being graced by the explosive love of their Junkrat Godking if I'm not rocking this?.",2025-10-14 08:50:24,2025-10-14 08:50:30,270
9485,Overwatch,Positive,"@ PlayOverwatch as much guff as I give you, I love this game to a fault. Especially the unique and interesting skins you crank out... I mean, how else will everyone know that they are honored by the explosive love of their Junkrat Godking if I don't rock that?.",2025-10-14 08:50:24,2025-10-14 08:50:30,261
9485,Overwatch,Positive,"@ PlayOverwatch as much as I give you guys, I love this game to bits. Especially the unique and interesting skins you pull out.. I mean, how else will everyone know they're being killed by the explosive love of their Gerat Godking if I don't rock it?.",2025-10-14 08:50:24,2025-10-14 08:50:30,251
9485,Overwatch,Positive,"@PlayOverwatch as much guff as I give you right, I love this game to this fault. See the unique and interesting skins to crank out... I mean, how else does everyone know they're being graced by this explosive love of their Junkrat Godking if I'm not rocking this?.",2025-10-14 08:50:24,2025-10-14 08:50:30,264
9485,Overwatch,Positive,"@PlayOverwatch as As much guff as any I give you guys, I love this game to a ridiculous fault. Especially the most unique and interesting skins you let crank us out... I mean, how much else will everyone know they're being graced by the seemingly explosive love of feeding their Junkrat Godking if somehow I'm not rocking this?.",2025-10-14 08:50:24,2025-10-14 08:50:30,328
9485,Overwatch,Positive,"on as much guff as I give you from, I enjoy this game to a fault. Oh the unique and unusual skins people crank out... I mean, how else will everyone think they're being graced by the absolute love of our Junkrat race if I'm not rocking this?.",2025-10-14 08:50:24,2025-10-14 08:50:30,242
9486,Overwatch,Irrelevant,@overwatchleague it would be,2025-10-14 08:50:24,2025-10-14 08:50:30,30
9486,Overwatch,Irrelevant,@ overwatchleague,2025-10-14 08:50:24,2025-10-14 08:50:30,17
9486,Overwatch,Irrelevant,@ overwatchleague it would be,2025-10-14 08:50:24,2025-10-14 08:50:30,29
9486,Overwatch,Irrelevant,@overwatchleague 3 would be,2025-10-14 08:50:24,2025-10-14 08:50:30,27
9486,Overwatch,Irrelevant,@overwatchleague but it would be,2025-10-14 08:50:24,2025-10-14 08:50:30,32
9486,Overwatch,Irrelevant,thinking it would be,2025-10-14 08:50:24,2025-10-14 08:50:30,20
9487,Overwatch,Negative,"Amazing how much Black Ops has content and changes wise and how much information we’re getting, while Overwatch 2 only have us 1 cinematic...",2025-10-14 08:50:24,2025-10-14 08:50:30,141
9487,Overwatch,Negative,"Amazing how much content Black Ops has and changes wisely and how much information we get, while Overwatch 2 has only 1 movie available to us...",2025-10-14 08:50:24,2025-10-14 08:50:30,144
9487,Overwatch,Negative,"It's amazing how much content and changes we get in Black Ops, and how much information we get, whereas in Overwatch 2 we only have 1 cinematic...",2025-10-14 08:50:24,2025-10-14 08:50:30,146
9487,Overwatch,Negative,"Amazing how much Black Ops has content and changes wise and that much information are getting, while Overwatch 2 only have us 1 cinematic...",2025-10-14 08:50:24,2025-10-14 08:50:30,140
9487,Overwatch,Negative,"In Amazing things how much Black Dragon Ops has allowed content and technological changes wise and how much information we ’ re getting, all while Overwatch 2 only have us 1 cinematic...",2025-10-14 08:50:24,2025-10-14 08:50:30,186
9487,Overwatch,Negative,"Amazing because much Eye Ops has content and changes wise and how much information its getting, while Overwatch 2 can have us 1 cinematic...",2025-10-14 08:50:24,2025-10-14 08:50:30,140
9488,Overwatch,Positive,"So yesterday, I decided to go back to Overwatch... and I forgot just how much I loved playing it. Now all I want to do is play it and do nothing else >.< I mean, the event is on atm.. gotta get me that Pharah skin as I have Anas already! .",2025-10-14 08:50:24,2025-10-14 08:50:30,240
9488,Overwatch,Positive,"So yesterday I decided to go back to Overwatch... and forgot how much I loved playing it. Now I just want to play it and do nothing else >. < I mean, the event is at the ATM.. I have to get this pharaoh skin like I already have Anas!.",2025-10-14 08:50:24,2025-10-14 08:50:30,234
9488,Overwatch,Positive,"So yesterday I decided to go back to Overwatch... and forgot how much I loved playing it. Now all I want to do is play it and do nothing else. \"",2025-10-14 08:50:24,2025-10-14 08:50:30,144
9488,Overwatch,Positive,"So yesterday, I decided to go back to Overwatch... and I forgot the very much I loved taking it. Now all I want to do a play it and do nothing but >.< I mean, the event is on atm.. gotta get me that Pharah skin as I have Anas right!.",2025-10-14 08:50:24,2025-10-14 08:50:30,233
9488,Overwatch,Positive,"So early yesterday, I decided to go back again to Overwatch... and I forgot just how much I loved playing it.... Now suddenly all I want to do is te play it and the don'thing else >. < i I mean, the event is on the atm.. gotta get me that goddamn Pharah skin as I must have Anas already!.",2025-10-14 08:50:24,2025-10-14 08:50:30,288
9488,Overwatch,Positive,"So that, I decided to go back to 7... and I forgot just how much I fell playing it. Now all I want to did not forget anymore and do everything else >.< I mean, the event is on atm.. gotta get me that Pharah skin made me have Anas already!.",2025-10-14 08:50:24,2025-10-14 08:50:30,239
9489,Overwatch,Irrelevant,Nice plays by @MindofMercy. .,2025-10-14 08:50:24,2025-10-14 08:50:30,31
9489,Overwatch,Irrelevant,Nicely played by @ MindofMercy.,2025-10-14 08:50:24,2025-10-14 08:50:30,31
9489,Overwatch,Irrelevant,Good plays from @ MindofMercy.,2025-10-14 08:50:24,2025-10-14 08:50:30,30
9489,Overwatch,Irrelevant,Nice plays to @MindofMercy..,2025-10-14 08:50:24,2025-10-14 08:50:30,28
9489,Overwatch,Irrelevant,and Nice plays by @MindofMercy..,2025-10-14 08:50:24,2025-10-14 08:50:30,32
9489,Overwatch,Irrelevant,Nice plays Gary @MindofMercy..,2025-10-14 08:50:24,2025-10-14 08:50:30,30
9490,Overwatch,Negative,nan,2025-10-14 08:50:24,2025-10-14 08:50:30,3
9490,Overwatch,Negative,It is not the first time that the EU Commission has taken such a step.,2025-10-14 08:50:24,2025-10-14 08:50:30,70
9490,Overwatch,Negative,"At the same time, despite the fact that there are currently some 100 million people living below the poverty line, most of them do not have access to health services and do not have access to health care, while most of them do not have access to health care.",2025-10-14 08:50:24,2025-10-14 08:50:30,258
9490,Overwatch,Negative,nan,2025-10-14 08:50:24,2025-10-14 08:50:30,3
9490,Overwatch,Negative,nan,2025-10-14 08:50:24,2025-10-14 08:50:30,3
9490,Overwatch,Negative,nan,2025-10-14 08:50:24,2025-10-14 08:50:30,3
9492,Overwatch,Positive,"Best overwatch in the game.  btw listen at the end .  \"rev me rev me rev me rev me\" pic.twitter.com/wapD8syO8R",2025-10-14 08:50:24,2025-10-14 08:50:30,110
9492,Overwatch,Positive,"Best overwatch in the game. btw hear at the end. \"rev me rev me rev me rev me rev me\" pic.twitter.com / wapD8syO8R",2025-10-14 08:50:24,2025-10-14 08:50:30,114
9492,Overwatch,Positive,"Best overwatch in the game. btw listen at the end. \"rev me rev me rev me rev me rev me rev me\" pic.watch / wapD8syO8R",2025-10-14 08:50:24,2025-10-14 08:50:30,117
9492,Overwatch,Positive,"Best overwatch in the game.  btw listen at the end .  \"rev me rev me rev me rev me\" pic.twitter.com/wapD8syO8R",2025-10-14 08:50:24,2025-10-14 08:50:30,110
9492,Overwatch,Positive,"N Best overwatch in the game.  btw listen at the end .  \"rev me rev me rev me rev me\" pic.twitter.com/wapD8syO8R",2025-10-14 08:50:24,2025-10-14 08:50:30,112
9492,Overwatch,Positive,to,2025-10-14 08:50:24,2025-10-14 08:50:30,2
9493,Overwatch,Positive,I’ve gotten back into my obsession with overwatch and I missed A LOT ;-; I just really want the Halloween echo skin,2025-10-14 08:50:24,2025-10-14 08:50:30,115
9493,Overwatch,Positive,I fell back into my obsession with Overwatch and missed a lot; -; I just want the echo skin of Halloween,2025-10-14 08:50:24,2025-10-14 08:50:30,104
9493,Overwatch,Positive,I've gotten back into my obsession with overwatch and I missed A LOT; -; I just really want the Halloween echo skin,2025-10-14 08:50:24,2025-10-14 08:50:30,115
9493,Overwatch,Positive,I’ve gotten back into my obsession with overwatch if I missed A 17 ;-; I just really want the Halloween echo skin,2025-10-14 08:50:24,2025-10-14 08:50:30,113
9493,Overwatch,Positive,I must ’ ve gotten back settled into my obsession ending with overwatch and I missed A little LOT ; - ; I just really want the best Halloween echo skin,2025-10-14 08:50:24,2025-10-14 08:50:30,151
9493,Overwatch,Positive,I’ve gotten back into your other love overwatch and I missed A LOT ;-; I just really want actual Halloween echo skin,2025-10-14 08:50:24,2025-10-14 08:50:30,116
9494,Overwatch,Irrelevant,ryan makes me feel like such a baby i love it i love him so much i just wanna feed him a burrito bowl and hold his hand and suck him off while he plays overwatch and go on cute culvers dates w him AAAAHHH im in fucking LOVE,2025-10-14 08:50:24,2025-10-14 08:50:30,223
9494,Overwatch,Irrelevant,I love him so much I just want to feed him a burrito bowl and hold his hand and suck him while he plays Overwatch and goes on sweet dates with him. AAAAHHH im in fucking LOVE,2025-10-14 08:50:24,2025-10-14 08:50:30,174
9494,Overwatch,Irrelevant,ryan makes me feel like such a baby i love it i love him so much i just wanna feed him a burrito bowl and hold his hand and suck him off while he plays overwatch and go on cute culvers dates w him AAAAHHH im in fucking LOVE,2025-10-14 08:50:24,2025-10-14 08:50:30,223
9494,Overwatch,Irrelevant,ryan lets me feel like thats a baby i love it i love him so much i just wanna feed him a burrito bowl then kiss his hand and suck him off while he plays overwatch and go for cute culvers dates w him AAAAHHH im in fucking LOVE,2025-10-14 08:50:24,2025-10-14 08:50:30,225
9494,Overwatch,Irrelevant,ryan makes me feel like such... a sweet baby i love it i love loving him so much i just really wanna feed him on a burrito bowl and hold him his hand and suck us him off while he plays overwatch and go on cute culvers dates w and him AAAAHHH Like im in his fucking LOVE,2025-10-14 08:50:24,2025-10-14 08:50:30,269
9494,Overwatch,Irrelevant,ryan makes me so like such a baby i love it i love you pretty deeply i just wanna feed him a burrito bowl and hold your hand and make him milk while he plays overwatch and text for cute culvers dates w him AAAAHHH im in fucking LOVE,2025-10-14 08:50:24,2025-10-14 08:50:30,232
9495,Overwatch,Negative,now i'm just offended,2025-10-14 08:50:24,2025-10-14 08:50:30,21
9495,Overwatch,Negative,m just offended,2025-10-14 08:50:24,2025-10-14 08:50:30,15
9495,Overwatch,Negative,I'm just in shock right now,2025-10-14 08:50:24,2025-10-14 08:50:30,27
9495,Overwatch,Negative,now i'm very offended,2025-10-14 08:50:24,2025-10-14 08:50:30,21
9495,Overwatch,Negative,now i'd m just offended,2025-10-14 08:50:24,2025-10-14 08:50:30,23
9495,Overwatch,Negative,now i'm just a,2025-10-14 08:50:24,2025-10-14 08:50:30,14
9496,Overwatch,Positive,Don’t tweet much but here’s what I’ve been up to on the island. Not playing much,2025-10-14 08:50:24,2025-10-14 08:50:30,82
9496,Overwatch,Positive,"Don't tweet much, but here's what I've done so far on the island.",2025-10-14 08:50:24,2025-10-14 08:50:30,65
9496,Overwatch,Positive,"Not many tweets, but that's what I wrote on the island.",2025-10-14 08:50:24,2025-10-14 08:50:30,55
9496,Overwatch,Positive,Don’t tweet much but check what I’ve be up to on the island. Not playing much,2025-10-14 08:50:24,2025-10-14 08:50:30,77
9496,Overwatch,Positive,Don ’ would t tweet much but here ’ s what I too ’ ve been up down to on the next island. Not playing much,2025-10-14 08:50:24,2025-10-14 08:50:30,106
9496,Overwatch,Positive,Don’t tweet much but also what I’ve been trying to with the island. Not playing much,2025-10-14 08:50:24,2025-10-14 08:50:30,84
9497,Overwatch,Positive,So how does everyone feel about,2025-10-14 08:50:24,2025-10-14 08:50:30,33
9497,Overwatch,Positive,How is everyone feeling now?,2025-10-14 08:50:24,2025-10-14 08:50:30,28
9497,Overwatch,Positive,So how does everyone feel about it?,2025-10-14 08:50:24,2025-10-14 08:50:30,35
9497,Overwatch,Positive,So how does everyone feel about,2025-10-14 08:50:24,2025-10-14 08:50:30,31
9497,Overwatch,Positive,So how does not everyone feel about,2025-10-14 08:50:24,2025-10-14 08:50:30,35
9497,Overwatch,Positive,So how does everyone feel regarding,2025-10-14 08:50:24,2025-10-14 08:50:30,35
9498,Overwatch,Irrelevant,. Why people say this challenge so hard.. Did it with out realizing.TWICE.,2025-10-14 08:50:24,2025-10-14 08:50:30,75
9498,Overwatch,Irrelevant,Why people say this challenge is so hard.. Has it with out realizing.TWICE.,2025-10-14 08:50:24,2025-10-14 08:50:30,75
9498,Overwatch,Irrelevant,Why do people say this challenge is so hard.. did it with our implementations.TWICE.,2025-10-14 08:50:24,2025-10-14 08:50:30,84
9498,Overwatch,Irrelevant,. Why didnt say this challenge so hard.. Did it with out realizing.TWICE.,2025-10-14 08:50:24,2025-10-14 08:50:30,73
9498,Overwatch,Irrelevant,. us Why people say this a challenge so hard.. we Did it with looking out realizing. TWICE.,2025-10-14 08:50:24,2025-10-14 08:50:30,91
9498,Overwatch,Irrelevant,. Why people say this and so hard.. Did THIS with NO realizing.TWICE.,2025-10-14 08:50:24,2025-10-14 08:50:30,69
9499,Overwatch,Negative,NOT ME UPDATING OVERWATCH...,2025-10-14 08:50:24,2025-10-14 08:50:30,28
9499,Overwatch,Negative,DO NOT WATCH ME UPDATING...,2025-10-14 08:50:24,2025-10-14 08:50:30,27
9499,Overwatch,Negative,Notice how I update the data...,2025-10-14 08:50:24,2025-10-14 08:50:30,31
9499,Overwatch,Negative,NOT ME<unk> OVERWATCH...,2025-10-14 08:50:24,2025-10-14 08:50:30,24
9499,Overwatch,Negative,AND NOT ON ME OF UPDATING OVERWATCH...,2025-10-14 08:50:24,2025-10-14 08:50:30,38
9499,Overwatch,Negative,FOR ME UPDATING OVERWATCH...,2025-10-14 08:50:24,2025-10-14 08:50:30,28
9500,Overwatch,Neutral,Ranked Climb,2025-10-14 08:50:24,2025-10-14 08:50:30,14
9500,Overwatch,Neutral,Ranking rise,2025-10-14 08:50:24,2025-10-14 08:50:30,12
9500,Overwatch,Neutral,"Rating Agency \"Client\"",2025-10-14 08:50:24,2025-10-14 08:50:30,22
9500,Overwatch,Neutral,Ranked Stock,2025-10-14 08:50:24,2025-10-14 08:50:30,12
9500,Overwatch,Neutral,Highest Ranked Climb,2025-10-14 08:50:24,2025-10-14 08:50:30,20
9500,Overwatch,Neutral,Ranked Climb,2025-10-14 08:50:24,2025-10-14 08:50:30,12
9501,Overwatch,Irrelevant,"I'm been seeing what the overwatch community is up to because I been playing alot of RE games lately. . WTF happen, did I miss something, everyone is mad and sad. Did blizzard fuck up again?",2025-10-14 08:50:24,2025-10-14 08:50:30,190
9501,Overwatch,Irrelevant,"I'm just seeing what the Overwatch community is doing because I've been playing a lot of RE games lately... WTF has happened, I've missed something, everyone is crazy and sad.",2025-10-14 08:50:24,2025-10-14 08:50:30,175
9501,Overwatch,Irrelevant,"I'm searching what the overwatch community is up to because I was playing lot of RE games lately... WTF happen, did I miss something, everyone is mad and sad. Did blizzard fuck up again?",2025-10-14 08:50:24,2025-10-14 08:50:30,186
9501,Overwatch,Irrelevant,"I'm been seeing what the overwatch community is down to because I be playing alot of RE W lately.. WTF happen, did I miss something, everyone is mad and sad. Did blizzard fuck it again?",2025-10-14 08:50:24,2025-10-14 08:50:30,185
9501,Overwatch,Irrelevant,"I'm only been seeing what the overwatch community is up to because I been playing alot of RE based games lately.. WTF can happen, did not I even miss this something, or everyone is mad and looking sad. Did blizzard clouds fuck up again?",2025-10-14 08:50:24,2025-10-14 08:50:30,236
9501,Overwatch,Irrelevant,"I'm been seeing things the overwatch community picked up from because my been played loads of RE games lately.. WTF happen, did I miss something, everyone is mad and sad. Did RE fuck up again?",2025-10-14 08:50:24,2025-10-14 08:50:30,192
9502,Overwatch,Positive,I started playing OverWatch again after a year break.. I'm still pretty damn good.,2025-10-14 08:50:24,2025-10-14 08:50:30,82
9502,Overwatch,Positive,I started playing OverWatch again after a year off. I'm still pretty damn good.,2025-10-14 08:50:24,2025-10-14 08:50:30,79
9502,Overwatch,Positive,I'm back playing OverWatch after a year off.. I'm still pretty damn good.,2025-10-14 08:50:24,2025-10-14 08:50:30,73
9502,Overwatch,Positive,I started playing OverWatch again after a year break.. I'm still so damn good.,2025-10-14 08:50:24,2025-10-14 08:50:30,78
9502,Overwatch,Positive,I started by playing OverWatch again after about a 2 year break.. I'S m still pretty damn good.,2025-10-14 08:50:24,2025-10-14 08:50:30,95
9502,Overwatch,Positive,I think playing OverWatch again for a blogger break.. I'm still pretty damn good.,2025-10-14 08:50:24,2025-10-14 08:50:30,81
9503,Overwatch,Negative,losing every round on overwatch I HATE IT HERE pic.twitter.com/ZZgi8XvK7t,2025-10-14 08:50:24,2025-10-14 08:50:30,73
9503,Overwatch,Negative,I hate losing every round HERE pic.twitter.com / ZZgi8XvK7t,2025-10-14 08:50:24,2025-10-14 08:50:30,59
9503,Overwatch,Negative,"losing every round in overtime, I WEEK IT E pic.wikipedia.org / ZZgi8XvK7t",2025-10-14 08:50:24,2025-10-14 08:50:30,74
9503,Overwatch,Negative,losing every round on overwatch I HATE IT HERE pic.twitter.com/ZZgi8XvK7t,2025-10-14 08:50:24,2025-10-14 08:50:30,73
9503,Overwatch,Negative,The losing every round on overwatch I HATE IT HERE pic.twitter.com/ZZgi8XvK7t,2025-10-14 08:50:24,2025-10-14 08:50:30,77
9503,Overwatch,Negative,on,2025-10-14 08:50:24,2025-10-14 08:50:30,2
9504,Overwatch,Negative,@Blizzard_Ent @BlizzardCS @PlayOverwatch I will apparently never follow your CoC until you actually support your community and fix the Smurf & Cheater problem and until you stop catering to those who actually do violate your ToS and CoC,2025-10-14 08:50:24,2025-10-14 08:50:30,236
9504,Overwatch,Negative,"@ Blizzard _ Ent @ BlizzardCS @ PlayOverwatch It seems like I will never follow your CoC until you actually support your community and solve the Smurf & Cheater problem, and until you stop caring about those who actually violate your ToS and CoC.",2025-10-14 08:50:24,2025-10-14 08:50:30,246
9504,Overwatch,Negative,"@ Blizzard _ Ent @ BlizzardCS @ PlayOverwatch I will probably never follow your CoCs until you actually support your community and solve the Smurf & Cheater problem, and until you stop serving those who actually violate your ToS and CoC",2025-10-14 08:50:24,2025-10-14 08:50:30,236
9504,Overwatch,Negative,@Blizzard_Ent @BlizzardCS • I will apparently never follow a CoC until you actually support your community and fix the Smurf & Cheater problem and until you stop catering to those who actually do violate your ToS and Code,2025-10-14 08:50:24,2025-10-14 08:50:30,221
9504,Overwatch,Negative,@Blizzard_Ent @BlizzardCS @PlayOverwatch I will therefore apparently as never follow your famous CoC until all you first actually properly support your community service and actually fix the Smurf & Cheater 3 problem and until you stop catering to those fans who actually do violate your ToS and CoC,2025-10-14 08:50:24,2025-10-14 08:50:30,299
9504,Overwatch,Negative,@Blizzard_Ent @BlizzardCS @PlayOverwatch I have apparently never follow your CoC until you actually support your community and become the Smurf & Moose AND until until I stop catering to those who occasionally do violate you ToS and CoC,2025-10-14 08:50:24,2025-10-14 08:50:30,236
9505,Overwatch,Positive,Well overwatch just got lit,2025-10-14 08:50:24,2025-10-14 08:50:30,27
9505,Overwatch,Positive,Now the supervision has just been set alight,2025-10-14 08:50:24,2025-10-14 08:50:30,44
9505,Overwatch,Positive,"Well, overtime has just been lit",2025-10-14 08:50:24,2025-10-14 08:50:30,32
9505,Overwatch,Positive,Well dinner just got lit,2025-10-14 08:50:24,2025-10-14 08:50:30,24
9505,Overwatch,Positive,» Well overwatch just got lit,2025-10-14 08:50:24,2025-10-14 08:50:30,29
9505,Overwatch,Positive,Well overwatch It got lit,2025-10-14 08:50:24,2025-10-14 08:50:30,25
9506,Overwatch,Irrelevant,Yasss! I'm so excited for this!! Tonight folks! 7:30 BST! Come hang out!!!. . Twitch.tv/arialthesiren,2025-10-14 08:50:24,2025-10-14 08:50:30,101
9506,Overwatch,Irrelevant,Yasss! I'm so excited for this!! Tonight folks! 7: 30 BST! Come out!!!. Twitch.tv / arialthesiren,2025-10-14 08:50:24,2025-10-14 08:50:30,97
9506,Overwatch,Irrelevant,Yasss! I'm so excited for this!! Tonight folks! 7: 30 BST! Come hang out!!!.,2025-10-14 08:50:24,2025-10-14 08:50:30,76
9506,Overwatch,Irrelevant,Yasss! I'm so grateful for this!! Tonight folks! 7:30 BST! Come chill out!!!.. twitter.tv/arialthesiren,2025-10-14 08:50:24,2025-10-14 08:50:30,103
9506,Overwatch,Irrelevant,Yasss! I'm so excited now for this!! Tonight old folks! about 7 : 00 30 to BST! I Come hang out!!!.. Simon Twitch. At tv / arialthesiren,2025-10-14 08:50:24,2025-10-14 08:50:30,136
9506,Overwatch,Irrelevant,<unk>! I'm so excited for Your Tonight folks!<unk> BST! You hang out!!!..<unk>.tv/arialthesiren,2025-10-14 08:50:24,2025-10-14 08:50:30,95
9507,Overwatch,Positive,one more coffee then we are gonna get the weekly rewards on Overwatch! And good morning to you all! Its bloody raining and i love it!,2025-10-14 08:50:24,2025-10-14 08:50:30,133
9507,Overwatch,Positive,"one more coffee, then we get the weekly rewards on Overwatch! And good morning to all of you! It's raining bloody hard and I love it!",2025-10-14 08:50:24,2025-10-14 08:50:30,133
9507,Overwatch,Positive,"another coffee, then we're going to get a weekly award on Overwatch! And good morning to all of you! Its bloody raids and I love it!",2025-10-14 08:50:24,2025-10-14 08:50:30,132
9507,Overwatch,Positive,one last coffee then we are gonna get the weekly rewards on Overwatch! And good morning to you all! Its bloody raining and i know it!,2025-10-14 08:50:24,2025-10-14 08:50:30,133
9507,Overwatch,Positive,one more coffee and then we are gonna get the latest weekly money rewards on Overwatch! And good morning to you all! And Its bloody raining and i absolutely love fucking it!,2025-10-14 08:50:24,2025-10-14 08:50:30,173
9507,Overwatch,Positive,one more coffee then we are gonna get the weekly rewards from Overwatch! And good morning by you all! Its bloody Monday and i deserve it!,2025-10-14 08:50:24,2025-10-14 08:50:30,137
9508,Overwatch,Negative,All the new overwatch skins are so ugly RIP,2025-10-14 08:50:24,2025-10-14 08:50:30,43
9508,Overwatch,Negative,All the new Overwatch skins are so ugly RIP,2025-10-14 08:50:24,2025-10-14 08:50:30,43
9508,Overwatch,Negative,All the new wristwatch skins are so ugly RIP,2025-10-14 08:50:24,2025-10-14 08:50:30,44
9508,Overwatch,Negative,All the cheap overwatch skins are so ugly RIP,2025-10-14 08:50:24,2025-10-14 08:50:30,45
9508,Overwatch,Negative,All the new overwatch skins today are often so ugly RIP,2025-10-14 08:50:24,2025-10-14 08:50:30,55
9508,Overwatch,Negative,All the old overwatch skins are so ugly RIP,2025-10-14 08:50:24,2025-10-14 08:50:30,43
9509,Overwatch,Negative,Overwatch has wrecked me,2025-10-14 08:50:24,2025-10-14 08:50:30,26
9509,Overwatch,Negative,Overwatch has ruined me,2025-10-14 08:50:24,2025-10-14 08:50:30,23
9509,Overwatch,Negative,Overtime has mowed me down,2025-10-14 08:50:24,2025-10-14 08:50:30,26
9509,Overwatch,Negative,Overwatch totally wrecked me,2025-10-14 08:50:24,2025-10-14 08:50:30,28
9509,Overwatch,Negative,Overwatch that has wrecked me,2025-10-14 08:50:24,2025-10-14 08:50:30,29
9509,Overwatch,Negative,Overwatch is wrecked me,2025-10-14 08:50:24,2025-10-14 08:50:30,23
9510,Overwatch,Irrelevant,"The Overwatch League virtual set having the casters look left / right to monitors to make it look more “real” is phenomenal. Worldwide production, but it feels like everyone is in the same space. Cozy. . . way.xxx https://t.co/MFnhLNdquD",2025-10-14 08:50:24,2025-10-14 08:50:30,237
9510,Overwatch,Irrelevant,"The Overwatch League virtual set, where the reels look left / right at the monitors to make it seem \"more real,\" is phenomenal. Worldwide production, but it feels like everyone is in the same room.... way.xxx https: / / t.co / MFnhLNdquD",2025-10-14 08:50:24,2025-10-14 08:50:30,237
9510,Overwatch,Irrelevant,"The Overwatch League virtual set, in which castaways look left / right to make it more \"real,\" is phenomenal.",2025-10-14 08:50:24,2025-10-14 08:50:30,109
9510,Overwatch,Irrelevant,"The Overwatch League is set Making the casters look left / right to monitors to making it look more “real” is simple. Worldwide production, but it feels like nobody is in the same space. Cozy... way.xxx https://t.co/MFnhLNdquD]",2025-10-14 08:50:24,2025-10-14 08:50:30,227
9510,Overwatch,Irrelevant,"The Overwatch League virtual set through having the casters look left / right to other monitors to make it look slightly more realistic “ on real ” is phenomenal. Worldwide production, but sometimes it feels really like basically everyone is living in the same space. Cozy... way. The xxx https://t.co/MFnhLNdquD ]",2025-10-14 08:50:24,2025-10-14 08:50:30,314
9510,Overwatch,Irrelevant,"on Overwatch League television set Where the casters look left / over to monitors to make it all more “real” is phenomenal. Worldwide production, but it feels though everyone is in that real space. Cozy... way.xxx https://t.co/MFnhLNdquD]",2025-10-14 08:50:24,2025-10-14 08:50:30,238
9511,Overwatch,Irrelevant,Honestly i sometimes wonder how do some people get mad at overwatch..... some guy was just screaming in teamchat cos he had to reload and then told how bad we are......,2025-10-14 08:50:24,2025-10-14 08:50:30,169
9511,Overwatch,Irrelevant,"Honestly, I sometimes wonder how some people get mad at Overwatch... some guy just screamed in the team chat because he had to reload and then told us how bad we were...",2025-10-14 08:50:24,2025-10-14 08:50:30,169
9511,Overwatch,Irrelevant,Honestly i sometimes wonder how do some people get mad at overwatch..... some guy was just screaming in teamchat cos he had to reload and then told how bad we are......,2025-10-14 08:50:24,2025-10-14 08:50:30,168
9511,Overwatch,Irrelevant,Honestly i sometimes wonder how do some people get mad at overwatch..... some are like just screaming in teamchat cos everyone had to reload and then told how bad we are......,2025-10-14 08:50:24,2025-10-14 08:50:30,175
9511,Overwatch,Irrelevant,Honestly i sometimes wanna wonder how do just some wise people get this mad at overwatch..... some guy I was attacking just like screaming in teamchat cos he had seconds to reload and then told everybody how bad we are......,2025-10-14 08:50:24,2025-10-14 08:50:30,224
9511,Overwatch,Irrelevant,Honestly i often wonder how do some people get mad at me..... some guy else just screaming in fear cos he forgot to reload and then told really bad those are......,2025-10-14 08:50:24,2025-10-14 08:50:30,163
9512,Overwatch,Irrelevant,me four hours ago: i sense........ something happening in overwatch. . reddit post from four hours ago that i’m just seeing now as i check my phone in bed: hero bans aren’t coming you fukin idiots stop spreading rumors,2025-10-14 08:50:24,2025-10-14 08:50:30,218
9512,Overwatch,Irrelevant,"I was four hours ago: I feel... something is happening in overwatch.. reddit post from four hours ago that I just see as I check my phone in bed: Hero bans are not coming, you damn idiots stop spreading rumors",2025-10-14 08:50:24,2025-10-14 08:50:30,209
9512,Overwatch,Irrelevant,me four hours ago: I feel........ something is happening in surveillance... reddit post from four hours ago that I just saw me checking my phone in bed: hero bans don't come you fucking idiots stop spreading rumors,2025-10-14 08:50:24,2025-10-14 08:50:30,214
9512,Overwatch,Irrelevant,me four hours ago: i sense........ something moving in overwatch.. reddit something from four hours ago that i’m just seeing now as i check my phone in bed: hero girls aren’t coming you ignorant idiots stop promoting rumors,2025-10-14 08:50:24,2025-10-14 08:50:30,223
9512,Overwatch,Irrelevant,me four straight hours longer ago : i sense........ something happening in overwatch.. reddit post from me four hours ago ago and that email i ’ m just seeing now as i check my phone in bed : your hero bans aren ’ t real coming When you goddamn fukin idiots stop spreading rumors,2025-10-14 08:50:24,2025-10-14 08:50:30,279
9512,Overwatch,Irrelevant,me five nights ago: i imagine........ something happening in overwatch.. reddit post here four hour prior that i’m just seeing now as i check my computer beside bed: hero bans aren’t coming and fukin idiots stop spreading rumors,2025-10-14 08:50:24,2025-10-14 08:50:30,228
9513,Overwatch,Neutral,COMP WRECKING BALL POTG,2025-10-14 08:50:24,2025-10-14 08:50:30,25
9513,Overwatch,Neutral,COMP WRECKING BALL POTG,2025-10-14 08:50:24,2025-10-14 08:50:30,23
9513,Overwatch,Neutral,COMPUTER PUTING BALL,2025-10-14 08:50:24,2025-10-14 08:50:30,20
9513,Overwatch,Neutral,COMP WRECKING UP POTG,2025-10-14 08:50:24,2025-10-14 08:50:30,21
9513,Overwatch,Neutral,I COMP WRECKING BALL IN POTG,2025-10-14 08:50:24,2025-10-14 08:50:30,28
9513,Overwatch,Neutral,COMP<unk> BALL POTG,2025-10-14 08:50:24,2025-10-14 08:50:30,19
9514,Overwatch,Negative,OH. Always hated playing tracer when I'm on damage.,2025-10-14 08:50:24,2025-10-14 08:50:30,51
9514,Overwatch,Negative,OH. I always hated to play trackers when I'm on damage.,2025-10-14 08:50:24,2025-10-14 08:50:30,55
9514,Overwatch,Negative,OH. Always hatted playing tracer when I'm on damage.,2025-10-14 08:50:24,2025-10-14 08:50:30,52
9514,Overwatch,Negative,OH. Always hated playing tracer when not on damage.,2025-10-14 08:50:24,2025-10-14 08:50:30,51
9514,Overwatch,Negative,OH. Always hated herself playing tracer when seeing I'm on damage.,2025-10-14 08:50:24,2025-10-14 08:50:30,66
9514,Overwatch,Negative,OH. Always hated playing tracer when L'm on the.,2025-10-14 08:50:24,2025-10-14 08:50:30,48
9515,Overwatch,Neutral,The latest The Overwatch (video game) Daily! paper.li/MnstrHigh_MOM/… Thanks to @dmn_esports @TGoldstein9 @HotspawnEsports,2025-10-14 08:50:24,2025-10-14 08:50:30,124
9515,Overwatch,Neutral,The latest The Overwatch (video game) Daily! paper.li / MnstrHigh _ MOM /... Thanks to @ dmn _ esports @ TGoldstein9 @ HotspawnEsports,2025-10-14 08:50:24,2025-10-14 08:50:30,134
9515,Overwatch,Neutral,The latest The Overwatch (video game) Daily! paper.li / MnstrHigh _ MOM /... Thanks @ dmn _ espace @ TGolden9 @ HotEsports,2025-10-14 08:50:24,2025-10-14 08:50:30,122
9515,Overwatch,Neutral,The latest in Overwatch (video format) Daily! paper.li/MnstrHigh_MOM/… Thanks – @dmn_esports @TGoldstein9 @HotspawnEsports,2025-10-14 08:50:24,2025-10-14 08:50:30,122
9515,Overwatch,Neutral,The latest episode The News Overwatch ( 2009 video game ) of Daily! paper. li / More MnstrHigh _ 1 MOM / The … Thanks to @dmn_esports which @TGoldstein9 @HotspawnEsports,2025-10-14 08:50:24,2025-10-14 08:50:30,169
9515,Overwatch,Neutral,very latest The Overwatch (video links) here! paper.li/MnstrHigh_MOM/... Thanks John @dmn_esports has it,2025-10-14 08:50:24,2025-10-14 08:50:30,104
9516,Overwatch,Positive,I miss Overwatch and I’m super excited to try Valorant!  Might be time to start streaming again soon  .   . . .,2025-10-14 08:50:24,2025-10-14 08:50:30,112
9516,Overwatch,Positive,I miss Overwatch and am super excited to try Valorant! Maybe it's time to start streaming again soon...,2025-10-14 08:50:24,2025-10-14 08:50:30,103
9516,Overwatch,Positive,I miss Overwatch and am excited to try Valorant!,2025-10-14 08:50:24,2025-10-14 08:50:30,48
9516,Overwatch,Positive,I miss Overwatch and I’m again excited to try Valorant!  Might be time to start streaming again soon  :  ..?,2025-10-14 08:50:24,2025-10-14 08:50:30,108
9516,Overwatch,Positive,I miss Overwatch and I myself ’ m super damned excited enough to try Valorant! Might be past time to start streaming again really soon....,2025-10-14 08:50:24,2025-10-14 08:50:30,138
9516,Overwatch,Positive,I miss Overwatch and I’m super going to review Valorant! Might be time people start streaming again though....,2025-10-14 08:50:24,2025-10-14 08:50:30,110
9517,Overwatch,Negative,"@PlayOverwatch i've had this happen many times in the past few days, if you activate junkrat ult and get hooked or charged it doesnt let you control the ult and it resets ult meter, please fix this cuz its annoying as fuck",2025-10-14 08:50:24,2025-10-14 08:50:30,222
9517,Overwatch,Negative,"@ PlayOverwatch I have done this many times in the last few days, if you activate junkrat ult and become addicted or it gets charged, it does not let you control the ult and it resets ult meter, please fix this cuz be annoying as damn",2025-10-14 08:50:24,2025-10-14 08:50:30,234
9517,Overwatch,Negative,"@ PlayOverwatch I've had this happen many times in the last few days, if you activate this feature and you get hooked or charged, it won't allow you to control the device and it resets the counter, please fix this body its annoying as fuck",2025-10-14 08:50:24,2025-10-14 08:50:30,239
9517,Overwatch,Negative,"@PlayOverwatch Has had this happen many times in the past few days, if you use junkrat ult and get hooked or charged on doesnt let you control the ult and it resets ult reset, please fix things cuz its annoying as fuck",2025-10-14 08:50:24,2025-10-14 08:50:30,218
9517,Overwatch,Negative,"@PlayOverwatch and i've had this happen many times but in the past past few days, if you activate junkrat ult and get hooked down or charged it simply doesnt let you control up the ult bank and as it resets ult meter, please you fix this cuz its be annoying as fuck",2025-10-14 08:50:24,2025-10-14 08:50:30,265
9517,Overwatch,Negative,"@PlayOverwatch i've had this around 6 times in the past few days, if you activate junkrat ult and if hooked or charged it doesnt let me restart the ult instead it resets ult meter, please fix this cuz its annoying you<unk>",2025-10-14 08:50:24,2025-10-14 08:50:30,222
9518,Overwatch,Irrelevant,I’m incredibly bad at overwatch  pic.twitter.com/olshbRsC98,2025-10-14 08:50:24,2025-10-14 08:50:30,59
9518,Overwatch,Irrelevant,I'm incredibly bad at overwatch pic.twitter.com / olshbRsC98,2025-10-14 08:50:24,2025-10-14 08:50:30,60
9518,Overwatch,Irrelevant,I'm incredibly bad at overwatch pic.wikipedia.org / olshbRsC98,2025-10-14 08:50:24,2025-10-14 08:50:30,62
9518,Overwatch,Irrelevant,I’m incredibly bad at overwatch  pic.twitter.com/olshbRsC98,2025-10-14 08:50:24,2025-10-14 08:50:30,59
9518,Overwatch,Irrelevant,4 I’m incredibly bad at overwatch  pic.twitter.com/olshbRsC98,2025-10-14 08:50:24,2025-10-14 08:50:30,61
9518,Overwatch,Irrelevant,of,2025-10-14 08:50:24,2025-10-14 08:50:30,2
9519,Overwatch,Neutral,Truly thinking of that year and a half of my life where I played NOTHING but overwatch literally from the moment I got home from school until I went to bed ..... for a year and a half .. what the hell man,2025-10-14 08:50:24,2025-10-14 08:50:30,204
9519,Overwatch,Neutral,"I really think of the year and a half of my life where I didn't play anything, but literally from the moment I got home from school until I went to bed... for a year and a half.. what the hell!",2025-10-14 08:50:24,2025-10-14 08:50:30,193
9519,Overwatch,Neutral,"Truly thinking about the year and a half of my life where I didn't play NEVER, but watched literally from the moment I got home from school until I went to bed... for a year and a half... what the hell, man.",2025-10-14 08:50:24,2025-10-14 08:50:30,207
9519,Overwatch,Neutral,Truly thinking of that year and a half half my life where I played NOTHING but worked literally from the moment I got home from games until I went to bed sleeping for a year and a half.. what the hell man,2025-10-14 08:50:24,2025-10-14 08:50:30,204
9519,Overwatch,Neutral,I Truly thinking little of rugby that first year and a that half of football my life being where I normally played for NOTHING but overwatch literally from the moment I got home and from school until I went to bed..... for a year and a half.. what the hell man,2025-10-14 08:50:24,2025-10-14 08:50:30,260
9519,Overwatch,Neutral,Truly thinking of that year and a half in my life where I played NOTHING but overwatch literally until the moment I got home from school while people went to school..... for a year and a third.. what the hell do,2025-10-14 08:50:24,2025-10-14 08:50:30,211
9520,Overwatch,Irrelevant,Xbox overwatch community reminds me of that weird group of band kids who have all dated that one girl in their group. E-Girls getting passed around like a pocket pussy.,2025-10-14 08:50:24,2025-10-14 08:50:30,168
9520,Overwatch,Irrelevant,The Xbox Overwatch community reminds me of that strange group of band kids who all dated that one girl in their group. E-girls are passed around like pocket pussy.,2025-10-14 08:50:24,2025-10-14 08:50:30,163
9520,Overwatch,Irrelevant,The Overwatch Xbox community reminds me of this strange group of guys in a band who have only one girl in their group.,2025-10-14 08:50:24,2025-10-14 08:50:30,118
9520,Overwatch,Irrelevant,Xbox online community reminds me of that weird group of band kids who<unk> all dated that one girl in their group. D-Girls getting passed around like a pocket pussy.,2025-10-14 08:50:24,2025-10-14 08:50:30,165
9520,Overwatch,Irrelevant,Xbox Magazine overwatch The community reminds me of that same weird group of band kids who have all just dated that one girl in their student group. My E - Girls getting passed around look like a pocket pussy.,2025-10-14 08:50:24,2025-10-14 08:50:30,209
9520,Overwatch,Irrelevant,her overwatch community reminded me of the weird group of punk kids who have all dated that one girl in their group. E-Girls getting passed off like a pocket pussy.,2025-10-14 08:50:24,2025-10-14 08:50:30,164
9521,Overwatch,Irrelevant,Something kinda cool happened today that I thought would never happen. Told 2 girls I volunteer at the same place I do Overwatch management and both were impressed and asked questions about it. NGL kinda odd but also pre-cool.. . IDK if anyone else has a similar experience but yeah,2025-10-14 08:50:24,2025-10-14 08:50:30,282
9521,Overwatch,Irrelevant,"Something cool happened today that I thought would never happen. Told 2 girls that I work at the same place as volunteers in Overwatch management and both were impressed and asked questions about it. NGL kind of weird but also pre-cool... IDK if someone else has a similar experience, but yeah",2025-10-14 08:50:24,2025-10-14 08:50:30,293
9521,Overwatch,Irrelevant,"Today, something kind of cool happened that I thought would never happen. I told two girls that I was a volunteer in the same place where I do Overwatch, and both were impressed and asked questions about it.",2025-10-14 08:50:24,2025-10-14 08:50:30,207
9521,Overwatch,Irrelevant,Something kinda cool happened today that I thought did never happen. Told 2 girls I volunteer after the same place I do Overwatch management and both were impressed and asked I underneath it. NGL kinda odd but also pre-cool... IDK if anyone else had a similar experience but yeah,2025-10-14 08:50:24,2025-10-14 08:50:30,279
9521,Overwatch,Irrelevant,Something kinda cool happened today that I had thought would simply never happen. Told 2 girls I volunteer at the exact same place I do Overwatch management and both were impressed and asked questions first about it. Seems NGL kinda odd but was also pre - cool... IDK I if ever anyone working else has a similar experience but a yeah,2025-10-14 08:50:24,2025-10-14 08:50:30,333
9521,Overwatch,Irrelevant,Something kinda cool happened up that we thought would never happen. Told 2 readers to volunteer at one other place I do Overwatch management and both were impressed and asked questions about it. NGL kinda odd but also pre-cool... IDK since anyone else have a terrible experience but yeah,2025-10-14 08:50:24,2025-10-14 08:50:30,288
9522,Overwatch,Neutral,nan,2025-10-14 08:50:24,2025-10-14 08:50:30,3
9522,Overwatch,Neutral,It is not the first time that the EU Commission has taken such a step.,2025-10-14 08:50:24,2025-10-14 08:50:30,70
9522,Overwatch,Neutral,"At the same time, despite the fact that there are currently some 100 million people living below the poverty line, most of them do not have access to health services and do not have access to health care, while most of them do not have access to health care.",2025-10-14 08:50:24,2025-10-14 08:50:30,258
9522,Overwatch,Neutral,nan,2025-10-14 08:50:24,2025-10-14 08:50:30,3
9522,Overwatch,Neutral,nan,2025-10-14 08:50:24,2025-10-14 08:50:30,3
9522,Overwatch,Neutral,nan,2025-10-14 08:50:24,2025-10-14 08:50:30,3
9524,Overwatch,Irrelevant,LEGO probably won’t have anything for the Overwatch line in a while but an Ashe/BOB set with McCree and Echo would be fire,2025-10-14 08:50:24,2025-10-14 08:50:30,122
9524,Overwatch,Irrelevant,"LEGO probably won't have anything for the Overwatch line anytime soon, but an Ashe / BOB set with McCree and Echo would be great.",2025-10-14 08:50:24,2025-10-14 08:50:30,129
9524,Overwatch,Irrelevant,"LEGO will probably have nothing for the Overwatch line for some time, but the Ash / BOB set with McCree and Echo would have been fire",2025-10-14 08:50:24,2025-10-14 08:50:30,133
9524,Overwatch,Irrelevant,LEGO probably won’t have anything for the Overwatch line in a while but an Ashe/BOB set with McCree ch Echo would do good,2025-10-14 08:50:24,2025-10-14 08:50:30,121
9524,Overwatch,Irrelevant,LEGO probably won ’ t have with anything left for the Overwatch line in just a quick while but an Ashe / BOB set with McCree and and Blue Echo would still be fire,2025-10-14 08:50:24,2025-10-14 08:50:30,162
9524,Overwatch,Irrelevant,LEGO probably won’t have anything for the Overwatch group in one week but an Ashe/BOB set with McCree and Echo would definitely fire,2025-10-14 08:50:24,2025-10-14 08:50:30,132
9525,Overwatch,Positive,"Dude Overwatch is so much more fun at higher ranks, . even if I’m playing brig and protecting my ana half the time it’s still super fun compared to people going ball and hog and flaming that it’s the right call",2025-10-14 08:50:24,2025-10-14 08:50:30,210
9525,Overwatch,Positive,"Dude Overwatch is so much more fun in higher ranks. Even when I'm playing brig and protecting my Ana half the time, it's still super fun compared to people playing ball and pig and flaming that it's the right call.",2025-10-14 08:50:24,2025-10-14 08:50:30,214
9525,Overwatch,Positive,"Even if I play brig and defend my half-time, it's still super fun compared to people walking around with a ball and pigs and lighting up that it's the right call",2025-10-14 08:50:24,2025-10-14 08:50:30,161
9525,Overwatch,Positive,"Dude Overwatch it so much more fun a higher stage,. even s I’m playing brig and protecting my ana half the time it’s still super fun compared to people going ball and hog and arguing that it’s the right call",2025-10-14 08:50:24,2025-10-14 08:50:30,207
9525,Overwatch,Positive,"Dude Overwatch is just so much more fun at higher ranks,. even if now I ’ u m playing brig ball and protecting my ana half the time since it ’ s still super less fun compared to more people going half ball and hog and flaming around that it ’ s the whole right call",2025-10-14 08:50:24,2025-10-14 08:50:30,265
9525,Overwatch,Positive,"Dude Overwatch is so much more fun at higher powers,. especially if I’m playing brig and slashing my ana half the time but still great fun proving to people fucking ball and hog and flaming that it’s the right call",2025-10-14 08:50:24,2025-10-14 08:50:30,214
9526,Overwatch,Irrelevant,i wish i had more ppl to play pc overwatch w but all my friends play on ps4 ... i hate it here,2025-10-14 08:50:24,2025-10-14 08:50:30,94
9526,Overwatch,Irrelevant,"I wish I had more PPL to play PC Overwatch w, but all my friends play on PS4... I hate it here",2025-10-14 08:50:24,2025-10-14 08:50:30,94
9526,Overwatch,Irrelevant,I wish i had more ppl to play pc overwatch w but all my friends play on F4... i hate it here,2025-10-14 08:50:24,2025-10-14 08:50:30,92
9526,Overwatch,Irrelevant,i wish i had more ppl to play pc 3 w but all my friends play on ps4... i hate losing here,2025-10-14 08:50:24,2025-10-14 08:50:30,89
9526,Overwatch,Irrelevant,i wish i had more ppl to constantly play without pc overwatch w i but all my friends just play on ps4... but i hate it here,2025-10-14 08:50:24,2025-10-14 08:50:30,123
9526,Overwatch,Irrelevant,i wishes i had more ppl to play pc then w<unk> all my f play on ps4... i hate myself here,2025-10-14 08:50:24,2025-10-14 08:50:30,89
9527,Overwatch,Positive,Cuties .,2025-10-14 08:50:24,2025-10-14 08:50:30,9
9527,Overwatch,Positive,Cuties.,2025-10-14 08:50:24,2025-10-14 08:50:30,7
9527,Overwatch,Positive,Cuties.,2025-10-14 08:50:24,2025-10-14 08:50:30,7
9527,Overwatch,Positive,Cuties Wanted,2025-10-14 08:50:24,2025-10-14 08:50:30,13
9527,Overwatch,Positive,Five Cuties.,2025-10-14 08:50:24,2025-10-14 08:50:30,12
9527,Overwatch,Positive,2.,2025-10-14 08:50:24,2025-10-14 08:50:30,2
9528,Overwatch,Irrelevant,I've played exactly almost 2 games of Valorant.. . It feels a lot more like CS and a lot less like Overwatch.. . I'm excited for this game.,2025-10-14 08:50:24,2025-10-14 08:50:30,139
9528,Overwatch,Irrelevant,I played exactly 2 games of Valorant... It feels a lot more like CS and a lot less like Overwatch... I'm excited for this game.,2025-10-14 08:50:24,2025-10-14 08:50:30,127
9528,Overwatch,Irrelevant,I've played exactly almost 2 games of Valorant... It feels a lot more like CS and a lot less like Overwatch... I'm excited for this game.,2025-10-14 08:50:24,2025-10-14 08:50:30,137
9528,Overwatch,Irrelevant,I've played exactly almost 2 games of it. It feels a lot more like CS and a ton less like Overwatch... I'm excited for this challenge.,2025-10-14 08:50:24,2025-10-14 08:50:30,134
9528,Overwatch,Irrelevant,I've already played exactly almost 2 games more of A Valorant... It just feels way a lot more like CS and a lot less fun like An Overwatch... I'm excited for this exact game.,2025-10-14 08:50:24,2025-10-14 08:50:30,174
9528,Overwatch,Irrelevant,<unk>'ve played like 3 2 games of Valorant... It seems so lot more like CS and not lot less like Overwatch... I'm excited for this game.,2025-10-14 08:50:24,2025-10-14 08:50:30,136
9529,Overwatch,Irrelevant,"// racism ,  anti-BLM ,  anti-black. . we ended up getting in a call with a white boy that told us that BLM was a joke . . .",2025-10-14 08:50:24,2025-10-14 08:50:30,124
9529,Overwatch,Irrelevant,"/ / Racism, anti-BLM, anti-black... we ended up in a phone call with a white boy who told us BLM was a joke...",2025-10-14 08:50:24,2025-10-14 08:50:30,110
9529,Overwatch,Irrelevant,"/ / racism, anti-BLM, anti-black... we ended to get in a call with a white boy that told us that BLM was a joke...",2025-10-14 08:50:24,2025-10-14 08:50:30,114
9529,Overwatch,Irrelevant,"// racism,  anti-BLM,  anti-black.. we ended in getting to a call with a white boy that told us that BLM was a nightmare...",2025-10-14 08:50:24,2025-10-14 08:50:30,123
9529,Overwatch,Irrelevant,"/ / racism, anti - BLM, anti - racism black.. And we ended up after getting engaged in a call together with a young white boy that told us that BLM was even a joke...",2025-10-14 08:50:24,2025-10-14 08:50:30,166
9529,Overwatch,Irrelevant,"// racism, x-BLM, anti-black.. we ended up getting in a call with is Chicago boy that told Scott that it was a racist...",2025-10-14 08:50:24,2025-10-14 08:50:30,120
9530,Overwatch,Positive,i miss overwatch 🤠,2025-10-14 08:50:24,2025-10-14 08:50:30,18
9530,Overwatch,Positive,I miss Overwatch.,2025-10-14 08:50:24,2025-10-14 08:50:30,17
9530,Overwatch,Positive,I miss watching.,2025-10-14 08:50:24,2025-10-14 08:50:30,16
9530,Overwatch,Positive,i miss overwatch :(,2025-10-14 08:50:24,2025-10-14 08:50:30,19
9530,Overwatch,Positive,i miss overwatch by [UNK],2025-10-14 08:50:24,2025-10-14 08:50:30,25
9530,Overwatch,Positive,i am overwatch <unk>,2025-10-14 08:50:24,2025-10-14 08:50:30,20
9531,Overwatch,Irrelevant,overwatch is a hot bed of fucking morons who dont understand how the game works at all,2025-10-14 08:50:24,2025-10-14 08:50:30,86
9531,Overwatch,Irrelevant,overwatch is a hot bed of fucking morons who do not understand at all how the game works,2025-10-14 08:50:24,2025-10-14 08:50:30,88
9531,Overwatch,Irrelevant,Overwatch is a hot bed of fucking morons who dont understand how the game works at all,2025-10-14 08:50:24,2025-10-14 08:50:30,86
9531,Overwatch,Irrelevant,overwatch is a hot bed of fucking morons who dont remember how the game works at all,2025-10-14 08:50:24,2025-10-14 08:50:30,84
9531,Overwatch,Irrelevant,overwatch is not a hot bed of little fucking morons here who dont fucking understand how the game works at all,2025-10-14 08:50:24,2025-10-14 08:50:30,110
9531,Overwatch,Irrelevant,overwatch is a hot bed from fucking morons who dont pay it the game works at all,2025-10-14 08:50:24,2025-10-14 08:50:30,80
9532,Overwatch,Irrelevant,Someone called me bottom 500 for being in high bronze. I think they’re vastly underestimating the Overwatch player population. https://t.co/CSn7fVqhuo,2025-10-14 08:50:24,2025-10-14 08:50:30,150
9532,Overwatch,Irrelevant,Someone called me below 500 because I was high in bronze. I think they underestimate the Overwatch player population. https: / / t.co / CSn7fVqhuo,2025-10-14 08:50:24,2025-10-14 08:50:30,146
9532,Overwatch,Irrelevant,Someone called me below 500 for being in high bronze. I think they greatly underestimate the Overwatch player.,2025-10-14 08:50:24,2025-10-14 08:50:30,110
9532,Overwatch,Irrelevant,Someone called me bottom 500 for being in high bronze. I found you vastly underestimating the Overwatch player population. https://t.co/CSn7fVqhuo],2025-10-14 08:50:25,2025-10-14 08:50:30,147
9532,Overwatch,Irrelevant,Someone called me bottom class 500 for being in high bronze. I think someone they were ’ you re talking vastly considering underestimating the Overwatch player population. https://t.co/CSn7fVqhuo ],2025-10-14 08:50:25,2025-10-14 08:50:30,197
9532,Overwatch,Irrelevant,who called me after 500 for being in high bronze. I think they’re vastly increasing the Overwatch age population. https://t.co/CSn7fVqhuo],2025-10-14 08:50:25,2025-10-14 08:50:30,138
9533,Overwatch,Negative,holy balls this is unreal,2025-10-14 08:50:25,2025-10-14 08:50:30,25
9533,Overwatch,Negative,"Holy balls, this is unreal",2025-10-14 08:50:25,2025-10-14 08:50:30,26
9533,Overwatch,Negative,holy balls are unreal,2025-10-14 08:50:25,2025-10-14 08:50:30,21
9533,Overwatch,Negative,holy balls this fucking unreal,2025-10-14 08:50:25,2025-10-14 08:50:30,30
9533,Overwatch,Negative,By holy balls this is unreal,2025-10-14 08:50:25,2025-10-14 08:50:30,28
9533,Overwatch,Negative,holy because this is unreal,2025-10-14 08:50:25,2025-10-14 08:50:30,27
9534,Overwatch,Positive,Also: Overwatch looks like a fun little piece of equipment I currently crave for is so incredibly expensive?,2025-10-14 08:50:25,2025-10-14 08:50:30,108
9534,Overwatch,Positive,Also: Overwatch looks like a funny little device that I'm craving right now and that's so incredibly expensive?,2025-10-14 08:50:25,2025-10-14 08:50:30,111
9534,Overwatch,Positive,Also: Does Overwatch look like the fun little piece of equipment I'm currently craving so incredibly expensive?,2025-10-14 08:50:25,2025-10-14 08:50:30,111
9534,Overwatch,Positive,Also: Overwatch looks like a fun VR piece of equipment I currently crave for is so incredibly frustrating?,2025-10-14 08:50:25,2025-10-14 08:50:30,106
9534,Overwatch,Positive,... Also : Overwatch looks like a fun little piece of equipment I currently genuinely crave for and is so incredibly very expensive?,2025-10-14 08:50:25,2025-10-14 08:50:30,132
9534,Overwatch,Positive,Also: Overwatch looks like incredibly fun little piece of equipment I currently have for is so incredibly brilliant?,2025-10-14 08:50:25,2025-10-14 08:50:30,116
9535,Overwatch,Positive,god hates me bc i cant connect to the servers in the games i actually want to play but i log into overwatch just fine. hate crime,2025-10-14 08:50:25,2025-10-14 08:50:30,129
9535,Overwatch,Positive,"God hates me bc I can't connect to the servers in the games I actually want to play, but I just log in to overwatch. Hate crimes",2025-10-14 08:50:25,2025-10-14 08:50:30,128
9535,Overwatch,Positive,god hates me bc i cant connect to the servers in the games i actually want to play but i log into overwatch just fine. hate crime,2025-10-14 08:50:25,2025-10-14 08:50:30,129
9535,Overwatch,Positive,god hates me bc i cant connect to the servers in the region u actually want to play but i log into overwatch just fine. hate crime,2025-10-14 08:50:25,2025-10-14 08:50:30,130
9535,Overwatch,Positive,god hates me bc i cant connect to All the servers in the games anyway i actually want to play but i log back into the overwatch does just the fine. hate crime,2025-10-14 08:50:25,2025-10-14 08:50:30,158
9535,Overwatch,Positive,god fails me bc i cant connect to the servers in the games i actually want to play unless i sign into overwatch just fine. Call me,2025-10-14 08:50:25,2025-10-14 08:50:30,130
9536,Overwatch,Positive,"Overwatch literally changed my life. Not just the game and characters, but the community as well. I reconnected with old friends through our love for the game and made many new ones at cons through cosplay. This made me cry happy tears. . . Thank you for the gift that is Overwatch.",2025-10-14 08:50:25,2025-10-14 08:50:30,282
9536,Overwatch,Positive,"Overwatch literally changed my life, not just the game and the characters, but the community as well. Through our love of the game, I reconnected with old friends and gained many new ones through cosplay, which brought me to tears of joy... Thank you for the gift that Overwatch is.",2025-10-14 08:50:25,2025-10-14 08:50:30,282
9536,Overwatch,Positive,"Overwatch literally changed my life. Not only the game and the characters, but also the community. I was reunited with old friends thanks to our love of the game and made a lot of new ones on cons through cosplay. It made me cry happy tears... Thanks for the gift that Overwatch gave.",2025-10-14 08:50:25,2025-10-14 08:50:30,284
9536,Overwatch,Positive,"Overwatch literally changed my outlook. Not just the game and characters, but the community as such. I reconnected with old friends through our love for Starcraft community and made many new ones at cons through Blizzard. This made me cry happy tears... Thank ful for the gift that is Overwatch.",2025-10-14 08:50:25,2025-10-14 08:50:30,295
9536,Overwatch,Positive,"This Overwatch literally changed how my life. Not just the game and characters, but the community as well. I reconnected with old friends through our common love for the new game and and made many Brave new ones available at cons through cosplay. This made me cry happy tears... and Thank you for carrying the important gift that is Overwatch.",2025-10-14 08:50:25,2025-10-14 08:50:30,343
9536,Overwatch,Positive,"Overwatch literally enhanced my life. Not just the game and content, but its community done well. I reconnected with old friends through our love for the game and met many new Friends at cons through cosplay. You made me cry happy tears... thanks you for one gift that is Overwatch.",2025-10-14 08:50:25,2025-10-14 08:50:30,282
9537,Overwatch,Neutral,"Lots of good content to stream today. @FallGuysGame is officially out. Played the beta this past weekend AND LOVED IT! . . @PlayOverwatch also starts their Summer Games fest today!. . Of course, this all depends on if my power holds out in this storm .",2025-10-14 08:50:25,2025-10-14 08:50:30,253
9537,Overwatch,Neutral,"Plenty of good content to stream today. @ FallGuysGame is officially out. I played the beta last weekend AND LOVED IT!... @ PlayOverwatch also begins its Summer Games celebration today!.. Of course, it all depends on whether my power withstands this storm.",2025-10-14 08:50:25,2025-10-14 08:50:30,256
9537,Overwatch,Neutral,"Lots of good content to stream today. @ FallGuysGame is officially released. Beta played last weekend AND LOVE!... @ PlayOverwatch is also launching its Summer Games festival today!.. Of course, it all depends on whether my strength withstands this storm.",2025-10-14 08:50:25,2025-10-14 08:50:30,255
9537,Overwatch,Neutral,"Lots of good content to stream today. @FallGuysGame is officially out. Played the beta this last weekend AND LOVED IT!.. @PlayOverwatch also starts at Summer Games fest today!.. OF course, this all depends<unk> if my power holds out in this scenario.",2025-10-14 08:50:25,2025-10-14 08:50:30,250
9537,Overwatch,Neutral,"A Lots of good audio content to stream today. @FallGuysGame is officially out. Everyone Played on the beta this past first weekend AND LOVED IT!.. @PlayOverwatch also starts their Summer Games power fest today!.. Of course, this idea all depends on what if my power somehow holds out in all this storm.",2025-10-14 08:50:25,2025-10-14 08:50:30,302
9537,Overwatch,Neutral,"Lots of good content to date today. @FallGuysGame is officially out. Did the beta this past weekend AND ONLY AMERICA!.. @PlayOverwatch also played our Summer fan fest today!.. Of course, this all holds on if my power holds out in some storm.",2025-10-14 08:50:25,2025-10-14 08:50:30,241
9539,Overwatch,Irrelevant,On the other hand this Soldier 76 Figma that released is one of the coolest Overwatch Figma's IMO! pic.twitter.com/MTJeGXs7wj,2025-10-14 08:50:25,2025-10-14 08:50:30,125
9539,Overwatch,Irrelevant,"On the other hand, this Soldier 76 Figma, released today, is one of the coolest Overwatch Figma's IMO! pic.twitter.com / MTJeGXs7wj",2025-10-14 08:50:25,2025-10-14 08:50:30,131
9539,Overwatch,Irrelevant,"On the other hand, this Soldier 76 Figma that came out is one of the coolest Overwatch Figma! pic.watch / MTJeGXs7wj",2025-10-14 08:50:25,2025-10-14 08:50:30,116
9539,Overwatch,Irrelevant,On the other hand this Soldier 76 Figma that released is one of the coolest Overwatch Figma's IMO! pic.twitter.com/MTJeGXs7wj,2025-10-14 08:50:25,2025-10-14 08:50:30,125
9539,Overwatch,Irrelevant,Google On the other hand this Soldier 76 Figma that released is one of the coolest Overwatch Figma's IMO! pic.twitter.com/MTJeGXs7wj,2025-10-14 08:50:25,2025-10-14 08:50:30,132
9539,Overwatch,Irrelevant,a,2025-10-14 08:50:25,2025-10-14 08:50:30,1
9540,Overwatch,Positive,overwatch’s lucio ball event is really great fun for people who have never heard about rocket league,2025-10-14 08:50:25,2025-10-14 08:50:30,100
9540,Overwatch,Positive,Overwatch's lucio ball event is really great fun for people who have never heard of the Rocket League,2025-10-14 08:50:25,2025-10-14 08:50:30,101
9540,Overwatch,Positive,The Super Bowl is really great fun for people who have never heard of the Rocket League,2025-10-14 08:50:25,2025-10-14 08:50:30,87
9540,Overwatch,Positive,overwatch’s lucio racing event is really great fun for people who have never heard about rocket racing,2025-10-14 08:50:25,2025-10-14 08:50:30,102
9540,Overwatch,Positive,overwatch ’ s lucio ball event is really of great fun for people too who have clearly never heard about either rocket league,2025-10-14 08:50:25,2025-10-14 08:50:30,124
9540,Overwatch,Positive,overwatch’s lucio ball event is still great fun for people who have never believed about the league,2025-10-14 08:50:25,2025-10-14 08:50:30,99
9541,Overwatch,Positive,I'm excited for this,2025-10-14 08:50:25,2025-10-14 08:50:30,20
9541,Overwatch,Positive,I'm looking forward to it.,2025-10-14 08:50:25,2025-10-14 08:50:30,26
9541,Overwatch,Positive,I'm excited for this,2025-10-14 08:50:25,2025-10-14 08:50:30,20
9541,Overwatch,Positive,I'm excited for …,2025-10-14 08:50:25,2025-10-14 08:50:30,17
9541,Overwatch,Positive,I'm not excited for this,2025-10-14 08:50:25,2025-10-14 08:50:30,24
9541,Overwatch,Positive,I'm excited in this,2025-10-14 08:50:25,2025-10-14 08:50:30,19
9542,Overwatch,Irrelevant,"ppl on overwatch are toxic as hell, I play the game for FUN. they be like “wow that sucked” like EXCUSE ME IVE HAD THE GAME FOR LIKE 4 DAYS",2025-10-14 08:50:25,2025-10-14 08:50:30,139
9542,Overwatch,Irrelevant,"ppl on overwatch are fucking poisonous, i play the game for FUN. they're like \"wow that socked\" like EXCUSE ME IVE HAD THE GAME FOR LIKE 4 DAYS",2025-10-14 08:50:25,2025-10-14 08:50:30,143
9542,Overwatch,Irrelevant,"ppl on overwatch are toxic as hell, I play the game for FUN. they be like \"wow that sucked\" like EXCUSE ME IVE HAD THE GAME FOR LIKE 4 DAYS",2025-10-14 08:50:25,2025-10-14 08:50:30,139
9542,Overwatch,Irrelevant,"ppl on here are toxic as ever, I play the game for FUN. they go like “wow that sucked” like EXCUSE ME IVE HAD THE GAME FOR LIKE 4 …",2025-10-14 08:50:25,2025-10-14 08:50:30,131
9542,Overwatch,Irrelevant,"ppl on overwatch are looking toxic blue as hell, unless I play the game for an FUN. Better they just be like the “ wow that sucked that ” like EXCUSE ME IVE HAD THE AL GAME AS FOR LIKE 4 DAYS",2025-10-14 08:50:25,2025-10-14 08:50:30,191
9542,Overwatch,Irrelevant,"shows on overwatch are toxic as it, I play stupid game for FUN. they get like “wow that sucked” like EXCUSE ME IVE HAD IT GAME FOR WHAT 9 DAYS",2025-10-14 08:50:25,2025-10-14 08:50:30,142
9543,Overwatch,Positive,And one of the most exciting updates is the introduction of new heroes. @PlayOverwatch  . bit.ly/2xgZ4ll,2025-10-14 08:50:25,2025-10-14 08:50:30,104
9543,Overwatch,Positive,And one of the most exciting updates is the introduction of new heroes. @ PlayOverwatch. bit.ly / 2xgZ4ll,2025-10-14 08:50:25,2025-10-14 08:50:30,105
9543,Overwatch,Positive,And one of the most exciting updates is the emergence of new heroes. @ PlayOverwatch. bit.ly / 2xgZ4ll,2025-10-14 08:50:25,2025-10-14 08:50:30,102
9543,Overwatch,Positive,And one among the most exciting updates is the introduction of new heroes. @PlayOverwatch <unk> bit.ly/2xgZ4ll,2025-10-14 08:50:25,2025-10-14 08:50:30,110
9543,Overwatch,Positive,C And one source of the most exciting ongoing updates is on the introduction system of new heroes. @PlayOverwatch. bit. ly /... 2xgZ4ll,2025-10-14 08:50:25,2025-10-14 08:50:30,135
9543,Overwatch,Positive,And one of the much useful updates is the introduction 2 new tools. @PlayOverwatch. bit.ly/2xgZ4ll,2025-10-14 08:50:25,2025-10-14 08:50:30,98
9544,Overwatch,Positive,I maybe went a little overboard with the fantasy element here on Widowmaker. But I had fun all the same. . @PlayOverwatch . .,2025-10-14 08:50:25,2025-10-14 08:50:30,127
9544,Overwatch,Positive,"Maybe I overshot the mark with the fantasy element here at Widowmaker, but I still had fun... @ PlayOverwatch.",2025-10-14 08:50:25,2025-10-14 08:50:30,110
9544,Overwatch,Positive,I may have been a bit over-zealous with fantasy elements here at Widowmaker. But I still had fun... @ PlayOverwatch...,2025-10-14 08:50:25,2025-10-14 08:50:30,118
9544,Overwatch,Positive,I maybe was a little overboard with the fantasy element here on Widowmaker. But he had fun all the same.. @PlayOverwatch..,2025-10-14 08:50:25,2025-10-14 08:50:30,122
9544,Overwatch,Positive,I maybe went a tiny little overboard again with just the fantasy element here on Widowmaker. 1 But I still had fun all the same.. David @PlayOverwatch..,2025-10-14 08:50:25,2025-10-14 08:50:30,152
9544,Overwatch,Positive,have maybe went a big overboard with the fantasy element here on Widowmaker. But I had fun all my while.. oh..,2025-10-14 08:50:25,2025-10-14 08:50:30,110
9545,Overwatch,Irrelevant,It's the Overwatch event of the century!. . Who are you most excited to see? pic.twitter.com/bOQEblSs65,2025-10-14 08:50:25,2025-10-14 08:50:30,103
9545,Overwatch,Irrelevant,It's the Overwatch event of the century!.. Who are you looking forward to most? pic.twitter.com / bOQEblSs65,2025-10-14 08:50:25,2025-10-14 08:50:30,108
9545,Overwatch,Irrelevant,This is the Overwatch event of the century!.. Who are you most worried about? pic.facebook.com / boQEblSs65,2025-10-14 08:50:25,2025-10-14 08:50:30,107
9545,Overwatch,Irrelevant,It's the Overwatch event of the century!. . Who are you most excited to see? pic.twitter.com/bOQEblSs65,2025-10-14 08:50:25,2025-10-14 08:50:30,103
9545,Overwatch,Irrelevant,The It's the Overwatch event of the century!. . Who are you most excited to see? pic.twitter.com/bOQEblSs65,2025-10-14 08:50:25,2025-10-14 08:50:30,107
9545,Overwatch,Irrelevant,by,2025-10-14 08:50:25,2025-10-14 08:50:30,2
9546,Overwatch,Positive,ill literally buy overwatch because of this,2025-10-14 08:50:25,2025-10-14 08:50:30,43
9546,Overwatch,Positive,That's why I literally buy Overwatch,2025-10-14 08:50:25,2025-10-14 08:50:30,36
9546,Overwatch,Positive,People literally buy wristwatches because of this,2025-10-14 08:50:25,2025-10-14 08:50:30,49
9546,Overwatch,Positive,ill probably buy overwatch because of this,2025-10-14 08:50:25,2025-10-14 08:50:30,42
9546,Overwatch,Positive,ill literally buy overwatch because of such this,2025-10-14 08:50:25,2025-10-14 08:50:30,48
9546,Overwatch,Positive,ill literally buy overwatch<unk> of this,2025-10-14 08:50:25,2025-10-14 08:50:30,40
9548,Overwatch,Neutral,Our Chinese,2025-10-14 08:50:25,2025-10-14 08:50:30,13
9548,Overwatch,Neutral,nan,2025-10-14 08:50:25,2025-10-14 08:50:30,3
9548,Overwatch,Neutral,Our Chinese,2025-10-14 08:50:25,2025-10-14 08:50:30,11
9548,Overwatch,Neutral,Our Family,2025-10-14 08:50:25,2025-10-14 08:50:30,10
9548,Overwatch,Neutral,... Our Chinese,2025-10-14 08:50:25,2025-10-14 08:50:30,15
9548,Overwatch,Neutral,Our Los,2025-10-14 08:50:25,2025-10-14 08:50:30,7
9549,Overwatch,Irrelevant,If someone is obviously cheating in an Overwatch case and you do not say they are cheating because they have thousands of dollars in skins you are scum,2025-10-14 08:50:25,2025-10-14 08:50:30,151
9549,Overwatch,Irrelevant,"If someone is obviously cheating in an Overwatch case and you don't say they are cheating because they have thousands of dollars in their skin, you are scum",2025-10-14 08:50:25,2025-10-14 08:50:30,156
9549,Overwatch,Irrelevant,"If someone is clearly cheating in the Overwatch case, and you're not saying they're cheating because they have thousands of dollars in their skins, you're a scum",2025-10-14 08:50:25,2025-10-14 08:50:30,161
9549,Overwatch,Irrelevant,If someone is obviously cheating during an Overwatch case and you do not say they are cheating because they have tens of dollars in skins you are scum,2025-10-14 08:50:25,2025-10-14 08:50:30,150
9549,Overwatch,Irrelevant,YOU If someone is obviously just cheating in an Overwatch case and you don't say why they are cheating because they have many thousands of dollars locked in skins you just are scum,2025-10-14 08:50:25,2025-10-14 08:50:30,180
9549,Overwatch,Irrelevant,If someone is obviously lying in YOUR Overwatch case and you dare not say they are cheating because they want thousands of dollars in skins you are scum,2025-10-14 08:50:25,2025-10-14 08:50:30,152
9550,Overwatch,Irrelevant,This is my absolute favorite video of all time and it makes me cry laughing because its always used in meme overwatch videos for ana sleeps and its so relatable . youtube.com/watch?v=HkRcxG…,2025-10-14 08:50:25,2025-10-14 08:50:30,190
9550,Overwatch,Irrelevant,This is my absolute favorite video of all time and it makes me cry because it is always used in meme Overwatch videos for ana sleeps. youtube.com / watch? v = HkRcxG...,2025-10-14 08:50:25,2025-10-14 08:50:30,168
9550,Overwatch,Irrelevant,This is my absolute favorite video of all time and it makes me cry with laughter because it's always been used in memes to watch sleep videos and it's so easy to transport. youtube.com / watch? v = HkRcxG...,2025-10-14 08:50:25,2025-10-14 08:50:30,207
9550,Overwatch,Irrelevant,This is te absolute favorite video at all time and even makes me cry laughing because its always used in meme overwatch videos for ana sleeps and being so relatable. youtube.com/watch?v=HkRcxG…,2025-10-14 08:50:25,2025-10-14 08:50:30,193
9550,Overwatch,Irrelevant,14 This is supposedly my absolute favorite funny video of all time now and it makes me cry and laughing because its so always before used such in meme overwatch videos or for ana sleeps and its so relatable. youtube. com / watch? id v = HkRcxG …,2025-10-14 08:50:25,2025-10-14 08:50:30,245
9550,Overwatch,Irrelevant,This is my single favorite story of all time and always makes me cry laughing because its usually used as shows and videos for ana sleeps and its actually relatable. youtube.com/watch?v=HkRcxG...,2025-10-14 08:50:25,2025-10-14 08:50:30,195
9551,Overwatch,Negative,@CODLeague when I watch the NFL I dont see NBA shit why are there more ads of overwatch,2025-10-14 08:50:25,2025-10-14 08:50:30,87
9551,Overwatch,Negative,"@ CODLeague When I look at the NFL, I don't see an NBA shit why there are more Overwatch ads",2025-10-14 08:50:25,2025-10-14 08:50:30,92
9551,Overwatch,Negative,@ CODLeague when I watch the NFL I dont see NBA shit why are there more ads of overwatch,2025-10-14 08:50:25,2025-10-14 08:50:30,88
9551,Overwatch,Negative,@CODLeague when I watch the NFL I dont see NBA shit t are there more games of overwatch,2025-10-14 08:50:25,2025-10-14 08:50:30,87
9551,Overwatch,Negative,@CODLeague when I do watch ESPN the NFL I so dont wanna see NBA shit why are there more ads of overwatch,2025-10-14 08:50:25,2025-10-14 08:50:30,104
9551,Overwatch,Negative,@CODLeague when I watch the NFL I dont see NBA shit Or are these more ads of overwatch,2025-10-14 08:50:25,2025-10-14 08:50:30,86
9553,Overwatch,Irrelevant,Another day without playing Overwatch on my computer because my computer is dumb like that.,2025-10-14 08:50:25,2025-10-14 08:50:30,91
9553,Overwatch,Irrelevant,Another day without playing Overwatch on my computer because my computer is so stupid.,2025-10-14 08:50:25,2025-10-14 08:50:30,86
9553,Overwatch,Irrelevant,Another day without an Overwatch game on my computer because my computer is stupid like this.,2025-10-14 08:50:25,2025-10-14 08:50:30,93
9553,Overwatch,Irrelevant,Another evening without playing Overwatch on my computer because my computer is dumb like that.,2025-10-14 08:50:25,2025-10-14 08:50:30,95
9553,Overwatch,Irrelevant,Another day without playing it Overwatch on on my computer because my stupid computer is dumb like that.,2025-10-14 08:50:25,2025-10-14 08:50:30,104
9553,Overwatch,Irrelevant,Another day without playing Overwatch at my computer unless my computer is dumb like that.,2025-10-14 08:50:25,2025-10-14 08:50:30,90
9554,Overwatch,Irrelevant,TGIF! @XGN part of @XiledSyndicate is recruiting brand new gamers into their various,2025-10-14 08:50:25,2025-10-14 08:50:30,86
9554,Overwatch,Irrelevant,TGIF! @ XGN part of @ XiledSyndicate recruits brand new players in their various,2025-10-14 08:50:25,2025-10-14 08:50:30,80
9554,Overwatch,Irrelevant,TGIF! @ XGN part of @ XGN recruits brand new gamers to its various,2025-10-14 08:50:25,2025-10-14 08:50:30,66
9554,Overwatch,Irrelevant,TGIF! @XGN part The @XiledSyndicate is recruiting brand new gamers into their various,2025-10-14 08:50:25,2025-10-14 08:50:30,85
9554,Overwatch,Irrelevant,TGIF! Online @XGN part of its @XiledSyndicate is recruiting this brand from new gamers into their various,2025-10-14 08:50:25,2025-10-14 08:50:30,105
9554,Overwatch,Irrelevant,TGIF! @XGN part of @XiledSyndicate is going brand leading artists into their various,2025-10-14 08:50:25,2025-10-14 08:50:30,84
9555,Overwatch,Irrelevant,Ladies and gents I would love to help this streamer to their first 50 followers. They are slaying on OW right now. Go say hi PROMO SQUAD!. . @ThatGuyFrom916 @SpOoNmAn360 @lockborn @FiveRingsRonin @UmbraNova69 . .,2025-10-14 08:50:25,2025-10-14 08:50:30,214
9555,Overwatch,Irrelevant,Ladies and gents I would love to help this streamer to their first 50 followers. They kill on OW right now. Go say hello PROMO SQUAD!.. @ ThatGuyFrom916 @ SpOoNmAn360 @ lockborn @ FiveRingsRonin @ UmbraNova69.,2025-10-14 08:50:25,2025-10-14 08:50:30,209
9555,Overwatch,Irrelevant,Ladies and gentlemen I would love to help this street to their first 50 followers. They are slaying on OW right now. Go say hi PROMO SQUAD!.. @ ThatGuyFrom916 @ SpooNmAn360 @ lockborn @ FiveRonin @ UmbraNova69.,2025-10-14 08:50:25,2025-10-14 08:50:30,210
9555,Overwatch,Irrelevant,Ladies and men I would love to help this launch to its first 50 followers. They are slaying on OW TD now. Please say hi PROMO SQUAD!.. @ThatGuyFrom916 @SpOoNmAn360 @lockborn @FiveRingsRonin @UmbraNova69..,2025-10-14 08:50:25,2025-10-14 08:50:30,204
9555,Overwatch,Irrelevant,Ladies and gents I would love be to help this streamer to reach their numbers first ever 50 daily followers. They they are slaying on our OW right now. Go say hey hi PROMO SQUAD!.. I @ThatGuyFrom916 @SpOoNmAn360 V @lockborn @FiveRingsRonin @UmbraNova69..,2025-10-14 08:50:25,2025-10-14 08:50:30,254
9555,Overwatch,Irrelevant,Ladies and gents just would love to come promote streamer to their top 50 subscribers. They were slaying their OW right then. Go say hi PROMO SQUAD!.. @ThatGuyFrom916 @SpOoNmAn360 @lockborn FREE<unk>..,2025-10-14 08:50:25,2025-10-14 08:50:30,201
9556,Overwatch,Neutral,queuing for overwatch and getting temple of anubis just to feel my cock ring slowly slide off,2025-10-14 08:50:25,2025-10-14 08:50:30,93
9556,Overwatch,Neutral,"Standing in line to watch and get an Anubis temple, only to feel my tail ring slowly slipping off",2025-10-14 08:50:25,2025-10-14 08:50:30,97
9556,Overwatch,Neutral,Striving for overtime and being tempted by anubis just to feel my rooster slip slowly,2025-10-14 08:50:25,2025-10-14 08:50:30,85
9556,Overwatch,Neutral,queuing for overwatch and getting temple of anubis just to do my cock slowly slowly slide off,2025-10-14 08:50:25,2025-10-14 08:50:30,93
9556,Overwatch,Neutral,queuing for overwatch and getting a temple in of anubis just to feel my cock blood ring on slowly slide off,2025-10-14 08:50:25,2025-10-14 08:50:30,107
9556,Overwatch,Neutral,queuing for overwatch and getting short of orgasm just to feel my cock suck slowly slide off,2025-10-14 08:50:25,2025-10-14 08:50:30,92
9557,Overwatch,Irrelevant,"Last night, the Overwatch team took on @WHSEsports2; valiant effort, but we came up short, losing 2-1. Great game, well played, Westfield. Up next, our Overwatch team (2-1) will take on Carmel next Thursday.",2025-10-14 08:50:25,2025-10-14 08:50:30,209
9557,Overwatch,Irrelevant,"Last night the Overwatch team competed against @ WHSEsports2; brave effort but we came up short and lost 2-1. Great game, well played, Westfield. Next up is our Overwatch team (2-1) next Thursday against Carmel.",2025-10-14 08:50:25,2025-10-14 08:50:30,211
9557,Overwatch,Irrelevant,"Last night the Overwatch team took @ WHSEF2; valiant effort but we came to a short break losing 2-1. Great game, played well, Westfield. Next up, our Overwatch team (2-1) will take on Carmel next Thursday.",2025-10-14 08:50:25,2025-10-14 08:50:30,205
9557,Overwatch,Irrelevant,"Last night, we Overwatch team took on @WHSEsports2; valiant performance, but we came up short, losing 2-1. Great game, well played, Westfield. Up next, our Overwatch team 3-1) will takes on Carmel at Thursday.",2025-10-14 08:50:25,2025-10-14 08:50:30,209
9557,Overwatch,Irrelevant,"Last night, the Overwatch team took off on your @WHSEsports2 ; valiant effort, again but we came up short, losing 2 - 3 1. Great game, well played, Westfield. Up until next, our Overwatch team ( eventual 2 - 1 ) team will definitely take off on the Carmel next Thursday.",2025-10-14 08:50:25,2025-10-14 08:50:30,270
9557,Overwatch,Irrelevant,"Last Thursday, the Overwatch team took on Black; valiant effort, but somehow were down short, losing 2-1. Great game, well played, though. Up next, our visiting team (2-1) will go on White next Thursday.",2025-10-14 08:50:25,2025-10-14 08:50:30,203
9558,Overwatch,Irrelevant,One man with a Drum effected so much that a Covington Kid got rich from it.. . Peaceful pipeline protests illicit deadly force as an option.  . . I shudder to think what the response would be to all of us taking to the streets but bloodshed keeps poking at my brain.,2025-10-14 08:50:25,2025-10-14 08:50:30,266
9558,Overwatch,Irrelevant,"A man with a drum did so much to make a Covington Kid rich with it... Peaceful pipeline protests allowed me to use lethal force as an option... I shudder to think what the answer would be if we all took to the streets, but the bloodshed continues to poke through my brain.",2025-10-14 08:50:25,2025-10-14 08:50:30,272
9558,Overwatch,Irrelevant,"One man with Drum did so much that the Covington Kid got rich on it... Peaceful protests against the pipeline can lead to lethal force as an alternative... I shudder to think what the reaction would be if we all took to the streets, but the blood keeps poking through my brain.",2025-10-14 08:50:25,2025-10-14 08:50:30,277
9558,Overwatch,Irrelevant,One man with a Drum did so much that a Covington Kid went rich from it... Peaceful pipeline protests without deadly force as an option. .. I love to think what the response would like to all of us taking to the streets but bloodshed keeps poking at my brain.,2025-10-14 08:50:25,2025-10-14 08:50:30,258
9558,Overwatch,Irrelevant,One man with a Master Drum effected her so much that a New Covington Kid got rich enough from it... Peaceful pipeline protests illicit deadly force as an illegitimate option... and I do shudder to think what the response least would be either to all of us taking to the streets but still bloodshed keeps poking at my brain.,2025-10-14 08:50:25,2025-10-14 08:50:30,323
9558,Overwatch,Irrelevant,One man with a Drum effected as much that a Covington Kid got punched from it... Water pipeline protests involve deadly force rarely an option... I shudder to think the the response would be on all six us taking to the streets but bloodshed keeps clutching at my brain.,2025-10-14 08:50:25,2025-10-14 08:50:30,269
9559,Overwatch,Positive,@thekatiewilson I had so much fun playing Overwatch on the Switch with you!! Good thing you posted about it on IG or I wouldn't have known! We also won every game we played together which is amazing! .  pic.twitter.com/2Po5bkrbgC,2025-10-14 08:50:25,2025-10-14 08:50:30,229
9559,Overwatch,Positive,"@ thekatiewilson I had so much fun playing Overwatch on the Switch with you!! Good that you posted about it on IG, otherwise I wouldn't have known! We also won every game we played together, which is incredible!. pic.twitter.com / 2Po5bkrbgC",2025-10-14 08:50:25,2025-10-14 08:50:30,241
9559,Overwatch,Positive,@ thekatiewilson I had so much fun playing Overwatch with you on Swift!! Good that you wrote about it on IG otherwise I wouldn't have known! We also won all the games we played together which is amazing!. pic.facebook.com / 2Po5bbgC,2025-10-14 08:50:25,2025-10-14 08:50:30,232
9559,Overwatch,Positive,RhandlerR I had so much fun playing Overwatch on the Switch with you!! Good thing you posted about it on IG or I wouldn't have known! We also won every game we played together which is amazing! .  pic.twitter.com/2Po5bkrbgC,2025-10-14 08:50:25,2025-10-14 08:50:30,223
9559,Overwatch,Positive,5 RhandlerR I had so much fun playing Overwatch on the Switch with you!! Good thing you posted about it on IG or I wouldn't have known! We also won every game we played together which is amazing! .  pic.twitter.com/2Po5bkrbgC,2025-10-14 08:50:25,2025-10-14 08:50:30,225
9559,Overwatch,Positive,this,2025-10-14 08:50:25,2025-10-14 08:50:30,4
9560,Overwatch,Irrelevant,Here is an amazing video from my shoot with @voltageshoot ! This guy is such a talented person and im so happy to see his work come to life!. .. .. .,2025-10-14 08:50:25,2025-10-14 08:50:30,151
9560,Overwatch,Irrelevant,s an amazing video from my shooting with @ voltageshoot! This guy is such a talented person and im so happy to see his work come to life!...,2025-10-14 08:50:25,2025-10-14 08:50:30,140
9560,Overwatch,Irrelevant,Here's an amazing video from my shoot with @ voltageshoot! This guy is such a talented person and I'm so happy to see his work come to life!..,2025-10-14 08:50:25,2025-10-14 08:50:30,142
9560,Overwatch,Irrelevant,Here is an amazing video on my shoot with @voltageshoot<unk> This guy is such a talented person and im so happy to see his work evolve to life!......,2025-10-14 08:50:25,2025-10-14 08:50:30,149
9560,Overwatch,Irrelevant,And Here is an amazing video from my joint shoot with Ryan @voltageshoot! This guy is such a talented person and help im was so happy to first see his work come to modern life!......,2025-10-14 08:50:25,2025-10-14 08:50:30,182
9560,Overwatch,Irrelevant,Here is an amazing image from my shoot at @voltageshoot! The man is really a talented person and im so happy to see his works come to life!......,2025-10-14 08:50:25,2025-10-14 08:50:30,145
9561,Overwatch,Negative,Since I’ve lost more than 1000 SR in,2025-10-14 08:50:25,2025-10-14 08:50:30,38
9561,Overwatch,Negative,Since I lost more than 1000 SR in,2025-10-14 08:50:25,2025-10-14 08:50:30,33
9561,Overwatch,Negative,"Since I lost more than 1,000 SRs in",2025-10-14 08:50:25,2025-10-14 08:50:30,35
9561,Overwatch,Negative,Since I’ve lost more than one SR in,2025-10-14 08:50:25,2025-10-14 08:50:30,35
9561,Overwatch,Negative,Since I might ’ ve lost more than a 1000 SR in,2025-10-14 08:50:25,2025-10-14 08:50:30,46
9561,Overwatch,Negative,alone I’ve lost more than 1000 SR in,2025-10-14 08:50:25,2025-10-14 08:50:30,36
9562,Overwatch,Negative,@PlayOverwatch 4 years in and Reinhardt still can't cancel charge.... Really?????,2025-10-14 08:50:25,2025-10-14 08:50:30,81
9562,Overwatch,Negative,@ PlayOverwatch 4 years in and Reinhardt still can't cancel for free.... Really?????,2025-10-14 08:50:25,2025-10-14 08:50:30,84
9562,Overwatch,Negative,@ PlayOverwatch 4 years in and still can't cancel the charge.... Really?????,2025-10-14 08:50:25,2025-10-14 08:50:30,76
9562,Overwatch,Negative,@PlayOverwatch 4 years in and Reinhardt still can't cancel charge.... still,2025-10-14 08:50:25,2025-10-14 08:50:30,75
9562,Overwatch,Negative,Robert @PlayOverwatch 4 years in office and Reinhardt Smith still can'you t exactly cancel charge.... Really?????,2025-10-14 08:50:25,2025-10-14 08:50:30,113
9562,Overwatch,Negative,@PlayOverwatch<unk> comes in and Reinhardt still can't fully charge.... Really?????,2025-10-14 08:50:25,2025-10-14 08:50:30,83
9563,Overwatch,Irrelevant,SAEBYEOLBE vs STRIKER vs DECAY | GODS of TRACER | Overwatch Montage youtu.be/3ZZmhPax_Zo via @YouTube. @saebyeolbe The Worlds Best Tracer. @STRIKER_OW Kobe! Pulse bomb Tracer . @DecayOW an amazing Tracer . Who will win . @Hanawatch1,2025-10-14 08:50:25,2025-10-14 08:50:30,232
9563,Overwatch,Irrelevant,SAEBYEOLBE vs STRIKER vs DECAY | GODS of TRACER | Overwatch Montage youtu.be / 3ZZmhPax _ Zo via @ YouTube. @ saebyeolbe The Worlds Best Tracer. @ STRIKER _ OW Kobe! Pulse bomb Tracer. @ DecayOW an amazing Tracer. Who wins. @ Hanawatch1,2025-10-14 08:50:25,2025-10-14 08:50:30,236
9563,Overwatch,Irrelevant,SAEBYEOLE vs STRIKER vs DECAY GODS OF TRACER Overwatch Montage youtu.be / 3ZZmhPax _ Zo via @ YouTube. @ saebyelbe The Worlds Best Tracer. @ STRIKER _ OW Kobe! Pulse bomb Tracer. @ DecayOW Amazing Tracer.,2025-10-14 08:50:25,2025-10-14 08:50:30,204
9563,Overwatch,Irrelevant,SAEBYEOLBE vs STRIKER | DECAY | GODS of TRACER | Overwatch Montage youtu.be/3ZZmhPax_Zo via @YouTube. @saebyeolbe The Legendary Best Tracer. @STRIKER_OW Welcome! Pulse ful Tracer ). Name an amazing Tracer. Who helps win. @DecayOW,2025-10-14 08:50:25,2025-10-14 08:50:30,229
9563,Overwatch,Irrelevant,SAEBYEOLBE vs MC STRIKER vs DECAY | GODS of a TRACER | Overwatch vs Montage youtu. be / via 3ZZmhPax _ with Zo... via @YouTube. @saebyeolbe The Ultimate Worlds Created Best Tracer. @STRIKER_OW Kobe! Pulse bomb Tracer. @DecayOW Now an amazing Tracer. See Who will win. @Hanawatch1,2025-10-14 08:50:25,2025-10-14 08:50:30,279
9563,Overwatch,Irrelevant,SAEBYEOLBE for STRIKER vs DECAY | GODS of TRACER | Available on youtu.be/3ZZmhPax_Zo via @YouTube. @saebyeolbe The Anonymous Online Tracer. Hi Kobe! Pulse bomb Tracer. @STRIKER_OW an alien Tracer. Nobody ever speak. @DecayOW,2025-10-14 08:50:25,2025-10-14 08:50:30,224
9564,Overwatch,Irrelevant,All we wanted was this for the summer event but instead we got a nasty ass Echo skin .  . . . : Yeero . .,2025-10-14 08:50:25,2025-10-14 08:50:30,107
9564,Overwatch,Irrelevant,"All we wanted was this for the summer event, but instead we got a nasty echo coat....: Yeero.",2025-10-14 08:50:25,2025-10-14 08:50:30,93
9564,Overwatch,Irrelevant,"All we wanted was this for a summer event, but instead we got a hideous leather Echo ass...: Yeero...",2025-10-14 08:50:25,2025-10-14 08:50:30,101
9564,Overwatch,Irrelevant,All we wanted was this for the summer event but instead we get a nasty ass Echo skin. ... : P..,2025-10-14 08:50:25,2025-10-14 08:50:30,95
9564,Overwatch,Irrelevant,All we wanted was this boat for joining the local summer event... but instead we do got a nasty ass Echo skin.... : Yeero..,2025-10-14 08:50:25,2025-10-14 08:50:30,123
9564,Overwatch,Irrelevant,All we wanted was this for the summer event but instead it got with nasty hot goose skin.... : the..,2025-10-14 08:50:25,2025-10-14 08:50:30,100
9565,Overwatch,Irrelevant,"@PlayOverwatch is the ai training bots can practice good sportsmanship with a polite “gg” voice line, why can’t the OW community themselves?",2025-10-14 08:50:25,2025-10-14 08:50:30,140
9565,Overwatch,Irrelevant,"@ PlayOverwatch is the ai training bots can practice good sportsmanship with a polite \"gg\" voice guidance, why can't the OW community itself?",2025-10-14 08:50:25,2025-10-14 08:50:30,141
9565,Overwatch,Irrelevant,"@ PlayOverwatch are educational bots that can practice good management with the help of a polite \"gg\" voice line, why can't the OW communities themselves?",2025-10-14 08:50:25,2025-10-14 08:50:30,154
9565,Overwatch,Irrelevant,"@PlayOverwatch Even the ai training people can practice good sportsmanship with a polite “gg” voice line, so can’t the OW community themselves?",2025-10-14 08:50:25,2025-10-14 08:50:30,143
9565,Overwatch,Irrelevant,"@PlayOverwatch is the ai when training bots still can practice good class sportsmanship with a strong polite “ gg ” voice line, because why certainly can ’ t the OW team community themselves?",2025-10-14 08:50:25,2025-10-14 08:50:30,191
9565,Overwatch,Irrelevant,"@PlayOverwatch says because ai<unk> bots can practice great sportsmanship with a polite “gg” voice line, why can’t the OW educate themselves?",2025-10-14 08:50:25,2025-10-14 08:50:30,141
9566,Overwatch,Negative,"SOMEONE PLEASE RELEASE A NEW FPS, OVERWATCH IS DOGSHIT AND VALORANT IS SLEEPER. PLEASE I BEG YOU",2025-10-14 08:50:25,2025-10-14 08:50:30,96
9566,Overwatch,Negative,"PLEASE ONCE A NEW FPS, OVERWATCH IS DOGS AND VALUE IS SLEEPS. PLEASE I PLEASE FOR YOU",2025-10-14 08:50:25,2025-10-14 08:50:30,85
9566,Overwatch,Negative,"SOMEONE PLEASE RELEASE A NEW FPS, OVERWATCH IS DOGSHIT and VALORANT IS SLEER. PLEASE I BEG YOU",2025-10-14 08:50:25,2025-10-14 08:50:30,94
9566,Overwatch,Negative,"SOMEONE PLEASE RELEASE A BOOK LIST, OVERWATCH IS DOGSHIT AND VALORANT IS SLEEPER. NEVER I BEG YOU",2025-10-14 08:50:25,2025-10-14 08:50:30,97
9566,Overwatch,Negative,"8 SOMEONE 11 PLEASE AN RELEASE A NEW OF FPS, OVERWATCH IS A DOGSHIT 2 AND ME VALORANT ME IS SLEEPER. PLEASE Do I BEG ON YOU",2025-10-14 08:50:25,2025-10-14 08:50:30,123
9566,Overwatch,Negative,"SOMEONE PLEASE YOU<unk> PALM BEACH, OVERWATCH YOUR DOGSHIT FOR VALORANT IS SLEEPER. PLEASE I BEG YOU",2025-10-14 08:50:25,2025-10-14 08:50:30,100
9567,Overwatch,Negative,the greatest shatter in overwatch pic.twitter.com/ksn3qCXcMo,2025-10-14 08:50:25,2025-10-14 08:50:30,60
9567,Overwatch,Negative,the biggest shambles in overwatch pic.twitter.com / ksn3qCXcMo,2025-10-14 08:50:25,2025-10-14 08:50:30,62
9567,Overwatch,Negative,Biggest rustle in overwatch pic.n3qCXcMo,2025-10-14 08:50:25,2025-10-14 08:50:30,40
9567,Overwatch,Negative,the greatest shatter in overwatch pic.twitter.com/ksn3qCXcMo,2025-10-14 08:50:25,2025-10-14 08:50:30,60
9567,Overwatch,Negative,2 the greatest shatter in overwatch pic.twitter.com/ksn3qCXcMo,2025-10-14 08:50:25,2025-10-14 08:50:30,62
9567,Overwatch,Negative,is,2025-10-14 08:50:25,2025-10-14 08:50:30,2
9568,Overwatch,Irrelevant,There’s an overwatch ad on my TL and I blame Zay cause he always talking about it on here.,2025-10-14 08:50:25,2025-10-14 08:50:30,90
9568,Overwatch,Irrelevant,There's an Overwatch ad on my TL and I blame Zay because he's always talking about it here.,2025-10-14 08:50:25,2025-10-14 08:50:30,91
9568,Overwatch,Irrelevant,There's an overwatch ad on my TL and I blame Zay cause he always talking about it on here.,2025-10-14 08:50:25,2025-10-14 08:50:30,90
9568,Overwatch,Irrelevant,There’s an ass ad on his TL and I blame Zay cause he always talking about it on here.,2025-10-14 08:50:25,2025-10-14 08:50:30,85
9568,Overwatch,Irrelevant,There ’ s always an additional overwatch ad on my TL and I nearly blame Zay cause for he always talking about it on him here.,2025-10-14 08:50:25,2025-10-14 08:50:30,125
9568,Overwatch,Irrelevant,There’s an overwatch here in my TL and I blame Dad cause he always talking about it on here.,2025-10-14 08:50:25,2025-10-14 08:50:30,92
9569,Overwatch,Neutral,normal people: f to pay respects. astroneer people: f to interact with electronics. creativerse people: f to take all the loot inside the fricking container. overwatch people: F TO RESET THE DAMN BASKETBALL! .,2025-10-14 08:50:25,2025-10-14 08:50:30,211
9569,Overwatch,Neutral,normal people: f to pay respect. astronomers: f to interact with electronics. creative people: f to carry all the loot inside the refrigerated container.,2025-10-14 08:50:25,2025-10-14 08:50:30,153
9569,Overwatch,Neutral,normal people: f pay human cosmonauts: f interact with human cosmonauts; f creative people: f collect all the loot in a garbage container; watch people: F TO RESET THE DAMN BASKETBALL!.,2025-10-14 08:50:25,2025-10-14 08:50:30,185
9569,Overwatch,Neutral,normal things: um to pay respects. astroneer people: f to fuck with electronics. creativerse people: f to take over the loot inside the fricking container. smart people: F TO RESET THE DAMN BASKETBALL!.,2025-10-14 08:50:25,2025-10-14 08:50:30,202
9569,Overwatch,Neutral,normal repair people : f to truly pay her respects. astroneer robot people : only f try to better interact with electronics. creativerse people : f tried to take all the dirty loot inside the old fricking container. overwatch people : F TO RESET THE DAMN BASKETBALL!.,2025-10-14 08:50:25,2025-10-14 08:50:30,267
9569,Overwatch,Neutral,normal people: f do pay respects. astroneer people: f to interact with electronics. robber people: f to take away digital loot inside a fricking container. overwatch people: V TO RESET in UK BASKETBALL!.,2025-10-14 08:50:25,2025-10-14 08:50:30,203
9570,Overwatch,Negative,"The devs of this game have so little idea what theyre doing that theyre opening a \"throw shit at the wall\" mode until something sticks. . Good to know this comes in place of new content because of how poorly balanced the entire structure of the game is",2025-10-14 08:50:25,2025-10-14 08:50:30,252
9570,Overwatch,Negative,"The developers of this game have so little idea what they are doing that they open up a \"shit to the wall\" mode until something sticks. Good to know that this takes the place of new content because the whole structure of the game is poorly balanced.",2025-10-14 08:50:25,2025-10-14 08:50:30,249
9570,Overwatch,Negative,"Developers of this game have such a poor idea of what they are doing that they open the \"throw shit at the wall\" mode until something sticks... It's nice to know that this is replacing new content because of how balanced the whole structure of the game is.",2025-10-14 08:50:25,2025-10-14 08:50:30,256
9570,Overwatch,Negative,"The devs of this game have so little idea what theyre doing that theyre keeping this \"throw shit at the tank\" mode until concrete sticks.. Good to know this comes in place without new content because of how poorly balanced the entire structure of the game is",2025-10-14 08:50:25,2025-10-14 08:50:30,258
9570,Overwatch,Negative,"to The biggest devs out of this complex game system have not so little idea what theyre doing that what theyre opening a \" throw shit at the wall \" mode until something sticks.. Good to know this comes in place of new social content because of how poorly balanced the entire structure of the basic game system is",2025-10-14 08:50:25,2025-10-14 08:50:30,312
9570,Overwatch,Negative,"The devs of this game have so little idea much theyre missing that theyre opening a \"throw shit at the wall\" mode until something sticks.. Good to know this comes in place of new elements because once all beautifully balanced the entire rest of the system is",2025-10-14 08:50:25,2025-10-14 08:50:30,258
9571,Overwatch,Neutral,Ranked overwatch . m.twitch.tv/Warzam_,2025-10-14 08:50:25,2025-10-14 08:50:30,38
9571,Overwatch,Neutral,Monitor. m.twitch.tv / Warzam _,2025-10-14 08:50:25,2025-10-14 08:50:30,31
9571,Overwatch,Neutral,Ratings views. m.tch.tv / Warzam _,2025-10-14 08:50:25,2025-10-14 08:50:30,34
9571,Overwatch,Neutral,Ranked overwatch . m.twitch.tv/Warzam_,2025-10-14 08:50:25,2025-10-14 08:50:30,38
9571,Overwatch,Neutral,4 Ranked overwatch . m.twitch.tv/Warzam_,2025-10-14 08:50:25,2025-10-14 08:50:30,40
9571,Overwatch,Neutral,was,2025-10-14 08:50:25,2025-10-14 08:50:30,3
9572,Overwatch,Neutral,FACTS KING TALK THAT SHIT SO MUCH THEY DONT NOTICE,2025-10-14 08:50:25,2025-10-14 08:50:30,50
9572,Overwatch,Neutral,FACTS KING TALK THAT SHOTH SO MUCH YOU DO NOT ATTEND,2025-10-14 08:50:25,2025-10-14 08:50:30,52
9572,Overwatch,Neutral,FACTS WHICH KINGDOM KINGDOM WHICH MAY HAVE ITS WEEK,2025-10-14 08:50:25,2025-10-14 08:50:30,51
9572,Overwatch,Neutral,FACTS WHO TALK THAT SHIT SO MUCH THEY DONT NOTICE,2025-10-14 08:50:25,2025-10-14 08:50:30,49
9572,Overwatch,Neutral,FACTS TO KING I TALK THAT LA SHIT SO MUCH THEY ONE DONT ME NOTICE,2025-10-14 08:50:25,2025-10-14 08:50:30,65
9572,Overwatch,Neutral,FACTS KING TALK THAT SHIT THIS MUCH AND WILL NOTICE,2025-10-14 08:50:25,2025-10-14 08:50:30,51
9573,Overwatch,Irrelevant,I sit and realise just how much we as a community did last year.. . We helped our SA Rhinos realise THEIR dream of competing in the Overwatch League. . I wear this shirt with pride and represent what we as a community and country did!. . And our boys did us proud i say! pic.twitter.com/KQAT55Cz8l,2025-10-14 08:50:25,2025-10-14 08:50:30,297
9573,Overwatch,Irrelevant,"I sit there and realise how much we did as a community last year... We helped our SA Rhinos achieve YOUR dream of playing in the Overwatch League... I wear this shirt with pride and represent what we have done as a community and as a country!... And our boys have made us proud, I say! pic.twitter.com / KQAT55Cz8l",2025-10-14 08:50:25,2025-10-14 08:50:30,314
9573,Overwatch,Irrelevant,"I sit there and realize how much we as a community have done in the last year.. We helped our rhinos realize their dream to play in the Overwatch League... I wear this shirt with pride and represent what we as a community and a country have done!.. And our boys have made us proud, I say! pic.facebook.com / KQAT55Cz8l",2025-10-14 08:50:25,2025-10-14 08:50:30,318
9573,Overwatch,Irrelevant,I sit and realise just how much we as a community did last year.. . We helped our SA Rhinos realise THEIR dream of competing in the Overwatch League. . I wear this shirt with pride and represent what we as a community and country did!. . And our boys did us proud i say! pic.twitter.com/KQAT55Cz8l,2025-10-14 08:50:25,2025-10-14 08:50:30,297
9573,Overwatch,Irrelevant,See I sit and realise just how much we as a community did last year.. . We helped our SA Rhinos realise THEIR dream of competing in the Overwatch League. . I wear this shirt with pride and represent what we as a community and country did!. . And our boys did us proud i say! pic.twitter.com/KQAT55Cz8l,2025-10-14 08:50:25,2025-10-14 08:50:30,301
9573,Overwatch,Irrelevant,like,2025-10-14 08:50:25,2025-10-14 08:50:30,4
9575,Overwatch,Irrelevant,Happy  . . Post a gif of your favorite video game below for the chance to win a PC Overwatch skin code and an exclusive Homestand spray code!. .,2025-10-14 08:50:25,2025-10-14 08:50:30,146
9575,Overwatch,Irrelevant,Happy.. Post a gif of your favorite video game below to win a PC Overwatch Skin Code and an exclusive Homestand Spray Code!.,2025-10-14 08:50:25,2025-10-14 08:50:30,124
9575,Overwatch,Irrelevant,Happy... Post a gif of your favorite video game below for the chance to win a PC Overwatch skin code and an exclusive Homestand spray code!..,2025-10-14 08:50:25,2025-10-14 08:50:30,141
9575,Overwatch,Irrelevant,Happy .. Post a remix of your best video game below for the chance to win a PC Overwatch skin code and an exclusive Homestand beta code!..,2025-10-14 08:50:25,2025-10-14 08:50:30,138
9575,Overwatch,Irrelevant,Happy.. Post a game gif view of your favorite sports video game below for the chance to win you a free PC Overwatch character skin code and an exclusive Homestand spray paint code!..,2025-10-14 08:50:25,2025-10-14 08:50:30,182
9575,Overwatch,Irrelevant,Happy.. Post a gif of your favorite video game above for the chance to win a PC Game pin code and digital HD Homestand spray code!..,2025-10-14 08:50:25,2025-10-14 08:50:30,132
9576,Overwatch,Negative,*opens overwatch to play for the first time in weeks*. . *opens anniversary loot box and there’s a new riot police skin*. . Oof.....bad timing Overwatch...bad timing...,2025-10-14 08:50:25,2025-10-14 08:50:30,168
9576,Overwatch,Negative,* opens Overwatch to play for the first time in weeks *.. * opens anniversary loot box and there is a new skin of riot police *. Oof..... bad timing Overwatch... bad timing...,2025-10-14 08:50:25,2025-10-14 08:50:30,175
9576,Overwatch,Negative,"* opens Overwatch to play for the first time in a few weeks *.. * opens the anniversary box with the loot, and a new Rifles skin appears *... Of..... bad Overwatch timing... bad timing...",2025-10-14 08:50:25,2025-10-14 08:50:30,187
9576,Overwatch,Negative,*opens overwatch to play for very first time with the. *opens anniversary contents box and there’s a new riot police skin*.. Oof.....bad timing Overwatch...bad timing...,2025-10-14 08:50:25,2025-10-14 08:50:30,169
9576,Overwatch,Negative,* A opens overwatch to play for the very first time sometime in weeks *.. * opens each anniversary loot in box and is there It ’ s come a little new riot police skin *.. Oof..... bad timing Overwatch... A bad timing...,2025-10-14 08:50:25,2025-10-14 08:50:30,218
9576,Overwatch,Negative,*opens overwatch to play for kids first Xbox in weeks*.. *opens anniversary loot box only makes a cute sexy police skin*.. says.....bad timing Overwatch...bad moments...,2025-10-14 08:50:25,2025-10-14 08:50:30,169
9577,Overwatch,Negative,@Blizzard_Ent @PlayOverwatch 3v3 elimination?? FFA Deathmatch?? .  y’all are killing me with these change daily tabs. Is overwatch dying or something ? .,2025-10-14 08:50:25,2025-10-14 08:50:30,154
9577,Overwatch,Negative,@ Blizzard _ Ent @ PlayOverwatch 3v3 Elimination?? FFA Deathmatch??. Everyone is killing me with these daily changes. Is overwatch dying or something?.,2025-10-14 08:50:25,2025-10-14 08:50:30,151
9577,Overwatch,Negative,@ Blizzard _ Ent @ PlayOverwatch 3v3?? FFA Deathmatch??. y'all are killing me with these change daily tabs. Is overwatch dying or something?.,2025-10-14 08:50:25,2025-10-14 08:50:30,141
9577,Overwatch,Negative,@Blizzard_Ent @PlayOverwatch 3v3 at FFA Deathmatch??.  y’all are killing me with our change daily thoughts. Is overwatch dying or something?.,2025-10-14 08:50:25,2025-10-14 08:50:30,141
9577,Overwatch,Negative,@Blizzard_Ent 25 @PlayOverwatch 3v3 elimination?? FFA 2 Deathmatch??. y ’ all are killing in me with these and change to daily tabs. Is this overwatch dying... or forgetting something?.,2025-10-14 08:50:25,2025-10-14 08:50:30,185
9577,Overwatch,Negative,@Blizzard_Ent @PlayOverwatch 3v3 elimination?? THIS<unk>??. y’all just like me with these meaningless daily tabs. Or Josh dying or something?.,2025-10-14 08:50:25,2025-10-14 08:50:30,142
9578,Overwatch,Positive,Lets go!!! Overwatch and good vibes!!! Come hang and play Overwatch with me at twitch.tv/z3r0c0010079 ! Hope to see you there!,2025-10-14 08:50:25,2025-10-14 08:50:30,129
9578,Overwatch,Positive,Lets go!!! Overwatch and good vibes!!! Come and play Overwatch with me on twitch.tv / z3r0c0010079! Hope to see you there!,2025-10-14 08:50:25,2025-10-14 08:50:30,122
9578,Overwatch,Positive,Lets go!!! Overwatch and good vibes!!! Come hang and play Overwatch with me at getch.tv / z3r0c0010079! Hope to see you there!,2025-10-14 08:50:25,2025-10-14 08:50:30,126
9578,Overwatch,Positive,Lets go!!! Overwatch and good vibes!!! Come hang and play Overwatch with me at twitch.tv/z3r0c0010079 ! Hope to see you there!,2025-10-14 08:50:25,2025-10-14 08:50:30,129
9578,Overwatch,Positive,2017 Lets go!!! Overwatch and good vibes!!! Come hang and play Overwatch with me at twitch.tv/z3r0c0010079 ! Hope to see you there!,2025-10-14 08:50:25,2025-10-14 08:50:30,134
9578,Overwatch,Positive,that,2025-10-14 08:50:25,2025-10-14 08:50:30,4
9579,Overwatch,Negative,My most embarrassing Overwatch moment pic.twitter.com/V0xCSpDiHo,2025-10-14 08:50:25,2025-10-14 08:50:30,64
9579,Overwatch,Negative,My most embarrassing Overwatch moment pic.twitter.com / V0xCSpDiHo,2025-10-14 08:50:25,2025-10-14 08:50:30,66
9579,Overwatch,Negative,My most embarrassing Overwatch moment pic.wikipedia.org / V0xCSpDiHo,2025-10-14 08:50:25,2025-10-14 08:50:30,68
9579,Overwatch,Negative,My most embarrassing Overwatch moment pic.twitter.com/V0xCSpDiHo,2025-10-14 08:50:25,2025-10-14 08:50:30,64
9579,Overwatch,Negative,and My most embarrassing Overwatch moment pic.twitter.com/V0xCSpDiHo,2025-10-14 08:50:25,2025-10-14 08:50:30,68
9579,Overwatch,Negative,to,2025-10-14 08:50:25,2025-10-14 08:50:30,2
9580,Overwatch,Neutral,.  ٩(^ᴗ^)۶  . Come and  . . @PlayOverwatch @Blizzard_ANZ. . twitch.tv/siliconart.,2025-10-14 08:50:25,2025-10-14 08:50:30,83
9580,Overwatch,Neutral,Come on... @ PlayOverwatch @ Blizzard _ ANZ.. twitch.tv / siliconart.,2025-10-14 08:50:25,2025-10-14 08:50:30,69
9580,Overwatch,Neutral,(^ ^). Come and... @ PlayOverwatch @ Blizzard _ ANZ..,2025-10-14 08:50:25,2025-10-14 08:50:30,53
9580,Overwatch,Neutral,.  ٩(^ᴗ^)۶  . Come and  . . RhandlerR RhandlerR. . twitch.tv/siliconart.,2025-10-14 08:50:25,2025-10-14 08:50:30,74
9580,Overwatch,Neutral,via .  ٩(^ᴗ^)۶  . Come and  . . RhandlerR RhandlerR. . twitch.tv/siliconart.,2025-10-14 08:50:25,2025-10-14 08:50:30,78
9580,Overwatch,Neutral,so,2025-10-14 08:50:25,2025-10-14 08:50:30,2
9581,Overwatch,Negative,@PlayOverwatch fix your game i hate when I'm lagging i can't do anything,2025-10-14 08:50:25,2025-10-14 08:50:30,72
9581,Overwatch,Negative,"@ PlayOverwatch fix your game I hate when I lag behind, I can't do anything",2025-10-14 08:50:25,2025-10-14 08:50:30,75
9581,Overwatch,Negative,@ PlayOverwatch fix your game I hate when I can't do anything,2025-10-14 08:50:25,2025-10-14 08:50:30,61
9581,Overwatch,Negative,@PlayOverwatch fix your game people hate when I'm lagging i can't do anything,2025-10-14 08:50:25,2025-10-14 08:50:30,77
9581,Overwatch,Negative,@PlayOverwatch fix your head game i hate when I'm too lagging because i can't do nearly anything,2025-10-14 08:50:25,2025-10-14 08:50:30,96
9581,Overwatch,Negative,a speed racing game i hate when I'm lagging i can't do anything,2025-10-14 08:50:25,2025-10-14 08:50:30,63
9582,Overwatch,Positive,gna start play overwatch sometimes this game is fun asf,2025-10-14 08:50:25,2025-10-14 08:50:30,55
9582,Overwatch,Positive,gna start play overwatch sometimes this game is fun asf,2025-10-14 08:50:25,2025-10-14 08:50:30,55
9582,Overwatch,Positive,gna start play overwatch sometimes this game is fun asf,2025-10-14 08:50:25,2025-10-14 08:50:30,55
9582,Overwatch,Positive,gna start play f sometimes this game is fun asf,2025-10-14 08:50:25,2025-10-14 08:50:30,47
9582,Overwatch,Positive,gna start play overwatch but sometimes this magic game is fun asf,2025-10-14 08:50:25,2025-10-14 08:50:30,65
9582,Overwatch,Positive,gna start play overwatch sometimes this game is really asf,2025-10-14 08:50:25,2025-10-14 08:50:30,58
9584,Overwatch,Irrelevant,made a lil ana montage from a really fun game i had earlier! it’s something a lil different so id love for you to see it! . . youtu.be/kRAdEv9ZDVA. .,2025-10-14 08:50:25,2025-10-14 08:50:30,151
9584,Overwatch,Irrelevant,"I made a Lilana montage from a really funny game I had before! It's something completely different, so I love it that you see it!.. youtu.be / kRAdEv9ZDVA.",2025-10-14 08:50:25,2025-10-14 08:50:30,155
9584,Overwatch,Irrelevant,made a lil ana montage from a really fun game i had earlier! it's something a lil different so id love for you to see it!.. youtu.be / kRAdEv9ZDVA..,2025-10-14 08:50:25,2025-10-14 08:50:30,148
9584,Overwatch,Irrelevant,made a lil ana montage from a really fun game i completed earlier! it’s something a lil different so i love for everyone to see it!.. youtu.be/kRAdEv9ZDVA. gif,2025-10-14 08:50:25,2025-10-14 08:50:30,159
9584,Overwatch,Irrelevant,made a a lil ana montage from me a really big fun game show i had had earlier! it ’ s something called a lil different so id love you for you to always see it!.. as youtu. be / A kRAdEv9ZDVA..,2025-10-14 08:50:25,2025-10-14 08:50:30,192
9584,Overwatch,Irrelevant,made this lil ana montage from a a fun story i had earlier! Do something a lil different new id love to you to come too!.. www.be/kRAdEv9ZDVA..,2025-10-14 08:50:25,2025-10-14 08:50:30,143
9585,Overwatch,Neutral,Trying To Get Into Diamond/ Meting toxic players youtu.be/qlV4OmGNIY4,2025-10-14 08:50:25,2025-10-14 08:50:30,71
9585,Overwatch,Neutral,Trying to get into Diamond / Meting toxic players youtu.be / qlV4OmGNIY4,2025-10-14 08:50:25,2025-10-14 08:50:30,72
9585,Overwatch,Neutral,Trying To Get Into Diamond / Meting toxic players youtu.be / qlV4OmGNIY4,2025-10-14 08:50:25,2025-10-14 08:50:30,72
9585,Overwatch,Neutral,Trying To Get Into Esports/ Meting Platinum players youtu.be/qlV4OmGNIY4,2025-10-14 08:50:25,2025-10-14 08:50:30,72
9585,Overwatch,Neutral,After Trying To Get Into Your Diamond / Heart Meting toxic CD players youtu. can be / qlV4OmGNIY4,2025-10-14 08:50:25,2025-10-14 08:50:30,97
9585,Overwatch,Neutral,When To Fall Into Diamond/ Meting toxic players at.be/qlV4OmGNIY4,2025-10-14 08:50:25,2025-10-14 08:50:30,65
9586,Overwatch,Irrelevant,Uhh... Fedex driver cosplay?   | 10 subs gets a vader cosplay! | PS4 | OW Top 500 Combined | Positivity Wins Matches | twitch.tv/harley_gibson. .,2025-10-14 08:50:25,2025-10-14 08:50:30,147
9586,Overwatch,Irrelevant,Er... Fedex driver cosplay? | 10 subs gets a vader cosplay! | PS4 | OW Top 500 Combined | Positivity Wins Matches | twitch.tv / harley _ gibson.,2025-10-14 08:50:25,2025-10-14 08:50:30,144
9586,Overwatch,Irrelevant,Oooh... Fascinating cosplay? 10 submarines get a cosplay wader! PS4 OW Top 500 Combined Wins matches tch.tv / harley _ gibson.,2025-10-14 08:50:25,2025-10-14 08:50:30,126
9586,Overwatch,Irrelevant,Uhh... Fedex driver cosplay?   | 10 subs gets a vader cosplay! | PS4 | OW Top 500 Combined | Positivity Wins Matches | twitch.tv/harley_gibson. .,2025-10-14 08:50:25,2025-10-14 08:50:30,147
9586,Overwatch,Irrelevant,See Uhh... Fedex driver cosplay?   | 10 subs gets a vader cosplay! | PS4 | OW Top 500 Combined | Positivity Wins Matches | twitch.tv/harley_gibson. .,2025-10-14 08:50:25,2025-10-14 08:50:30,151
9586,Overwatch,Irrelevant,The,2025-10-14 08:50:25,2025-10-14 08:50:30,3
9587,Overwatch,Irrelevant,Overwatch league started today and let me say best feeling in the world if youre a new york excelsior fan .,2025-10-14 08:50:25,2025-10-14 08:50:30,110
9587,Overwatch,Irrelevant,Overwatch League has started today and let me say the best feeling in the world if you are a New York Excelsior fan.,2025-10-14 08:50:25,2025-10-14 08:50:30,116
9587,Overwatch,Irrelevant,"The Overwatch League started today, and let me say that it's the best feeling in the world if you're a new York fan.",2025-10-14 08:50:25,2025-10-14 08:50:30,116
9587,Overwatch,Irrelevant,Overwatch league started today and let me say no feeling in the world if an a new york excelsior fan.,2025-10-14 08:50:25,2025-10-14 08:50:30,101
9587,Overwatch,Irrelevant,But Overwatch league started today and let me say best feeling in the virtual world if youre a pretty new york out excelsior soccer fan.,2025-10-14 08:50:25,2025-10-14 08:50:30,136
9587,Overwatch,Irrelevant,Overwatch league started today and let me say that feeling in real world unless youre a new york excelsior fan.,2025-10-14 08:50:25,2025-10-14 08:50:30,111
9588,Overwatch,Positive,@PlayOverwatch is there like any way to bring back pink mercy and/or atlantic mercy? Id honestly pay good money for those skins. Ik I only started off since september 2019 but they are v beautiful,2025-10-14 08:50:25,2025-10-14 08:50:30,196
9588,Overwatch,Positive,@ PlayOverwatch is there such a way to bring back pink compassion and / or Atlantic compassion? I would honestly pay good money for these skins.,2025-10-14 08:50:25,2025-10-14 08:50:30,144
9588,Overwatch,Positive,@ PlayOverwatch is there like any way to bring back pink mercy and / or Atlantic mercy? Id honestly pay good money for those skins. Ik I only started off since September 2019 but they are v beautiful,2025-10-14 08:50:25,2025-10-14 08:50:30,199
9588,Overwatch,Positive,@PlayOverwatch does there like any way to bring back pink mercy and/or atlantic mercy? Id honestly pay good fortune over those skins. Ik I only started up since september 2019 but they are v beautiful,2025-10-14 08:50:25,2025-10-14 08:50:30,200
9588,Overwatch,Positive,@PlayOverwatch is there like any way around to bring back pink blood mercy and / from or atlantic mercy? Id honestly pay good money for those damn skins. Ik say I only started off since september Christmas 2019 tonight but they are very v beautiful,2025-10-14 08:50:25,2025-10-14 08:50:30,248
9588,Overwatch,Positive,@PlayOverwatch So there is best way to bring back pink mercy a/or atlantic mercy? Id honestly spent good money over those skins. Ik I only started mine since september 2019 but they are v beautiful,2025-10-14 08:50:25,2025-10-14 08:50:30,197
9589,Overwatch,Neutral,fuck it. we doin overwatch twitch.tv/Nikkaela,2025-10-14 08:50:25,2025-10-14 08:50:30,45
9589,Overwatch,Neutral,fuck it. we doin overwatch twitch.tv / Nikkaela,2025-10-14 08:50:25,2025-10-14 08:50:30,47
9589,Overwatch,Neutral,fuck it. we doin overwatch Fech.tv / Nikkeela,2025-10-14 08:50:25,2025-10-14 08:50:30,45
9589,Overwatch,Neutral,fuck it. we doin overwatch twitch.tv/Nikkaela,2025-10-14 08:50:25,2025-10-14 08:50:30,45
9589,Overwatch,Neutral,The fuck it. we doin overwatch twitch.tv/Nikkaela,2025-10-14 08:50:25,2025-10-14 08:50:30,49
9589,Overwatch,Neutral,<unk>,2025-10-14 08:50:25,2025-10-14 08:50:30,5
9590,Overwatch,Negative,BEST CHARACTER IN THE GAME .... DONT FUCKIN @ ME,2025-10-14 08:50:25,2025-10-14 08:50:30,48
9590,Overwatch,Negative,Best character in the game.... DONT FUCKIN @ ME,2025-10-14 08:50:25,2025-10-14 08:50:30,47
9590,Overwatch,Negative,BEST CHARACTER IN THE GAME.... DONT FUCKIN @ ME,2025-10-14 08:50:25,2025-10-14 08:50:30,47
9590,Overwatch,Negative,BEST CHARACTER IN THE GAME.... DONT K @ ME,2025-10-14 08:50:25,2025-10-14 08:50:30,42
9590,Overwatch,Negative,BEST CHARACTER ON IN IT THE WA GAME.... IT DONT AN FUCKIN @ ME,2025-10-14 08:50:25,2025-10-14 08:50:30,62
9590,Overwatch,Negative,A CHARACTER IN AL GAME.... I FUCKIN @ ME,2025-10-14 08:50:25,2025-10-14 08:50:30,40
9591,Overwatch,Irrelevant,Also use,2025-10-14 08:50:25,2025-10-14 08:50:30,10
9591,Overwatch,Irrelevant,nan,2025-10-14 08:50:25,2025-10-14 08:50:30,3
9591,Overwatch,Irrelevant,nan,2025-10-14 08:50:25,2025-10-14 08:50:30,3
9591,Overwatch,Irrelevant,Also ranked,2025-10-14 08:50:25,2025-10-14 08:50:30,11
9591,Overwatch,Irrelevant,Also other use,2025-10-14 08:50:25,2025-10-14 08:50:30,14
9591,Overwatch,Irrelevant,could use,2025-10-14 08:50:25,2025-10-14 08:50:30,9
9592,Overwatch,Negative,i need to actually get some artwork done and get rid of my overwatch emote. its been a long time since i quit that shit,2025-10-14 08:50:25,2025-10-14 08:50:30,119
9592,Overwatch,Negative,I actually need to do some artwork and get rid of my Overwatch emotion. It's been a long time since I stopped this shit.,2025-10-14 08:50:25,2025-10-14 08:50:30,120
9592,Overwatch,Negative,i need to actually get some art done and get rid of my overwatch emote. its been a long time since i quit that shit,2025-10-14 08:50:25,2025-10-14 08:50:30,115
9592,Overwatch,Negative,i need to actually get some artwork done and complete rid of my overwatch emote. its been so long time since i quit that shit,2025-10-14 08:50:25,2025-10-14 08:50:30,125
9592,Overwatch,Negative,i need to also actually get away some artwork done and get rid of my overwatch in emote. its been a mighty long time off since i quit that shit,2025-10-14 08:50:25,2025-10-14 08:50:30,143
9592,Overwatch,Negative,i need to actually get some artwork moving and get rid of said overwatch addiction. its been a long moment since i quit that shit,2025-10-14 08:50:25,2025-10-14 08:50:30,129
9593,Overwatch,Irrelevant,"Overwatch com memes: A s s. TF2: Pootis, random crits are fair and balanced, rag dolls, nope, I have done nothing but teleport bread for three days; I fear no man, but that thing, it scares me; etc.",2025-10-14 08:50:25,2025-10-14 08:50:30,198
9593,Overwatch,Irrelevant,"Overwatch com memes: A s. TF2: Pootis, random reviews are fair and balanced, rag dolls, no, I did nothing but teleport bread for three days; I fear no man except the thing, it frightens me; etc.",2025-10-14 08:50:25,2025-10-14 08:50:30,194
9593,Overwatch,Irrelevant,"Overwatch com memes: A s. TF2: Pootis, random crits are fair and balanced, rag, nope, I have nothing but teleport bread for three days; I fear no man, but that thing, it scares me; etc.",2025-10-14 08:50:25,2025-10-14 08:50:30,185
9593,Overwatch,Irrelevant,"Overwatch com ic: A s s. TF2: Pootis, random crits not fair and balanced, rag dolls, nope, I have done nothing for teleport bread for three hours; we fear no man, but that thing, it scares me; etc.",2025-10-14 08:50:25,2025-10-14 08:50:30,197
9593,Overwatch,Irrelevant,"Like Overwatch com in memes : A s n s. TF2 : Pootis, random crits are fair and balanced, rag dolls, nope, if I have now done absolutely nothing but teleport your bread for three days ; Because I fear no man, no but that thing, it scares me ; But etc.",2025-10-14 08:50:25,2025-10-14 08:50:30,250
9593,Overwatch,Irrelevant,"Overwatch com memes: A s s. TF2: f, his crits are correct and balanced, rag book, mad, I have done nothing like teleport bread for three seasons; I fear no man, but that thing, that scares me; this.",2025-10-14 08:50:25,2025-10-14 08:50:30,198
9594,Overwatch,Positive,"twitch.tv/ImJustSaiyan84 tonight let's get over this hump, Its OverWednesday, with everyone's favorite tank main, going wild in Overwatch! 6:30 pm EST!",2025-10-14 08:50:25,2025-10-14 08:50:30,153
9594,Overwatch,Positive,"twitch.tv / ImJustSaiyan84 Let's get over this hump tonight, its overWednesday, with everyone's favorite tank of fuel going wild in Overwatch! 6: 30 PM EST!",2025-10-14 08:50:25,2025-10-14 08:50:30,156
9594,Overwatch,Positive,"tch.tv / ImJustSaiyan84 tonight let's get over this hump, its OverWednesday, with everyone's favorite main tank going wild in OverWatch! 6: 30pm ET!",2025-10-14 08:50:25,2025-10-14 08:50:30,148
9594,Overwatch,Positive,"twitch.tv/ImJustSaiyan84 tonight let's get over this hump, Its OverWednesday, and everyone's favorite social game, going wild in Overwatch! 6:30 pm here!",2025-10-14 08:50:25,2025-10-14 08:50:30,153
9594,Overwatch,Positive,"twitch. See tv / On ImJustSaiyan84 tonight let'd s get over at this hump,... Its OverWednesday, with everyone's single favorite power tank main, was going wild in Overwatch! About 6 : 30 pm and EST!",2025-10-14 08:50:25,2025-10-14 08:50:30,198
9594,Overwatch,Positive,"Under.tv/ImJustSaiyan84 tonight let's stay over this hump, Its OverWednesday, with John's favorite tank color, going up in Overwatch! 6:30 30 EST!",2025-10-14 08:50:25,2025-10-14 08:50:30,146
9595,Overwatch,Irrelevant,@overwatchleague @PlayOverwatch @CocaCola @CocaColaCo I'm slightly disappointed to find out the coke cups in front of the OW watchpoint panelists are empty... Who wouldn't want a big class of coke to drink while casting??,2025-10-14 08:50:25,2025-10-14 08:50:30,223
9595,Overwatch,Irrelevant,@ overwatchleague @ PlayOverwatch @ CocaCola @ CocaColaCo I'm a little disappointed to find that the cola cups are empty in front of the OW panelists... Who wouldn't want a big class of cola to be drunk at the casting??,2025-10-14 08:50:25,2025-10-14 08:50:30,219
9595,Overwatch,Irrelevant,@ overwatchleague @ PlayOverwatch @ CocaCola @ CocaColaCo I am a little disappointed to find that the coke cups in front of the OW observation post are empty... Who wouldn't want a large class of coke drunk during casting??,2025-10-14 08:50:25,2025-10-14 08:50:30,223
9595,Overwatch,Irrelevant,@overwatchleague @PlayOverwatch @CocaCola : I'm slightly disappointed I find both the coke cups in place of the OW watchpoint panelists are empty... Who wouldn't like a big class of coke to drink while casting??,2025-10-14 08:50:25,2025-10-14 08:50:30,211
9595,Overwatch,Irrelevant,@overwatchleague @PlayOverwatch after @CocaCola... @CocaColaCo if I'm slightly disappointed to just find out the coke cups in front of every the OW watchpoint panelists are empty... Who perhaps wouldn'′ t want a big class drink of coke to one drink while inside casting??,2025-10-14 08:50:25,2025-10-14 08:50:30,271
9595,Overwatch,Irrelevant,<unk> @overwatchleague @PlayOverwatch @CocaCola I'm slightly disappointed when find out the coke cups outside front of the OW watchpoint panelists are empty... whoever wouldn't want one big shot of organic sports drink while shopping??,2025-10-14 08:50:25,2025-10-14 08:50:30,235
9596,Overwatch,Positive,Overwatch makes me go grrr,2025-10-14 08:50:25,2025-10-14 08:50:30,26
9596,Overwatch,Positive,Overwatch makes me go grrr,2025-10-14 08:50:25,2025-10-14 08:50:30,26
9596,Overwatch,Positive,Overwatch makes me go grrr,2025-10-14 08:50:25,2025-10-14 08:50:30,26
9596,Overwatch,Positive,Overwatch makes me die grrr,2025-10-14 08:50:25,2025-10-14 08:50:30,27
9596,Overwatch,Positive,And Overwatch makes me go grrr,2025-10-14 08:50:25,2025-10-14 08:50:30,30
9596,Overwatch,Positive,Overwatch has me go grrr,2025-10-14 08:50:25,2025-10-14 08:50:30,24
9597,Overwatch,Positive,Global game! Gotta show love to all the,2025-10-14 08:50:25,2025-10-14 08:50:30,41
9597,Overwatch,Positive,Global game! Must show love to all who,2025-10-14 08:50:25,2025-10-14 08:50:30,38
9597,Overwatch,Positive,A global game! showing love for all,2025-10-14 08:50:26,2025-10-14 08:50:30,35
9597,Overwatch,Positive,Global game! Gotta show love after all the,2025-10-14 08:50:26,2025-10-14 08:50:30,42
9597,Overwatch,Positive,Global game! Gotta show love to we all the,2025-10-14 08:50:26,2025-10-14 08:50:30,42
9597,Overwatch,Positive,Global game! You show love to all the,2025-10-14 08:50:26,2025-10-14 08:50:30,37
9598,Overwatch,Positive,Honestly I played Zenyatta the other night in comp overwatch and had the most fun I've had playing in a while .  @chrislb2017 thank you for being my friend,2025-10-14 08:50:26,2025-10-14 08:50:30,155
9598,Overwatch,Positive,"Honestly, I played Zenyatta in Comp Overwatch the other day and had the most fun I've had in a while. @ chrislb2017 thank you for being my friend.",2025-10-14 08:50:26,2025-10-14 08:50:30,146
9598,Overwatch,Positive,"Honestly, I played Zenyatta the other day in a Test match and had the most fun of all time. @ chrislb2017 thank you for being my friend.",2025-10-14 08:50:26,2025-10-14 08:50:30,136
9598,Overwatch,Positive,Honestly I played Zenyatta the other night in fucking overwatch and had the most fun I've had playing in a while.  @chrislb2017 thank you x all my friend,2025-10-14 08:50:26,2025-10-14 08:50:30,153
9598,Overwatch,Positive,Honestly... I played Zenyatta the other night in old comp in overwatch again and had the most fun thing I've had playing in quite a while. @chrislb2017 thank you Again for being my friend,2025-10-14 08:50:26,2025-10-14 08:50:30,187
9598,Overwatch,Positive,Honestly I started Zenyatta this past over in comp night and had the most fun I've had playing in a while. @chrislb2017 thank you for being good friend,2025-10-14 08:50:26,2025-10-14 08:50:30,151
9599,Overwatch,Irrelevant,My gorgeous and hilarious girlfriend is streaming Overwatch rn!!! Go watch her to be blessed!!!,2025-10-14 08:50:26,2025-10-14 08:50:30,95
9599,Overwatch,Irrelevant,My gorgeous and hilarious girlfriend streams Overwatch rn!!! Go watch her to be blessed!!!,2025-10-14 08:50:26,2025-10-14 08:50:30,90
9599,Overwatch,Irrelevant,My gorgeous and fun friend is hosting Overwatch!!! Go see how pale she is!!!,2025-10-14 08:50:26,2025-10-14 08:50:30,76
9599,Overwatch,Irrelevant,My gorgeous and hilarious girlfriend is streaming Overwatch rn!!! Go visit her to be blessed!!!,2025-10-14 08:50:26,2025-10-14 08:50:30,95
9599,Overwatch,Irrelevant,My gorgeous and utterly hilarious girlfriend Mia is streaming Overwatch rn!!! Go watch her pretend to also be very blessed!!!,2025-10-14 08:50:26,2025-10-14 08:50:30,125
9599,Overwatch,Irrelevant,My gorgeous insane hilarious girlfriend is streaming Overwatch rn!!! Go tell her to be blessed!!!,2025-10-14 08:50:26,2025-10-14 08:50:30,97
9600,Overwatch,Irrelevant,Sometimes I think about how my ex cheated on me and left me to kindate Genji Overwatch,2025-10-14 08:50:26,2025-10-14 08:50:30,86
9600,Overwatch,Irrelevant,Sometimes I think about how my ex cheated on me and put me in charge of Overwatch,2025-10-14 08:50:26,2025-10-14 08:50:30,81
9600,Overwatch,Irrelevant,Sometimes I think about how my ex cheated on me and left me to light up Genji Overwatch,2025-10-14 08:50:26,2025-10-14 08:50:30,87
9600,Overwatch,Irrelevant,Sometimes I think about times my ex cheated on me and left me to kindate Genji Overwatch,2025-10-14 08:50:26,2025-10-14 08:50:30,88
9600,Overwatch,Irrelevant,Sometimes I think about it how my ex have cheated on me once and left for me to kindate Genji Overwatch,2025-10-14 08:50:26,2025-10-14 08:50:30,103
9600,Overwatch,Irrelevant,Sometimes I think how before my boyfriend cheated on me and left me to kindate Genji Overwatch,2025-10-14 08:50:26,2025-10-14 08:50:30,94
12801,Xbox(Xseries),Irrelevant,Pretty sure that Tetris Effect is already the best launch title for the Xbox Series X.,2025-10-14 08:50:26,2025-10-14 08:50:30,86
12801,Xbox(Xseries),Irrelevant,Pretty sure that Tetris Effect is already the best launch title for Xbox Series X.,2025-10-14 08:50:26,2025-10-14 08:50:30,82
12801,Xbox(Xseries),Irrelevant,Pretty is confident that the Tetris Effect is already the best starting title for the Xbox Series X.,2025-10-14 08:50:26,2025-10-14 08:50:30,100
12801,Xbox(Xseries),Irrelevant,Pretty sure that Tetris Effect may already the best launch title for the Xbox Series X.,2025-10-14 08:50:26,2025-10-14 08:50:30,87
12801,Xbox(Xseries),Irrelevant,1 Pretty sure that Tetris Effect is already considered the best launch title for in the Xbox Series X.,2025-10-14 08:50:26,2025-10-14 08:50:30,102
12801,Xbox(Xseries),Irrelevant,Pretty sure that Mass Effect<unk> already the best launch title for the Xbox 3 X.,2025-10-14 08:50:26,2025-10-14 08:50:30,81
12802,Xbox(Xseries),Irrelevant,I Tried To Preorder An Xbox Series S - That Went Down Like A Lead Balloon trbr.io/VuCMI7q via @Kurisu_Yamato https://t.co/oTa0YBavNi,2025-10-14 08:50:26,2025-10-14 08:50:30,132
12802,Xbox(Xseries),Irrelevant,I tried to pre-order an Xbox Series S - which went down like a lead balloon trbr.io / VuCMI7q via @ Kurisu _ Yamato https: / / t.co / oTa0YBavNi,2025-10-14 08:50:26,2025-10-14 08:50:30,144
12802,Xbox(Xseries),Irrelevant,I Tried To Preorder An Xbox Series S - That Went Down Like A Lead Bentley on trbr.io / VuCMI7q via @ Kurisu _ Yamato https: / / Fenco / oTa0YBavNi,2025-10-14 08:50:26,2025-10-14 08:50:30,146
12802,Xbox(Xseries),Irrelevant,I Tried To Preorder An Xbox Series S - That Comes In Like A Lead Balloon trbr.io/VuCMI7q via @Kurisu_Yamato 4],2025-10-14 08:50:26,2025-10-14 08:50:30,110
12802,Xbox(Xseries),Irrelevant,I Only Tried To Get Preorder What An Xbox Series for S - 24 That I Went on Down Up Like A Lead Balloon trbr. 9 io / VuCMI7q via @Kurisu_Yamato https://t.co/oTa0YBavNi ],2025-10-14 08:50:26,2025-10-14 08:50:30,168
12802,Xbox(Xseries),Irrelevant,I Tried Having Preorder An Xbox PS S - That Went Fixed With A Galaxy Balloon trbr.io/VuCMI7q via [[ https://t.co/oTa0YBavNi],2025-10-14 08:50:26,2025-10-14 08:50:30,124
12803,Xbox(Xseries),Positive,So glad I'll be experiencing,2025-10-14 08:50:26,2025-10-14 08:50:30,30
12803,Xbox(Xseries),Positive,So glad that I will experience,2025-10-14 08:50:26,2025-10-14 08:50:30,30
12803,Xbox(Xseries),Positive,So glad I got to experience it,2025-10-14 08:50:26,2025-10-14 08:50:30,30
12803,Xbox(Xseries),Positive,So glad you be experiencing,2025-10-14 08:50:26,2025-10-14 08:50:30,27
12803,Xbox(Xseries),Positive,So completely glad I'll be experiencing,2025-10-14 08:50:26,2025-10-14 08:50:30,39
12803,Xbox(Xseries),Positive,So glad I'll be a,2025-10-14 08:50:26,2025-10-14 08:50:30,17
12804,Xbox(Xseries),Irrelevant,"I might have to get an Xbox Series X just because of Fable. Please don't screw this up, I'm hype.. .",2025-10-14 08:50:26,2025-10-14 08:50:30,102
12804,Xbox(Xseries),Irrelevant,"Maybe I have to get an Xbox Series X just because of Fable. Please don't mess that up, I'm a hype...",2025-10-14 08:50:26,2025-10-14 08:50:30,100
12804,Xbox(Xseries),Irrelevant,"I might have to buy an Xbox Series X just because of Fable. Please don't tighten the nuts, I'm a hobby...",2025-10-14 08:50:26,2025-10-14 08:50:30,105
12804,Xbox(Xseries),Irrelevant,"I might have to get that Xbox Series X just because its Fable. Please don't screw this up, I'm hype...",2025-10-14 08:50:26,2025-10-14 08:50:30,102
12804,Xbox(Xseries),Irrelevant,"I might have to get an Xbox exclusive Series Five X just because because cheap of Fable. Please don'll t screw this up, save I'm hype...",2025-10-14 08:50:26,2025-10-14 08:50:30,136
12804,Xbox(Xseries),Irrelevant,"boys might have to get an Xbox Series X just off of Fable. Now don't screw everything up, I'm hype...",2025-10-14 08:50:26,2025-10-14 08:50:30,101
12805,Xbox(Xseries),Positive,got a new xbox series x from best buy. heck yeah,2025-10-14 08:50:26,2025-10-14 08:50:30,48
12805,Xbox(Xseries),Positive,got a new Xbox series x from Best Buy.,2025-10-14 08:50:26,2025-10-14 08:50:30,38
12805,Xbox(Xseries),Positive,got a new xbox series from best buy. heck-ah,2025-10-14 08:50:26,2025-10-14 08:50:30,44
12805,Xbox(Xseries),Positive,got a black xbox series x from best buy. heck yeah,2025-10-14 08:50:26,2025-10-14 08:50:30,50
12805,Xbox(Xseries),Positive,got a strange new xbox series x from best buy. Ah heck yeah,2025-10-14 08:50:26,2025-10-14 08:50:30,59
12805,Xbox(Xseries),Positive,got a new xbox series x from best buy. Why yeah,2025-10-14 08:50:26,2025-10-14 08:50:30,47
12806,Xbox(Xseries),Positive,Pretty cool to see the next gen games being announced and stuff. I’m more excited to see how the official,2025-10-14 08:50:26,2025-10-14 08:50:30,107
12806,Xbox(Xseries),Positive,Pretty cool to see how the next gene games are announced and so on. I'm more curious to see how the official,2025-10-14 08:50:26,2025-10-14 08:50:30,108
12806,Xbox(Xseries),Positive,It's nice to see how the next Gen games are announced and something else. I'm more excited about how the official,2025-10-14 08:50:26,2025-10-14 08:50:30,113
12806,Xbox(Xseries),Positive,Pretty cool to see new next gen games being announced and played. I’m more excited to see how the official,2025-10-14 08:50:26,2025-10-14 08:50:30,106
12806,Xbox(Xseries),Positive,Pretty cool to see the next gen games being announced tonight and stuff. I could ’ m more excited about to have see how the official,2025-10-14 08:50:26,2025-10-14 08:50:30,132
12806,Xbox(Xseries),Positive,Pretty cool to see that next gen trilogy being announced and stuff. But more excited to see how the official,2025-10-14 08:50:26,2025-10-14 08:50:30,108
12807,Xbox(Xseries),Irrelevant,We’re glad we’re finally able to confirm that our line of  . We’re also glad we’re not the ones who leaked it .  pic.twitter.com/wcnRH4YRMY,2025-10-14 08:50:26,2025-10-14 08:50:30,139
12807,Xbox(Xseries),Irrelevant,We are glad that we can finally confirm this line. We are also glad that we are not the ones who leaked it. pic.twitter.com / wcnRH4YRMY,2025-10-14 08:50:26,2025-10-14 08:50:30,136
12807,Xbox(Xseries),Irrelevant,We are glad that we were finally able to confirm that our line. We are also glad that we are not the ones who leaked into the press. pic.facebook.com / wcnRH4YRMY,2025-10-14 08:50:26,2025-10-14 08:50:30,162
12807,Xbox(Xseries),Irrelevant,We’re glad we’re finally able to confirm that our line of  . We’re also glad we’re not the ones who leaked it .  pic.twitter.com/wcnRH4YRMY,2025-10-14 08:50:26,2025-10-14 08:50:30,139
12807,Xbox(Xseries),Irrelevant,2006 We’re glad we’re finally able to confirm that our line of  . We’re also glad we’re not the ones who leaked it .  pic.twitter.com/wcnRH4YRMY,2025-10-14 08:50:26,2025-10-14 08:50:30,144
12807,Xbox(Xseries),Irrelevant,about,2025-10-14 08:50:26,2025-10-14 08:50:30,5
12808,Xbox(Xseries),Negative,haha new,2025-10-14 08:50:26,2025-10-14 08:50:30,10
12808,Xbox(Xseries),Negative,haha,2025-10-14 08:50:26,2025-10-14 08:50:30,4
12808,Xbox(Xseries),Negative,haha new,2025-10-14 08:50:26,2025-10-14 08:50:30,8
12808,Xbox(Xseries),Negative,haha<unk>,2025-10-14 08:50:26,2025-10-14 08:50:30,9
12808,Xbox(Xseries),Negative,And haha new,2025-10-14 08:50:26,2025-10-14 08:50:30,12
12808,Xbox(Xseries),Negative,haha I,2025-10-14 08:50:26,2025-10-14 08:50:30,6
12809,Xbox(Xseries),Positive,"@Xbox @majornelson I’d love to bring home a new Xbox Series X, but they are all sold out. So the emails are VERY misleading. Just sayin.",2025-10-14 08:50:26,2025-10-14 08:50:30,136
12809,Xbox(Xseries),Positive,"@ Xbox @ majornelson I'd love to take home a new Xbox Series X, but they're all sold out, so the emails are VERY misleading.",2025-10-14 08:50:26,2025-10-14 08:50:30,124
12809,Xbox(Xseries),Positive,"@ Xbox @ majenelson I would love to bring home the new Xbox Series X, but they're all sold out.",2025-10-14 08:50:26,2025-10-14 08:50:30,95
12809,Xbox(Xseries),Positive,"@Xbox @majornelson I’d love yo bring up a new Xbox Series X, but they are all sold out. All the emails are VERY misleading. Just sayin.",2025-10-14 08:50:26,2025-10-14 08:50:30,135
12809,Xbox(Xseries),Positive,"@Xbox @majornelson I ’ d really love to come bring back home a whole new Xbox Series level X, but they are all sold out. and So the emails now are VERY misleading. They Just sayin.",2025-10-14 08:50:26,2025-10-14 08:50:30,180
12809,Xbox(Xseries),Positive,"@Xbox that I’d love to find home a $200 Canon Series X, but the are all sold out. Because the emails are VERY misleading. Just sayin.",2025-10-14 08:50:26,2025-10-14 08:50:30,133
12810,Xbox(Xseries),Irrelevant,HELLS YES!!! SO PUMPED TO FINALLY SEE SOME VAMPIRE BLOODLINES 2.,2025-10-14 08:50:26,2025-10-14 08:50:30,66
12810,Xbox(Xseries),Irrelevant,HELPS YES!!! SO PUMPED TO FINALLY SEE SOME VAMPIRE BLOODLINES 2.,2025-10-14 08:50:26,2025-10-14 08:50:30,64
12810,Xbox(Xseries),Irrelevant,HEALTH YES!!! SO PUMPED TO FINALLY SEE SOMPIRE VAMPIRE BLOODES 2.,2025-10-14 08:50:26,2025-10-14 08:50:30,65
12810,Xbox(Xseries),Irrelevant,HELLS YES!!! SO PUMPED<unk> PLEASE SEE SOME VAMPIRE BLOODLINES 2.,2025-10-14 08:50:26,2025-10-14 08:50:30,65
12810,Xbox(Xseries),Irrelevant,HELLS YES!!!... SO... PUMPED TO TO ME FINALLY SEE ON SOME or VAMPIRE BLOODLINES Chapter 2.,2025-10-14 08:50:26,2025-10-14 08:50:30,90
12810,Xbox(Xseries),Irrelevant,HELLS YES!!! THAT PUMPED D FINALLY SEE SOME NEW BLOODLINES and.,2025-10-14 08:50:26,2025-10-14 08:50:30,63
12811,Xbox(Xseries),Irrelevant,all i gotta say is my man better act right,2025-10-14 08:50:26,2025-10-14 08:50:30,42
12811,Xbox(Xseries),Irrelevant,All I have to say is that my husband is doing the right thing,2025-10-14 08:50:26,2025-10-14 08:50:30,61
12811,Xbox(Xseries),Irrelevant,All I'm saying is my man better do the right thing,2025-10-14 08:50:26,2025-10-14 08:50:30,50
12811,Xbox(Xseries),Irrelevant,all i gotta say is That man better act right,2025-10-14 08:50:26,2025-10-14 08:50:30,44
12811,Xbox(Xseries),Irrelevant,all i gotta say is my old man better than act right,2025-10-14 08:50:26,2025-10-14 08:50:30,51
12811,Xbox(Xseries),Irrelevant,all i gotta say is my man just act right,2025-10-14 08:50:26,2025-10-14 08:50:30,40
12812,Xbox(Xseries),Irrelevant,Its such an amazing game. Literally some of the most fun I’ve had in an action game since uncharted 4,2025-10-14 08:50:26,2025-10-14 08:50:30,101
12812,Xbox(Xseries),Irrelevant,It's such an amazing game. Literally some of the funniest I've had in an action game since Uncharted 4,2025-10-14 08:50:26,2025-10-14 08:50:30,102
12812,Xbox(Xseries),Irrelevant,Its such an amazing game. Literally some of the most fun I've had in an action game since uncharted 4,2025-10-14 08:50:26,2025-10-14 08:50:30,101
12812,Xbox(Xseries),Irrelevant,Its such an amazing game. Literally some of the most fun I’ve had on ANY action game since uncharted 4,2025-10-14 08:50:26,2025-10-14 08:50:30,102
12812,Xbox(Xseries),Irrelevant,Its such an amazing extreme game. 4 Literally some of the most fun I ’ on ve even had in an action game published since uncharted 4,2025-10-14 08:50:26,2025-10-14 08:50:30,131
12812,Xbox(Xseries),Irrelevant,Its such an extreme thing. Literally some of the last fun I’ve had was an action game since uncharted 4,2025-10-14 08:50:26,2025-10-14 08:50:30,103
12813,Xbox(Xseries),Neutral,my mans @SamManlol needs this BAD,2025-10-14 08:50:26,2025-10-14 08:50:30,35
12813,Xbox(Xseries),Neutral,my mans @ SamManlol needs this HISTORY,2025-10-14 08:50:26,2025-10-14 08:50:30,38
12813,Xbox(Xseries),Neutral,my mans @ SamManlol needs this BAD,2025-10-14 08:50:26,2025-10-14 08:50:30,34
12813,Xbox(Xseries),Neutral,my mans @SamManlol needs this money,2025-10-14 08:50:26,2025-10-14 08:50:30,35
12813,Xbox(Xseries),Neutral,my mans @SamManlol it needs with this BAD,2025-10-14 08:50:26,2025-10-14 08:50:30,41
12813,Xbox(Xseries),Neutral,my mans child needs this BAD,2025-10-14 08:50:26,2025-10-14 08:50:30,28
12814,Xbox(Xseries),Positive,Xbox Series X - 12 TFLOPs. PS5 - 10.28 TFLOPs. My poor RTX 2070 Super - 9.062 TFLOPs,2025-10-14 08:50:26,2025-10-14 08:50:30,84
12814,Xbox(Xseries),Positive,"Xbox Series X - 12 TFLOPs. PS5 - 10.28 TFLOPs. My bad RTX 2070 Super - 9,062 TFLOPs",2025-10-14 08:50:26,2025-10-14 08:50:30,83
12814,Xbox(Xseries),Positive,Xbox Series X - 12 TFLOPs. PS5 - 10.28 TFLOPs.,2025-10-14 08:50:26,2025-10-14 08:50:30,46
12814,Xbox(Xseries),Positive,Xbox Series X - 12 10. PS5 had 10.28 TFLOPs. My poor RTX 760 Super - 9.062 TFLOPs,2025-10-14 08:50:26,2025-10-14 08:50:30,81
12814,Xbox(Xseries),Positive,2013 Xbox One Series X - Season 12 TFLOPs. The PS5 - 10. 28 million TFLOPs. My poor luck RTX 2070 Super - Series 9. 062 TFLOPs,2025-10-14 08:50:26,2025-10-14 08:50:30,126
12814,Xbox(Xseries),Positive,Xbox Series X - 11 TFLOPs. Fire - 10.28 TFLOPs. This poor RTX Professional Edition - 9.062 W,2025-10-14 08:50:26,2025-10-14 08:50:30,92
12815,Xbox(Xseries),Positive,Stress tested Savostore by shipping in very delicate items and glad to say they got here in perfect condition. When the Xbox series X arrives I'm definitely using them to ship it in.,2025-10-14 08:50:26,2025-10-14 08:50:30,182
12815,Xbox(Xseries),Positive,"Stress-test Savostore by shipping very delicate items and glad to say that they have come here in perfect condition. When the Xbox Series X comes, I will definitely use them to ship.",2025-10-14 08:50:26,2025-10-14 08:50:30,182
12815,Xbox(Xseries),Positive,tested Savostore by shipping very delicate items and I'm glad to say they got there in perfect condition.,2025-10-14 08:50:26,2025-10-14 08:50:30,105
12815,Xbox(Xseries),Positive,Stress tested themselves by shipping in extremely delicate items and glad to say they got here in perfect condition. When the Xbox series X releases I'm definitely using them to ship it in.,2025-10-14 08:50:26,2025-10-14 08:50:30,189
12815,Xbox(Xseries),Positive,Stress u tested Savostore opened by shipping in very delicate items and glad to say even they got everything here in perfect physical condition. When the Xbox series X arrives but I'm not definitely into using them to ship it in.,2025-10-14 08:50:26,2025-10-14 08:50:30,229
12815,Xbox(Xseries),Positive,Stress tested Savostore by shipping in very delicate items and glad to say they got returned in great condition. When the Xbox series X arrives I'm definitely using them to finish it immediately.,2025-10-14 08:50:26,2025-10-14 08:50:30,195
12816,Xbox(Xseries),Positive,Why y’all keep acting like Xbox can’t use both?? We got options,2025-10-14 08:50:26,2025-10-14 08:50:30,63
12816,Xbox(Xseries),Positive,Why does y'all behave as if the Xbox can't use both??,2025-10-14 08:50:26,2025-10-14 08:50:30,53
12816,Xbox(Xseries),Positive,Why do y'all continue to act like Xbox can't use both?,2025-10-14 08:50:26,2025-10-14 08:50:30,54
12816,Xbox(Xseries),Positive,Why y’all keep acting like Xbox can’t use both?? Developers got options,2025-10-14 08:50:26,2025-10-14 08:50:30,71
12816,Xbox(Xseries),Positive,Why y ’ all keep acting... like Xbox can ’ t use they both?? We got different options,2025-10-14 08:50:26,2025-10-14 08:50:30,85
12816,Xbox(Xseries),Positive,Why y’all keep acting like Xbox can’t use em?? We got something,2025-10-14 08:50:26,2025-10-14 08:50:30,63
12817,Xbox(Xseries),Negative,Did I just have really high expectations for the,2025-10-14 08:50:26,2025-10-14 08:50:30,50
12817,Xbox(Xseries),Negative,Did I only have really high expectations of the,2025-10-14 08:50:26,2025-10-14 08:50:30,47
12817,Xbox(Xseries),Negative,Did I really have high expectations from,2025-10-14 08:50:26,2025-10-14 08:50:30,40
12817,Xbox(Xseries),Negative,Did n just have really high expectations for the,2025-10-14 08:50:26,2025-10-14 08:50:30,48
12817,Xbox(Xseries),Negative,Did I just have really high expectations on for the,2025-10-14 08:50:26,2025-10-14 08:50:30,51
12817,Xbox(Xseries),Negative,Did I just have crazy high expectations for the,2025-10-14 08:50:26,2025-10-14 08:50:30,47
12818,Xbox(Xseries),Neutral,Xbox Series X has tactile indicators over the ports goo.gl/fb/sP9Usd,2025-10-14 08:50:26,2025-10-14 08:50:30,68
12818,Xbox(Xseries),Neutral,Xbox series X has tactile indicators via the ports goo.gl / fb / sP9Usd,2025-10-14 08:50:26,2025-10-14 08:50:30,71
12818,Xbox(Xseries),Neutral,The Xbox Series X has tactful troublemakers over the goo.fb / sP9d ports,2025-10-14 08:50:26,2025-10-14 08:50:30,72
12818,Xbox(Xseries),Neutral,Xbox Series X has tactile buttons below the ports goo.gl/fb/sP9Usd,2025-10-14 08:50:26,2025-10-14 08:50:30,66
12818,Xbox(Xseries),Neutral,Xbox Series 4 X compatible has its tactile indicators over the console ports goo. gl / fb /... sP9Usd,2025-10-14 08:50:26,2025-10-14 08:50:30,101
12818,Xbox(Xseries),Neutral,3 Series 3 supports tactile indicators over the ports goo.gl/fb/sP9Usd,2025-10-14 08:50:26,2025-10-14 08:50:30,70
12820,Xbox(Xseries),Irrelevant,"LMFAO. . man, these xtwats will be servesd crows aplenty . . 🤣🤣🤣🤣🤣",2025-10-14 08:50:26,2025-10-14 08:50:30,66
12820,Xbox(Xseries),Irrelevant,"LMFAO... man, these xtwats will be plentiful crows.",2025-10-14 08:50:26,2025-10-14 08:50:30,51
12820,Xbox(Xseries),Irrelevant,"LMO... man, these xtwats will be servesd crows aplenty.",2025-10-14 08:50:26,2025-10-14 08:50:30,55
12820,Xbox(Xseries),Irrelevant,"LMFAO.. man, they xtwats will c servesd crows aplenty....",2025-10-14 08:50:26,2025-10-14 08:50:30,57
12820,Xbox(Xseries),Irrelevant,"by LMFAO.. man, these xtwats that will surely be much servesd crows aplenty.. p [UNK]",2025-10-14 08:50:26,2025-10-14 08:50:30,85
12820,Xbox(Xseries),Irrelevant,"LMFAO.. man, what birds will drive a crows aplenty.. <unk>",2025-10-14 08:50:26,2025-10-14 08:50:30,58
12821,Xbox(Xseries),Irrelevant,Geeeezus these bitches are huge .,2025-10-14 08:50:26,2025-10-14 08:50:30,34
12821,Xbox(Xseries),Irrelevant,"Geeeezus, these bitches are huge.",2025-10-14 08:50:26,2025-10-14 08:50:30,33
12821,Xbox(Xseries),Irrelevant,Geeeeeeeeeeeeeeeeeeeeeeeeeeeeeeeeeeeeeeeeeeeeeeeeeeeeeeeeeeeeeeeeeeeeeeeeeeeeeeeeeeeeeeeeeeeeeeeeeeeeeeeeeeeeeeeeeeeeeeeeeeeeeeeeeeeeeeeeeeeeeeeeeeeeeeeeeeeeeeeeeeeeeeeeeeeeeeeeeeeeeeeeeeeeeeeeeeeeeeeeeeeeeeeeeeeeeeeeeeeeeeeeeeeeeeeeeeeeeeeeeeeeeeeeeeeeeeeeeeeeeeeeeeeeeeeeeeeeeeeeeeeeeeeeeeeeeeeeeeeeeeeeeeeeeeeee.,2025-10-14 08:50:26,2025-10-14 08:50:30,315
12821,Xbox(Xseries),Irrelevant,Geeeezus these bitches are weak.,2025-10-14 08:50:26,2025-10-14 08:50:30,32
12821,Xbox(Xseries),Irrelevant,If Geeeezus makes these bitches are huge.,2025-10-14 08:50:26,2025-10-14 08:50:30,41
12821,Xbox(Xseries),Irrelevant,Geeeezus these eyes are huge.,2025-10-14 08:50:26,2025-10-14 08:50:30,29
12822,Xbox(Xseries),Positive,I like what @Xbox did with their box breath of fresh air! Great time to be a gamer!,2025-10-14 08:50:26,2025-10-14 08:50:30,83
12822,Xbox(Xseries),Positive,I like what @ Xbox has done with their box breath of fresh air! Great time to be a gamer!,2025-10-14 08:50:26,2025-10-14 08:50:30,89
12822,Xbox(Xseries),Positive,I love what @ Xbox did with their box a breath of fresh air!,2025-10-14 08:50:26,2025-10-14 08:50:30,60
12822,Xbox(Xseries),Positive,I LOVE what @Xbox did with some box breath of fresh air! Great time to be a gamer!,2025-10-14 08:50:26,2025-10-14 08:50:30,82
12822,Xbox(Xseries),Positive,I like what @Xbox did next with their box one breath of fresh Chicago air! Great time to be making a gamer!,2025-10-14 08:50:26,2025-10-14 08:50:30,107
12822,Xbox(Xseries),Positive,to like what @Xbox did with their own breath of fresh air! Great time to be you gamer!,2025-10-14 08:50:26,2025-10-14 08:50:30,86
12823,Xbox(Xseries),Positive,Wow .,2025-10-14 08:50:26,2025-10-14 08:50:30,6
12823,Xbox(Xseries),Positive,Wow.,2025-10-14 08:50:26,2025-10-14 08:50:30,4
12823,Xbox(Xseries),Positive,Wow.,2025-10-14 08:50:26,2025-10-14 08:50:30,4
12823,Xbox(Xseries),Positive,Wow …,2025-10-14 08:50:26,2025-10-14 08:50:30,5
12823,Xbox(Xseries),Positive,O Wow.,2025-10-14 08:50:26,2025-10-14 08:50:30,6
12823,Xbox(Xseries),Positive,Wow.,2025-10-14 08:50:26,2025-10-14 08:50:30,4
12824,Xbox(Xseries),Irrelevant,"Why am I seeing fully grown men desperate for a ps5/Xbox series X/S?... . . Fucking hell, play with some tits instead you child. 🤣.",2025-10-14 08:50:26,2025-10-14 08:50:30,132
12824,Xbox(Xseries),Irrelevant,"Why do I see grown men desperately looking for a PS5 / Xbox series X / S?...... damn it, better play with some boobs, child.",2025-10-14 08:50:26,2025-10-14 08:50:30,124
12824,Xbox(Xseries),Irrelevant,"Why do I see grown men desperately craving the 5 / Xbox X / S series?... Damn, play with someone, not a child.",2025-10-14 08:50:26,2025-10-14 08:50:30,110
12824,Xbox(Xseries),Irrelevant,"Why am I leaving other grown men desperate for his ps5/Xbox series X/S?..... Fucking hell, play with some tits instead you child. 🤣.",2025-10-14 08:50:26,2025-10-14 08:50:30,132
12824,Xbox(Xseries),Irrelevant,"Why am I seeing fully grown grown male men desperate for a ps5 / 2 Xbox series X / S?..... Fucking fucking hell, play with her some tits instead of you child. But [UNK].",2025-10-14 08:50:26,2025-10-14 08:50:30,169
12824,Xbox(Xseries),Irrelevant,"Why am I seeing fully grown men desperate for that ps5/Xbox series that/S?..... Fucking women, play you some tits instead you say. <unk>.",2025-10-14 08:50:26,2025-10-14 08:50:30,137
12825,Xbox(Xseries),Irrelevant,nan,2025-10-14 08:50:26,2025-10-14 08:50:30,3
12825,Xbox(Xseries),Irrelevant,It is not the first time that the EU Commission has taken such a step.,2025-10-14 08:50:26,2025-10-14 08:50:30,70
12825,Xbox(Xseries),Irrelevant,"At the same time, despite the fact that there are currently some 100 million people living below the poverty line, most of them do not have access to health services and do not have access to health care, while most of them do not have access to health care.",2025-10-14 08:50:26,2025-10-14 08:50:30,258
12825,Xbox(Xseries),Irrelevant,nan,2025-10-14 08:50:26,2025-10-14 08:50:30,3
12825,Xbox(Xseries),Irrelevant,nan,2025-10-14 08:50:26,2025-10-14 08:50:30,3
12825,Xbox(Xseries),Irrelevant,nan,2025-10-14 08:50:26,2025-10-14 08:50:30,3
12826,Xbox(Xseries),Positive,i want one .,2025-10-14 08:50:26,2025-10-14 08:50:30,13
12826,Xbox(Xseries),Positive,I want one.,2025-10-14 08:50:26,2025-10-14 08:50:30,11
12826,Xbox(Xseries),Positive,i want one.,2025-10-14 08:50:26,2025-10-14 08:50:30,11
12826,Xbox(Xseries),Positive,i choose one.,2025-10-14 08:50:26,2025-10-14 08:50:30,13
12826,Xbox(Xseries),Positive,only i want one.,2025-10-14 08:50:26,2025-10-14 08:50:30,16
12826,Xbox(Xseries),Positive,i want gold.,2025-10-14 08:50:26,2025-10-14 08:50:30,12
12827,Xbox(Xseries),Irrelevant,This is a lie.. I've had a taste... it tastes like: pic.twitter.com/kjqgSZzLkm,2025-10-14 08:50:26,2025-10-14 08:50:30,78
12827,Xbox(Xseries),Irrelevant,This is a lie.. I had a taste... it tastes like: pic.twitter.com / kjqgSZzLkm,2025-10-14 08:50:26,2025-10-14 08:50:30,77
12827,Xbox(Xseries),Irrelevant,It's a lie.. I had a taste... it's delicious like this: pic.facebook.com / kjqgSZzLkm,2025-10-14 08:50:26,2025-10-14 08:50:30,85
12827,Xbox(Xseries),Irrelevant,This is a lie.. I've had a taste... it tastes like: pic.twitter.com/kjqgSZzLkm,2025-10-14 08:50:26,2025-10-14 08:50:30,78
12827,Xbox(Xseries),Irrelevant,4 This is a lie.. I've had a taste... it tastes like: pic.twitter.com/kjqgSZzLkm,2025-10-14 08:50:26,2025-10-14 08:50:30,80
12827,Xbox(Xseries),Irrelevant,How,2025-10-14 08:50:26,2025-10-14 08:50:30,3
12829,Xbox(Xseries),Positive,If last year taught  . . SUPER happy that @Xbox seems all in on this idea.,2025-10-14 08:50:26,2025-10-14 08:50:30,74
12829,Xbox(Xseries),Positive,If last year taught.. SUPER happy that @ Xbox seems all on this idea.,2025-10-14 08:50:26,2025-10-14 08:50:30,69
12829,Xbox(Xseries),Positive,If last year taught you anything... SUPER glad that @ Xbox seems to be all about the idea.,2025-10-14 08:50:26,2025-10-14 08:50:30,90
12829,Xbox(Xseries),Positive,If last year taught .. SUPER happy that @Xbox blew all in half this idea.,2025-10-14 08:50:26,2025-10-14 08:50:30,73
12829,Xbox(Xseries),Positive,8 If last year taught.. A SUPER happy that @Xbox seems all in on this exciting idea.,2025-10-14 08:50:26,2025-10-14 08:50:30,84
12829,Xbox(Xseries),Positive,If one year maybe.. SUPER happy that @Xbox was all in on this idea.,2025-10-14 08:50:26,2025-10-14 08:50:30,67
12831,Xbox(Xseries),Negative,@XboxP3 delay the Xbox Series X what’s the point now that Halo has been delayed.,2025-10-14 08:50:26,2025-10-14 08:50:30,80
12831,Xbox(Xseries),Negative,"@ XboxP3 delayed the Xbox Series X, which is the point now that Halo has been delayed.",2025-10-14 08:50:26,2025-10-14 08:50:30,86
12831,Xbox(Xseries),Negative,"@ XboxP3 delays Xbox Series X, now that Halo has been postponed.",2025-10-14 08:50:26,2025-10-14 08:50:30,64
12831,Xbox(Xseries),Negative,@XboxP3 ask of Xbox Series X what’s the point now that Halo has been delayed.,2025-10-14 08:50:26,2025-10-14 08:50:30,77
12831,Xbox(Xseries),Negative,@XboxP3 delay the Xbox Series X what ’ won s the right point in now that Halo has not been delayed.,2025-10-14 08:50:26,2025-10-14 08:50:30,99
12831,Xbox(Xseries),Negative,@XboxP3 delay the Xbox PS X what’s the press now saying Halo has been delayed.,2025-10-14 08:50:26,2025-10-14 08:50:30,78
12832,Xbox(Xseries),Positive,this is actually pretty cool,2025-10-14 08:50:26,2025-10-14 08:50:30,28
12832,Xbox(Xseries),Positive,That's actually pretty cool,2025-10-14 08:50:26,2025-10-14 08:50:30,27
12832,Xbox(Xseries),Positive,this is actually pretty cool,2025-10-14 08:50:26,2025-10-14 08:50:30,28
12832,Xbox(Xseries),Positive,this is actually pretty useful,2025-10-14 08:50:26,2025-10-14 08:50:30,30
12832,Xbox(Xseries),Positive,this is actually pretty damned cool,2025-10-14 08:50:26,2025-10-14 08:50:30,35
12832,Xbox(Xseries),Positive,this is actually pretty cool,2025-10-14 08:50:26,2025-10-14 08:50:30,28
12833,Xbox(Xseries),Positive,I wanna see this remastered for the PS5 and Xbox series X,2025-10-14 08:50:26,2025-10-14 08:50:30,57
12833,Xbox(Xseries),Positive,I want to see this remastered for the PS5 and Xbox series X,2025-10-14 08:50:26,2025-10-14 08:50:30,59
12833,Xbox(Xseries),Positive,I want it done for PS5 and Xbox Series X,2025-10-14 08:50:26,2025-10-14 08:50:30,40
12833,Xbox(Xseries),Positive,I wanna see this next for the PS5 and Xbox series X,2025-10-14 08:50:26,2025-10-14 08:50:30,51
12833,Xbox(Xseries),Positive,I wanna see this remastered for the forthcoming PS5 and Xbox 360 series X,2025-10-14 08:50:26,2025-10-14 08:50:30,73
12833,Xbox(Xseries),Positive,I wanna watch this remastered for the Internet and Xbox series X,2025-10-14 08:50:26,2025-10-14 08:50:30,64
12834,Xbox(Xseries),Irrelevant,nan,2025-10-14 08:50:26,2025-10-14 08:50:30,3
12834,Xbox(Xseries),Irrelevant,It is not the first time that the EU Commission has taken such a step.,2025-10-14 08:50:26,2025-10-14 08:50:30,70
12834,Xbox(Xseries),Irrelevant,"At the same time, despite the fact that there are currently some 100 million people living below the poverty line, most of them do not have access to health services and do not have access to health care, while most of them do not have access to health care.",2025-10-14 08:50:26,2025-10-14 08:50:30,258
12834,Xbox(Xseries),Irrelevant,nan,2025-10-14 08:50:26,2025-10-14 08:50:30,3
12834,Xbox(Xseries),Irrelevant,nan,2025-10-14 08:50:26,2025-10-14 08:50:30,3
12834,Xbox(Xseries),Irrelevant,nan,2025-10-14 08:50:26,2025-10-14 08:50:30,3
12835,Xbox(Xseries),Positive,"Amazing overview of the Xbox Series X specs by @sweetpotatoes of @Polygon My hype is growing guys, this is gonna be quite the console.. buff.ly/2IRdP0A. .",2025-10-14 08:50:26,2025-10-14 08:50:30,156
12835,Xbox(Xseries),Positive,"Amazing overview of the Xbox Series X specs from @ sweetpotatoes of @ Polygon My hype is growing, guys, this is pretty much going to be the console.. buff.ly / 2IRdP0A.",2025-10-14 08:50:26,2025-10-14 08:50:30,168
12835,Xbox(Xseries),Positive,"Amazing review of Xbox Series X specifications by @ sweetpotatoes from @ Polygon My growing guys, this is gonna be quite the console.. buff.ly / 2IRdP0A..",2025-10-14 08:50:26,2025-10-14 08:50:30,154
12835,Xbox(Xseries),Positive,"Amazing overview of the Xbox Series X specs by @sweetpotatoes of The My hype is up guys, this is going be quite the console.. bit.ly/2IRdP0A..",2025-10-14 08:50:26,2025-10-14 08:50:30,142
12835,Xbox(Xseries),Positive,"the Amazing overview book of gaming the new Xbox in Series X specs created by @sweetpotatoes of @Polygon My hype still is growing guys, since this is gonna really be quite the new console.. buff. ly / 2IRdP0A..",2025-10-14 08:50:26,2025-10-14 08:50:30,210
12835,Xbox(Xseries),Positive,"Amazing overview of the original Series X specs by @sweetpotatoes of @Polygon My work was great guys, this is something be quite amazing test.. buff.ly/2IRdP0A..",2025-10-14 08:50:26,2025-10-14 08:50:30,161
12836,Xbox(Xseries),Positive,I'M SO HYPED!. xbox really killing it,2025-10-14 08:50:26,2025-10-14 08:50:30,37
12836,Xbox(Xseries),Positive,I'M SO HYPED!. xbox really kills it,2025-10-14 08:50:26,2025-10-14 08:50:30,35
12836,Xbox(Xseries),Positive,I'M SO HYPED!. xbox really killing it,2025-10-14 08:50:26,2025-10-14 08:50:30,37
12836,Xbox(Xseries),Positive,I'M JUST HYPED!. xbox really killing it,2025-10-14 08:50:26,2025-10-14 08:50:30,39
12836,Xbox(Xseries),Positive,I'M SO HYPED!. Okay xbox we really like killing it,2025-10-14 08:50:26,2025-10-14 08:50:30,50
12836,Xbox(Xseries),Positive,I'M SO NOT!. xbox just killing it,2025-10-14 08:50:26,2025-10-14 08:50:30,33
12837,Xbox(Xseries),Positive,"I actually enjoy how simple it looks, could literally fit it anywhere without being out of place",2025-10-14 08:50:26,2025-10-14 08:50:30,96
12837,Xbox(Xseries),Positive,"I actually enjoy how simple it looks, it could literally fit anywhere without being out of place",2025-10-14 08:50:26,2025-10-14 08:50:30,96
12837,Xbox(Xseries),Positive,"I really like how simple it looks, can literally fit anywhere without being out of place",2025-10-14 08:50:26,2025-10-14 08:50:30,88
12837,Xbox(Xseries),Positive,"I actually enjoy how simple it looks, could literally fit it together without being out of place",2025-10-14 08:50:26,2025-10-14 08:50:30,96
12837,Xbox(Xseries),Positive,"So I greatly actually enjoy how simple but it looks, could literally fit it anywhere without being out of place",2025-10-14 08:50:26,2025-10-14 08:50:30,111
12837,Xbox(Xseries),Positive,"I do enjoy how simple it looks, could literally fit it anywhere without an out of place",2025-10-14 08:50:26,2025-10-14 08:50:30,87
12838,Xbox(Xseries),Positive,can’t wait to get xbox series x for my bf for free < 3,2025-10-14 08:50:26,2025-10-14 08:50:30,54
12838,Xbox(Xseries),Positive,Can't wait to get xbox series x for my bf for free < 3,2025-10-14 08:50:26,2025-10-14 08:50:30,54
12838,Xbox(Xseries),Positive,Can't wait to get the xbox series x for free for my bf; 3,2025-10-14 08:50:26,2025-10-14 08:50:30,57
12838,Xbox(Xseries),Positive,can’t resist to get xbox series x for my bf for free < 3,2025-10-14 08:50:26,2025-10-14 08:50:30,56
12838,Xbox(Xseries),Positive,can ’ t why wait to get xbox series x links for my own bf for free < 3,2025-10-14 08:50:26,2025-10-14 08:50:30,70
12838,Xbox(Xseries),Positive,can’t want to get this series x for my bf for free < 3,2025-10-14 08:50:26,2025-10-14 08:50:30,54
12839,Xbox(Xseries),Neutral,Xbox Series X Makes It Incredibly Easy To Move Over Your Xbox One Games ow.ly/pthh102dIkW,2025-10-14 08:50:26,2025-10-14 08:50:30,91
12839,Xbox(Xseries),Neutral,Xbox Series X makes it incredibly easy to move across your Xbox One games ow.ly / pthh102dIkW,2025-10-14 08:50:26,2025-10-14 08:50:30,93
12839,Xbox(Xseries),Neutral,The Xbox Series X makes it incredibly easy to navigate over your Xbox One Games o.ly / pthh102dI.,2025-10-14 08:50:26,2025-10-14 08:50:30,97
12839,Xbox(Xseries),Neutral,Xbox Series X Makes It Incredibly Easy To Move Over Your Xbox Live Games alt.ly/pthh102dIkW,2025-10-14 08:50:26,2025-10-14 08:50:30,91
12839,Xbox(Xseries),Neutral,Xbox Series Part X Makes It Incredibly 2 Easy For To Move Car Over Your Xbox One More Games ow. ly / on pthh102dIkW,2025-10-14 08:50:26,2025-10-14 08:50:30,115
12839,Xbox(Xseries),Neutral,Xbox Soul X Makes It Incredibly Easy To Move Over Your Xbox 360 Review ow.ly/pthh102dIkW,2025-10-14 08:50:26,2025-10-14 08:50:30,88
12840,Xbox(Xseries),Negative,"I don’t want a ps5 or xbox x/s , just get me a truly and I’ll be as happy",2025-10-14 08:50:26,2025-10-14 08:50:30,73
12840,Xbox(Xseries),Negative,"I do not want ps5 or xbox x / s, just get me a real one and I will be just as happy.",2025-10-14 08:50:26,2025-10-14 08:50:30,84
12840,Xbox(Xseries),Negative,"I don't want 5 or xbox x / s, just get me real and I'll be just as happy",2025-10-14 08:50:26,2025-10-14 08:50:30,72
12840,Xbox(Xseries),Negative,"I don’t want a ps5 or xbox x/s, just get me a truly and I’ll act as excited",2025-10-14 08:50:26,2025-10-14 08:50:30,75
12840,Xbox(Xseries),Negative,"I don ’ t want a ps5 string or any xbox x / s, you just get with me a start truly and I ’ ll be as happy",2025-10-14 08:50:26,2025-10-14 08:50:30,104
12840,Xbox(Xseries),Negative,"I don’t am a ps5 or c x/s, just get this a truly and I’ll be absolutely happy",2025-10-14 08:50:26,2025-10-14 08:50:30,77
12841,Xbox(Xseries),Negative,THE FUCK YOU SAY TO ME?,2025-10-14 08:50:26,2025-10-14 08:50:30,23
12841,Xbox(Xseries),Negative,THAT TELL YOU SAY ME FOR YOU?,2025-10-14 08:50:26,2025-10-14 08:50:30,29
12841,Xbox(Xseries),Negative,FUCK YOU SAY THE ME?,2025-10-14 08:50:26,2025-10-14 08:50:30,20
12841,Xbox(Xseries),Negative,THE FUCK YOU W TO ME?,2025-10-14 08:50:26,2025-10-14 08:50:30,21
12841,Xbox(Xseries),Negative,THE last FUCK YOU SAY TO ON ME?,2025-10-14 08:50:26,2025-10-14 08:50:30,31
12841,Xbox(Xseries),Negative,THE FUCK THE SAY TO ME?,2025-10-14 08:50:26,2025-10-14 08:50:30,23
12842,Xbox(Xseries),Negative,Very expensive,2025-10-14 08:50:26,2025-10-14 08:50:30,14
12842,Xbox(Xseries),Negative,Very expensive,2025-10-14 08:50:26,2025-10-14 08:50:30,14
12842,Xbox(Xseries),Negative,Very expensive,2025-10-14 08:50:26,2025-10-14 08:50:30,14
12842,Xbox(Xseries),Negative,Very Important,2025-10-14 08:50:26,2025-10-14 08:50:30,14
12842,Xbox(Xseries),Negative,But Very expensive,2025-10-14 08:50:26,2025-10-14 08:50:30,18
12842,Xbox(Xseries),Negative,Very Please,2025-10-14 08:50:26,2025-10-14 08:50:30,11
12843,Xbox(Xseries),Negative,"\"next gen performance\" . \"most small xbox EVER\". fuck. they need to put that ever . xbox series s is 1440p60 low end performance don't tell me it's powerful than ps5 digital",2025-10-14 08:50:26,2025-10-14 08:50:30,173
12843,Xbox(Xseries),Negative,"\"next gen performance.\" \"most small xbox ever.\" damn, they have to keep repeating. xbox series s is 1440p60 low end performance don't tell me it is more powerful than ps5 digital",2025-10-14 08:50:26,2025-10-14 08:50:30,178
12843,Xbox(Xseries),Negative,"\"next gen performance.\" \"most small xbox EVER.\" fuck they need to put that ever. xbox series s is 1440p60 low end performance do not tell me it's power than 5 digital",2025-10-14 08:50:26,2025-10-14 08:50:30,166
12843,Xbox(Xseries),Negative,"\"next gen performance\". \"most small xbox EVER\". fuck. less need to put that ever.<unk> series s is 1440p60 low end.... don't ask me it's powerful than ps5 digital",2025-10-14 08:50:26,2025-10-14 08:50:30,162
12843,Xbox(Xseries),Negative,"\" next whole gen possible performance \". \" most other small xbox users EVER \". fuck. they need to put that ever. xbox series s is 1440p60 to low end performance don't dare tell me or it're s that powerful less than ps5 digital",2025-10-14 08:50:26,2025-10-14 08:50:30,226
12843,Xbox(Xseries),Negative,"\"next gen performance\". \"most impressive xbox EVER\". fuck. they continue to put that out. xbox series s<unk> 1440p60 highest end performance don't tell damn it's cheaper than ps5 and",2025-10-14 08:50:26,2025-10-14 08:50:30,182
12844,Xbox(Xseries),Irrelevant,This is ridiculous & I love it!,2025-10-14 08:50:26,2025-10-14 08:50:30,33
12844,Xbox(Xseries),Irrelevant,This is ridiculous & I love it!,2025-10-14 08:50:26,2025-10-14 08:50:30,31
12844,Xbox(Xseries),Irrelevant,It's funny and I love it!,2025-10-14 08:50:26,2025-10-14 08:50:30,25
12844,Xbox(Xseries),Irrelevant,This is hilarious & I love it!,2025-10-14 08:50:26,2025-10-14 08:50:30,30
12844,Xbox(Xseries),Irrelevant,This is ridiculous & honestly I love it!,2025-10-14 08:50:26,2025-10-14 08:50:30,40
12844,Xbox(Xseries),Irrelevant,thing is ridiculous & I love it!,2025-10-14 08:50:26,2025-10-14 08:50:30,32
12845,Xbox(Xseries),Irrelevant,nan,2025-10-14 08:50:26,2025-10-14 08:50:30,3
12845,Xbox(Xseries),Irrelevant,It is not the first time that the EU Commission has taken such a step.,2025-10-14 08:50:26,2025-10-14 08:50:30,70
12845,Xbox(Xseries),Irrelevant,"At the same time, despite the fact that there are currently some 100 million people living below the poverty line, most of them do not have access to health services and do not have access to health care, while most of them do not have access to health care.",2025-10-14 08:50:26,2025-10-14 08:50:30,258
12845,Xbox(Xseries),Irrelevant,nan,2025-10-14 08:50:26,2025-10-14 08:50:30,3
12845,Xbox(Xseries),Irrelevant,nan,2025-10-14 08:50:26,2025-10-14 08:50:30,3
12845,Xbox(Xseries),Irrelevant,nan,2025-10-14 08:50:26,2025-10-14 08:50:30,3
12846,Xbox(Xseries),Negative,I feel so bad XBOX X MEN or whatever its name is.,2025-10-14 08:50:26,2025-10-14 08:50:30,49
12846,Xbox(Xseries),Negative,I feel so bad XBOX X MEN or whatever his name is.,2025-10-14 08:50:26,2025-10-14 08:50:30,49
12846,Xbox(Xseries),Negative,I feel so bad XBOX MEN or whatever its name is.,2025-10-14 08:50:26,2025-10-14 08:50:30,47
12846,Xbox(Xseries),Negative,I feel so bad my X MEN or whatever its name is.,2025-10-14 08:50:26,2025-10-14 08:50:30,47
12846,Xbox(Xseries),Negative,I feel so bad XBOX X to MEN II or whatever its name is is.,2025-10-14 08:50:26,2025-10-14 08:50:30,58
12846,Xbox(Xseries),Negative,I feel so bad XBOX OF MEN or whatever its name now.,2025-10-14 08:50:26,2025-10-14 08:50:30,51
12847,Xbox(Xseries),Neutral,Cyberpunk 2077 For PlayStation 5 And Xbox Series X Won't Cost $10 Extra dlvr.it/Rg7hfV https://t.co/Y9mMVRypGF,2025-10-14 08:50:26,2025-10-14 08:50:30,110
12847,Xbox(Xseries),Neutral,Cyberpunk 2077 for PlayStation 5 and Xbox Series X does not cost $10 extra dlvr.it / Rg7hfV https: / / t.co / Y9mMVRypGF,2025-10-14 08:50:26,2025-10-14 08:50:30,120
12847,Xbox(Xseries),Neutral,Punk 2077 For PlayStation 5 And Xbox Series X Won't CE $10 Extra dr.it / Rg7V https: / / co / Y9mMVRypGF,2025-10-14 08:50:26,2025-10-14 08:50:30,104
12847,Xbox(Xseries),Neutral,Cyberpunk 2077 For PlayStation 5 or Xbox Series 3 Won't Bring $10 Extra dlvr.it/Rg7hfV https://t.co/Y9mMVRypGF],2025-10-14 08:50:26,2025-10-14 08:50:30,111
12847,Xbox(Xseries),Neutral,Cyberpunk Studio 2077 Games For PlayStation Plus 5 consoles And Xbox Series X Who Won't Really Cost $ 10 Extra dlvr. Win it / 2 Rg7hfV https://t.co/Y9mMVRypGF ],2025-10-14 08:50:26,2025-10-14 08:50:30,160
12847,Xbox(Xseries),Neutral,<unk> 2077 For PlayStation 3 And X Series X Won't Bring $10<unk> dlvr.it/Rg7hfV https://t.co/Y9mMVRypGF],2025-10-14 08:50:26,2025-10-14 08:50:30,104
12848,Xbox(Xseries),Positive,It will be a dream become real.,2025-10-14 08:50:26,2025-10-14 08:50:30,31
12848,Xbox(Xseries),Positive,It will be a dream come true.,2025-10-14 08:50:26,2025-10-14 08:50:30,29
12848,Xbox(Xseries),Positive,It will be a dream come true.,2025-10-14 08:50:26,2025-10-14 08:50:30,29
12848,Xbox(Xseries),Positive,It will make a dream become real.,2025-10-14 08:50:26,2025-10-14 08:50:30,33
12848,Xbox(Xseries),Positive,a It will be a dream become real.,2025-10-14 08:50:26,2025-10-14 08:50:30,33
12848,Xbox(Xseries),Positive,It could be a dream become real.,2025-10-14 08:50:26,2025-10-14 08:50:30,32
12849,Xbox(Xseries),Positive,I’m sold. I’m buying an,2025-10-14 08:50:26,2025-10-14 08:50:30,25
12849,Xbox(Xseries),Positive,I'm sold.,2025-10-14 08:50:26,2025-10-14 08:50:30,9
12849,Xbox(Xseries),Positive,I'm sold.,2025-10-14 08:50:26,2025-10-14 08:50:30,9
12849,Xbox(Xseries),Positive,I’m leaving. I’m buying an,2025-10-14 08:50:26,2025-10-14 08:50:30,26
12849,Xbox(Xseries),Positive,So I ’ m sold. I I ’ m buying an,2025-10-14 08:50:26,2025-10-14 08:50:30,32
12849,Xbox(Xseries),Positive,I’m sold. I’m selling an,2025-10-14 08:50:26,2025-10-14 08:50:30,24
12851,Xbox(Xseries),Neutral,"Holy shit. I am so blown away by the technology in Xbox Series X, as shown by this excellent video by @digitalfoundry but then I realize the Xbox has so few exclusives, and then there’s few I like... reality comes crashing down hard.... youtu.be/qcY4nRHapmE",2025-10-14 08:50:26,2025-10-14 08:50:30,257
12851,Xbox(Xseries),Neutral,"Holy shit. I'm so overwhelmed by the technology of the Xbox Series X, as this excellent video from @ digitalfoundry shows, but then I realize that the Xbox has so little exclusivity, and then there are few I like... reality collapses hard.... youtu.be / qcY4nRHapmE",2025-10-14 08:50:26,2025-10-14 08:50:30,265
12851,Xbox(Xseries),Neutral,"Holy crap. I'm so blown away by the technology in Xbox Series X, as this great video from @ digfoundry shows, but then I realize that Xbox has so few exclusives, and then not much I like... the reality is falling apart... youtu.be / qcY4nRHappmE",2025-10-14 08:50:26,2025-10-14 08:50:30,245
12851,Xbox(Xseries),Neutral,"Holy shit. I am so blown out by the technology in Xbox Series X, as shown above this new video by @digitalfoundry but then I realized the Xbox has so few exclusives, because then there’s few I like... reality come crashing down hard.... youtu.be/qcY4nRHapmE",2025-10-14 08:50:26,2025-10-14 08:50:30,257
12851,Xbox(Xseries),Neutral,"Holy shit. I am so blown away by the technology in its Xbox Collection Series X, as shown by this excellent photography video by Bill @digitalfoundry but then I realize the Xbox has so few online exclusives, but and then maybe there really ’ s few I should like... reality comes crashing down hard.... youtu. be / x qcY4nRHapmE",2025-10-14 08:50:26,2025-10-14 08:50:30,327
12851,Xbox(Xseries),Neutral,"Holy shit. I am so blown away by the technology within Arena Series X, proudly shown via this excellent review by @digitalfoundry but then I realize the Xbox is really few exclusives, back then so few I like... reality comes crashing down because.... youtu.be/qcY4nRHapmE",2025-10-14 08:50:26,2025-10-14 08:50:30,271
12852,Xbox(Xseries),Positive,@PlayStation @PlayStation_LA I was with PS for 2 generations. ps3 and ps4. I will migrate to xbox series x (I already acquired it). i am sad and disappointed in ps5. we have not seen it in physical. and today's presentation October 4. untouchable console! its a joke! goodbye PS,2025-10-14 08:50:26,2025-10-14 08:50:30,278
12852,Xbox(Xseries),Positive,@ PlayStation @ PlayStation _ LA I was using PS for 2 generations. PS3 and PS4. I will migrate to Xbox series x (I have already purchased it). I am sad and disappointed in PS5. we have not seen it in physics. and today's presentation October 4 untouchable console! it a joke! Goodbye PS,2025-10-14 08:50:26,2025-10-14 08:50:30,286
12852,Xbox(Xseries),Positive,"@ PlayStation @ PlayStation _ LA I've been with PS 2 years, 3 and 4.",2025-10-14 08:50:26,2025-10-14 08:50:30,68
12852,Xbox(Xseries),Positive,@PlayStation PS I was with PS for 2 decades. ps3 and r. I will migrate to xbox series x (I already acquired it). was so sad and disappointed in ps5. still have not seen it in physical. and today's presentation October 4. untouchable console! its a joke! goodbye PS,2025-10-14 08:50:26,2025-10-14 08:50:30,264
12852,Xbox(Xseries),Positive,@PlayStation @PlayStation_LA I was merged with PS Labs for that 2 generations. ps3 and ps4. I will be migrate up to xbox series x ( I already acquired it ). i am sad and disappointed in ps5. e we have not since seen it in physical. and today's official presentation comes October 4. untouchable console! its a horrible joke! goodbye PS,2025-10-14 08:50:26,2025-10-14 08:50:30,335
12852,Xbox(Xseries),Positive,@PlayStation @PlayStation_LA I was with mobile for 2 generations. ps3 and ps4. but decided migrate to xbox series x (I already acquired PS). i feel sad deeply disappointed in ps5. we haven not seen it in physical. and today's presentation October 19. untouchable 7! What a joke! goodbye PS,2025-10-14 08:50:26,2025-10-14 08:50:30,289
12853,Xbox(Xseries),Neutral,Xbox Series X Pre-Orders Have Been A Debacle So Far dlvr.it/Rh7Yqd,2025-10-14 08:50:26,2025-10-14 08:50:30,68
12853,Xbox(Xseries),Neutral,Xbox Series X pre-orders have been a debacle so far dlvr.it / Rh7Yqd,2025-10-14 08:50:26,2025-10-14 08:50:30,68
12853,Xbox(Xseries),Neutral,Xbox Series X Pre-Orders are a failure so far dr.it / Rh7Yqd,2025-10-14 08:50:26,2025-10-14 08:50:30,60
12853,Xbox(Xseries),Neutral,Xbox Series X Place-Orders Had Been A Debacle So Far dlvr.it/Rh7Yqd,2025-10-14 08:50:26,2025-10-14 08:50:30,67
12853,Xbox(Xseries),Neutral,Xbox Series 360 X Edition Pre - Order Orders Have But Been A Debacle No So Far dlvr. it / Rh7Yqd,2025-10-14 08:50:26,2025-10-14 08:50:30,96
12853,Xbox(Xseries),Neutral,Xbox Home X Pre-Orders Have But Easy Task So Far dlvr.it/Rh7Yqd,2025-10-14 08:50:26,2025-10-14 08:50:30,63
12854,Xbox(Xseries),Positive,"Right on my birthday, great gift!",2025-10-14 08:50:26,2025-10-14 08:50:30,33
12854,Xbox(Xseries),Positive,"Just in time for my birthday, great gift!",2025-10-14 08:50:26,2025-10-14 08:50:30,41
12854,Xbox(Xseries),Positive,"Right on my birthday, a great gift!",2025-10-14 08:50:26,2025-10-14 08:50:30,35
12854,Xbox(Xseries),Positive,"Right on my birthday, a gift!",2025-10-14 08:50:26,2025-10-14 08:50:30,29
12854,Xbox(Xseries),Positive,"Right on my birthday, so great gift!",2025-10-14 08:50:26,2025-10-14 08:50:30,36
12854,Xbox(Xseries),Positive,"Right on third birthday, great gift!",2025-10-14 08:50:26,2025-10-14 08:50:30,36
12855,Xbox(Xseries),Negative,"not this cinderblock console.... PS5 outsold already. why do you girls even bother at this point? give it up, playstation wins, you lose! muahahaha",2025-10-14 08:50:26,2025-10-14 08:50:30,147
12855,Xbox(Xseries),Negative,"not this Cinderblock console.... PS5 is already selling out. why bother at this point at all? Give up, Playstation wins, you lose! muahahaha",2025-10-14 08:50:26,2025-10-14 08:50:30,140
12855,Xbox(Xseries),Negative,"Not this console with a block of cylinders.... the PS5 is already on sale.. why are you girls even worried at this moment? give up, lose, lose! muahaha",2025-10-14 08:50:26,2025-10-14 08:50:30,151
12855,Xbox(Xseries),Negative,"not this cinderblock console.... PS5 outsold already. why will we girls even bother at this point? give it up, playstation wins, you too! muahahaha",2025-10-14 08:50:26,2025-10-14 08:50:30,147
12855,Xbox(Xseries),Negative,"not over this cinderblock console.... PS5 outsold one already. why do you dumb girls never even bother yelling at this low point? give all it up, playstation wins, you cannot lose! muahahaha",2025-10-14 08:50:26,2025-10-14 08:50:30,190
12855,Xbox(Xseries),Negative,"not this console shit.... PS5 outsold already. why do you girls still bother at all point? Switch it up, playstation wins, men lose! muahahaha",2025-10-14 08:50:26,2025-10-14 08:50:30,142
12856,Xbox(Xseries),Negative,Lol at this stupid deal,2025-10-14 08:50:26,2025-10-14 08:50:30,23
12856,Xbox(Xseries),Negative,Lol about this stupid deal,2025-10-14 08:50:26,2025-10-14 08:50:30,26
12856,Xbox(Xseries),Negative,Lol on this stupid deal,2025-10-14 08:50:26,2025-10-14 08:50:30,23
12856,Xbox(Xseries),Negative,Lol at the stupid deal,2025-10-14 08:50:26,2025-10-14 08:50:30,22
12856,Xbox(Xseries),Negative,Lol at took this stupid deal,2025-10-14 08:50:26,2025-10-14 08:50:30,28
12856,Xbox(Xseries),Negative,Lol at this awesome deal,2025-10-14 08:50:26,2025-10-14 08:50:30,24
12858,Xbox(Xseries),Irrelevant,This would be hilarious.  Can’t wait to see the YouTube videos of which one is more disease proof,2025-10-14 08:50:26,2025-10-14 08:50:30,97
12858,Xbox(Xseries),Irrelevant,"That would be hilarious. I can't wait to see the YouTube videos, one of which is more disease-resistant.",2025-10-14 08:50:26,2025-10-14 08:50:30,104
12858,Xbox(Xseries),Irrelevant,"It would be funny. Can't wait to see YouTube videos, one of which is more proof of the disease",2025-10-14 08:50:26,2025-10-14 08:50:30,94
12858,Xbox(Xseries),Irrelevant,This would be hilarious.  Can’t wait for see the YouTube videos of which one is more disease :),2025-10-14 08:50:26,2025-10-14 08:50:30,95
12858,Xbox(Xseries),Irrelevant,... This would be hilarious. Can i ’ t wait to even see the newest YouTube videos of which one is more disease proof,2025-10-14 08:50:26,2025-10-14 08:50:30,116
12858,Xbox(Xseries),Irrelevant,This could be hilarious. Can’t wait to see many YouTube accounts of which one is more disease proof,2025-10-14 08:50:26,2025-10-14 08:50:30,99
12859,Xbox(Xseries),Positive,I’m so excited! Finally a solution for my money troubles. Thanks @_RealJessAmore_ . Too generous!!,2025-10-14 08:50:26,2025-10-14 08:50:30,98
12859,Xbox(Xseries),Positive,I am so excited! Finally a solution to my money problems. Thank you @ _ RealJessAmore _. Too generous!!,2025-10-14 08:50:26,2025-10-14 08:50:30,103
12859,Xbox(Xseries),Positive,I'm so excited! Finally a solution for my money. Thanks @ _ RealJessAmore _. Too generous!!,2025-10-14 08:50:26,2025-10-14 08:50:30,91
12859,Xbox(Xseries),Positive,I’m so excited! Finally a solution on my money troubles. Thanks @_RealJessAmore_<unk> Too generous!!,2025-10-14 08:50:26,2025-10-14 08:50:30,100
12859,Xbox(Xseries),Positive,I she ’ m been so excited! Finally finding a solution for my recent money troubles. Thanks @_RealJessAmore_. Too generous!!,2025-10-14 08:50:26,2025-10-14 08:50:30,123
12859,Xbox(Xseries),Positive,I’m very excited! Finally a solution for these money troubles. Thanks @_RealJessAmore_. extremely generous!!,2025-10-14 08:50:26,2025-10-14 08:50:30,108
12860,Xbox(Xseries),Positive,"I like this quarter from Microsoft, continued strength in cloud and Azure, Xbox revenue strong ahead of console launch",2025-10-14 08:50:26,2025-10-14 08:50:30,120
12860,Xbox(Xseries),Positive,"I like this quarter from Microsoft, continued strength in cloud and Azure, Xbox sales strong ahead of console launch",2025-10-14 08:50:26,2025-10-14 08:50:30,116
12860,Xbox(Xseries),Positive,"I like this quarter from Microsoft, the continuation of the power in the cloud and Azure, Xbox revenues are strong ahead of the console launch",2025-10-14 08:50:27,2025-10-14 08:50:30,142
12860,Xbox(Xseries),Positive,"I like this quarter from Sony, continued momentum in cloud and Azure, Xbox revenue strong ahead of console launch",2025-10-14 08:50:27,2025-10-14 08:50:30,113
12860,Xbox(Xseries),Positive,"I like this quarter revenue from Microsoft, continued strength in cloud and Azure, with Xbox branded revenue strong ahead of console revenue launch",2025-10-14 08:50:27,2025-10-14 08:50:30,147
12860,Xbox(Xseries),Positive,"I like this quarter from IBM, Cloud strength in cloud and Azure, Xbox revenue strong as of console launch",2025-10-14 08:50:27,2025-10-14 08:50:30,105
12862,Xbox(Xseries),Neutral,(Leak) Final specifications for PS5 and Xbox Series X: Two Monsters! acedamon.com/leak-final-spe…,2025-10-14 08:50:27,2025-10-14 08:50:30,97
12862,Xbox(Xseries),Neutral,(Leak) Final specs for PS5 and Xbox Series X: Two Monsters! acedamon.com / leak-final-spec...,2025-10-14 08:50:27,2025-10-14 08:50:30,93
12862,Xbox(Xseries),Neutral,(Leak) Final specifications for PS5 and Xbox Series X: Two Monsters! acedfall.com / leak-final-spe...,2025-10-14 08:50:27,2025-10-14 08:50:30,101
12862,Xbox(Xseries),Neutral,(Leak) Final specifications for PS5 / Wii Series Premiere: Two Monsters! acedamon.com/leak-final-spe…,2025-10-14 08:50:27,2025-10-14 08:50:30,101
12862,Xbox(Xseries),Neutral,( under Leak ) Final specifications released for PS5 Pro and Xbox Xbox Series X : Two Monsters! From acedamon. com / leak - to final - spe …,2025-10-14 08:50:27,2025-10-14 08:50:30,140
12862,Xbox(Xseries),Neutral,(Leak) Ultimate Edition includes PS5 and Xbox with Three: Two Monsters! acedamon.com/leak-final-spe...,2025-10-14 08:50:27,2025-10-14 08:50:30,102
12863,Xbox(Xseries),Positive,Okay! New Year Resolutions.... Play More games. beat a game every month. Buy Xbox Series X Day 1. Buy New Nvidia TI Card . Don't spend too much (lol). Use my stuff more(Spread the love),2025-10-14 08:50:27,2025-10-14 08:50:30,185
12863,Xbox(Xseries),Positive,Okay! New Year's resolutions.... Play more games. beat a game every month. Buy Xbox Series X Day 1. Buy new Nvidia TI Card. Don't spend too much (lol). Use my stuff more (Spread the love),2025-10-14 08:50:27,2025-10-14 08:50:30,187
12863,Xbox(Xseries),Positive,Okay! New Year's greetings.... Play more games. Play a game every month. Buy Xbox Series X Day 1. Buy a new Nvidia TI Card. Don't spend too much (lol). Use my stuff more (Spread the love),2025-10-14 08:50:27,2025-10-14 08:50:30,187
12863,Xbox(Xseries),Positive,Okay! New Year Resolutions.... Play More games. Touch a Pro every month. Buy Xbox Series X Day Pass. Buy An Nvidia TI Card. Don't spend too much (lol). Use my stuff more(Spread the love),2025-10-14 08:50:27,2025-10-14 08:50:30,186
12863,Xbox(Xseries),Positive,Listen Okay! New Year 4 Resolutions.... Play More games. And beat a game every month. Buy An Xbox 4 Series X Day 1. Buy New Nvidia 2 TI Card. Don'm t gonna spend too much ( lol ). Use my stuff... more ( to Spread the love ),2025-10-14 08:50:27,2025-10-14 08:50:30,223
12863,Xbox(Xseries),Positive,Okay! 5 Year Resolutions.... Win More games. beat a game every month. Buy The Series X Day 1. Buy New Nvidia TI 1. Don't spend too much (lol). Use your stuff better(Spread the Money),2025-10-14 08:50:27,2025-10-14 08:50:30,182
12864,Xbox(Xseries),Irrelevant,Im so excited to get my Xbox series S and a ps5!,2025-10-14 08:50:27,2025-10-14 08:50:30,48
12864,Xbox(Xseries),Irrelevant,I'm so excited to get my Xbox S series and a PS5!,2025-10-14 08:50:27,2025-10-14 08:50:30,49
12864,Xbox(Xseries),Irrelevant,is so excited to get an Xbox Series S and a 5-inch display!,2025-10-14 08:50:27,2025-10-14 08:50:30,59
12864,Xbox(Xseries),Irrelevant,Im so excited to get my Xbox series again and a ps5!,2025-10-14 08:50:27,2025-10-14 08:50:30,52
12864,Xbox(Xseries),Irrelevant,Im so excited to finally get my Xbox series to S and F a ps5!,2025-10-14 08:50:27,2025-10-14 08:50:30,61
12864,Xbox(Xseries),Irrelevant,were so excited to get me Xbox series S and a ps5!,2025-10-14 08:50:27,2025-10-14 08:50:30,50
12865,Xbox(Xseries),Positive,With all the new informations about the  . For me as a tech enthusiast it's the potential of DXR and VRS with a RDNA2 12TF GPU.. And the smart delivery feature is the consumer friendliest move they could have done!. How about you? pic.twitter.com/vzqmYHYOoh,2025-10-14 08:50:27,2025-10-14 08:50:30,257
12865,Xbox(Xseries),Positive,With all the new information about that. For me as a tech enthusiast it's the potential of DXR and VRS with an RDNA2 12TF GPU.. And that smart delivery feature is the most consumer friendly step they could have done!. How about you? pic.twitter.com / vzqmYHYOoh,2025-10-14 08:50:27,2025-10-14 08:50:30,261
12865,Xbox(Xseries),Positive,"For me, as a technology enthusiast, it's the potential of DXR and VRS with an RDNA2 12TF graphics processor.",2025-10-14 08:50:27,2025-10-14 08:50:30,108
12865,Xbox(Xseries),Positive,With all the new informations about the  . For me as a tech enthusiast it's the potential of DXR and VRS with a RDNA2 12TF GPU.. And the smart delivery feature is the consumer friendliest move they could have done!. How about you? pic.twitter.com/vzqmYHYOoh,2025-10-14 08:50:27,2025-10-14 08:50:30,257
12865,Xbox(Xseries),Positive,0 With all the new informations about the  . For me as a tech enthusiast it's the potential of DXR and VRS with a RDNA2 12TF GPU.. And the smart delivery feature is the consumer friendliest move they could have done!. How about you? pic.twitter.com/vzqmYHYOoh,2025-10-14 08:50:27,2025-10-14 08:50:30,259
12865,Xbox(Xseries),Positive,no,2025-10-14 08:50:27,2025-10-14 08:50:30,2
12866,Xbox(Xseries),Neutral,The Xbox Series X lacks launch exclusives because gaming isn’t all about hardware - viewtuber.com/?p=19916,2025-10-14 08:50:27,2025-10-14 08:50:30,106
12866,Xbox(Xseries),Neutral,The Xbox Series X lacks launch exclusives because gaming isn't just about hardware - viewtuber.com /? p = 19916,2025-10-14 08:50:27,2025-10-14 08:50:30,111
12866,Xbox(Xseries),Neutral,Xbox Series X lags behind in exclusive games because the game is not just about hardware - viewtuber.com /? p = 19916,2025-10-14 08:50:27,2025-10-14 08:50:30,117
12866,Xbox(Xseries),Neutral,The Xbox Series X lacks launch support showing gaming isn’t all about hardware - viewtuber.com/?p=19916,2025-10-14 08:50:27,2025-10-14 08:50:30,103
12866,Xbox(Xseries),Neutral,The Xbox Series X actually lacks launch exclusives merely because gaming isn ’ i t at all about this hardware - viewtuber. com /? p = 19916,2025-10-14 08:50:27,2025-10-14 08:50:30,139
12866,Xbox(Xseries),Neutral,The Complete Series X console launch today because gaming isn’t all about hardware - click.com/?p=19916,2025-10-14 08:50:27,2025-10-14 08:50:30,103
12867,Xbox(Xseries),Neutral,Jesus christ you'd be pissed as a kid on Christmas Day expecting a Series X. .,2025-10-14 08:50:27,2025-10-14 08:50:30,79
12867,Xbox(Xseries),Neutral,"Jesus Christ, you were pissed off like a child on Christmas Day when you were expecting a series X.",2025-10-14 08:50:27,2025-10-14 08:50:30,99
12867,Xbox(Xseries),Neutral,"Jesus, if you were a child at Christmas waiting for Series X.",2025-10-14 08:50:27,2025-10-14 08:50:30,61
12867,Xbox(Xseries),Neutral,Jesus christ you'd be pissed as a kid on Judgment Day expecting a Series X..,2025-10-14 08:50:27,2025-10-14 08:50:30,76
12867,Xbox(Xseries),Neutral,Jesus to christ you'd be pissed off as a kid on Christmas Memorial Day expecting a Series 3 X..,2025-10-14 08:50:27,2025-10-14 08:50:30,95
12867,Xbox(Xseries),Neutral,Jesus christ you'd be pissed as a stone about Christmas Day expecting a Series or..,2025-10-14 08:50:27,2025-10-14 08:50:30,83
12868,Xbox(Xseries),Positive,"£28.99 a month for an Xbox series x which is more powerful than a PS5, plus game pass ultimate and ea play. 3rd party games will definitely play and look better on the X also. Spiderman & Ratchet can wait...",2025-10-14 08:50:27,2025-10-14 08:50:30,207
12868,Xbox(Xseries),Positive,"£28.99 a month for an Xbox series x, which is more powerful than a PS5, plus game pass ultimate and ea play. Third-party games will definitely play and also look better on the X. Spiderman & Ratchet can wait...",2025-10-14 08:50:27,2025-10-14 08:50:30,210
12868,Xbox(Xseries),Positive,"£28.99 a month for the Xbox series x, which is more powerful than the PS5, plus game pass Ultimate and ea play.",2025-10-14 08:50:27,2025-10-14 08:50:30,111
12868,Xbox(Xseries),Positive,"£28.99 a month for an Xbox series upgrade which means more powerful than a PS5, plus game pass ultimate and ea players. 3rd disc games will definitely play and look better over the X also. Spiderman & Ratchet can wait...",2025-10-14 08:50:27,2025-10-14 08:50:30,220
12868,Xbox(Xseries),Positive,"£28. 99 won a month for an Xbox series 1 x engine which is more powerful than to a PS5, with plus game you pass ultimate speed and per ea play. 3rd party level games will definitely play and look better on the game X also. Spiderman & Ratchet can wait...",2025-10-14 08:50:27,2025-10-14 08:50:30,254
12868,Xbox(Xseries),Positive,"£28.99 a month for 1 Xbox series x which is more powerful after a PC, plus game 3 ultimate by ea play. 3rd person games will definitely play and look cute within the X also. Spiderman & Ratchet can wait...",2025-10-14 08:50:27,2025-10-14 08:50:30,205
12869,Xbox(Xseries),Irrelevant,"you can keep your sky broadband box thank you, i want the alexa",2025-10-14 08:50:27,2025-10-14 08:50:30,63
12869,Xbox(Xseries),Irrelevant,"You can keep your Sky broadband box thanks to you, I want the Alexa",2025-10-14 08:50:27,2025-10-14 08:50:30,67
12869,Xbox(Xseries),Irrelevant,"you can keep your Sky broadband box thanks, I want Alexa",2025-10-14 08:50:27,2025-10-14 08:50:30,56
12869,Xbox(Xseries),Irrelevant,"you can switch your sky broadband box thank you, i want the alexa",2025-10-14 08:50:27,2025-10-14 08:50:30,65
12869,Xbox(Xseries),Irrelevant,"you can keep your sky broadband box on thank you, though i want the best alexa",2025-10-14 08:50:27,2025-10-14 08:50:30,78
12869,Xbox(Xseries),Irrelevant,"as can keep your full broadband box thank you, i want the alexa",2025-10-14 08:50:27,2025-10-14 08:50:30,63
12870,Xbox(Xseries),Positive,Xbox Series X price leak could blow PS5 out of the water flip.it/9JV1U6,2025-10-14 08:50:27,2025-10-14 08:50:30,71
12870,Xbox(Xseries),Positive,Xbox Series X price leak could blow PS5 out of the water flip.it / 9JV1U6,2025-10-14 08:50:27,2025-10-14 08:50:30,73
12870,Xbox(Xseries),Positive,The Xbox Series X price leak could blow the PS5 out of the water flip.it / 9JV1U6,2025-10-14 08:50:27,2025-10-14 08:50:30,81
12870,Xbox(Xseries),Positive,Xbox Series Red price leak could pull PS5 out of the water flip.it/9JV1U6,2025-10-14 08:50:27,2025-10-14 08:50:30,73
12870,Xbox(Xseries),Positive,Xbox Series Evolution X A price leak could blow PS5 out ahead of the water flip. Say it / 9JV1U6,2025-10-14 08:50:27,2025-10-14 08:50:30,96
12870,Xbox(Xseries),Positive,Xbox to X price leak to blow PS5 out of the black flip.it/9JV1U6,2025-10-14 08:50:27,2025-10-14 08:50:30,64
12871,Xbox(Xseries),Positive,"Ahh, the calm before the  . . Talked to a few Xbox guys that are there already. For tech enthusiasts, this might be the best CES they’ve had in some time. Not just one brand, big year in general. . . Looking forward to more",2025-10-14 08:50:27,2025-10-14 08:50:30,225
12871,Xbox(Xseries),Positive,"Ahh, the calm before the... Talks to a few Xbox guys who are already there. For tech enthusiasts, this could be the best CES they've had for some time. Not just a brand, a big year in general... We look forward to more",2025-10-14 08:50:27,2025-10-14 08:50:30,218
12871,Xbox(Xseries),Positive,"Ah, the calm before... I talked to a few Xbox guys who are already there. For techno enthusiasts, this is probably the best CES they've had in a while.",2025-10-14 08:50:27,2025-10-14 08:50:30,151
12871,Xbox(Xseries),Positive,"Ahh, the calm before the .. Talked to literally ton Xbox guys that are there today. For tech news, this might be the best CES they’ve had in some time. Not just one brand, big year just general... Looking forward to more",2025-10-14 08:50:27,2025-10-14 08:50:30,220
12871,Xbox(Xseries),Positive,"Ahh, the calm thinking before meeting the.. Talked to a few Xbox guys all that are there already. For tech enthusiasts, this this conference might actually be the very best CES meeting they ’ ve had in some time. Not just one big brand, big year in general... Looking forward... to more",2025-10-14 08:50:27,2025-10-14 08:50:30,286
12871,Xbox(Xseries),Positive,"before, the calm before the.. Talked a very lot Xbox guys that are there already. For tech enthusiasts, this must be the best CES they’ve had in some memory. Featuring just one brand, big talk was general... Looking forward to more",2025-10-14 08:50:27,2025-10-14 08:50:30,231
12872,Xbox(Xseries),Neutral,HUGE,2025-10-14 08:50:27,2025-10-14 08:50:30,4
12872,Xbox(Xseries),Neutral,nan,2025-10-14 08:50:27,2025-10-14 08:50:30,3
12872,Xbox(Xseries),Neutral,HUGE,2025-10-14 08:50:27,2025-10-14 08:50:30,4
12872,Xbox(Xseries),Neutral,HUGE,2025-10-14 08:50:27,2025-10-14 08:50:30,4
12872,Xbox(Xseries),Neutral,V HUGE,2025-10-14 08:50:27,2025-10-14 08:50:30,6
12872,Xbox(Xseries),Neutral,HUGE,2025-10-14 08:50:27,2025-10-14 08:50:30,4
12873,Xbox(Xseries),Positive,"Nice seeing the Xbox Series X previews. But, where are the ps5 ones?",2025-10-14 08:50:27,2025-10-14 08:50:30,68
12873,Xbox(Xseries),Positive,"Nice to see the Xbox Series X previews, but where are the PS5 previews?",2025-10-14 08:50:27,2025-10-14 08:50:30,71
12873,Xbox(Xseries),Positive,It's nice to watch Xbox Series X. But where are the 5-inch ones?,2025-10-14 08:50:27,2025-10-14 08:50:30,64
12873,Xbox(Xseries),Positive,"Nice seeing the Xbox Series X previews. But, who are the ps5 ones?",2025-10-14 08:50:27,2025-10-14 08:50:30,66
12873,Xbox(Xseries),Positive,"I Nice not seeing the Xbox Series X previews. But, where else are the ps5 ones?",2025-10-14 08:50:27,2025-10-14 08:50:30,79
12873,Xbox(Xseries),Positive,"Nice old new Xbox Series X previews. But, where are the ps5 ones?",2025-10-14 08:50:27,2025-10-14 08:50:30,65
12874,Xbox(Xseries),Neutral,Microsoft’s Xbox boss just gave an update on one of the Xbox Series X’s most exciting features.,2025-10-14 08:50:27,2025-10-14 08:50:30,97
12874,Xbox(Xseries),Neutral,Microsoft's Xbox boss has just given an update on one of the Xbox Series X's most exciting features.,2025-10-14 08:50:27,2025-10-14 08:50:30,100
12874,Xbox(Xseries),Neutral,"The boss of Microsoft Xbox has just unveiled an update to one of the Xbox's most exciting features, the Xbox Series X.",2025-10-14 08:50:27,2025-10-14 08:50:30,118
12874,Xbox(Xseries),Neutral,Microsoft’s Xbox boss just gave an update for one of the Xbox Series four most exciting features.,2025-10-14 08:50:27,2025-10-14 08:50:30,97
12874,Xbox(Xseries),Neutral,Microsoft Arcade ’ s Xbox boss just gave an audio update on one of only the finished Xbox Series X ’ s most exciting features.,2025-10-14 08:50:27,2025-10-14 08:50:30,126
12874,Xbox(Xseries),Neutral,Microsoft’s Xbox Live just gave an instruction on one like the Xbox Series X’s most exciting features.,2025-10-14 08:50:27,2025-10-14 08:50:30,102
12875,Xbox(Xseries),Positive,The new Xbox series X is NUTS.. . I’m so excited for it,2025-10-14 08:50:27,2025-10-14 08:50:30,55
12875,Xbox(Xseries),Positive,The new Xbox X series is NUTS... I'm so excited for it,2025-10-14 08:50:27,2025-10-14 08:50:30,54
12875,Xbox(Xseries),Positive,The new Xbox series X is NUTS... I'm so excited for it,2025-10-14 08:50:27,2025-10-14 08:50:30,54
12875,Xbox(Xseries),Positive,The new Xbox series X = NUTS... I’m so excited for it,2025-10-14 08:50:27,2025-10-14 08:50:30,53
12875,Xbox(Xseries),Positive,The new new Xbox series X is NUTS... But I ’ m so excited for winning it,2025-10-14 08:50:27,2025-10-14 08:50:30,72
12875,Xbox(Xseries),Positive,The new Xbox series X P NUTS... just so scared for it,2025-10-14 08:50:27,2025-10-14 08:50:30,53
12876,Xbox(Xseries),Neutral,"BBC News - Halo Infinite Xbox Series X trailer divides fans bbc.co.uk/news/technolog… . . However, some gamers voiced disappointment on social media at the quality of the graphics shown within the demo.",2025-10-14 08:50:27,2025-10-14 08:50:30,202
12876,Xbox(Xseries),Neutral,"BBC News - Halo Infinite Xbox Series X trailer divides fans bbc.co.uk / news / technolog..... However, some players on social media expressed disappointment at the quality of the graphics shown within the demo.",2025-10-14 08:50:27,2025-10-14 08:50:30,210
12876,Xbox(Xseries),Neutral,"BBC News - Halo Infinite Xbox Series X trailer divides fans bbc.co.uk / news / technology... However, some gamers have expressed disappointment on social media with the quality of the graphics shown in the demo.",2025-10-14 08:50:27,2025-10-14 08:50:30,211
12876,Xbox(Xseries),Neutral,"BBC News - The Infinite Xbox OS X review divides fans guardian.co.uk/news/technolog….. However, some gamers voiced disappointment on social media at the quality of the graphics shown within the demo.",2025-10-14 08:50:27,2025-10-14 08:50:30,199
12876,Xbox(Xseries),Neutral,"BBC Asian News - 2 Halo Infinite Xbox Series X First trailer who divides fans bbc. co. v uk / news / at technolog ….. However, recently some gamers voiced disappointment on their social media at missing the quality of the graphics shown within the demo.",2025-10-14 08:50:27,2025-10-14 08:50:30,253
12876,Xbox(Xseries),Neutral,"and News - Halo Infinite Xbox Series X trailer divides on bbc.co.uk/news/technolog..... However, two fans voiced shocked outside social media at visual quality behind the graphics shown within the demo.",2025-10-14 08:50:27,2025-10-14 08:50:30,202
12877,Xbox(Xseries),Neutral,"Ok hear me out, Microsoft is going to have to pull a miracle out of their ass to really prove WHY you should choose an Xbox Series X over a PS5. . (typos suck)",2025-10-14 08:50:27,2025-10-14 08:50:30,159
12877,Xbox(Xseries),Neutral,"Ok, listen to me, Microsoft will have to pull a miracle out of its sleeve to really prove WHY you should choose an Xbox Series X over a PS5. (typo)",2025-10-14 08:50:27,2025-10-14 08:50:30,147
12877,Xbox(Xseries),Neutral,"Ok hear me out, Microsoft is going to pull a mix out of their ass to really prove WHY you should choose an Xbox Series X above a PS5.. (tysuck)",2025-10-14 08:50:27,2025-10-14 08:50:30,143
12877,Xbox(Xseries),Neutral,"Ok hear me out, Microsoft is prepared to have to pull a miracle out of their ass to really prove WHY you should choose an Xbox Series X over a PS5.. : fade)",2025-10-14 08:50:27,2025-10-14 08:50:30,156
12877,Xbox(Xseries),Neutral,"Ok hear let me me out, obviously Microsoft is going to have to double pull a PR miracle out of their ass to really fucking prove WHY you actually should choose an Xbox Series X over a PS5.. ( typos and suck )",2025-10-14 08:50:27,2025-10-14 08:50:30,208
12877,Xbox(Xseries),Neutral,"Ok hear me deeper, Microsoft is supposed to had to pull a miracle out of their ass to really prove whether everyone should choose an Xbox Series phone over a PS5.. (typos suck)",2025-10-14 08:50:27,2025-10-14 08:50:30,176
12878,Xbox(Xseries),Neutral,Getting there with Iron Man. Obviously Thor is next but honestly Black Widow has me impressed.. .,2025-10-14 08:50:27,2025-10-14 08:50:30,99
12878,Xbox(Xseries),Neutral,"Arriving with Iron Man. Of course Thor is the next one, but honestly Black Widow impressed me...",2025-10-14 08:50:27,2025-10-14 08:50:30,96
12878,Xbox(Xseries),Neutral,"Obviously, Thor is next, but to be honest, Black Widow impressed me...",2025-10-14 08:50:27,2025-10-14 08:50:30,70
12878,Xbox(Xseries),Neutral,Getting close with Iron Man. Obviously Thor is next but honestly Black Widow has me impressed...,2025-10-14 08:50:27,2025-10-14 08:50:30,96
12878,Xbox(Xseries),Neutral,Getting there fast with The Iron Man. Obviously Thor is the next but honestly The Black Widow has me impressed...,2025-10-14 08:50:27,2025-10-14 08:50:30,113
12878,Xbox(Xseries),Neutral,Getting there with Iron Man. Obviously Thor is next and honestly Storm Widow shows me impressed...,2025-10-14 08:50:27,2025-10-14 08:50:30,98
12879,Xbox(Xseries),Irrelevant,"Bit late to the party with this one but @LifeIsStrange was absolutely brilliant, I'll be hitting the prequel and sequel before @TellMeWhyGame arrives on",2025-10-14 08:50:27,2025-10-14 08:50:30,154
12879,Xbox(Xseries),Irrelevant,"A bit late to party with this, but @ LifeIsStrange has been absolutely brilliant, I'll see the prequel and sequel before @ TellMeWhyGame on",2025-10-14 08:50:27,2025-10-14 08:50:30,139
12879,Xbox(Xseries),Irrelevant,"Bit late to the party with this one but @ LifeIsStrange was absolutely brilliant, I'll be hitting the priquel and sequel before @ TellMeWhyGame arrives on",2025-10-14 08:50:27,2025-10-14 08:50:30,154
12879,Xbox(Xseries),Irrelevant,"Bit late to the party with this one but Simon looked absolutely brilliant, I'll be hitting the prequel plus sequel before @LifeIsStrange arrives on",2025-10-14 08:50:27,2025-10-14 08:50:30,147
12879,Xbox(Xseries),Irrelevant,"Bit late get to the party with this for one film but @LifeIsStrange was absolutely shit brilliant, I'll be hitting the prequel storyline and sequel directly before @TellMeWhyGame arrives on",2025-10-14 08:50:27,2025-10-14 08:50:30,189
12879,Xbox(Xseries),Irrelevant,"Bit late that I market with this one but @LifeIsStrange being absolutely brilliant, I'll be hitting the prequel and sequel till @TellMeWhyGame arrives on",2025-10-14 08:50:27,2025-10-14 08:50:30,153
12880,Xbox(Xseries),Irrelevant,youtu.be/SX1rqUVuXGM did a vid on the Xbox Series S. $300 is quite attractive.,2025-10-14 08:50:27,2025-10-14 08:50:30,78
12880,Xbox(Xseries),Irrelevant,youtu.be / SX1rqUVuXGM has a video on the Xbox series S. $300 is pretty attractive.,2025-10-14 08:50:27,2025-10-14 08:50:30,83
12880,Xbox(Xseries),Irrelevant,youtu.be / SX1rqUVuXGM made a video on the Xbox Series S. $300 is pretty attractive.,2025-10-14 08:50:27,2025-10-14 08:50:30,84
12880,Xbox(Xseries),Irrelevant,youtu.be/SX1rqUVuXGM did a vid on the 5 Series S. $300 and quite attractive.,2025-10-14 08:50:27,2025-10-14 08:50:30,76
12880,Xbox(Xseries),Irrelevant,on youtu. com be / I SX1rqUVuXGM did get a vid on the Xbox Series S. $ e 300 is considered quite attractive.,2025-10-14 08:50:27,2025-10-14 08:50:30,108
12880,Xbox(Xseries),Irrelevant,youtu.be/SX1rqUVuXGM played a vid on the Xbox One S. $300 something quite remarkable.,2025-10-14 08:50:27,2025-10-14 08:50:30,85
12881,Xbox(Xseries),Neutral,"The Xbox Series X Has 60 FPS As 'Standard', But It's Not Guaranteed... pic.twitter.com/cqFcv46Stq",2025-10-14 08:50:27,2025-10-14 08:50:30,97
12881,Xbox(Xseries),Neutral,"The Xbox Series X has 60 FPS as its \"default,\" but it's not guaranteed... pic.twitter.com / cqFcv46Stq",2025-10-14 08:50:27,2025-10-14 08:50:30,102
12881,Xbox(Xseries),Neutral,"The Xbox Series X has 60 FPS as a \"standard,\" but this is no guarantee... pic.fm / cqFcv46Stq",2025-10-14 08:50:27,2025-10-14 08:50:30,93
12881,Xbox(Xseries),Neutral,"The Xbox Series X Has 60 FPS As 'Standard', But It's Not Guaranteed... pic.twitter.com/cqFcv46Stq",2025-10-14 08:50:27,2025-10-14 08:50:30,97
12881,Xbox(Xseries),Neutral,"and The Xbox Series X Has 60 FPS As 'Standard', But It's Not Guaranteed... pic.twitter.com/cqFcv46Stq",2025-10-14 08:50:27,2025-10-14 08:50:30,101
12881,Xbox(Xseries),Neutral,it,2025-10-14 08:50:27,2025-10-14 08:50:30,2
12882,Xbox(Xseries),Positive,Getting strong Netflix vibes and I like it,2025-10-14 08:50:27,2025-10-14 08:50:30,42
12882,Xbox(Xseries),Positive,Strong Netflix vibes and I like it,2025-10-14 08:50:27,2025-10-14 08:50:30,34
12882,Xbox(Xseries),Positive,"Getting Strong Netflix Videos, and I Like It",2025-10-14 08:50:27,2025-10-14 08:50:30,44
12882,Xbox(Xseries),Positive,Getting strong Netflix vibes... I like it,2025-10-14 08:50:27,2025-10-14 08:50:30,41
12882,Xbox(Xseries),Positive,Getting strong Netflix shows vibes and I like it,2025-10-14 08:50:27,2025-10-14 08:50:30,48
12882,Xbox(Xseries),Positive,Getting strong Netflix vibes and I dread it,2025-10-14 08:50:27,2025-10-14 08:50:30,43
12883,Xbox(Xseries),Irrelevant,Damn man!  Every day Microsoft has a way to make me feel really good about my,2025-10-14 08:50:27,2025-10-14 08:50:30,79
12883,Xbox(Xseries),Irrelevant,Damn man! Every day Microsoft has a way to make me feel really good,2025-10-14 08:50:27,2025-10-14 08:50:30,67
12883,Xbox(Xseries),Irrelevant,Damn man! Every day Microsoft has a way to make me feel really good about my,2025-10-14 08:50:27,2025-10-14 08:50:30,76
12883,Xbox(Xseries),Irrelevant,Damn man!  Every day Microsoft has a subject to make me feel really good about my,2025-10-14 08:50:27,2025-10-14 08:50:30,81
12883,Xbox(Xseries),Irrelevant,Damn man! Every goddamn day Microsoft has a way to make me feel... really damn good about my,2025-10-14 08:50:27,2025-10-14 08:50:30,92
12883,Xbox(Xseries),Irrelevant,Damn you! Every day Microsoft has a way that make me feel really good about my,2025-10-14 08:50:27,2025-10-14 08:50:30,78
12884,Xbox(Xseries),Neutral,"I am .  on board with the Xbox Series X, and really want to buy it at launch...but Xbox needs to show some good shit tomorrow...and no, IDGAF about a Fable reboot. Played through the first one and was not impressed at all, so it can be shown or not. https://t.co/fjbR4yc7DT",2025-10-14 08:50:27,2025-10-14 08:50:30,273
12884,Xbox(Xseries),Neutral,"I'm on board with the Xbox Series X and want to buy it at launch... but the Xbox has to show good shit tomorrow... and no, IDGAF about a fable reboot. I played through the first one and wasn't impressed at all, so it can be shown or not. https: / / t.co / fjbR4yc7DT",2025-10-14 08:50:27,2025-10-14 08:50:30,266
12884,Xbox(Xseries),Neutral,"I am. on board with the Xbox Series X, and really want to buy it at launch... but Xbox needs to show some good shit tomorrow... and no, IDGAF about a Fable reboot. Played through the first one and was not impressive at all, so it can be shown or not.",2025-10-14 08:50:27,2025-10-14 08:50:30,250
12884,Xbox(Xseries),Neutral,"I am.  on board with the Xbox Series X, and actually intended to buy it at launch...but Xbox needs ot show some animated TV tomorrow...and no, IDGAF about a Fable reboot. Played through the first one and was not impressed at all, so it shall be shown or not. https://t.co/fjbR4yc7DT]",2025-10-14 08:50:27,2025-10-14 08:50:30,283
12884,Xbox(Xseries),Neutral,"I really am. on board with the Xbox Series X, and really want to buy through it at launch... but Xbox needs to show you some good shit tomorrow... and no, this IDGAF read about a Fable reboot. Played through the first one and probably was not impressed at at all, so it can safely be shown or does not. w https://t.co/fjbR4yc7DT ]",2025-10-14 08:50:27,2025-10-14 08:50:30,330
12884,Xbox(Xseries),Neutral,"I am. on board for the Xbox Series X, and really mean to buy it at launch...but Xbox needs to show a good shit myself...and no, IDGAF needs a Fable here. Played through the first one and was not impressed at all, letting it either stay shown or bought. https://t.co/fjbR4yc7DT]",2025-10-14 08:50:27,2025-10-14 08:50:30,277
12885,Xbox(Xseries),Positive,Hey thanks @BestBuy for putting me an a checkout queue WHILE I was on the last steps of buying a Xbox Series X. Now they are sold out to fuck yourselves,2025-10-14 08:50:27,2025-10-14 08:50:30,152
12885,Xbox(Xseries),Positive,Hello thank you @ BestBuy for putting me in the checkout queue WHILE I was on the final steps of buying an Xbox Series X. Now they are sold out to fuck you,2025-10-14 08:50:27,2025-10-14 08:50:30,155
12885,Xbox(Xseries),Positive,Hey thanks @ Buy for put me a cheap WHILE I was on the last steps of buying a Xbox Series X. Now they are sold out to fuck yourself,2025-10-14 08:50:27,2025-10-14 08:50:30,131
12885,Xbox(Xseries),Positive,Hey thanks @BestBuy for putting me an a checkout queue WHILE I was on the last steps for buying a TL Series X. Now they stay sold out to fuck yourselves,2025-10-14 08:50:27,2025-10-14 08:50:30,152
12885,Xbox(Xseries),Positive,2015 Hey my thanks @BestBuy for putting me over an outside a checkout queue WHILE I was on board the last steps of your buying a Xbox Racing Series Master X. Now they are sold out to fuck yourselves,2025-10-14 08:50:27,2025-10-14 08:50:30,198
12885,Xbox(Xseries),Positive,Hey thanks @BestBuy for putting me an a checkout queue WHILE I was on the last steps of buying Gold Crown Series X. Now they are standing on to do yourselves,2025-10-14 08:50:27,2025-10-14 08:50:30,157
12886,Xbox(Xseries),Irrelevant,My Top 5. . 1.Halo Infinite . 2.Fable. 3.Avowed . 4.State of Decay 3. 5.Forza. . I'm so frigging pumped. . . .,2025-10-14 08:50:27,2025-10-14 08:50:30,112
12886,Xbox(Xseries),Irrelevant,My top 5.. 1.Halo Infinite. 2.Fable. 3.Apromised. 4.State of Decay 3. 5.Forza. I am so frighteningly pumped....,2025-10-14 08:50:27,2025-10-14 08:50:30,111
12886,Xbox(Xseries),Irrelevant,My Top 5... 1.Halo Infinite. 2.Fable. 3.Aobled. 4.State of Decay 3. 5.Form.. I'm so scared of pathos.......,2025-10-14 08:50:27,2025-10-14 08:50:30,107
12886,Xbox(Xseries),Irrelevant,My Top 5.. 1.Halo Infinite.. 2.Fable. 3.Avowed. 4.State of Decay 3. 5.Forza.. Really really frigging excited....,2025-10-14 08:50:27,2025-10-14 08:50:30,112
12886,Xbox(Xseries),Irrelevant,Into My World Top 5.. 1. Halo Infinite. One 2. Fable. Since 3. Avowed. And 4. State Out of Mind Decay 3. The 5. Forza.. I'm so frigging fucking pumped....,2025-10-14 08:50:27,2025-10-14 08:50:30,154
12886,Xbox(Xseries),Irrelevant,New Top Album..<unk>.Halo Infinite.<unk>.Fable. 3.Avowed. 3.State Gang Decay America. 5.Forza..<unk>'m so frigging pumped....,2025-10-14 08:50:27,2025-10-14 08:50:30,125
12887,Xbox(Xseries),Negative,Series X is fucking huge wtf,2025-10-14 08:50:27,2025-10-14 08:50:30,28
12887,Xbox(Xseries),Negative,Series X is fucking huge wtf,2025-10-14 08:50:27,2025-10-14 08:50:30,28
12887,Xbox(Xseries),Negative,Series X is fucking huge wtf,2025-10-14 08:50:27,2025-10-14 08:50:30,28
12887,Xbox(Xseries),Negative,Series X is also huge wtf,2025-10-14 08:50:27,2025-10-14 08:50:30,25
12887,Xbox(Xseries),Negative,Series X is fucking real huge wtf,2025-10-14 08:50:27,2025-10-14 08:50:30,33
12887,Xbox(Xseries),Negative,Series this is fucking huge wtf,2025-10-14 08:50:27,2025-10-14 08:50:30,31
12888,Xbox(Xseries),Positive,I will buy this INSTANTLY. All hail @XboxPope!,2025-10-14 08:50:27,2025-10-14 08:50:30,46
12888,Xbox(Xseries),Positive,I will buy it IMMEDIATELY. Hello @ XboxPope!,2025-10-14 08:50:27,2025-10-14 08:50:30,44
12888,Xbox(Xseries),Positive,I will buy this INSTANTLY. All hail @ XboxPope!,2025-10-14 08:50:27,2025-10-14 08:50:30,47
12888,Xbox(Xseries),Positive,I will buy it INSTANTLY. All hail @XboxPope!,2025-10-14 08:50:27,2025-10-14 08:50:30,44
12888,Xbox(Xseries),Positive,I I will buy you this INSTANTLY. All hail Mike @XboxPope!,2025-10-14 08:50:27,2025-10-14 08:50:30,57
12888,Xbox(Xseries),Positive,I will complete this INSTANTLY. All at @XboxPope!,2025-10-14 08:50:27,2025-10-14 08:50:30,49
12889,Xbox(Xseries),Positive,"To be fair, this looks way cleaner & more sharp & sleek for the design than the Xbox Series X. Guys I don’t think the X is the right pick for me, but now I’m more intrigued. This is a valuable taste of next gen. I think it’s the right one & more appealing one on purpose",2025-10-14 08:50:27,2025-10-14 08:50:30,270
12889,Xbox(Xseries),Positive,"To be fair, this looks a lot cleaner & sharper & smarter in design than the Xbox Series X. Guys, I don't think the X is the right choice for me, but now I'm more intrigued. It's a valuable foretaste of the next generation. I think it's the right one and intentionally more attractive.",2025-10-14 08:50:27,2025-10-14 08:50:30,284
12889,Xbox(Xseries),Positive,"Honestly, it looks smarter and smarter for design than the Xbox Series X. Guys, I don't think X is the right choice for me, but now I'm more intrigued.",2025-10-14 08:50:27,2025-10-14 08:50:30,151
12889,Xbox(Xseries),Positive,"To be fair, It looks way cleaner, more sharp & sleek for the design with the Xbox 4 X. Guys I don’t think the X is the right pick to me, but now I’m more intrigued. This is a valuable taste of the gen. I think it’s the right one & more appealing one on the",2025-10-14 08:50:27,2025-10-14 08:50:30,256
12889,Xbox(Xseries),Positive,"1 To be fair, this looks way cleaner & more sharp & rather sleek looking for most the design than the Xbox Series X. Guys like I don ’ t think the Xbox X is the right pick simply for me, but now I ’ just m more intrigued. This is a valuable taste of next gen. I think it really ’ s just the right one & more appealing one on purpose",2025-10-14 08:50:27,2025-10-14 08:50:30,332
12889,Xbox(Xseries),Positive,"To be fair, this looks way stronger & more sharp & sleek for the design than the Xbox Series Xbox. Initially I really think the X is so right pick of me, but now I’m more intrigued. This is very valuable taste of next gen. I think it’s the right one and more important just on purpose",2025-10-14 08:50:27,2025-10-14 08:50:30,284
12890,Xbox(Xseries),Neutral,5 fantastic Xbox Series X features we hope come to PS5 dlvr.it/RS07rL https://t.co/2GvYXz2lH6,2025-10-14 08:50:27,2025-10-14 08:50:30,93
12890,Xbox(Xseries),Neutral,"5 fantastic features of Xbox Series X, which we hope will come to the PS5 dlvr.it / RS07rL https: / / t.co / 2GvYXz2lH6",2025-10-14 08:50:27,2025-10-14 08:50:30,119
12890,Xbox(Xseries),Neutral,5 fantastic Xbox Series X features that we hope will appear on PS5 dr.it / RSRL,2025-10-14 08:50:27,2025-10-14 08:50:30,79
12890,Xbox(Xseries),Neutral,5 fantastic Xbox Series X features we hope bring to PS5 dlvr.it/RS07rL u],2025-10-14 08:50:27,2025-10-14 08:50:30,73
12890,Xbox(Xseries),Neutral,5 fantastic Xbox Series X and features which we have hope to come to PS5 dlvr. it / 3 RS07rL on https://t.co/2GvYXz2lH6 ],2025-10-14 08:50:27,2025-10-14 08:50:30,121
12890,Xbox(Xseries),Neutral,these fantastic Xbox X X features which can come to PS5 dlvr.it/RS07rL https://t.co/2GvYXz2lH6],2025-10-14 08:50:27,2025-10-14 08:50:30,95
12891,Xbox(Xseries),Negative,"Not unheard of, honestly. The issue I would think is more that next-gen games will be massive so this type of expanded memory might be a requirement eventually and that takes away from some of the value play that",2025-10-14 08:50:27,2025-10-14 08:50:30,214
12891,Xbox(Xseries),Negative,"Frankly, the problem is more that next-gen games are going to be massive, so this kind of expanded memory might eventually be needed and that takes away some of the value that games have.",2025-10-14 08:50:27,2025-10-14 08:50:30,187
12891,Xbox(Xseries),Negative,"The problem, it seems to me, is that the next generation of games will be massive, so this type of extended memory may end up being a necessary requirement, and it will take away some of the value of the game that we have.",2025-10-14 08:50:27,2025-10-14 08:50:30,222
12891,Xbox(Xseries),Negative,"Not unheard of, honestly. The concern I would think is more that next-gen games will ship faster so this type of expanded memory wont be a requirement eventually and that takes away from some of the value play that",2025-10-14 08:50:27,2025-10-14 08:50:30,214
12891,Xbox(Xseries),Negative,"Not unheard of, honestly. The point issue I would think is much more... that next - centuries gen games will be massive so winning this type of expanded memory might be a requirement eventually and anything that takes him away from some of the original value play energy that",2025-10-14 08:50:27,2025-10-14 08:50:30,275
12891,Xbox(Xseries),Negative,"is unheard of, honestly. The issue that would think is more that next-gen games will be massive so this sort of expanded memory might be a requirement eventually and that cuts away in some more the value play that",2025-10-14 08:50:27,2025-10-14 08:50:30,213
12892,Xbox(Xseries),Positive,OMG OMG 🤯 I just Pre-Ordered an (Xbox series X)  I was suprised it was easy to order cool nice going,2025-10-14 08:50:27,2025-10-14 08:50:30,102
12892,Xbox(Xseries),Positive,OMG OMG I just pre-ordered one (Xbox series X) I was surprised that it was easy to order cool nice go,2025-10-14 08:50:27,2025-10-14 08:50:30,101
12892,Xbox(Xseries),Positive,OMG OMG I just Pre-Ordered an (Xbox series X) I was surprised it was easy to order cool nice going,2025-10-14 08:50:27,2025-10-14 08:50:30,98
12892,Xbox(Xseries),Positive,OMG OMG 🤯 I just Pre-Ordered ( XY series X) <unk> was suprised it was easy to order cool nice going,2025-10-14 08:50:27,2025-10-14 08:50:30,99
12892,Xbox(Xseries),Positive,OMG OMG [UNK] I just Pre - Ordered for an ( The Xbox series on X ) I was suprised by it I was easy and to order cool nice going,2025-10-14 08:50:27,2025-10-14 08:50:30,127
12892,Xbox(Xseries),Positive,OMG OMG <unk> I just Simply-Ordered an (Xbox series X) I totally suprised it seemed possible to order something nice going,2025-10-14 08:50:27,2025-10-14 08:50:30,122
12893,Xbox(Xseries),Irrelevant,Lol if it doesn’t deliver performance then why would you spend 300 bucks on something that only caters to like sports games and shit. If you’re gonna get FPS drops on open world triple A titles then what’s the bloody point? Two tiered bullshit running riot as usual,2025-10-14 08:50:27,2025-10-14 08:50:30,265
12893,Xbox(Xseries),Irrelevant,"Lol, if it doesn't perform, why would you spend $300 on something that's just for liking sports games and shit? If you get FPS drops on open world Triple-A titles, what's the bloody point?",2025-10-14 08:50:27,2025-10-14 08:50:30,188
12893,Xbox(Xseries),Irrelevant,"Lol, if it doesn't provide performance, why would you spend 300 bucks on something that just caters like sports games and shit. If you're going to get FPS drops on open triple A world titles, what's the bloody point?",2025-10-14 08:50:27,2025-10-14 08:50:30,216
12893,Xbox(Xseries),Irrelevant,Lol if it cannot deliver performance then why would you spend 300 bucks on something that only caters to like sports league and shit. If you’re gonna get FPS drops on small world triple A titles then what’s da bloody point? Two tiered cubes running riot as art,2025-10-14 08:50:27,2025-10-14 08:50:30,260
12893,Xbox(Xseries),Irrelevant,Lol if it doesn ’ t deliver performance then why would you spend 300 bucks on that something that only business caters to like sports live games shit and shit. If ever you ’ re gonna get FPS drops down on open world triple A titles then what ’ we s not the absolute bloody point? Two tiered bullshit running riot as you usual,2025-10-14 08:50:27,2025-10-14 08:50:30,325
12893,Xbox(Xseries),Irrelevant,fuck if it doesn’t deliver performance then why would you spend 300 bucks on something who only caters to like core fan fucking shit. If you’re gonna force FPS drops on open world triple A titles then what’s the bloody point? 2 tiered fucking genre riot as usual,2025-10-14 08:50:27,2025-10-14 08:50:30,262
12894,Xbox(Xseries),Positive,I can’t wait to buy this nigga this Xbox   X . 🥳,2025-10-14 08:50:27,2025-10-14 08:50:30,48
12894,Xbox(Xseries),Positive,I can't wait to buy this Nigga of this Xbox X.,2025-10-14 08:50:27,2025-10-14 08:50:30,46
12894,Xbox(Xseries),Positive,I can't wait to buy this nigga this Xbox X.,2025-10-14 08:50:27,2025-10-14 08:50:30,43
12894,Xbox(Xseries),Positive,I can’t wait to give this nigga this Xbox   X M 🥳,2025-10-14 08:50:27,2025-10-14 08:50:30,49
12894,Xbox(Xseries),Positive,I can pretend ’ was t wait to actually buy this nigga this Xbox X. [UNK],2025-10-14 08:50:27,2025-10-14 08:50:30,72
12894,Xbox(Xseries),Positive,I can’t wait before buy this nigga this Xbox console. <unk>,2025-10-14 08:50:27,2025-10-14 08:50:30,59
12895,Xbox(Xseries),Neutral,Gamers Prove They’re Idiots Over Latest Xbox Series X Rumor | LRM’s Barside Buzz lrmonline.com/news/gamers-pr… https://t.co/nqZldXvXeR,2025-10-14 08:50:27,2025-10-14 08:50:30,134
12895,Xbox(Xseries),Neutral,Gamers prove they are idiots over latest Xbox Series X rumors | LRM's Barside Buzz lrmonline.com / news / gamers-pr... https: / / t.co / nqZldXvXeR,2025-10-14 08:50:27,2025-10-14 08:50:30,147
12895,Xbox(Xseries),Neutral,Gamers prove they are idiots because of the latest Xbox Series X Rumor Barside Buzz lrmon.com / news / gamers-pr...,2025-10-14 08:50:27,2025-10-14 08:50:30,115
12895,Xbox(Xseries),Neutral,Gamers Prove They’re Right in Latest Xbox Middle X Rumor | LRM’s Barside Buzz lrmonline.com/news/gamers-pr… [/],2025-10-14 08:50:27,2025-10-14 08:50:30,111
12895,Xbox(Xseries),Neutral,Other Gamers Prove that They ’ re Watching Idiots Over Latest Xbox 360 Series X Rumor | The LRM ’ s Barside... Buzz lrmonline. com / gaming news / gamers - pr and …... https://t.co/nqZldXvXeR ],2025-10-14 08:50:27,2025-10-14 08:50:30,193
12895,Xbox(Xseries),Neutral,Gamers And They’re Cool • Latest Division One Fan Rumor | Online Barside Buzz lrmonline.com/news/gamers-pr... https://t.co/nqZldXvXeR],2025-10-14 08:50:27,2025-10-14 08:50:30,134
12896,Xbox(Xseries),Positive,No a huge sports/shoes guy but damn I love the red,2025-10-14 08:50:27,2025-10-14 08:50:30,50
12896,Xbox(Xseries),Positive,"Not a huge sport shoe type, but damn, I love the red",2025-10-14 08:50:27,2025-10-14 08:50:30,52
12896,Xbox(Xseries),Positive,No a huge sports / shoes guy but damn I love the red,2025-10-14 08:50:27,2025-10-14 08:50:30,52
12896,Xbox(Xseries),Positive,No a pro sports/shoes guy but damn I love the red,2025-10-14 08:50:27,2025-10-14 08:50:30,49
12896,Xbox(Xseries),Positive,No a huge sports / shoes all guy but damn I love both the red,2025-10-14 08:50:27,2025-10-14 08:50:30,61
12896,Xbox(Xseries),Positive,No a huge sports/shoes guy but somehow I love the film,2025-10-14 08:50:27,2025-10-14 08:50:30,54
12897,Xbox(Xseries),Positive,Welp. . Unless Sony can best 299 I've made my choice,2025-10-14 08:50:27,2025-10-14 08:50:30,52
12897,Xbox(Xseries),Positive,"Welp. If Sony is not the best at this, I have made my choice.",2025-10-14 08:50:27,2025-10-14 08:50:30,61
12897,Xbox(Xseries),Positive,Welp. Ruthless Sony can best explain why I made my choice.,2025-10-14 08:50:27,2025-10-14 08:50:30,58
12897,Xbox(Xseries),Positive,Welp.. Unless Sony can best 299 I've made another choice,2025-10-14 08:50:27,2025-10-14 08:50:30,56
12897,Xbox(Xseries),Positive,No Welp.. Unless Sony can best 299 I'v ve just made my choice,2025-10-14 08:50:27,2025-10-14 08:50:30,61
12897,Xbox(Xseries),Positive,Welp.. Unless anyone can offer 299 I've made my choice,2025-10-14 08:50:27,2025-10-14 08:50:30,54
12898,Xbox(Xseries),Irrelevant,"I love how @BestBuy website just SHITS THE BED during XBOX series X launch, never even showing it available once!",2025-10-14 08:50:27,2025-10-14 08:50:30,113
12898,Xbox(Xseries),Irrelevant,I love how @ BestBuy shows the XBOX website only SHITS THE BED during the release of the X series and doesn't even show it!,2025-10-14 08:50:27,2025-10-14 08:50:30,123
12898,Xbox(Xseries),Irrelevant,"I love how the @ Buy site is just EXISTING during the launch of Xbox series X, without even showing it once!",2025-10-14 08:50:27,2025-10-14 08:50:30,108
12898,Xbox(Xseries),Irrelevant,"I love your @BestBuy website just SHITS THE BED during entire series X launch, never even showing it available once!",2025-10-14 08:50:27,2025-10-14 08:50:30,116
12898,Xbox(Xseries),Irrelevant,"I love how @BestBuy website just SHITS UP THE BED during his XBOX series for X launch, never or even showing it as available even once!",2025-10-14 08:50:27,2025-10-14 08:50:30,135
12898,Xbox(Xseries),Irrelevant,"I love loved @BestBuy website just SHITS THE BED during latest series X<unk>, never even showing anything available once!",2025-10-14 08:50:27,2025-10-14 08:50:30,121
12899,Xbox(Xseries),Positive,Well fuck that's only 2 months before Xbox Series X. I'll wait to play it. It's going to suck waiting but it'll be worth it,2025-10-14 08:50:27,2025-10-14 08:50:30,123
12899,Xbox(Xseries),Positive,"Well, damn, that's only 2 months before Xbox Series X. I'm waiting to play it. It's going to be a tough wait, but it'll be worth it.",2025-10-14 08:50:27,2025-10-14 08:50:30,132
12899,Xbox(Xseries),Positive,Well fuck that's only 2 months before Xbox Series X. I'll wait to play it. It's going to suck waiting but it'll be worth it,2025-10-14 08:50:27,2025-10-14 08:50:30,123
12899,Xbox(Xseries),Positive,Well damn that's only 2 months before Xbox Series 1. I'll wait to play it. It's going to suck waiting but it'll be worth waiting,2025-10-14 08:50:27,2025-10-14 08:50:30,128
12899,Xbox(Xseries),Positive,Well fuck that's the only run 2 months to before Xbox Lost Series X. And I'll wait to play it. Maybe It's going to suck waiting but it'll be worth stealing it,2025-10-14 08:50:27,2025-10-14 08:50:30,158
12899,Xbox(Xseries),Positive,Well fuck that's only six months before Xbox Series X. I'll wait that play it. Which's gonna to suck waiting but it'll get worth it,2025-10-14 08:50:27,2025-10-14 08:50:30,131
12900,Xbox(Xseries),Negative,So while I was away I sold my PS4 Pro and Xbox One X to help me save up for the new consoles and I just love how I managed to cop a PS5 with Demons Souls and Miles Morales cuz Sony fucked up on the pre-order date but I got cucked on getting a Xbox Series X because of scalpers smh,2025-10-14 08:50:27,2025-10-14 08:50:30,280
12900,Xbox(Xseries),Negative,"So while I was away I sold my PS4 Pro and Xbox One X to save on the new consoles, and I just love how I managed to pop a PS5 with Demons Souls and Miles Morales because Sony fucked me on the pre-order date, but I was happy to get an Xbox Series X because scalpers smh",2025-10-14 08:50:27,2025-10-14 08:50:30,267
12900,Xbox(Xseries),Negative,So while I was away I sold my PS4 Pro and Xbox One X to help me save up for the new consoles and I just love how I managed to cop a PS5 with Demons Souls and Miles Morales cuz Sony fucked up on the pre-order date but I got cucked on getting a Xbox Series X because of scalpers smh,2025-10-14 08:50:27,2025-10-14 08:50:30,280
12900,Xbox(Xseries),Negative,So while I was away I sold my PS4 Pro and Xbox One X to help me set up for the new consoles and people just love when I managed to cop a PS5 with Demons Souls and Miles Morales cuz Verizon fucked up on the pre-order date but I got lucky on buying a Xbox Series 8 because of scalpers smh,2025-10-14 08:50:27,2025-10-14 08:50:30,286
12900,Xbox(Xseries),Negative,So just while I was away I sold my PS4 Pro and Xbox One X to help me better save up for the new consoles themselves and I actually just love it how I managed to really cop a decent PS5 with Demons Souls and Miles Morales for cuz Sony fucked up work on the pre - order date but I got cucked on getting a Xbox Series X X because of scalpers smh,2025-10-14 08:50:27,2025-10-14 08:50:30,342
12900,Xbox(Xseries),Negative,So while Scott being away I sold my PS4 Pro and Xbox One Series because try me save up for the actual ones and we just mentioned how I managed to cop a PS5 with Demons Souls and Miles Morales cuz its fucked up on the pre-order date but I got cucked on getting a Xbox Series X because of scalpers smh,2025-10-14 08:50:27,2025-10-14 08:50:30,299
12901,Xbox(Xseries),Neutral,Best upcoming Xbox Series X games: The top next-gen games for 2020 and beyond pocket-lint.com/games/news/xbo… @RikHenderson https://t.co/n1i2CMhWe7,2025-10-14 08:50:27,2025-10-14 08:50:30,147
12901,Xbox(Xseries),Neutral,Best upcoming Xbox Series X games: The best next-gen games for 2020 and beyond pocket-lint.com / games / news / xbo... @ RikHenderson https: / / t.co / n1i2CMhWe7,2025-10-14 08:50:27,2025-10-14 08:50:30,162
12901,Xbox(Xseries),Neutral,The best upcoming Xbox Series X games: The best next-generation games in 2020 and beyond pocket-lint.com / games / news / xbo... @ RHenderson https: / / Fesco / n1i2CMHWe7,2025-10-14 08:50:27,2025-10-14 08:50:30,171
12901,Xbox(Xseries),Neutral,Best upcoming Xbox Series X games: The biggest second-gen games for 2020 and future pocket-lint.com/games/news/xbo… @RikHenderson https://t.co/n1i2CMhWe7],2025-10-14 08:50:27,2025-10-14 08:50:30,154
12901,Xbox(Xseries),Neutral,2011 Best upcoming Xbox Series X 10 games : The four top next - gen mobile games for 2020 BC and beyond in pocket - lint. com / games / latest news / page xbo … @RikHenderson https://t.co/n1i2CMhWe7 ],2025-10-14 08:50:27,2025-10-14 08:50:30,200
12901,Xbox(Xseries),Neutral,10 new TV Series X games: The top next-gen games for 2020 October 2014 by-lint.com/games/news/xbo... @RikHenderson https://t.co/n1i2CMhWe7],2025-10-14 08:50:27,2025-10-14 08:50:30,139
12902,Xbox(Xseries),Irrelevant,Whoever voted PS5 is NO LONGER COOL,2025-10-14 08:50:27,2025-10-14 08:50:30,35
12902,Xbox(Xseries),Irrelevant,Who has chosen PS5 is NO LONG COOL,2025-10-14 08:50:27,2025-10-14 08:50:30,34
12902,Xbox(Xseries),Irrelevant,Whoever voted PS5 is NO LONGER COOL,2025-10-14 08:50:27,2025-10-14 08:50:30,35
12902,Xbox(Xseries),Irrelevant,Whoever voted PS5 is NO MORE COOL,2025-10-14 08:50:27,2025-10-14 08:50:30,33
12902,Xbox(Xseries),Irrelevant,Whoever voted PS5 is NO T LONGER ON COOL,2025-10-14 08:50:27,2025-10-14 08:50:30,40
12902,Xbox(Xseries),Irrelevant,Whoever voted PS5 is NO<unk> COOL,2025-10-14 08:50:27,2025-10-14 08:50:30,33
12903,Xbox(Xseries),Neutral,"While I feel like this (and a Hunger Games battle royale) are LOOOOOONG overdue, I can't help but continue to be annoyed about the lack of any FG announcements for PS5/XSX. Where tf is KOFXV?!",2025-10-14 08:50:27,2025-10-14 08:50:30,192
12903,Xbox(Xseries),Neutral,"While I feel that this (and a Hunger Games Battle Royale) is overdue, I can't help but be annoyed by the lack of any FG announcements for PS5 / XSX. Where is KOFXV?!",2025-10-14 08:50:27,2025-10-14 08:50:30,165
12903,Xbox(Xseries),Neutral,"While I feel like this (and a Games battle royale) are LOOOOONG due, I can't help but continue to be angry about the lack of any FG announcements for PS5 / XSX. Where tf is KOFXV?!",2025-10-14 08:50:27,2025-10-14 08:50:30,180
12903,Xbox(Xseries),Neutral,"While I feel like this (and every Hunger Games blockbuster royale) are LOOOOOONG overdue, I can't help yet continue to be annoyed about the lack of any exciting announcements for PS5/XSX. Where currently is KOFXV?!",2025-10-14 08:50:27,2025-10-14 08:50:30,214
12903,Xbox(Xseries),Neutral,"2 While I feel like watching this ( Pokémon and a Hunger Games battle royale ) are LOOOOOONG overdue, sometimes I can't help that but continue still to be annoyed... about the lack today of any FG announcements for PS5 / Pokémon XSX. Where tf is it KOFXV?!",2025-10-14 08:50:27,2025-10-14 08:50:30,256
12903,Xbox(Xseries),Neutral,"While I realize like this (and a Role Games battle royale) are LOOOOOONG overdue, I can't help but continue and get annoyed about my lack of any FG announcements around movies. What tf is KOFXV?!",2025-10-14 08:50:27,2025-10-14 08:50:30,195
12904,Xbox(Xseries),Positive,"Boy am I chomping at the bit for this @xbox show, I'm dying to see more of next gen",2025-10-14 08:50:27,2025-10-14 08:50:30,85
12904,Xbox(Xseries),Positive,"Boy, I'm lamenting the bit for this @ xbox show, I'm dying to see more of the next generation",2025-10-14 08:50:27,2025-10-14 08:50:30,93
12904,Xbox(Xseries),Positive,"Boy am I chomping at the bit for this @ xbox show, I'm dying to see more of next gen",2025-10-14 08:50:27,2025-10-14 08:50:30,84
12904,Xbox(Xseries),Positive,"Boy am I chomping at my bit for this amazing show, I'm dying to see more of next gen",2025-10-14 08:50:27,2025-10-14 08:50:30,84
12904,Xbox(Xseries),Positive,"Boy am I practically chomping along at the first bit for this @xbox show, I'm dying to see many more of our next gen",2025-10-14 08:50:27,2025-10-14 08:50:30,116
12904,Xbox(Xseries),Positive,"Boy am I chomping at a bit for this @xbox show, I'm keen to find more in next gen",2025-10-14 08:50:27,2025-10-14 08:50:30,81
12905,Xbox(Xseries),Neutral,Xbox Series X graphics source code stolen and leaked online dlvr.it/RSb08J https://t.co/Xh5WYKNWwG,2025-10-14 08:50:27,2025-10-14 08:50:30,98
12905,Xbox(Xseries),Neutral,Graphics source code of Xbox Series X stolen and leaked online dlvr.it / RSb08J https: / / t.co / Xh5WYKNWwG,2025-10-14 08:50:27,2025-10-14 08:50:30,108
12905,Xbox(Xseries),Neutral,Xbox Series X graphical source code stolen and leaked to dr.it / RSb08J,2025-10-14 08:50:27,2025-10-14 08:50:30,71
12905,Xbox(Xseries),Neutral,Xbox Series X graphics cheat code stolen and leaked online get.it/RSb08J https://t.co/Xh5WYKNWwG],2025-10-14 08:50:27,2025-10-14 08:50:30,97
12905,Xbox(Xseries),Neutral,Xbox 2010 Series X graphics source With code stolen and later leaked online via dlvr. is it / RSb08J https://t.co/Xh5WYKNWwG ],2025-10-14 08:50:27,2025-10-14 08:50:30,126
12905,Xbox(Xseries),Neutral,D PC X graphics source code stolen as leaked online dlvr.it/RSb08J https://t.co/Xh5WYKNWwG],2025-10-14 08:50:27,2025-10-14 08:50:30,91
12906,Xbox(Xseries),Positive,Crazy hyped to pre-order my Series X!! .,2025-10-14 08:50:27,2025-10-14 08:50:30,41
12906,Xbox(Xseries),Positive,Crazily hyped to pre-order my Series X!!.,2025-10-14 08:50:27,2025-10-14 08:50:30,41
12906,Xbox(Xseries),Positive,Mistake in pre-order of my Series X!!.,2025-10-14 08:50:27,2025-10-14 08:50:30,38
12906,Xbox(Xseries),Positive,Crazy people to pre-order my Series X!!.,2025-10-14 08:50:27,2025-10-14 08:50:30,40
12906,Xbox(Xseries),Positive,Crazy hyped as to pre - order my New Series X!!.,2025-10-14 08:50:27,2025-10-14 08:50:30,48
12906,Xbox(Xseries),Positive,Crazy hyped to pre-order from Apple X!!.,2025-10-14 08:50:27,2025-10-14 08:50:30,40
12907,Xbox(Xseries),Irrelevant,"@harleyxngel Thank you for the follow, I've got you back here and on Twitch! Keep up the great work!. . Twitch.tv/thesaurusborea…. . youtube.com/channel/UCnP08…. .",2025-10-14 08:50:27,2025-10-14 08:50:30,165
12907,Xbox(Xseries),Irrelevant,"@ harleyxngel Thanks for the following, I got you back here and on Twitch! Keep it up!.. Twitch.tv / thesaurusborea..... youtube.com / channel / UCnP08.....",2025-10-14 08:50:27,2025-10-14 08:50:30,156
12907,Xbox(Xseries),Irrelevant,"@ harleyxngel Thank you for the follow, I've got you back here and on Honda! Keep up the great work!...... tch.tv / thesaurusborea..... youtube.com / channel / UCnP08......",2025-10-14 08:50:27,2025-10-14 08:50:30,172
12907,Xbox(Xseries),Irrelevant,"@harleyxngel, for guys the follow, I've got you back here and in Twitch! Keep up the great work!.. Twitch.tv/thesaurusborea….. youtube.com/channel/UCnP08…..",2025-10-14 08:50:27,2025-10-14 08:50:30,156
12907,Xbox(Xseries),Irrelevant,"by @harleyxngel Thank you for the services follow, I've got you back here and working on Twitch! Keep up the damn great lab work!.. through Twitch. tv / thesaurusborea ….. youtube. archive com / channel / x UCnP08... …..",2025-10-14 08:50:27,2025-10-14 08:50:30,220
12907,Xbox(Xseries),Irrelevant,"5 Thank you for the follow, I've put you back right back on Twitch! still finding the interesting stuff!.. Twitch.tv/thesaurusborea..... youtube.com/channel/UCnP08.....",2025-10-14 08:50:27,2025-10-14 08:50:30,168
12908,Xbox(Xseries),Irrelevant,Xbox Series S design and price reportedly revealed in leaked video cnet.co/3lVKBA9,2025-10-14 08:50:27,2025-10-14 08:50:30,82
12908,Xbox(Xseries),Irrelevant,Design and price of Xbox Series S reportedly revealed in leaked video cnet.co / 3lVKBA9,2025-10-14 08:50:27,2025-10-14 08:50:30,87
12908,Xbox(Xseries),Irrelevant,The design and price of the Xbox Series S are reportedly revealed in a leaked video cnet.co / 3lVK9,2025-10-14 08:50:27,2025-10-14 08:50:30,99
12908,Xbox(Xseries),Irrelevant,Xbox One 4 design and price reportedly revealed in leaked video cnet.co/3lVKBA9,2025-10-14 08:50:27,2025-10-14 08:50:30,79
12908,Xbox(Xseries),Irrelevant,Xbox Series S design options and base price reportedly revealed in leaked Xbox video cnet. c co / 3lVKBA9,2025-10-14 08:50:27,2025-10-14 08:50:30,105
12908,Xbox(Xseries),Irrelevant,Xbox Series S design code launch is revealed in leaked video cnet.co/3lVKBA9,2025-10-14 08:50:27,2025-10-14 08:50:30,76
12909,Xbox(Xseries),Positive,The news just keeps getting better and better. VERY much looking forward to picking up my Series X on day one (and playing Halo Infinite with @runslikedeb immediately),2025-10-14 08:50:27,2025-10-14 08:50:30,167
12909,Xbox(Xseries),Positive,The news is just getting better and better. VERY excited to record my series X on the first day (and play Halo Infinite with @ runslikedeb right away),2025-10-14 08:50:27,2025-10-14 08:50:30,150
12909,Xbox(Xseries),Positive,VERY looking forward to starting my Series X on day one (and immediately playing Halo Infinite with @ runslikedeb),2025-10-14 08:50:27,2025-10-14 08:50:30,114
12909,Xbox(Xseries),Positive,The news just keeps spinning better and better. VERY much looking forward to picking up my Series X on day 4 (and playing Halo Infinite Warfare @runslikedeb immediately),2025-10-14 08:50:27,2025-10-14 08:50:30,169
12909,Xbox(Xseries),Positive,The news just keeps On getting better and ever better. VERY much looking forward to finally picking up my Series A X on Halloween day twenty one ( and playing Halo Infinite Battle with @runslikedeb immediately ),2025-10-14 08:50:27,2025-10-14 08:50:30,211
12909,Xbox(Xseries),Positive,The news there keeps getting better and better. VERY really looking forward to picking up my Series III from day one (and playing Dark Infinite with @runslikedeb immediately),2025-10-14 08:50:27,2025-10-14 08:50:30,174
12910,Xbox(Xseries),Negative,Unfortunately true,2025-10-14 08:50:27,2025-10-14 08:50:30,18
12910,Xbox(Xseries),Negative,nan,2025-10-14 08:50:27,2025-10-14 08:50:30,3
12910,Xbox(Xseries),Negative,nan,2025-10-14 08:50:27,2025-10-14 08:50:30,3
12910,Xbox(Xseries),Negative,Unfortunately...,2025-10-14 08:50:27,2025-10-14 08:50:30,16
12910,Xbox(Xseries),Negative,Unfortunately... true,2025-10-14 08:50:27,2025-10-14 08:50:30,21
12910,Xbox(Xseries),Negative,Unfortunately there,2025-10-14 08:50:27,2025-10-14 08:50:30,19
12911,Xbox(Xseries),Negative,look at how bad xbox series x graphics look lol they workin with nasa now?,2025-10-14 08:50:27,2025-10-14 08:50:30,74
12911,Xbox(Xseries),Negative,Look at how bad Xbox series x graphics look now they're working with Nasa?,2025-10-14 08:50:27,2025-10-14 08:50:30,74
12911,Xbox(Xseries),Negative,look at how bad xbox series x graphics look lol they work with nasa now?,2025-10-14 08:50:27,2025-10-14 08:50:30,72
12911,Xbox(Xseries),Negative,look at how bad xbox er x graphics look lol they workin with nasa now?,2025-10-14 08:50:27,2025-10-14 08:50:30,70
12911,Xbox(Xseries),Negative,look at how bad The xbox series in x graphics look in lol they workin with nasa right now?,2025-10-14 08:50:27,2025-10-14 08:50:30,90
12911,Xbox(Xseries),Negative,like at how fun that series x graphics look lol they workin with nasa now?,2025-10-14 08:50:27,2025-10-14 08:50:30,74
12912,Xbox(Xseries),Irrelevant,Stop acting like your not educated stop with the bs you know devs don't have dx12 ultimate ffs at least don't lead people on with bs pic.twitter.com/hKMnlLiTzm,2025-10-14 08:50:27,2025-10-14 08:50:30,159
12912,Xbox(Xseries),Irrelevant,"Stop behaving as if your illiterate developers stop using the Bs you know they don't have the ultimate Dx12-ffs, at least don't lead people on with bs pic.twitter.com / hKMnlLiTzm",2025-10-14 08:50:27,2025-10-14 08:50:30,179
12912,Xbox(Xseries),Irrelevant,"Stop behaving like your uneducated stop list with those you know developers don't have dx12, at least they don't lead people by bs pic.lt / hKMnlLiTzm",2025-10-14 08:50:27,2025-10-14 08:50:30,150
12912,Xbox(Xseries),Irrelevant,Stop acting like your not educated stop with the bs you know devs don't have dx12 ultimate ffs at least don't lead people on with bs pic.twitter.com/hKMnlLiTzm,2025-10-14 08:50:27,2025-10-14 08:50:30,159
12912,Xbox(Xseries),Irrelevant,2 Stop acting like your not educated stop with the bs you know devs don't have dx12 ultimate ffs at least don't lead people on with bs pic.twitter.com/hKMnlLiTzm,2025-10-14 08:50:27,2025-10-14 08:50:30,161
12912,Xbox(Xseries),Irrelevant,think,2025-10-14 08:50:27,2025-10-14 08:50:30,5
12913,Xbox(Xseries),Neutral,"Reports are going around regarding cancelled preorders for both the PlayStation 5 and Xbox Series X. Apparently, several customers are receiving cancellation notices from GameStop and Target.On gamingcannon.com/2020/10/23/rep…",2025-10-14 08:50:27,2025-10-14 08:50:30,226
12913,Xbox(Xseries),Neutral,"Reports are circulating of canceled pre-orders for both the PlayStation 5 and Xbox Series X. Apparently, several customers are receiving cancellation notifications from GameStop and Target.Visit gamingcannon.com / 2020 / 10 / 23 / rep...",2025-10-14 08:50:27,2025-10-14 08:50:30,237
12913,Xbox(Xseries),Neutral,"Preorders for both the PlayStation 5 and Xbox Series X have been canceled, and several customers are receiving cancellation notices from GameStop and Target.",2025-10-14 08:50:27,2025-10-14 08:50:30,157
12913,Xbox(Xseries),Neutral,"Reports are going around regarding cancelled preorders in both the PlayStation 5 v Xbox Series X. Apparently, several customers are receiving cancellation notices to GameStop by Target.On gamingcannon.com/2020/10/23/rep…",2025-10-14 08:50:27,2025-10-14 08:50:30,220
12913,Xbox(Xseries),Neutral,"Reports about are going around regarding cancelled preorders included for testing both series the PlayStation 5 and Xbox Office Series One X. Apparently, several customers worldwide are receiving cancellation notices available from both GameStop and Target. On gamingcannon. com / 2020 / 2009 10 / 23 / rep …",2025-10-14 08:50:27,2025-10-14 08:50:30,308
12913,Xbox(Xseries),Neutral,"things keep going around regarding some preorders with both the PS 5 and Xbox Series X. Apparently, several customers are receiving cancellation notices from Nintendo and Target.On review.com/2020/10/23/rep...",2025-10-14 08:50:27,2025-10-14 08:50:30,209
12914,Xbox(Xseries),Positive,Very interesting.......,2025-10-14 08:50:27,2025-10-14 08:50:30,23
12914,Xbox(Xseries),Positive,Very interesting...,2025-10-14 08:50:27,2025-10-14 08:50:30,19
12914,Xbox(Xseries),Positive,Very interesting.......,2025-10-14 08:50:27,2025-10-14 08:50:30,23
12914,Xbox(Xseries),Positive,Very Good,2025-10-14 08:50:27,2025-10-14 08:50:30,9
12914,Xbox(Xseries),Positive,25 Very interesting.......,2025-10-14 08:50:27,2025-10-14 08:50:30,26
12914,Xbox(Xseries),Positive,most interesting.......,2025-10-14 08:50:27,2025-10-14 08:50:30,23
12915,Xbox(Xseries),Neutral,Here’s our best look at ray tracing on the Xbox Series X theverge.com/2020/10/30/215…,2025-10-14 08:50:27,2025-10-14 08:50:30,85
12915,Xbox(Xseries),Neutral,Here's our best look at Ray Tracing on the Xbox series X theverge.com / 2020 / 10 / 30 / 215...,2025-10-14 08:50:27,2025-10-14 08:50:30,95
12915,Xbox(Xseries),Neutral,Here's our best look at ray tracing on the Xbox Series X theverge.com / 2020 / 10 / 30 / 215...,2025-10-14 08:50:27,2025-10-14 08:50:30,95
12915,Xbox(Xseries),Neutral,Here’s my first look at ray tracing on the Xbox Series X theverge.com/2020/10/30/215…,2025-10-14 08:50:27,2025-10-14 08:50:30,85
12915,Xbox(Xseries),Neutral,Here ’ s our best new look at ray tracing on the Super Xbox Series at X theverge. dot com / © 2020 / 10 / 30 / 215 …,2025-10-14 08:50:27,2025-10-14 08:50:30,116
12915,Xbox(Xseries),Neutral,Here’s My regular look at ray<unk> on a Xbox Series X theverge.com/2020/10/30/215...,2025-10-14 08:50:27,2025-10-14 08:50:30,84
12916,Xbox(Xseries),Positive,A great console for a great cause,2025-10-14 08:50:27,2025-10-14 08:50:30,33
12916,Xbox(Xseries),Positive,A great console for a great cause,2025-10-14 08:50:27,2025-10-14 08:50:30,33
12916,Xbox(Xseries),Positive,Big console for big business,2025-10-14 08:50:27,2025-10-14 08:50:30,28
12916,Xbox(Xseries),Positive,A great console for a noble cause,2025-10-14 08:50:27,2025-10-14 08:50:30,33
12916,Xbox(Xseries),Positive,A bloody great console for a great cause,2025-10-14 08:50:27,2025-10-14 08:50:30,40
12916,Xbox(Xseries),Positive,A great console for a noble cause,2025-10-14 08:50:27,2025-10-14 08:50:30,33
12917,Xbox(Xseries),Positive,The hype is real. 🪓.,2025-10-14 08:50:27,2025-10-14 08:50:30,21
12917,Xbox(Xseries),Positive,The hype is real.,2025-10-14 08:50:27,2025-10-14 08:50:30,17
12917,Xbox(Xseries),Positive,The hat-trick is real.,2025-10-14 08:50:27,2025-10-14 08:50:30,22
12917,Xbox(Xseries),Positive,The hype is here. 🪓.,2025-10-14 08:50:27,2025-10-14 08:50:30,20
12917,Xbox(Xseries),Positive,The exact hype is real. [UNK].,2025-10-14 08:50:27,2025-10-14 08:50:30,30
12917,Xbox(Xseries),Positive,The money is real. <unk>.,2025-10-14 08:50:27,2025-10-14 08:50:30,25
12918,Xbox(Xseries),Positive,The whole video is pure genius but 1:35 was freaking amazing. 🤣. . Hitler reacts to the $299 Xbox Series S youtu.be/k02I_P9klbM via @YouTube,2025-10-14 08:50:27,2025-10-14 08:50:30,140
12918,Xbox(Xseries),Positive,"The whole video is pure genius, but 1: 35 was incredible... Hitler responds to the $299 Xbox Series S youtu.be / k02I _ P9klbM via @ YouTube",2025-10-14 08:50:27,2025-10-14 08:50:30,140
12918,Xbox(Xseries),Positive,"The whole clip is pure genius, but 1: 35 was terrific.",2025-10-14 08:50:27,2025-10-14 08:50:30,54
12918,Xbox(Xseries),Positive,The whole process looked pure genius but 1:35 was freaking amazing. 🤣.<unk> Cube reacts to the $299 Xbox Series S youtu.be/k02I_P9klbM via @YouTube,2025-10-14 08:50:27,2025-10-14 08:50:30,147
12918,Xbox(Xseries),Positive,The whole video is pure pure technical genius but 1 : 35 was not freaking dead amazing. A [UNK].. This Hitler really reacts to the $ 299 Xbox Series S youtu. be / x k02I _ P9klbM via the @YouTube,2025-10-14 08:50:27,2025-10-14 08:50:30,195
12918,Xbox(Xseries),Positive,The whole video sounds fucking stupid but 1:35 was freaking stupid. <unk>.. Hitler reacts via the $299 Xbox Live S youtu.be/k02I_P9klbM via via,2025-10-14 08:50:27,2025-10-14 08:50:30,143
12919,Xbox(Xseries),Irrelevant,nan,2025-10-14 08:50:27,2025-10-14 08:50:30,3
12919,Xbox(Xseries),Irrelevant,It is not the first time that the EU Commission has taken such a step.,2025-10-14 08:50:27,2025-10-14 08:50:30,70
12919,Xbox(Xseries),Irrelevant,"At the same time, despite the fact that there are currently some 100 million people living below the poverty line, most of them do not have access to health services and do not have access to health care, while most of them do not have access to health care.",2025-10-14 08:50:27,2025-10-14 08:50:30,258
12919,Xbox(Xseries),Irrelevant,nan,2025-10-14 08:50:27,2025-10-14 08:50:30,3
12919,Xbox(Xseries),Irrelevant,nan,2025-10-14 08:50:27,2025-10-14 08:50:30,3
12919,Xbox(Xseries),Irrelevant,nan,2025-10-14 08:50:27,2025-10-14 08:50:30,3
12920,Xbox(Xseries),Irrelevant,So the smaller cheaper version of the Xbox Series X is more powerful than the full version of the PS5? Lolz,2025-10-14 08:50:27,2025-10-14 08:50:30,107
12920,Xbox(Xseries),Irrelevant,"So the smaller, cheaper version of the Xbox Series X is more powerful than the full version of the PS5?",2025-10-14 08:50:27,2025-10-14 08:50:30,103
12920,Xbox(Xseries),Irrelevant,So the cheaper version of the Xbox Series X is more powerful than the full PS5?,2025-10-14 08:50:27,2025-10-14 08:50:30,79
12920,Xbox(Xseries),Irrelevant,So the smaller cheaper version of your Xbox Series X is just powerful than the full version of the PS5? Lolz,2025-10-14 08:50:27,2025-10-14 08:50:30,108
12920,Xbox(Xseries),Irrelevant,· So the smaller albeit cheaper version of the Xbox Series PlayStation X is even more powerful than the full version of even the PS5? Lolz,2025-10-14 08:50:27,2025-10-14 08:50:30,138
12920,Xbox(Xseries),Irrelevant,So the smaller studio version of why Xbox Series X is more powerful than the full version for the PS5? Lolz,2025-10-14 08:50:27,2025-10-14 08:50:30,107
12921,Xbox(Xseries),Positive,Xbox looking BEAUTIFUL,2025-10-14 08:50:27,2025-10-14 08:50:30,22
12921,Xbox(Xseries),Positive,Xbox looks BEAUTIFUL,2025-10-14 08:50:27,2025-10-14 08:50:30,20
12921,Xbox(Xseries),Positive,Xbox looking BEAUTIFUL,2025-10-14 08:50:27,2025-10-14 08:50:30,22
12921,Xbox(Xseries),Positive,Xbox looking around,2025-10-14 08:50:27,2025-10-14 08:50:30,19
12921,Xbox(Xseries),Positive,Great Xbox looking BEAUTIFUL,2025-10-14 08:50:27,2025-10-14 08:50:30,28
12921,Xbox(Xseries),Positive,<unk> looking BEAUTIFUL,2025-10-14 08:50:28,2025-10-14 08:50:30,23
12922,Xbox(Xseries),Positive,I’m so pumped for the  . . Literally can’t wait to see more of what these next-gen beauts are cooking up! https://t.co/Fy6ElfNIKw,2025-10-14 08:50:28,2025-10-14 08:50:30,129
12922,Xbox(Xseries),Positive,I'm so pumped for the.. I can't wait to see more of what these next-gen beauties cook! https: / / t.co / Fy6ElfNIKw,2025-10-14 08:50:28,2025-10-14 08:50:30,115
12922,Xbox(Xseries),Positive,I'm so sorry about... Literally can't wait to see more of what these next generations are cooking!,2025-10-14 08:50:28,2025-10-14 08:50:30,98
12922,Xbox(Xseries),Positive,I’m so pumped for the . I Literally can’t wait to explore more of what these next-gen engineers are cooking up! https://t.co/Fy6ElfNIKw],2025-10-14 08:50:28,2025-10-14 08:50:30,136
12922,Xbox(Xseries),Positive,I ’ m so fucking pumped in for the.. 3 Literally can ’ of t wait to see more of what these next - fastest gen de beauts guys are cooking up! https://t.co/Fy6ElfNIKw ],2025-10-14 08:50:28,2025-10-14 08:50:30,166
12922,Xbox(Xseries),Positive,just so pumped for it.. Literally can’t wait to see more to what these next-gen beauts do getting up! https://t.co/Fy6ElfNIKw],2025-10-14 08:50:28,2025-10-14 08:50:30,126
12923,Xbox(Xseries),Irrelevant,"The Falconeer - 'The Path' Gameplay Trailer  | pressakey.tube/119885 . . Generations of poisonous decisions and treason swirl in the deep, as factions collide.",2025-10-14 08:50:28,2025-10-14 08:50:30,161
12923,Xbox(Xseries),Irrelevant,The Falconeer - 'The Path' Gameplay Trailer | pressakey.tube / 119885.. Generations of poisonous decisions and betrayal swirl in the depths as the factions clash.,2025-10-14 08:50:28,2025-10-14 08:50:30,162
12923,Xbox(Xseries),Irrelevant,"Trailer of the game \"The Falconeer\" - \"The Path\" - pressakey.tube / 119885.",2025-10-14 08:50:28,2025-10-14 08:50:30,75
12923,Xbox(Xseries),Irrelevant,"The Falconeer - 'The Path' Gameplay File  | pressakey.tube/119885<unk>. Generations where poisonous decisions and treason swirl in the deep, as factions collide.",2025-10-14 08:50:28,2025-10-14 08:50:30,161
12923,Xbox(Xseries),Irrelevant,"The Silver Falconeer -'Behind The Path'Gameplay Trailer | pressakey. de tube / 119885.. the Generations of poisonous decisions and black treason swirl in down the deep, such as factions inevitably collide.",2025-10-14 08:50:28,2025-10-14 08:50:30,205
12923,Xbox(Xseries),Irrelevant,"The Falconeer - 'The Trial' Gameplay Trailer | pressakey.tube/119885.. Generations of poisonous snakes called treason swirl so very deep, as people collide.",2025-10-14 08:50:28,2025-10-14 08:50:30,156
12924,Xbox(Xseries),Neutral,"The grind is hard for some folks even harder for others, but this morning was hilarious,this shit made me laugh so hard,I remember the 1st wave & 2nd wave is no different 🤣.",2025-10-14 08:50:28,2025-10-14 08:50:30,176
12924,Xbox(Xseries),Neutral,"For some people the grind is even harder, but this morning it was hilarious, this shit made me laugh so much, I remember the first wave and the second wave are no different.",2025-10-14 08:50:28,2025-10-14 08:50:30,173
12924,Xbox(Xseries),Neutral,"It's hard for some, it's even harder for others, but this morning was fun, this crap made me laugh so much, I remember the first wave and the second wave are no different.",2025-10-14 08:50:28,2025-10-14 08:50:30,171
12924,Xbox(Xseries),Neutral,"The grind is hard for us folks even harder for others, yet this morning was hilarious,this shit made me laugh so hard,I hope the previous wave & 2nd wave is no different 🤣.",2025-10-14 08:50:28,2025-10-14 08:50:30,172
12924,Xbox(Xseries),Neutral,"The grind transition is hard for some folks even harder for others, but this past morning it was so hilarious, this shit made me laugh so very hard, I still remember the 1st wave & 2nd wave is no more different since [UNK].",2025-10-14 08:50:28,2025-10-14 08:50:30,223
12924,Xbox(Xseries),Neutral,"The summer is hard for some And even harder for others, but you week felt hilarious,this weekend made me laugh so hard,I remember the 1st wave & 2nd wave is no different <unk>.",2025-10-14 08:50:28,2025-10-14 08:50:30,176
12925,Xbox(Xseries),Irrelevant,Shot fired at kofi lmfaoo @PressStartKofi,2025-10-14 08:50:28,2025-10-14 08:50:30,41
12925,Xbox(Xseries),Irrelevant,Shot at kofi lmfaoo @ PressStartKofi,2025-10-14 08:50:28,2025-10-14 08:50:30,36
12925,Xbox(Xseries),Irrelevant,Shots fired at kofi lmfaoo @ PressKofi,2025-10-14 08:50:28,2025-10-14 08:50:30,38
12925,Xbox(Xseries),Irrelevant,Shot fired or kofi lmfaoo @PressStartKofi,2025-10-14 08:50:28,2025-10-14 08:50:30,41
12925,Xbox(Xseries),Irrelevant,Single Shot 17 fired at kofi lmfaoo @PressStartKofi,2025-10-14 08:50:28,2025-10-14 08:50:30,51
12925,Xbox(Xseries),Irrelevant,Shot off at kofi lmfaoo hit,2025-10-14 08:50:28,2025-10-14 08:50:30,27
12926,Xbox(Xseries),Negative,4k 30fps??????? Wtf???? That’s really dumb.,2025-10-14 08:50:28,2025-10-14 08:50:30,43
12926,Xbox(Xseries),Negative,4k 30fps??????? Wtf????? That's really stupid.,2025-10-14 08:50:28,2025-10-14 08:50:30,46
12926,Xbox(Xseries),Negative,4k 30fps?????? Wtf???? That's really dumb.,2025-10-14 08:50:28,2025-10-14 08:50:30,42
12926,Xbox(Xseries),Negative,4k 30fps???????<unk> That’s really dumb.,2025-10-14 08:50:28,2025-10-14 08:50:30,40
12926,Xbox(Xseries),Negative,4k M 30fps??????? t Wtf???? 3 That ’ it s really on dumb.,2025-10-14 08:50:28,2025-10-14 08:50:30,57
12926,Xbox(Xseries),Negative,point is??????? Wtf???? That’s really dumb.,2025-10-14 08:50:28,2025-10-14 08:50:30,43
12927,Xbox(Xseries),Irrelevant,nan,2025-10-14 08:50:28,2025-10-14 08:50:30,3
12927,Xbox(Xseries),Irrelevant,It is not the first time that the EU Commission has taken such a step.,2025-10-14 08:50:28,2025-10-14 08:50:30,70
12927,Xbox(Xseries),Irrelevant,"At the same time, despite the fact that there are currently some 100 million people living below the poverty line, most of them do not have access to health services and do not have access to health care, while most of them do not have access to health care.",2025-10-14 08:50:28,2025-10-14 08:50:30,258
12927,Xbox(Xseries),Irrelevant,nan,2025-10-14 08:50:28,2025-10-14 08:50:30,3
12927,Xbox(Xseries),Irrelevant,nan,2025-10-14 08:50:28,2025-10-14 08:50:30,3
12927,Xbox(Xseries),Irrelevant,nan,2025-10-14 08:50:28,2025-10-14 08:50:30,3
12928,Xbox(Xseries),Positive,For the “next couple of years”?. . Wow... smaller creative scope games for the forseeable future on Xbox. Got it.,2025-10-14 08:50:28,2025-10-14 08:50:30,113
12928,Xbox(Xseries),Positive,"For the \"next couple of years\"?.. Wow... smaller creative scope for the foreseeable future on the Xbox. Understood.",2025-10-14 08:50:28,2025-10-14 08:50:30,115
12928,Xbox(Xseries),Positive,"For the \"next couple of years\"?... Wow... games of a smaller creative scope for the future on Xbox. Got it.",2025-10-14 08:50:28,2025-10-14 08:50:30,107
12928,Xbox(Xseries),Positive,For the “next couple of games?. – Wow... all creative scope games for the forseeable future on Xbox. Got it.,2025-10-14 08:50:28,2025-10-14 08:50:30,108
12928,Xbox(Xseries),Positive,For the over “ two next couple of years ”?.. only Wow... all smaller game creative scope games for the forseeable future live on Xbox. Got it.,2025-10-14 08:50:28,2025-10-14 08:50:30,142
12928,Xbox(Xseries),Positive,For the “next thousands of years”?.. Wow... smaller creative scope implications for the real future on Xbox. Got what.,2025-10-14 08:50:28,2025-10-14 08:50:30,118
12929,Xbox(Xseries),Positive,Well it was a struggle but I got my pre order!  Now we wait until November,2025-10-14 08:50:28,2025-10-14 08:50:30,76
12929,Xbox(Xseries),Positive,"Well, it was a fight, but I got my pre-order! Now we wait until November",2025-10-14 08:50:28,2025-10-14 08:50:30,72
12929,Xbox(Xseries),Positive,"Well it was a struggle, but I got my pre-order! Now we wait until November",2025-10-14 08:50:28,2025-10-14 08:50:30,74
12929,Xbox(Xseries),Positive,Well it was a struggle but I earned my pre order!  Now we wait until November,2025-10-14 08:50:28,2025-10-14 08:50:30,77
12929,Xbox(Xseries),Positive,15 Well... it was a struggle but I eventually got my pre order! Now we wait until November,2025-10-14 08:50:28,2025-10-14 08:50:30,90
12929,Xbox(Xseries),Positive,Well it was a struggle but I had my pre order! Now we are until November,2025-10-14 08:50:28,2025-10-14 08:50:30,72
12930,Xbox(Xseries),Irrelevant,Bad Fodder Figures. Episode 133 - Singles with Shingles. Podbean: bit.ly/BFFS_Ep133. Google: bit.ly/BFFS_Google. Amazon: bit.ly/BFFS_Amazon. MP3: bit.ly/BFFS_Ep133_MP3. @BadFodderFigure,2025-10-14 08:50:28,2025-10-14 08:50:30,187
12930,Xbox(Xseries),Irrelevant,Bad FodderFigure. Episode 133 - Singles with Shingles. Podbean: bit.ly / BFFS _ Ep133. Google: bit.ly / BFFS _ Google. Amazon: bit.ly / BFFS _ Amazon. MP3: bit.ly / BFFS _ Ep133 _ MP3. @ BadFodderFigure,2025-10-14 08:50:28,2025-10-14 08:50:30,202
12930,Xbox(Xseries),Irrelevant,Bad Fodder Figures. 133 - Singles with Shingles. Podbean: bit.ly / BFFS _ Ep133. Google: bit.ly / BFFS _ Google. Amazon: bit.ly / BFFS _ Amazon. MP3: bit.ly / BFFS _ Ep133 _ MP3. @ BadFoxFigure,2025-10-14 08:50:28,2025-10-14 08:50:30,193
12930,Xbox(Xseries),Irrelevant,Bad ger Inc. Chapter 133 - Live with Amazon. Podbean: bit.ly/BFFS_Ep133. Google: bit.ly/BFFS_Google. Amazon: bite.ly/BFFS_Amazon. MP3: detail.ly/BFFS_Ep133_MP3. @BadFodderFigure,2025-10-14 08:50:28,2025-10-14 08:50:30,177
12930,Xbox(Xseries),Irrelevant,14 Bad Fodder Figures. Episode 133 - Singles Up with The Shingles. Podbean : add bit. ly / BFFS _ Ep133. x Google : bit.... ly / BFFS _ Google. com Amazon : bit. ly / ex BFFS _ Amazon. Max MP3 : bit. ly / BFFS _ Google Ep133 _ MP3. @BadFodderFigure,2025-10-14 08:50:28,2025-10-14 08:50:30,248
12930,Xbox(Xseries),Irrelevant,Bad Fodder I. Episode 133 - Angels and Shingles. Audio: download.ly/BFFS_Ep133. Google: by.ly/BFFS_Google. Amazon: at.ly/BFFS_Amazon. Video: p.ly/BFFS_Ep133_MP3. Play,2025-10-14 08:50:28,2025-10-14 08:50:30,166
12931,Xbox(Xseries),Irrelevant,Always gotta be in it to win it great giveaway !,2025-10-14 08:50:28,2025-10-14 08:50:30,50
12931,Xbox(Xseries),Irrelevant,You always have to be there to win it!,2025-10-14 08:50:28,2025-10-14 08:50:30,38
12931,Xbox(Xseries),Irrelevant,Always ghblbe in it to win it great giveaway!,2025-10-14 08:50:28,2025-10-14 08:50:30,45
12931,Xbox(Xseries),Irrelevant,Always gotta be in it to win it the giveaway!,2025-10-14 08:50:28,2025-10-14 08:50:30,45
12931,Xbox(Xseries),Irrelevant,Always somebody gotta be successful in it to win it great giveaway!,2025-10-14 08:50:28,2025-10-14 08:50:30,67
12931,Xbox(Xseries),Irrelevant,Always keep be in it to win it great giveaway!,2025-10-14 08:50:28,2025-10-14 08:50:30,46
12932,Xbox(Xseries),Positive,New Xbox home UI update in preview. I’m running on my,2025-10-14 08:50:28,2025-10-14 08:50:30,55
12932,Xbox(Xseries),Positive,New Xbox Home UI update in preview.,2025-10-14 08:50:28,2025-10-14 08:50:30,35
12932,Xbox(Xseries),Positive,New Xbox home UI update in preview. I'm running on my,2025-10-14 08:50:28,2025-10-14 08:50:30,53
12932,Xbox(Xseries),Positive,New Xbox Insider UI update in preview. I’m running on my,2025-10-14 08:50:28,2025-10-14 08:50:30,56
12932,Xbox(Xseries),Positive,New Xbox home for UI status update in preview. I ’ ′ m running on my,2025-10-14 08:50:28,2025-10-14 08:50:30,68
12932,Xbox(Xseries),Positive,New Xbox 360 UI looks in preview. I’m running on my,2025-10-14 08:50:28,2025-10-14 08:50:30,51
12933,Xbox(Xseries),Negative,Now we know the GitHub leaks were true! Xbox Series X has bad yields and developers are having issues getting to to perform properly. List of wasted Tflops missing. Ray Tracing DLC patches in a year or two. This is not a good look. .  @PostUp_bbb @nxtgen8k @MM2K pic.twitter.com/HQ3JGf58he,2025-10-14 08:50:28,2025-10-14 08:50:30,289
12933,Xbox(Xseries),Negative,Now we know that the GitHub leaks were true! Xbox Series X has poor yields and developers are having trouble working properly. List of wasted tflops missing. Ray tracing DLC patches in a year or two. That's not a good look... @ PostUp _ bbb @ nxtgen8k @ MM2K pic.twitter.com / HQ3JGf58he,2025-10-14 08:50:28,2025-10-14 08:50:30,287
12933,Xbox(Xseries),Negative,"Now we know there were bugs! Xbox Series X has bad cores, and developers are having trouble working properly. There is no list of lost Tflops. Ray Tracing DLC patches in a year or two. It's not a good look. @ PostUp _ bbb @ nxtgen8k @ M2K pic.wikipedia.com / HQ3JGf58he",2025-10-14 08:50:28,2025-10-14 08:50:30,269
12933,Xbox(Xseries),Negative,Now we know the GitHub leaks were true! Xbox Series X has bad yields and developers are having issues getting to to perform properly. List of wasted Tflops missing. Ray Tracing DLC patches in a year or two. This is not a good look. .  RhandlerR RhandlerR RhandlerR pic.twitter.com/HQ3JGf58he,2025-10-14 08:50:28,2025-10-14 08:50:30,291
12933,Xbox(Xseries),Negative,PC Now we know the GitHub leaks were true! Xbox Series X has bad yields and developers are having issues getting to to perform properly. List of wasted Tflops missing. Ray Tracing DLC patches in a year or two. This is not a good look. .  RhandlerR RhandlerR RhandlerR pic.twitter.com/HQ3JGf58he,2025-10-14 08:50:28,2025-10-14 08:50:30,294
12933,Xbox(Xseries),Negative,that,2025-10-14 08:50:28,2025-10-14 08:50:30,4
12934,Xbox(Xseries),Neutral,Xbox Series X WINS Again! | Xbox Series X FINAL Specs Confirmed | Xbox News youtu.be/JVmy5B08GhE Wtf no it dosent @Sony @cerny @PlayStation,2025-10-14 08:50:28,2025-10-14 08:50:30,139
12934,Xbox(Xseries),Neutral,Xbox Series X Wins Again! | Xbox Series X FINAL Specs Confirmed | Xbox News youtu.be / JVmy5B08GhE Wtf no it dosent @ Sony @ cerny @ PlayStation,2025-10-14 08:50:28,2025-10-14 08:50:30,144
12934,Xbox(Xseries),Neutral,"Xbox Series X wins again! \"Xbox Series X Final Specs Confirmed\" Xbox News youtu.be / JVmy5B08GhE Wtf no it donated @ Sony @ cerny @ PlayStation",2025-10-14 08:50:28,2025-10-14 08:50:30,143
12934,Xbox(Xseries),Neutral,Xbox Series X WINS Again! | Xbox Studio 0 FINAL Specs Confirmed by Xbox News youtu.be/JVmy5B08GhE Wtf how it dosent @Sony @cerny @PlayStation,2025-10-14 08:50:28,2025-10-14 08:50:30,141
12934,Xbox(Xseries),Neutral,Xbox Edition Series Super X WINS Up Again! | and Xbox Series Series X FINAL Specs Confirmed | the Xbox News youtu. be / JVmy5B08GhE x Wtf s no it dosent d @Sony r @cerny @PlayStation,2025-10-14 08:50:28,2025-10-14 08:50:30,182
12934,Xbox(Xseries),Neutral,<unk> 360 X WINS Again! | Division Series Q FINAL Specs Confirmed | PlayStation News youtu.be/JVmy5B08GhE Wtf no it will me if @Sony,2025-10-14 08:50:28,2025-10-14 08:50:30,132
12935,Xbox(Xseries),Negative,same shit for another yeat is it,2025-10-14 08:50:28,2025-10-14 08:50:30,32
12935,Xbox(Xseries),Negative,The same shit for another yeat it is,2025-10-14 08:50:28,2025-10-14 08:50:30,36
12935,Xbox(Xseries),Negative,It's shit for another.,2025-10-14 08:50:28,2025-10-14 08:50:30,22
12935,Xbox(Xseries),Negative,same shit takes another yeat is it,2025-10-14 08:50:28,2025-10-14 08:50:30,34
12935,Xbox(Xseries),Negative,same shit was for another yeat is it,2025-10-14 08:50:28,2025-10-14 08:50:30,36
12935,Xbox(Xseries),Negative,same shit for another yeat is shit,2025-10-14 08:50:28,2025-10-14 08:50:30,34
12936,Xbox(Xseries),Positive,Congrats bro!! I still have 3 hours and 43 minutes before i can get mine! Fingers crossed!,2025-10-14 08:50:28,2025-10-14 08:50:30,90
12936,Xbox(Xseries),Positive,Congratulations bro!! I still have 3 hours and 43 minutes before I can get mine! fingers crossed!,2025-10-14 08:50:28,2025-10-14 08:50:30,97
12936,Xbox(Xseries),Positive,Congrats bro!! I still have 3 hours and 43 minutes before i can get mine! Fingers crossed!,2025-10-14 08:50:28,2025-10-14 08:50:30,90
12936,Xbox(Xseries),Positive,Congrats bro!! I still have 3 hours and 43 minutes till i can get there! Fingers crossed!,2025-10-14 08:50:28,2025-10-14 08:50:30,89
12936,Xbox(Xseries),Positive,Congrats bro!! I know still will have 3 ½ hours and 43 minutes before e i can get into mine! Fingers crossed!,2025-10-14 08:50:28,2025-10-14 08:50:30,109
12936,Xbox(Xseries),Positive,<unk> bro!! I still have 3 hours and 43 lines before i can get here! Fingers crossed!,2025-10-14 08:50:28,2025-10-14 08:50:30,85
12938,Xbox(Xseries),Negative,Microsoft could of done a better job of demonstrating gameplay of the  . . Excited to see July event that features 1st party titles as well as,2025-10-14 08:50:28,2025-10-14 08:50:30,144
12938,Xbox(Xseries),Negative,"Microsoft could, of course, do a better job demonstrating the gameplay of the July event.",2025-10-14 08:50:28,2025-10-14 08:50:30,89
12938,Xbox(Xseries),Negative,"Microsoft, of course, could do a better job of demonstrating the gameplay... excited to see July's event, which includes the titles of the 1st game, as well as",2025-10-14 08:50:28,2025-10-14 08:50:30,159
12938,Xbox(Xseries),Negative,Microsoft could of done an better job of demonstrating gameplay of the .. Excited to see Update 7 that features 1st party titles as well as,2025-10-14 08:50:28,2025-10-14 08:50:30,139
12938,Xbox(Xseries),Negative,Now Microsoft could of had done a better job of demonstrating gameplay of more the.. Excited to see July 2018 event that features 1st party titles as well both as,2025-10-14 08:50:28,2025-10-14 08:50:30,162
12938,Xbox(Xseries),Negative,Microsoft could of done a good job of improving gameplay of these.. Excited to see July event that features 1st party titles as well the,2025-10-14 08:50:28,2025-10-14 08:50:30,136
12939,Xbox(Xseries),Irrelevant,"No matter the year, call it what you want, but I'm such a sucker for @NBA2K hype vids that showcase true NBA   authenticity & capture especially when it's offered in 4K. . . Now it's the other hyper ad pre-modes that I never fall prey to.. .  . https://t.co/hcP2hD48fC",2025-10-14 08:50:28,2025-10-14 08:50:30,268
12939,Xbox(Xseries),Irrelevant,"No matter what year, call it what you want, but I'm such a sucker for @ NBA2K hype vids that show real NBA authenticity and capture, especially when it's offered in 4K... Now it's the other hyper-ad pre-modes I never fall prey to..... https: / / t.co / hcP2hD48fC",2025-10-14 08:50:28,2025-10-14 08:50:30,263
12939,Xbox(Xseries),Irrelevant,"Regardless of the year, call it what you want, but I'm such a fan of the @ N2K hashtag, which demonstrates the true authenticity and capture of the NBA, especially when offered in 4K... Now it's other hyper-advertising modes I never get to see.",2025-10-14 08:50:28,2025-10-14 08:50:30,244
12939,Xbox(Xseries),Irrelevant,"No matter the year, call Nike what you want, but I'm such a sucker for @NBA2K hype vids that showcase the NBA   authenticity & capture especially when s offered in 4K.. \" Now it's about other hyper gaming pre-modes that I never fall prey to... . https://t.co/hcP2hD48fC]",2025-10-14 08:50:28,2025-10-14 08:50:30,270
12939,Xbox(Xseries),Irrelevant,"No matter to the year, call it what else you want, but still I'm such a total sucker for @NBA2K hype vids that somehow showcase true and NBA live authenticity & capture especially when it's offered in NBA 4K... Now it's the same other few hyper ad pre - modes that I never fall prey to.... https://t.co/hcP2hD48fC ]",2025-10-14 08:50:28,2025-10-14 08:50:30,315
12939,Xbox(Xseries),Irrelevant,"No for the year, call it what you want, Personally I'm such a sucker for @NBA2K hype vids that showcase true NBA play & capture especially when HD's offered in HD... Now it's just other league ad pre-modes that I never took prey from.... https://t.co/hcP2hD48fC]",2025-10-14 08:50:28,2025-10-14 08:50:30,262
12940,Xbox(Xseries),Positive,I've concluded that the £449 price tag for the XBOX Series X is well worth it giving all the reviews and impressions I've seen and read. This is an amazing piece of hardware guys. Microsoft have absolutely outdone themselves on this one. I'm so excited!,2025-10-14 08:50:28,2025-10-14 08:50:30,253
12940,Xbox(Xseries),Positive,I've come to the conclusion that the price tag of £449 for the XBOX Series X is worth giving all the reviews and impressions I've seen and read. This is an amazing piece of hardware. Microsoft has absolutely outperformed itself in this regard. I'm so excited!,2025-10-14 08:50:28,2025-10-14 08:50:30,259
12940,Xbox(Xseries),Positive,I have come to the conclusion that the £449 price tag for the XBOX Series X is worth giving all the feedback and impressions I have seen and read.,2025-10-14 08:50:28,2025-10-14 08:50:30,146
12940,Xbox(Xseries),Positive,I've concluded that the £449 price tag for the XBOX ONE One is well worth it giving all the reviews and impressions I've seen and read. This is an amazing piece of hardware guys. Microsoft have absolutely outdone anything on Xbox one. I'm so excited!,2025-10-14 08:50:28,2025-10-14 08:50:30,250
12940,Xbox(Xseries),Positive,I've concluded that the approximately £449 each price tag tag for the new XBOX Series X is well worth it giving all the amazing reviews and impressions I've seen and read. This is an amazing piece of PC hardware guys. And Microsoft have absolutely already outdone themselves based on this one. I'm so incredibly excited!,2025-10-14 08:50:28,2025-10-14 08:50:30,320
12940,Xbox(Xseries),Positive,I've noticed that a £449 price tag as the XBOX Series X is well on it giving all other reviews and stories the've seen and read. This is an awesome piece of hardware guys. Microsoft have absolutely outdone themselves on this Xbox. I'm so excited!,2025-10-14 08:50:28,2025-10-14 08:50:30,246
12941,Xbox(Xseries),Positive,PS5 launching even a penny higher than the Xbox Series X is ... incredulous.,2025-10-14 08:50:28,2025-10-14 08:50:30,76
12941,Xbox(Xseries),Positive,The launch of the PS5 even a penny higher than the Xbox Series X is... incredulous.,2025-10-14 08:50:28,2025-10-14 08:50:30,83
12941,Xbox(Xseries),Positive,Running the PS5 even a penny higher than the Xbox Series X is... distrust.,2025-10-14 08:50:28,2025-10-14 08:50:30,74
12941,Xbox(Xseries),Positive,PS5 launching even a penny higher than its Xbox Series X is... incredulous.,2025-10-14 08:50:28,2025-10-14 08:50:30,75
12941,Xbox(Xseries),Positive,PS5 2 launching cost even a penny higher than the Microsoft Xbox Series Game X is... incredulous.,2025-10-14 08:50:28,2025-10-14 08:50:30,97
12941,Xbox(Xseries),Positive,PS5 launching even a penny later than the Xbox Series X is... exciting.,2025-10-14 08:50:28,2025-10-14 08:50:30,71
12942,Xbox(Xseries),Positive,"Expect the PS5 price in days. They were waiting for MS to go first, classic Sony.. . $35/ 25 a month for games pass ultimate and a Series X/ S is a hell of a deal, though and super smart in the current financial climate.",2025-10-14 08:50:28,2025-10-14 08:50:30,220
12942,Xbox(Xseries),Positive,"Expect the PS5 price in a few days. They were waiting for MS to come first, classic Sony... $35 / 25 a month for games that are ultimate and a Series X / S is a damn good deal, though and super smart in the current financial climate.",2025-10-14 08:50:28,2025-10-14 08:50:30,233
12942,Xbox(Xseries),Positive,"Expect the price of the PS5 in days. They expected MS to go first, classic Sony... $35 / 25 a month for games end up and the X / S Series is a hell of a deal, albeit super smart in the current financial climate.",2025-10-14 08:50:28,2025-10-14 08:50:30,211
12942,Xbox(Xseries),Positive,"Expect the PS5 price in days. They were waiting for MS to go first, classic guys. $35/ 25 a month for games pass systems and a Xbox XL/ 360 is a hell of a deal, though and super smart in the current financial climate.",2025-10-14 08:50:28,2025-10-14 08:50:30,217
12942,Xbox(Xseries),Positive,"Expect all the PS5 at price in days. 4 They probably were just waiting for MS to go first, classic Sony... $ 35 / 25 a month for PC games pass ultimate and a PC Series X / S is a hell of a deal, old though fun and super speed smart in the current financial climate.",2025-10-14 08:50:28,2025-10-14 08:50:30,265
12942,Xbox(Xseries),Positive,"Expect the full price in days. They were waiting for Microsoft to provide first, classic Sony... $10/ 25 a month for my pass ultimate and a Series X/ S is a pinnacle of epic deal, outrageous and super smart in the current financial climate.",2025-10-14 08:50:28,2025-10-14 08:50:30,240
12943,Xbox(Xseries),Irrelevant,EA Play coming to,2025-10-14 08:50:28,2025-10-14 08:50:30,19
12943,Xbox(Xseries),Irrelevant,EA Play comes to an end,2025-10-14 08:50:28,2025-10-14 08:50:30,23
12943,Xbox(Xseries),Irrelevant,EA Play comes to an end,2025-10-14 08:50:28,2025-10-14 08:50:30,23
12943,Xbox(Xseries),Irrelevant,EA Play back to,2025-10-14 08:50:28,2025-10-14 08:50:30,15
12943,Xbox(Xseries),Irrelevant,EA Play coming closer to,2025-10-14 08:50:28,2025-10-14 08:50:30,24
12943,Xbox(Xseries),Irrelevant,EA Play plan to,2025-10-14 08:50:28,2025-10-14 08:50:30,15
12944,Xbox(Xseries),Positive,LET'S FUCKING GO!,2025-10-14 08:50:28,2025-10-14 08:50:30,17
12944,Xbox(Xseries),Positive,Let's FICKING GO!,2025-10-14 08:50:28,2025-10-14 08:50:30,17
12944,Xbox(Xseries),Positive,LET'S FUCKING GO!,2025-10-14 08:50:28,2025-10-14 08:50:30,17
12944,Xbox(Xseries),Positive,LET'S FUCKING FUN!,2025-10-14 08:50:28,2025-10-14 08:50:30,18
12944,Xbox(Xseries),Positive,LET'S A FUCKING TO GO!,2025-10-14 08:50:28,2025-10-14 08:50:30,22
12944,Xbox(Xseries),Positive,LET'S THE GO!,2025-10-14 08:50:28,2025-10-14 08:50:30,13
12945,Xbox(Xseries),Neutral,PS5 and Xbox Series X price delay: More BAD NEWS for next-gen pre-order customers trendycow.net/entertainment/…,2025-10-14 08:50:28,2025-10-14 08:50:30,111
12945,Xbox(Xseries),Neutral,Price Delay for PS5 and Xbox Series X: More bad news for next generation customers who want to pre-order trendycow.net / entertainment /...,2025-10-14 08:50:28,2025-10-14 08:50:30,139
12945,Xbox(Xseries),Neutral,Price delay for PS5 and Xbox Series X: more BAD NEWS for next-generation pre-orders trendycodenet / entertainment /...,2025-10-14 08:50:28,2025-10-14 08:50:30,118
12945,Xbox(Xseries),Neutral,PS5 and later Series X price delay: More BAD possible for fifth-gen pre-order customers trendycow.net/entertainment/…,2025-10-14 08:50:28,2025-10-14 08:50:30,117
12945,Xbox(Xseries),Neutral,PS5 and Xbox 360 Series Europe X price delay : More BAD NEWS for next - tier gen of pre - order home customers on trendycow. net / entertainment / …,2025-10-14 08:50:28,2025-10-14 08:50:30,148
12945,Xbox(Xseries),Neutral,PS5 360 Super Series X price announcement: More gaming NEWS for next-gen pre-order customers around.net/entertainment/...,2025-10-14 08:50:28,2025-10-14 08:50:30,121
12946,Xbox(Xseries),Irrelevant,nan,2025-10-14 08:50:28,2025-10-14 08:50:30,3
12946,Xbox(Xseries),Irrelevant,It is not the first time that the EU Commission has taken such a step.,2025-10-14 08:50:28,2025-10-14 08:50:30,70
12946,Xbox(Xseries),Irrelevant,"At the same time, despite the fact that there are currently some 100 million people living below the poverty line, most of them do not have access to health services and do not have access to health care, while most of them do not have access to health care.",2025-10-14 08:50:28,2025-10-14 08:50:30,258
12946,Xbox(Xseries),Irrelevant,nan,2025-10-14 08:50:28,2025-10-14 08:50:30,3
12946,Xbox(Xseries),Irrelevant,nan,2025-10-14 08:50:28,2025-10-14 08:50:30,3
12946,Xbox(Xseries),Irrelevant,nan,2025-10-14 08:50:28,2025-10-14 08:50:30,3
12947,Xbox(Xseries),Neutral,Nvidia’s RTX 3080 is more exciting than PlayStation 5 or Xbox Series X venturebeat.com/2020/09/01/nvi… via @VentureBeat,2025-10-14 08:50:28,2025-10-14 08:50:30,119
12947,Xbox(Xseries),Neutral,Nvidia's RTX 3080 is more exciting than PlayStation 5 or Xbox Series X venturebeat.com / 2020 / 09 / 01 / nvi... via @ VentureBeat,2025-10-14 08:50:28,2025-10-14 08:50:30,130
12947,Xbox(Xseries),Neutral,The Nvidia X 3080 is more interesting than the PlayStation 5 or Xbox Series X venturebeat.com / 2020 / 09 / 01 / nbsp... via @ VentureBeat,2025-10-14 08:50:28,2025-10-14 08:50:30,138
12947,Xbox(Xseries),Neutral,Nvidia’s RX 3080 is as exciting than iPhone 5 or Xbox Series X venturebeat.com/2020/09/01/nvi… via @VentureBeat,2025-10-14 08:50:28,2025-10-14 08:50:30,111
12947,Xbox(Xseries),Neutral,But Nvidia ’ s RTX 3080 PC is arguably more exciting than their PlayStation 5 or later Xbox The Series X venturebeat. com / 2020 / 09 / 2016 01 / nvi … via @VentureBeat,2025-10-14 08:50:28,2025-10-14 08:50:30,168
12947,Xbox(Xseries),Neutral,a Nokia 3080 be more exciting then PlayStation 5 or Xbox Series X if.com/2020/09/01/nvi... Buy @VentureBeat,2025-10-14 08:50:28,2025-10-14 08:50:30,107
12948,Xbox(Xseries),Neutral,What's all this excitement around a 4tf Xbox Series S? I thought 12TF was the only thing that mattered? 🤔,2025-10-14 08:50:28,2025-10-14 08:50:30,105
12948,Xbox(Xseries),Neutral,What's all the fuss about a 4tf Xbox Series S? I thought 12TF was the only thing that mattered?,2025-10-14 08:50:28,2025-10-14 08:50:30,95
12948,Xbox(Xseries),Neutral,What is the hype surrounding the 4tf Xbox Series S?,2025-10-14 08:50:28,2025-10-14 08:50:30,51
12948,Xbox(Xseries),Neutral,What's all tha excitement around a 4tf Xbox Series S? I thought 12TF was the only thing dat mattered? 🤔,2025-10-14 08:50:28,2025-10-14 08:50:30,103
12948,Xbox(Xseries),Neutral,What's all this this excitement doing around a 4tf Xbox Series 5 S? Where I thought 12TF IT was the only thing that mattered? [UNK],2025-10-14 08:50:28,2025-10-14 08:50:30,131
12948,Xbox(Xseries),Neutral,how's all this got around a 4tf Xbox Series S? Just thought 12TF was the only thing else mattered? <unk>,2025-10-14 08:50:28,2025-10-14 08:50:30,104
12949,Xbox(Xseries),Irrelevant,"Microsoft Apparently Has 16 First-Party Xbox Studios, But That Doesn't Add Up purexbox.com/news/2020/03/m…",2025-10-14 08:50:28,2025-10-14 08:50:30,108
12949,Xbox(Xseries),Irrelevant,"Microsoft apparently has 16 Xbox studios, but that does not mean that purexbox.com / news / 2020 / 03 / m...",2025-10-14 08:50:28,2025-10-14 08:50:30,108
12949,Xbox(Xseries),Irrelevant,"Microsoft has the first 16 Xbox Studios, but that's not all.",2025-10-14 08:50:28,2025-10-14 08:50:30,60
12949,Xbox(Xseries),Irrelevant,"Microsoft Apparently Has 16<unk>-Party Touch Pros, But That Doesn't Add Up purexbox.com/news/2020/03/m…",2025-10-14 08:50:28,2025-10-14 08:50:30,103
12949,Xbox(Xseries),Irrelevant,"Microsoft Games Apparently Has 16 First - Party Players Xbox Original Studios, But Design That Doesn't Add Up on purexbox. it com / news / 2020 / 03 / m …",2025-10-14 08:50:28,2025-10-14 08:50:30,154
12949,Xbox(Xseries),Irrelevant,"Microsoft Apparently Have 16 First-Party Xbox Ladies, though Much Doesn't Add Up by.com/news/2020/03/m...",2025-10-14 08:50:28,2025-10-14 08:50:30,105
12950,Xbox(Xseries),Irrelevant,Sea of thieves five in HD >>>,2025-10-14 08:50:28,2025-10-14 08:50:30,29
12950,Xbox(Xseries),Irrelevant,Five thieves in HD > > >,2025-10-14 08:50:28,2025-10-14 08:50:30,24
12950,Xbox(Xseries),Irrelevant,The Sea of Five Stars in HD > > >,2025-10-14 08:50:28,2025-10-14 08:50:30,33
12950,Xbox(Xseries),Irrelevant,Sea of thieves five in HD capture,2025-10-14 08:50:28,2025-10-14 08:50:30,33
12950,Xbox(Xseries),Irrelevant,Sea of big thieves five in HD > > >,2025-10-14 08:50:28,2025-10-14 08:50:30,35
12950,Xbox(Xseries),Irrelevant,group of thieves five in HD >>>,2025-10-14 08:50:28,2025-10-14 08:50:30,31
12951,Xbox(Xseries),Positive,One section where Xbox always had the lead on. Kudos to them for pushing what they excel in.,2025-10-14 08:50:28,2025-10-14 08:50:30,92
12951,Xbox(Xseries),Positive,A section in which the Xbox has always been ahead. Kudos to them for having implemented what they excel at.,2025-10-14 08:50:28,2025-10-14 08:50:30,107
12951,Xbox(Xseries),Positive,One area where Xbox has always been a leader is Kudos to them for promoting what they do best.,2025-10-14 08:50:28,2025-10-14 08:50:30,94
12951,Xbox(Xseries),Positive,One section where Xbox always had the lead feature. Kudos in them for pushing what they excel in.,2025-10-14 08:50:28,2025-10-14 08:50:30,97
12951,Xbox(Xseries),Positive,One section where Xbox always had the lead on. Getting Kudos to thank them for doing pushing what they do excel in.,2025-10-14 08:50:28,2025-10-14 08:50:30,115
12951,Xbox(Xseries),Positive,One section where Xbox always had the lead on. Kudos to them already providing what competitors excel in.,2025-10-14 08:50:28,2025-10-14 08:50:30,105
12952,Xbox(Xseries),Irrelevant,@thesavepoint are killing it with this all new fantastic episode! Don't forget to subscribe too!,2025-10-14 08:50:28,2025-10-14 08:50:30,98
12952,Xbox(Xseries),Irrelevant,@ thesavepoint kill it with this brand new fantastic episode! Don't forget to sign up too!,2025-10-14 08:50:28,2025-10-14 08:50:30,90
12952,Xbox(Xseries),Irrelevant,@ thesavepoint killing it with this fantastic new episode! Don't forget to sign up too!,2025-10-14 08:50:28,2025-10-14 08:50:30,87
12952,Xbox(Xseries),Irrelevant,@thesavepoint are killing it after this all new monthly episode! Don't forget to subscribe too!,2025-10-14 08:50:28,2025-10-14 08:50:30,95
12952,Xbox(Xseries),Irrelevant,@thesavepoint are killing it with... this all new new fantastic girl episode! Don'l t forget to subscribe too!,2025-10-14 08:50:28,2025-10-14 08:50:30,110
12952,Xbox(Xseries),Irrelevant,@thesavepoint truly killing it with this fantastic new fantastic episode! Oh't forget to subscribe too!,2025-10-14 08:50:28,2025-10-14 08:50:30,103
12953,Xbox(Xseries),Positive,"This is a really cool feature. Doesn't come close to selling the console for me, but Xbox def earned a W.",2025-10-14 08:50:28,2025-10-14 08:50:30,105
12953,Xbox(Xseries),Positive,"This is a really cool feature. Doesn't come close to selling the console for me, but Xbox def deserves a W.",2025-10-14 08:50:28,2025-10-14 08:50:30,107
12953,Xbox(Xseries),Positive,"It's a really cool feature. Not close to selling a console for me, but Xbox def earned W.",2025-10-14 08:50:28,2025-10-14 08:50:30,89
12953,Xbox(Xseries),Positive,"This is a really little feature. Doesn't come close to selling the console for me, but Xbox def<unk> a W.",2025-10-14 08:50:28,2025-10-14 08:50:30,105
12953,Xbox(Xseries),Positive,"This is a really cool feature. Doesn't come close enough to selling the console for the me, but Xbox 360 def earned him a big W.",2025-10-14 08:50:28,2025-10-14 08:50:30,128
12953,Xbox(Xseries),Positive,"This is some really cool feature. Doesn't go close to breaking the console for me, but Xbox def earned another W.",2025-10-14 08:50:28,2025-10-14 08:50:30,113
12954,Xbox(Xseries),Negative,@Parada45  looks dirty,2025-10-14 08:50:28,2025-10-14 08:50:30,22
12954,Xbox(Xseries),Negative,@ Parada45 looks dirty,2025-10-14 08:50:28,2025-10-14 08:50:30,22
12954,Xbox(Xseries),Negative,@ fonda45 looks dirty,2025-10-14 08:50:28,2025-10-14 08:50:30,21
12954,Xbox(Xseries),Negative,@Parada45 <unk> dirty,2025-10-14 08:50:28,2025-10-14 08:50:30,21
12954,Xbox(Xseries),Negative,@Parada45 looks super dirty,2025-10-14 08:50:28,2025-10-14 08:50:30,27
12954,Xbox(Xseries),Negative,This looks dirty,2025-10-14 08:50:28,2025-10-14 08:50:30,16
12955,Xbox(Xseries),Neutral,@wwzthegame my mad man achievement has stopped working at 86% and also horde mode zombies still not showing up when a pc is host I’m on Xbox x,2025-10-14 08:50:28,2025-10-14 08:50:30,142
12955,Xbox(Xseries),Neutral,@ wwzthegame my crazy man performance has stopped working at 86% and even horde mode zombies still do not appear when a PC host I am on Xbox x,2025-10-14 08:50:28,2025-10-14 08:50:30,142
12955,Xbox(Xseries),Neutral,@ wwzthegame my mad man achievement has stopped working at 86% and also orde mode zombies still not showing up when a pc is host I'm on Xbox x,2025-10-14 08:50:28,2025-10-14 08:50:30,142
12955,Xbox(Xseries),Neutral,@wwzthegame my mad man achievement has stopped working at 86% and using horde mode zombies still start showing up if a pc is host I’m on Xbox x,2025-10-14 08:50:28,2025-10-14 08:50:30,143
12955,Xbox(Xseries),Neutral,This @wwzthegame my no mad man I achievement show has stopped working today at 86 % and also horde mode zombies still not showing up when a pc is host when I ’ m working on Xbox x,2025-10-14 08:50:28,2025-10-14 08:50:30,179
12955,Xbox(Xseries),Neutral,@wwzthegame my mad crazy husband has stopped working at 86% and also horde mode zombies still continue showing up when on pc is host while on Xbox x,2025-10-14 08:50:28,2025-10-14 08:50:30,148
12957,Xbox(Xseries),Irrelevant,The latest discountgadgets.co.uk Consumer Electronics Daily! paper.li/discountgadget… Thanks to @VandijConsult @z4mp1 @CarlosEduardoCD,2025-10-14 08:50:28,2025-10-14 08:50:30,136
12957,Xbox(Xseries),Irrelevant,The latest Discountgadgets.co.uk Consumer Electronics Daily! paper.li / discountgadget... Thanks to @ VandijConsult @ z4mp1 @ CarlosEduardoCD,2025-10-14 08:50:28,2025-10-14 08:50:30,141
12957,Xbox(Xseries),Irrelevant,The latest discountgadgets.co.uk Consumer Daily! paper.li / discountgadget... Thanks @ VandijConsumer @ z4mp1 @ CardardoCD,2025-10-14 08:50:28,2025-10-14 08:50:30,122
12957,Xbox(Xseries),Irrelevant,The FULL discountgadgets.co.uk Consumer Technology Daily! paper.li/discountgadget… Thanks to @VandijConsult @z4mp1 –,2025-10-14 08:50:28,2025-10-14 08:50:30,116
12957,Xbox(Xseries),Irrelevant,2016 The 5 latest discountgadgets. phone co. uk Consumer and Electronics Daily! via paper. li / discountgadget … A Thanks Much to @VandijConsult @z4mp1 @CarlosEduardoCD,2025-10-14 08:50:28,2025-10-14 08:50:30,168
12957,Xbox(Xseries),Irrelevant,The latest from.co.uk Consumer Shopping Daily! 1.li/discountgadget... Read Share A @VandijConsult @z4mp1,2025-10-14 08:50:28,2025-10-14 08:50:30,104
12958,Xbox(Xseries),Positive,@Colteastwood doing what he does best. Another amazing video. Can’t wait for series X|S launch,2025-10-14 08:50:28,2025-10-14 08:50:30,94
12958,Xbox(Xseries),Positive,@ Colteastwood does what he does best. Another amazing video. Can't wait for the start of series X | S,2025-10-14 08:50:28,2025-10-14 08:50:30,102
12958,Xbox(Xseries),Positive,@ Colteastwood is doing what he does best.,2025-10-14 08:50:28,2025-10-14 08:50:30,42
12958,Xbox(Xseries),Positive,@Colteastwood doing what Rosa does best. Another amazing video. Cannot wait for series X|S launch,2025-10-14 08:50:28,2025-10-14 08:50:30,97
12958,Xbox(Xseries),Positive,@Colteastwood will doing what he does best. Another amazing second video. Can s ’ t wait for series X | S TV launch,2025-10-14 08:50:28,2025-10-14 08:50:30,115
12958,Xbox(Xseries),Positive,Simon does what he does best. Another amazing video. Can’t stop for series X|S launch,2025-10-14 08:50:28,2025-10-14 08:50:30,85
12959,Xbox(Xseries),Negative,Watching @Xbox fuck up ANOTHER system launch ( . . Go be like @SEGA and get the fuck out of gaming hardware @Microsoft pic.twitter.com/6aOH1u6h60,2025-10-14 08:50:28,2025-10-14 08:50:30,145
12959,Xbox(Xseries),Negative,Watching @ Xbox screw up another system launch (... Be like @ SEGA and get the shit out of the gaming hardware @ Microsoft pic.twitter.com / 6aOH1u6h60,2025-10-14 08:50:28,2025-10-14 08:50:30,151
12959,Xbox(Xseries),Negative,Watching @ Xbox fuck up ANOTHER system launch (. Go be like @ SEGA and get the fuck out of gaming hardware @ Microsoft pic.fuck / 6aOH1u6h60,2025-10-14 08:50:28,2025-10-14 08:50:30,140
12959,Xbox(Xseries),Negative,Watching RhandlerR fuck up ANOTHER system launch ( . . Go be like RhandlerR and get the fuck out of gaming hardware RhandlerR pic.twitter.com/6aOH1u6h60,2025-10-14 08:50:28,2025-10-14 08:50:30,152
12959,Xbox(Xseries),Negative,The Watching RhandlerR fuck up ANOTHER system launch ( . . Go be like RhandlerR and get the fuck out of gaming hardware RhandlerR pic.twitter.com/6aOH1u6h60,2025-10-14 08:50:28,2025-10-14 08:50:30,156
12959,Xbox(Xseries),Negative,the,2025-10-14 08:50:28,2025-10-14 08:50:30,3
12960,Xbox(Xseries),Positive,Yes this is right up my alley. I watched 1 min then turned it off.   I can't wait to expierence this on my own.. in the dark.,2025-10-14 08:50:28,2025-10-14 08:50:30,127
12960,Xbox(Xseries),Positive,"Yes, this is exactly my alley. I watched it for 1 minute and then switched it off. I can't wait to experience this on my own... in the dark.",2025-10-14 08:50:28,2025-10-14 08:50:30,140
12960,Xbox(Xseries),Positive,"I watched 1 minute, then turned it off. I can't wait to do it on my own... in the dark.",2025-10-14 08:50:28,2025-10-14 08:50:30,87
12960,Xbox(Xseries),Positive,Yes this is right up my alley. I watched 1 min then turned it off.   I can't start to expierence this with my Roku in the dark.,2025-10-14 08:50:28,2025-10-14 08:50:30,127
12960,Xbox(Xseries),Positive,Yes to this is right lower up my old alley. I watched 1 min then turned it off. I really can'm t wait to expierence this on to my own own.. in the dark.,2025-10-14 08:50:28,2025-10-14 08:50:30,152
12960,Xbox(Xseries),Positive,Yes this is right up my alley. I watched 10 min therefore turned it off. I can't wait I expierence this on my face.. in the future.,2025-10-14 08:50:28,2025-10-14 08:50:30,131
12961,Xbox(Xseries),Positive,"Xbox Series X seems like a must have for console gamers, what Microsoft did with this system is amazing.",2025-10-14 08:50:28,2025-10-14 08:50:30,104
12961,Xbox(Xseries),Positive,"Xbox Series X seems to be a must for console gamers, what Microsoft has done with this system is amazing.",2025-10-14 08:50:28,2025-10-14 08:50:30,105
12961,Xbox(Xseries),Positive,"The Xbox Series X seems to be a must for console gamers, what Microsoft has done with this system is amazing.",2025-10-14 08:50:28,2025-10-14 08:50:30,109
12961,Xbox(Xseries),Positive,"Xbox Series X seems to a must have for console gamers, what Microsoft did with this system was amazing.",2025-10-14 08:50:28,2025-10-14 08:50:30,103
12961,Xbox(Xseries),Positive,"Xbox Series of X seems like a must have experience for multiple console gamers, what Microsoft did with this system truly is amazing.",2025-10-14 08:50:28,2025-10-14 08:50:30,133
12961,Xbox(Xseries),Positive,"Xbox Series certainly seems like a must have for hardcore gamers, what Microsoft gets with this system is amazing.",2025-10-14 08:50:28,2025-10-14 08:50:30,114
12962,Xbox(Xseries),Irrelevant,it's good.,2025-10-14 08:50:28,2025-10-14 08:50:30,12
12962,Xbox(Xseries),Irrelevant,It's good.,2025-10-14 08:50:28,2025-10-14 08:50:30,10
12962,Xbox(Xseries),Irrelevant,That's a good thing.,2025-10-14 08:50:28,2025-10-14 08:50:30,20
12962,Xbox(Xseries),Irrelevant,it's weird.,2025-10-14 08:50:28,2025-10-14 08:50:30,11
12962,Xbox(Xseries),Irrelevant,it'a s good.,2025-10-14 08:50:28,2025-10-14 08:50:30,12
12962,Xbox(Xseries),Irrelevant,<unk>'s good.,2025-10-14 08:50:28,2025-10-14 08:50:30,13
12963,Xbox(Xseries),Irrelevant,"Xbox series S is trash you gotta go all out if you getting it, same with PS5",2025-10-14 08:50:28,2025-10-14 08:50:30,76
12963,Xbox(Xseries),Irrelevant,"Xbox Series S is rubbish to throw out when you get it, so is the PS5",2025-10-14 08:50:28,2025-10-14 08:50:30,68
12963,Xbox(Xseries),Irrelevant,The Xbox Series S is the same as the PS5.,2025-10-14 08:50:28,2025-10-14 08:50:30,41
12963,Xbox(Xseries),Irrelevant,"Xbox series S is trash you gotta go all out if you getting it, go with PS5",2025-10-14 08:50:28,2025-10-14 08:50:30,74
12963,Xbox(Xseries),Irrelevant,"Xbox series S is trash you gotta go the all out and if you getting down it, same with PS5",2025-10-14 08:50:28,2025-10-14 08:50:30,89
12963,Xbox(Xseries),Irrelevant,"gaming series S is good you gotta go all out preventing you getting it, same with PS5",2025-10-14 08:50:28,2025-10-14 08:50:30,85
12964,Xbox(Xseries),Positive,This price is incredible .,2025-10-14 08:50:28,2025-10-14 08:50:30,27
12964,Xbox(Xseries),Positive,This award is unbelievable.,2025-10-14 08:50:28,2025-10-14 08:50:30,27
12964,Xbox(Xseries),Positive,The price is incredible.,2025-10-14 08:50:28,2025-10-14 08:50:30,24
12964,Xbox(Xseries),Positive,This guy is incredible.,2025-10-14 08:50:28,2025-10-14 08:50:30,23
12964,Xbox(Xseries),Positive,This price is simply incredible.,2025-10-14 08:50:28,2025-10-14 08:50:30,32
12964,Xbox(Xseries),Positive,This price absolutely incredible.,2025-10-14 08:50:28,2025-10-14 08:50:30,33
12965,Xbox(Xseries),Irrelevant,The most Powerful Fridge EVER!!.,2025-10-14 08:50:28,2025-10-14 08:50:30,34
12965,Xbox(Xseries),Irrelevant,The most powerful fridge ever!!.,2025-10-14 08:50:28,2025-10-14 08:50:30,32
12965,Xbox(Xseries),Irrelevant,The most powerful refrigerator!!.,2025-10-14 08:50:28,2025-10-14 08:50:30,33
12965,Xbox(Xseries),Irrelevant,The most Powerful man EVER!!.,2025-10-14 08:50:28,2025-10-14 08:50:30,29
12965,Xbox(Xseries),Irrelevant,The Last most Powerful Fridge... EVER!!.,2025-10-14 08:50:28,2025-10-14 08:50:30,40
12965,Xbox(Xseries),Irrelevant,The most Serious Fridge EVER!!.,2025-10-14 08:50:28,2025-10-14 08:50:30,31
12966,Xbox(Xseries),Neutral,The,2025-10-14 08:50:28,2025-10-14 08:50:30,5
12966,Xbox(Xseries),Neutral,nan,2025-10-14 08:50:28,2025-10-14 08:50:30,3
12966,Xbox(Xseries),Neutral,"Italy, Italy, Italy, Italy, Italy, Italy, Italy, Italy, Italy, Italy, Italy, Italy, Italy, Italy, Italy, Italy, Italy, Italy, Italy, Italy, Italy, Italy, Italy, Italy, Italy, Italy, Italy, Italy, Italy, Italy, Italy, Italy, Italy, Italy, Italy, Italy, Italy, Italy, Italy, Italy, Italy, Italy, Italy, Italy, Italy, Italy, Italy, Italy, Italy, Italy, Italy, Italy, Italy, Italy, Italy, Italy, Italy, Italy, Italy, Italy, Italy, Italy, Italy, Italy, Italy, Italy, Italy, Italy, Italy, Italy, Italy, Italy, Italy, Italy, Italy, Italy, Italy, Italy, Italy, Italy, Italy, Italy, Italy, Italy, Italy, Italy, Italy, Italy, Italy, Italy, Italy, Italy, Italy, Italy, Italy, Italy, Italy, Italy, Italy,",2025-10-14 08:50:28,2025-10-14 08:50:30,692
12966,Xbox(Xseries),Neutral,The,2025-10-14 08:50:28,2025-10-14 08:50:30,3
12966,Xbox(Xseries),Neutral,13 The,2025-10-14 08:50:28,2025-10-14 08:50:30,6
12966,Xbox(Xseries),Neutral,a,2025-10-14 08:50:28,2025-10-14 08:50:30,1
12967,Xbox(Xseries),Irrelevant,nan,2025-10-14 08:50:28,2025-10-14 08:50:30,3
12967,Xbox(Xseries),Irrelevant,It is not the first time that the EU Commission has taken such a step.,2025-10-14 08:50:28,2025-10-14 08:50:30,70
12967,Xbox(Xseries),Irrelevant,"At the same time, despite the fact that there are currently some 100 million people living below the poverty line, most of them do not have access to health services and do not have access to health care, while most of them do not have access to health care.",2025-10-14 08:50:28,2025-10-14 08:50:30,258
12967,Xbox(Xseries),Irrelevant,nan,2025-10-14 08:50:28,2025-10-14 08:50:30,3
12967,Xbox(Xseries),Irrelevant,nan,2025-10-14 08:50:28,2025-10-14 08:50:30,3
12967,Xbox(Xseries),Irrelevant,nan,2025-10-14 08:50:28,2025-10-14 08:50:30,3
12968,Xbox(Xseries),Positive,Can’t wait for my girl to purchase my PS5.. and I get her the Xbox series X .,2025-10-14 08:50:28,2025-10-14 08:50:30,78
12968,Xbox(Xseries),Positive,I can't wait for my girl to buy my PS5.. and I order her Xbox Series X.,2025-10-14 08:50:28,2025-10-14 08:50:30,71
12968,Xbox(Xseries),Positive,Can't wait for my girl to purchase my PS5.. and I get her the Xbox series X.,2025-10-14 08:50:28,2025-10-14 08:50:30,76
12968,Xbox(Xseries),Positive,Can’t wait for my girl to purchase my PS5.. or I get her to Xbox series X.,2025-10-14 08:50:28,2025-10-14 08:50:30,74
12968,Xbox(Xseries),Positive,Can ’ t wait for my girl to purchase at my next PS5.. Gage and I get her the Xbox for series X.,2025-10-14 08:50:28,2025-10-14 08:50:30,95
12968,Xbox(Xseries),Positive,Can’t wait on my girl to finish my PS5.. and I owe her the Xbox series X.,2025-10-14 08:50:28,2025-10-14 08:50:30,73
12969,Xbox(Xseries),Positive,Good to see Microsoft is gonna release the Xbox Series X game console in Japan..,2025-10-14 08:50:28,2025-10-14 08:50:30,80
12969,Xbox(Xseries),Positive,Good to see that Microsoft will release the Xbox Series X gaming console in Japan.,2025-10-14 08:50:28,2025-10-14 08:50:30,82
12969,Xbox(Xseries),Positive,It's great to see that Microsoft is about to release the Xbox Series X games console in Japan.,2025-10-14 08:50:28,2025-10-14 08:50:30,94
12969,Xbox(Xseries),Positive,Good tho see Microsoft is gonna release the Xbox Series X game console in Japan..,2025-10-14 08:50:28,2025-10-14 08:50:30,81
12969,Xbox(Xseries),Positive,Good to see Microsoft Group is gonna release the Xbox Series X arcade game base console in Japan..,2025-10-14 08:50:28,2025-10-14 08:50:30,98
12969,Xbox(Xseries),Positive,Good to see Microsoft is gonna give first Xbox Series X game console in Japan..,2025-10-14 08:50:28,2025-10-14 08:50:30,79
12970,Xbox(Xseries),Positive,I like it.,2025-10-14 08:50:28,2025-10-14 08:50:30,10
12970,Xbox(Xseries),Positive,I like it.,2025-10-14 08:50:28,2025-10-14 08:50:30,10
12970,Xbox(Xseries),Positive,I like it.,2025-10-14 08:50:28,2025-10-14 08:50:30,10
12970,Xbox(Xseries),Positive,I need it.,2025-10-14 08:50:28,2025-10-14 08:50:30,10
12970,Xbox(Xseries),Positive,Now I like it.,2025-10-14 08:50:28,2025-10-14 08:50:30,14
12970,Xbox(Xseries),Positive,we like it.,2025-10-14 08:50:28,2025-10-14 08:50:30,11
12971,Xbox(Xseries),Positive,I’m in the running to win an Xbox Series X thanks to Billz from @Achievementland and ChinDocta from @RealGamerscore! gleam.io/pCFsN/the-real…,2025-10-14 08:50:28,2025-10-14 08:50:30,141
12971,Xbox(Xseries),Positive,I'm in the race for an Xbox Series X thanks to Billz from @ Achievementland and ChinDocta from @ RealGamerscore! gleam.io / pCFsN / the-real...,2025-10-14 08:50:28,2025-10-14 08:50:30,143
12971,Xbox(Xseries),Positive,I'm in the running to win the Xbox Series X thanks to the Bills from @ Festiventland and ChinDoa from @ RealGame score! gleam.io / pCFsN / the-real...,2025-10-14 08:50:28,2025-10-14 08:50:30,150
12971,Xbox(Xseries),Positive,I’m supposedly the first to win an Xbox Series X thanks to Billz of Nintendo and ChinDocta from @Achievementland! gleam.io/pCFsN/the-real…,2025-10-14 08:50:28,2025-10-14 08:50:30,138
12971,Xbox(Xseries),Positive,I ’ The m in the running not to win such an Xbox Series X thanks to Billz White from @Achievementland and Dave ChinDocta from @RealGamerscore! and gleam. io / pCFsN / the - game real club …,2025-10-14 08:50:28,2025-10-14 08:50:30,189
12971,Xbox(Xseries),Positive,I’m in the running to steal gold Xbox 360 X Due to hints from @Achievementland and ChinDocta by @RealGamerscore! gleam.io/pCFsN/the-real...,2025-10-14 08:50:28,2025-10-14 08:50:30,139
12972,Xbox(Xseries),Irrelevant,Low key kinda want this. It would be lit,2025-10-14 08:50:28,2025-10-14 08:50:30,42
12972,Xbox(Xseries),Irrelevant,Low keys want that. It would be lit.,2025-10-14 08:50:28,2025-10-14 08:50:30,36
12972,Xbox(Xseries),Irrelevant,The underkeys seem to want it.,2025-10-14 08:50:28,2025-10-14 08:50:30,30
12972,Xbox(Xseries),Irrelevant,Low key kinda want this. Dinner would be lit,2025-10-14 08:50:28,2025-10-14 08:50:30,44
12972,Xbox(Xseries),Irrelevant,Hey Low key kinda want this. I It would be lit,2025-10-14 08:50:28,2025-10-14 08:50:30,46
12972,Xbox(Xseries),Irrelevant,Low key kinda want this. You would be lit,2025-10-14 08:50:28,2025-10-14 08:50:30,41
12973,Xbox(Xseries),Positive,As one of the few actual next gen exclusives this looks really nice. Even if it’s not for me. . . 13 Minutes Of Exclusive 4K Xbox Series X Scorn Gameplay youtu.be/6grwdMemV1o via @YouTube,2025-10-14 08:50:28,2025-10-14 08:50:30,187
12973,Xbox(Xseries),Positive,"As one of the few current Next-Gen Exclusives, this looks really good, even if it's not for me... 13 Minutes Of Exclusive 4K Xbox Series X Scorn Gameplay youtu.be / 6grwdMemV1o via @ YouTube",2025-10-14 08:50:28,2025-10-14 08:50:30,190
12973,Xbox(Xseries),Positive,Even if it's not for me..... 13 Minutes Of Exclusive 4K Xbox Series X Scorn Gameplay youtu.be / 6grwdMemV1o via @ YouTube,2025-10-14 08:50:28,2025-10-14 08:50:30,121
12973,Xbox(Xseries),Positive,As one of the few actual next gen exclusives this looks really nice. Even if it’s not good PC. 2016. 13 Minutes Of The 4K Xbox Series X Scorn Gameplay ab.be/6grwdMemV1o via @YouTube,2025-10-14 08:50:28,2025-10-14 08:50:30,181
12973,Xbox(Xseries),Positive,As one of the few actual next major gen exclusives even this looks just really nice. 1 Even if it ’ s apparently not for me... Release 13 Live Minutes Of Exclusive Windows 4K Xbox Series X Albums Scorn With Gameplay youtu. be / 6grwdMemV1o via @YouTube,2025-10-14 08:50:28,2025-10-14 08:50:30,252
12973,Xbox(Xseries),Positive,For one of the few exclusive next gen exclusives this looks incredibly nice. Even considering it’s excluding even me... 12 Minutes Of Exclusive The Xbox Series X Scorn Gameplay youtu.be/6grwdMemV1o Red @YouTube,2025-10-14 08:50:28,2025-10-14 08:50:30,210
12974,Xbox(Xseries),Neutral,Xbox Series X’s cross-gen approach is robbing players of the next-gen thrill techtelegraph.co.uk/xbox-series-xs…,2025-10-14 08:50:28,2025-10-14 08:50:30,112
12974,Xbox(Xseries),Neutral,The cross-gene approach of Xbox Series X robs gamers of the thrill of the next generation techtelegraph.co.uk / xbox-series-xs...,2025-10-14 08:50:28,2025-10-14 08:50:30,129
12974,Xbox(Xseries),Neutral,Xbox's cross-gen approach to the Xbox Series X deprives next-generation players of the prosperity of techtelegraph.co.uk / xbox-series-xs...,2025-10-14 08:50:28,2025-10-14 08:50:30,140
12974,Xbox(Xseries),Neutral,Xbox Series flagship cross-gen approach is robbing players of those next-gen thrill boxing.co.uk/xbox-series-xs…,2025-10-14 08:50:28,2025-10-14 08:50:30,112
12974,Xbox(Xseries),Neutral,On Xbox Series X ’ s cross - gen approach is robbing players all of the next - logical gen thrill techtelegraph. x co. m uk / via xbox - the series - xs …,2025-10-14 08:50:28,2025-10-14 08:50:30,154
12974,Xbox(Xseries),Neutral,Xbox Series XI future-gen alliance is robbing players of the next-gen and that.co.uk/xbox-series-xs...,2025-10-14 08:50:28,2025-10-14 08:50:30,102
12975,Xbox(Xseries),Negative,Too bad the Xbox Series X won't have any Xbox Game Studios Exclusives until a year after the consoles launch ouch.,2025-10-14 08:50:28,2025-10-14 08:50:30,114
12975,Xbox(Xseries),Negative,It's just a shame that Xbox Series X won't feature Xbox Game Studios Exclusives until a year after the console launches.,2025-10-14 08:50:28,2025-10-14 08:50:30,120
12975,Xbox(Xseries),Negative,It is a pity that the Xbox Series X will not have exclusive Xbox Game Studios until a year after the launch of the consoles.,2025-10-14 08:50:28,2025-10-14 08:50:30,124
12975,Xbox(Xseries),Negative,Too bad the Xbox and X won't have any Xbox Game Studios Exclusives until a year after their consoles launch ouch.,2025-10-14 08:50:28,2025-10-14 08:50:30,113
12975,Xbox(Xseries),Negative,Too ends bad the upcoming Xbox Series X won't even have been any Xbox Game Studios Exclusives until a year later after the consoles launch ouch.,2025-10-14 08:50:28,2025-10-14 08:50:30,144
12975,Xbox(Xseries),Negative,Too bad the Xbox Series team won't have any Xbox Game V Exclusives over a year after the Xbox launch ouch.,2025-10-14 08:50:28,2025-10-14 08:50:30,106
12976,Xbox(Xseries),Neutral,"Xbox Series X first look: Fast, powerful and quiet thenewsnow.live/xbox-series-x-…",2025-10-14 08:50:28,2025-10-14 08:50:30,82
12976,Xbox(Xseries),Neutral,"Xbox Series X at first sight: Fast, powerful and quiet in the new snow.live / xbox-series-x-...",2025-10-14 08:50:28,2025-10-14 08:50:30,95
12976,Xbox(Xseries),Neutral,"Xbox Series X First Look: Fast, Powerful, and Quiet Thousand Live / xbox-series-x-...",2025-10-14 08:50:28,2025-10-14 08:50:30,85
12976,Xbox(Xseries),Neutral,"Xbox Series X first look: Fast, smooth build thenewsnow.live/xbox-series-x-…",2025-10-14 08:50:28,2025-10-14 08:50:30,76
12976,Xbox(Xseries),Neutral,"Xbox The Series X first look : 2004 Fast, powerful pace and seemingly quiet thenewsnow. 0 live / xbox - series - x - …",2025-10-14 08:50:28,2025-10-14 08:50:30,118
12976,Xbox(Xseries),Neutral,"Xbox Series with HD look: Fast, powerful and unparalleled performance.live/xbox-series-x-...",2025-10-14 08:50:28,2025-10-14 08:50:30,92
12977,Xbox(Xseries),Neutral,Xbox Series X gets its first great soundbite | Opinion | GamesIndustry.biz gamesindustry.biz/articles/2020-…,2025-10-14 08:50:28,2025-10-14 08:50:30,108
12977,Xbox(Xseries),Neutral,Xbox Series X gets its first big soundbite | Opinion | GamesIndustry.biz gamesindustry.biz / articles / 2020-...,2025-10-14 08:50:28,2025-10-14 08:50:30,112
12977,Xbox(Xseries),Neutral,Xbox Series X gets its first big soundbite - Opinion - GamesIndustri.biz gamesindustry.biz / articles / 2020-...,2025-10-14 08:50:28,2025-10-14 08:50:30,112
12977,Xbox(Xseries),Neutral,Xbox At X gets its first great soundbite - Opinion | GamesIndustry.biz gamesindustry.biz/articles/2020-…,2025-10-14 08:50:28,2025-10-14 08:50:30,104
12977,Xbox(Xseries),Neutral,Xbox 3 Series X then gets into its first great soundbite | Your Opinion | at GamesIndustry. him biz gamesindustry. to biz / articles / 2020 - …,2025-10-14 08:50:28,2025-10-14 08:50:30,143
12977,Xbox(Xseries),Neutral,Xbox Man X got its first Xbox soundbite | review | Game.biz gamesindustry.biz/articles/2020-...,2025-10-14 08:50:28,2025-10-14 08:50:30,95
12978,Xbox(Xseries),Negative,I can't even be mad I'm just a fucking idiot,2025-10-14 08:50:28,2025-10-14 08:50:30,44
12978,Xbox(Xseries),Negative,"I can't even be crazy, I'm just a fucking idiot",2025-10-14 08:50:28,2025-10-14 08:50:30,47
12978,Xbox(Xseries),Negative,I can't even be mad I'm just a fucking idiot,2025-10-14 08:50:28,2025-10-14 08:50:30,44
12978,Xbox(Xseries),Negative,I can't even ask mad I'm just a fucking idiot,2025-10-14 08:50:28,2025-10-14 08:50:30,45
12978,Xbox(Xseries),Negative,I can't even honestly be mad I'd m just a fucking idiot,2025-10-14 08:50:28,2025-10-14 08:50:30,55
12978,Xbox(Xseries),Negative,<unk> guess't even be mad I'm just a fucking idiot,2025-10-14 08:50:28,2025-10-14 08:50:30,50
12979,Xbox(Xseries),Positive,I would .  love this!!!,2025-10-14 08:50:28,2025-10-14 08:50:30,23
12979,Xbox(Xseries),Positive,I would love that!!!,2025-10-14 08:50:28,2025-10-14 08:50:30,20
12979,Xbox(Xseries),Positive,I would. love this!!!,2025-10-14 08:50:28,2025-10-14 08:50:30,21
12979,Xbox(Xseries),Positive,I would.  love for,2025-10-14 08:50:28,2025-10-14 08:50:30,18
12979,Xbox(Xseries),Positive,Like I would. love this!!!,2025-10-14 08:50:28,2025-10-14 08:50:30,26
12979,Xbox(Xseries),Positive,I would. eat this!!!,2025-10-14 08:50:29,2025-10-14 08:50:30,20
12980,Xbox(Xseries),Irrelevant,Good evening gamers. Does the Halloween season always freaks you out as well? I am usually staying away from the horror genre.🥺. I hope you all have safe and enjoyable evening. . ‍. .,2025-10-14 08:50:29,2025-10-14 08:50:30,185
12980,Xbox(Xseries),Irrelevant,Good evening players. Do you always enjoy the Halloween season? Normally I stay away from the horror genre... I hope you all have a safe and enjoyable evening...,2025-10-14 08:50:29,2025-10-14 08:50:30,161
12980,Xbox(Xseries),Irrelevant,"Good evening, gamers. Do you always care about the Halloween season? I usually stay away from the horror genre.. I hope you all have a safe and enjoyable evening...",2025-10-14 08:50:29,2025-10-14 08:50:30,164
12980,Xbox(Xseries),Irrelevant,Good evening gamers. Does the Halloween season always freaks you right as well? I think usually staying away from the Christmas genre.🥺. I hope everybody all have safe and enjoyable evening.. ‍..,2025-10-14 08:50:29,2025-10-14 08:50:30,195
12980,Xbox(Xseries),Irrelevant,Good evening gamers. Does the Halloween season always freaks all you out as well? I am usually staying tucked away totally from the horror genre. [UNK]. I then hope you want all have some safe fun and highly enjoyable evening....,2025-10-14 08:50:29,2025-10-14 08:50:30,229
12980,Xbox(Xseries),Irrelevant,great evening Scott. Does the previous season always bother you out as well? I am usually staying away from adult horror genre.<unk>. I hope you people have safe and enjoyable evening....,2025-10-14 08:50:29,2025-10-14 08:50:30,187
12981,Xbox(Xseries),Irrelevant,Man this fridge looking kinda fresh .,2025-10-14 08:50:29,2025-10-14 08:50:30,40
12981,Xbox(Xseries),Irrelevant,You make this refrigerator look kind of fresh.,2025-10-14 08:50:29,2025-10-14 08:50:30,46
12981,Xbox(Xseries),Irrelevant,The man in this fridge looks somehow fresh.,2025-10-14 08:50:29,2025-10-14 08:50:30,43
12981,Xbox(Xseries),Irrelevant,Man this fridge looking kinda funny.,2025-10-14 08:50:29,2025-10-14 08:50:30,36
12981,Xbox(Xseries),Irrelevant,Man this whole fridge looking kinda fresh.,2025-10-14 08:50:29,2025-10-14 08:50:30,42
12981,Xbox(Xseries),Irrelevant,Man this fridge looking absolutely fresh.,2025-10-14 08:50:29,2025-10-14 08:50:30,41
12982,Xbox(Xseries),Irrelevant,Casual reminder both these and the nvidia graphics cards are online only. Coming in store will not help you.,2025-10-14 08:50:29,2025-10-14 08:50:30,108
12982,Xbox(Xseries),Irrelevant,Both these and the nvidia graphics cards are only online.,2025-10-14 08:50:29,2025-10-14 08:50:30,57
12982,Xbox(Xseries),Irrelevant,Casual reminder both these and the nvidia graphics cards are only online. Coming in store will not help you.,2025-10-14 08:50:29,2025-10-14 08:50:30,108
12982,Xbox(Xseries),Irrelevant,Casual reminder both AMD and the nvidia Quadro cards are online only. Coming in store will not help you.,2025-10-14 08:50:29,2025-10-14 08:50:30,104
12982,Xbox(Xseries),Irrelevant,Casual reminder both that these and the previous nvidia graphics style cards are kept online only. Coming late in store will not help you.,2025-10-14 08:50:29,2025-10-14 08:50:30,138
12982,Xbox(Xseries),Irrelevant,Casual reminder both cards and the nvidia graphics cards are exclusive only. Coming in store will not help anything.,2025-10-14 08:50:29,2025-10-14 08:50:30,116
12983,Xbox(Xseries),Irrelevant,"If you haven't gotten Game Pass yet, you seriously need to think about it. It is such a good deal and with everything NEW coming as well, it is sooooooo worth it!",2025-10-14 08:50:29,2025-10-14 08:50:30,162
12983,Xbox(Xseries),Irrelevant,"If you haven't got a Game Pass yet, you need to think about it seriously. It's such a good deal and with everything that comes NEW, it's sooooooo worth it!",2025-10-14 08:50:29,2025-10-14 08:50:30,155
12983,Xbox(Xseries),Irrelevant,"If you haven't already got the Game, you really need to think about it. It's such a good deal, and with all the new things coming in, it's worth it!",2025-10-14 08:50:29,2025-10-14 08:50:30,148
12983,Xbox(Xseries),Irrelevant,"If you haven't gotten Game Pass yet, you seriously need your think about it. It is such an good deal and with something NEW coming as well, it is sooooooo worth it!",2025-10-14 08:50:29,2025-10-14 08:50:30,164
12983,Xbox(Xseries),Irrelevant,"If somehow you guys haven't gotten Game Pass yet, you seriously need to think about doing it. It sure is such like a good deal and that with everything NEW coming as well, really it is sooooooo worth taking it!",2025-10-14 08:50:29,2025-10-14 08:50:30,210
12983,Xbox(Xseries),Irrelevant,"like you haven't gotten Game Pass yet, actually seriously need to think about it. It is such a great deal but with everything NEW coming to well, it is sooooooo worth considering!",2025-10-14 08:50:29,2025-10-14 08:50:30,179
12984,Xbox(Xseries),Neutral,Its official .,2025-10-14 08:50:29,2025-10-14 08:50:30,15
12984,Xbox(Xseries),Neutral,His civil servant.,2025-10-14 08:50:29,2025-10-14 08:50:30,18
12984,Xbox(Xseries),Neutral,His spokesman.,2025-10-14 08:50:29,2025-10-14 08:50:30,14
12984,Xbox(Xseries),Neutral,Its official history,2025-10-14 08:50:29,2025-10-14 08:50:30,20
12984,Xbox(Xseries),Neutral,Its first official.,2025-10-14 08:50:29,2025-10-14 08:50:30,19
12984,Xbox(Xseries),Neutral,officially official.,2025-10-14 08:50:29,2025-10-14 08:50:30,20
12985,Xbox(Xseries),Neutral,PS5 And Xbox Series X's Most Underrated New Feature Is A Game-Changer. tech.dsmenders.com/ps5-and-xbox-s…,2025-10-14 08:50:29,2025-10-14 08:50:30,105
12985,Xbox(Xseries),Neutral,PS5 and Xbox Series X's Most Underrated New Feature is a game changer. tech.dsmenders.com / ps5-and-xbox-s...,2025-10-14 08:50:29,2025-10-14 08:50:30,109
12985,Xbox(Xseries),Neutral,The most underrated new Xbox Series X is a game changer. tech.menders.com / 5-and-xbox-s...,2025-10-14 08:50:29,2025-10-14 08:50:30,91
12985,Xbox(Xseries),Neutral,PS5 & Xbox Series X's Most Underrated New Feature — Not Game-Changer. tech.dsmenders.com/ps5-and-xbox-s…,2025-10-14 08:50:29,2025-10-14 08:50:30,104
12985,Xbox(Xseries),Neutral,In PS5 title And Xbox Series X'08 s Most Recently Underrated New Feature Is A Game - Changer. At tech. dsmenders. com / ps5 - j and - xbox - s …,2025-10-14 08:50:29,2025-10-14 08:50:30,144
12985,Xbox(Xseries),Neutral,PS5 And Box Series Movie's Our Underrated Gaming Feature While A Time-Changer. tech.dsmenders.com/ps5-and-xbox-s...,2025-10-14 08:50:29,2025-10-14 08:50:30,115
12986,Xbox(Xseries),Positive,Holy shit it only took 2 console generations to cut down the load times,2025-10-14 08:50:29,2025-10-14 08:50:30,71
12986,Xbox(Xseries),Positive,"Holy shit, it only took 2 console generations to reduce loading times",2025-10-14 08:50:29,2025-10-14 08:50:30,69
12986,Xbox(Xseries),Positive,Holy shit it only took 2 console generations to cut down the load time,2025-10-14 08:50:29,2025-10-14 08:50:30,70
12986,Xbox(Xseries),Positive,Holy shit it only took 2 active generations to cut down the load times,2025-10-14 08:50:29,2025-10-14 08:50:30,70
12986,Xbox(Xseries),Positive,Holy shit it only took only 2 console crew generations to cut down the load times,2025-10-14 08:50:29,2025-10-14 08:50:30,81
12986,Xbox(Xseries),Positive,Holy shit it only took 2 console classes to cut down processor load times,2025-10-14 08:50:29,2025-10-14 08:50:30,73
12987,Xbox(Xseries),Positive,May is gonna be awesome .,2025-10-14 08:50:29,2025-10-14 08:50:30,26
12987,Xbox(Xseries),Positive,May will be great.,2025-10-14 08:50:29,2025-10-14 08:50:30,18
12987,Xbox(Xseries),Positive,May will be terrific.,2025-10-14 08:50:29,2025-10-14 08:50:30,21
12987,Xbox(Xseries),Positive,May be gonna be awesome.,2025-10-14 08:50:29,2025-10-14 08:50:30,24
12987,Xbox(Xseries),Positive,May fourth is gonna be awesome.,2025-10-14 08:50:29,2025-10-14 08:50:30,31
12987,Xbox(Xseries),Positive,May is gonna come awesome.,2025-10-14 08:50:29,2025-10-14 08:50:30,26
12988,Xbox(Xseries),Negative,Do you want fries to go with that salt? Lol .,2025-10-14 08:50:29,2025-10-14 08:50:30,48
12988,Xbox(Xseries),Negative,Do you want fries with that salt? Lol.,2025-10-14 08:50:29,2025-10-14 08:50:30,38
12988,Xbox(Xseries),Negative,Do you want Fries to go with that salt? Lol.,2025-10-14 08:50:29,2025-10-14 08:50:30,44
12988,Xbox(Xseries),Negative,Do you want fries to die with that salt? Lol.,2025-10-14 08:50:29,2025-10-14 08:50:30,45
12988,Xbox(Xseries),Negative,Do you want fries to go sour with half that salt? Lol.,2025-10-14 08:50:29,2025-10-14 08:50:30,54
12988,Xbox(Xseries),Negative,Do you want something to go with sea salt? Lol.,2025-10-14 08:50:29,2025-10-14 08:50:30,47
12989,Xbox(Xseries),Neutral,In this week's episode of Tony P. Oddcast @RunJumpStomp helps me understand the differences between all these darn,2025-10-14 08:50:29,2025-10-14 08:50:30,116
12989,Xbox(Xseries),Neutral,In this week's episode of Tony P. Oddcast @ RunJumpStomp helps me understand the differences between all these darn things.,2025-10-14 08:50:29,2025-10-14 08:50:30,123
12989,Xbox(Xseries),Neutral,"In this week's episode, Tony P. Oddcast @ RunJumpStomp helps me understand the differences between all these damn things.",2025-10-14 08:50:29,2025-10-14 08:50:30,121
12989,Xbox(Xseries),Neutral,In this week's episode of Bob P. Oddcast @RunJumpStomp helps me understand the differences between reading these darn,2025-10-14 08:50:29,2025-10-14 08:50:30,117
12989,Xbox(Xseries),Neutral,In for this week'71 s episode of Tony P. Oddcast @RunJumpStomp helps me understand all the obvious differences between all these darn,2025-10-14 08:50:29,2025-10-14 08:50:30,133
12989,Xbox(Xseries),Neutral,In the month's episode of Tony P. Oddcast @RunJumpStomp helps me understand the differences between all three darn,2025-10-14 08:50:29,2025-10-14 08:50:30,114
12990,Xbox(Xseries),Neutral,@PlayStation @XboxP3 @cerny I hope PS5/Xbox Series X are Gigabit. compatible I get on ps4 1d 246.2kbps Xbox I get 100 d 25up and I get 1Gbps d 40up need to fix so we get what we pay for no matter what the speeds are AX wifi would be awesome to! No estimates on test actual speeds,2025-10-14 08:50:29,2025-10-14 08:50:30,279
12990,Xbox(Xseries),Neutral,"@ PlayStation @ XboxP3 @ cerny I hope PS5 / Xbox Series X are Gigabit. Compatible I get on PS4 1d 246.2kbps Xbox I get 100 d 25up and I get 1Gbps d 40up need to be repaired so we get what we pay for, no matter what the speeds are AX wifi would be awesome! No estimates on the actual speeds of the test",2025-10-14 08:50:29,2025-10-14 08:50:30,301
12990,Xbox(Xseries),Neutral,@ PlayStation @ XboxP3 @ cerny I hope the PS5 / Xbox Series X will be very good.,2025-10-14 08:50:29,2025-10-14 08:50:30,80
12990,Xbox(Xseries),Neutral,@PlayStation @XboxP3 @cerny I hope PS5/Xbox Series X not Gigabit. compatible I got 50 ps4 1d 3.2kbps Xbox I get 100 d 25up PlayStation I get 1Gbps d ps need to upgrade so we get what we pay for no matter what the speeds are AX wifi would be awesome to! No estimates on test actual speeds,2025-10-14 08:50:29,2025-10-14 08:50:30,287
12990,Xbox(Xseries),Neutral,@PlayStation S @XboxP3 @cerny I hope PS5 / Xbox Series X are Gigabit. compatible I get 1 on the ps4 1d after 246. 2kbps Xbox I get 100 d 25up and HP I get 1Gbps d 40up They need hours to fix so we get what we pay for and no matter what the speeds they are AX wifi would be awesome to! No estimates based on test actual speeds,2025-10-14 08:50:29,2025-10-14 08:50:30,325
12990,Xbox(Xseries),Neutral,@PlayStation @XboxP3 now I know PS5/Xbox Series X has Gigabit. PSP I get 2 ps4 1d 246.2kbps Xbox I get 100 d 25up Switch I get 1Gbps d 40up need to fix so we get what we pay for no matter whether the speeds are AX wifi I feel awesome to! No estimates we test actual speeds,2025-10-14 08:50:29,2025-10-14 08:50:30,272
12991,Xbox(Xseries),Negative,It may look like a WiFi router but design wise it looks better than the Xbox series X. I think it’s unique and slick. I like it imo. You’re lucky that you haven’t gone bald yet .,2025-10-14 08:50:29,2025-10-14 08:50:30,179
12991,Xbox(Xseries),Negative,"It may look like a WiFi router, but looks better in design than the Xbox Series X. I think it's unique and slick. I like it imo. You're lucky you don't have a bald head.",2025-10-14 08:50:29,2025-10-14 08:50:30,169
12991,Xbox(Xseries),Negative,"It may look like a WiFi router, but in terms of design it looks better than the Xbox series X. I think it's unique and good.",2025-10-14 08:50:29,2025-10-14 08:50:30,124
12991,Xbox(Xseries),Negative,It may look quite a WiFi player but overall wise it looks better than the Xbox series X. I think it’s unique and slick. I prefer it imo. You’re lucky that you haven’t bought bald yet.,2025-10-14 08:50:29,2025-10-14 08:50:30,183
12991,Xbox(Xseries),Negative,It also may look like quite a WiFi router but since design wise it probably looks better than the little Xbox series X. Because I think it sweet ’ it s super unique and slick. I like it imo. You ’ re lucky that you haven ’ all t gone bald yet.,2025-10-14 08:50:29,2025-10-14 08:50:30,243
12991,Xbox(Xseries),Negative,It may look like a WiFi router but design wise iOS looks happier than the Xbox series X. Members think it’s unique and compelling. Users like it imo. You’re lucky some these haven’t gone bald yet.,2025-10-14 08:50:29,2025-10-14 08:50:30,196
12992,Xbox(Xseries),Irrelevant,Damn,2025-10-14 08:50:29,2025-10-14 08:50:30,6
12992,Xbox(Xseries),Irrelevant,Damned,2025-10-14 08:50:29,2025-10-14 08:50:30,6
12992,Xbox(Xseries),Irrelevant,The Curse,2025-10-14 08:50:29,2025-10-14 08:50:30,9
12992,Xbox(Xseries),Irrelevant,Damn,2025-10-14 08:50:29,2025-10-14 08:50:30,4
12992,Xbox(Xseries),Irrelevant,The Damn,2025-10-14 08:50:29,2025-10-14 08:50:30,8
12992,Xbox(Xseries),Irrelevant,Damn,2025-10-14 08:50:29,2025-10-14 08:50:30,4
12993,Xbox(Xseries),Negative,nan,2025-10-14 08:50:29,2025-10-14 08:50:30,3
12993,Xbox(Xseries),Negative,It is not the first time that the EU Commission has taken such a step.,2025-10-14 08:50:29,2025-10-14 08:50:30,70
12993,Xbox(Xseries),Negative,"At the same time, despite the fact that there are currently some 100 million people living below the poverty line, most of them do not have access to health services and do not have access to health care, while most of them do not have access to health care.",2025-10-14 08:50:29,2025-10-14 08:50:30,258
12993,Xbox(Xseries),Negative,nan,2025-10-14 08:50:29,2025-10-14 08:50:30,3
12993,Xbox(Xseries),Negative,nan,2025-10-14 08:50:29,2025-10-14 08:50:30,3
12993,Xbox(Xseries),Negative,nan,2025-10-14 08:50:29,2025-10-14 08:50:30,3
12994,Xbox(Xseries),Positive,Gimme the Xbox. It’s more comfortable,2025-10-14 08:50:29,2025-10-14 08:50:30,37
12994,Xbox(Xseries),Positive,Gimme the Xbox. It's more convenient,2025-10-14 08:50:29,2025-10-14 08:50:30,36
12994,Xbox(Xseries),Positive,Gimme the Xbox. It's more comfortable,2025-10-14 08:50:29,2025-10-14 08:50:30,37
12994,Xbox(Xseries),Positive,Gimme the Xbox. Feel more comfortable,2025-10-14 08:50:29,2025-10-14 08:50:30,37
12994,Xbox(Xseries),Positive,Gimme the Xbox. 27 It ’ Ad s more comfortable,2025-10-14 08:50:29,2025-10-14 08:50:30,45
12994,Xbox(Xseries),Positive,Gimme the Xbox. Being more comfortable,2025-10-14 08:50:29,2025-10-14 08:50:30,38
12995,Xbox(Xseries),Positive,I might actually try out fable this time around. I never played on the xbox360 cant wait to see more..  .  .,2025-10-14 08:50:29,2025-10-14 08:50:30,110
12995,Xbox(Xseries),Positive,I have never played on xbox360 before and can't wait to see more...,2025-10-14 08:50:29,2025-10-14 08:50:30,67
12995,Xbox(Xseries),Positive,I might actually try out fable this time around. I never played on the xbox360 cant wait to see more....,2025-10-14 08:50:29,2025-10-14 08:50:30,104
12995,Xbox(Xseries),Positive,I might actually try this fable this time out. I never played on the xbox360 cant wait to see more.. . .,2025-10-14 08:50:29,2025-10-14 08:50:30,104
12995,Xbox(Xseries),Positive,Although I might actually actually try out fable this time around. I never played on in the xbox360 cant in wait also to see something more....,2025-10-14 08:50:29,2025-10-14 08:50:30,143
12995,Xbox(Xseries),Positive,you did well try also fable this time around. I never played on the xbox360 cant wait to see more....,2025-10-14 08:50:29,2025-10-14 08:50:30,101
12996,Xbox(Xseries),Positive,Seeing the,2025-10-14 08:50:29,2025-10-14 08:50:30,12
12996,Xbox(Xseries),Positive,nan,2025-10-14 08:50:29,2025-10-14 08:50:30,3
12996,Xbox(Xseries),Positive,Seeing the,2025-10-14 08:50:29,2025-10-14 08:50:30,10
12996,Xbox(Xseries),Positive,Seeing Results,2025-10-14 08:50:29,2025-10-14 08:50:30,14
12996,Xbox(Xseries),Positive,On Seeing the,2025-10-14 08:50:29,2025-10-14 08:50:30,13
12996,Xbox(Xseries),Positive,about the,2025-10-14 08:50:29,2025-10-14 08:50:30,9
12997,Xbox(Xseries),Irrelevant,This is a really disappointing move by Remedy. Bought Control day one with the season pass but will only get the PS5 upgrade if I rebuy everything again repackaged in the Ultimate Edition??,2025-10-14 08:50:29,2025-10-14 08:50:30,189
12997,Xbox(Xseries),Irrelevant,"This is a really disappointing move by Remedy. Does Control buy on the first day with the season card, but only gets the PS5 upgrade if I buy everything back packed in the Ultimate Edition??",2025-10-14 08:50:29,2025-10-14 08:50:30,190
12997,Xbox(Xseries),Irrelevant,This is a really disappointing move by Remedy. Bought Control day one with the season pass but will only get the PS5 upgrade if I rebuy all again repacked in the Ultimate???,2025-10-14 08:50:29,2025-10-14 08:50:30,173
12997,Xbox(Xseries),Irrelevant,This is a really disappointing release by Remedy. Bought for day one with the season pass that will only get the PS5 upgrade if I rebuy everything since repackaged in the Ultimate Edition??,2025-10-14 08:50:29,2025-10-14 08:50:30,189
12997,Xbox(Xseries),Irrelevant,This is a really disappointing budget move by Remedy. Bought Control day one began with the season pass but I will only really get the latest PS5 support upgrade if I rebuy everything again repackaged Edition in Just the Ultimate Edition??,2025-10-14 08:50:29,2025-10-14 08:50:30,239
12997,Xbox(Xseries),Irrelevant,This is a horrible disappointing move by Remedy. Bought Control day in and the season pass but will only get that PS5 upgrade should I rebuy everything again repackaged in the Ultimate Universe??,2025-10-14 08:50:29,2025-10-14 08:50:30,195
12998,Xbox(Xseries),Neutral,The Xbox Series X has had its rear ports leaked on Twitter https%3A%2F%2Freviews.pribome.com%2F2020%2F01%2F23%2Fthe-xbox-series-x-has-had-its-rear-ports-leaked-on-twitter%2F,2025-10-14 08:50:29,2025-10-14 08:50:30,173
12998,Xbox(Xseries),Neutral,The rear ports of Xbox Series X have been leaked on Twitter https% 3A% 2F% 2Freviews.pribome.com% 2F2020% 2F01% 2F23% 2Fthe-xbox-series-x-has-had-its-rear-ports-leaked-on-twitter% 2F,2025-10-14 08:50:29,2025-10-14 08:50:30,182
12998,Xbox(Xseries),Neutral,Xbox Series X rear ports leaked on Twitter https: / / 3A% 2F% 2Freviews.pribome.com% 2F2020% 2F01% 2F23% 2Fthe-xbox-series-x-has-had-its-rear-ports-leaked-on-future% 2F,2025-10-14 08:50:29,2025-10-14 08:50:30,168
12998,Xbox(Xseries),Neutral,The Xbox Series XL recently had its barrel ports shown again in 2016%3A%2F%2Freviews.pribome.com%2F2020%2F01%2F23%2Fthe-xbox-series-x-has-had-its-rear-ports-leaked-on-twitter%2F,2025-10-14 08:50:29,2025-10-14 08:50:30,177
12998,Xbox(Xseries),Neutral,The Xbox Series Xbox X has had its rear side ports only leaked on Twitter https % 3A % 2F % 2Freviews. pribome. at com % 2013 2F2020 % 2F01 % 2F23 % 2Fthe - 12 xbox - 6th series - 7 x - has - had - accidentally its - rear - rear ports - leaked - on - twitter % 2F,2025-10-14 08:50:29,2025-10-14 08:50:30,263
12998,Xbox(Xseries),Neutral,<unk> newest PlayStation lineup has have their rear gates opened via Twitter to%3A%2F%2Freviews.pribome.com%2F2020%2F01%2F23%2Fthe-xbox-series-x-has-had-its-rear-ports-leaked-on-twitter%2F,2025-10-14 08:50:29,2025-10-14 08:50:30,188
12999,Xbox(Xseries),Positive,_. . The faster more efficient AMD Zen CPUs in both  . . We already had/have incredible visuals with current gen consoles  . .,2025-10-14 08:50:29,2025-10-14 08:50:30,128
12999,Xbox(Xseries),Positive,_.. The faster more efficient AMD Zen CPUs in both.. We already had / have incredible pictures with current gene consoles.,2025-10-14 08:50:29,2025-10-14 08:50:30,122
12999,Xbox(Xseries),Positive,_ _ _ _ _ _ _ _ _ _ _ _ _ _ _ _ _ _ _ _ _ _ _ _ _ _ _ _ _ _ _ _ _ _ _ _ _ _ _ _ _ _ _ _ _ _ _ _ _ _ _ _ _ _ _ _ _ _ _ _ _ _ _ _ _ _ _ _ _ _ _ _ _ _ _ _ _ _ _ _ _ _ _ _ _ _ _ _ _ _ _ _ _ _ _ _ _ _ _ _ _ _ _ _ _ _ _ _ _ _ _ _ _ _ _ _ _ _ _ _ _ _ _ _ _ _ _ _ _ _ _ _ _ _ _ _ _ _ _ _ _ _ _ _ _ _ _ _ _ _ _ _ _ _ _ _ _ _ _ _ _ _ _ _ _ _ _ _ _ _ _ _ _ _ _ _ _ _ _ _ _ _ _ _ _ _ _ _ _ _ _ _ _ _ _ _ _ _,2025-10-14 08:50:29,2025-10-14 08:50:30,395
12999,Xbox(Xseries),Positive,_.. The faster memory efficient AMD Zen CPUs in both .. Players already had/have incredible visuals with current gen consoles ..,2025-10-14 08:50:29,2025-10-14 08:50:30,128
12999,Xbox(Xseries),Positive,_.. The faster to more energy efficient AMD Zen CPUs in operation both.. We either already had / have most incredible display visuals with current gen consoles..,2025-10-14 08:50:29,2025-10-14 08:50:30,161
12999,Xbox(Xseries),Positive,_.. The absolute most efficient AMD gaming CPUs in both.. We already use/have incredible visuals with early gen consoles..,2025-10-14 08:50:29,2025-10-14 08:50:30,122
13000,Xbox(Xseries),Negative,Fuck on..,2025-10-14 08:50:29,2025-10-14 08:50:30,10
13000,Xbox(Xseries),Negative,Fuck on..,2025-10-14 08:50:29,2025-10-14 08:50:30,9
13000,Xbox(Xseries),Negative,Fuck on..,2025-10-14 08:50:29,2025-10-14 08:50:30,9
13000,Xbox(Xseries),Negative,Fuck Women,2025-10-14 08:50:29,2025-10-14 08:50:30,10
13000,Xbox(Xseries),Negative,But Fuck on..,2025-10-14 08:50:29,2025-10-14 08:50:30,13
13000,Xbox(Xseries),Negative,Fuck Me..,2025-10-14 08:50:29,2025-10-14 08:50:30,9
13001,Xbox(Xseries),Positive,I'm extremely happy to upgrade to the Xbox Series X in a couple of years.. Not to say the PS5 won't be great - it should and Sony can use things like Backwards Compatibility to get games from PS1 - PS4 and maybe even PSP and Vita onto the console.,2025-10-14 08:50:29,2025-10-14 08:50:30,247
13001,Xbox(Xseries),Positive,I'm extremely happy to upgrade to the Xbox Series X in a few years. Not to mention that the PS5 won't be great - it should be and Sony can use things like backwards compatibility to bring games from PS1 to PS4 and maybe even PSP and Vita to the console.,2025-10-14 08:50:29,2025-10-14 08:50:30,253
13001,Xbox(Xseries),Positive,I'm very excited about upgrading to the Xbox Series X in a couple of years. Not to say that the PS5 won't be great - it should and Sony can use things like Backward compatibility to get games from the PS1 to the PS4 and perhaps even the PS5 and Vita on the console.,2025-10-14 08:50:29,2025-10-14 08:50:30,265
13001,Xbox(Xseries),Positive,I'm extremely happy to upgrade to the Xbox Series X in a couple of years.. Not to say the PS5 won't be great - it should and Sony can use things like Backwards Compatibility to get games and PS1 - PS4 but maybe even PSP and Wii to the network.,2025-10-14 08:50:29,2025-10-14 08:50:30,243
13001,Xbox(Xseries),Positive,I'm extremely... happy to upgrade to the Xbox Vision Series X in a couple of years.. Ltd Not to say the PS5 won't be for great - it should happen and Sony can use just things like Backwards Compatibility to get games from mainstream PS1 - PS4 consoles and maybe even even PSP and Vita versions onto the console.,2025-10-14 08:50:29,2025-10-14 08:50:30,311
13001,Xbox(Xseries),Positive,that'm extremely happy to upgrade from the Xbox Series game in two minimum of years.. Not to say the PS5 won't be available - it should and Sony can use things like Backwards Compatibility or get games from PS1 - Wii and maybe even PSP on Vita onto the console.,2025-10-14 08:50:29,2025-10-14 08:50:30,261
13002,Xbox(Xseries),Irrelevant,I just woke up 10 mins ago and I'm already winning !!!!,2025-10-14 08:50:29,2025-10-14 08:50:30,55
13002,Xbox(Xseries),Irrelevant,I just woke up 10 minutes ago and I'm already winning!!!!,2025-10-14 08:50:29,2025-10-14 08:50:30,57
13002,Xbox(Xseries),Irrelevant,I just woke up 10 minutes ago and I'm already winning!!!!,2025-10-14 08:50:29,2025-10-14 08:50:30,57
13002,Xbox(Xseries),Irrelevant,I just woke one 10 mins ago and I'm already winning!!!!,2025-10-14 08:50:29,2025-10-14 08:50:30,55
13002,Xbox(Xseries),Irrelevant,So I just woke up 10 mins ago myself and know I'm already winning!!!!,2025-10-14 08:50:29,2025-10-14 08:50:30,69
13002,Xbox(Xseries),Irrelevant,I just did<unk> 10 mins ago and I'm already winning!!!!,2025-10-14 08:50:29,2025-10-14 08:50:30,55
13003,Xbox(Xseries),Positive,"When the PS4 and Xbox One came out, I decided to move my consoles to a side table next to my entertainment centre. Glad I did, ‘cos the next-gen consoles are BEASTS! (Not you, Switch. You’re still small and adorable.)",2025-10-14 08:50:29,2025-10-14 08:50:30,219
13003,Xbox(Xseries),Positive,"When the PS4 and Xbox One came out, I decided to put my consoles at a side table next to my Entertainment Center. Glad I did, \"cause the next-gen consoles are BEASTS! (Not you, Switch. You're still small and adorable.)",2025-10-14 08:50:29,2025-10-14 08:50:30,218
13003,Xbox(Xseries),Positive,"When the PS4 and Xbox One came out, I decided to move the consoles to a bedside table next to my entertainment center.",2025-10-14 08:50:29,2025-10-14 08:50:30,118
13003,Xbox(Xseries),Positive,"When the PS4 & Xbox One came out, I decided to move my consoles to a side table next to my entertainment center. Glad I did, ‘cos this next-gen headsets are BEASTS! (Not you, Switch. You’re still strong and adorable.)",2025-10-14 08:50:29,2025-10-14 08:50:30,217
13003,Xbox(Xseries),Positive,"Notes When first the PS4 player and Xbox One came out, I decided to move both my consoles to a side table next to housing my entertainment centre. So Glad I did, ‘ point cos the next - gen consoles probably are BEASTS! ( And Not you, Switch. You ’ re still small darling and adorable. )",2025-10-14 08:50:29,2025-10-14 08:50:30,286
13003,Xbox(Xseries),Positive,"When the movie and Force One came out, also decided to move my consoles to a side window next to my entertainment centre. Glad I didn, since the fifth-gen consoles are BEASTS! (Not you, Mac. You’re still adorable and adorable.)",2025-10-14 08:50:29,2025-10-14 08:50:30,227
13004,Xbox(Xseries),Positive,nan,2025-10-14 08:50:29,2025-10-14 08:50:30,3
13004,Xbox(Xseries),Positive,It is not the first time that the EU Commission has taken such a step.,2025-10-14 08:50:29,2025-10-14 08:50:30,70
13004,Xbox(Xseries),Positive,"At the same time, despite the fact that there are currently some 100 million people living below the poverty line, most of them do not have access to health services and do not have access to health care, while most of them do not have access to health care.",2025-10-14 08:50:29,2025-10-14 08:50:30,258
13004,Xbox(Xseries),Positive,nan,2025-10-14 08:50:29,2025-10-14 08:50:30,3
13004,Xbox(Xseries),Positive,nan,2025-10-14 08:50:29,2025-10-14 08:50:30,3
13004,Xbox(Xseries),Positive,nan,2025-10-14 08:50:29,2025-10-14 08:50:30,3
13005,Xbox(Xseries),Neutral,The PlayStation 5 & Xbox Series X/S will make an APPEARANCE during Best Buy's Black Friday Sale. . IMPORTANT: You need to be fast and extremely lucky Good luck. .  gamespot.com/articles/ps5-x…. .,2025-10-14 08:50:29,2025-10-14 08:50:30,197
13005,Xbox(Xseries),Neutral,The PlayStation 5 & Xbox Series X / S will be released during Best Buy's Black Friday Sale. IMPORTANT: You need to be fast and extremely lucky... gamespot.com / articles / ps5-x....,2025-10-14 08:50:29,2025-10-14 08:50:30,181
13005,Xbox(Xseries),Neutral,PlayStation 5 & Xbox Series X / S will make a RECOGNITION during the sale of Best Buy's Black Friday Sale... IMPORTANT: You need to be quick and extremely lucky Good luck... gamespot.com / articles / 5-x....,2025-10-14 08:50:29,2025-10-14 08:50:30,207
13005,Xbox(Xseries),Neutral,The PlayStation 5 & Xbox Series X/S will get an APPEARANCE during Best Buy's Black Friday Sale.. IMPORTANT: You need to get really and extremely lucky Good Day.<unk>  gamespot.com/articles/ps5-x…..,2025-10-14 08:50:29,2025-10-14 08:50:30,197
13005,Xbox(Xseries),Neutral,The official PlayStation 5 & Xbox Series X / S will make an additional APPEARANCE show during Best Buy'2014 s Black Patch Friday Sale.. IMPORTANT : You need to be mentally fast and extremely incredibly lucky about Good luck.. gamespot. com / 1000 articles / ps5 - s x …..,2025-10-14 08:50:29,2025-10-14 08:50:30,271
13005,Xbox(Xseries),Neutral,The Office 5 & Play Series with/S will make THE APPEARANCE during Pet Buy's Black Thursday Sale.. IMPORTANT: You need to be good and strategy sharp Good luck.. gamespot.com/articles/ps5-x.....,2025-10-14 08:50:29,2025-10-14 08:50:30,192
13006,Xbox(Xseries),Neutral,"@geronimo_73 I feel like unfortunately due to the current global situation with COVID and especially where I live here in Melb, Australia. I don’t think there will even be a midnight night launch event at all when these Next Gen Consoles launch in Nov.",2025-10-14 08:50:29,2025-10-14 08:50:30,254
13006,Xbox(Xseries),Neutral,"@ geronimo _ 73 I feel sorry for the current global situation with COVID and especially where I live here in Melb, Australia. I don't think there will even be a midnight event when these Next Gen consoles come out in November.",2025-10-14 08:50:29,2025-10-14 08:50:30,226
13006,Xbox(Xseries),Neutral,"@ geronimo _ 73 I feel sorry for the current global situation with COVID and especially where I live here in Melba, Australia.",2025-10-14 08:50:29,2025-10-14 08:50:30,126
13006,Xbox(Xseries),Neutral,"@geronimo_73 I feel like this due to the current global situation with COVID and CES when I live here in Melb, Australia. I don’t think there will even be a midnight night launch event at all when the Next Generation Consoles launch in Nov.",2025-10-14 08:50:29,2025-10-14 08:50:30,240
13006,Xbox(Xseries),Neutral,"@geronimo_73 and I feel like unfortunately home due to the current dangerous global political situation with the COVID and especially where that I live here in Melb, Australia. I therefore don ’ t think there will even now be a midnight night launch party event... at all when these Next Gen Consoles launch in Nov.",2025-10-14 08:50:29,2025-10-14 08:50:30,315
13006,Xbox(Xseries),Neutral,"@geronimo_73 I would like unfortunately due to the continuing global issue with COVID and especially since I live back in Melb, Australia. I don’t think there will even be one midnight release party event at all when these Next Gen Consoles launch in Nov.",2025-10-14 08:50:29,2025-10-14 08:50:30,255
13007,Xbox(Xseries),Positive,Can't wait!,2025-10-14 08:50:29,2025-10-14 08:50:30,11
13007,Xbox(Xseries),Positive,Can't wait!,2025-10-14 08:50:29,2025-10-14 08:50:30,11
13007,Xbox(Xseries),Positive,Can't wait!,2025-10-14 08:50:29,2025-10-14 08:50:30,11
13007,Xbox(Xseries),Positive,Can't now!,2025-10-14 08:50:29,2025-10-14 08:50:30,10
13007,Xbox(Xseries),Positive,YOU Can't wait!,2025-10-14 08:50:29,2025-10-14 08:50:30,15
13007,Xbox(Xseries),Positive,a't wait!,2025-10-14 08:50:29,2025-10-14 08:50:30,9
13008,Xbox(Xseries),Positive,Nice specs,2025-10-14 08:50:29,2025-10-14 08:50:30,10
13008,Xbox(Xseries),Positive,Nice specs,2025-10-14 08:50:29,2025-10-14 08:50:30,10
13008,Xbox(Xseries),Positive,Nice specs,2025-10-14 08:50:29,2025-10-14 08:50:30,10
13008,Xbox(Xseries),Positive,Nice logo,2025-10-14 08:50:29,2025-10-14 08:50:30,9
13008,Xbox(Xseries),Positive,Nice weather specs,2025-10-14 08:50:29,2025-10-14 08:50:30,18
13008,Xbox(Xseries),Positive,my specs,2025-10-14 08:50:29,2025-10-14 08:50:30,8
13009,Xbox(Xseries),Negative,@IdleSloth1984 what the hell do you mean? Xbox x is litterly a pc. What the hell is the use of buying a worse pc. At least the ps5 will have a better controller. And more. Plus we actually HAVE vr. You restarted xbot,2025-10-14 08:50:29,2025-10-14 08:50:30,216
13009,Xbox(Xseries),Negative,@ IdleSloth1984 what the hell do you mean? Xbox x is really a PC. What the hell is the benefit of buying a worse PC. At least the PS5 will have a better controller.,2025-10-14 08:50:29,2025-10-14 08:50:30,164
13009,Xbox(Xseries),Negative,"@ IdleSloth1984, what the hell do you mean? Xbox is a terrible PC. What the hell buy the worst PC. At least the 5 inch will have a better configuration. And another. Plus we're actually HAVE vr.",2025-10-14 08:50:29,2025-10-14 08:50:30,194
13009,Xbox(Xseries),Negative,@IdleSloth1984 H the hell do you mean? Xbox x is not a good. What on hell is the use of buying a worse pc. At least the ps5 will have a better controller. And more. And we actually HAVE vr. You restarted xbot,2025-10-14 08:50:29,2025-10-14 08:50:30,208
13009,Xbox(Xseries),Negative,@IdleSloth1984 what the hell do you mean? the Xbox x Play is litterly a pc. What the freaking hell there is the use out of buying a worse pc. At least the same ps5 will have a better controller. And many more. Plus if we can actually HAVE vr. 11 You restarted xbot,2025-10-14 08:50:29,2025-10-14 08:50:30,264
13009,Xbox(Xseries),Negative,@IdleSloth1984 what the hell do you mean? That x is actually a pc. What the hell is god devil fucking buying a fucking pc. At least the ps5 would have our better controller. And more. But we actually HAVE vr. You restarted xbot,2025-10-14 08:50:29,2025-10-14 08:50:30,227
13010,Xbox(Xseries),Irrelevant,"Hmmmmm. Say what now?. This is super annoying, stop this",2025-10-14 08:50:29,2025-10-14 08:50:30,56
13010,Xbox(Xseries),Irrelevant,"Hmmmmm. Say what now? That's super annoying, stop it.",2025-10-14 08:50:29,2025-10-14 08:50:30,53
13010,Xbox(Xseries),Irrelevant,Um-m-m-m-m-m-m-m-m-m-m-m-m-m-m-m-m-m-m-m-m-m-m-m-m-m-m-m-m-m-m-m-m-m-m-m-m-m-m-m-m-m-m-m-m-m-m-m-m-m-m-m-m-m-m-m-m-m-m-m-m-m-m-m-m-m-m-m-m-m-m-m-m-m-m-m-m-m-m-m-m-m-m-m-m-m-m-m-m-m-m-m-m-m-m-m-m-m-m,2025-10-14 08:50:29,2025-10-14 08:50:30,198
13010,Xbox(Xseries),Irrelevant,"Hmmmmm. Say what now?. This is super annoying, stop.)",2025-10-14 08:50:29,2025-10-14 08:50:30,53
13010,Xbox(Xseries),Irrelevant,"Hmmmmm. Say what now?. This voice is so super annoying, stop asking this",2025-10-14 08:50:29,2025-10-14 08:50:30,72
13010,Xbox(Xseries),Irrelevant,"Hmmmmm. Say it now?. This is super bad, stop this",2025-10-14 08:50:29,2025-10-14 08:50:30,49
13011,Xbox(Xseries),Positive,Can't wait,2025-10-14 08:50:29,2025-10-14 08:50:30,10
13011,Xbox(Xseries),Positive,Can't wait,2025-10-14 08:50:29,2025-10-14 08:50:30,10
13011,Xbox(Xseries),Positive,Can't wait,2025-10-14 08:50:29,2025-10-14 08:50:30,10
13011,Xbox(Xseries),Positive,Can't Fly,2025-10-14 08:50:29,2025-10-14 08:50:30,9
13011,Xbox(Xseries),Positive,Can've t wait,2025-10-14 08:50:29,2025-10-14 08:50:30,13
13011,Xbox(Xseries),Positive,Can't Not,2025-10-14 08:50:29,2025-10-14 08:50:30,9
13012,Xbox(Xseries),Irrelevant,It’s happening. Peasants are going to war for companies again.,2025-10-14 08:50:29,2025-10-14 08:50:30,62
13012,Xbox(Xseries),Irrelevant,It happens: the farmers go to war again for the companies.,2025-10-14 08:50:29,2025-10-14 08:50:30,58
13012,Xbox(Xseries),Irrelevant,This is happening. Peasants are going to fight for companies again.,2025-10-14 08:50:29,2025-10-14 08:50:30,67
13012,Xbox(Xseries),Irrelevant,It’s happening. Peasants start going to war for companies again.,2025-10-14 08:50:29,2025-10-14 08:50:30,64
13012,Xbox(Xseries),Irrelevant,It ’ s s happening. Peasants men are going to war not for companies again.,2025-10-14 08:50:29,2025-10-14 08:50:30,74
13012,Xbox(Xseries),Irrelevant,are happening. Peasants and going to war for companies again.,2025-10-14 08:50:29,2025-10-14 08:50:30,61
13013,Xbox(Xseries),Negative,"After trying to make a preorder yesterday for the XBox Series X, was unsuccessful first off, then what makes matters worse ones that were able to are scalping their preorders on eBay!  comicbook.com/gaming/news/xb…",2025-10-14 08:50:29,2025-10-14 08:50:30,214
13013,Xbox(Xseries),Negative,"After the initial unsuccessful attempt to pre-order the XBox Series X yesterday, the situation is made worse by the fact that those who were able to scale their pre-orders on eBay! comicbook.com / gaming / news / xb...",2025-10-14 08:50:29,2025-10-14 08:50:30,218
13013,Xbox(Xseries),Negative,"After trying to pre-order yesterday on the XBox Series X, was unsuccessful, first, what makes matters worse are those who were able to scalp their pre-orders on eBay! comicbook.com / gaming / news / xb...",2025-10-14 08:50:29,2025-10-14 08:50:30,204
13013,Xbox(Xseries),Negative,"After trying to make a preorder yesterday for the XBox Zero X, unfortunately unsuccessful first off, then what makes it worse folks that were able to are scalping their preorders on eBay! <unk>.com/gaming/news/xb…",2025-10-14 08:50:29,2025-10-14 08:50:30,213
13013,Xbox(Xseries),Negative,"After trying to make it a preorder yesterday day for all the XBox Series game X, was unsuccessful first off, then decided what makes matters worse that ones that were able to fail are by scalping their various preorders on eBay! comicbook. or com / gaming / news / xb …",2025-10-14 08:50:29,2025-10-14 08:50:30,269
13013,Xbox(Xseries),Negative,"After trying to place a buy yesterday for the XBox Series X, was unsuccessful first so, then what makes matters is ones that were successful just continue scalping their preorders on yesterday! comicbook.com/gaming/news/xb...",2025-10-14 08:50:29,2025-10-14 08:50:30,225
13014,Xbox(Xseries),Negative,If they have to buy studios to get games then it is basically a sign of a failed console.,2025-10-14 08:50:29,2025-10-14 08:50:30,91
13014,Xbox(Xseries),Negative,"If they have to buy studios to get games, that's basically a sign of a failed console.",2025-10-14 08:50:29,2025-10-14 08:50:30,86
13014,Xbox(Xseries),Negative,"If they have to buy studios to get games, it's essentially a sign of a failed console.",2025-10-14 08:50:29,2025-10-14 08:50:30,86
13014,Xbox(Xseries),Negative,If they have to buy studios to get games then it is surely every sign of a failed console.,2025-10-14 08:50:29,2025-10-14 08:50:30,90
13014,Xbox(Xseries),Negative,If and they have to buy studios designed to only get games then it is basically a sign of a possibly failed console.,2025-10-14 08:50:29,2025-10-14 08:50:30,116
13014,Xbox(Xseries),Negative,If they have to contract studios to get games then that most basically a sign of a failed console.,2025-10-14 08:50:29,2025-10-14 08:50:30,98
13015,Xbox(Xseries),Irrelevant,nan,2025-10-14 08:50:29,2025-10-14 08:50:30,3
13015,Xbox(Xseries),Irrelevant,It is not the first time that the EU Commission has taken such a step.,2025-10-14 08:50:29,2025-10-14 08:50:30,70
13015,Xbox(Xseries),Irrelevant,"At the same time, despite the fact that there are currently some 100 million people living below the poverty line, most of them do not have access to health services and do not have access to health care, while most of them do not have access to health care.",2025-10-14 08:50:29,2025-10-14 08:50:30,258
13015,Xbox(Xseries),Irrelevant,nan,2025-10-14 08:50:29,2025-10-14 08:50:30,3
13015,Xbox(Xseries),Irrelevant,nan,2025-10-14 08:50:29,2025-10-14 08:50:30,3
13015,Xbox(Xseries),Irrelevant,nan,2025-10-14 08:50:29,2025-10-14 08:50:30,3
13016,Xbox(Xseries),Negative,A revolutionary new form factor for PC gaming? Intel's new Ghost Canyon NUC offers excellent performance in a case that's significantly smaller than Xbox Series X: eurogamer.net/articles/digit…,2025-10-14 08:50:29,2025-10-14 08:50:30,193
13016,Xbox(Xseries),Negative,A revolutionary new form factor for PC games? Intel's new Ghost Canyon NUC offers outstanding performance in a chassis significantly smaller than the Xbox Series X: eurogamer.net / articles / digit...,2025-10-14 08:50:29,2025-10-14 08:50:30,200
13016,Xbox(Xseries),Negative,New form factor for video games? The new Ghost Canyon NUC Intel offers excellent performance in a case that is significantly smaller than the Xbox Series X: eurogen.net / articles / digit...,2025-10-14 08:50:29,2025-10-14 08:50:30,190
13016,Xbox(Xseries),Negative,A revolutionary new form<unk> of PC drivers? Intel's new Ghost Canyon hinge offers excellent performance in a case that's significantly smaller than Xbox Series X: eurogamer.net/articles/digit…,2025-10-14 08:50:29,2025-10-14 08:50:30,193
13016,Xbox(Xseries),Negative,A revolutionary relatively new form factor for PC space gaming?... Intel's new Ghost Canyon NUC card offers still excellent performance in a case that's only significantly smaller than Xbox Vision Series X : eurogamer. net / articles / digit html …,2025-10-14 08:50:29,2025-10-14 08:50:30,248
13016,Xbox(Xseries),Negative,A revolutionary body form factor for new gaming? Honda's new Ghost Canyon HD has incredible performance in a case that's significantly smaller than Xbox Series X: eurogamer.net/articles/digit...,2025-10-14 08:50:29,2025-10-14 08:50:30,194
13017,Xbox(Xseries),Irrelevant,Who would've thought Phil Spencer The world's biggest Liar would buy Todd Howard the world's 2nd biggest liar. Those of the same feather flock together.,2025-10-14 08:50:29,2025-10-14 08:50:30,152
13017,Xbox(Xseries),Irrelevant,Who would have thought that Phil Spencer The World's Biggest Liar Todd Howard would buy the world's second biggest liar.,2025-10-14 08:50:29,2025-10-14 08:50:30,120
13017,Xbox(Xseries),Irrelevant,"Who would have thought that the world's biggest liar, Phil Spencer, would buy Todd Howard, the world's second-biggest liar.",2025-10-14 08:50:29,2025-10-14 08:50:30,123
13017,Xbox(Xseries),Irrelevant,Who would've imagined Phil of The world's biggest Liar would buy Todd<unk> the world's 2nd biggest liar. Those of the same feather flock together.,2025-10-14 08:50:29,2025-10-14 08:50:30,146
13017,Xbox(Xseries),Irrelevant,... Who would've thought Phil Spencer The world's second biggest Liar would buy Todd Marshall Howard the world's 2nd biggest liar. Those of these the old same feather still flock together.,2025-10-14 08:50:29,2025-10-14 08:50:30,188
13017,Xbox(Xseries),Irrelevant,Who would've worn Phil Hughes The UK's biggest Liar should buy Todd Howard the world's 2nd biggest liar. Men of the same feather flock together.,2025-10-14 08:50:29,2025-10-14 08:50:30,144
13018,Xbox(Xseries),Positive,This is sexy as bro,2025-10-14 08:50:29,2025-10-14 08:50:30,19
13018,Xbox(Xseries),Positive,That's sexy as bro,2025-10-14 08:50:29,2025-10-14 08:50:30,18
13018,Xbox(Xseries),Positive,This is sexy as bro,2025-10-14 08:50:29,2025-10-14 08:50:30,19
13018,Xbox(Xseries),Positive,This is bad as bro,2025-10-14 08:50:29,2025-10-14 08:50:30,18
13018,Xbox(Xseries),Positive,This is sexy just as bro,2025-10-14 08:50:29,2025-10-14 08:50:30,24
13018,Xbox(Xseries),Positive,This is sexy blonde bro,2025-10-14 08:50:29,2025-10-14 08:50:30,23
13019,Xbox(Xseries),Neutral,"Oh great I was right, THIS fucking UI IS gonna be the XSex UI",2025-10-14 08:50:29,2025-10-14 08:50:30,61
13019,Xbox(Xseries),Neutral,"Oh great, I was right, THIS damn user interface is going to be the XSex user interface",2025-10-14 08:50:29,2025-10-14 08:50:30,86
13019,Xbox(Xseries),Neutral,"Oh great I was right, THIS fucking UI IS gonna be the XSex UI",2025-10-14 08:50:29,2025-10-14 08:50:30,61
13019,Xbox(Xseries),Neutral,"Oh great I was right, THIS fucking UI IS gonna mirror the XSex UI",2025-10-14 08:50:29,2025-10-14 08:50:30,65
13019,Xbox(Xseries),Neutral,"Oh great I also was right, because THIS fucking UI IS gonna surely be the XSex and UI",2025-10-14 08:50:29,2025-10-14 08:50:30,85
13019,Xbox(Xseries),Neutral,"Oh great I was impressed, THIS fucking UI IS gonna like our XSex UI",2025-10-14 08:50:29,2025-10-14 08:50:30,67
13020,Xbox(Xseries),Positive,@GAMEWrexham @GAMEdigital just got the email...stay safe all and thanks for being awesome for the industry in the UK....we will have a restart to 2020 and the awesome 9th Gen,2025-10-14 08:50:29,2025-10-14 08:50:30,176
13020,Xbox(Xseries),Positive,@ GAMEWrexham @ GAMEdigital has just received the email... play it safe and thank you for being awesome to the industry in the UK.... we will have a reboot in 2020 and the fantastic 9th Gen,2025-10-14 08:50:29,2025-10-14 08:50:30,189
13020,Xbox(Xseries),Positive,@ GAMEWrexham @ GAMEdigital just got the email... stay safe all and thanks for being awesome for the industry in the UK.... we will have a restart by 2020 and the awesome 9th Gen,2025-10-14 08:50:29,2025-10-14 08:50:30,178
13020,Xbox(Xseries),Positive,@GAMEWrexham @GAMEdigital just got the email...stay safe all and thanks for being awesome for your industry in the UK....we will have a restart by 2020 and the awesome Future Gen,2025-10-14 08:50:29,2025-10-14 08:50:30,178
13020,Xbox(Xseries),Positive,From @GAMEWrexham @GAMEdigital just got you the email... so stay safe all and me thanks everybody for being awesome for bringing the industry in the UK.... and we will have us a restart set to 2020 and the awesome 9th Gen,2025-10-14 08:50:29,2025-10-14 08:50:30,221
13020,Xbox(Xseries),Positive,with @GAMEWrexham we got the email...stay down there and thanks for working awesome for IT industry in the summer....we will have a restart to 2020 and the awesome 9th Gen,2025-10-14 08:50:29,2025-10-14 08:50:30,171
13021,Xbox(Xseries),Neutral,"New Super Lucky's Tale 🦊 chegando em breve no XboxGamePass para Console e PC!. We play together, anytime, anywhere!. . @PlayfulLucky",2025-10-14 08:50:29,2025-10-14 08:50:30,134
13021,Xbox(Xseries),Neutral,"New Super Lucky's Tale chegando em breve no XboxGamePass para Console e PC!. We play together, anytime, anywhere!.. @ PlayfulLucky",2025-10-14 08:50:29,2025-10-14 08:50:30,130
13021,Xbox(Xseries),Neutral,"New Super Lucky's Tale cheggenem breve no XboxGamePara e PC!. We play together, anytime, anywhere!. @ PlayfulLucky",2025-10-14 08:50:29,2025-10-14 08:50:30,114
13021,Xbox(Xseries),Neutral,"New Super Lucky's Tale adventures chegando o breve no XboxGamePass para Console e PC!. We play everywhere, anytime, anywhere!.. @PlayfulLucky",2025-10-14 08:50:29,2025-10-14 08:50:30,141
13021,Xbox(Xseries),Neutral,"Joe New Super Friends Lucky'90 s Tale [UNK] chegando con em la breve que no XboxGamePass Me para Console e PC!. 1 We play together, anytime, anywhere!.. @PlayfulLucky",2025-10-14 08:50:29,2025-10-14 08:50:30,166
13021,Xbox(Xseries),Neutral,"New Super Lucky's Tale <unk> chegando me breve no further para de e PC!. now watch anything, anytime, anywhere!.. @PlayfulLucky",2025-10-14 08:50:29,2025-10-14 08:50:30,127
13022,Xbox(Xseries),Irrelevant,...Top 10 Not So Awesome Developer That Fail To Market Their Old Games With An All DLC EDITION State*,2025-10-14 08:50:29,2025-10-14 08:50:30,101
13022,Xbox(Xseries),Irrelevant,... Top 10 Not-so-awesome developers who don't manage to market their old games with an all-DLC version *,2025-10-14 08:50:29,2025-10-14 08:50:30,105
13022,Xbox(Xseries),Irrelevant,... The top 10 are not so ascetic developers who want to sell their old games with the help of the all-consuming state DLC EDITION *,2025-10-14 08:50:29,2025-10-14 08:50:30,132
13022,Xbox(Xseries),Irrelevant,...Top 10 Not So Awesome Developer That Fail To Market Their Steam Games With Notice All DLC EDITION State*,2025-10-14 08:50:29,2025-10-14 08:50:30,107
13022,Xbox(Xseries),Irrelevant,... Top 10 Not Just So Awesome Developer Stations That Would Fail Used To Market Their Old Games With An Inside All Star DLC EDITION State *,2025-10-14 08:50:29,2025-10-14 08:50:30,140
13022,Xbox(Xseries),Irrelevant,...Top 10 Like So Awesome Pictures That Fail To Market Their Old Version With Their All DLC EDITION State*,2025-10-14 08:50:29,2025-10-14 08:50:30,106
13023,Xbox(Xseries),Neutral,"If Xbox Series X’s sales fail, Phil is to blame.",2025-10-14 08:50:29,2025-10-14 08:50:30,48
13023,Xbox(Xseries),Neutral,"If Xbox Series X sales fail, Phil is to blame.",2025-10-14 08:50:29,2025-10-14 08:50:30,46
13023,Xbox(Xseries),Neutral,"If Xbox Series X sales fail, Phil is to blame.",2025-10-14 08:50:29,2025-10-14 08:50:30,46
13023,Xbox(Xseries),Neutral,"If Xbox Series X’s sales fail, Phil is taking blame.",2025-10-14 08:50:29,2025-10-14 08:50:30,52
13023,Xbox(Xseries),Neutral,"If Xbox Series X ’ s sales fail, Phil is there to avoid blame.",2025-10-14 08:50:29,2025-10-14 08:50:30,62
13023,Xbox(Xseries),Neutral,"If Xbox Series X’s sales plummet, Who is to blame.",2025-10-14 08:50:29,2025-10-14 08:50:30,50
13024,Xbox(Xseries),Neutral,Wait this kinda hype,2025-10-14 08:50:29,2025-10-14 08:50:30,22
13024,Xbox(Xseries),Neutral,Wait for this hype,2025-10-14 08:50:29,2025-10-14 08:50:30,18
13024,Xbox(Xseries),Neutral,Wait for it?,2025-10-14 08:50:29,2025-10-14 08:50:30,12
13024,Xbox(Xseries),Neutral,Wait this big hype,2025-10-14 08:50:29,2025-10-14 08:50:30,18
13024,Xbox(Xseries),Neutral,Wait as this kinda hype,2025-10-14 08:50:29,2025-10-14 08:50:30,23
13024,Xbox(Xseries),Neutral,Wait what kinda hype,2025-10-14 08:50:29,2025-10-14 08:50:30,20
13025,Xbox(Xseries),Positive,"honestly, after the shit-show that was the XBox One X's pre-release news cycle, the Series X (which is still just... not a good name) is honestly setting itself up to earn back a LOT of good faith they carried with them through the early lifespan of the 360, and then some.",2025-10-14 08:50:29,2025-10-14 08:50:30,273
13025,Xbox(Xseries),Positive,"Frankly, after the shit show that was the pre-release cycle of the XBox One X, Series X (which is still just... not a good name) is honestly lining up to earn back a lot of the good faith it carried around during the early lifespan of the 360, and then some.",2025-10-14 08:50:29,2025-10-14 08:50:30,258
13025,Xbox(Xseries),Positive,"Frankly, after the crap show that was XBox One X's pre-release news cycle, the X series (which is still just... not a very good title) is honestly setting itself up to earn a lot of the goodwill they carried with them throughout the early life of 360, and then some.",2025-10-14 08:50:29,2025-10-14 08:50:30,266
13025,Xbox(Xseries),Positive,"honestly, after everything shit-show that was the XBox Edition X's pre-release news cycle, Noble Series 4 (which is still just... not a good name) is honestly setting themselves up to earn back a LOT of good press they carried with them through the early lifespan of the 360, and then some.",2025-10-14 08:50:29,2025-10-14 08:50:30,290
13025,Xbox(Xseries),Positive,"honestly, long after the shit - show that was the XBox One X'in s pre - release news run cycle, the Series X ( which is still just... not a good new name ) is honestly setting one itself up to earn itself back a LOT of real good working faith when they have carried with them through the early lifespan of the 360, and then some.",2025-10-14 08:50:29,2025-10-14 08:50:30,329
13025,Xbox(Xseries),Positive,"honestly, after everything shit-show that was the XBox One X's initial-release news cycle, the Series 3 (which is apparently just... not a good name) is honestly setting itself up to earn quite a LOT of Catholic faith they carried with them through the test phase of a 360, and then again.",2025-10-14 08:50:29,2025-10-14 08:50:30,289
13026,Xbox(Xseries),Neutral,Nice video by @JeffGrubb explaining the Auto-HDR function of the  . . Have a look at the video below:. youtube.com/watch?v=z9nx15…,2025-10-14 08:50:29,2025-10-14 08:50:30,130
13026,Xbox(Xseries),Neutral,Nice video from @ JeffGrubb showing the auto HDR feature of the.. Watch the video below: youtube.com / watch? v = z9nx15...,2025-10-14 08:50:29,2025-10-14 08:50:30,123
13026,Xbox(Xseries),Neutral,Nice video by @ JeffGrubb explaining the Auto-HDR function of the.. Have a look at the video below:. youtube.com / watch? v = z9nx15...,2025-10-14 08:50:29,2025-10-14 08:50:30,135
13026,Xbox(Xseries),Neutral,Nice video by YouTube highlighting all Auto-HDR function of the .. Have a look at the video below:. nature.com/watch?v=z9nx15…,2025-10-14 08:50:29,2025-10-14 08:50:30,126
13026,Xbox(Xseries),Neutral,Nice video installation by @JeffGrubb explaining the Auto - focus HDR viewing function required of viewing the.. Have a look at the video link below :. youtube. com / v watch? v = 70 z9nx15 …,2025-10-14 08:50:29,2025-10-14 08:50:30,191
13026,Xbox(Xseries),Neutral,informative video for Steven explaining the Auto-HDR function of the.. Have a look at many photo below:. Visit.com/watch?v=z9nx15...,2025-10-14 08:50:29,2025-10-14 08:50:30,132
13027,Xbox(Xseries),Neutral,When you find out you accidentally ordered Xbox One X instead of a Xbox Series X. .,2025-10-14 08:50:29,2025-10-14 08:50:30,85
13027,Xbox(Xseries),Neutral,If you find out that you have accidentally ordered Xbox One X instead of an Xbox Series X.,2025-10-14 08:50:29,2025-10-14 08:50:30,90
13027,Xbox(Xseries),Neutral,When you find out you've accidentally ordered the Xbox One X instead of the Xbox Series X.,2025-10-14 08:50:29,2025-10-14 08:50:30,90
13027,Xbox(Xseries),Neutral,When you find out you accidentally ordered Xbox One X instead of Microsoft Xbox Series X..,2025-10-14 08:50:29,2025-10-14 08:50:30,90
13027,Xbox(Xseries),Neutral,When you find out you accidentally ordered Xbox One Magic X instead of doing a Xbox Series Master X..,2025-10-14 08:50:29,2025-10-14 08:50:30,101
13027,Xbox(Xseries),Neutral,When you find out you accidentally ordered PS One X instead of X Xbox Series X..,2025-10-14 08:50:29,2025-10-14 08:50:30,80
13028,Xbox(Xseries),Irrelevant,"Been scrolling through my feed and noticed 2 things. I see a group of people excited for games like Demon’s Souls and Miles Morales while I see the other group tweeting/retweeting about Xbox fridges, packaging and RDNA 2  . .",2025-10-14 08:50:29,2025-10-14 08:50:30,227
13028,Xbox(Xseries),Irrelevant,"Browsing my feed, I noticed two things: I see one group of people enthusiastic about games like Demon's Souls and Miles Morales, while I see the other group tweeting about Xbox refrigerators, packaging, and RDNA 2.",2025-10-14 08:50:29,2025-10-14 08:50:30,214
13028,Xbox(Xseries),Irrelevant,"I see a group of people passionate about games like Demon's Souls and Miles Morales, while another group tweets / retweets about Xbox refrigerators, packaging, and RDNA 2.",2025-10-14 08:50:29,2025-10-14 08:50:30,171
13028,Xbox(Xseries),Irrelevant,"Been scrolling through my feed and noticed 2 things. I see a group in Koreans excited for games like Demon’s Souls and Miles Morales while I see the identical group writing/retweeting about upgraded fridges, packaging and RDNA 2 ..",2025-10-14 08:50:29,2025-10-14 08:50:30,231
13028,Xbox(Xseries),Irrelevant,"Noah Been scrolling through into my feed and hardly noticed 2 things. I see a group mass of people excited for upcoming games like Demon ’ s Souls and Miles Morales pictures while suddenly I see... the occasional other small group tweeting / retweeting about Xbox fridges, packaging and RDNA 2..",2025-10-14 08:50:29,2025-10-14 08:50:30,295
13028,Xbox(Xseries),Irrelevant,"Been scrolling through my feed and noticed 2 things. You see a crowd of people excited for games on Demon’s Souls and guys Morales like mine see the other group tweeting/retweeting on Xbox fridges, food and RDNA 2..",2025-10-14 08:50:29,2025-10-14 08:50:30,215
13029,Xbox(Xseries),Irrelevant,"Maybe because I've been involved in a few, I find the launch of a new console generation is the most tiresome part.. Between the rampant lies, drummed-up drama and crazy talk, I just want to skip ahead a year and be done with everyone's shit....",2025-10-14 08:50:29,2025-10-14 08:50:30,247
13029,Xbox(Xseries),Irrelevant,"Perhaps because I've been involved in a few, I find the launch of a new generation of consoles the most tiring part. Between the rampant lies, the hackneyed drama and the crazy talk, I just want to skip a year and get on with everyone's shit....",2025-10-14 08:50:29,2025-10-14 08:50:30,245
13029,Xbox(Xseries),Irrelevant,"Maybe because I've been involved in some, I find the launch of a new generation of console the most tedious part.. Between raging lies, muted drama, and crazy talk, I just want to skip the year and be done with all the shit....",2025-10-14 08:50:29,2025-10-14 08:50:30,227
13029,Xbox(Xseries),Irrelevant,"Maybe because I've been involved in a few, too know that launch of a new console generation is always really tiresome part.. Between the rampant lies, drummed-up drama and crazy talk, I just want to skip ahead a year and be done with everyone's shit....",2025-10-14 08:50:29,2025-10-14 08:50:30,253
13029,Xbox(Xseries),Irrelevant,"Maybe because I'have ve not been involved in a few, I find the launch day of a new shopping console generation is the most tiresome new part.. Between the rampant lies, drummed - back up drama elements and crazy talk, I just want to skip ahead a whole year and be done with everyone'current s weird shit....",2025-10-14 08:50:29,2025-10-14 08:50:30,307
13029,Xbox(Xseries),Irrelevant,"Maybe because I've been involved in a startup, I find the launch of a new console generation is the most depressing process.. Between the elaborate lies, drummed-up drama and dumb talk, I just would all speed ahead a year and be done watching everyone's shit....",2025-10-14 08:50:29,2025-10-14 08:50:30,262
13030,Xbox(Xseries),Irrelevant,So some devs dont seem happy with the Xbox Series S @digitalfoundry @dark1x @Dachsjaeger . . twitter.com/axelgneiting/s…,2025-10-14 08:50:29,2025-10-14 08:50:30,120
13030,Xbox(Xseries),Irrelevant,So some developers don't seem happy with the Xbox Series S @ digitalfoundry @ dark1x @ badger.. twitter.com / axelgneiting / s...,2025-10-14 08:50:29,2025-10-14 08:50:30,129
13030,Xbox(Xseries),Irrelevant,So some developers don't seem too happy with the Xbox Series S @ digitalfoundation @ darkfoundation @ sjaeger.,2025-10-14 08:50:29,2025-10-14 08:50:30,110
13030,Xbox(Xseries),Irrelevant,So some devs dont seem happy with the Xbox Series S RhandlerR RhandlerR RhandlerR . . twitter.com/axelgneiting/s…,2025-10-14 08:50:29,2025-10-14 08:50:30,113
13030,Xbox(Xseries),Irrelevant,A So some devs dont seem happy with the Xbox Series S RhandlerR RhandlerR RhandlerR . . twitter.com/axelgneiting/s…,2025-10-14 08:50:29,2025-10-14 08:50:30,115
13030,Xbox(Xseries),Irrelevant,to,2025-10-14 08:50:29,2025-10-14 08:50:30,2
13031,Xbox(Xseries),Irrelevant,"This is beyond stupidity, the consoles themselves aren’t even out yet lmao",2025-10-14 08:50:29,2025-10-14 08:50:30,74
13031,Xbox(Xseries),Irrelevant,"This is beyond stupidity, the consoles themselves are not even off. lmao",2025-10-14 08:50:29,2025-10-14 08:50:30,72
13031,Xbox(Xseries),Irrelevant,"This is beyond stupidity, the consoles themselves are not yet aligned lmao",2025-10-14 08:50:29,2025-10-14 08:50:30,74
13031,Xbox(Xseries),Irrelevant,"This is beyond stupidity, the consoles themselves aren’t even out... lmao",2025-10-14 08:50:29,2025-10-14 08:50:30,73
13031,Xbox(Xseries),Irrelevant,"This man is seriously beyond stupidity, the consoles themselves aren ’ don t even out yet lmao",2025-10-14 08:50:29,2025-10-14 08:50:30,94
13031,Xbox(Xseries),Irrelevant,"This<unk> beyond stupidity, and movie themselves aren’t even out yet lmao",2025-10-14 08:50:29,2025-10-14 08:50:30,73
13032,Xbox(Xseries),Positive,"🤔. . No, the PS5 won’t offer anywhere near the graphics performance of Xbox Series X: Navi benchmarks prove it - NotebookCheck.net News notebookcheck.net/No-the-PS5-won…",2025-10-14 08:50:29,2025-10-14 08:50:30,169
13032,Xbox(Xseries),Positive,"No, the PS5 won't come close to the graphics performance of the Xbox Series X: Navi benchmarks prove it - NotebookCheck.net News notebookcheck.net / No-the-PS5-won...",2025-10-14 08:50:29,2025-10-14 08:50:30,166
13032,Xbox(Xseries),Positive,"No, the PS5 will not be able to boast graphical characteristics close to those of the Xbox Series X: Navi benchmarks - NotebbyCheck.net News notebycheck.net / No-the-PS5-won...",2025-10-14 08:50:29,2025-10-14 08:50:30,176
13032,Xbox(Xseries),Positive,"🤔. Loading No, the PS5 won’t offer anywhere around the graphics performance of Xbox Series X: benchmark benchmarks prove this - checks.net News notebookcheck.net/No-the-PS5-won…",2025-10-14 08:50:29,2025-10-14 08:50:30,177
13032,Xbox(Xseries),Positive,"But [UNK].. No, the PS5 won ’ t offer anywhere really near the graphics performance features of Xbox Series Mark X : the Navi benchmarks not prove it - NotebookCheck. net and News on notebookcheck. net / No - and the - PS5 - 10 won …",2025-10-14 08:50:29,2025-10-14 08:50:30,233
13032,Xbox(Xseries),Positive,"<unk>.. No, the PS5 won’t score anywhere near the graphics the Samsung Wii Sport 7: The images prove it - NotebookCheck.net News notebookcheck.net/No-the-PS5-won...",2025-10-14 08:50:29,2025-10-14 08:50:30,164
13033,Xbox(Xseries),Irrelevant,How many of you have bought the season 6 battle pass for Modern war zone? Personally it’s fucking sicko mode . . •. •. •. •. •.,2025-10-14 08:50:29,2025-10-14 08:50:30,129
13033,Xbox(Xseries),Irrelevant,"How many of you bought the Season 6 Battlecard for the Modern War Zone? Personally, it's a damn sicko mode. •. •. •. •. •.",2025-10-14 08:50:29,2025-10-14 08:50:30,122
13033,Xbox(Xseries),Irrelevant,"How many of you bought a season ticket for the sixth season of \"Sovremennik\"? Personally, it hurts me a hell of a lot.",2025-10-14 08:50:29,2025-10-14 08:50:30,118
13033,Xbox(Xseries),Irrelevant,How many of you will bought the season 6 survival kit for Modern war zone? Personally it’s fucking sicko mode.. •. •. •. •. •.,2025-10-14 08:50:29,2025-10-14 08:50:30,126
13033,Xbox(Xseries),Irrelevant,2 How many millions of you have bought the season 6 battle pass for Modern war zone? Personally it ’ wasn s fucking sicko mode.. 0 •. s •. •.... •. to •.,2025-10-14 08:50:29,2025-10-14 08:50:30,153
13033,Xbox(Xseries),Irrelevant,How many of we had bought the season 8 battle pass into Modern war zone? Personally it’s fucking sicko mode.. •. •. •. 3. •.,2025-10-14 08:50:29,2025-10-14 08:50:30,124
13034,Xbox(Xseries),Negative,bruh if Xbox Series X game cases actually look like OG Xbox game cases my wallet finna have a problem.,2025-10-14 08:50:29,2025-10-14 08:50:30,102
13034,Xbox(Xseries),Negative,"bruh, if Xbox Series X game cases actually look like OG Xbox game cases, my wallet has a problem.",2025-10-14 08:50:29,2025-10-14 08:50:30,97
13034,Xbox(Xseries),Negative,"bruh, if the Xbox Series X gaming cases actually look like OG Xbox gaming cases, my finna wallet has a problem.",2025-10-14 08:50:29,2025-10-14 08:50:30,111
13034,Xbox(Xseries),Negative,bruh if Xbox Series X game cases almost sounds like OG Xbox game cases my wallet finna have a problem.,2025-10-14 08:50:29,2025-10-14 08:50:30,102
13034,Xbox(Xseries),Negative,... bruh if Xbox Series or X game cases actually look like OG Savage Xbox game cases and my wallet finna have a problem.,2025-10-14 08:50:29,2025-10-14 08:50:30,120
13034,Xbox(Xseries),Negative,bruh if Xbox System X game<unk> actually look like OG Xbox game cards my wallet finna have a problem.,2025-10-14 08:50:29,2025-10-14 08:50:30,101
13035,Xbox(Xseries),Irrelevant,"Funny how Xbox Series S will be inferior than Xbox One X. It doesn't make any sense for a next gen, by the way, I can see the flop coming @Xbox @majornelson @XboxP3",2025-10-14 08:50:29,2025-10-14 08:50:30,166
13035,Xbox(Xseries),Irrelevant,"Funny how the Xbox Series S will be inferior to the Xbox One X. It doesn't make sense for a next generation, by the way I see the flop coming @ Xbox @ majornelson @ XboxP3",2025-10-14 08:50:29,2025-10-14 08:50:30,171
13035,Xbox(Xseries),Irrelevant,"Funny how the Xbox Series S will be inferior to the Xbox One X. There's no point for the next generation, by the way, I can see the flop coming @ Xbox @ majenelson @ XboxP3",2025-10-14 08:50:29,2025-10-14 08:50:30,172
13035,Xbox(Xseries),Irrelevant,"Funny how Xbox Series S will be easier than Xbox One X. It doesn't make any sense for a console gen, by the way, I can feel more flop coming @Xbox @majornelson @XboxP3",2025-10-14 08:50:29,2025-10-14 08:50:30,167
13035,Xbox(Xseries),Irrelevant,"5 Funny how the Xbox World Series S here will surely be inferior than Xbox One or X. 22 It doesn'The t make any sense for a next gen, by in the way, I can see the flop coming @Xbox @majornelson @XboxP3",2025-10-14 08:50:29,2025-10-14 08:50:30,201
13035,Xbox(Xseries),Irrelevant,"Funny how Xbox seems S to be inferior than Xbox One X. It doesn't make any sense for a third gen, right the way, You can see the flop in just @Xbox @majornelson",2025-10-14 08:50:29,2025-10-14 08:50:30,160
13036,Xbox(Xseries),Irrelevant,nan,2025-10-14 08:50:29,2025-10-14 08:50:30,3
13036,Xbox(Xseries),Irrelevant,It is not the first time that the EU Commission has taken such a step.,2025-10-14 08:50:29,2025-10-14 08:50:30,70
13036,Xbox(Xseries),Irrelevant,"At the same time, despite the fact that there are currently some 100 million people living below the poverty line, most of them do not have access to health services and do not have access to health care, while most of them do not have access to health care.",2025-10-14 08:50:29,2025-10-14 08:50:30,258
13036,Xbox(Xseries),Irrelevant,nan,2025-10-14 08:50:29,2025-10-14 08:50:30,3
13036,Xbox(Xseries),Irrelevant,nan,2025-10-14 08:50:29,2025-10-14 08:50:30,3
13036,Xbox(Xseries),Irrelevant,nan,2025-10-14 08:50:29,2025-10-14 08:50:30,3
13037,Xbox(Xseries),Positive,"It's weird, everyone's known about this for so long but we're still just getting leaks about it. Can't wait to see it, I think it's going to be shockingly cheap",2025-10-14 08:50:29,2025-10-14 08:50:30,160
13037,Xbox(Xseries),Positive,"It's weird, everyone's known about it for so long, but we're still getting indiscretions about it. I can't wait to see it, I think it's going to be shockingly cheap.",2025-10-14 08:50:29,2025-10-14 08:50:30,165
13037,Xbox(Xseries),Positive,"It's weird, everyone has known about it for so long, but we still just get leaches about it. Can't wait to see it, I think it's going to be shockingly cheap",2025-10-14 08:50:29,2025-10-14 08:50:30,156
13037,Xbox(Xseries),Positive,"It's weird, everyone's known about it for so long but we're still just getting leaks about something. Can't wait to see it, I think it's going to be shockingly pretty",2025-10-14 08:50:29,2025-10-14 08:50:30,166
13037,Xbox(Xseries),Positive,"No It'r s weird, everyone's known how about this for so long today but we're still just getting leaks about it. Can'l t quite wait to see it, although I really think it'll s going to be shockingly cheap",2025-10-14 08:50:29,2025-10-14 08:50:30,202
13037,Xbox(Xseries),Positive,"It's weird, everyone's worried about this for so long but we're still just getting press about it. Can't want to see it, they think it's going it be pretty cheap",2025-10-14 08:50:29,2025-10-14 08:50:30,161
13038,Xbox(Xseries),Negative,This is sad.,2025-10-14 08:50:29,2025-10-14 08:50:30,12
13038,Xbox(Xseries),Negative,It's sad.,2025-10-14 08:50:29,2025-10-14 08:50:30,9
13038,Xbox(Xseries),Negative,It's sad.,2025-10-14 08:50:29,2025-10-14 08:50:30,9
13038,Xbox(Xseries),Negative,This felt sad.,2025-10-14 08:50:29,2025-10-14 08:50:30,14
13038,Xbox(Xseries),Negative,the This is sad.,2025-10-14 08:50:29,2025-10-14 08:50:30,16
13038,Xbox(Xseries),Negative,He is sad.,2025-10-14 08:50:30,2025-10-14 08:50:30,10
13039,Xbox(Xseries),Positive,"Damn! Microsoft is going all out in showing off the new Xbox Series X while Sony hasn't made a peep theverge.com/2020/3/16/2115…. . As a PlayStation guy, this thing sounds like a screamer.",2025-10-14 08:50:30,2025-10-14 08:50:30,188
