ID,Topic,Sentiment,Text,Timestamp,IngestedAt,TextLength
76,Amazon,Neutral,"Just got the kiddos backpacks ordered today. Click below to get some great ideas 4 school & other things needed 4 a successful school year!. *my amazon affiliate link, doesn't cost you anything, if you buy something I'll get a commission. .  amzn.to/3glkyiE via @amazon",2025-10-14 20:43:20,2025-10-14 20:43:30,269
76,Amazon,Neutral,"I just ordered the Kiddos backpacks, click below to get some great ideas, 4 schools & other things needed 4 for a successful school year! * My Amazon affiliate link doesn't cost you anything, if you buy something I get a commission... amzn.to / 3glkyiE via @ amazon",2025-10-14 20:43:20,2025-10-14 20:43:30,265
76,Amazon,Neutral,"Click below to get some great ideas 4 school & other things needed 4 a successful school year!. * my amazon affiliate link, doesn't cost you anything, if you buy something I'll get a commission.. amzto / 3glkyiE via @ amazon",2025-10-14 20:43:20,2025-10-14 20:43:30,224
76,Amazon,Neutral,"Just got the kiddos backpacks ordered today. Click below to get some great ideas 4 school & other things needed 4 a successful next year!. an amazon affiliate link, doesn't cost them anything, if you buy something We get a commission. *  img.to/3glkyiE via @amazon",2025-10-14 20:43:20,2025-10-14 20:43:30,264
76,Amazon,Neutral,"a Just got off the kiddos backpacks ordered extra today. A Click below to get some great ideas 4 for school & other things you needed 4 a successful school year!. * in my amazon phone affiliate link, doesn't actually cost you anything, if you buy something I'll get a commission.. amzn. is to / 3glkyiE via @amazon",2025-10-14 20:43:20,2025-10-14 20:43:30,314
76,Amazon,Neutral,"Just got the kiddos backpacks ordered today. login below to post some help ideas 4 school to other things needed 4 a successful school year!. *my amazon affiliate is, doesn't sell you anything, if you buy something I'll email the coupon.. amzn.to/3glkyiE via mine",2025-10-14 20:43:20,2025-10-14 20:43:30,263
77,Amazon,Irrelevant,Social distancing can be sexy!,2025-10-14 20:43:20,2025-10-14 20:43:30,30
77,Amazon,Irrelevant,Social distance can be sexy!,2025-10-14 20:43:20,2025-10-14 20:43:30,28
77,Amazon,Irrelevant,Social distancing can be sexual!,2025-10-14 20:43:20,2025-10-14 20:43:30,32
77,Amazon,Irrelevant,Social distancing can be effective!,2025-10-14 20:43:20,2025-10-14 20:43:30,35
77,Amazon,Irrelevant,Social distancing ways can be sexy!,2025-10-14 20:43:20,2025-10-14 20:43:30,35
77,Amazon,Irrelevant,Social distancing can seem sexy!,2025-10-14 20:43:20,2025-10-14 20:43:30,32
78,Amazon,Negative,Amazon Basics or Amazon Recommended products have a bad track record in my opinion. 4/5 items broke conveniently the month after their warranty expired.,2025-10-14 20:43:20,2025-10-14 20:43:30,154
78,Amazon,Negative,Amazon Basics or Amazon Recommended Products have a poor track record in my opinion. 4 / 5 items broke conveniently one month after the warranty expired.,2025-10-14 20:43:20,2025-10-14 20:43:30,153
78,Amazon,Negative,"Amazon or Amazon Readed products, in my opinion, have a bad reputation.",2025-10-14 20:43:20,2025-10-14 20:43:30,71
78,Amazon,Negative,Amazon Basics or Amazon Recommended products have a bad road record in my opinion. 4/5 items broke conveniently the month after after warranty expired.,2025-10-14 20:43:20,2025-10-14 20:43:30,151
78,Amazon,Negative,All Amazon Basics Now or Amazon Recommended products have a bad track of record period in my opinion. 4 / 5 items broke conveniently in the first month after their warranty expired.,2025-10-14 20:43:20,2025-10-14 20:43:30,181
78,Amazon,Negative,Amazon Basics or Amazon Recommended products have a bad track day in my column. 4/5 already broke conveniently the one after their warranty expired.,2025-10-14 20:43:20,2025-10-14 20:43:30,148
79,Amazon,Negative,"@amazonIN @amazon @AmazonHelp . On top of that, you cancel the order but you details say customer has cancelled the order. whom you want to befool..",2025-10-14 20:43:20,2025-10-14 20:43:30,150
79,Amazon,Negative,"@ amazonIN @ amazon @ AmazonHelp. On top of that, you cancel the order, but you indicate that the customer has cancelled the order. Who are you trying to deceive?",2025-10-14 20:43:20,2025-10-14 20:43:30,162
79,Amazon,Negative,"@ amazonIN @ amazon @ AmazonHelp. Also, you cancel an order, but you say in detail that the customer has cancelled the order. Whom do you want to fool..",2025-10-14 20:43:20,2025-10-14 20:43:30,152
79,Amazon,Negative,"@amazonIN @amazon.. On top off that, you cancel the order but you details that customer has cancelled the order. whom you want to befool..",2025-10-14 20:43:20,2025-10-14 20:43:30,138
79,Amazon,Negative,"→ @amazonIN @amazon @AmazonHelp. On top of trying that, apparently you absolutely cancel only the new order but you details say customer has simply cancelled the order. whom else you want to befool..",2025-10-14 20:43:20,2025-10-14 20:43:30,199
79,Amazon,Negative,"@amazonIN return @amazon. on top of that, you cancel the order without you details not customer actually cancelled the order. whom you wish to befool..",2025-10-14 20:43:20,2025-10-14 20:43:30,151
80,Amazon,Neutral,14.39 Carats TCW 100% Natural Beautiful Amethyst Oval Cabochon Gem by DVG DVG... amazon.com/dp/B07WG5QYS7/… via @amazon,2025-10-14 20:43:20,2025-10-14 20:43:30,119
80,Amazon,Neutral,14.39 Carat TCW 100% Natural Beautiful Amethyst Oval Cabochon Gem by DVG DVG... amazon.com / dp / B07WG5QYS7 /... via @ amazon,2025-10-14 20:43:20,2025-10-14 20:43:30,126
80,Amazon,Neutral,14.39 Carats TCW 100% Natural Amethyst Oval Cabochon Gem by DVG DVG... amazon.com / dp / BWG5QYS7 /... via @ amazon,2025-10-14 20:43:20,2025-10-14 20:43:30,115
80,Amazon,Neutral,14.39 Golden TCW 100% Natural Beautiful Amethyst Leaf Circle Gem by a DVG... amazon.com/dp/B07WG5QYS7/… via @amazon,2025-10-14 20:43:20,2025-10-14 20:43:30,115
80,Amazon,Neutral,14. The 39 Carats from TCW in 100 % Natural Beautiful Organic Amethyst Oval Cabochon Gem Produced by DVG on DVG... in amazon. like com / 2015 dp / x B07WG5QYS7 / … via @amazon,2025-10-14 20:43:20,2025-10-14 20:43:30,175
80,Amazon,Neutral,is.39 Carats of Movie Plus Super Deep Green Cabochon Led by DVG DVG... amazon.com/dp/B07WG5QYS7/... via @amazon,2025-10-14 20:43:20,2025-10-14 20:43:30,111
81,Amazon,Neutral,"Amazon Best Sellers: Best 2 in 1 Laptop Computers. . Acer Spin 11 2-in-1 Convertible 11.6\" HD Touchscreen WLED-Backlit Chromebook, Intel Celeron N3350 Processor, 4GB Memory, 32GB eMMC, Bluetooth, WiFi, Webcam, Google Chrome OS, Obsidian Black. . … ift.tt/2S0OdDA",2025-10-14 20:43:20,2025-10-14 20:43:30,262
81,Amazon,Neutral,"Amazon Bestsellers: Best 2 in 1 Laptop Computer.. Acer Spin 11 2-in-1 Convertible 11.6 \"HD Touchscreen WLED Backlit Chromebook, Intel Celeron N3350 Processor, 4GB Storage, 32GB eMMC, Bluetooth, WiFi, Webcam, Google Chrome OS, Obsidian Black.... ift.tt / 2S0OdDA",2025-10-14 20:43:20,2025-10-14 20:43:30,261
81,Amazon,Neutral,"Amazon Best Sellers: Best 2 in 1: Top Computers.. Acer Spin 11 2-in-1 Convertible 11,6 \"HD Touchscreen W2-Backlit Chromebook, Intel Celeron N3350 Processor, 4 GB Memory, 32 GB eMMC, Bluetooth, WiFi, Webcam, Google Chrome OS, Obsidian Black.... i.tt / 2S0OdDA",2025-10-14 20:43:20,2025-10-14 20:43:30,258
81,Amazon,Neutral,"Amazon Now Selling: Best 2 in 1 Laptop Computers.. Acer AS 11 8-in-1 Convertible 11.6\" HD Touchscreen WLED-Backlit Chromebook, Intel Celeron N3350 Processor, 4GB Memory, 32GB eMMC, WiFi, WiFi, Webcam, Google Mate OS, Obsidian Black. Check … bit.tt/2S0OdDA",2025-10-14 20:43:20,2025-10-14 20:43:30,255
81,Amazon,Neutral,"Amazon Best Sellers : Best 2 in 1 Laptop Open Computers.. Acer or Spin II 11 to 2 - in - 1 Convertible 11. 6 \" Media HD on Touchscreen on WLED - Backlit Chromebook, Intel Celeron N3350 Processor, 4GB Memory, 32GB eMMC, Bluetooth, Apple WiFi, Webcam, Google Android Chrome OS OS, Obsidian Black.. … ift. tt / 2S0OdDA",2025-10-14 20:43:20,2025-10-14 20:43:30,315
81,Amazon,Neutral,"Amazon Best Sellers: Best 2 and 3 Laptop Computers.. Hot Spin 11 2-in-1 with 11.6\" HD Digital WLED-Backlit Chromebook, a Celeron N3350 Processor, 4GB Memory, 32GB eMMC, Bluetooth, Flash, Snap, Google Chrome OS, Classic Black..... In.tt/2S0OdDA",2025-10-14 20:43:20,2025-10-14 20:43:30,243
83,Amazon,Neutral,Hundreds of Amazon employees put jobs at risk by criticizing firm’s climate change policy trib.al/ouRVlL6 https://t.co/ZULYXw3h0R,2025-10-14 20:43:20,2025-10-14 20:43:30,129
83,Amazon,Neutral,Hundreds of Amazon employees are putting jobs at risk by criticizing the company's climate policy.al / ouRVlL6 https: / / t.co / ZULYXw3h0R,2025-10-14 20:43:20,2025-10-14 20:43:30,139
83,Amazon,Neutral,Many Amazon employees are putting jobs at risk by criticizing the company's climate change policies. trib.al / ouRVlL6,2025-10-14 20:43:20,2025-10-14 20:43:30,118
83,Amazon,Neutral,Hundreds of Amazon consumers put jobs at risks over criticizing firm’s climate change policy trib.al/ouRVlL6 https://t.co/ZULYXw3h0R],2025-10-14 20:43:20,2025-10-14 20:43:30,133
83,Amazon,Neutral,Hundreds of Amazon employees put jobs at high risk again by directly criticizing a firm ’ s climate change development policy trib. al / ouRVlL6 i https://t.co/ZULYXw3h0R ],2025-10-14 20:43:20,2025-10-14 20:43:30,172
83,Amazon,Neutral,where angry Amazon critics put jobs at risk by criticizing firm’s climate change [ trib.al/ouRVlL6 https://t.co/ZULYXw3h0R],2025-10-14 20:43:20,2025-10-14 20:43:30,123
84,Amazon,Neutral,"@CarebyHDFC_HL @HDFCBank_Cares ,@HDFC_Bank Amazon has refunded my amount, but it's not reflecting in my Bank balance, it's been 3 days no response I have tried all means to contact.",2025-10-14 20:43:20,2025-10-14 20:43:30,181
84,Amazon,Neutral,"@ CarebyHDFC _ HL @ HDFCBank _ Cares, @ HDFC _ Bank Amazon has refunded my amount, but it is not reflected in my bank balance, there has been no response for 3 days, which I have tried by all means to contact.",2025-10-14 20:43:20,2025-10-14 20:43:30,209
84,Amazon,Neutral,"@ CarebyFC _ B @ HCBank _ Cares, @ FC _ Bank Amazon has refunded my amount but it is not on my bank balance, it has been 3 days without a response, I have tried to contact by all means.",2025-10-14 20:43:20,2025-10-14 20:43:30,185
84,Amazon,Neutral,"@CarebyHDFC_HL @HDFCBank_Cares... Amazon has refunded an amount, but it's not reflecting in my Bank balance, it's been 3 days no response I have tried 3 ways to contact.",2025-10-14 20:43:20,2025-10-14 20:43:30,169
84,Amazon,Neutral,"@CarebyHDFC_HL @HDFCBank_Cares, 2007 @HDFC_Bank Amazon has refunded I my transfer amount, but it'll s not reflecting facts in my Bank balance, it's been me 3 days no response I can have tried all the means to establish contact.",2025-10-14 20:43:20,2025-10-14 20:43:30,227
84,Amazon,Neutral,"Amazon or,@CarebyHDFC_HL Amazon has refunded my amount, but there's not reflecting in my outstanding balance, it's been going am no response I have tried all means in contact.",2025-10-14 20:43:20,2025-10-14 20:43:30,175
85,Amazon,Neutral,There is no greater illustration of corporate America’s moral decay than Amazon theguardian.com/commentisfree/…,2025-10-14 20:43:20,2025-10-14 20:43:30,111
85,Amazon,Neutral,There is no better example of America's moral decay than Amazon theguardian.com / commenttisfree /...,2025-10-14 20:43:20,2025-10-14 20:43:30,101
85,Amazon,Neutral,There is no clearer illustration of the moral decline of corporate America than Amazon theguardian.com / free /...,2025-10-14 20:43:20,2025-10-14 20:43:30,114
85,Amazon,Neutral,There is none greater picture of corporate America’s moral decay than Amazon theguardian.com/commentisfree/…,2025-10-14 20:43:20,2025-10-14 20:43:30,108
85,Amazon,Neutral,... There is no greater comprehensive illustration project of corporate America ’ ″ s moral decay than Amazon theguardian. com / commentisfree / day …,2025-10-14 20:43:20,2025-10-14 20:43:30,150
85,Amazon,Neutral,There is no greater tragedy than corporate America’s demographic decay that Amazon theguardian.com/commentisfree/...,2025-10-14 20:43:20,2025-10-14 20:43:30,116
86,Amazon,Neutral,"No  . 2020-04-07 01:21:43EST. Tweet me your zip to get updates or send \"Stop\"",2025-10-14 20:43:20,2025-10-14 20:43:30,77
86,Amazon,Neutral,"No. 2020-04-07 01: 21: 43EST. Tweet me your zip to get updates or send \"Stop\"",2025-10-14 20:43:20,2025-10-14 20:43:30,77
86,Amazon,Neutral,# 2020-04-07 01: 21: 43EST.,2025-10-14 20:43:20,2025-10-14 20:43:30,27
86,Amazon,Neutral,"No . 2020-04-07 01:21:43EST. Tweet me this address to get updates or send \"Stop\"",2025-10-14 20:43:20,2025-10-14 20:43:30,80
86,Amazon,Neutral,"Code No. 2020 - 04 - 06 07... 01 : 21 21 : 43EST. Tweet me your zip to get updates correct or send \" Stop \"",2025-10-14 20:43:20,2025-10-14 20:43:30,107
86,Amazon,Neutral,"<unk>. 2020-04-07 01:21:43EST. Tell me your number to get updates just send \"Stop\"",2025-10-14 20:43:20,2025-10-14 20:43:30,82
88,Amazon,Neutral,"@GOP and @SenateFloor THIS BOOK EXPOSES \"THE POT CALLING THE KETTLE BLACK\" TO CONFRONT THE EVILDOERS AND PARTISAN POLITICS THAT IS DESTROYING AMERICA... I pray that you read these pages with an open mind-JESUS IS ONLY ONE WITHOUT SIN—Available on Amazon amazon.com/dp/1661386431?… https://t.co/lg9F27jEFu",2025-10-14 20:43:20,2025-10-14 20:43:30,304
88,Amazon,Neutral,"@ GOP and @ SenateFloor THIS BOOK EXCLUDES \"THE POT TO CONTROL THE CHAIN BLACK THAT DESTROYS AMERICA... I pray that you read these pages with an open mind - JESUS IS ONLY A WITHOUT SIN - Available on Amazon amazon.com / dp / 1661386431?... https: / / t.co / lg9F27jEFu",2025-10-14 20:43:20,2025-10-14 20:43:30,268
88,Amazon,Neutral,"@ GOP and @ SenateFloor THIS WILL BE EXHIBITED \"CREDENTIALS AND PARTY POLICIES THAT MAKE AMERICA... I think you're reading these pages with an open mind - KNOWLEDGE TO BE SAID - available on Amazon amazon.com / dp / 16613831?...",2025-10-14 20:43:20,2025-10-14 20:43:30,228
88,Amazon,Neutral,"@GOP<unk> S NEW BOOK EXPOSES \"THE POT OF THEM KETTLE BLACK\" TO CONFRONT THE EVILDOERS AND PARTISAN POLITICS THAT IS DESTROYING AMERICA... I insist that you digest these pages with an open minds-JESUS IS ONLY ONE STEP SIN—Available on Amazon amazon.com/dp/1661386431?… https://t.co/lg9F27jEFu]",2025-10-14 20:43:20,2025-10-14 20:43:30,292
88,Amazon,Neutral,"@GOP and @SenateFloor AND THIS OF BOOK EXPOSES \" THE POT CALLING THE KETTLE BLACK \" TO CONFRONT IF THE EVILDOERS AND PARTISAN POLITICS OF THAT IS A DESTROYING AMERICA... I pray that by you read these few pages with an open mind - JESUS IS WHO ONLY AND ONE WITHOUT SIN — 3 Available on Amazon amazon. com / dp / 1661386431? … https://t.co/lg9F27jEFu ]",2025-10-14 20:43:20,2025-10-14 20:43:30,350
88,Amazon,Neutral,"As THE @GOP THIS BOOK EXPOSES \"THE POT CALLING THE KETTLE BLACK\" TO CONFRONT THE EVILDOERS THAT PARTISAN POLITICS AND IS REAL AMERICA... I ask that folks read these pages with an open opinion-JESUS IS ONLY ONE WITHOUT SIN—Available on Amazon amazon.com/dp/1661386431?... And]",2025-10-14 20:43:20,2025-10-14 20:43:30,275
90,Amazon,Negative,So apparently Fred Perry is discontinuing the shirt that the Proud Boys wear. They do know that they sell knockoffs on Amazon right? 🤦. ‍.  So stupid.,2025-10-14 20:43:20,2025-10-14 20:43:30,150
90,Amazon,Negative,"Apparently Fred Perry is hiring the shirt the Proud Boys are wearing, you know they're selling discounts on Amazon, right?",2025-10-14 20:43:20,2025-10-14 20:43:30,122
90,Amazon,Negative,"So apparently Fred Perry takes off the Proud Boys shirt. They know they're selling knock-downs on Amazon, right?... So silly.",2025-10-14 20:43:20,2025-10-14 20:43:30,125
90,Amazon,Negative,So now Fred Perry is discontinuing the shirt that the Proud Boys wear. They do know if they sell knockoffs of Amazon right? 🤦. ‍.  So stupid.,2025-10-14 20:43:20,2025-10-14 20:43:30,141
90,Amazon,Negative,the So apparently after Fred Perry also is now discontinuing the shirt that the Proud Boys wear. They do know that they will sell knockoffs on Amazon right? [UNK].. No So no stupid.,2025-10-14 20:43:20,2025-10-14 20:43:30,181
90,Amazon,Negative,is apparently Fred Perry is discontinuing the shirt that the Original Four wear. They do know and they sell shirt on Amazon right? <unk>.. So stupid.,2025-10-14 20:43:20,2025-10-14 20:43:30,149
91,Amazon,Neutral,Amazon threatens to fire critics who are outspoken on its environmental policies wowplus.net/amazon-threate… https://t.co/89pTAIBvrZ,2025-10-14 20:43:20,2025-10-14 20:43:30,132
91,Amazon,Neutral,Amazon is threatening to fire critics who speak openly about its environmental policies. https: / / t.co / 89pTAIBvrZ,2025-10-14 20:43:20,2025-10-14 20:43:30,117
91,Amazon,Neutral,Amazon threatens to fire critics of its environmental policy wowplus.net / amazon-threat...,2025-10-14 20:43:20,2025-10-14 20:43:30,91
91,Amazon,Neutral,Amazon threatens to jail critics who are outspoken on its page wowplus.net/amazon-threate… 1],2025-10-14 20:43:20,2025-10-14 20:43:30,93
91,Amazon,Neutral,Amazon routinely threatens users to fire critics who themselves are outspoken on its environmental policies wowplus. net / con amazon - est threate net … https://t.co/89pTAIBvrZ ],2025-10-14 20:43:20,2025-10-14 20:43:30,179
91,Amazon,Neutral,Amazon threatens public fire critics who are outspoken in her environmental policies wowplus.net/amazon-threate...<unk>],2025-10-14 20:43:20,2025-10-14 20:43:30,120
92,Amazon,Neutral,Google and Apple remain incapable of challenging Amazon’s smart speaker dominance tech.dsmenders.com/google-and-app… https://t.co/QtzaFAcgKu,2025-10-14 20:43:20,2025-10-14 20:43:30,140
92,Amazon,Neutral,Google and Apple continue to be unable to challenge Amazon's dominance in smart speakers tech.dsmenders.com / google-and-app... https: / / t.co / QtzaFAcgKu,2025-10-14 20:43:20,2025-10-14 20:43:30,156
92,Amazon,Neutral,Google and Apple remain unable to challenge Amazon's dominance in the field of smart speakers tech.menders.com / google-and-app...,2025-10-14 20:43:20,2025-10-14 20:43:30,130
92,Amazon,Neutral,Google and Apple remain mum on challenging Amazon’s smart speaker dominance tech.dsmenders.com/google-and-app… 1],2025-10-14 20:43:20,2025-10-14 20:43:30,113
92,Amazon,Neutral,because Google Earth and Big Apple currently remain incapable of challenging Amazon lines ’ Amazon s smart speaker dominance tech. dsmenders. com / google - and - app …... https://t.co/QtzaFAcgKu ],2025-10-14 20:43:20,2025-10-14 20:43:30,197
92,Amazon,Neutral,Google and am absolutely incapable of challenging Amazon’s smart media product tech.dsmenders.com/google-and-app... X],2025-10-14 20:43:20,2025-10-14 20:43:30,118
93,Amazon,Positive,Thank you Amazon for this quiz. @NagrajGortyal1 @amazonIN,2025-10-14 20:43:20,2025-10-14 20:43:30,59
93,Amazon,Positive,Thank you Amazon for this quiz. @ NagrajGortyal1 @ amazonIN,2025-10-14 20:43:20,2025-10-14 20:43:30,59
93,Amazon,Positive,Thank you Amazon for this quiz. @ NagrajGenyal1 @ amazonIN,2025-10-14 20:43:20,2025-10-14 20:43:30,58
93,Amazon,Positive,Thank you Amazon using this quiz. @NagrajGortyal1 @amazonIN,2025-10-14 20:43:20,2025-10-14 20:43:30,59
93,Amazon,Positive,Thank knowing you Amazon for offering this quiz. @NagrajGortyal1 to @amazonIN,2025-10-14 20:43:20,2025-10-14 20:43:30,77
93,Amazon,Positive,Thank<unk> Amazon for this quiz. @NagrajGortyal1 Thank,2025-10-14 20:43:20,2025-10-14 20:43:30,54
94,Amazon,Negative,Really Amazon. Fuck off no way .. .,2025-10-14 20:43:20,2025-10-14 20:43:30,37
94,Amazon,Negative,Really Amazon. Fuck off no way...,2025-10-14 20:43:20,2025-10-14 20:43:30,33
94,Amazon,Negative,Really Amazon. Fuck off no way...,2025-10-14 20:43:20,2025-10-14 20:43:30,33
94,Amazon,Negative,Really Amazon. Fuck off no way not.,2025-10-14 20:43:20,2025-10-14 20:43:30,35
94,Amazon,Negative,Really Amazon. Fuck off or no goddamn way...,2025-10-14 20:43:20,2025-10-14 20:43:30,44
94,Amazon,Negative,Really Amazon. Fuck it no it...,2025-10-14 20:43:20,2025-10-14 20:43:30,31
95,Amazon,Negative,"@amazonIN and @rblbank i frustrated due to missing conversation between both of you, i have brought mobile from Amazon india on emi facility via RBL  bank credit card, however rbl sent me statement for total value of mobile. Now both Amazon and rbl not helping me pathetic service",2025-10-14 20:43:20,2025-10-14 20:43:30,280
95,Amazon,Negative,"@ amazonIN and @ rblbank I frustrated due to lack of conversations between you both, I have brought mobile from Amazon India to emi facility via RBL Bank credit card, but rbl sent me bank statement for the total value of mobile. Now both Amazon and rbl do not help me pathetic service",2025-10-14 20:43:20,2025-10-14 20:43:30,284
95,Amazon,Negative,"@ amazonIN and @ rblbank I'm upset about a missed call between both of you, I brought a mobile from Amazon India to my emi-account via an RBL bank card, but rbL sent me a statement for the total cost of the mobile.",2025-10-14 20:43:20,2025-10-14 20:43:30,214
95,Amazon,Negative,"@amazonIN and @rblbank i frustrated owing to missing conversation between 2 of you, i have brought mobile from Amazon india on emi facility via RBL  bank credit line, finally rbl sent me statement for total value for mobile. Now both Amazon and rbl not helping me deliver service",2025-10-14 20:43:20,2025-10-14 20:43:30,279
95,Amazon,Negative,"@amazonIN and indeed @rblbank i frustrated that due to missing conversation between both of you, i have brought mobile from Amazon for india on emi facility via RBL bank and credit card, however rbl sent me the statement checking for total value of one mobile. in Now with both Amazon and rbl not helping me feel pathetic service",2025-10-14 20:43:20,2025-10-14 20:43:30,329
95,Amazon,Negative,"sorry and much i frustrated due for missing conversation with three of you, i have brought card from Amazon bank on emi facility via RBL bank credit card, also rbl sent me email for total use of mobile. Now both Amazon and rbl not helping me pathetic service",2025-10-14 20:43:20,2025-10-14 20:43:30,258
96,Amazon,Positive,"Seeing Amazon Prime marketing Borat by getting him in TikToks, vlogs, YouTube videos is amazing.. . World's changing, if you still doubt the power of an online audience, it's time to quit.",2025-10-14 20:43:20,2025-10-14 20:43:30,188
96,Amazon,Positive,"Watching Amazon Prime market Borat by embedding it in tiki-toks, vlogs, YouTube videos is amazing... The world is changing, if you still doubt the power of an online audience, it's time to stop.",2025-10-14 20:43:20,2025-10-14 20:43:30,194
96,Amazon,Positive,"Seeing Amazon Prime promote Borat by luring him to Tesla Toks, vlogs, YouTube videos is amazing... The world is changing, and if you still doubt the power of online audiences, it's time to quit.",2025-10-14 20:43:20,2025-10-14 20:43:30,194
96,Amazon,Positive,"Seeing Amazon Prime marketing Borat by getting him in TikToks, vlogs, YouTube videos is amazing... World's changing, if they still doubt the power of an individual audience, well ok to quit.",2025-10-14 20:43:20,2025-10-14 20:43:30,190
96,Amazon,Positive,"Seeing in Amazon Prime marketing Borat by Google getting at him in TikToks, other vlogs, other YouTube videos is amazing... World's changing, especially if once you could still still doubt the power of an enthusiastic online audience, it's time to quit.",2025-10-14 20:43:20,2025-10-14 20:43:30,253
96,Amazon,Positive,"Seeing Amazon Prime producing results by getting him in TikToks, vlogs, YouTube videos to shame... World's changing, yet you still have your power of an online audience, it's time to quit.",2025-10-14 20:43:20,2025-10-14 20:43:30,188
97,Amazon,Positive,Thank u amazon .,2025-10-14 20:43:20,2025-10-14 20:43:30,18
97,Amazon,Positive,Thank you Amazon.,2025-10-14 20:43:20,2025-10-14 20:43:30,17
97,Amazon,Positive,Thank u amazon.,2025-10-14 20:43:20,2025-10-14 20:43:30,15
97,Amazon,Positive,Thank u so.,2025-10-14 20:43:20,2025-10-14 20:43:30,11
97,Amazon,Positive,4 Thank u amazon.,2025-10-14 20:43:20,2025-10-14 20:43:30,17
97,Amazon,Positive,to u amazon.,2025-10-14 20:43:20,2025-10-14 20:43:30,12
98,Amazon,Positive,New season of 'The Boys' is back on Amazon we lit!,2025-10-14 20:43:20,2025-10-14 20:43:30,50
98,Amazon,Positive,"The new season of \"The Boys\" is back on Amazon, which we set alight!",2025-10-14 20:43:20,2025-10-14 20:43:30,68
98,Amazon,Positive,"The new season of \"Boys\" is back on Amazon, which we lit up!",2025-10-14 20:43:20,2025-10-14 20:43:30,60
98,Amazon,Positive,New season of 'The Boys' is streamed on Amazon we lit!,2025-10-14 20:43:20,2025-10-14 20:43:30,54
98,Amazon,Positive,New season of'The Boys'is back on the Amazon we were lit!,2025-10-14 20:43:20,2025-10-14 20:43:30,57
98,Amazon,Positive,New season of 'The Lion' is now on Amazon we lit!,2025-10-14 20:43:20,2025-10-14 20:43:30,49
99,Amazon,Neutral,As much as I love political shows my wife & I decided to skip everyone & spent the day binge watching BOSCH on Amazon. What a welcome relief from gloom & doom.,2025-10-14 20:43:20,2025-10-14 20:43:30,159
99,Amazon,Neutral,"As much as I love political shows, my wife and I have decided to skip them all and spend the day watching them on Amazon.",2025-10-14 20:43:20,2025-10-14 20:43:30,121
99,Amazon,Neutral,"Just as I love political shows, my wife and I decided to skip everything and spent the day watching BOSCH on Amazon - what a welcome relief from the dark and doomed.",2025-10-14 20:43:20,2025-10-14 20:43:30,165
99,Amazon,Neutral,As much as I adore political shows my wife & I decided to skip everyone & stay the night binge watching BOSCH on Amazon. What a welcome relief from gloom & doom.,2025-10-14 20:43:20,2025-10-14 20:43:30,161
99,Amazon,Neutral,As much as performing I love political shows my wife & daughters I decided never to skip everyone & spent the day binge by watching BOSCH on Amazon. 3 What is a welcome relief out from gloom & doom.,2025-10-14 20:43:20,2025-10-14 20:43:30,198
99,Amazon,Neutral,As In A I hated political shows my wife & she decided to skip everyone & spent the day binge watching BOSCH on Amazon. What a welcome relief to gloom & doom.,2025-10-14 20:43:20,2025-10-14 20:43:30,157
100,Amazon,Neutral,"Check out Cenizas Men's Half Sleeves Polo Collort Neck Casual T-shirt (Maroon Grey, XXL) by Cenizas amzn.to/3aGILNu via @amazon Fit Type: Slim Fit. Comfort : Best Fashionably Comfortable 100% Cotton Polo Collor T-Shirt that you have wore till now",2025-10-14 20:43:20,2025-10-14 20:43:30,248
100,Amazon,Neutral,"Check out Cenizas Men's Half Sleeve Polo Collort Neck Casual T-Shirt (Maroon Grey, XXL) by Cenizas amzn.to / 3aGILNu via @ amazon Fit Type: Slim Fit. Comfort: Best fashionably comfortable 100% cotton Polo Collor T-shirt you have worn until now",2025-10-14 20:43:20,2025-10-14 20:43:30,243
100,Amazon,Neutral,"Cenizas Men's Half Sleeves Polo Collort Neck Casual (Maroon Grey, XXL) T-shirt from Cenizas amzento / 3aGILNu via @ amazon Type of kit: Slim Fit.",2025-10-14 20:43:20,2025-10-14 20:43:30,145
100,Amazon,Neutral,"Check For Cenizas Men's Half Sleeves Polo No Neck Casual hi-shirt (Maroon Grey, XXL) by Cenizas amzn.to/3aGILNu via Amazon Fit<unk>: Slim m. Comfort : Best Fashionably Comfortable 95% Cotton Polo Collor T-Shirt that you have wore till now",2025-10-14 20:43:20,2025-10-14 20:43:30,238
100,Amazon,Neutral,"Google Check yourself out Cenizas Men's Half Sleeves Polo the Collort Deep Neck Casual Black T - shirt ( Maroon Grey, a XXL ) by Cenizas amzn. to / 3aGILNu via phone @amazon Fit Type : Slim Fit. Comfort : Best Fashionably Comfortable 100 % Cotton Polo Collor T - Shirt shirt that you have wore over till now",2025-10-14 20:43:20,2025-10-14 20:43:30,307
100,Amazon,Neutral,"Check out Cenizas America's Half Sleeves Polo Collort Neck Casual T-shirt (Maroon Grey, USA) at Cenizas by.to/3aGILNu via @amazon Product Type: Slim Fit. Material : Best Fashionably Comfortable 100% Cotton Polo Short Tre-Shirt that you have had till you",2025-10-14 20:43:20,2025-10-14 20:43:30,253
101,Amazon,Neutral,Cool ad I got on my amazon tv . Anyways watch the nwsl challenge cup championship Sunday 26th 9:30a pst/ 12:30p est pic.twitter.com/p77A390BuC,2025-10-14 20:43:20,2025-10-14 20:43:30,142
101,Amazon,Neutral,"Cool advertisement I got on my Amazon TV. Anyway, watch the nwsl Wandercup Championship on Sunday, September 26th at 9: 30a pst / 12: 30p est pic.twitter.com / p77A390BuC.",2025-10-14 20:43:20,2025-10-14 20:43:30,171
101,Amazon,Neutral,"Cool commercial I got on my Amazon TV. Either way, watch the newsl challenge championship Sunday 26th 9: 30a pst / 12: 30p est pic.webs.com / p77A390BuC",2025-10-14 20:43:20,2025-10-14 20:43:30,152
101,Amazon,Neutral,Cool ad I got on my amazon tv . Anyways watch the nwsl challenge cup championship Sunday 26th 9:30a pst/ 12:30p est pic.twitter.com/p77A390BuC,2025-10-14 20:43:20,2025-10-14 20:43:30,142
101,Amazon,Neutral,com Cool ad I got on my amazon tv . Anyways watch the nwsl challenge cup championship Sunday 26th 9:30a pst/ 12:30p est pic.twitter.com/p77A390BuC,2025-10-14 20:43:20,2025-10-14 20:43:30,146
101,Amazon,Neutral,from,2025-10-14 20:43:20,2025-10-14 20:43:30,4
102,Amazon,Neutral,Grandfather wall clock makes an excellent addition to  your living room decor.. . vmarketingsite.info/pendulum-decor….  .,2025-10-14 20:43:20,2025-10-14 20:43:30,125
102,Amazon,Neutral,Grandfather wall clock is an excellent addition to your living room decor... vmarketingsite.info / pendulum decor.....,2025-10-14 20:43:20,2025-10-14 20:43:30,118
102,Amazon,Neutral,Grandpa wall clock makes a great addition to the decor of your living room... vmarketingsite.info / pendulum-decor.....,2025-10-14 20:43:20,2025-10-14 20:43:30,119
102,Amazon,Neutral,Grandfather Christmas clock makes an excellent addition to  your living room.. youtube.info/pendulum-decor…. .,2025-10-14 20:43:20,2025-10-14 20:43:30,110
102,Amazon,Neutral,Grandfather wall alarm clock makes an undoubtedly excellent new addition to enhance your living room room decor... vmarketingsite. com info / pendulum - decor …..,2025-10-14 20:43:20,2025-10-14 20:43:30,162
102,Amazon,Neutral,Grandfather wall clock make you interesting addition so any living room decor... vmarketingsite.info/pendulum-decor.....,2025-10-14 20:43:20,2025-10-14 20:43:30,120
103,Amazon,Neutral,I accidentally ordered two of these from Amazon. Second arrived today. Does anyone want to buy it from me that lives local to Sidcup or South East? £30. Let me know otherwise I’ll send it back .  pic.twitter.com/YRzuENpXcl,2025-10-14 20:43:20,2025-10-14 20:43:30,222
103,Amazon,Neutral,I accidentally ordered two from Amazon and the second arrived today. Does anyone who lives in Sidcup or the South East want to buy them from me? £30. Let me know or I'll send them back. pic.twitter.com / YRzuENpXcl,2025-10-14 20:43:20,2025-10-14 20:43:30,214
103,Amazon,Neutral,"Anyone want to buy it from me who lives in Sidcup or the South East? £30. Let me know, otherwise I'll send it back. pic.facebook.com / YRENpXcl",2025-10-14 20:43:20,2025-10-14 20:43:30,143
103,Amazon,Neutral,I accidentally ordered two of these from Amazon. Second arrived today. Does anyone want to buy it from me that lives local to Sidcup or South East? £30. Let me know otherwise I’ll send it back .  pic.twitter.com/YRzuENpXcl,2025-10-14 20:43:20,2025-10-14 20:43:30,222
103,Amazon,Neutral,and I accidentally ordered two of these from Amazon. Second arrived today. Does anyone want to buy it from me that lives local to Sidcup or South East? £30. Let me know otherwise I’ll send it back .  pic.twitter.com/YRzuENpXcl,2025-10-14 20:43:20,2025-10-14 20:43:30,226
103,Amazon,Neutral,the,2025-10-14 20:43:20,2025-10-14 20:43:30,3
104,Amazon,Negative,"Hey @amazon I understand with everything going on there's a delay in actually shipping orders but why is it when they are now shipped (which has been relatively quick) , they are going out 7 day ups ground? Where's the 2 day shipping prime members paid for?",2025-10-14 20:43:20,2025-10-14 20:43:30,257
104,Amazon,Negative,"Hey @ amazon I understand that with everything that is going on there is a delay in the actual delivery of orders, but why do they go up 7 days when they are being shipped now (which happened relatively quickly)?",2025-10-14 20:43:20,2025-10-14 20:43:30,212
104,Amazon,Negative,"Hey @ amazon I understand with everything going on there's a delay in de facto shipping orders but why is it when they are now shipped (which has been relatively quick), they are going out 7 day ups ground? Where's the 2 day shipping prime members paid for?",2025-10-14 20:43:20,2025-10-14 20:43:30,257
104,Amazon,Negative,"Hey @amazon I heard with everything going on there's a delay in actually shipping<unk> but why is it when orders are now processed (which has been relatively quick), they are going out 7 day ups ground? Where's the 2 day promo prime members paid for?",2025-10-14 20:43:20,2025-10-14 20:43:30,250
104,Amazon,Negative,"Hey @amazon I well understand with this everything going going on there's a major delay in actually shipping their orders now but... why is in it just when they are now shipped ( which has been relatively quick ), they are going out 7 day ups ground? Anyway Where's the 2 day shipping prime members paid for?",2025-10-14 20:43:20,2025-10-14 20:43:30,308
104,Amazon,Negative,"Kevin @amazon I understand when everything going on there's this decrease in actually shipping orders but why is it when these are now shipped (which has been relatively new), they where going out 7 day bare ground? Where's the 2 day shipping prime members paid tax?",2025-10-14 20:43:20,2025-10-14 20:43:30,266
105,Amazon,Irrelevant,"Over the past year alone, five exposés by the Guardian, the Bureau of Investigative Journalism, the Brazilian agency Réporter Brasil, Greenpeace and Amnesty International, have linked JBS to cattle supplied by Amazon farms involved in deforestation.. . theguardian.com/environment/20…",2025-10-14 20:43:20,2025-10-14 20:43:30,284
105,Amazon,Irrelevant,"In the past year alone, five revelations by the Guardian, Bureau of Investigative Journalism, Brazilian agency Réporter Brasil, Greenpeace and Amnesty International have linked JBS to cattle from Amazon farms involved in deforestation.... theguardian.com / environment / 20...",2025-10-14 20:43:20,2025-10-14 20:43:30,276
105,Amazon,Irrelevant,"In the past year alone, five Guardian publications, the Bureau of Investigative Journalism, Brazil's Réporter Brasil agency, and Amnesty International have linked JBS to cattle supplied by Amazon farmers involved in defilement... theguardian.com / environment / 20...",2025-10-14 20:43:20,2025-10-14 20:43:30,267
105,Amazon,Irrelevant,"Over the past year alone, five exposés by the Guardian, the Centre of Investigative Journalism, the Brazilian agency Réporter Brasil, Reuters and Amnesty International, exclusively linked JBS to cattle supplied in Amazon farms engaging in deforestation... theguardian.com/environment/20…",2025-10-14 20:43:20,2025-10-14 20:43:30,287
105,Amazon,Irrelevant,"Over the past year alone, five investigative exposés by the Jamaica Guardian, the Bureau of Investigative Journalism, of the Brazilian environment agency Réporter Brasil, Greenpeace and by Amnesty International, have finally linked JBS to cattle supplied successfully by Amazon farms involved in deforestation... theguardian. know com / wild environment / Chapter 20 …",2025-10-14 20:43:20,2025-10-14 20:43:30,368
105,Amazon,Irrelevant,"of the past year 5, five exposes via This Guardian, the Bureau of Investigative Justice, top Brazilian agency Reporter Brasil, Interpol and Amnesty International, systematically compared JBS to cattle supplied by Amazon farms involved in deforestation... theguardian.com/environment/20...",2025-10-14 20:43:20,2025-10-14 20:43:30,288
106,Amazon,Neutral,"Amazon Brand – Happy Belly Hot Chunky Salsa, 24oz FOR $3.99 shipped. dealingindeals.com/amazon-brand-h… https://t.co/0YMQEvuRef",2025-10-14 20:43:20,2025-10-14 20:43:30,127
106,Amazon,Neutral,"Amazon Brand - Happy Belly Hot Chunky Salsa, 24 ounces shipped for $3.99. Dealingindeals.com / amazon-brand-h... https: / / t.co / 0YMQEvuRef",2025-10-14 20:43:20,2025-10-14 20:43:30,141
106,Amazon,Neutral,"Amazon brand - Happy Belly Hot Channel y Salsa, 24oz FOR $3.99 shippeeddealingindeals.com / amazon-brand-h...",2025-10-14 20:43:20,2025-10-14 20:43:30,109
106,Amazon,Neutral,"Amazon Brand – Happy Feet Hot Chunky Salsa, 24oz FOR 1.99 shipped. e.com/amazon-brand-h… https://t.co/0YMQEvuRef]",2025-10-14 20:43:20,2025-10-14 20:43:30,113
106,Amazon,Neutral,"Amazon Prime Brand Gold – Happy Belly Hot Hot Chunky Salsa, 24oz... FOR $ 000 3. 65 99 When shipped. dealingindeals. com / amazon - brand - h … https://t.co/0YMQEvuRef ]",2025-10-14 20:43:20,2025-10-14 20:43:30,169
106,Amazon,Neutral,"Amazon Online – Cherry Natural Tea Chunky Salsa, 24oz FOR $3.99 x. Find.com/amazon-brand-h... https://t.co/0YMQEvuRef]",2025-10-14 20:43:20,2025-10-14 20:43:30,118
107,Amazon,Negative,Researchers disclosed flaws in Amazon Alexa that could allow attackers to access personal data and install skills on Echo devices.. .,2025-10-14 20:43:20,2025-10-14 20:43:30,135
107,Amazon,Negative,Researchers revealed vulnerabilities in Amazon Alexa that could allow attackers to access personal data and install capabilities on Echo devices.,2025-10-14 20:43:20,2025-10-14 20:43:30,145
107,Amazon,Negative,Researchers have discovered valves in Amazon's Alexa that could allow attackers to access personal data and install skills on Echo devices.,2025-10-14 20:43:20,2025-10-14 20:43:30,139
107,Amazon,Negative,Researchers disclosed flaws in Amazon Alexa that could allow attackers to access personal data and language skills on Echo devices.. »,2025-10-14 20:43:20,2025-10-14 20:43:30,134
107,Amazon,Negative,Other Researchers disclosed flaws in Amazon Alexa that often could allow attackers to remotely access personal computer data and install skills on Echo devices...,2025-10-14 20:43:20,2025-10-14 20:43:30,162
107,Amazon,Negative,Researchers disclosed flaws in Amazon Alexa products could allow attackers to access account data and install code on Echo devices...,2025-10-14 20:43:20,2025-10-14 20:43:30,133
108,Amazon,Neutral,"Amazon Buys Old Chicago Property; Mayor Claar Not Happy About It | Bolingbrook, IL Behold...an OLD SKOOL REPUBLICAN who told AMZ that $15 an hour AINT SHIT when it comes to pay!   There are 2 Repubs  in this country that I don’t have a issue with, he is 1 patch.com/illinois/bolin…",2025-10-14 20:43:20,2025-10-14 20:43:30,281
108,Amazon,Neutral,"Amazon buys old Chicago property; Mayor Claar is not happy about it | Bolingbrook, IL See there... an OLD COOLREPUBLICAN who told AMZ that $15 an hour SHIT when it comes to paying! There are 2 repubs in this country with which I have no problem, he is 1 patch.com / illinois / bolin...",2025-10-14 20:43:20,2025-10-14 20:43:30,285
108,Amazon,Neutral,"Amazon is buying old Chicago real estate; Mayor Klaar is not happy about it; Bolingbrook, Ill.... an old repudiator who told AMZ that $15 an hour is AINT SHIT when it comes to paying! There are 2 Repbrook in this country with which I have no problem, he's 1 patch.com / illinois / bolin...",2025-10-14 20:43:20,2025-10-14 20:43:30,289
108,Amazon,Neutral,"Amazon Granted Old Town Property; Mayor Claar Not Happy About This | Bolingbrook, IL Behold...an OLD SKOOL REPUBLICAN says has AMZ that $15 an hour AINT SHIT when it comes to pay!   There s 2 Repubs  in this country today I don’t have a issue with, he is also patch.com/illinois/bolin…",2025-10-14 20:43:20,2025-10-14 20:43:30,285
108,Amazon,Neutral,"Amazon Buys Old Chicago Property ; Mayor Claar was Not Happy About It | I Bolingbrook, IL Behold... an early OLD SKOOL REPUBLICAN who told the AMZ that $ 15 an hour AINT SHIT when it comes to rent pay! There certainly are about 2 Repubs in... this country that I frankly don ’ t have a issue with, he always is 1 patch. com / illinois / bolin …",2025-10-14 20:43:20,2025-10-14 20:43:30,344
108,Amazon,Neutral,"Amazon Buys Old Chicago Property; Mayor Claar Not Happy About It | Illinois, IL Behold...an OLD SKOOL REPUBLICAN who told AMZ that $15 an hour AINT SHIT before he comes to shit! 1 are no Repubs in this country and I don’t share any issue with, he is 1 and.com/illinois/bolin...",2025-10-14 20:43:20,2025-10-14 20:43:30,277
109,Amazon,Neutral,Amazon’s Ring Has Fired Four for Trying to Access Customer Data bit.ly/39P4DGg https://t.co/W3fPZqRIIR,2025-10-14 20:43:20,2025-10-14 20:43:30,102
109,Amazon,Neutral,Amazon's ring has fired four for trying to access customer data bit.ly / 39P4DGg https: / / t.co / W3fPZqRIIR,2025-10-14 20:43:20,2025-10-14 20:43:30,109
109,Amazon,Neutral,Amazon fires four for trying to access customer data bit.ly / 39P4DGg,2025-10-14 20:43:20,2025-10-14 20:43:30,69
109,Amazon,Neutral,Amazon’s Ring Has Fired Four for Thief Getting Access Customer Data bit.ly/39P4DGg https://t.co/W3fPZqRIIR],2025-10-14 20:43:20,2025-10-14 20:43:30,107
109,Amazon,Neutral,The Amazon ’ ′ s The Ring Has Fired Four Points for Not Trying to Help Access Customer Data bit. ly / 39P4DGg https://t.co/W3fPZqRIIR ],2025-10-14 20:43:20,2025-10-14 20:43:30,135
109,Amazon,Neutral,Amazon’s Ring<unk> Fired Four for You to Scan Web Data bit.ly/39P4DGg https://t.co/W3fPZqRIIR],2025-10-14 20:43:20,2025-10-14 20:43:30,94
110,Amazon,Neutral,🤔. Jeff Bezos sold $3.4bn of Amazon stock just before Covid-19 collapse theguardian.com/business/2020/…,2025-10-14 20:43:20,2025-10-14 20:43:30,103
110,Amazon,Neutral,Jeff Bezos sold $3.4 billion of Amazon shares just before Covid collapsed. theguardian.com / business / 2020 /...,2025-10-14 20:43:20,2025-10-14 20:43:30,113
110,Amazon,Neutral,Jeff Bezos sold $3.4 billion worth of Amazon shares shortly before the collapse of Covid-19 theguardian.com / business / 2020 /...,2025-10-14 20:43:20,2025-10-14 20:43:30,130
110,Amazon,Neutral,🤔. Jeff Bezos<unk> $3.4bn of Amazon<unk> week before Covid-19 collapse theguardian.com/business/2020/…,2025-10-14 20:43:20,2025-10-14 20:43:30,102
110,Amazon,Neutral,[UNK]. Jeff Bezos had sold $ 17 3. 4bn of Brazilian Amazon stock just before GM Covid - Cloud 19 must collapse theguardian. com / business / 2020 / …,2025-10-14 20:43:20,2025-10-14 20:43:30,149
110,Amazon,Neutral,<unk>. He has sold $3.4bn of Amazon Prime just when Covid-19 collapse AT.com/business/2020/...,2025-10-14 20:43:20,2025-10-14 20:43:30,94
111,Amazon,Neutral,@liamwhitehouse1 Thanks for entering Grand Summoners  . . Watch the video to see if you won a $100 Amazon gift card! . Retweet everyday for another chance to win!. . . Play now for a FREE . 5 Yu Yu Hakusho Unit! .  https://t.co/vuFNpEgixe,2025-10-14 20:43:20,2025-10-14 20:43:30,238
111,Amazon,Neutral,@ liamwhitehouse1 Thank you for participating in Summoners.. Watch the video to see if you have won an Amazon gift card worth $100!. Retweet every day to get another chance to win!.. Play now for FREE. 5 Yu Yu Hakusho Unit!. https: / / t.co / vuFNpEgixe,2025-10-14 20:43:20,2025-10-14 20:43:30,253
111,Amazon,Neutral,@ liamwhitehouse1 Thanks for entering Grand Summoners.. Watch the video to see if you won a $100 Amazon gift card!. Retweet every day for another chance to win!... Play now for a FREE. 5 Yu Yu Yusho Unit!.,2025-10-14 20:43:20,2025-10-14 20:43:30,205
111,Amazon,Neutral,@liamwhitehouse1 Thanks for playing Grand Summoners .. Follow the video to see if you won a $100 Amazon gift card!. Retweet everyday for another chance to win!... Play now get a FREE. 5 Yu Yu Hakusho Cup! +  https://t.co/vuFNpEgixe],2025-10-14 20:43:20,2025-10-14 20:43:30,232
111,Amazon,Neutral,@liamwhitehouse1 Thanks you for entering at Grand Summoners.. Watch out the video to and see if you won a $ 7 100 Amazon gift card!. Retweet something everyday for ever another chance to ever win!... Play now for a FREE. 5 Point Yu Yu Hakusho Unit!. On https://t.co/vuFNpEgixe ],2025-10-14 20:43:20,2025-10-14 20:43:30,278
111,Amazon,Neutral,@liamwhitehouse1 Thanks for entering Christmas Summoners.. Watch the video to know if you won top $100 Amazon gift bag!. Retweet game for another chance to win!... Save tag for getting FREE. 5 Yu Yu Hakusho Pin!. x],2025-10-14 20:43:20,2025-10-14 20:43:30,215
112,Amazon,Neutral,Screaming for Pleasure: How Horror Makes You Happy and Healthy,2025-10-14 20:43:20,2025-10-14 20:43:30,64
112,Amazon,Neutral,Crying for Pleasure: How Horror Makes You Happy and Healthy,2025-10-14 20:43:20,2025-10-14 20:43:30,59
112,Amazon,Neutral,Cry for help: how horror makes you happy and healthy,2025-10-14 20:43:20,2025-10-14 20:43:30,52
112,Amazon,Neutral,Screaming for Pleasure: How Horror keeps You Happy and Healthy,2025-10-14 20:43:21,2025-10-14 20:43:30,62
112,Amazon,Neutral,Screaming for Pleasure : How Horror Film Makes You Be Happy and Healthy,2025-10-14 20:43:21,2025-10-14 20:43:30,71
112,Amazon,Neutral,Screaming with Pleasure: How Horror Makes You Happy In Healthy,2025-10-14 20:43:21,2025-10-14 20:43:30,62
113,Amazon,Negative,Amazon fires two employees critical of warehouse working conditions: The Seattle-based firm has been facing public scrutiny over safety and working conditions after cases of COVID-19 were reported in some of its facilities nbcnews.com/tech/tech-news…,2025-10-14 20:43:21,2025-10-14 20:43:30,250
113,Amazon,Negative,Amazon fires two employees critical of working conditions at warehouses: The Seattle-based company is facing a public review of safety and working conditions after cases of COVID-19 were reported at some of its facilities nbcnews.com / tech / tech-news...,2025-10-14 20:43:21,2025-10-14 20:43:30,255
113,Amazon,Negative,Amazon fires two employees critical of working conditions: Seattle-based firm faces public scrutiny over safety and working conditions after COVID-19 incidents were reported at some of its facilities nnews.com / tech / tech-news...,2025-10-14 20:43:21,2025-10-14 20:43:30,231
113,Amazon,Negative,Amazon fires two employees ahead of warehouse working conditions: a Seattle-based firm has began facing public scrutiny over safety at working conditions because cases of COVID-19 were reported in some of its facilities nbcnews.com/tech/tech-news…,2025-10-14 20:43:21,2025-10-14 20:43:30,247
113,Amazon,Negative,Amazon fires two employees critical of warehouse working performance conditions : 2013 The largest Seattle - based firm Aurora has been facing intense public scrutiny over safety and working practice conditions after cases of COVID - 19 were reported in just some sectors of its own facilities via nbcnews. com / tech / tech - news …,2025-10-14 20:43:21,2025-10-14 20:43:30,333
113,Amazon,Negative,Amazon fires two employees critical of warehouse working conditions: Her Seattle-based firm was been facing harsh scrutiny over criticism of working conditions after cases of COVID-19 were reported in raids at their facilities nbcnews.com/tech/tech-news...,2025-10-14 20:43:21,2025-10-14 20:43:30,256
114,Amazon,Neutral,Amazon prime offers an amazing gift card during this Covid-19 pandemic...!!!!. !!!..Enjoy your quaraintine time and use it properly..!!!. Grab this CHANCE Quickly..!!!. Get it NOW. >>amazonprimegiftcard.wixsite.com/giftcard<<,2025-10-14 20:43:21,2025-10-14 20:43:30,225
114,Amazon,Neutral,Amazon Prime is offering a fantastic gift card during this Covid 19 pandemic...!!!!!!!!.. Enjoy your quarantine time and use it properly..!!! Grab this CHANCE quickly...!!!. Get it NOW. > > amazonprimegiftcard.wixsite.com / giftcard < <,2025-10-14 20:43:21,2025-10-14 20:43:30,236
114,Amazon,Neutral,Amazon Prime offers an amazing gift card during this Kovida-19 pandemic...!!!!!!.. Enjoy your quarantine time and use it properly..!!!. Take this card quickly..!!!. Get it NOW. > > amazonprimegioncardwixsite.com / gibbcard;);););););););););););););););););););););););););););););););););););););););););););););););););););););););););););););););,2025-10-14 20:43:21,2025-10-14 20:43:30,349
114,Amazon,Neutral,Amazon really made an amazing gift card during this 9-19 pandemic...!!!!.!!!..Enjoy every quaraintine time and use yourself properly..!!!. Make this CHANCE Quickly..!!!. Get it NOW. >>amazonprimegiftcard.wixsite.com/giftcard<<,2025-10-14 20:43:21,2025-10-14 20:43:30,226
114,Amazon,Neutral,Amazon prime offers for an ever amazing looking gift card during this Covid - 19 pandemic...!!!!.!!!.. Enjoy your precious quaraintine time item and use it properly..!!!. Grab this and CHANCE Quickly..!!!. or Get over it NOW. > > amazonprimegiftcard. wixsite. web com / a giftcard < <,2025-10-14 20:43:21,2025-10-14 20:43:30,284
114,Amazon,Neutral,Amazon website offers an amazing chance of helping this Covid-19 pandemic...!!!!.!!!..Enjoy your quaraintine time you visit Amazon properly..!!!. Grab A CHANCE Quickly..!!!. Available today NOW. >>amazonprimegiftcard.wixsite.com/giftcard<<,2025-10-14 20:43:21,2025-10-14 20:43:30,239
115,Amazon,Negative,Plague of Corruption is,2025-10-14 20:43:21,2025-10-14 20:43:30,25
115,Amazon,Negative,The plague of corruption is,2025-10-14 20:43:21,2025-10-14 20:43:30,27
115,Amazon,Negative,The Corruption Plague Is,2025-10-14 20:43:21,2025-10-14 20:43:30,24
115,Amazon,Negative,Plague without Corruption is,2025-10-14 20:43:21,2025-10-14 20:43:30,28
115,Amazon,Negative,Plague of Public Corruption is,2025-10-14 20:43:21,2025-10-14 20:43:30,30
115,Amazon,Negative,age of Corruption is,2025-10-14 20:43:21,2025-10-14 20:43:30,20
116,Amazon,Neutral,"A jaded priest's quest for the truth takes a lethal turn when he stumbles upon an ancient conspiracy, thrusting him into the clutches of a fanatical enemy in the Vatican.. . THE PACKAGE  . . A conspiracy worth killing for . . . and dying for. . Amazon: amazon.com/dp/B07NV4ZVBQ",2025-10-14 20:43:21,2025-10-14 20:43:30,277
116,Amazon,Neutral,An exhausted priest's quest for the truth takes a deadly turn when he comes across an ancient conspiracy that pushes him into the clutches of a fanatical enemy in the Vatican... THE PACKAGE... A conspiracy worth killing for... and worth dying for... Amazon: amazon.com / dp / B07NV4ZVBQ,2025-10-14 20:43:21,2025-10-14 20:43:30,286
116,Amazon,Neutral,"The search for truth by a demented priest takes a deadly turn when he stumbles upon an ancient plot, pushing him into the arms of a fanatical enemy in the Vatican... PACKAGE... A plot worth killing for... and dying for... Amazon: amazon.com / dp / BNV4ZVBQ",2025-10-14 20:43:21,2025-10-14 20:43:30,256
116,Amazon,Neutral,"A jaded priest's quest for the truth takes a lethal turn when revelation<unk> upon an ancient conspiracy, thrusting him into the clutches of a fanatical enemy in the Vatican... THE PACKAGE .! A book worth killing for.... and living for.. Amazon: Kindle.com/dp/B07NV4ZVBQ",2025-10-14 20:43:21,2025-10-14 20:43:30,270
116,Amazon,Neutral,"A jaded priest's quest for the truth takes a lethal side turn further when he unexpectedly stumbles upon an immense ancient conspiracy, thrusting him into the clutches of of a fanatical enemy interested in building the underground Vatican... THE PACKAGE.. A conspiracy worth even killing for... and dying for.. Amazon : website amazon. com / dp / B07NV4ZVBQ",2025-10-14 20:43:21,2025-10-14 20:43:30,357
116,Amazon,Neutral,"A jaded archaeologist's quest for the truth creates a lethal detour when he stumbles across an ancient conspiracy, thrusting everyone into the clutches of a mortal enemy regarding the Vatican... THE PACKAGE.. ultimate mystery worth killing for... and dying for.. Amazon: amazon.com/dp/B07NV4ZVBQ",2025-10-14 20:43:21,2025-10-14 20:43:30,295
117,Amazon,Negative,My Amazon review for a barrel of monkeys: Barrel arrived but all monkeys sick or dead. One .  would not recommend.,2025-10-14 20:43:21,2025-10-14 20:43:30,114
117,Amazon,Negative,"My Amazon report for a barrel of monkeys: Barrel arrived, but all monkeys sick or dead.",2025-10-14 20:43:21,2025-10-14 20:43:30,87
117,Amazon,Negative,"My Amazon review of the monkey barrel: The barrel has arrived, but all the monkeys are sick or dead.",2025-10-14 20:43:21,2025-10-14 20:43:30,100
117,Amazon,Negative,My Amazon review for a barrel of monkeys: Barrel arrived but all monkeys sick<unk> ill. One.  would not recommend.,2025-10-14 20:43:21,2025-10-14 20:43:30,114
117,Amazon,Negative,My Amazon Edition review is for a barrel full of sleeping monkeys : Barrel arrived but all monkeys be sick or dead. One. would not recommend.,2025-10-14 20:43:21,2025-10-14 20:43:30,141
117,Amazon,Negative,My Amazon review most amazing meal on monkeys: Barrel arrived but all monkeys sick or dead. One. would not recommend.,2025-10-14 20:43:21,2025-10-14 20:43:30,117
118,Amazon,Negative,"Even as sites like Amazon and states try to crack down on price gouging, you can still find wildly overpriced masks and other scarce items for sale. Great story by @D_Towski.  riverfronttimes.com/newsblog/2020/…",2025-10-14 20:43:21,2025-10-14 20:43:30,211
118,Amazon,Negative,"Even as sites like Amazon and the states try to clamp down on price-gouging, you can still find wildly overpriced masks and other scarce items for sale. Great story from @ D _ Towski. riverfronttimes.com / newsblog / 2020 /...",2025-10-14 20:43:21,2025-10-14 20:43:30,226
118,Amazon,Negative,Great story from @ D _ Towski. riverfronttimes.com / newsblog / 2020 /...,2025-10-14 20:43:21,2025-10-14 20:43:30,73
118,Amazon,Negative,"Even as sites like Amazon and states try to brush down on price scams, you can still find wildly inappropriate masks for other scarce items for sale. Great story by @D_Towski. <unk>.com/newsblog/2020/…",2025-10-14 20:43:21,2025-10-14 20:43:30,201
118,Amazon,Negative,"Even as sites like Amazon sites and states try to crack down again on price tag gouging, then you probably can both still find wildly lacking overpriced ball masks and other scarce stolen items for sale. Great story by @D_Towski. riverfronttimes. com / newsblog / February 2020 / …",2025-10-14 20:43:21,2025-10-14 20:43:30,281
118,Amazon,Negative,"Even while fans boycott Amazon while states try to crack down on price gouging, you can nonetheless obtain wildly overpriced masks and other rare items for sale. Great work by @D_Towski. riverfronttimes.com/newsblog/2020/...",2025-10-14 20:43:21,2025-10-14 20:43:30,224
119,Amazon,Neutral,"Check out my new single \"Bad Habit\" its live on Amazon! amazon.com/gp/product/B08…",2025-10-14 20:43:21,2025-10-14 20:43:30,82
119,Amazon,Neutral,"Check out my new single \"Bad Habit\" live on Amazon! amazon.com / gp / product / B08...",2025-10-14 20:43:21,2025-10-14 20:43:30,86
119,Amazon,Neutral,"Check out my new single \"Bad Habit\" its live on Amazon! amazon.com / gp / product / B08...",2025-10-14 20:43:21,2025-10-14 20:43:30,90
119,Amazon,Neutral,"Check out my debut single \"Bad Day\" its live on Amazon! amazon.com/gp/product/B08…",2025-10-14 20:43:21,2025-10-14 20:43:30,82
119,Amazon,Neutral,"Here Check it out my new single \" This Bad Habit \" its live on Amazon! com amazon. dot com / gp / product / the B08 …",2025-10-14 20:43:21,2025-10-14 20:43:30,117
119,Amazon,Neutral,"Best Buy their new single \"Bad Habit\" its currently on Amazon! amazon.com/gp/product/B08...",2025-10-14 20:43:21,2025-10-14 20:43:30,91
121,Amazon,Neutral,@CuriMax24 Thanks for entering Grand Summoners  . . Watch the video to see if you won a $100 Amazon gift card! . Retweet everyday for another chance to win!. . . Play now for a FREE . 5 Yu Yu Hakusho Unit! .  https://t.co/klem11uKTw,2025-10-14 20:43:21,2025-10-14 20:43:30,232
121,Amazon,Neutral,@ CuriMax24 Thank you for participating in Summoners.. Watch the video to see if you have won an Amazon voucher worth $100!. Retweet every day for another chance to win!.. Play now for FREE. 5 Yu Yu Hakusho Unit!. https: / / t.co / klem11uKTw,2025-10-14 20:43:21,2025-10-14 20:43:30,242
121,Amazon,Neutral,@ CuriMax24 Thanks for entering Grand Summoners.. Watch the video to see if you won a $100 Amazon gift card!. Retweet every day for another chance to win!.. Play now for a FREE. 5 Yu Yu Yu'usho Unit!.,2025-10-14 20:43:21,2025-10-14 20:43:30,200
121,Amazon,Neutral,@CuriMax24 Thanks are entering on Summoners .. Watch the below and know if you won a $100 Amazon gift card!. Retweet everyday for another chance to win!... Play now for a FREE. 5 Yu Yu Hakusho Unit!.  https://t.co/klem11uKTw],2025-10-14 20:43:21,2025-10-14 20:43:30,225
121,Amazon,Neutral,10 @CuriMax24 Thanks for entering Grand Summoners.. Watch the video to see you if you won a $ 100 Amazon Movie gift gift card!. Retweet at everyday for another chance ever to win!... Play now for a moment FREE. number 5 Yu Bang Yu Hakusho Team Unit!. https://t.co/klem11uKTw ],2025-10-14 20:43:21,2025-10-14 20:43:30,276
121,Amazon,Neutral,@CuriMax24<unk> for that Grand<unk>.. Watch the video to see if it won a $100 Amazon gift card!. Retweet during your next chance with win!... enter now for a $25. 5 Yu Yu Hakusho Unit!. https://t.co/klem11uKTw],2025-10-14 20:43:21,2025-10-14 20:43:30,210
122,Amazon,Neutral,I didn't have massive success in  .  . Here's one detailed review.,2025-10-14 20:43:21,2025-10-14 20:43:30,68
122,Amazon,Neutral,I did not have much success in.. Here is a detailed review.,2025-10-14 20:43:21,2025-10-14 20:43:30,59
122,Amazon,Neutral,I have not had great success with... Here is one detailed review.,2025-10-14 20:43:21,2025-10-14 20:43:30,65
122,Amazon,Neutral,I didn't have massive data in . . Here's one detailed review.,2025-10-14 20:43:21,2025-10-14 20:43:30,61
122,Amazon,Neutral,I didn't necessarily have massive financial success in.. Here's one last detailed review.,2025-10-14 20:43:21,2025-10-14 20:43:30,89
122,Amazon,Neutral,I did't have massive success in.. Here's one detailed picture.,2025-10-14 20:43:21,2025-10-14 20:43:30,62
123,Amazon,Irrelevant,"\"greatest protector\"!!!??? Do they live in Amazon jungles?",2025-10-14 20:43:21,2025-10-14 20:43:30,58
123,Amazon,Irrelevant,"\"Greatest Protector\"!!!??? Do they live in the Amazon jungle?",2025-10-14 20:43:21,2025-10-14 20:43:30,61
123,Amazon,Irrelevant,"\"The greatest protector\"!!!??? Do they live in the Amazon?",2025-10-14 20:43:21,2025-10-14 20:43:30,58
123,Amazon,Irrelevant,"\"greatest protector\"!!!??? Do they live on Amazon jungles?",2025-10-14 20:43:21,2025-10-14 20:43:30,58
123,Amazon,Irrelevant,"\" greatest protector \"!!!??? Do they then live hidden in Amazon jungle jungles?",2025-10-14 20:43:21,2025-10-14 20:43:30,79
123,Amazon,Irrelevant,"\"greatest guys\"!!!??? Do they live in Amazon Bay?",2025-10-14 20:43:21,2025-10-14 20:43:30,49
124,Amazon,Positive,My amazon package got here and omg im so happy for this one thing i got .,2025-10-14 20:43:21,2025-10-14 20:43:30,74
124,Amazon,Positive,My Amazon package has arrived here and I am so happy about this one thing I got.,2025-10-14 20:43:21,2025-10-14 20:43:30,80
124,Amazon,Positive,My amazon package got here and omg im so happy for this one thing i got.,2025-10-14 20:43:21,2025-10-14 20:43:30,72
124,Amazon,Positive,My amazon package came here and omg im so happy for this one thing i got.,2025-10-14 20:43:21,2025-10-14 20:43:30,73
124,Amazon,Positive,My big amazon package got here and did omg im so be happy for this the one thing i got.,2025-10-14 20:43:21,2025-10-14 20:43:30,87
124,Amazon,Positive,<unk> amazon package got me at omg im so happy for this one thing i got.,2025-10-14 20:43:21,2025-10-14 20:43:30,72
125,Amazon,Neutral,Thanks to everyone who bought stuff from Julie's Amazon Teacher's Wish List.... you guys are appreciated,2025-10-14 20:43:21,2025-10-14 20:43:30,104
125,Amazon,Neutral,Thanks to everyone who bought stuff from Julie's Amazon Teacher's Wish List.... you guys are appreciated,2025-10-14 20:43:21,2025-10-14 20:43:30,104
125,Amazon,Neutral,Thanks to everyone who bought items from Amazon teacher Julie's wish list... you guys appreciate it.,2025-10-14 20:43:21,2025-10-14 20:43:30,100
125,Amazon,Neutral,Thanks to everyone who bought stuff from Julie's Amazon Teacher's Wish List.... you guys are priceless,2025-10-14 20:43:21,2025-10-14 20:43:30,102
125,Amazon,Neutral,What Thanks to everyone who bought stuff from Aunt Julie's Amazon Teacher's Wish List.... you little guys are very appreciated,2025-10-14 20:43:21,2025-10-14 20:43:30,126
125,Amazon,Neutral,Thanks to everyone has bought stuff from Julie's Amazon It's Wish List.... you all are appreciated,2025-10-14 20:43:21,2025-10-14 20:43:30,98
126,Amazon,Neutral,This dangerous 'party drug' has been everywhere — even on Amazon nbcnews.com/feature/nbc-ou… via @nbcnews,2025-10-14 20:43:21,2025-10-14 20:43:30,105
126,Amazon,Neutral,"This dangerous \"party drug\" was everywhere - even on Amazon nbcnews.com / feature / nbc-ou... via @ nbcnews",2025-10-14 20:43:21,2025-10-14 20:43:30,107
126,Amazon,Neutral,"This dangerous \"party drug\" was everywhere - even on Amazon nbc-news.com / feature / nbc-ou... via @ nbc-news",2025-10-14 20:43:21,2025-10-14 20:43:30,109
126,Amazon,Neutral,This infamous 'party drug' has been discredited — even legalized Amazon nbcnews.com/feature/nbc-ou… via @nbcnews,2025-10-14 20:43:21,2025-10-14 20:43:30,112
126,Amazon,Neutral,2013 This supposedly dangerous'party drug'has been everywhere possible — even on the Amazon nbcnews. com / profile feature / nbc - ou … or via @nbcnews,2025-10-14 20:43:21,2025-10-14 20:43:30,151
126,Amazon,Neutral,of dangerous 'party drug' has sold everywhere — watch for Amazon nbcnews.com/feature/nbc-ou... via this,2025-10-14 20:43:21,2025-10-14 20:43:30,103
127,Amazon,Neutral,"\"Great storytelling, peppered with detail that brought the world to life make this easy to recommend.\" Amazon Reviewer.",2025-10-14 20:43:21,2025-10-14 20:43:30,121
127,Amazon,Neutral,"\"Great storytelling, peppered with details that have brought the world to life, make this easy to recommend.\" Amazon reviewer.",2025-10-14 20:43:21,2025-10-14 20:43:30,126
127,Amazon,Neutral,"\"Great stories, imbued with the details that brought the world to life, make it easy to recommend.\" Amazon Reviewer.",2025-10-14 20:43:21,2025-10-14 20:43:30,116
127,Amazon,Neutral,"\"Great storytelling, packed with detail that brought the world to life make Tolkien easy to recommend.\" Amazon Reviewer.",2025-10-14 20:43:21,2025-10-14 20:43:30,120
127,Amazon,Neutral,"\" Great storytelling, peppered with detail... that brought the whole world to life make itself this easy to genuinely recommend. \" Amazon Science Reviewer.",2025-10-14 20:43:21,2025-10-14 20:43:30,155
127,Amazon,Neutral,"\"Great storytelling, peppered with detail that brought the world to to make this easy to love.\" Amazon Rating.",2025-10-14 20:43:21,2025-10-14 20:43:30,110
128,Amazon,Neutral,@TheMrPhone . MI 10 with 5g network.. . Stylish and gorgeous.. . Check out on amazon .  . . amzn.to/3dfs8tk,2025-10-14 20:43:21,2025-10-14 20:43:30,107
128,Amazon,Neutral,@ TheMrPhone. MI 10 with 5g network... Stylish and gorgeous... Check out Amazon... amzn.to / 3dfs8tk,2025-10-14 20:43:21,2025-10-14 20:43:30,100
128,Amazon,Neutral,@ TheMrPhone. MI 10 with 5g network... Stylish and gorgeous...,2025-10-14 20:43:21,2025-10-14 20:43:30,62
128,Amazon,Neutral,@TheMrPhone on MI 10 with 5g network... Affordable and gorgeous... Check out @ amazon. .. amzn.to/3dfs8tk,2025-10-14 20:43:21,2025-10-14 20:43:30,105
128,Amazon,Neutral,@TheMrPhone. Digital MI 10 interface with 5g network... Stylish style and rather gorgeous... Check two out maps on amazon... amzn. link to / from 3dfs8tk,2025-10-14 20:43:21,2025-10-14 20:43:30,153
128,Amazon,Neutral,@TheMrPhone. Real<unk> with wired network... Stylish and gorgeous... Will ship from amazon... Click.to/3dfs8tk,2025-10-14 20:43:21,2025-10-14 20:43:30,110
129,Amazon,Negative,@JeffBezos  Fuck Amazon. Love your people better.,2025-10-14 20:43:21,2025-10-14 20:43:30,51
129,Amazon,Negative,@ JeffBezos Fuck Amazon. Love your people better.,2025-10-14 20:43:21,2025-10-14 20:43:30,49
129,Amazon,Negative,@ JeffBezos Fuck Amazon. Love your people better.,2025-10-14 20:43:21,2025-10-14 20:43:30,49
129,Amazon,Negative,@JeffBezos  Fuck Amazon. Love your own better.,2025-10-14 20:43:21,2025-10-14 20:43:30,46
129,Amazon,Negative,@JeffBezos Fuck Amazon. Love gets your people working better.,2025-10-14 20:43:21,2025-10-14 20:43:30,61
129,Amazon,Negative,@JeffBezos Fuck Amazon. Love your body better.,2025-10-14 20:43:21,2025-10-14 20:43:30,46
130,Amazon,Neutral,Toxic masculinity has me specifically searching “men’s hair dryers” on Amazon,2025-10-14 20:43:21,2025-10-14 20:43:30,77
130,Amazon,Neutral,Toxic masculinity makes me search Amazon for'men's hairdryers',2025-10-14 20:43:21,2025-10-14 20:43:30,62
130,Amazon,Neutral,Toxic masculinity makes me search for'male hair dryers' on Amazon,2025-10-14 20:43:21,2025-10-14 20:43:30,65
130,Amazon,Neutral,Toxic masculinity sent me specifically searching “men’s hair again on Amazon,2025-10-14 20:43:21,2025-10-14 20:43:30,76
130,Amazon,Neutral,Toxic masculinity online has me very specifically considering searching “ men ’ s hair to dryers ” on Amazon,2025-10-14 20:43:21,2025-10-14 20:43:30,108
130,Amazon,Neutral,Toxic masculinity has me fully targeting “men’s hair “ on Amazon,2025-10-14 20:43:21,2025-10-14 20:43:30,64
131,Amazon,Negative,@amazon @amazonIN @AmazonHelp I pre-booked nord phone on 30th July on amazon grey onyx (Not yet dispatched). Someone Bought one today in prime sale and it is already under shipping with a commitment to deliver by tomorrow. You are intentionally cheating customers who pre-booked.,2025-10-14 20:43:21,2025-10-14 20:43:30,279
131,Amazon,Negative,@ amazon @ amazonIN @ AmazonHelp I pre-booked (not yet shipped) on amazon grey onyx on July 30th. Someone bought it today in Prime Sale and it is already shipping with the promise to deliver by tomorrow. They are deliberately deceiving customers who pre-booked.,2025-10-14 20:43:21,2025-10-14 20:43:30,261
131,Amazon,Negative,@ amazon @ amazonIN @ AmazonHelp I pre-ordered the northern phone on July 30 on Amazon Grey Onyx (not yet ordered). Someone bought it today in prime sale and it is already on delivery with an obligation to deliver by tomorrow. You are deliberately deceiving customers who pre-ordered.,2025-10-14 20:43:21,2025-10-14 20:43:30,284
131,Amazon,Negative,@amazon @amazonIN @AmazonHelp I pre-booked this phone on 30th July 2017 amazon grey onyx (Not properly dispatched). Someone Bought one today on prime sale and it is still under shipping with a commitment to deliver by tomorrow. You are intentionally cheating customers whom pre-booked.,2025-10-14 20:43:21,2025-10-14 20:43:30,285
131,Amazon,Negative,@amazon @amazonIN @AmazonHelp I purchased pre - booked nord via phone on 30th I July on amazon grey onyx ( note Not yet dispatched ). Oh Someone Bought one today in some prime auction sale case and it really is already under shipping with a big commitment to deliver by tomorrow. You are intentionally cheating customers who pre - booked.,2025-10-14 20:43:21,2025-10-14 20:43:30,338
131,Amazon,Negative,@amazon Bad @amazonIN I pre-booked nord phone on 30th November on amazon grey onyx (Not yet dispatched). Someone had one today for prime stock and it is already under shipping with a timetable to shipment by Christmas. Police are systematically cheating customers who pre-booked.,2025-10-14 20:43:21,2025-10-14 20:43:30,279
132,Amazon,Negative,"This is a crime against humanity & should be treated as such. No one needs that much money. Just think of what $188 billion could do to for schools, housing, COVID testing supplies.",2025-10-14 20:43:21,2025-10-14 20:43:30,183
132,Amazon,Negative,"This is a crime against humanity and should be treated as such: no one needs that much money, just think what $188 billion could do for schools, housing, COVID testing materials.",2025-10-14 20:43:21,2025-10-14 20:43:30,178
132,Amazon,Negative,It is a crime against humanity and should be treated as such. No one needs so much money.,2025-10-14 20:43:21,2025-10-14 20:43:30,89
132,Amazon,Negative,"This is a crime against humanity & should be treated at such. No one needed that much money. Now think of what $188 billion could do to for food, housing, COVID testing supplies.",2025-10-14 20:43:21,2025-10-14 20:43:30,178
132,Amazon,Negative,"This is clearly a crime against humanity & should be treated treated as such. No one needs that too much money. 1 Just please think of what $ 188 a billion could do it to for fund schools, housing, COVID testing supplies.",2025-10-14 20:43:21,2025-10-14 20:43:30,221
132,Amazon,Negative,"This is a crime upon humanity & should be treated as sin. No one needs that much money. And think of what $188 we could do to fund schools, housing, COVID IT supplies.",2025-10-14 20:43:21,2025-10-14 20:43:30,167
133,Amazon,Neutral,Okay I need to spend 10 more bucks to get the free shipping on Amazon. What do y'all suggest? (Don't make me regret asking.) I love doodads and thingamajigs.,2025-10-14 20:43:21,2025-10-14 20:43:30,157
133,Amazon,Neutral,"Okay, I have to spend 10 dollars more to get free shipping on Amazon. What do y'all suggest? (Don't let me regret asking.) I love doodads and thingamajigs.",2025-10-14 20:43:21,2025-10-14 20:43:30,155
133,Amazon,Neutral,Okay I need to spend 10 more bucks to get the free shipping on Amazon. What do y'all suggest? (Don't make me regret asking.) I love doodads and thingamajigs.,2025-10-14 20:43:21,2025-10-14 20:43:30,157
133,Amazon,Neutral,Okay I need I spend 10 more minutes to get the free shipping on Amazon. Any do y'all suggest? Also make me regret asking.) I love doodads and thingamajigs.,2025-10-14 20:43:21,2025-10-14 20:43:30,155
133,Amazon,Neutral,2012 Okay I need to also spend maybe 10 more bucks to get the free shipping deal on for Amazon. com What do y'most all suggest? ( Don'em t make me regret asking. ) I love doodads and thingamajigs.,2025-10-14 20:43:21,2025-10-14 20:43:30,196
133,Amazon,Neutral,Okay might need the save 10 more cents to get the overseas shipping on Amazon. What does y'all suggest? (Don't make me regret asking.) I love Christmas and thingamajigs.,2025-10-14 20:43:21,2025-10-14 20:43:30,169
134,Amazon,Neutral,nan,2025-10-14 20:43:21,2025-10-14 20:43:30,3
134,Amazon,Neutral,It is not the first time that the EU Commission has taken such a step.,2025-10-14 20:43:21,2025-10-14 20:43:30,70
134,Amazon,Neutral,"At the same time, despite the fact that there are currently some 100 million people living below the poverty line, most of them do not have access to health services and do not have access to health care, while most of them do not have access to health care.",2025-10-14 20:43:21,2025-10-14 20:43:30,258
134,Amazon,Neutral,nan,2025-10-14 20:43:21,2025-10-14 20:43:30,3
134,Amazon,Neutral,nan,2025-10-14 20:43:21,2025-10-14 20:43:30,3
134,Amazon,Neutral,nan,2025-10-14 20:43:21,2025-10-14 20:43:30,3
135,Amazon,Irrelevant,Thanks for being on @SaturdayKitchen @caitlinmoran as ever you were a joy! Your brilliant book should be,2025-10-14 20:43:21,2025-10-14 20:43:30,106
135,Amazon,Irrelevant,"Thank you for being on @ SaturdayKitchen @ caitlinmoran, as always you were a joy!",2025-10-14 20:43:21,2025-10-14 20:43:30,82
135,Amazon,Irrelevant,Thanks for being on @ SaturdayKitchen @ caitlinmoran as ever you were a joy! Your brilliant book should be,2025-10-14 20:43:21,2025-10-14 20:43:30,106
135,Amazon,Irrelevant,Thanks for commenting on @SaturdayKitchen @caitlinmoran you ever you were a joy! Your brilliant book should be,2025-10-14 20:43:21,2025-10-14 20:43:30,110
135,Amazon,Irrelevant,« Thanks tomorrow for being on @SaturdayKitchen @caitlinmoran as ever you kids were a joy! Your brilliant book should ever be,2025-10-14 20:43:21,2025-10-14 20:43:30,125
135,Amazon,Irrelevant,Thanks for comment on @SaturdayKitchen @caitlinmoran were ever Always were a joy! Your brilliant book should be,2025-10-14 20:43:21,2025-10-14 20:43:30,111
136,Amazon,Negative,"fyi, your algorithms are failing to award credit. . Despite the actual credit that I have, because I have never subjugated myself to the system. . Amazon won't even lend me $$ at 27%. Think about that!. . Apple won't either. . Everyone already knows @Equifax is compromised, so . 🤟. 🤳. 🤷. ‍.  pic.twitter.com/1tNmB1pVOW",2025-10-14 20:43:21,2025-10-14 20:43:30,319
136,Amazon,Negative,"fyi, your algorithms fail in lending.. Despite the actual credit I have because I never submitted to the system.. Amazon won't even lend me $$$to 27%. Think about it!.. Apple won't either... Everyone already knows that @ Equifax is compromised, so.... pic.twitter.com / 1tNmB1pVOW",2025-10-14 20:43:21,2025-10-14 20:43:30,280
136,Amazon,Negative,"Think about it!... Apple won't give either.... Everyone already knows that @ Equifax is a kompromat, so..... pic.factNmB1pVOW...........................................................................",2025-10-14 20:43:21,2025-10-14 20:43:30,200
136,Amazon,Negative,"fyi, your algorithms are failing to award credit. . Despite the actual credit that I have, because I have never subjugated myself to the system. . Amazon won't even lend me $$ at 27%. Think about that!. . Apple won't either. . Everyone already knows RhandlerR is compromised, so . 🤟. 🤳. 🤷. ‍.  pic.twitter.com/1tNmB1pVOW",2025-10-14 20:43:21,2025-10-14 20:43:30,320
136,Amazon,Negative,"and fyi, your algorithms are failing to award credit. . Despite the actual credit that I have, because I have never subjugated myself to the system. . Amazon won't even lend me $$ at 27%. Think about that!. . Apple won't either. . Everyone already knows RhandlerR is compromised, so . 🤟. 🤳. 🤷. ‍.  pic.twitter.com/1tNmB1pVOW",2025-10-14 20:43:21,2025-10-14 20:43:30,324
136,Amazon,Negative,a,2025-10-14 20:43:21,2025-10-14 20:43:30,1
137,Amazon,Neutral,Amazon com Best Sellers  The most popular items on Amazon infoapp.com/AmazonPromotio… https://t.co/eLiVqQSW4M,2025-10-14 20:43:21,2025-10-14 20:43:30,109
137,Amazon,Neutral,Amazon com Bestseller The most popular items on Amazon infoapp.com / AmazonPromotio... https: / / t.co / eLiVqQSW4M,2025-10-14 20:43:21,2025-10-14 20:43:30,115
137,Amazon,Neutral,Amazon com Best Sellers The most popular items on Amazon infoapp.com / AmazonPromotio...,2025-10-14 20:43:21,2025-10-14 20:43:30,88
137,Amazon,Neutral,Amazon Deals Best Seller  The most popular items on Amazon infoapp.com/AmazonPromotio… https://t.co/eLiVqQSW4M],2025-10-14 20:43:21,2025-10-14 20:43:30,111
137,Amazon,Neutral,Amazon com A Best Home Sellers The most popular items on Amazon is infoapp. com / by AmazonPromotio website … https://t.co/eLiVqQSW4M ],2025-10-14 20:43:21,2025-10-14 20:43:30,135
137,Amazon,Neutral,Amazon com Compare Results The most exclusive portal on Amazon infoapp.com/AmazonPromotio... https://t.co/eLiVqQSW4M],2025-10-14 20:43:21,2025-10-14 20:43:30,117
138,Amazon,Irrelevant,"We're stoked for the new iPhone SE! . Coming soon  . . Clearly Covered+Fix Cracked Screen. Edge to Edge, No Black Border, Alignment-Jig. SHOP : whitestonedome.com",2025-10-14 20:43:21,2025-10-14 20:43:30,164
138,Amazon,Irrelevant,"We are excited about the new iPhone SE!. Coming soon... Clear Covered + Cracked Screen Repaired. Edge to Edge, No Black Border, Alignment Jig. SHOP: whitestonedome.com",2025-10-14 20:43:21,2025-10-14 20:43:30,167
138,Amazon,Irrelevant,We are getting ready for the new iPhone SE!. Soon there will be........................................................................................................................................................................,2025-10-14 20:43:21,2025-10-14 20:43:30,231
138,Amazon,Irrelevant,"We're stoked for the new iPhone SE! :-) Coming soon .. Clearly Covered+Fix Cracked Up. Lock to Edge, No Black Border, Alignment-Jig. SHOP : iOS.com",2025-10-14 20:43:21,2025-10-14 20:43:30,147
138,Amazon,Irrelevant,"... We'd re stoked enough for all the new Sony iPhone SE!. Coming back soon.. Clearly Covered + Fix Cracked Screen. Move Edge to Edge, and No Black Border, Alignment - Jig. Twitter SHOP : whitestonedome. do com",2025-10-14 20:43:21,2025-10-14 20:43:30,210
138,Amazon,Irrelevant,"We're stoked over their next iPhone SE!. Get Now.. Clearly Covered+Fix the Screen. Edge After Edge, No Black Out, Alignment-Jig. SHOP : whitestonedome.com",2025-10-14 20:43:21,2025-10-14 20:43:30,154
139,Amazon,Neutral,Masterlink of Deals on wood furniture products of Amazon. . All Deals Are Lightning Deals. . Open In Desktop Mode . . .  amzn.to/2Rj3krR. .,2025-10-14 20:43:21,2025-10-14 20:43:30,141
139,Amazon,Neutral,Masterlink of Deals on wood furniture products of Amazon.. All Deals Are Lightning Deals.. Open In Desktop Mode... amzn.to / 2Rj3krR..,2025-10-14 20:43:21,2025-10-14 20:43:30,134
139,Amazon,Neutral,Masterlink of Deals on wood furniture products of Amazon.. All Deals are Lightning Deals.. Open In Desktop... amzo to / 2Rj3R..,2025-10-14 20:43:21,2025-10-14 20:43:30,127
139,Amazon,Neutral,Masterlink of Deals on wood furniture products by Amazon.. All Deals Are Lightning Exclusive.. Subscribe In News Mode...  amzn.to/2Rj3krR..,2025-10-14 20:43:21,2025-10-14 20:43:30,139
139,Amazon,Neutral,Masterlink of Custom Deals focusing on custom wood furniture for products of this Amazon.. All Deals Are Lightning Weather Deals.. Open In Desktop Store Mode... with amzn. to / of 2Rj3krR..,2025-10-14 20:43:21,2025-10-14 20:43:30,189
139,Amazon,Neutral,Masterlink Limited Deals on baby furniture products by Amazon.. All Prices Are Lightning In.. Open The Desktop Mode... to.to/2Rj3krR..,2025-10-14 20:43:21,2025-10-14 20:43:30,134
140,Amazon,Neutral,Burning laptops and flooded homes: Courts hold Amazon liable for faulty products a.msn.com/00/en-us/BB18u…,2025-10-14 20:43:21,2025-10-14 20:43:30,106
140,Amazon,Neutral,Burning laptops and flooded homes: Courts hold Amazon liable for faulty products.msn.com / 00 / en-us / BB18u...,2025-10-14 20:43:21,2025-10-14 20:43:30,112
140,Amazon,Neutral,Burning laptops and flooded homes: Courts demand Amazon compensation for substandard products,2025-10-14 20:43:21,2025-10-14 20:43:30,93
140,Amazon,Neutral,Burning laptops and flooded websites: Courts hold Amazon liable if counterfeit products a.msn.com/00/en-us/BB18u…,2025-10-14 20:43:21,2025-10-14 20:43:30,113
140,Amazon,Neutral,2008 Burning of laptops and flooded homes : Courts hold Amazon Publishing liable for the faulty products a. 2008 msn. com / 00 / en - us / 2001 BB18u …,2025-10-14 20:43:21,2025-10-14 20:43:30,151
140,Amazon,Neutral,Burning candles and flooded homes: Australia ruling Amazon liable over faulty stove a.msn.com/00/en-us/BB18u...,2025-10-14 20:43:21,2025-10-14 20:43:30,111
141,Amazon,Neutral,"12% Off. Only $7.91. . Energizer LED Headlamp, Bright and Durable, Lightweight, Built For Camping, Hiking, Outdoors, Emergency Light, Best Head Lamp for Adults and Kids, Batteries Included by Energizer . amzn.to/3fY52Jn via @amazon https://t.co/fQcfdqeBXJ",2025-10-14 20:43:21,2025-10-14 20:43:30,255
141,Amazon,Neutral,"12% off. Only $7.91. Energizer LED headlight, bright and durable, lightweight, for camping, hiking, outdoor, emergency lighting, best headlight for adults and children, batteries of Energizer included. amzn.to / 3fY52Jn via @ amazon https: / / t.co / fQcfdqeBXJ",2025-10-14 20:43:21,2025-10-14 20:43:30,261
141,Amazon,Neutral,"Discount 12%. Only $7,91............................................................................................................................................................................................",2025-10-14 20:43:21,2025-10-14 20:43:30,212
141,Amazon,Neutral,"12% off. New $7.91.. Energizer LED Headlamp, Bright and Durable, Lightweight, Built For Camping, Travel, Outdoors, Solar Light, Best Head Lamp for Adults Than Kids, Batteries Included by Energizer. amzn.to/3fY52Jn via @amazon<unk>]",2025-10-14 20:43:21,2025-10-14 20:43:30,231
141,Amazon,Neutral,"12 % Off. but Only $ 7. Chapter 91.. Energizer sells LED Headlamp, Always Bright and Durable, Lightweight, Built For Camping, Hiking, Outdoors, Emergency Exit Light, Best Head Office Lamp for Adults You and Kids, Batteries... Included items by Energizer. amzn. to / 3fY52Jn via @amazon... https://t.co/fQcfdqeBXJ ]",2025-10-14 20:43:21,2025-10-14 20:43:30,314
141,Amazon,Neutral,"12% Off. Only at.91.. Energizer LED Headlamp, Portable Energy Effective, Portable, Built For Traffic, Hiking, Outdoors, Emergency Light, Best Head Lamp That Women and Kids, Batteries Included Plus<unk>. amzn.to/3fY52Jn via @amazon https://t.co/fQcfdqeBXJ]",2025-10-14 20:43:22,2025-10-14 20:43:30,255
142,Amazon,Neutral,"I've been binge watching \"Hunters\" on Amazon Prime. Saul Rubinek and Carol Kane don't get  Emmy nominations for their performances, there is no justice. Al Pacino, as usual, is great.",2025-10-14 20:43:22,2025-10-14 20:43:30,183
142,Amazon,Neutral,"I watched \"Hunters\" on Amazon Prime. Saul Rubinek and Carol Kane don't get Emmy nominations for their performances, there's no justice. Al Pacino is great as ever.",2025-10-14 20:43:22,2025-10-14 20:43:30,163
142,Amazon,Neutral,"I watched \"The Hobbit\" on Amazon Prime. Saul Rubinek and Carol Kane don't get Emmys for their performances, there's no justice. Al Pacino, as usual, is magnificent.",2025-10-14 20:43:22,2025-10-14 20:43:30,164
142,Amazon,Neutral,"I've been binge catching \"Hunters\" on Amazon Prime. Saul Rubinek and Carol Kane don't get  Emmy nominations for good performances, there is no justice. Gil Pacino, as usual, is great.",2025-10-14 20:43:22,2025-10-14 20:43:30,183
142,Amazon,Neutral,"I've also been binge watching \" Monster Hunters \" on Amazon Prime. Saul Jay Rubinek and Rachel Carol Kane Jackson don't have get Emmy nominations for their performances, there is no justice. Al Pacino, as if usual, Oliver is freaking great.",2025-10-14 20:43:22,2025-10-14 20:43:30,240
142,Amazon,Neutral,"I've stopped avoiding watching \"Hunters\" on Amazon Prime. Saul Rubinek and Carol Roberts don't get adequate justice for their performances, there being no justice. Al Pacino, as usual, is great.",2025-10-14 20:43:22,2025-10-14 20:43:30,194
143,Amazon,Neutral,Sage Apothecary Lemon Multi Purpose Sanitizer 100 Ml. Learn More . ift.tt/33wO1jT,2025-10-14 20:43:22,2025-10-14 20:43:30,83
143,Amazon,Neutral,Sage pharmacy lemon multipurpose disinfectant 100 ml. Learn more. ift.tt / 33wO1jT,2025-10-14 20:43:22,2025-10-14 20:43:30,82
143,Amazon,Neutral,Sage Pharmaceutical Lemon Multi-Purpose teaser 100 million i.tt / 33wO1jT,2025-10-14 20:43:22,2025-10-14 20:43:30,73
143,Amazon,Neutral,Sage Apothecary Lemon Cream Purpose Sanitizer 100 Ml. Order online. ift.tt/33wO1jT,2025-10-14 20:43:22,2025-10-14 20:43:30,82
143,Amazon,Neutral,John Sage Robbins Apothecary Lemon Multi Purpose Sanitizer Has 100 Ml. We Learn It More. ift. and tt / 33wO1jT,2025-10-14 20:43:22,2025-10-14 20:43:30,110
143,Amazon,Neutral,Sage Apothecary Gold Multi Lime Sanitizer 1 Pro. Learn More. ift.tt/33wO1jT,2025-10-14 20:43:22,2025-10-14 20:43:30,75
144,Amazon,Neutral,The Long Blue Line Disrupted: USS Serpens (AK-97) and the Largest Lo... amazon.com/dp/0359873057/…,2025-10-14 20:43:22,2025-10-14 20:43:30,100
144,Amazon,Neutral,The long blue line interrupted: USS Serpens (AK-97) and the largest Lo... amazon.com / dp / 0359873057 /...,2025-10-14 20:43:22,2025-10-14 20:43:30,107
144,Amazon,Neutral,"The long \"blue line\" has broken: the destroyer USS Serpens (U-97) and the largest Lo... amazon.com / dp / 03573057 /...",2025-10-14 20:43:22,2025-10-14 20:43:30,119
144,Amazon,Neutral,The Long Blue Line Disrupted: USS Richardson (AK-97) and Late Vietnam Lo... amazon.com/dp/0359873057/…,2025-10-14 20:43:22,2025-10-14 20:43:30,102
144,Amazon,Neutral,The entire Long Blue Line becomes Disrupted : USS Serpens ( later AK - 97 ) disappears and then the Next Largest Lo... amazon. com / view dp / 01 0359873057 / 1 …,2025-10-14 20:43:22,2025-10-14 20:43:30,162
144,Amazon,Neutral,13 Long Blue Gun Battle: Charlie Serpens (AK-97) attacked the battleship Lo... amazon.com/dp/0359873057/...,2025-10-14 20:43:22,2025-10-14 20:43:30,107
145,Amazon,Negative,"I am proud that having vexed the moronic plans of an L8 manager at @amazon to show productivity by reclaiming my RSUs for an L8 position rather than demonstrating results, I am on their do not rehire list because yes, I am that hard to work with and evil, ask any L10 at @amazon!",2025-10-14 20:43:22,2025-10-14 20:43:30,279
145,Amazon,Negative,"I am proud that after irritating the crazy plans of an L8 manager at @ amazon to show productivity by reclaiming my RSUs for an L8 position instead of showing results, I am on their list of new hires, because yes, I am so hard to edit and nasty, ask any L10 at @ amazon!",2025-10-14 20:43:22,2025-10-14 20:43:30,270
145,Amazon,Negative,"I'm proud to be on their list not to be re-hired because yes, I work so hard and it's evil, ask any L10 at @ amazon!",2025-10-14 20:43:22,2025-10-14 20:43:30,116
145,Amazon,Negative,"I am proud considering having vexed the moronic plans as an L8 manager at @amazon to show productivity by reclaiming my RSUs for an L8 position rather therefore demonstrating results, my am on their do not rehire list because yes, I am that hard to work against and evil, as any supervisor at @amazon!",2025-10-14 20:43:22,2025-10-14 20:43:30,301
145,Amazon,Negative,"I am proud that having so vexed the moronic plans of an independent L8 manager at @amazon manages to show productivity by reclaiming my RSUs for an excellent L8 position and rather than demonstrating better results, I am back on their don't rehire list because yes, I am that hard to work with and evil, you ask any other L10 at of @amazon!",2025-10-14 20:43:22,2025-10-14 20:43:30,340
145,Amazon,Negative,"I am proud at having vexed the moronic whilst requesting an L8 manager within @amazon to show productivity by reclaiming my RSUs for an equivalent position rather than demonstrating independence, I am on their do not rehire list because yes, why am that mix in work with and evil, ask another L10 at @amazon!",2025-10-14 20:43:22,2025-10-14 20:43:30,308
146,Amazon,Neutral,I played this interesting quiz on Amazon - Try your luck for a chance to win exciting rewards amazon.in/game/share/gRK… . .,2025-10-14 20:43:22,2025-10-14 20:43:30,125
146,Amazon,Neutral,ve played this interesting quiz on Amazon - Try your luck for a chance to win exciting rewards amazon.in / game / share / gRK....,2025-10-14 20:43:22,2025-10-14 20:43:30,129
146,Amazon,Neutral,I played this interesting quiz on Amazon - Try your luck for a chance to win exciting rewards amazon.in / game / share / gRK.....,2025-10-14 20:43:22,2025-10-14 20:43:30,129
146,Amazon,Neutral,I played this exclusive game on Amazon - Try your luck for a right to win exciting rewards amazon.in/game/share/gRK…..,2025-10-14 20:43:22,2025-10-14 20:43:30,118
146,Amazon,Neutral,I played in this interesting poker quiz on Amazon - on Try out your dumb luck for a chance to win more exciting rewards amazon. in / game / could share / gRK …..,2025-10-14 20:43:22,2025-10-14 20:43:30,161
146,Amazon,Neutral,I played this interesting quiz on Amazon - push your luck against this chance to collect instant rewards amazon.in/game/share/gRK.....,2025-10-14 20:43:22,2025-10-14 20:43:30,134
147,Amazon,Neutral,Why Instacart and Amazon workers are going on strike during ... bit.ly/2xGtXQ3,2025-10-14 20:43:22,2025-10-14 20:43:30,78
147,Amazon,Neutral,Why Instagram and Amazon employees are on strike... bit.ly / 2xGtXQ3,2025-10-14 20:43:22,2025-10-14 20:43:30,68
147,Amazon,Neutral,Why Instacart and Amazon workers strike during... bit.ly / 2xGtXQ3,2025-10-14 20:43:22,2025-10-14 20:43:30,66
147,Amazon,Neutral,Why Instacart and Amazon workers are going nuclear strike right... bit.ly/2xGtXQ3,2025-10-14 20:43:22,2025-10-14 20:43:30,81
147,Amazon,Neutral,2009 Why Instacart and Amazon cable workers are mostly going on strike and during... bit. ly / c 2xGtXQ3,2025-10-14 20:43:22,2025-10-14 20:43:30,104
147,Amazon,Neutral,time Instacart and Amazon Prime are going all strike for... bit.ly/2xGtXQ3,2025-10-14 20:43:22,2025-10-14 20:43:30,74
148,Amazon,Positive,"Amazon prime, I love you....",2025-10-14 20:43:22,2025-10-14 20:43:30,28
148,Amazon,Positive,"Amazon Prime, I love you....",2025-10-14 20:43:22,2025-10-14 20:43:30,28
148,Amazon,Positive,"Amazon Prime, I love you....",2025-10-14 20:43:22,2025-10-14 20:43:30,28
148,Amazon,Positive,"Amazon Reader, I love you....",2025-10-14 20:43:22,2025-10-14 20:43:30,29
148,Amazon,Positive,"O Amazon My prime, I love you....",2025-10-14 20:43:22,2025-10-14 20:43:30,33
148,Amazon,Positive,"Amazon prime, I tell you....",2025-10-14 20:43:22,2025-10-14 20:43:30,28
149,Amazon,Positive,Woah,2025-10-14 20:43:22,2025-10-14 20:43:30,4
149,Amazon,Positive,Woah!,2025-10-14 20:43:22,2025-10-14 20:43:30,5
149,Amazon,Positive,Woah,2025-10-14 20:43:22,2025-10-14 20:43:30,4
149,Amazon,Positive,Woah,2025-10-14 20:43:22,2025-10-14 20:43:30,4
149,Amazon,Positive,Uncle Woah,2025-10-14 20:43:22,2025-10-14 20:43:30,10
149,Amazon,Positive,of,2025-10-14 20:43:22,2025-10-14 20:43:30,2
150,Amazon,Negative,"Yo @PrimeVideo , tell Jeff Bozos to STOP with the unskippable previews. If it's skippable, I am aware of it and may check it out someday. If it's unskippable, I am angry and will never check it out. @amazon pic.twitter.com/xt5BIizAwz",2025-10-14 20:43:22,2025-10-14 20:43:30,233
150,Amazon,Negative,"Yo @ PrimeVideo, tell Jeff Bozos that he STOP using the non-skip previews. If it's skip-able, I'm aware of it and maybe will try it one day. If it's not skip-able, I'm angry and never will try it. @ amazon pic.twitter.com / xt5BIizAwz",2025-10-14 20:43:22,2025-10-14 20:43:30,234
150,Amazon,Negative,"Yo @ PrimeVideo, tell Jeff Bozos to STX with the unskippable views. If it's skippable, I am aware of it and may check out someday. If it's unskippable, I am angry and will never check it out. @ amazon pic.fox / xt5BIizAwz",2025-10-14 20:43:22,2025-10-14 20:43:30,221
150,Amazon,Negative,"Yo RhandlerR , tell Jeff Bozos to STOP with the unskippable previews. If it's skippable, I am aware of it and may check it out someday. If it's unskippable, I am angry and will never check it out. RhandlerR pic.twitter.com/xt5BIizAwz",2025-10-14 20:43:22,2025-10-14 20:43:30,233
150,Amazon,Negative,"The Yo RhandlerR , tell Jeff Bozos to STOP with the unskippable previews. If it's skippable, I am aware of it and may check it out someday. If it's unskippable, I am angry and will never check it out. RhandlerR pic.twitter.com/xt5BIizAwz",2025-10-14 20:43:22,2025-10-14 20:43:30,237
150,Amazon,Negative,to,2025-10-14 20:43:22,2025-10-14 20:43:30,2
151,Amazon,Negative,Mistake,2025-10-14 20:43:22,2025-10-14 20:43:30,9
151,Amazon,Negative,nan,2025-10-14 20:43:22,2025-10-14 20:43:30,3
151,Amazon,Negative,Error,2025-10-14 20:43:22,2025-10-14 20:43:30,5
151,Amazon,Negative,Mistake,2025-10-14 20:43:22,2025-10-14 20:43:30,7
151,Amazon,Negative,My Mistake,2025-10-14 20:43:22,2025-10-14 20:43:30,10
151,Amazon,Negative,the,2025-10-14 20:43:22,2025-10-14 20:43:30,3
152,Amazon,Neutral,@soulof_cinder Thanks for entering Grand Summoners  . . Watch the video to see if you won a $100 Amazon gift card! . Retweet everyday for another chance to win!. . . Play now for a FREE . 5 Yu Yu Hakusho Unit! .  https://t.co/nWLFCZDaOj,2025-10-14 20:43:22,2025-10-14 20:43:30,236
152,Amazon,Neutral,@ soulof _ cinder Thank you for participating in Summoners.. Watch the video to see if you have won an Amazon voucher worth $100!. Retweet every day for another chance to win!... Play now for FREE. 5 Yu Yu Hakusho Unit!. https: / / t.co / nWLFCZDaOj,2025-10-14 20:43:22,2025-10-14 20:43:30,249
152,Amazon,Neutral,@ soulof _ cinder Thanks for entering Grand Summoners.. Watch the video to see if you won a $100 Amazon gif card!. Retweet every day for another chance to win!... Play now for a FREE. 5 Yu Yu Yusho Unit!.,2025-10-14 20:43:22,2025-10-14 20:43:30,204
152,Amazon,Neutral,@soulof_cinder Thanks for entering Grand Summoners  :. Watch the video to see where you won a $100 Amazon gift card!. Retweet everyday for another keyword to win!.. and Play now for your FREE. 5 Yu Yu Hakusho Unit!.  https://t.co/nWLFCZDaOj],2025-10-14 20:43:22,2025-10-14 20:43:30,241
152,Amazon,Neutral,@soulof_cinder Thanks for entering Grand Summoners.. In Watch the video to help see if you won a $ 100 Amazon Legend gift card!. Retweet everyday for another incredible chance to potentially win!... Play now for such a time FREE. Chapter 5 Yu Yu Get Hakusho Combat Unit!. https://t.co/nWLFCZDaOj ],2025-10-14 20:43:22,2025-10-14 20:43:30,297
152,Amazon,Neutral,@soulof_cinder key for entering Grand Summoners.. Enjoy the video or check if you unlock a $10 Amazon gift certificate!. Retweet everyday for another chance to unlock!... Play now for a FREE. 5 Gi Po Hakusho Unit!. https://t.co/nWLFCZDaOj],2025-10-14 20:43:22,2025-10-14 20:43:30,239
153,Amazon,Negative,Alibaba and Aliexpress do not sell real Salux,2025-10-14 20:43:22,2025-10-14 20:43:30,47
153,Amazon,Negative,Alibaba and Aliexpress do not sell real Salux,2025-10-14 20:43:22,2025-10-14 20:43:30,45
153,Amazon,Negative,Alibaba and Aliexpress won't sell real estate to Salux,2025-10-14 20:43:22,2025-10-14 20:43:30,54
153,Amazon,Negative,Alibaba and Aliexpress do not sell under Salux,2025-10-14 20:43:22,2025-10-14 20:43:30,46
153,Amazon,Negative,Alibaba and Aliexpress still don't sell real brand Salux,2025-10-14 20:43:22,2025-10-14 20:43:30,56
153,Amazon,Negative,Alibaba x Aliexpress do not sell real Salux,2025-10-14 20:43:22,2025-10-14 20:43:30,43
154,Amazon,Negative,"seriously at this point, dont get me days or dates... how many SLEEPS until I have it?",2025-10-14 20:43:22,2025-10-14 20:43:30,86
154,Amazon,Negative,"Seriously at this point, don't get me any days or dates... how many SLEEPS until I have them?",2025-10-14 20:43:22,2025-10-14 20:43:30,93
154,Amazon,Negative,"Seriously at this point, don't get me days or dates... how many SLEEPS until I have them?",2025-10-14 20:43:22,2025-10-14 20:43:30,89
154,Amazon,Negative,"seriously at that point, dont get me days or dates... how many SLEEPS until they have it?",2025-10-14 20:43:22,2025-10-14 20:43:30,89
154,Amazon,Negative,"re seriously saying at this point, dont get me days worth or dates... how many time SLEEPS until I ever have it?",2025-10-14 20:43:22,2025-10-14 20:43:30,112
154,Amazon,Negative,"seriously at this point, dont get about fun or dates... how many SLEEPS until I have seen?",2025-10-14 20:43:22,2025-10-14 20:43:30,90
155,Amazon,Neutral,Amazon's Pay By Hand - Fast Tracking The Mark Of The Beast prophecynewswatch.com/article.cfm?re…,2025-10-14 20:43:22,2025-10-14 20:43:30,96
155,Amazon,Neutral,Amazon Pay By Hand - Fast Tracking The Mark Of The Beast prophecynewswatch.com / article.cfm? re...,2025-10-14 20:43:22,2025-10-14 20:43:30,99
155,Amazon,Neutral,Amazon pays the bills - A quick thrash of The Mark Of The Beast prophecynewswatch.com / Fall.m? re...,2025-10-14 20:43:22,2025-10-14 20:43:30,101
155,Amazon,Neutral,Amazon's Pay By Hand - Fast Tracking The Mark ing The Nation prophecynewswatch.com/article.cfm?re…,2025-10-14 20:43:22,2025-10-14 20:43:30,98
155,Amazon,Neutral,Amazon'2011 s Pay By Hand - A Fast Forward Tracking of The Bad Mark Of The Beast Official prophecynewswatch. com / article. cfm? re …,2025-10-14 20:43:22,2025-10-14 20:43:30,133
155,Amazon,Neutral,Amazon's Pay By Hand - Fast Tracking The Mark<unk> Fast Sales Software.com/article.cfm?re...,2025-10-14 20:43:22,2025-10-14 20:43:30,92
156,Amazon,Negative,"Anyone who knows me knows that I hate pre-ordering games on Amazon because they make you wait all day before your package gets here and I’d rather go to GameStop early in the morning... That being said, I can’t leave my house, so I caved. pic.twitter.com/P5Yhv7o8E3",2025-10-14 20:43:22,2025-10-14 20:43:30,265
156,Amazon,Negative,"Anyone who knows me knows that I hate pre-ordering games on Amazon because they make you wait all day before your package arrives here, and I'd rather go to GameStop early in the morning... Still, I can't leave my house, so I have reservation. pic.twitter.com / P5Yhv7o8E3",2025-10-14 20:43:22,2025-10-14 20:43:30,272
156,Amazon,Negative,"Anyone who knows me knows that I hate pre-orders for games on Amazon because they make you wait all day before your package gets here and I'd rather go to GameStop early in the morning... Having said that, I can't get out of the house so I'm loopy. pic.facebook.com / P5Yhv7o8E3",2025-10-14 20:43:22,2025-10-14 20:43:30,278
156,Amazon,Negative,"Anyone who knows me knows that I hate pre-ordering games on Amazon because they make you wait all day before your package gets here and I’d rather go to GameStop early in the morning... That being said, I can’t leave my house, so I caved. pic.twitter.com/P5Yhv7o8E3",2025-10-14 20:43:22,2025-10-14 20:43:30,265
156,Amazon,Negative,"R Anyone who knows me knows that I hate pre-ordering games on Amazon because they make you wait all day before your package gets here and I’d rather go to GameStop early in the morning... That being said, I can’t leave my house, so I caved. pic.twitter.com/P5Yhv7o8E3",2025-10-14 20:43:22,2025-10-14 20:43:30,267
156,Amazon,Negative,a,2025-10-14 20:43:22,2025-10-14 20:43:30,1
157,Amazon,Neutral,nan,2025-10-14 20:43:22,2025-10-14 20:43:30,3
157,Amazon,Neutral,It is not the first time that the EU Commission has taken such a step.,2025-10-14 20:43:22,2025-10-14 20:43:30,70
157,Amazon,Neutral,"At the same time, despite the fact that there are currently some 100 million people living below the poverty line, most of them do not have access to health services and do not have access to health care, while most of them do not have access to health care.",2025-10-14 20:43:22,2025-10-14 20:43:30,258
157,Amazon,Neutral,nan,2025-10-14 20:43:22,2025-10-14 20:43:30,3
157,Amazon,Neutral,nan,2025-10-14 20:43:22,2025-10-14 20:43:30,3
157,Amazon,Neutral,nan,2025-10-14 20:43:22,2025-10-14 20:43:30,3
158,Amazon,Negative,So fucked 🤣,2025-10-14 20:43:22,2025-10-14 20:43:30,11
158,Amazon,Negative,So damn!,2025-10-14 20:43:22,2025-10-14 20:43:30,8
158,Amazon,Negative,So fucked up?,2025-10-14 20:43:22,2025-10-14 20:43:30,13
158,Amazon,Negative,So fucked up,2025-10-14 20:43:22,2025-10-14 20:43:30,12
158,Amazon,Negative,So we fucked [UNK],2025-10-14 20:43:22,2025-10-14 20:43:30,18
158,Amazon,Negative,felt fucked <unk>,2025-10-14 20:43:22,2025-10-14 20:43:30,17
159,Amazon,Neutral,"Plain Janie. Smart Janie. She’s the good sister that never causes any trouble. Meet her in \"Janie's Secrets\" now.",2025-10-14 20:43:22,2025-10-14 20:43:30,115
159,Amazon,Neutral,Simple Janie. Clever Janie. She is the good sister who never causes problems. Meet her now in Janie's Secrets.,2025-10-14 20:43:22,2025-10-14 20:43:30,110
159,Amazon,Neutral,Plain Janie. Clever Janie. She's a kind sister who never causes any trouble.,2025-10-14 20:43:22,2025-10-14 20:43:30,76
159,Amazon,Neutral,"Plain Janie. Smart Janie. She’s one good sister that never causes any trouble. Meet us in \"Janie's Secrets\" podcast.",2025-10-14 20:43:22,2025-10-14 20:43:30,116
159,Amazon,Neutral,"Plain tough Janie. Smart Janie. That She ’ s the good younger sister girl that almost never causes any trouble. Meet to her in \" Janie's Secrets \" now.",2025-10-14 20:43:22,2025-10-14 20:43:30,151
159,Amazon,Neutral,"Plain Janie. Smart girl. And the good sister that never causes most trouble. Meet her during \"Janie's Secrets\" 1.",2025-10-14 20:43:22,2025-10-14 20:43:30,113
160,Amazon,Neutral,Starting season 4 of Bosch on Amazon Prime video. This series is great! Can't stop watching!,2025-10-14 20:43:22,2025-10-14 20:43:30,94
160,Amazon,Neutral,Starts Season 4 of Bosch on Amazon Prime Video. This series is great! Can't stop watching!,2025-10-14 20:43:22,2025-10-14 20:43:30,90
160,Amazon,Neutral,The fourth season of the series starts on Amazon Prime.,2025-10-14 20:43:22,2025-10-14 20:43:30,55
160,Amazon,Neutral,Starting season 4 in Bosch on Amazon Prime video. This series is great! Can't stop going!,2025-10-14 20:43:22,2025-10-14 20:43:30,89
160,Amazon,Neutral,I Starting season 4 of Bosch on an Amazon Prime video. This series is great! Can'th t stop the watching!,2025-10-14 20:43:22,2025-10-14 20:43:30,104
160,Amazon,Neutral,Starting Part 4 of Bosch on Amazon Prime video. This show is unbelievable! Can't stop watching!,2025-10-14 20:43:22,2025-10-14 20:43:30,95
161,Amazon,Neutral,I played this interesting quiz on Amazon - Try your luck for a chance to win exciting rewards amazon.in/game/share/gD8…,2025-10-14 20:43:22,2025-10-14 20:43:30,119
161,Amazon,Neutral,ve played this interesting quiz on Amazon - Try your luck for a chance to win exciting rewards amazon.in / game / share / gD8...,2025-10-14 20:43:22,2025-10-14 20:43:30,128
161,Amazon,Neutral,I played this interesting quiz on Amazon - Try your luck for a chance to win exciting rewards amazon.in / game / share / gD8...,2025-10-14 20:43:22,2025-10-14 20:43:30,127
161,Amazon,Neutral,I played this interesting quiz on Amazon - Try your luck about my chance to win exciting Visit amazon.in/game/share/gD8…,2025-10-14 20:43:22,2025-10-14 20:43:30,120
161,Amazon,Neutral,I played this interesting quiz on Amazon - Try your own luck for a chance and to possibly win exciting gaming rewards on amazon. in / game / share / or gD8 …,2025-10-14 20:43:22,2025-10-14 20:43:30,157
161,Amazon,Neutral,us take this interesting quiz on Amazon - Wish your luck for a seconds and win exciting rewards amazon.in/game/share/gD8...,2025-10-14 20:43:22,2025-10-14 20:43:30,123
162,Amazon,Neutral,Agents of Mayhem is now Just $8.56. . Get it here at Amazon ==> amzn.to/2p7hnkX. . Is like Fortnite... but more purple! . .,2025-10-14 20:43:22,2025-10-14 20:43:30,125
162,Amazon,Neutral,Agents of Mayhem now costs just $8.56.. Get it here at Amazon = = > amzn.to / 2p7hnkX.. Is like Fortnite... but purple!.,2025-10-14 20:43:22,2025-10-14 20:43:30,120
162,Amazon,Neutral,Mayhem's agent now costs only $8.56. You can get it here at Amazon = = > amzto / 2p7hnkX.,2025-10-14 20:43:22,2025-10-14 20:43:30,89
162,Amazon,Neutral,Agents of Mayhem Out now Just $8.56.. Get it here at Amazon ==> Amazon.to/2p7hnkX. Deals Is like Fortnite... but more purple!. Subscribe,2025-10-14 20:43:22,2025-10-14 20:43:30,136
162,Amazon,Neutral,Agents of Infinite Mayhem there is and now cost Just $ 0 8. 56.. u Get it out here at Amazon Amazon = = > amzn. to / 2p7hnkX.. Is more like Fortnite... but more purple!..,2025-10-14 20:43:22,2025-10-14 20:43:30,170
162,Amazon,Neutral,Agents Against Mayhem Are A Just a.56.. Found it cheap at Amazon ==> amzn.to/2p7hnkX.. Is like this... but more purple!..,2025-10-14 20:43:22,2025-10-14 20:43:30,121
163,Amazon,Neutral,I played this interesting quiz on Amazon - Try your luck for a chance to win exciting rewards amazon.in/game/share/gIK…,2025-10-14 20:43:22,2025-10-14 20:43:30,119
163,Amazon,Neutral,ve played this interesting quiz on Amazon - Try your luck for a chance to win exciting rewards amazon.in / game / share / gIK...,2025-10-14 20:43:22,2025-10-14 20:43:30,128
163,Amazon,Neutral,I played this interesting quiz on Amazon - Try your luck for a chance to win exciting rewards amazon.in / game / share / gIK...,2025-10-14 20:43:22,2025-10-14 20:43:30,127
163,Amazon,Neutral,I played this interesting quiz on Amazon - Try and luck for this chance to win exciting >>> amazon.in/game/share/gIK…,2025-10-14 20:43:22,2025-10-14 20:43:30,117
163,Amazon,Neutral,I played all this really interesting quiz on Amazon - for Try your luck for a chance to win exciting rewards amazon. or in / business game / share / per gIK …,2025-10-14 20:43:22,2025-10-14 20:43:30,158
163,Amazon,Neutral,mind get this interesting chance on Amazon - Try its mind for a chance to win exciting rewards amazon.in/game/share/gIK...,2025-10-14 20:43:22,2025-10-14 20:43:30,122
164,Amazon,Positive,This was selling for $144 yesterday and is now the lowest price ever from Amazon. .  . POWERFUL: 14.5-Amp motor generates up to 2000 PSI MAX/1.65 GPM to....  . . amazon.com/Sun-Joe-SPX259… https://t.co/TSRAhZ3YP1,2025-10-14 20:43:22,2025-10-14 20:43:30,212
164,Amazon,Positive,That was available yesterday for 144 dollars and is now the lowest price Amazon ever had... POWERFUL: 14.5 amp motor generates up to 2000 PSI MAX / 1.65 GPM at...... amazon.com / Sun-Joe-SPX259... https: / / t.co / TSRAhZ3YP1,2025-10-14 20:43:22,2025-10-14 20:43:30,225
164,Amazon,Positive,"Yesterday, it was selling for $144, the lowest price ever paid by Amazon.",2025-10-14 20:43:22,2025-10-14 20:43:30,73
164,Amazon,Positive,This was selling like $144 USD and is likely the best price ever from Amazon.. . POWERFUL: 14.5-Amp motor generates up to 2000 PSI MAX/1.65 GPM to.... .. Shutterstock.com/Sun-Joe-SPX259…<unk>],2025-10-14 20:43:22,2025-10-14 20:43:30,192
164,Amazon,Positive,and This was selling almost for $ 144 yesterday now and is now reaching the 6th lowest price ever ever from Amazon... POWERFUL : 14. 1 5 - Amp motor now generates up to 2000 PSI MAX / CA 1. 65 GPM to...... amazon. like com / Sun - Joe - SPX259 … https://t.co/TSRAhZ3YP1 ],2025-10-14 20:43:22,2025-10-14 20:43:30,271
164,Amazon,Positive,it been selling for $144 yesterday and its about the average price ever to Amazon... POWERFUL: [.5-Amp motor rated 1000 to 2000 PSI MAX/1.65 GPM to...... amazon.com/Sun-Joe-SPX259... and],2025-10-14 20:43:22,2025-10-14 20:43:30,187
165,Amazon,Neutral,An amazing read aloud book for you and your child! Select on Amazon The Wish FitzPatrick. pic.twitter.com/btdyLnW7zG,2025-10-14 20:43:22,2025-10-14 20:43:30,116
165,Amazon,Neutral,An amazing reading book for you and your child! Select The Wish FitzPatrick. pic.twitter.com / btdyLnW7zG,2025-10-14 20:43:22,2025-10-14 20:43:30,105
165,Amazon,Neutral,An amazing book to read aloud for you and your child! Choose from Amazon The Wish Fitzfuck. pic.facebook.com / btdyLnW7zG,2025-10-14 20:43:22,2025-10-14 20:43:30,121
165,Amazon,Neutral,An amazing read aloud book for you and your child! Select on Amazon The Wish FitzPatrick. pic.twitter.com/btdyLnW7zG,2025-10-14 20:43:22,2025-10-14 20:43:30,116
165,Amazon,Neutral,and An amazing read aloud book for you and your child! Select on Amazon The Wish FitzPatrick. pic.twitter.com/btdyLnW7zG,2025-10-14 20:43:22,2025-10-14 20:43:30,120
165,Amazon,Neutral,of,2025-10-14 20:43:22,2025-10-14 20:43:30,2
166,Amazon,Negative,Amazon Hit From All Sides as Crisis Highlights Growing Power thealexanews.com/gadgets/amazon…,2025-10-14 20:43:22,2025-10-14 20:43:30,93
166,Amazon,Negative,Amazon hit from all sides as crisis highlights growing power thealexanews.com / gadgets / amazon...,2025-10-14 20:43:22,2025-10-14 20:43:30,99
166,Amazon,Negative,Amazon From All Sides as Crisis Highlights Growing Power thealexanews.com / gadgets / amazon...,2025-10-14 20:43:22,2025-10-14 20:43:30,95
166,Amazon,Negative,Amazon Hit From Three Sides as Crisis Highlights online thealexanews.com/gadgets/amazon…,2025-10-14 20:43:22,2025-10-14 20:43:30,88
166,Amazon,Negative,While Amazon Hit it From All Sides as Crisis Highlights of Growing beyond Power thealexanews.... com / gadgets / amazon …,2025-10-14 20:43:22,2025-10-14 20:43:30,121
166,Amazon,Negative,Amazon Read By All Reports as Crisis Highlights Nuclear Power thealexanews.com/gadgets/amazon...,2025-10-14 20:43:22,2025-10-14 20:43:30,96
167,Amazon,Irrelevant,can someone please just fucking tell me if the amazon is still on fire i genuinely don’t know,2025-10-14 20:43:22,2025-10-14 20:43:30,93
167,Amazon,Irrelevant,"Can someone please tell me if the Amazon is still burning, I really don't know",2025-10-14 20:43:22,2025-10-14 20:43:30,78
167,Amazon,Irrelevant,can someone please just fucking tell me if the amazon is still on fire i girlly don't know,2025-10-14 20:43:22,2025-10-14 20:43:30,90
167,Amazon,Irrelevant,can someone please just fucking tell me if the amazon is lit on fire i genuinely don’t care,2025-10-14 20:43:22,2025-10-14 20:43:30,91
167,Amazon,Irrelevant,can we someone maybe please just fucking tell me if the amazon is not still on permanent fire i genuinely don ’ t know,2025-10-14 20:43:22,2025-10-14 20:43:30,118
167,Amazon,Irrelevant,can someone please just fucking tell me if our amazon is still on fire i really don’t care,2025-10-14 20:43:22,2025-10-14 20:43:30,90
168,Amazon,Neutral,. NOW 99¢ . A notorious Blockade Runner. A mysterious Heiress. An inconvenient Secret.... . THE TROUBLE WITH MISBEHAVING . .  .  .,2025-10-14 20:43:22,2025-10-14 20:43:30,132
168,Amazon,Neutral,A notorious Blockade Runner. A mysterious heiress. An uncomfortable secret..... THE TROUBLE WITH MISCELLANEOUS......,2025-10-14 20:43:22,2025-10-14 20:43:30,116
168,Amazon,Neutral,NOW 99. The Notorious Runner. The Mysterious Heir. An Inconvenient Mystery....,2025-10-14 20:43:22,2025-10-14 20:43:30,78
168,Amazon,Neutral,. NOW 99¢. A notorious Circle Runner. A mysterious Heiress. An Old Secret.... AT THE TROUBLE WITH MISBEHAVING.. . .,2025-10-14 20:43:22,2025-10-14 20:43:30,115
168,Amazon,Neutral,.... NOW... 99¢. A more notorious Louisiana Blockade Fast Runner. and A mysterious Gentleman Heiress. An inconvenient American Secret..... THE UP TROUBLE WITH MISBEHAVING....,2025-10-14 20:43:22,2025-10-14 20:43:30,174
168,Amazon,Neutral,. NOW<unk>. A Fast Blockade Runner. A old man. An old Secret..... a WORLD WITH MISBEHAVING....,2025-10-14 20:43:22,2025-10-14 20:43:30,94
169,Amazon,Negative,Hello Amazon India what happen what action taken about my order which canceled by your delivery team.. When I will get my refund.?,2025-10-14 20:43:22,2025-10-14 20:43:30,130
169,Amazon,Negative,"Hello Amazon India, what happens to my order that has been cancelled by your delivery team? When do I get my refund?",2025-10-14 20:43:22,2025-10-14 20:43:30,116
169,Amazon,Negative,"Hello Amazon India What happened, what action has been taken regarding my order that was cancelled by your delivery team.. When will I receive my refund?",2025-10-14 20:43:22,2025-10-14 20:43:30,153
169,Amazon,Negative,Hello Amazon India what happen what action taken about my order which processed by your delivery team.. When where will get my refund.?,2025-10-14 20:43:22,2025-10-14 20:43:30,135
169,Amazon,Negative,Hello Amazon India what happen sir what about action taken about taking my order which canceled by removing your delivery team.. When I will get all my refund.?,2025-10-14 20:43:22,2025-10-14 20:43:30,160
169,Amazon,Negative,Hello Amazon India what happen what action taken about my order which canceled both the delivery team.. When I will lose my shipment.?,2025-10-14 20:43:22,2025-10-14 20:43:30,134
170,Amazon,Neutral,@Thelazygenius12 Thanks for entering Grand Summoners  . . Watch the video to see if you won a $100 Amazon gift card! . Retweet every day for another chance to win!. . . Play GS Global now for a FREE . 5 One Punch Man Unit!.  https://t.co/FRG8jYHqWe,2025-10-14 20:43:22,2025-10-14 20:43:30,248
170,Amazon,Neutral,@ Thelazygenius12 Thank you for participating in Summoners.. Watch the video to see if you have won an Amazon gift card worth $100!. Retweet every day for another chance to win!.. Play GS Global now FREE. 5 One Punch Man Unit!. https: / / t.co / FRG8jYHqWe,2025-10-14 20:43:22,2025-10-14 20:43:30,256
170,Amazon,Neutral,@ ThelazyUS12 Thanks for entering Grand Summoners.. Watch the video to see if you won a $100 Amazon gift card!. Retweet every day for another chance to win!... Play GS Global now for a FREE. 5 One Punch Man Unit!. https: / / FRG8jYHqWe,2025-10-14 20:43:22,2025-10-14 20:43:30,235
170,Amazon,Neutral,"@Thelazygenius12, for entering Grand Summoners .. Follow the videos to know if you won this $100 Amazon gift card!. Retweet every day for another chance to win!... Play GS Global now for a FREE. 5 One Punch Man Unit!.  https://t.co/FRG8jYHqWe]",2025-10-14 20:43:22,2025-10-14 20:43:30,243
170,Amazon,Neutral,@Thelazygenius12... Thanks for entering Grand Summoners.. get Watch from the video stream to see if you won a $ 100 Amazon gift card card!. get Retweet up every day for any another chance to win!... Play GS Global now for a little FREE. 5 One Punch Man Unit!. Source https://t.co/FRG8jYHqWe ],2025-10-14 20:43:22,2025-10-14 20:43:30,292
170,Amazon,Neutral,@Thelazygenius12 Thanks for entering Grand Summoners.. Watch the page to see if you have our $100 Amazon gift card!. Retweet another day for another chance your win!... Enter GS Classic WWE for a FREE. 1 One Punch Man Exclusive!. https://t.co/FRG8jYHqWe],2025-10-14 20:43:22,2025-10-14 20:43:30,254
171,Amazon,Irrelevant,"AOC you make some very ignorant comments. When you come to Wi, can we meet .",2025-10-14 20:43:22,2025-10-14 20:43:30,76
171,Amazon,Irrelevant,"AOC You make some very ignorant comments. If you come to Wi-Fi, we can meet.",2025-10-14 20:43:22,2025-10-14 20:43:30,76
171,Amazon,Irrelevant,"AOC you make some very ignorant comments. When you come to Wi, can we meet.",2025-10-14 20:43:22,2025-10-14 20:43:30,75
171,Amazon,Irrelevant,"AOC you make some very ignorant comments. When you go to Wi, can we meet.",2025-10-14 20:43:22,2025-10-14 20:43:30,73
171,Amazon,Irrelevant,"the AOC you usually make some very very ignorant idle comments. When you come to Wi, can we meet.",2025-10-14 20:43:22,2025-10-14 20:43:30,97
171,Amazon,Irrelevant,"where you make some very ignorant arguments. When you commit to Wi, can we meet.",2025-10-14 20:43:22,2025-10-14 20:43:30,80
172,Amazon,Neutral,WATCH: Neighbors stunned as cop takes down Black Amazon driver for parking the wrong way' here: smartnews.link/a/qYJN or you can directly access the content using this link here: smartnews.link/w/RdEA,2025-10-14 20:43:22,2025-10-14 20:43:30,200
172,Amazon,Neutral,"WATCH: Neighbors stunned as police officer picks up Black Amazon driver for wrong parking \"here: smartnews.link / a / qYJN or you can access the contents directly by clicking this link here: smartnews.link / w / RdEA",2025-10-14 20:43:22,2025-10-14 20:43:30,216
172,Amazon,Neutral,"WATCH: \"stunned as cop picks up black Amazon driver for wrong parking\" here: smartnews.link / a / qYJN or you can access live content here: smartnews.link / w / RdEA",2025-10-14 20:43:22,2025-10-14 20:43:30,165
172,Amazon,Neutral,WATCH: Neighbors stunned as cop takes down Black Amazon driver for parking the'way' way: smartnews.link/a/qYJN or you can actively follow the content using this app here: smartnews.link/w/RdEA,2025-10-14 20:43:22,2025-10-14 20:43:30,192
172,Amazon,Neutral,WATCH : Neighbors stunned as unidentified cop takes the down Black of Amazon driver for parking the wrong the way's here : smartnews. com link / a / watch qYJN you or you can directly access the content using this link here : see smartnews. info link / w / RdEA,2025-10-14 20:43:22,2025-10-14 20:43:30,261
172,Amazon,Neutral,WATCH: Neighbors stunned with cop takes down Black Amazon driver for theft like other way' here: smartnews.link/a/qYJN or you cannot directly access the content via this site from: smartnews.link/w/RdEA,2025-10-14 20:43:22,2025-10-14 20:43:30,202
173,Amazon,Negative,"@amazon highly disappointed with amazon , never expected so pathetic reply from custome support team.",2025-10-14 20:43:22,2025-10-14 20:43:30,101
173,Amazon,Negative,"@ amazon is very disappointed with amazon, never expected such a pathetic response from the Custome support team.",2025-10-14 20:43:22,2025-10-14 20:43:30,113
173,Amazon,Negative,"@ amazon is very disappointed with Amazon, never expected such a pathetic response from the support team.",2025-10-14 20:43:22,2025-10-14 20:43:30,105
173,Amazon,Negative,"@amazon highly disappointed with amazon, never expected so pathetic form from his support team.",2025-10-14 20:43:22,2025-10-14 20:43:30,95
173,Amazon,Negative,"The @amazon highly disappointed with amazon, never expected her so pathetic reply from custome and support that team.",2025-10-14 20:43:22,2025-10-14 20:43:30,117
173,Amazon,Negative,"personally highly disappointed with amazon, never once so pathetic reply from custome support provider.",2025-10-14 20:43:22,2025-10-14 20:43:30,103
174,Amazon,Neutral,"Amazon Great Indian Sale: Get Rs 15,000 Amazon Pay Cashback With a New OnePlus TV. . Read more at OursWideWeb.com https://t.co/ipKtVWUYQ3",2025-10-14 20:43:22,2025-10-14 20:43:30,137
174,Amazon,Neutral,"Amazon Great Indian Sale: Get Rs 15,000 Amazon Pay Cashback with a new OnePlus TV.. Read more at OursWideWeb.com https: / / t.co / ipKtVWUYQ3",2025-10-14 20:43:22,2025-10-14 20:43:30,141
174,Amazon,Neutral,"Amazon Great Indian Sale: Get Rs 15,000 Amazon Pay Cashback With a New OnePlus TV.. Read more at OursWideWeb.com https: / / Fenco / ipKtVWUYQ3",2025-10-14 20:43:22,2025-10-14 20:43:30,142
174,Amazon,Neutral,"Amazon Great Indian Sale: Get Rs 54,000 Amazon Pay Cashback Get Our New OnePlus TV.. Read more at OursWideWeb.com https://t.co/ipKtVWUYQ3]",2025-10-14 20:43:22,2025-10-14 20:43:30,138
174,Amazon,Neutral,"Amazon Select Great Indian For Sale : I Get Rs 15, 000 Amazon Pay Cashback With buying a New York OnePlus for TV.. Read more reviews at OursWideWeb. com x https://t.co/ipKtVWUYQ3 ]",2025-10-14 20:43:22,2025-10-14 20:43:30,180
174,Amazon,Neutral,"Amazon New Indian Sale: 10,000 Rs from Amazon Pay Cashback With a New OnePlus TV.. Find this at OursWideWeb.com https://t.co/ipKtVWUYQ3]",2025-10-14 20:43:22,2025-10-14 20:43:30,136
175,Amazon,Neutral,I played this interesting quiz on Amazon - Try your luck for a chance to win exciting rewards,2025-10-14 20:43:22,2025-10-14 20:43:30,95
175,Amazon,Neutral,I've played this interesting quiz on Amazon - try your luck for a chance to win exciting rewards,2025-10-14 20:43:22,2025-10-14 20:43:30,96
175,Amazon,Neutral,I played this interesting quiz on Amazon - try your luck for the chance to win exciting awards,2025-10-14 20:43:22,2025-10-14 20:43:30,94
175,Amazon,Neutral,I played this interesting quiz on Amazon - Try your luck for extra chance to win exciting rewards,2025-10-14 20:43:22,2025-10-14 20:43:30,97
175,Amazon,Neutral,I played in this interesting girl quiz on Amazon - Try your luck for losing a chance to win exciting rewards,2025-10-14 20:43:22,2025-10-14 20:43:30,108
175,Amazon,Neutral,also played this interesting quiz on Amazon - Try your luck for your chance to win exciting rewards,2025-10-14 20:43:22,2025-10-14 20:43:30,99
176,Amazon,Neutral,I played this interesting quiz on Amazon - Try your luck for a chance to win exciting rewards amazon.in/game/share/gK1…,2025-10-14 20:43:22,2025-10-14 20:43:30,119
176,Amazon,Neutral,ve played this interesting quiz on Amazon - Try your luck for a chance to win exciting rewards amazon.in / game / share / gK1...,2025-10-14 20:43:22,2025-10-14 20:43:30,128
176,Amazon,Neutral,I played this interesting quiz on Amazon - Try your luck for a chance to win exciting rewards amazon.in / game / share / gK1...,2025-10-14 20:43:22,2025-10-14 20:43:30,127
176,Amazon,Neutral,I played this interesting quiz on Amazon - Try your game for a chance you receive exciting rewards amazon.in/game/share/gK1…,2025-10-14 20:43:22,2025-10-14 20:43:30,124
176,Amazon,Neutral,First I played with this interesting quiz on at Amazon - Try your luck for a chance tonight to win exciting rewards amazon. in / live game / share / view gK1 …,2025-10-14 20:43:22,2025-10-14 20:43:30,159
176,Amazon,Neutral,recently played some interesting quiz in Amazon - Try and luck for your chance to win exciting rewards amazon.in/game/share/gK1...,2025-10-14 20:43:22,2025-10-14 20:43:30,130
177,Amazon,Positive,And they’re awesome,2025-10-14 20:43:22,2025-10-14 20:43:30,19
177,Amazon,Positive,And they're awesome,2025-10-14 20:43:22,2025-10-14 20:43:30,19
177,Amazon,Positive,And they're terrible,2025-10-14 20:43:22,2025-10-14 20:43:30,20
177,Amazon,Positive,And they’re dying,2025-10-14 20:43:22,2025-10-14 20:43:30,17
177,Amazon,Positive,And they ’ re so awesome,2025-10-14 20:43:22,2025-10-14 20:43:30,24
177,Amazon,Positive,And they’re right,2025-10-14 20:43:22,2025-10-14 20:43:30,17
178,Amazon,Negative,“Amazon is a great devouring beast of a business which has had a massive and not exactly positive impact on the world’s environment. Its treatment of staff is highly questionable. ” gu.com/p/dabz5/stw,2025-10-14 20:43:22,2025-10-14 20:43:30,200
178,Amazon,Negative,"\"Amazon is a big eater of a company that has had a massive and not exactly positive impact on the world's environment and whose treatment of employees is highly questionable.\" gu.com / p / dabz5 / stw",2025-10-14 20:43:22,2025-10-14 20:43:30,200
178,Amazon,Negative,"\"Amazon is a big abomination to a business that has had a huge and not entirely positive impact on the environment in the world, and its treatment of staff raises big questions.\" gu.com / p / dabz5 / stw",2025-10-14 20:43:22,2025-10-14 20:43:30,203
178,Amazon,Negative,“Amazon is a great devouring beast or trash business and has had a disastrous and not exactly positive impact onto the world’s environment. Its treatment of staff is highly questionable. ” gu.com/p/dabz5/stw,2025-10-14 20:43:22,2025-10-14 20:43:30,207
178,Amazon,Negative,“ company Amazon is a great devouring beast of... a global business empire which has had a massive success and not even exactly positive negative impact on the world ’ s unique environment. Its treatment of their staff is highly questionable. ” on gu. com / p / dabz5 / stw,2025-10-14 20:43:22,2025-10-14 20:43:30,273
178,Amazon,Negative,“Amazon is a shame devouring pleasure of a business that has had relatively few and not exactly positive impacts on the world’s environment. Its loyalty of staff is highly questionable. ” gu.com/p/dabz5/stw,2025-10-14 20:43:22,2025-10-14 20:43:30,206
179,Amazon,Neutral,Amazon has just launched a helpful face mask store dlvrit.wordpress.com/2020/07/28/ama…,2025-10-14 20:43:22,2025-10-14 20:43:30,87
179,Amazon,Neutral,Amazon just launched a helpful face mask store dlvrit.wordpress.com / 2020 / 07 / 28 / ama...,2025-10-14 20:43:22,2025-10-14 20:43:30,93
179,Amazon,Neutral,Amazon just launched a useful face mask store dfrit.wordpress.com / 2020 / 07 / 28 / ama...,2025-10-14 20:43:22,2025-10-14 20:43:30,91
179,Amazon,Neutral,Amazon actually just launched that helpful face mask store dlvrit.wordpress.com/2020/07/28/ama…,2025-10-14 20:43:22,2025-10-14 20:43:30,95
179,Amazon,Neutral,Amazon has just launched with a helpful face mask store at dlvrit. like wordpress. et com / on 2020 / 07 / 28 / ama …,2025-10-14 20:43:22,2025-10-14 20:43:30,117
179,Amazon,Neutral,Amazon News just posted a private face me store dlvrit.wordpress.com/2020/07/28/ama...,2025-10-14 20:43:22,2025-10-14 20:43:30,86
180,Amazon,Neutral,@Ona60426615 Thanks for entering Grand Summoners  . . Watch the video to see if you won a $100 Amazon gift card! . Retweet everyday for another chance to win!. . . Play now for a FREE . 5 Yu Yu Hakusho Unit! .  https://t.co/grBikiY59z,2025-10-14 20:43:22,2025-10-14 20:43:30,234
180,Amazon,Neutral,@ Ona60426615 Thank you for participating in Summoners.. Watch the video to see if you have won an Amazon voucher worth $100!. Retweet every day for another chance to win!... Play now for FREE. 5 Yu Yu Hakusho Unit!. https: / / t.co / grBikiY59z,2025-10-14 20:43:22,2025-10-14 20:43:30,245
180,Amazon,Neutral,@ Ona60426615 Thanks for entering Grand Summoners.. Watch the video to see if you won a $100 Amazon gif card!. Retweet every day for another chance to win!... Play now for a FREE. 5 Yu Yu Yusho Unit!.,2025-10-14 20:43:22,2025-10-14 20:43:30,200
180,Amazon,Neutral,@Ona60426615 Thanks for entering Grand Summoners .. Watch the video to see if you won a $100 Amazon Amazon card!.. everyday for second chance to win!... Play now for a FREE. 5 Yu<unk> Hakusho Unit! [...]  https://t.co/grBikiY59z],2025-10-14 20:43:22,2025-10-14 20:43:30,229
180,Amazon,Neutral,@Ona60426615 and Thanks for entering Grand Summoners.. Watch for the home video to see if first you won a $ 2000 100 Amazon gift card!. Retweet everyday for another good chance just to win!... Play you now again for a FREE. 5 Yu Yu Hakusho Unit!. Retrieved https://t.co/grBikiY59z ],2025-10-14 20:43:22,2025-10-14 20:43:30,282
180,Amazon,Neutral,@Ona60426615 Thanks and Reading My Class.. Watch my video to see if you won a $50 Amazon gift card!. Play everyday for another in your win!... Play now for a $15. 5 Yu Yu Hakusho Unit!. https://t.co/grBikiY59z],2025-10-14 20:43:22,2025-10-14 20:43:30,210
181,Amazon,Positive,I love ordering stuff for people off Amazon,2025-10-14 20:43:22,2025-10-14 20:43:30,43
181,Amazon,Positive,I love ordering stuff for people on Amazon,2025-10-14 20:43:22,2025-10-14 20:43:30,42
181,Amazon,Positive,I love ordering things for people with Amazon,2025-10-14 20:43:22,2025-10-14 20:43:30,45
181,Amazon,Positive,I love ordering stuff on people off Amazon,2025-10-14 20:43:22,2025-10-14 20:43:30,42
181,Amazon,Positive,I love ordering stuff for her people off Amazon,2025-10-14 20:43:22,2025-10-14 20:43:30,47
181,Amazon,Positive,I love this stuff for people off Amazon,2025-10-14 20:43:22,2025-10-14 20:43:30,39
182,Amazon,Neutral,@ParthaC97655126 Thanks for entering Grand Summoners  . . Watch the video to see if you won a $100 Amazon gift card! . Retweet everyday for another chance to win!. . . Play GS Global now for a FREE . 5 Golden Kamuy Unit!.  https://t.co/0fhddwJH1w,2025-10-14 20:43:22,2025-10-14 20:43:30,246
182,Amazon,Neutral,@ ParthaC97655126 Thank you for participating in Summoners... Watch the video to see if you have won an Amazon gift card worth $100!. Retweet every day to have another chance to win!.. Play GS Global now FREE. 5 Golden Kamuy Unit!. https: / / t.co / 0fhddwJH1w,2025-10-14 20:43:22,2025-10-14 20:43:30,260
182,Amazon,Neutral,@ ParthaC97655126 Thanks for entering Grand Summoners.. Watch the video to see if you won a $100 Amazon gift card!. Retweet everyday for another chance to win!... Play GS Global now for a FREE. 5 Golden Kamuy Unit!.,2025-10-14 20:43:22,2025-10-14 20:43:30,215
182,Amazon,Neutral,@ParthaC97655126 Thanks for entering Grand Summoners .. Click the video to see if and get a lucky Amazon gift card!. Win everyday for another chance to win!... Play GS Global now for a FREE. 5 Golden Kamuy Unit!.  https://t.co/0fhddwJH1w],2025-10-14 20:43:22,2025-10-14 20:43:30,238
182,Amazon,Neutral,@ParthaC97655126... Thanks also for entering Grand Canyon Summoners.. Watch the poker video to see if you won a $ 100 Amazon gift or card!. Retweet everyday for another chance on to really win!... Play GS Global now thank for making a FREE. Page 5 Golden Kamuy Unit!. https://t.co/0fhddwJH1w ],2025-10-14 20:43:22,2025-10-14 20:43:30,293
182,Amazon,Neutral,up today for visiting Grand Cinema.. Watch the link to see tell you got a $100 Amazon gift card!. Retweet everyday for another chance to vote!... Play GS Global now for a $50. 5 inch Kamuy Unit!. https://t.co/0fhddwJH1w],2025-10-14 20:43:22,2025-10-14 20:43:30,220
183,Amazon,Neutral,Walmart Just Gave Its Customers Another Good Reason to Cancel Their Amazon Prime Membership dlvr.it/Rf21jg https://t.co/TQ6U6MDBuT,2025-10-14 20:43:22,2025-10-14 20:43:30,130
183,Amazon,Neutral,Walmart just gave its customers another good reason to cancel their Amazon Prime membership dlvr.it / Rf21jg https: / / t.co / TQ6U6MDBuT,2025-10-14 20:43:22,2025-10-14 20:43:30,137
183,Amazon,Neutral,Walmart Just Gave its Customers Another Good Reason to Cancel their Amazon Prime Membership dr.it / Rf21jg https: / / www.co / TQ6U6MDBuT,2025-10-14 20:43:22,2025-10-14 20:43:30,137
183,Amazon,Neutral,Walmart Just Gave Its Workers Another Good Reward to Cancel Their Amazon Prime Membership dlvr.it/Rf21jg<unk>],2025-10-14 20:43:22,2025-10-14 20:43:30,110
183,Amazon,Neutral,Walmart Just Gave to Its Customers Thanks Another One Good Damn Reason Not to Cancel Their Amazon Prime Membership dlvr. it / er Rf21jg or https://t.co/TQ6U6MDBuT ],2025-10-14 20:43:22,2025-10-14 20:43:30,164
183,Amazon,Neutral,Walmart Just Have Hey self Another Good Option to Cancel Their Amazon Prime Price dlvr.it/Rf21jg https://t.co/TQ6U6MDBuT],2025-10-14 20:43:23,2025-10-14 20:43:30,121
184,Amazon,Neutral,I played this interesting quiz on Amazon - Try your luck for a chance to win exciting rewards amazon.in/game/share/gFQ…,2025-10-14 20:43:23,2025-10-14 20:43:30,119
184,Amazon,Neutral,ve played this interesting quiz on Amazon - Try your luck for a chance to win exciting rewards amazon.in / game / share / gFQ...,2025-10-14 20:43:23,2025-10-14 20:43:30,128
184,Amazon,Neutral,I played this interesting quiz on Amazon - Try your luck for a chance to win exciting rewards amazon.in / game / share / gFQ...,2025-10-14 20:43:23,2025-10-14 20:43:30,127
184,Amazon,Neutral,I played this interesting strategy on Amazon - Try your luck for a chance a win exciting rewards twitch.in/game/share/gFQ…,2025-10-14 20:43:23,2025-10-14 20:43:30,122
184,Amazon,Neutral,I played about this interesting quiz program on Amazon - X Try pressing your luck for a chance to win exciting rewards amazon. in / per game / share / gFQ file …,2025-10-14 20:43:23,2025-10-14 20:43:30,161
184,Amazon,Neutral,I played some interesting quiz on Amazon - Try an app for a chance to receive awesome rewards amazon.in/game/share/gFQ...,2025-10-14 20:43:23,2025-10-14 20:43:30,121
185,Amazon,Positive,All this price data gon be amazing for when Amazon inevitably splits,2025-10-14 20:43:23,2025-10-14 20:43:30,68
185,Amazon,Positive,All this pricing data is amazing when Amazon inevitably splits up,2025-10-14 20:43:23,2025-10-14 20:43:30,65
185,Amazon,Positive,All of these price data would be surprising if Amazon,2025-10-14 20:43:23,2025-10-14 20:43:30,53
185,Amazon,Positive,All this price data gon be amazing for when Amazon inevitably disappears,2025-10-14 20:43:23,2025-10-14 20:43:30,72
185,Amazon,Positive,All this digital price tag data gon be amazing for when Amazon inevitably splits,2025-10-14 20:43:23,2025-10-14 20:43:30,80
185,Amazon,Positive,guess this price data gon be amazing shit when Amazon inevitably splits,2025-10-14 20:43:23,2025-10-14 20:43:30,71
186,Amazon,Positive,I recommend this,2025-10-14 20:43:23,2025-10-14 20:43:30,18
186,Amazon,Positive,nan,2025-10-14 20:43:23,2025-10-14 20:43:30,3
186,Amazon,Positive,I recommend it,2025-10-14 20:43:23,2025-10-14 20:43:30,14
186,Amazon,Positive,I needed this,2025-10-14 20:43:23,2025-10-14 20:43:30,13
186,Amazon,Positive,However I recommend this,2025-10-14 20:43:23,2025-10-14 20:43:30,24
186,Amazon,Positive,I recommend a,2025-10-14 20:43:23,2025-10-14 20:43:30,13
187,Amazon,Positive,@SouthwestAir expanding to O'Hare Airport. They're trying to be the,2025-10-14 20:43:23,2025-10-14 20:43:30,69
187,Amazon,Positive,@ SouthwestAir expands to O'Hare Airport.,2025-10-14 20:43:23,2025-10-14 20:43:30,41
187,Amazon,Positive,@ Southwest Air expands to O'Hare Airport.,2025-10-14 20:43:23,2025-10-14 20:43:30,42
187,Amazon,Positive,@SouthwestAir expanding to O'Hare Airport. They're trying to close the,2025-10-14 20:43:23,2025-10-14 20:43:30,70
187,Amazon,Positive,@SouthwestAir expanding service to O'Hare Airport. One They'A re trying to be the,2025-10-14 20:43:23,2025-10-14 20:43:30,81
187,Amazon,Positive,<unk> expanding to O'Hare Airport. They're trying their be the,2025-10-14 20:43:23,2025-10-14 20:43:30,62
188,Amazon,Neutral,@gugcosta123 Thanks for entering Grand Summoners  . . Watch the video to see if you won a $100 Amazon gift card! . Retweet every day for another chance to win!. . . Play GS Global now for a FREE . 5 One Punch Man Unit!.  https://t.co/cYRxX5UR6h,2025-10-14 20:43:23,2025-10-14 20:43:30,244
188,Amazon,Neutral,@ gugcosta123 Thank you for participating in Grand Summoners.. Watch the video to see if you have won an Amazon voucher worth $100!. Retweet every day for another chance to win!... Play GS Global now FREE. 5 One Punch Man Unit!. https: / / t.co / cYRxX5UR6h,2025-10-14 20:43:23,2025-10-14 20:43:30,257
188,Amazon,Neutral,@ gugcosta123 Thanks for entering Grand Summoners.. Watch the video to see if you won a $100 Amazon gift card!. Retweet every day for another chance to win!... Play GS Global now for a FREE. 5 One Punch Man Unit!. https: / / Fencco / cYRxX5UR6h,2025-10-14 20:43:23,2025-10-14 20:43:30,244
188,Amazon,Neutral,@gugcosta123 Thanks for entering Grand Summoners .. Watch a video to see if you won a $100 Amazon gift box!. Retweet every day for another chance to win!.. And Play GS Global now for a cool. 5 One Punch Man Challenge  https://t.co/cYRxX5UR6h],2025-10-14 20:43:23,2025-10-14 20:43:30,242
188,Amazon,Neutral,@gugcosta123 Thanks for entering as Grand Summoners.. Watch watching the game video just to also see if you won a $ 100 Amazon gift card!. Retweet every single day for another chance indeed to win!... Play against GS Global now for a FREE. Live 5 min One Punch Man Unit!. https://t.co/cYRxX5UR6h ],2025-10-14 20:43:23,2025-10-14 20:43:30,297
188,Amazon,Neutral,@gugcosta123 Thanks for entering Dragon Summoners.. Watch the video to see if already won a $100 Amazon gift card!. Retweet your day with 1 chance get win!... Play GS II now for a FREE. 5 HP 100 Man Unit!. this],2025-10-14 20:43:23,2025-10-14 20:43:30,211
189,Amazon,Irrelevant,i want her so bad she’s so sexc,2025-10-14 20:43:23,2025-10-14 20:43:30,31
189,Amazon,Irrelevant,I want it to be so bad it's so sexy,2025-10-14 20:43:23,2025-10-14 20:43:30,35
189,Amazon,Irrelevant,i want her so bad she's so sexy,2025-10-14 20:43:23,2025-10-14 20:43:30,31
189,Amazon,Irrelevant,i want love so bad she’s so sexc,2025-10-14 20:43:23,2025-10-14 20:43:30,32
189,Amazon,Irrelevant,i want with her so bad she ’ s being so sexc,2025-10-14 20:43:23,2025-10-14 20:43:30,44
189,Amazon,Irrelevant,i want that so bad she’s so sexc,2025-10-14 20:43:23,2025-10-14 20:43:30,32
190,Amazon,Neutral,Amazon Shuts New York Delivery Station After Worker Gets Coronavirus nytimes.com/reuters/2020/0…,2025-10-14 20:43:23,2025-10-14 20:43:30,96
190,Amazon,Neutral,Amazon Closes New York Delivery Station After Workers Get Coronavirus nytimes.com / reuters / 2020 / 0...,2025-10-14 20:43:23,2025-10-14 20:43:30,105
190,Amazon,Neutral,Amazon Share New York Delivery Station After Worker Gets Coronavirus nytimes.com / Freedoms / 2020 / 0...,2025-10-14 20:43:23,2025-10-14 20:43:30,105
190,Amazon,Neutral,Amazon Shuts New US Stock Station After Worker Gets Coronavirus nytimes.com/reuters/2020/0…,2025-10-14 20:43:23,2025-10-14 20:43:30,91
190,Amazon,Neutral,Amazon Shuts up New York Post Delivery Station Immediately After Worker Gets Published Coronavirus nytimes. com / global reuters / 2020 / 0 …,2025-10-14 20:43:23,2025-10-14 20:43:30,141
190,Amazon,Neutral,Amazon Shuts Up York Delivery Card After Worker Protest To nytimes.com/reuters/2020/0...,2025-10-14 20:43:23,2025-10-14 20:43:30,88
191,Amazon,Neutral,@OtakuWeeb11 Thanks for entering Grand Summoners  . . Watch the video to see if you won a $100 Amazon gift card! . Retweet every day for another chance to win!. . . Play GS Global now for a FREE . 5 One Punch Man Unit!.  https://t.co/DuelUDqpGd,2025-10-14 20:43:23,2025-10-14 20:43:30,244
191,Amazon,Neutral,@ OtakuWeeb11 Thank you for participating in Summoners.. Watch the video to see if you have won an Amazon gift card worth $100!. Retweet every day for another chance to win!.. Play GS Global now FREE. 5 One Punch Man Unit!. https: / / t.co / DuelUDqpGd,2025-10-14 20:43:23,2025-10-14 20:43:30,252
191,Amazon,Neutral,@ OtaWeeb11 Thanks for joining the Grand Summoners.. watch the video to see if you won an Amazon gift card worth $100!. Retweet every day for another chance to win!.. Play GS Global now for free. 5 One Punch Man Unit!.,2025-10-14 20:43:23,2025-10-14 20:43:30,218
191,Amazon,Neutral,@OtakuWeeb11 Thanks for entering Grand Summoners .. Watch the video to see if you won a $100 Amazon gift card!. Retweet every day for another chance and save.. Play for M now for our FREE. 5 One Punch Man Unit!.  https://t.co/DuelUDqpGd],2025-10-14 20:43:23,2025-10-14 20:43:30,237
191,Amazon,Neutral,@OtakuWeeb11 Thanks for entering Grand Summoners.. Watch out the music video to totally see if you won a $ 100 Million Amazon gift card!. Retweet every day for another chance to win!... Key Play game GS Global can now qualify for a FREE. 5 percent One Punch Man Attack Unit!. https://t.co/DuelUDqpGd ],2025-10-14 20:43:23,2025-10-14 20:43:30,301
191,Amazon,Neutral,@OtakuWeeb11 ex And The Grand Game.. Watch our video to see if you won a $100 Amazon gift card!. Retweet every day as another chance you score!... Join GS Global now for a FREE. 5 One Punch Man Unit!.<unk>],2025-10-14 20:43:23,2025-10-14 20:43:30,206
192,Amazon,Neutral,RT @CBinsights: Is,2025-10-14 20:43:23,2025-10-14 20:43:30,20
192,Amazon,Neutral,RT @ CBinsights: Is,2025-10-14 20:43:23,2025-10-14 20:43:30,19
192,Amazon,Neutral,RT @ CBInsights: Yes,2025-10-14 20:43:23,2025-10-14 20:43:30,20
192,Amazon,Neutral,RT question: Is,2025-10-14 20:43:23,2025-10-14 20:43:30,15
192,Amazon,Neutral,2 RT @CBinsights : Is,2025-10-14 20:43:23,2025-10-14 20:43:30,21
192,Amazon,Neutral,RT blog: Is,2025-10-14 20:43:23,2025-10-14 20:43:30,11
193,Amazon,Neutral,"PERFECT QUESTIONS -------------. . Amazon, Apple will all go down when we have a big bear market:  Jim Rogers ecoti.in/UN4Osb via @economictimes",2025-10-14 20:43:23,2025-10-14 20:43:30,144
193,Amazon,Neutral,"PERFECT QUESTIONS -------------.. Amazon, Apple will all perish if we have a big bear market: Jim Rogers / UN4Osb via @ economictimes",2025-10-14 20:43:23,2025-10-14 20:43:30,133
193,Amazon,Neutral,"PERFECT QUESTIONS -------... Amazon, Apple all fall when we have a big bear market: Jim Rogers ecoti.in / UN4Osb via @ ctimes",2025-10-14 20:43:23,2025-10-14 20:43:30,125
193,Amazon,Neutral,"PERFECT QUESTIONS -------------.. Amazon, Apple We all get down when we see a big bear Macro:  Jim Rogers ecoti.in/UN4Osb via @economictimes",2025-10-14 20:43:23,2025-10-14 20:43:30,140
193,Amazon,Neutral,"PERFECT 3 QUESTIONS - - - - - - - - - - - - -.. Amazon, Apple will all likely go way down when we truly have reached a bigger big bear market : by Jim Rogers ecoti. and in / u UN4Osb via William @economictimes",2025-10-14 20:43:23,2025-10-14 20:43:30,209
193,Amazon,Neutral,"PERFECT QUESTIONS -------------.. Amazon, Apple will always come down after they experience our big bear market: Jim Palmer via.in/UN4Osb via @economictimes",2025-10-14 20:43:23,2025-10-14 20:43:30,156
194,Amazon,Negative,im calling amazon to see why i got charged bc i couldnt do anything on the app and im having anxiety rn lol,2025-10-14 20:43:23,2025-10-14 20:43:30,107
194,Amazon,Negative,im calling amazon to see why i got charged bc i couldnt do anything on the app and im having fear rn lol,2025-10-14 20:43:23,2025-10-14 20:43:30,104
194,Amazon,Negative,im calling amazon to see why i got charged bc i couldnt do anything on the app and im having anergy lol,2025-10-14 20:43:23,2025-10-14 20:43:30,103
194,Amazon,Negative,im calling amazon to see why i got charged bc id couldnt do anything on the app and this having anxiety rn lol,2025-10-14 20:43:23,2025-10-14 20:43:30,110
194,Amazon,Negative,remembered im calling amazon friend to f see why i got charged bc i couldnt do anything on the app and im having anxiety attack rn with lol,2025-10-14 20:43:23,2025-10-14 20:43:30,139
194,Amazon,Negative,im calling amazon to learn why i got anxious bc i couldnt do anything on the app c im low anxiety rn lol,2025-10-14 20:43:23,2025-10-14 20:43:30,104
195,Amazon,Negative,I JUST BOUGHT SOME FUCKING AIRPODS AND AMAZON IS SUSPENDING DELIVERIES . . FUCK YOU JEFF BEZOS. GIVE ME MY DAMN AIRPODS,2025-10-14 20:43:23,2025-10-14 20:43:30,119
195,Amazon,Negative,"I MUST FUCK SOME VEGETABLES, AND AMAZON GIVES DELIVERIES... FUCK YOU JEFF BEZOS. Give me my damn VEGETABLES",2025-10-14 20:43:23,2025-10-14 20:43:30,107
195,Amazon,Negative,I FUTURE A SOME FUCTION OF AIRPOD AND AMASON SUPPORT A DELIVERY... FUCU JEFF BUOS. Give me MY DAME AIRPOD.,2025-10-14 20:43:23,2025-10-14 20:43:30,106
195,Amazon,Negative,I JUST BOUGHT SOME FUCKING ICE AND AMAZON IS BEST DELIVERIES.. FUCK YOU ICE BEZOS. GIVE ME YOUR DAMN AIRPODS,2025-10-14 20:43:23,2025-10-14 20:43:30,108
195,Amazon,Negative,AND I AM JUST THE BOUGHT A SOME FUCKING AIRPODS AND AMAZON IS SUSPENDING OF DELIVERIES.. YOU FUCK IN YOU and JEFF BEZOS. and GIVE ME TO MY DAMN AIRPODS,2025-10-14 20:43:23,2025-10-14 20:43:30,151
195,Amazon,Negative,YOU A BOUGHT SOME fucking AIRPODS or AMERICA IS SUSPENDING DELIVERIES.. FUCK these fucking BEZOS. Give ME MY DAMN AIRPODS,2025-10-14 20:43:23,2025-10-14 20:43:30,121
196,Amazon,Negative,Between apple & amazon ion know who the worst when it comes to taking my damn money,2025-10-14 20:43:23,2025-10-14 20:43:30,83
196,Amazon,Negative,Between Apple and Amazon ions know who's worst when it comes to taking my damn money,2025-10-14 20:43:23,2025-10-14 20:43:30,84
196,Amazon,Negative,"Between Apple and Amazon, Know Who's Worse When It Comes to Taking My Damn Money",2025-10-14 20:43:23,2025-10-14 20:43:30,80
196,Amazon,Negative,Between apple & amazon ion know who the worst when it comes to taking my damn iPhone,2025-10-14 20:43:23,2025-10-14 20:43:30,84
196,Amazon,Negative,Between my apple & an amazon ion know who the worst when it even comes to taking my damn money,2025-10-14 20:43:23,2025-10-14 20:43:30,94
196,Amazon,Negative,Between apple & amazon ion know just the worst when it comes to taking my damn sweet,2025-10-14 20:43:23,2025-10-14 20:43:30,84
197,Amazon,Neutral,"The  . Before then, I'm counting down the Top 5 all-time most listened to episodes. .  .  . markccrowley.com/marc-brackett-…",2025-10-14 20:43:23,2025-10-14 20:43:30,124
197,Amazon,Neutral,The. Before that I count down the top 5 most listened episodes... markccrowley.com / marc-brackett-...,2025-10-14 20:43:23,2025-10-14 20:43:30,102
197,Amazon,Neutral,"Before that, I was counting the Top 5 most listened to episodes... markccrowley.com / marc-backbackback-...",2025-10-14 20:43:23,2025-10-14 20:43:30,107
197,Amazon,Neutral,"The . Before I, already counting down the my 25 all-time most listened to episodes.. . . markccrowley.com/marc-brackett-…",2025-10-14 20:43:23,2025-10-14 20:43:30,121
197,Amazon,Neutral,"The. me Before then, while I'm counting you down for the Top 5 all - and time most heavily listened to movie episodes.... markccrowley. com / marc - brackett - …",2025-10-14 20:43:23,2025-10-14 20:43:30,161
197,Amazon,Neutral,"The. Before then, I'm counting down the more 4 million-time mountains traveled to by.... markccrowley.com/marc-brackett-...",2025-10-14 20:43:23,2025-10-14 20:43:30,123
198,Amazon,Positive,"Today’s best deals: Rare AirPods Pro deal, free Amazon Music Unlimited, $25 Fire TV Stick 4K, $5 smart plugs, more - BGR ift.tt/39VfAVw",2025-10-14 20:43:23,2025-10-14 20:43:30,135
198,Amazon,Positive,"Best deals today: Rare AirPods Pro, Free Amazon Music Unlimited, $25 Fire TV Stick 4K, $5 Smart Plugs, more - BGR ift.tt / 39VfAVw",2025-10-14 20:43:23,2025-10-14 20:43:30,130
198,Amazon,Positive,"Best deals so far: Rare AirPods Pro, free Amazon Music Unlimited, $25 Fire TV Stick 4K, $5 smart sockets and more - BGR iTT / 39AVw",2025-10-14 20:43:23,2025-10-14 20:43:30,131
198,Amazon,Positive,"Today’s best deals: Rare AirPods Gen 1, No Amazon Music Unlimited, $25 Fire TV Stick purchase, $5 smart plugs, more - BGR ift.tt/39VfAVw",2025-10-14 20:43:23,2025-10-14 20:43:30,136
198,Amazon,Positive,"Today they ’ as s seven best deals : Rare Sky AirPods Pro Play deal, free Amazon Music Unlimited, $ 25 and Fire Friendly TV Stick 4K, $ 5 For smart plugs, more - BGR ift. tt / free 39VfAVw",2025-10-14 20:43:23,2025-10-14 20:43:30,188
198,Amazon,Positive,"5 best products: Rare Book Pro deal, free Amazon Music Unlimited, Free Fire TV HD 4K, $20 smart plugs, $20 - BGR ift.tt/39VfAVw",2025-10-14 20:43:23,2025-10-14 20:43:30,127
199,Amazon,Neutral,I played this interesting quiz on Amazon - Try your luck for a chance to win exciting rewards amazon.in/game/share/gEQ…,2025-10-14 20:43:23,2025-10-14 20:43:30,119
199,Amazon,Neutral,ve played this interesting quiz on Amazon - Try your luck for a chance to win exciting rewards amazon.in / game / share / gEQ...,2025-10-14 20:43:23,2025-10-14 20:43:30,128
199,Amazon,Neutral,I played this interesting quiz on Amazon - Try your luck for a chance to win exciting rewards amazon.in / game / share / gEQ...,2025-10-14 20:43:23,2025-10-14 20:43:30,127
199,Amazon,Neutral,I played this interesting quiz on Amazon - Try your luck for a chance to become exciting http express.in/game/share/gEQ…,2025-10-14 20:43:23,2025-10-14 20:43:30,120
199,Amazon,Neutral,I played this interesting quiz on Club Amazon - to Try pressing your luck for a chance to win exciting online rewards amazon. in / game / share / on gEQ …,2025-10-14 20:43:23,2025-10-14 20:43:30,154
199,Amazon,Neutral,you played this interesting thing online Amazon - Try your luck for first chance to win exciting rewards amazon.in/game/share/gEQ...,2025-10-14 20:43:23,2025-10-14 20:43:30,132
200,Amazon,Neutral,@amazon I've just accidentally pressed the cancel delivery option on my order that's due to be delivered today! Can you help? I wasnt meant to press this!,2025-10-14 20:43:23,2025-10-14 20:43:30,154
200,Amazon,Neutral,@ amazon I just accidentally pressed the cancellation option on my order that is due to ship today! Can you help me? I was not meant to press this option!,2025-10-14 20:43:23,2025-10-14 20:43:30,154
200,Amazon,Neutral,@ amazon I've just accidentally press the cancel delivery option on my order that's due to be delivered today! Can you help? I didn't mean to press this!,2025-10-14 20:43:23,2025-10-14 20:43:30,153
200,Amazon,Neutral,@amazon I've just accidentally pressed the cancel delivery option at my order that's due to be delivered today! could you help? I wasnt meant to have this!,2025-10-14 20:43:23,2025-10-14 20:43:30,155
200,Amazon,Neutral,YOU @amazon I've already just accidentally hit pressed in the open cancel delivery option on my order that's due to be delivered here today! Can you help? I wasnt specifically meant to press this!,2025-10-14 20:43:23,2025-10-14 20:43:30,196
200,Amazon,Neutral,@amazon I've just accidentally pressed the cancel notification option on one order that's due to come delivered today! Can you help? I actually meant too press this!,2025-10-14 20:43:23,2025-10-14 20:43:30,165
201,Amazon,Neutral,Across the Fourwinds is the first book of the Maidstone Chronicles,2025-10-14 20:43:23,2025-10-14 20:43:30,68
201,Amazon,Neutral,Across the Fourwinds is the first book in the Maidstone Chronicles,2025-10-14 20:43:23,2025-10-14 20:43:30,66
201,Amazon,Neutral,Across the Fourwinds is the first book of the Maidstone Chronicles,2025-10-14 20:43:23,2025-10-14 20:43:30,66
201,Amazon,Neutral,Across the Fourwinds is the first book of Ten Maidstone Chronicles,2025-10-14 20:43:23,2025-10-14 20:43:30,66
201,Amazon,Neutral,Across the Blue Fourwinds is from the first book of the Maidstone Chronicles,2025-10-14 20:43:23,2025-10-14 20:43:30,76
201,Amazon,Neutral,Across the Water is their first book of the Maidstone Chronicles,2025-10-14 20:43:23,2025-10-14 20:43:30,64
203,Amazon,Positive,Congratulations to our $50 Amazon gift card winners: @annnieanna & @jerice50!!! We will be sending our winners the gift cards to the email provided in the contest entry. .,2025-10-14 20:43:23,2025-10-14 20:43:30,173
203,Amazon,Positive,Congratulations to our $50 Amazon Gift Card winners: @ annnieanna & @ jerice50!!! We will send our winners the gift cards to the email indicated in the competition entry.,2025-10-14 20:43:23,2025-10-14 20:43:30,170
203,Amazon,Positive,Congratulations to our winners on receiving a $50 Amazon gift card: @ annanna & @ jerice50!!! We will send our winners gift cards to the email address specified in the bid.,2025-10-14 20:43:23,2025-10-14 20:43:30,172
203,Amazon,Positive,Congratulations on our newest Amazon gift card winners: @annnieanna & Beyond We will be sending our winners the gift cards to the email provided in the contest entry..,2025-10-14 20:43:23,2025-10-14 20:43:30,167
203,Amazon,Positive,Congratulations to our $ 50 Amazon gift story card award winners : @annnieanna & @jerice50!!! We will proudly be sending across our winners the outstanding gift clip cards to the email provided in back the contest main entry..,2025-10-14 20:43:23,2025-10-14 20:43:30,226
203,Amazon,Positive,Congratulations were our $50 Amazon gift card winners: @annnieanna R @jerice50!!! We will be sending our members the gift cards to our email provided during the blog entry..,2025-10-14 20:43:23,2025-10-14 20:43:30,173
204,Amazon,Neutral,@logfta Thanks for entering Grand Summoners  . . Watch the video to see if you won a $100 Amazon gift card! . Retweet every day for another chance to win!. . . Play GS Global now for a FREE . 5 One Punch Man Unit!.  https://t.co/cHb3Xp3YrF,2025-10-14 20:43:23,2025-10-14 20:43:30,239
204,Amazon,Neutral,@ logfta Thank you for participating in Summoners.. Watch the video to see if you have won an Amazon gift card worth $100!. Retweet every day for another chance to win!.. Play GS Global now FREE. 5 One Punch Man Unit!. https: / / t.co / cHb3Xp3YrF,2025-10-14 20:43:23,2025-10-14 20:43:30,247
204,Amazon,Neutral,5 One Punch Man Unit!. https: / / co / cHb3Xp3YrF,2025-10-14 20:43:23,2025-10-14 20:43:30,49
204,Amazon,Neutral,@logfta Thanks for entering Grand Summoners .. Watch the video to see if you collected a $100 Amazon gift card!. Retweet every day for another chance to... Play GS Global now for one FREE. 5 x Punch Man Unit!. <unk>],2025-10-14 20:43:23,2025-10-14 20:43:30,216
204,Amazon,Neutral,@logfta www Thanks greatly for entering Grand Summoners.. Watch for the video to see if eventually you won over a $ 100 Amazon gift of card!. Retweet every day for another chance to win!... Play GS and Global now for a FREE. Round 5 One Chance Punch Iron Man Unit!. https://t.co/cHb3Xp3YrF ],2025-10-14 20:43:23,2025-10-14 20:43:30,291
204,Amazon,Neutral,@logfta Thanks before entering Grand Summoners.. Watch the videos to see why you received a $100 Amazon gift card!. Retweet next day with another chance to make!... See GS Global now offering a FREE. 5 One Punch Man Unit!.<unk>],2025-10-14 20:43:23,2025-10-14 20:43:30,228
205,Amazon,Positive,Shoutout to Amazon same day delivery too,2025-10-14 20:43:23,2025-10-14 20:43:30,40
205,Amazon,Positive,Also call on Amazon same-day delivery,2025-10-14 20:43:23,2025-10-14 20:43:30,37
205,Amazon,Positive,"Shout out to Amazon for same-day delivery, too",2025-10-14 20:43:23,2025-10-14 20:43:30,46
205,Amazon,Positive,Shoutout at Amazon same day delivery too,2025-10-14 20:43:23,2025-10-14 20:43:30,40
205,Amazon,Positive,Shoutout to Amazon same as day delivery too,2025-10-14 20:43:23,2025-10-14 20:43:30,43
205,Amazon,Positive,Shoutout to Amazon same day far too,2025-10-14 20:43:23,2025-10-14 20:43:30,35
207,Amazon,Neutral,"The complete epic fantasy, The Wand Chronicles Trilogy, is out now on Amazon.. 5 star Readers Favorite and amazing reviews.. What will happen when humans finally meet the elves?. How powerful is Elvina the wand?. amzn.to/3auxlvV.",2025-10-14 20:43:23,2025-10-14 20:43:30,231
207,Amazon,Neutral,"The complete epic fantasy, The Wall Chronicles Trilogy, has now been released on Amazon.. 5-star readers favorite and amazing reviews.. What will happen when people finally meet the elves?. How powerful is Elvina the magic wand?. amzn.to / 3auxlvV.",2025-10-14 20:43:23,2025-10-14 20:43:30,248
207,Amazon,Neutral,"The complete fantasy epic \"Chronicles Trilogy\" is out on Amazon.. 5 Readers stars and amazing reviews.. What will happen when people finally meet the elves?.",2025-10-14 20:43:23,2025-10-14 20:43:30,157
207,Amazon,Neutral,"The complete epic fantasy, The Wand<unk> Trilogy, is out now by Amazon.. 5 star Readers Reviews and amazing reviews.. What might happen when humans finally meet dark elves?. How powerful is Elvina the wand?. amzn.to/3auxlvV.",2025-10-14 20:43:23,2025-10-14 20:43:30,224
207,Amazon,Neutral,"The complete epic epic fantasy, The Wand Chronicles Trilogy, is out now streaming on Amazon.. 5 star Readers Fan Favorite list and has amazing reviews.. What will happen suddenly when humans finally meet behind the golden elves?. How powerful is even Elvina with the wand?. amzn. to / 3auxlvV.",2025-10-14 20:43:23,2025-10-14 20:43:30,293
207,Amazon,Neutral,"The complete epic collection, The Wand Chronicles Trilogy, comes out now on Amazon.. 5 star Readers<unk> Some amazing reviews.. What can come when humans finally meet the aliens?. How beautiful is Elvina the wand?. From.to/3auxlvV.",2025-10-14 20:43:23,2025-10-14 20:43:30,231
208,Amazon,Negative,A N Y B O D Y WHO IS STILL ORDERING SHIT OFF AMAZON IS A PIECE OF SHIT AND HAS BLOOD ON THEIR HANDS,2025-10-14 20:43:23,2025-10-14 20:43:30,99
208,Amazon,Negative,A N Y B O D Y Who Is Still Order Shit OFF AMAZON is a piece of shit and has blood on her hands,2025-10-14 20:43:23,2025-10-14 20:43:30,94
208,Amazon,Negative,Whoever orders it WITHOUT AMAZON WITHIN WITHIN WITHIN WITHIN WITHIN WITHIN WITHIN WITHIN WITHIN WITHIN WITHIN WITHIN WITHIN WITHIN WITHIN WITHIN WITHIN WITHIN WITHIN WITHIN WITHIN WITHIN WITHIN WITHIN WITHIN WITHIN WITHIN WITHIN WITHIN WITHIN WITHIN WITHIN WITHIN WITHIN WITHIN WITHIN WITHIN WITHIN WITHIN WITHIN WITHIN WITHIN WITHIN WITHIN WITHIN WITHIN W,2025-10-14 20:43:23,2025-10-14 20:43:30,356
208,Amazon,Negative,A N Y V O D Y WHO IS STILL ORDERING HIM OFF AMAZON IS A PIECE OF SHIT AND HAS BLOOD ON THESE HANDS,2025-10-14 20:43:23,2025-10-14 20:43:30,98
208,Amazon,Negative,I A G N Y B O Y D Y A WHO IS STILL ORDERING ON SHIT ON OFF AMAZON IS A L PIECE OF OF SHIT AND HAS BLOOD ON YOU THEIR HANDS,2025-10-14 20:43:23,2025-10-14 20:43:30,122
208,Amazon,Negative,A N Y B X D Y AND IS NOT ORDERING SHIT OFF AMAZON IS A PIECE N Y AND HAS BLOOD ON A HANDS,2025-10-14 20:43:23,2025-10-14 20:43:30,89
209,Amazon,Neutral,I played this interesting quiz on Amazon - Try your luck for a chance to win exciting rewards amazon.in/game/share/gIZ…,2025-10-14 20:43:23,2025-10-14 20:43:30,119
209,Amazon,Neutral,ve played this interesting quiz on Amazon - Try your luck for a chance to win exciting rewards amazon.in / game / share / gIZ...,2025-10-14 20:43:23,2025-10-14 20:43:30,128
209,Amazon,Neutral,I played this interesting quiz on Amazon - Try your luck for a chance to win exciting rewards amazon.in / game / share / gIZ...,2025-10-14 20:43:23,2025-10-14 20:43:30,127
209,Amazon,Neutral,I played this interesting quiz on Amazon - Try your hardest for another chance to win my rewards amazon.in/game/share/gIZ…,2025-10-14 20:43:23,2025-10-14 20:43:30,122
209,Amazon,Neutral,Monday I played through this interesting quiz on Amazon - Try your luck now for a chance to win exciting rewards via amazon. in / live game / share / gIZ …,2025-10-14 20:43:23,2025-10-14 20:43:30,155
209,Amazon,Neutral,I played this interesting quiz on Amazon - tried your luck on a chance to get free item amazon.in/game/share/gIZ...,2025-10-14 20:43:23,2025-10-14 20:43:30,115
210,Amazon,Negative,"why is it so hard to not find shit online on amazon, I want buy shit but I refuse to buy through amazon. I had a coffee mishap cause I need a new kettle, but I can't go to irl store fronts rn, urggg like its not a problem really, just frustrating that avoiding amazon is so hard",2025-10-14 20:43:23,2025-10-14 20:43:30,278
210,Amazon,Negative,"Why is it so hard to find any shit online on Amazon, I want to buy shit but I refuse to buy through Amazon. I had a coffee mishap because I need a new kettle but I can't go into irl store fronts rn, urggg as it really is no problem, just frustrating that it is so hard to avoid Amazon",2025-10-14 20:43:23,2025-10-14 20:43:30,284
210,Amazon,Negative,"why it's so hard not to find shit online on amazon, I want to buy shit but I refuse to buy it through amazon. I had a coffee misfire because I need a new kale but I can't go to irl shop, urgg as it's not a problem really, it's just disappointing that avoiding amazon is so hard",2025-10-14 20:43:23,2025-10-14 20:43:30,277
210,Amazon,Negative,"why is technology so hard to not find shit online on amazon, I want buy shit but I refuse to buy through amazon. I made a coffee mishap cause I need a new kettle, but you could go to irl store fronts that, urggg no its not a problem really, just think that avoiding amazon is so hard",2025-10-14 20:43:23,2025-10-14 20:43:30,283
210,Amazon,Negative,"Ok why is it so freaking hard to just not find shit online on by amazon, I no want buy shit but I refuse to buy through amazon. I had a coffee mishap just cause I need a new kettle, but as I can't go to irl store fronts rn, urggg sound like its that not a problem really, just very frustrating that avoiding amazon is so hard",2025-10-14 20:43:23,2025-10-14 20:43:30,325
210,Amazon,Negative,"so find it so hard to always find buy online on amazon, I want buy shit but I refuse to buy through amazon. finally had a coffee mishap cause I got a new kettle, but I can't buy to irl store fronts rn, urggg like its not my problem really, actually frustrating that avoiding amazon seems so hard",2025-10-14 20:43:23,2025-10-14 20:43:30,295
211,Amazon,Neutral,"So, finally started to watch The Expanse on Amazon Prime and has been excellent so far. On season 2 at the moment. The Mandalorian has been very good so far, annoying Disney are releasing new episodes weekly. The Tick is 2 seasons of feel good entertainment as well, love it.",2025-10-14 20:43:23,2025-10-14 20:43:30,275
211,Amazon,Neutral,"So finally watch The Expanse on Amazon Prime and was excellent so far. Currently in season 2. The Mandalorian has been very good so far, annoying Disney bring out new episodes weekly. The Tick is also 2 seasons of feel-good entertainment, love it.",2025-10-14 20:43:23,2025-10-14 20:43:30,247
211,Amazon,Neutral,"So I finally started watching \"Expansion\" on Amazon Prime and so far it's been great. In season two at the moment. \"Mandalorian\" is still very good, annoying Disney who release new episodes every week. \"Tick\" is 2 seasons of good entertainment, too, I love it.",2025-10-14 20:43:23,2025-10-14 20:43:30,260
211,Amazon,Neutral,"So, my started to watch The Expanse on Amazon Prime and everything been excellent so far. Got season 2 at last moment. The Mandalorian has been pretty good so far, annoying Disney are releasing new episodes weekly. The Tick is 2 seasons of feel good entertainment as well, love it.",2025-10-14 20:43:23,2025-10-14 20:43:30,281
211,Amazon,Neutral,"2 So, finally a started to just watch The Expanse on Amazon Prime Prime and has far been excellent so far. On season 2 at only the moment. The Mandalorian has been very good so far, annoying Disney are releasing new new episodes weekly. The Tick is 2 seasons worth of feel absolutely good family entertainment as well, love it.",2025-10-14 20:43:23,2025-10-14 20:43:30,327
211,Amazon,Neutral,"So, finally started to play The Kingdom at Amazon Prime and has been excellent so far. On season 2 at the moment. The Mandalorian has continued already good so currently, annoying Disney are releasing new episodes here. Double Tick is 2 seasons of already good entertainment as well, love it.",2025-10-14 20:43:23,2025-10-14 20:43:30,292
212,Amazon,Irrelevant,@Airtel_Presence - we have been charged for Amazon Prime membership even though that is covered by our Airtel Thanks membership. This needs to be addressed please.,2025-10-14 20:43:23,2025-10-14 20:43:30,163
212,Amazon,Irrelevant,"@ Airtel _ Presence - We have been charged for Amazon Prime membership, even though it is covered by our Airtel Thank You Membership.",2025-10-14 20:43:23,2025-10-14 20:43:30,133
212,Amazon,Irrelevant,"@ Airtel _ Presence - we are charged for Amazon Prime membership, even though this is covered by our Airtel Thanks membership.",2025-10-14 20:43:23,2025-10-14 20:43:30,126
212,Amazon,Irrelevant,@Airtel_Presence - we have been charged for Amazon Prime membership even before that is covered by our Airtel Thanks membership. This needs only be addressed urgently.,2025-10-14 20:43:23,2025-10-14 20:43:30,167
212,Amazon,Irrelevant,@Airtel_Presence - we have been charged for carrying Amazon Prime membership even more though that is covered by purchasing our own Airtel Thanks and membership. This needs needs to be addressed please.,2025-10-14 20:43:23,2025-10-14 20:43:30,202
212,Amazon,Irrelevant,@Airtel_Presence - we have finally charged for Amazon Prime membership even though that is covered by our Airtel Thanks membership. Something needs to you addressed next.,2025-10-14 20:43:23,2025-10-14 20:43:30,170
213,Amazon,Positive,"Now they delivering groceries on Amazon, y’all mother fuckers are lazy!",2025-10-14 20:43:23,2025-10-14 20:43:30,71
213,Amazon,Positive,"Now they deliver groceries on Amazon, y'all mother fuckers are lazy!",2025-10-14 20:43:23,2025-10-14 20:43:30,68
213,Amazon,Positive,"Now they deliver groceries to Amazon, and all stupid moms are lazy!",2025-10-14 20:43:23,2025-10-14 20:43:30,67
213,Amazon,Positive,"Now they delivering groceries on Amazon, y’all those fuckers are lazy!",2025-10-14 20:43:23,2025-10-14 20:43:30,70
213,Amazon,Positive,"Now they delivering groceries on Amazon, y ’ at all mother fuckers who are so lazy!",2025-10-14 20:43:23,2025-10-14 20:43:30,83
213,Amazon,Positive,"<unk> they delivering groceries with Amazon, y’all mother fuckers are lazy!",2025-10-14 20:43:23,2025-10-14 20:43:30,75
214,Amazon,Neutral,"The surface of the bell USES electroplating process, so that the bell surface to maintain luster, not rust.The inner ball is made of high quality stainless steel to make the jingle sound clear and crisp!",2025-10-14 20:43:23,2025-10-14 20:43:30,204
214,Amazon,Neutral,"The surface of the bell uses a galvanizing process so that the surface of the bell does not rust, but shines. The inner sphere is made of high-quality stainless steel to make the sound of the bell clear and clear!",2025-10-14 20:43:23,2025-10-14 20:43:30,213
214,Amazon,Neutral,"The surface of the bell uses a process of electroplating, so that the surface of the bell is to maintain shine, not rust.",2025-10-14 20:43:23,2025-10-14 20:43:30,121
214,Amazon,Neutral,"The surface of the bell USES electroplating process, so that the bell surface could maintain luster, not rust.The metal ball and made of high quality structural steel to make the jingle sound clear and crisp!",2025-10-14 20:43:23,2025-10-14 20:43:30,208
214,Amazon,Neutral,"... The ring surface of the bell USES electroplating can process, so that the bell surface to hold maintain some luster, not rust. The inner ball is only made of high quality stainless steel to aid make hearing the jingle sound more clear and crisp!",2025-10-14 20:43:23,2025-10-14 20:43:30,249
214,Amazon,Neutral,"The exterior of the bell USES electroplating process, so does the bell surface only maintain luster, not gold.The inner handle is made of high quality stainless steel to make the jingle sound clear so crisp!",2025-10-14 20:43:23,2025-10-14 20:43:30,207
215,Amazon,Negative,Yo lowkey I feel like amazon is always charging me random amounts for shit I didnt buy,2025-10-14 20:43:23,2025-10-14 20:43:30,86
215,Amazon,Negative,Yo Lowkey I feel like Amazon always charges me random amounts for shit I didn't buy,2025-10-14 20:43:23,2025-10-14 20:43:30,83
215,Amazon,Negative,I feel like Amazon always charges me random amounts for shit I don't buy,2025-10-14 20:43:23,2025-10-14 20:43:30,72
215,Amazon,Negative,Yo lowkey me feel like amazon is always charging me random amounts for shit I didnt buy,2025-10-14 20:43:23,2025-10-14 20:43:30,87
215,Amazon,Negative,Yo lowkey and I feel like amazon is always charging me here random monetary amounts looking for shit I didnt buy,2025-10-14 20:43:23,2025-10-14 20:43:30,112
215,Amazon,Negative,Yo lowkey I feel guilty amazon where always charging me extra amounts for shit I didnt buy,2025-10-14 20:43:23,2025-10-14 20:43:30,90
216,Amazon,Neutral,"Do I have any UK readers who enjoyed the book and would have the time to leave a quick review, or even just a rating on Amazon UK? . . It would be hugely appreciated. . .  . . amazon.co.uk/dp/B086Q1NJSL",2025-10-14 20:43:23,2025-10-14 20:43:30,202
216,Amazon,Neutral,Do I have any readers in the UK who liked the book and would have the time to leave a short review or even just a review on Amazon UK?... It would be hugely appreciated.... amazon.co.uk / dp / B086Q1NJSL,2025-10-14 20:43:23,2025-10-14 20:43:30,203
216,Amazon,Neutral,"Do I have any UK readers who enjoyed the book and would have the time to leave a quick review, or even just a rating on Amazon UK?.. It would be huge appreciated..... amazon.co.uk / dp / B086Q1NJSL",2025-10-14 20:43:23,2025-10-14 20:43:30,197
216,Amazon,Neutral,"Do I have any UK readers who enjoyed the interview and would have the time to leave a quick rating, or even leave a rating off Amazon UK?.. It would be hugely appreciated... .. wild.co.uk/dp/B086Q1NJSL",2025-10-14 20:43:23,2025-10-14 20:43:30,201
216,Amazon,Neutral,"Do I either have any UK paperback readers who enjoyed writing the book and would have the time to leave a reasonably quick enough review, or even just a low rating on from Amazon UK?.. It would be all hugely early appreciated..... by amazon. co. uk / dp / B086Q1NJSL",2025-10-14 20:43:23,2025-10-14 20:43:30,266
216,Amazon,Neutral,"Do not have 3 more readers who enjoyed this book and would like some time to leave a quick review, even perhaps just a rating from Amazon UK?.. It would a hugely appreciated..... amazon.co.uk/dp/B086Q1NJSL",2025-10-14 20:43:23,2025-10-14 20:43:30,205
217,Amazon,Neutral,"\"Amazon still very much business as usual for UK record biz\" @DrewHill of @ProperMusicGrp counters rumours that Amazon has halted shipments of physical music - in the UK at least @murraystassen @musicbizworld musicbusinessworldwide.com/amazon-still-v…",2025-10-14 20:43:23,2025-10-14 20:43:30,251
217,Amazon,Neutral,@ DrewHill of @ ProperMusicGrp counters rumors that Amazon has stopped shipping physical music - at least in the UK @ murraystassen @ musicbizworld musicbusinessworldwide.com / amazon-still-v...,2025-10-14 20:43:23,2025-10-14 20:43:30,194
217,Amazon,Neutral,"\"Amazon still running as usual for the UK record business\" @ DrewHill of @ ProperGrp denies rumours that Amazon has stopped shipping physical music - in the UK at least, @ murraystone @ bizworld / amazon-still-v...",2025-10-14 20:43:23,2025-10-14 20:43:30,214
217,Amazon,Neutral,"\"Amazon still very much of the usual for UK record stores\" @DrewHill of @ProperMusicGrp counters rumours that Amazon has expanded shipments of physical music - in the UK at least... @murraystassen musicbusinessworldwide.com/amazon-still-v…",2025-10-14 20:43:23,2025-10-14 20:43:30,239
217,Amazon,Neutral,"\" Is Amazon still very pretty much business as usual for old UK record biz \" from @DrewHill of @ProperMusicGrp counters rumours that Amazon has halted large shipments of exclusive physical electronic music - in even the UK... at least for @murraystassen @musicbizworld musicbusinessworldwide. com / amazon - still - v …",2025-10-14 20:43:23,2025-10-14 20:43:30,319
217,Amazon,Neutral,"\"Amazon still very holding business as vehicle for pop record biz\" staff of @DrewHill reported rumours that Amazon seemingly halted movement in physical albums - in the meanwhile at least @ProperMusicGrp @murraystassen musicbusinessworldwide.com/amazon-still-v...",2025-10-14 20:43:23,2025-10-14 20:43:30,263
218,Amazon,Positive,A look into progress on the Rivian and Amazon co-developed electric delivery vehicle youtu.be/lKpOE8eulXM it’s kinda wild that Alexa and Tesla are becoming the most important car OSs (instead of android and iOS),2025-10-14 20:43:23,2025-10-14 20:43:30,211
218,Amazon,Positive,A look at the progress of the electric delivery vehicle jointly developed by Rivian and Amazon youtu.be / lKpOE8eulXM shows that Alexa and Tesla will become the main car operating systems (instead of Android and iOS).,2025-10-14 20:43:23,2025-10-14 20:43:30,217
218,Amazon,Positive,A look at the progress of the jointly developed Rivian and Amazon electric vehicle youtu.be / lKp8eulXM seems wild that Alexa and Tesla are becoming the most important car operating systems (instead of androids and iOS),2025-10-14 20:43:23,2025-10-14 20:43:30,219
218,Amazon,Positive,A look into progress on the Rivian and Amazon co-developed electric electric vehicle youtu.be/lKpOE8eulXM it’s kinda wild that macOS and Tesla appear among the most important car OSs (instead of OS and iOS),2025-10-14 20:43:23,2025-10-14 20:43:30,206
218,Amazon,Positive,A look into progress on which the Rivian and Amazon are co - developed electric delivery vehicle with youtu. should be / lKpOE8eulXM because it ’ s looking kinda wild that Alexa and Tesla are becoming to the most increasingly important car OSs ( instead of modern android Android and iOS ),2025-10-14 20:43:23,2025-10-14 20:43:30,289
218,Amazon,Positive,A slide into comments on the announcement As Amazon co-developed message delivery vehicle by.be/lKpOE8eulXM it’s kinda wild that Alexa and Pandora are becoming the most important car driver (instead of android and Ubuntu),2025-10-14 20:43:23,2025-10-14 20:43:30,221
219,Amazon,Neutral,Longwu Women's Elegant Comfortable Casual Short Sleeve Pencil Dress with Belt Pockets for Work/Lounge Wear amzn.to/2MypGTf bit.ly/2TdriVZ Amazon Selling,2025-10-14 20:43:23,2025-10-14 20:43:30,152
219,Amazon,Neutral,Langwu Ladies elegant comfortable casual short sleeve pencil dress with belt pockets for work / lounge wear amzn.to / 2MypGTf bit.ly / 2TdriVZ Amazon Selling,2025-10-14 20:43:23,2025-10-14 20:43:30,157
219,Amazon,Neutral,Longwu Elegant Comfortable Casual Short Sleeve Pencil Dress with Butterfly for Work / Loar Wear amzto / 2Mypf bit.ly / 2TdriVZ Amazon Selling,2025-10-14 20:43:23,2025-10-14 20:43:30,141
219,Amazon,Neutral,Longwu Women's Elegant Comfortable Casual Short Wool Pencil Jacket with Belt Pockets for Work/Lounge Sale amzn.to/2MypGTf bit.ly/2TdriVZ Amazon Video,2025-10-14 20:43:23,2025-10-14 20:43:30,149
219,Amazon,Neutral,Longwu Women'S s Type Elegant Body Comfortable Casual Short Sleeve Pencil Dress with Red Belt Pockets Suit for Real Work / Lounge Coffee Wear of amzn. to / 2MypGTf or bit. ly / 2TdriVZ Amazon Selling,2025-10-14 20:43:23,2025-10-14 20:43:30,199
219,Amazon,Neutral,Longwu Women's Reebok Comfortable Casual Short Sleeve Desk Chair with Belt Pockets First Buy/Lounge in amzn.to/2MypGTf 5.ly/2TdriVZ Amazon Selling,2025-10-14 20:43:23,2025-10-14 20:43:30,146
220,Amazon,Neutral,I played this interesting quiz on Amazon - Try your luck for a chance to win exciting rewards amazon.in/game/share/g4G…,2025-10-14 20:43:23,2025-10-14 20:43:30,119
220,Amazon,Neutral,ve played this interesting quiz on Amazon - Try your luck for a chance to win exciting rewards amazon.in / game / share / g4G...,2025-10-14 20:43:23,2025-10-14 20:43:30,128
220,Amazon,Neutral,I played this interesting quiz on Amazon - Try your luck for a chance to win exciting rewards amazon.in / game / share / g4G...,2025-10-14 20:43:23,2025-10-14 20:43:30,127
220,Amazon,Neutral,I played this interesting video on Amazon - Try some luck for a ticket to win exciting rewards amazon.in/game/share/g4G…,2025-10-14 20:43:23,2025-10-14 20:43:30,120
220,Amazon,Neutral,I have played this interesting quiz on your Amazon - Try your luck asking for a chance to totally win whatever exciting rewards of amazon. in / game / share / g4G …,2025-10-14 20:43:23,2025-10-14 20:43:30,164
220,Amazon,Neutral,you played this exciting story on Amazon - Try your luck for this chance to win exciting game amazon.in/game/share/g4G...,2025-10-14 20:43:23,2025-10-14 20:43:30,121
221,Amazon,Negative,"If you are thinking about getting facemasks to help avoid the coronavirus or help prevent passing it on, it is probably too late to buy any.  The price gouging by sellers on Amazon is jawdropping and most are out of supply.",2025-10-14 20:43:23,2025-10-14 20:43:30,223
221,Amazon,Negative,"If you are thinking about getting face masks to prevent the coronavirus or prevent it from being passed on, it is probably too late to buy one.",2025-10-14 20:43:23,2025-10-14 20:43:30,143
221,Amazon,Negative,"If you are thinking of getting face masks to help avoid coronavirus or prevent transmission, it is probably too late to buy them.",2025-10-14 20:43:23,2025-10-14 20:43:30,129
221,Amazon,Negative,"If you are hesitant about getting facemasks to slightly avoid your coronavirus or help prevent passing it on, it is probably too soon to buy any.  The price gouging by sellers on Amazon is jawdropping and most are out long supply.",2025-10-14 20:43:23,2025-10-14 20:43:30,230
221,Amazon,Negative,"If you are thinking about somehow getting random facemasks to help avoid checking the coronavirus network or to help prevent passing it on, it is probably too late to properly buy any. The price being gouging by sellers and on Amazon is jawdropping crap and most are finally out of supply.",2025-10-14 20:43:23,2025-10-14 20:43:30,289
221,Amazon,Negative,"If you missed thinking about getting facemasks to help fight the coronavirus or actually prevent passing it on, it was probably too late to buy any. The price gouging of sellers on Amazon is jawdropping and most are out of frame.",2025-10-14 20:43:23,2025-10-14 20:43:30,229
222,Amazon,Neutral,Be sure to enter the AWESOME,2025-10-14 20:43:23,2025-10-14 20:43:30,30
222,Amazon,Neutral,Make sure you enter the AWESOME,2025-10-14 20:43:23,2025-10-14 20:43:30,31
222,Amazon,Neutral,Be sure to log in to AWESOME,2025-10-14 20:43:23,2025-10-14 20:43:30,28
222,Amazon,Neutral,Be sure to enjoy the AWESOME,2025-10-14 20:43:23,2025-10-14 20:43:30,28
222,Amazon,Neutral,Be sure early to enter the inn AWESOME,2025-10-14 20:43:23,2025-10-14 20:43:30,38
222,Amazon,Neutral,Be ready to enter the AWESOME,2025-10-14 20:43:23,2025-10-14 20:43:30,29
223,Amazon,Neutral,. I played this interesting quiz on Amazon - Try your luck for a chance to win exciting rewards amazon.in/game/share/gAC…,2025-10-14 20:43:23,2025-10-14 20:43:30,122
223,Amazon,Neutral,ve played this interesting quiz on Amazon - Try your luck for a chance to win exciting rewards amazon.in / game / share / gAC...,2025-10-14 20:43:23,2025-10-14 20:43:30,128
223,Amazon,Neutral,. I played this interesting quiz on Amazon - Try your luck for a chance to win exciting rewards amazon.in / game / share / gAC...,2025-10-14 20:43:23,2025-10-14 20:43:30,129
223,Amazon,Neutral,. We played this interesting quiz on Amazon - Try your luck for another chance to win exciting : amazon.in/game/share/gAC…,2025-10-14 20:43:23,2025-10-14 20:43:30,122
223,Amazon,Neutral,. where I played this interesting quiz on Amazon - Try your luck for a third chance now to always win an exciting campaign rewards amazon. in / game / share / gAC …,2025-10-14 20:43:23,2025-10-14 20:43:30,164
223,Amazon,Neutral,. I played this life challenge on Amazon - Try your luck for $5 while we win exciting rewards amazon.in/game/share/gAC...,2025-10-14 20:43:23,2025-10-14 20:43:30,121
224,Amazon,Neutral,@whoppingwooper Thanks for entering Grand Summoners  . . Watch the video to see if you won a $100 Amazon gift card! . Retweet everyday for another chance to win!. . . Play now for a FREE . 5 Yu Yu Hakusho Unit! .  https://t.co/BFpBLds0IV,2025-10-14 20:43:23,2025-10-14 20:43:30,237
224,Amazon,Neutral,@ whoppingwooper Thank you for participating in Grand Summoners.. Watch the video to see if you have won an Amazon voucher worth $100!. Retweet every day to get another chance to win!.. Play now for FREE. 5 Yu Yu Hakusho Unit!. https: / / t.co / BFpBLds0IV,2025-10-14 20:43:23,2025-10-14 20:43:30,256
224,Amazon,Neutral,@ whingwooper Thanks for joining the Grand Summoners.. Watch the video to see if you won an Amazon gift card worth $100!. Retweet every day for another chance to win!.. Play now for FREE. 5 Yu Yu Yusho Unit!.,2025-10-14 20:43:23,2025-10-14 20:43:30,208
224,Amazon,Neutral,"@whoppingwooper Thanks for entering Grand Summoners  \"\" > Watch the video to see if ya won a $100 Amazon gift card!. Retweet everyday for another chance to win!.. and Play now for a FREE Super 5 Yu Yu Hakusho Unit!.  https://t.co/BFpBLds0IV]",2025-10-14 20:43:23,2025-10-14 20:43:30,241
224,Amazon,Neutral,@whoppingwooper Thanks for entering Grand Summoners.. Watch the video log to see if you won a $ 100 on Amazon search gift winning card!. Retweet you everyday for another chance... to win!... Play out now for a FREE. The 5 More Yu A Yu Hakusho Unit!. https://t.co/BFpBLds0IV ],2025-10-14 20:43:23,2025-10-14 20:43:30,275
224,Amazon,Neutral,so Thanks for entering Grand Summoners.. Watch the videos to see it and won the $100 Amazon store card!. Retweet everyday for another $1 you win!... Play now for a FREE. 5 Yu Ling Hakusho Unit!. x],2025-10-14 20:43:23,2025-10-14 20:43:30,197
225,Amazon,Negative,@amazon one hour on hold for customer service before I hung up. Not impressed. pic.twitter.com/oePzSI9zVm,2025-10-14 20:43:23,2025-10-14 20:43:30,105
225,Amazon,Negative,@ amazon an hour queue for customer service before I hung up. Unimpressioned. pic.twitter.com / oePzSI9zVm,2025-10-14 20:43:23,2025-10-14 20:43:30,106
225,Amazon,Negative,@ amazon was an hour late for customer service before I hung up.,2025-10-14 20:43:23,2025-10-14 20:43:30,64
225,Amazon,Negative,RhandlerR one hour on hold for customer service before I hung up. Not impressed. pic.twitter.com/oePzSI9zVm,2025-10-14 20:43:23,2025-10-14 20:43:30,107
225,Amazon,Negative,• RhandlerR one hour on hold for customer service before I hung up. Not impressed. pic.twitter.com/oePzSI9zVm,2025-10-14 20:43:23,2025-10-14 20:43:30,109
225,Amazon,Negative,it,2025-10-14 20:43:23,2025-10-14 20:43:30,2
226,Amazon,Neutral,@RobbinReay is STOKED about the premise behing Amazon FRESH Grocery Carts.   @THEryanlindsay has been a huge fan of advances in VR Tech. pic.twitter.com/cuFHHbWNUw,2025-10-14 20:43:23,2025-10-14 20:43:30,163
226,Amazon,Neutral,@ RobbinReay is on the premise that Amazon FRESH grocery trolleys. @ THEryanlindsay is a big fan of advances in VR tech. pic.twitter.com / cuFHHbWNUw,2025-10-14 20:43:23,2025-10-14 20:43:30,149
226,Amazon,Neutral,@ RobbinReay is excited about the premiere of Amazon's free food carts. @ THEryanlindsay has been a huge fan of advances in this real. pic.facebook.com / cuFHHbWNUw,2025-10-14 20:43:23,2025-10-14 20:43:30,164
226,Amazon,Neutral,RhandlerR is STOKED about the premise behing Amazon FRESH Grocery Carts.   RhandlerR has been a huge fan of advances in VR Tech. pic.twitter.com/cuFHHbWNUw,2025-10-14 20:43:23,2025-10-14 20:43:30,155
226,Amazon,Neutral,0 RhandlerR is STOKED about the premise behing Amazon FRESH Grocery Carts.   RhandlerR has been a huge fan of advances in VR Tech. pic.twitter.com/cuFHHbWNUw,2025-10-14 20:43:23,2025-10-14 20:43:30,157
226,Amazon,Neutral,<unk>,2025-10-14 20:43:23,2025-10-14 20:43:30,5
227,Amazon,Positive,amzn.to/2yN3aSV Best selling in amazon,2025-10-14 20:43:23,2025-10-14 20:43:30,38
227,Amazon,Positive,amzn.to / 2yN3aSV Bestseller at Amazon,2025-10-14 20:43:23,2025-10-14 20:43:30,38
227,Amazon,Positive,amzto / 2yN3aBest selling in amazon,2025-10-14 20:43:23,2025-10-14 20:43:30,35
227,Amazon,Positive,amzn.to/2yN3aSV Best selling for amazon,2025-10-14 20:43:23,2025-10-14 20:43:30,39
227,Amazon,Positive,amzn. is to / 2yN3aSV The Best selling website in amazon,2025-10-14 20:43:23,2025-10-14 20:43:30,56
227,Amazon,Positive,amzn.to/2yN3aSV discount price in amazon,2025-10-14 20:43:23,2025-10-14 20:43:30,40
228,Amazon,Neutral,nan,2025-10-14 20:43:23,2025-10-14 20:43:30,3
228,Amazon,Neutral,It is not the first time that the EU Commission has taken such a step.,2025-10-14 20:43:23,2025-10-14 20:43:30,70
228,Amazon,Neutral,"At the same time, despite the fact that there are currently some 100 million people living below the poverty line, most of them do not have access to health services and do not have access to health care, while most of them do not have access to health care.",2025-10-14 20:43:23,2025-10-14 20:43:30,258
228,Amazon,Neutral,nan,2025-10-14 20:43:23,2025-10-14 20:43:30,3
228,Amazon,Neutral,nan,2025-10-14 20:43:23,2025-10-14 20:43:30,3
228,Amazon,Neutral,nan,2025-10-14 20:43:23,2025-10-14 20:43:30,3
229,Amazon,Neutral,I played this interesting quiz on Amazon - Try your luck for a chance to win exciting rewards amazon.in/game/share/gQS… .,2025-10-14 20:43:23,2025-10-14 20:43:30,123
229,Amazon,Neutral,ve played this interesting quiz on Amazon - Try your luck for a chance to win exciting rewards amazon.in / game / share / gQS...,2025-10-14 20:43:23,2025-10-14 20:43:30,128
229,Amazon,Neutral,I played this interesting quiz on Amazon - Try your luck for a chance to win exciting rewards amazon.in / game / share / gQS....,2025-10-14 20:43:23,2025-10-14 20:43:30,128
229,Amazon,Neutral,I played this interesting quiz on Amazon - luck to luck for a chance to win exciting At amazon.in/game/share/gQS….,2025-10-14 20:43:23,2025-10-14 20:43:30,114
229,Amazon,Neutral,I played through this interesting quiz on Amazon - The Try your luck enough for yourself a chance here to win exciting rewards amazon. html in / game / share / gQS ….,2025-10-14 20:43:23,2025-10-14 20:43:30,166
229,Amazon,Neutral,I played this interesting quiz there Amazon - Try our luck for a try on win the rewards amazon.in/game/share/gQS....,2025-10-14 20:43:23,2025-10-14 20:43:30,116
230,Amazon,Neutral,"Beautiful song. Powerful lyrics that more people should hear..  \"Furious Love\" by VERIDIA on Amazon Music. music.amazon.com/albums/B00IPBY…",2025-10-14 20:43:23,2025-10-14 20:43:30,139
230,Amazon,Neutral,"Beautiful song. Powerful lyrics that more people should listen to.. \"Furious Love\" by VERIDIA on Amazon Music. music.amazon.com / albums / B00IPBY...",2025-10-14 20:43:23,2025-10-14 20:43:30,149
230,Amazon,Neutral,"VERIDIA's \"Furious Love\" is on Amazon.",2025-10-14 20:43:23,2025-10-14 20:43:30,38
230,Amazon,Neutral,"Beautiful song. Powerful lyrics that more fans should hear.. <unk> Love\" Via VERIDIA on Amazon Music. service.amazon.com/albums/B00IPBY…",2025-10-14 20:43:23,2025-10-14 20:43:30,136
230,Amazon,Neutral,"The Beautiful pop song. Powerful lyrics that more intelligent people probably should also hear.. \" One Furious Love \" by VERIDIA featured on Amazon Music. music. amazon. com / albums / page B00IPBY …",2025-10-14 20:43:23,2025-10-14 20:43:30,199
230,Amazon,Neutral,"Beautiful Video. Powerful so more more people should hear.. \"Furious Love\"<unk> VERIDIA Online Amazon Now. music.amazon.com/albums/B00IPBY...",2025-10-14 20:43:23,2025-10-14 20:43:30,141
231,Amazon,Irrelevant,i miss blacksmokebilly,2025-10-14 20:43:23,2025-10-14 20:43:30,22
231,Amazon,Irrelevant,I miss Blacksmokebilly,2025-10-14 20:43:23,2025-10-14 20:43:30,22
231,Amazon,Irrelevant,i miss blacksmokebilly,2025-10-14 20:43:23,2025-10-14 20:43:30,22
231,Amazon,Irrelevant,i ad blacksmokebilly,2025-10-14 20:43:23,2025-10-14 20:43:30,20
231,Amazon,Irrelevant,will i miss blacksmokebilly,2025-10-14 20:43:23,2025-10-14 20:43:30,27
231,Amazon,Irrelevant,i miss every,2025-10-14 20:43:23,2025-10-14 20:43:30,12
232,Amazon,Negative,@narendramodi @PMOIndia Please help me  . .  Twitter Reminder No.21,2025-10-14 20:43:23,2025-10-14 20:43:30,67
232,Amazon,Negative,@ narendramodi @ PMOIndia Please help me.. Twitter Reminder No.21,2025-10-14 20:43:23,2025-10-14 20:43:30,65
232,Amazon,Negative,@ narendramodi @ PMOIndia Please help...,2025-10-14 20:43:23,2025-10-14 20:43:30,40
232,Amazon,Negative,@narendramodi - Please help me ..  Twitter Reminder No.21,2025-10-14 20:43:23,2025-10-14 20:43:30,57
232,Amazon,Negative,Always @narendramodi Please @PMOIndia Please better help me.. Twitter Dear Reminder No. 21,2025-10-14 20:43:23,2025-10-14 20:43:30,90
232,Amazon,Negative,@narendramodi @PMOIndia Please add me.. Twitter accounts and.21,2025-10-14 20:43:23,2025-10-14 20:43:30,63
233,Amazon,Neutral,Heavens Fall amazon.com/dp/B000UVKHNY/…,2025-10-14 20:43:23,2025-10-14 20:43:30,41
233,Amazon,Neutral,amazon.com / dp / B000UVKHNY /...,2025-10-14 20:43:23,2025-10-14 20:43:30,33
233,Amazon,Neutral,Heavens Fall amazon.com / dp / B000UVKHNY /...,2025-10-14 20:43:23,2025-10-14 20:43:30,46
233,Amazon,Neutral,Heavens Fall images.com/dp/B000UVKHNY/…,2025-10-14 20:43:23,2025-10-14 20:43:30,39
233,Amazon,Neutral,2008 Heavens Must Fall amazon. com / 2009 dp / B000UVKHNY / DVD …,2025-10-14 20:43:23,2025-10-14 20:43:30,65
233,Amazon,Neutral,link is amazon.com/dp/B000UVKHNY/...,2025-10-14 20:43:23,2025-10-14 20:43:30,36
234,Amazon,Positive,I’m intrigued,2025-10-14 20:43:23,2025-10-14 20:43:30,13
234,Amazon,Positive,I am intrigued,2025-10-14 20:43:23,2025-10-14 20:43:30,14
234,Amazon,Positive,I'm intrigued,2025-10-14 20:43:23,2025-10-14 20:43:30,13
234,Amazon,Positive,I’m […],2025-10-14 20:43:23,2025-10-14 20:43:30,7
234,Amazon,Positive,I ’ m plenty intrigued,2025-10-14 20:43:23,2025-10-14 20:43:30,22
234,Amazon,Positive,be intrigued,2025-10-14 20:43:23,2025-10-14 20:43:30,12
235,Amazon,Irrelevant,nan,2025-10-14 20:43:23,2025-10-14 20:43:30,3
235,Amazon,Irrelevant,It is not the first time that the EU Commission has taken such a step.,2025-10-14 20:43:23,2025-10-14 20:43:30,70
235,Amazon,Irrelevant,"At the same time, despite the fact that there are currently some 100 million people living below the poverty line, most of them do not have access to health services and do not have access to health care, while most of them do not have access to health care.",2025-10-14 20:43:23,2025-10-14 20:43:30,258
235,Amazon,Irrelevant,nan,2025-10-14 20:43:23,2025-10-14 20:43:30,3
235,Amazon,Irrelevant,nan,2025-10-14 20:43:23,2025-10-14 20:43:30,3
235,Amazon,Irrelevant,nan,2025-10-14 20:43:23,2025-10-14 20:43:30,3
236,Amazon,Negative,@amazon @AmazonHelp still my refund anou t not recieved its been more than a month....,2025-10-14 20:43:23,2025-10-14 20:43:30,86
236,Amazon,Negative,@ amazon @ AmazonHelp still got my refund anou t received it more than a month....,2025-10-14 20:43:23,2025-10-14 20:43:30,82
236,Amazon,Negative,@ amazon @ AmazonHelp still my refund anou t recickrevered its been more than a month....,2025-10-14 20:43:23,2025-10-14 20:43:30,89
236,Amazon,Negative,@amazon @AmazonHelp still my b a t not recieved its been more than a month....,2025-10-14 20:43:23,2025-10-14 20:43:30,78
236,Amazon,Negative,P @amazon @AmazonHelp But still my current refund or anou t for not recieved up its been more than a month....,2025-10-14 20:43:23,2025-10-14 20:43:30,110
236,Amazon,Negative,@amazon @AmazonHelp still my refund wasn t<unk> recieved for been more than a fortnight....,2025-10-14 20:43:23,2025-10-14 20:43:30,91
237,Amazon,Irrelevant,"Grifters need outrage and moral disgust like parasites need fresh blood. When you see someone with a pinned amazon book in their profile crying crocodile tears over the latest mass media chimera tragedy, just know that they always wish it had been a little worse.",2025-10-14 20:43:23,2025-10-14 20:43:30,263
237,Amazon,Irrelevant,"Grifters need outrage and moral disgust, just as parasites need fresh blood. If you see someone with a stapled Amazon book in their profile crying crocodile tears over the recent mass media chimera tragedy, you just know that they always wish it had been a bit worse.",2025-10-14 20:43:23,2025-10-14 20:43:30,267
237,Amazon,Irrelevant,"Griffters need outrage and moral disgust, just as perfumers need fresh blood. When you see a person with a book in their profile crying crocodile tears over the recent Chimera tragedy in the media, just know that they always wish it were a little worse.",2025-10-14 20:43:23,2025-10-14 20:43:30,253
237,Amazon,Irrelevant,"Grifters need alcohol and moral disgust like parasites need fresh blood. When you see one with a pinned amazon book in public profile crying out tears over the latest mass media chimera outbreak, just know that they always wish it had been a little worse.",2025-10-14 20:43:23,2025-10-14 20:43:30,255
237,Amazon,Irrelevant,"Grifters need outrage and moral disgust like the parasites need fresh blood. 10 When you sometimes see someone with a pinned amazon book in their profile or crying crocodile baby tears over during the latest mass media and chimera tragedy, just know later that they should always wish it later had been a little worse.",2025-10-14 20:43:23,2025-10-14 20:43:30,318
237,Amazon,Irrelevant,"Grifters on outrage and moral disgust from parasites for fresh blood. When you see candidates with a fake amazon book in their profile crying crocodile tears over the latest public media chimera tragedy, just know that viewers always wish it had been a little worse.",2025-10-14 20:43:23,2025-10-14 20:43:30,266
238,Amazon,Positive,I like it. Amazon Pantry Snacks section:,2025-10-14 20:43:23,2025-10-14 20:43:30,40
238,Amazon,Positive,I like it. Amazon Pantry Snacks section:,2025-10-14 20:43:23,2025-10-14 20:43:30,40
238,Amazon,Positive,The Amazon Pantry Snacks section:,2025-10-14 20:43:23,2025-10-14 20:43:30,33
238,Amazon,Positive,I like it. Amazon Pantry Snacks Facts:,2025-10-14 20:43:23,2025-10-14 20:43:30,38
238,Amazon,Positive,I like buying it. Amazon Pantry Snacks Next section :,2025-10-14 20:43:23,2025-10-14 20:43:30,53
238,Amazon,Positive,I like it. Amazon Holiday Snacks section:,2025-10-14 20:43:23,2025-10-14 20:43:30,41
239,Amazon,Negative,"I mean really what I’m saying with this post is “Amazon is evil af, so do some f*&^ing research and order your shit from an independent retailer.” laurahilliger.com/models/lets-bu…",2025-10-14 20:43:23,2025-10-14 20:43:30,180
239,Amazon,Negative,"I really mean what I'm trying to say with this post: \"Amazon is evil, so do your research and order your shit from an independent trader.\" laurahilliger.com / models / lets-bu...",2025-10-14 20:43:23,2025-10-14 20:43:30,178
239,Amazon,Negative,"I mean really what I'm saying with this post is, \"Amazon is evil, so do some research and order your shit from an independent retailer.\" laughilliger.com / models / lets-bu...",2025-10-14 20:43:23,2025-10-14 20:43:30,175
239,Amazon,Negative,"I mean really what I’m saying with any post in it is evil af, so do some f*&^ing research and order your business from an independent service.” laurahilliger.com/models/lets-bu…",2025-10-14 20:43:23,2025-10-14 20:43:30,177
239,Amazon,Negative,"I mean really what what I ’ x m saying with this new post... is “ Amazon Collection is made evil af, so do some f * & ^ ing research and order your shit from an independent art retailer. ” laurahilliger. de com / models / lets - like bu www …",2025-10-14 20:43:23,2025-10-14 20:43:30,242
239,Amazon,Negative,"I mean really do the saying by his post as “Amazon is evil af, so do some smart*&<unk>ing now then order your shit from an independent retailer.” laurahilliger.com/models/lets-bu...",2025-10-14 20:43:23,2025-10-14 20:43:30,181
240,Amazon,Irrelevant,"@HBO @hbomax @Roku not sure who is trying to hold up this deal but without HBO Max on my 3 tv's with Roku devices, I'll be cancelling my subscription. @PrimeVideo can keep my HBO money.",2025-10-14 20:43:23,2025-10-14 20:43:30,187
240,Amazon,Irrelevant,"@ HBO @ hbomax @ Roku not sure who is trying to maintain this deal, but without HBO Max on my 3 TVs with Roku devices, I will cancel my subscription. @ PrimeVideo can keep my HBO money.",2025-10-14 20:43:23,2025-10-14 20:43:30,185
240,Amazon,Irrelevant,"@ O @ hbomax @ Roku don't know who is trying to hold on to this deal, but without my 3 Roku TVs, I will cancel my subscription. @ PrimeVideo can save my money.",2025-10-14 20:43:23,2025-10-14 20:43:30,159
240,Amazon,Irrelevant,"@HBO @hbomax @Roku not clear who is trying to hold up this deal but without HBO Max on my 3 tv's with Roku devices, I'll be cancelling its subscription. I can keep my HBO accounts.",2025-10-14 20:43:23,2025-10-14 20:43:30,180
240,Amazon,Irrelevant,"@HBO @hbomax @Roku not sure now who is trying to actually hold me up this deal but without HBO HD Max on my channel 3 tv's with Roku devices, I'll happily be just cancelling down my subscription. @PrimeVideo can keep my own HBO production money.",2025-10-14 20:43:23,2025-10-14 20:43:30,245
240,Amazon,Irrelevant,"@HBO @hbomax<unk> Well sure why the trying to hold up this deal but without playing Max on my 3 tv's two Roku devices, tomorrow'll be missing my subscription. @Roku can keep my HBO money.",2025-10-14 20:43:23,2025-10-14 20:43:30,187
241,Amazon,Neutral,@Fu88269975 Thanks for entering Grand Summoners  . . Watch the video to see if you won a $100 Amazon gift card! . Retweet everyday for another chance to win!. . . Play now for a FREE . 5 Yu Yu Hakusho Unit! .  https://t.co/WBFn2Haos5,2025-10-14 20:43:23,2025-10-14 20:43:30,233
241,Amazon,Neutral,@ Fu88269975 Thank you for participating in Summoners.. Watch the video to see if you have won an Amazon voucher worth $100!. Retweet every day for another chance to win!... Play now for FREE. 5 Yu Yu Hakusho Unit!. https: / / t.co / WBFn2Haos5,2025-10-14 20:43:23,2025-10-14 20:43:30,244
241,Amazon,Neutral,@ Fu88269975 Thanks for entering Grand Summoners.. Watch the video to see if you won a $100 Amazon gift card!. Retweet every day for another chance to win!... Play now for a FREE. 5 Yu Yu Yusho Unit!. https: / / Fenco / WBFn2Haos5,2025-10-14 20:43:23,2025-10-14 20:43:30,230
241,Amazon,Neutral,@Fu88269975 Thanks for entering Grand Summoners .. Watch the video to know if you won a $100 Amazon pay card!. Retweet everyday for another chance to win!.... Play now for a FREE Tier 5 Yu Yu Hakusho Unit!. <unk>],2025-10-14 20:43:23,2025-10-14 20:43:30,213
241,Amazon,Neutral,@Fu88269975 Thanks for entering in Grand Summoners.. This Watch the official video to see if either you won with a $ 100 or Amazon gift card!. So Retweet on everyday for another chance to win!... Play now for a FREE. 5 More Yu Yu Yu Hakusho Unit!. https://t.co/WBFn2Haos5 ],2025-10-14 20:43:23,2025-10-14 20:43:30,273
241,Amazon,Neutral,code code for entering Happy Summoners.. Watch this video to see if you use my $100 Amazon Plus card!. Play everyday for two chance to win!... Play now for a FREE. 5 million Yu Hakusho Unit!. https://t.co/WBFn2Haos5],2025-10-14 20:43:23,2025-10-14 20:43:30,216
242,Amazon,Neutral,"When Abby, a pre-med major moved into the dorms she had no idea that she would meet a black bull, let alone to fall in love with one.. . The Pre-Med & the Bull: Interracial Cuckolding (1 of 3). by @ AuthorDavidBird. . amazon  . amzn.to/36UKw7f https://t.co/LCoroaTxNR",2025-10-14 20:43:23,2025-10-14 20:43:30,267
242,Amazon,Neutral,"When Abby, a pre-treated major, moved into the dorms, she had no idea she was going to meet a black cop, let alone fall in love with one... The Pre-Med & the Bull: Interracial Cuckolding (1 of 3). by @ AuthorDavidBird... amazon. amzn.to / 36UKw7f https: / / t.co / LCoroaTxNR",2025-10-14 20:43:23,2025-10-14 20:43:30,275
242,Amazon,Neutral,The Pre-Med & the Bull: Interracial Cuckolding (1 of 3). by @ AuthorDavidBird.. amzingto / 36UKw7f https: / / Frecco / LCoroaTxNR,2025-10-14 20:43:23,2025-10-14 20:43:30,129
242,Amazon,Neutral,"When Abby, a pre-med major stumbled into the dorms was had no idea that a would meet a beautiful bull, let alone to fall in love in one... The Pre-Med & the Bull: Interracial Cuckolding book of 3). by - AuthorDavidBird.. amazon . amzn.to/36UKw7f https://t.co/LCoroaTxNR]",2025-10-14 20:43:23,2025-10-14 20:43:30,270
242,Amazon,Neutral,"When Abby, a pre - med major moved into the dorms she had exactly no idea that ever she would meet a crazy black bull, let alone to fall utterly in instant love with any one... The Pre - Med & the Bull : A Interracial Cuckolding ( revised 1 edition of 3 ). by @ http AuthorDavidBird.. amazon. amzn. to / 36UKw7f https://t.co/LCoroaTxNR ]",2025-10-14 20:43:23,2025-10-14 20:43:30,337
242,Amazon,Neutral,"time Abby, a pre-med major moved into the dorms people had no idea whether they would meet a black bull, but alone to sink into love in one... The Pre-Med & the Bull: Interracial Cuckolding (1 of 2). by @ AuthorDavidBird.. amazon. amzn.to/36UKw7f https://t.co/LCoroaTxNR]",2025-10-14 20:43:23,2025-10-14 20:43:30,271
243,Amazon,Neutral,"You will definitely not go wrong with \"Everyday Victory In Jesus\". Order today!",2025-10-14 20:43:23,2025-10-14 20:43:30,81
243,Amazon,Neutral,"With \"Everyday Victory In Jesus\" you will certainly not go wrong. Order today!",2025-10-14 20:43:23,2025-10-14 20:43:30,78
243,Amazon,Neutral,"You certainly won't be wrong with \"Every day wins in Jesus.\" Order today!",2025-10-14 20:43:23,2025-10-14 20:43:30,73
243,Amazon,Neutral,"You will definitely not go wrong with \"Everyday Victory In Jesus\". Order now!",2025-10-14 20:43:23,2025-10-14 20:43:30,77
243,Amazon,Neutral,"You will definitely indeed not go far wrong with \" With Everyday Victory In Jesus \". Order today!",2025-10-14 20:43:23,2025-10-14 20:43:30,97
243,Amazon,Neutral,"You will definitely not are wrong with \"Everyday Victory from Jesus\". Order today!",2025-10-14 20:43:23,2025-10-14 20:43:30,82
244,Amazon,Neutral,Could,2025-10-14 20:43:23,2025-10-14 20:43:30,7
244,Amazon,Neutral,nan,2025-10-14 20:43:23,2025-10-14 20:43:30,3
244,Amazon,Neutral,nan,2025-10-14 20:43:23,2025-10-14 20:43:30,3
244,Amazon,Neutral,Could,2025-10-14 20:43:23,2025-10-14 20:43:30,5
244,Amazon,Neutral,2 Could,2025-10-14 20:43:23,2025-10-14 20:43:30,7
244,Amazon,Neutral,the,2025-10-14 20:43:24,2025-10-14 20:43:30,3
245,Amazon,Neutral,@Thehinsupayo Thanks for entering Grand Summoners  . . Watch the video to see if you won a $100 Amazon gift card! . Retweet everyday for another chance to win!. . . Play GS Global now for a FREE . 5 Golden Kamuy Unit!.  https://t.co/FSfaqt4bMg,2025-10-14 20:43:24,2025-10-14 20:43:30,243
245,Amazon,Neutral,@ Thehinsupayo Thank you for participating in Grand Summoners.. Watch the video to see if you have won an Amazon voucher worth $100!. Retweet every day to get another chance to win!.. Play GS Global now FREE. 5 Golden Kamuy Unit!. https: / / t.co / FSfaqt4bMg,2025-10-14 20:43:24,2025-10-14 20:43:30,259
245,Amazon,Neutral,@ Thehinsupayo Thanks for entering Grand Summoners.. Watch the video to see if you won a $100 Amazon gift card!. Retweet every day for another chance to win!... Play GS Global now for a FREE. 5 Golden Kamuy Unit!. https: / / FSfaqt4bMg,2025-10-14 20:43:24,2025-10-14 20:43:30,235
245,Amazon,Neutral,@Thehinsupayo Thanks for entering Grand Contest . - Watch the news to see if you won a $100 Amazon gift card!. Retweet everyday for another chance to win!.. or Play GS Global now for a FREE. 000 Golden Kamuy Unit!.  https://t.co/FSfaqt4bMg],2025-10-14 20:43:24,2025-10-14 20:43:30,240
245,Amazon,Neutral,@Thehinsupayo and Thanks for entering Grand Master Summoners.. Watch the video to get see if you won and a $ 100 with Amazon gift discount card!. Retweet everyday for another chance to really win!... And Play GS Global now for receiving a FREE. Year 5 Golden Kamuy Unit!. https://t.co/FSfaqt4bMg ],2025-10-14 20:43:24,2025-10-14 20:43:30,297
245,Amazon,Neutral,Thank you for entering Grand Summoners.. Watch this game to see if you won a $100 Amazon gift card!. Run everyday for under 5 and win!... Play GS Global now for a $2. 5 MP Kamuy Unit!. https://t.co/FSfaqt4bMg],2025-10-14 20:43:24,2025-10-14 20:43:30,209
246,Amazon,Positive,nan,2025-10-14 20:43:24,2025-10-14 20:43:30,3
246,Amazon,Positive,It is not the first time that the EU Commission has taken such a step.,2025-10-14 20:43:24,2025-10-14 20:43:30,70
246,Amazon,Positive,"At the same time, despite the fact that there are currently some 100 million people living below the poverty line, most of them do not have access to health services and do not have access to health care, while most of them do not have access to health care.",2025-10-14 20:43:24,2025-10-14 20:43:30,258
246,Amazon,Positive,nan,2025-10-14 20:43:24,2025-10-14 20:43:30,3
246,Amazon,Positive,nan,2025-10-14 20:43:24,2025-10-14 20:43:30,3
246,Amazon,Positive,nan,2025-10-14 20:43:24,2025-10-14 20:43:30,3
247,Amazon,Negative,"@amazon have scheduled reverse pick up since 28 feb 2020, but person comes for pick up he refuse to pick up ,and saying Number  is not matching so we cannot  do kindly pls help me get out of this problem",2025-10-14 20:43:24,2025-10-14 20:43:30,203
247,Amazon,Negative,"@ amazon has been planning reverse pickup since February 28, 2020, but the person comes to pick them up and refuses to pick them up, saying the number doesn't match, so we can't give friendly advice to help me get out of this problem.",2025-10-14 20:43:24,2025-10-14 20:43:30,234
247,Amazon,Negative,"@ amazon have scheduled reverse pick up since 28 feb 2020, but person comes for pick up he refer to pick up, and saying Number is not matching so we cannot do kindly pls help me get out of this problem",2025-10-14 20:43:24,2025-10-14 20:43:30,201
247,Amazon,Negative,"@amazon have scheduled reverse pick up since 28 feb 2020, but person comes for pick up he refuse to pick up,and saying Number  m not matching so something cannot  do kindly pls help me find out in this problem",2025-10-14 20:43:24,2025-10-14 20:43:30,209
247,Amazon,Negative,"As @amazon have have the scheduled reverse pick up since 28 feb 2020, but person always comes for pick me up he always refuse to pick up, and saying Number 50 is not matching on so we cannot do kindly pls help me get us out of this problem",2025-10-14 20:43:24,2025-10-14 20:43:30,239
247,Amazon,Negative,"@amazon have scheduled reverse pick up since 28 feb 2007, but person comes for pick up he starts to pick up,and their Number are not matching so he cannot go kindly pls help me get out of my problem",2025-10-14 20:43:24,2025-10-14 20:43:30,198
248,Amazon,Neutral,His Battered Submissive (Restrained Fantasies) book 3 by Brandi Evans. . . amazon.com/Battered-Submi…. .,2025-10-14 20:43:24,2025-10-14 20:43:30,106
248,Amazon,Neutral,His Battered Submissive Book 3 by Brandi Evans... amazon.com / Battered-Submi.....,2025-10-14 20:43:24,2025-10-14 20:43:30,82
248,Amazon,Neutral,His book Battered Submissive (Restrained Messies) 3 by Brandi Evans... amazon.com / Battered-Submi....,2025-10-14 20:43:24,2025-10-14 20:43:30,102
248,Amazon,Neutral,His Battered Slave (Restrained Slave) book 3 by Brandi Evans.. See amazon.com/Battered-Submi…..,2025-10-14 20:43:24,2025-10-14 20:43:30,95
248,Amazon,Neutral,From His first Battered Man Submissive ( So Restrained In Fantasies ) book page 3 by Julie Brandi Evans... amazon. com / Battered - Submi …..,2025-10-14 20:43:24,2025-10-14 20:43:30,141
248,Amazon,Neutral,my own Glass (Restrained Fantasies) as made by Dave Evans... amazon.com/Battered-Submi.....,2025-10-14 20:43:24,2025-10-14 20:43:30,91
249,Amazon,Negative,"“What are your side projects?”. . “Open source worker surveillance software, tried to get an amazon/Walmart contract but never got past procurement, you have no idea how much lobbying goes on in the space, let me explain, first the whole bid process has these ridiculous requiremen",2025-10-14 20:43:24,2025-10-14 20:43:30,281
249,Amazon,Negative,"\"What are your side projects?.\" \"Open source monitoring software for workers who tried to get an Amazon / Walmart contract but never got past the procurement, you have no idea how much lobbying is going on in the room, let me explain, first the whole bidding process has these ridiculous props",2025-10-14 20:43:24,2025-10-14 20:43:30,293
249,Amazon,Negative,"\"What are your side projects?.\" \"Open-source employee surveillance software tried to get an Amazon / Walmart contract but never won a tender, you have no idea how much lobbying is taking place in space, let me make it clear, first, there are these ridiculous proxies in the whole tender process.",2025-10-14 20:43:24,2025-10-14 20:43:30,295
249,Amazon,Negative,"“What are your side projects?”.. “Open source worker surveillance software, tried to get an amazon/Walmart contract but ever got past procurement, you have no idea too much development goes on across the space, let Anthony explain, first the whole bid process has these … requiremen",2025-10-14 20:43:24,2025-10-14 20:43:30,282
249,Amazon,Negative,"“ What are your main side projects? ”.. “ IT Open source worker surveillance computer software, tried twice to get an amazon / Walmart acquisition contract but never got past procurement, you have no idea how much lobbying goes on outside in the space, well let be me explain, first the whole hostile bid process now has these ridiculous requiremen",2025-10-14 20:43:24,2025-10-14 20:43:30,348
249,Amazon,Negative,"these exactly your side projects?”.. “Open source worker surveillance software, tried to get an amazon/Walmart position of never got past clearance, you have no idea how crazy lobbying goes on in the space, help me explain, basically the whole bid process has five ridiculous requiremen",2025-10-14 20:43:24,2025-10-14 20:43:30,286
251,Amazon,Neutral,Fancy winning £20 to spend on anything you want at Amazon? Then head over and enter with @life_breakdown,2025-10-14 20:43:24,2025-10-14 20:43:30,106
251,Amazon,Neutral,Want to win £20 to spend everything you want on Amazon? Then go and enter @ life _ break.,2025-10-14 20:43:24,2025-10-14 20:43:30,89
251,Amazon,Neutral,Imagine the £20 you can spend on anything you want on Amazon? Then go and type in with @ life _ breakfast,2025-10-14 20:43:24,2025-10-14 20:43:30,105
251,Amazon,Neutral,Fancy winning £20 to spend on anything you want at Amazon? Say swipe over and enter with @life_breakdown,2025-10-14 20:43:24,2025-10-14 20:43:30,104
251,Amazon,Neutral,Fancy winning £20 to spend it on anything that you want at on Amazon? Then head over and simply enter with @life_breakdown,2025-10-14 20:43:24,2025-10-14 20:43:30,122
251,Amazon,Neutral,Fancy winning £20 to go on anything your want for Amazon? Then head over and enter with @life_breakdown,2025-10-14 20:43:24,2025-10-14 20:43:30,103
252,Amazon,Positive,"For those of you that love to use Amazon, you can now get your favourite Bristol Twenty coffees there too.. . ow.ly/L2up50zynKs https://t.co/nEdkMpAkjc",2025-10-14 20:43:24,2025-10-14 20:43:30,151
252,Amazon,Positive,"For those of you who love Amazon, there is now your favorite coffee Bristol Twenty.. ow.ly / L2up50zynKs https: / / t.co / nEdkMpAkjc",2025-10-14 20:43:24,2025-10-14 20:43:30,133
252,Amazon,Positive,"For those of you who love using Amazon, you can now get your favorite Bristol Twenty coffee there too... ow.ly / L2up50zynKs https: / / www.co / nEdkMpAkjc",2025-10-14 20:43:24,2025-10-14 20:43:30,155
252,Amazon,Positive,"For those of you that love to use Amazon, you can now get your cheap Bristol Twenty coffees there via<unk><unk>.ly/L2up50zynKs https://t.co/nEdkMpAkjc]",2025-10-14 20:43:24,2025-10-14 20:43:30,151
252,Amazon,Positive,"For those two of you you all that would love to use this Amazon, you potentially can for now even get your favourite Bristol Twenty coffees there too... ow. ly / a L2up50zynKs https://t.co/nEdkMpAkjc ]",2025-10-14 20:43:24,2025-10-14 20:43:30,201
252,Amazon,Positive,"For people around you which want to use Amazon, up even now get your favourite Bristol Twenty coffees there too... ow.ly/L2up50zynKs https://t.co/nEdkMpAkjc]",2025-10-14 20:43:24,2025-10-14 20:43:30,157
253,Amazon,Neutral,@amazonquiz_IN played this interesting Quiz on Amazon-Play games at Amazon FunZone  amazon.in/game/share/g7B…,2025-10-14 20:43:24,2025-10-14 20:43:30,109
253,Amazon,Neutral,@ amazonquiz _ IN played this interesting quiz on Amazon Play games at Amazon FunZone amazon.in / game / share / g7B...,2025-10-14 20:43:24,2025-10-14 20:43:30,119
253,Amazon,Neutral,@ amazonquiz _ IN played this interesting Amazon-Play quiz on Amazon FunZone amazon.in / game / share / g7B...,2025-10-14 20:43:24,2025-10-14 20:43:30,110
253,Amazon,Neutral,@amazonquiz_IN has another interesting Quiz on Amazon-Play On at Amazon FunZone  amazon.in/game/share/g7B…,2025-10-14 20:43:24,2025-10-14 20:43:30,106
253,Amazon,Neutral,@amazonquiz_IN have played on this interesting Quiz on Amazon - Play the games at Amazon using FunZone to amazon. in / game / share / g7B …,2025-10-14 20:43:24,2025-10-14 20:43:30,139
253,Amazon,Neutral,@amazonquiz_IN is this little clip on Amazon-Play Here at Amazon for amazon.in/game/share/g7B...,2025-10-14 20:43:24,2025-10-14 20:43:30,96
254,Amazon,Neutral,"If you have green fingers, you will simply adore this set of two planting pots. Available on Amazon via amzn.to/36DXTd5",2025-10-14 20:43:24,2025-10-14 20:43:30,121
254,Amazon,Neutral,"If you have green thumbs, you will simply love this set of two planters. Available on Amazon via amzn.to / 36DXTd5",2025-10-14 20:43:24,2025-10-14 20:43:30,114
254,Amazon,Neutral,Available on Amazon through amzto / 36DXTd5,2025-10-14 20:43:24,2025-10-14 20:43:30,43
254,Amazon,Neutral,"If you have green fingers, you would simply adore this set of two planting pots. Available through Amazon via ne.to/36DXTd5",2025-10-14 20:43:24,2025-10-14 20:43:30,123
254,Amazon,Neutral,"... If actually you have green fingers, you will simply adore building this set of two planting pots.... Available previously on a Amazon via amzn. com to / 36DXTd5",2025-10-14 20:43:24,2025-10-14 20:43:30,164
254,Amazon,Neutral,"If you have green fingers, you just absolutely adore this set 2 bamboo planting pots. Available on Amazon via amzn.to/36DXTd5",2025-10-14 20:43:24,2025-10-14 20:43:30,125
255,Amazon,Positive,"@gur_kulkarni Hi! Thank you for choosing to celebrate Amazon Prime Day with us. There you go, your surprise as we promised pic.twitter.com/XCmD9XFYBB",2025-10-14 20:43:24,2025-10-14 20:43:30,149
255,Amazon,Positive,"@ gur _ kulkarni Hello! Thank you for choosing to celebrate Amazon Prime Day with us. Here's your surprise, as we promised pic.twitter.com / XCmD9XFYBB",2025-10-14 20:43:24,2025-10-14 20:43:30,151
255,Amazon,Positive,@ gur _ karni Hi! Thank you for choosing to celebrate Amazon Prime Day with us.,2025-10-14 20:43:24,2025-10-14 20:43:30,79
255,Amazon,Positive,"RhandlerR Hi! Thank you for choosing to celebrate Amazon Prime Day with us. There you go, your surprise as we promised pic.twitter.com/XCmD9XFYBB",2025-10-14 20:43:24,2025-10-14 20:43:30,145
255,Amazon,Positive,"or RhandlerR Hi! Thank you for choosing to celebrate Amazon Prime Day with us. There you go, your surprise as we promised pic.twitter.com/XCmD9XFYBB",2025-10-14 20:43:24,2025-10-14 20:43:30,148
255,Amazon,Positive,were,2025-10-14 20:43:24,2025-10-14 20:43:30,4
256,Amazon,Negative,"I ordered so much off amazon, yet the skates I want are still out of stock 🥺",2025-10-14 20:43:24,2025-10-14 20:43:30,76
256,Amazon,Negative,"I've ordered so much from Amazon, but the skates I want are still out of stock",2025-10-14 20:43:24,2025-10-14 20:43:30,78
256,Amazon,Negative,"I've ordered so many Amazons, but the skates I want are still not available",2025-10-14 20:43:24,2025-10-14 20:43:30,75
256,Amazon,Negative,"I ordered so much off amazon, yet the skates I want are still left of stock 🥺",2025-10-14 20:43:24,2025-10-14 20:43:30,77
256,Amazon,Negative,"How I ordered so damn much off amazon, yet the skates I want are still out of any stock there [UNK]",2025-10-14 20:43:24,2025-10-14 20:43:30,99
256,Amazon,Negative,"I spent so much off amazon, yet the skates I purchased are now out of stock <unk>",2025-10-14 20:43:24,2025-10-14 20:43:30,81
257,Amazon,Neutral,"y'all complain about jeff bezos being a mega billionare but then buy 12 crockpots off of amazon because \"it's on sale\" knowing damn well u were never gonna buy one in the first place",2025-10-14 20:43:24,2025-10-14 20:43:30,182
257,Amazon,Neutral,"Everyone complains that Jeff Bezos is a mega-billionaire but then they buy 12 Crockpots from Amazon because \"it's for sale,\" knowing that u would never buy one",2025-10-14 20:43:24,2025-10-14 20:43:30,159
257,Amazon,Neutral,"y'all complain about Jeff bezos bezos begonare beginnare but then buy 12 crockpots off of amazon because \"it's on sale\" knowing damn well u were never gonna buy one in the first place",2025-10-14 20:43:24,2025-10-14 20:43:30,183
257,Amazon,Neutral,"y'all complain about jeff bezos being the mega billionare but then buy 12 crockpots worth of amazon because \"it's on sale\" knowing damn well u were<unk> gonna buy one int the first place",2025-10-14 20:43:24,2025-10-14 20:43:30,186
257,Amazon,Neutral,"But y'all will complain also about jeff bezos being only a 20 mega billionare but u then buy 12 crockpots off of amazon because \" all it'em s on sale \" knowing damn well u were never gonna there buy one in the car first place",2025-10-14 20:43:24,2025-10-14 20:43:30,225
257,Amazon,Neutral,"y'all complain about jeff bezos being one complete billionare but then buy 12 crockpots off black amazon wishing \"it's a sale\" knowing damn well u were never able buy 8 in the first place",2025-10-14 20:43:24,2025-10-14 20:43:30,187
258,Amazon,Negative,@AmazonHelp hi Amazon I think you’ve breached UK GDPR by selling my child’s data. Who’s your person responsible for data protection in the UK?,2025-10-14 20:43:24,2025-10-14 20:43:30,142
258,Amazon,Negative,@ AmazonHelp hello Amazon I believe you have violated the UK GDPR by selling my child's data. Who is responsible for data protection in the UK?,2025-10-14 20:43:24,2025-10-14 20:43:30,143
258,Amazon,Negative,@ AmazonHelp hi Amazon I think you broke the UK GDPR by selling my child's data.,2025-10-14 20:43:24,2025-10-14 20:43:30,80
258,Amazon,Negative,@AmazonHelp hi Amazon I think you’ve breached UK GDPR for selling my child’s data. Can your person contacting for data protection in the UK?,2025-10-14 20:43:24,2025-10-14 20:43:30,140
258,Amazon,Negative,@AmazonHelp hi Amazon I think you ’ ve breached UK GDPR by selling back my little child mother ’ s data. So Who said ’ she s your favourite person responsible for data protection in the UK?,2025-10-14 20:43:24,2025-10-14 20:43:30,189
258,Amazon,Negative,mm hi Amazon I think you’ve breached UK GDPR from selling my child’s data. is your employer responsible for data selling in the UK?,2025-10-14 20:43:24,2025-10-14 20:43:30,131
259,Amazon,Negative,"Jeff Bezos should close down Amazon and say fuck it. I’m rich, fuck you all!",2025-10-14 20:43:24,2025-10-14 20:43:30,76
259,Amazon,Negative,"Jeff Bezos should shut down Amazon and say fuck it. I'm rich, fuck you all!",2025-10-14 20:43:24,2025-10-14 20:43:30,75
259,Amazon,Negative,"Jeff Bezos should shut down Amazon and say fuck it. I'm rich, fuck you all!",2025-10-14 20:43:24,2025-10-14 20:43:30,75
259,Amazon,Negative,"Jeff Bezos should take down Amazon and say fuck everything. I’m rich, fuck you all!",2025-10-14 20:43:24,2025-10-14 20:43:30,83
259,Amazon,Negative,"34 Jeff The Bezos should close them down Amazon and say fucking fuck it. I ’ m rich, fuck you all!",2025-10-14 20:43:24,2025-10-14 20:43:30,98
259,Amazon,Negative,"Jeff Bezos should close down Amazon and fucking fuck it. I’m depressed, damn you all!",2025-10-14 20:43:24,2025-10-14 20:43:30,85
260,Amazon,Neutral,@HeatStroke202 Thanks for entering Grand Summoners  . . Watch the video to see if you won a $100 Amazon gift card! . Retweet everyday for another chance to win!. . . Play now for a FREE . 5 Yu Yu Hakusho Unit! .  https://t.co/9rhvydvGNn,2025-10-14 20:43:24,2025-10-14 20:43:30,236
260,Amazon,Neutral,@ HeatStroke202 Thank you for participating in Summoners.. Watch the video to see if you have won an Amazon voucher worth $100!. Retweet every day for another chance to win!... Play now for FREE. 5 Yu Yu Hakusho Unit!. https: / / t.co / 9rhvydvGNn,2025-10-14 20:43:24,2025-10-14 20:43:30,247
260,Amazon,Neutral,@ Heatke202 Thanks for joining the Grand Summoners.. watch the video to see if you won an Amazon gift card worth $100!. Retweet every day for another chance to win!.. Play now for free. 5 Yu Yu Yusho Unit!.,2025-10-14 20:43:24,2025-10-14 20:43:30,206
260,Amazon,Neutral,@HeatStroke202 Thanks for entering Grand Prize .. Watch the video to discover if you won a Walmart Amazon gift card! * Retweet everyday for another chance to r.. Play now for a FREE. 5 Yu Yu Hakusho Unit!.  https://t.co/9rhvydvGNn],2025-10-14 20:43:24,2025-10-14 20:43:30,231
260,Amazon,Neutral,@HeatStroke202 Thanks deeply for entering with Grand Summoners.. Watch the video screen to see if you won a $ 400 100 Amazon gift card card!. Retweet up everyday for another chance soon to win!... Play now for a FREE. 5 Game Yu Yu Hakusho Game Unit!. From https://t.co/9rhvydvGNn ],2025-10-14 20:43:24,2025-10-14 20:43:30,281
260,Amazon,Neutral,@HeatStroke202 Thanks for entering Grand Summoners.. See me giveaway to see if you won a $100 Amazon credit card!. Retweet everyday me enter in the win!... Play now for a FREE. Cu Yu Yu Hakusho<unk>!. https://t.co/9rhvydvGNn],2025-10-14 20:43:24,2025-10-14 20:43:30,225
261,Amazon,Neutral,Amazon launches Counterfeit Crimes Unit to fight knockoffs on its store . . READ MORE: blog.iammarketingmedia.com/amazon-launche…. .,2025-10-14 20:43:24,2025-10-14 20:43:30,134
261,Amazon,Neutral,Amazon Launches Counterfeit Crimes Unit to Fight Surcharges in Its Store.. READ MORE: blog.iammarketingmedia.com / amazon-launch.....,2025-10-14 20:43:24,2025-10-14 20:43:30,133
261,Amazon,Neutral,Amazon launches Coin Crimes Unit to fight knock-downs in its store... READ MORE: blog.iammarketingmedia.com / amazon-launch.....,2025-10-14 20:43:24,2025-10-14 20:43:30,128
261,Amazon,Neutral,Amazon launches Counterfeit Crimes Unit to fight knockoffs on its store.. - PHOTO: news.iammarketingmedia.com/amazon-launche…..,2025-10-14 20:43:24,2025-10-14 20:43:30,127
261,Amazon,Neutral,2017 Amazon launches its Counterfeit Counter Crimes Control Unit database to fight knockoffs on its store.. READ MORE : blog. org iammarketingmedia.... com / information amazon - launche …..,2025-10-14 20:43:24,2025-10-14 20:43:30,190
261,Amazon,Neutral,Amazon launches New Crimes plan and fight customers for its Kindle.. READ MORE: blog.iammarketingmedia.com/amazon-launche.....,2025-10-14 20:43:24,2025-10-14 20:43:30,126
262,Amazon,Positive,The  Super Bowl is the only time I look forward to commercials.  Here's a good one about Amazon's Alexa featuring Ellen Degeneres: buff.ly/38S2doW. .,2025-10-14 20:43:24,2025-10-14 20:43:30,151
262,Amazon,Positive,"The Super Bowl is the only time I look forward to commercials, here's a good one about Amazon's Alexa with Ellen Degeneres: buff.ly / 38S2doW.",2025-10-14 20:43:24,2025-10-14 20:43:30,142
262,Amazon,Positive,Super Bowl is the only time I look forward to commercials. Here's a good one about Amazon's Alexa featuring Ellen Degeneres: buff.ly / 38S2doW.,2025-10-14 20:43:24,2025-10-14 20:43:30,143
262,Amazon,Positive,The  Super Bowl is the best time I look forward to commercials.  Watch a good one about Amazon's Alexa featuring Ellen Chase: buff.ly/38S2doW. >,2025-10-14 20:43:24,2025-10-14 20:43:30,144
262,Amazon,Positive,The Super Bowl day is the only time I can look any forward to commercials. Here'C s a good short one about Amazon'u s Alexa featuring Ellen des Degeneres : buff. ly / Page 38S2doW..,2025-10-14 20:43:24,2025-10-14 20:43:30,181
262,Amazon,Positive,The Super Network is the only time I look at watching commercials. Here's a good one about Amazon's new featuring Al Degeneres: From.ly/38S2doW..,2025-10-14 20:43:24,2025-10-14 20:43:30,145
263,Amazon,Irrelevant,"An amazing ecologist she is @jessieldk!, I am fortunate work and collaborate with her from the Andes to the Amazon and all the way back to the Pacific.",2025-10-14 20:43:24,2025-10-14 20:43:30,151
263,Amazon,Irrelevant,As an amazing ecologist @ jessieldk! I am fortunate to work with her from the Andes to the Amazon and the Pacific.,2025-10-14 20:43:24,2025-10-14 20:43:30,114
263,Amazon,Irrelevant,"An amazing environmentalist, she's @ jeldk!, I've been lucky enough to work and collaborate with her from the Andes to the Amazon and all the way to the Pacific.",2025-10-14 20:43:24,2025-10-14 20:43:30,161
263,Amazon,Irrelevant,"An amazing ecologist she is @jessieldk!, I am fortunate work have collaborate with her from the Andes to the Amazon and all the way back to Belgian Congo.",2025-10-14 20:43:24,2025-10-14 20:43:30,154
263,Amazon,Irrelevant,"In An amazing amazing ecologist she which is @jessieldk!, that I you am fortunate work and collaborate with transport her from the Andes to the Colombian Amazon and all the way back to the Pacific.",2025-10-14 20:43:24,2025-10-14 20:43:30,197
263,Amazon,Irrelevant,"An Argentine ecologist she is @jessieldk!, whose extremely fortunate work and collaborate with her from the Andes to the Amazon and all tropical islands back to the Pacific.",2025-10-14 20:43:24,2025-10-14 20:43:30,173
264,Amazon,Neutral,@Ezequie09808664 Thanks for entering Grand Summoners  . . Watch the video to see if you won a $100 Amazon gift card! . Retweet every day for another chance to win!. . . Play GS Global now for a FREE . 5 One Punch Man Unit!.  https://t.co/Wzqi9CT0K5,2025-10-14 20:43:24,2025-10-14 20:43:30,248
264,Amazon,Neutral,@ Ezequie09808664 Thank you for participating in Summoners... Watch the video to see if you have won an Amazon gift card worth $100!. Retweet every day for another chance to win!.. Play GS Global now FREE. 5 One Punch Man Unit!. https: / / t.co / Wzqi9CT0K5,2025-10-14 20:43:24,2025-10-14 20:43:30,257
264,Amazon,Neutral,@ Ezequi 09808664 Thanks for entering Grand Summoners.. Watch the video to see if you won a $100 Amazon gif card!. Retweet every day for another chance to win!... Play GS Global now for a FREE. 5 One Punch Man Unit!.,2025-10-14 20:43:24,2025-10-14 20:43:30,216
264,Amazon,Neutral,@Ezequie09808664 Thanks for entering Grand Summoners .. Watch the video to find if you won a $100 Amazon gift card!. Retweet every day for another chance to win!. or. Play Omega Global now for an bonus. 5 One Punch Man Unit!.  https://t.co/Wzqi9CT0K5],2025-10-14 20:43:24,2025-10-14 20:43:30,251
264,Amazon,Neutral,at @Ezequie09808664 Thanks everyone for entering into Grand Summoners.. Watch the video to see if you won a $ 100 Amazon gift card!. Retweet every day for another chance ever to win!... See Play GS Global now for winning a FREE. 0 5 Ultimate One Punch Hero Man and Unit!. https://t.co/Wzqi9CT0K5 ],2025-10-14 20:43:24,2025-10-14 20:43:30,297
264,Amazon,Neutral,<unk> Thanks for reading Grand Summoners.. Play the video automatically see if you won a $10 Amazon gift card!. Retweet every sentence as another chance to win!... Play GS Entertainment now for a FREE. 5 One<unk> Man Unit!.<unk>],2025-10-14 20:43:24,2025-10-14 20:43:30,229
265,Amazon,Neutral,Turmoil in Turkey by Jon Grainge amazon.com/dp/1366525523/… via @amazon https://t.co/UCQA3PPMyi,2025-10-14 20:43:24,2025-10-14 20:43:30,95
265,Amazon,Neutral,Turmoil in Turkey by Jon Grainge amazon.com / dp / 1366525523 /... via @ amazon https: / / t.co / UCQA3PPMyi,2025-10-14 20:43:24,2025-10-14 20:43:30,108
265,Amazon,Neutral,Turmoil in Turmoil in Turkey by Jon Grainge amazon.com / dp / 1366525523 /... via @ amazon https: / / Fenco / UCQA3PPMMyi,2025-10-14 20:43:24,2025-10-14 20:43:30,121
265,Amazon,Neutral,Turmoil Comes Turkey by Jon Grainge amazon.com/dp/1366525523/… via Paul https://t.co/UCQA3PPMyi],2025-10-14 20:43:24,2025-10-14 20:43:30,96
265,Amazon,Neutral,Water Turmoil in Turkey published by Paul Jon Paul Grainge through amazon. id com / dp / 1366525523 / 2012 … via @amazon https://t.co/UCQA3PPMyi ],2025-10-14 20:43:24,2025-10-14 20:43:30,146
265,Amazon,Neutral,30 August 2007 by Karen Grainge amazon.com/dp/1366525523/...<unk> @amazon https://t.co/UCQA3PPMyi],2025-10-14 20:43:24,2025-10-14 20:43:30,98
266,Amazon,Negative,@amazon I believe this in poor taste and an a horrific exploitation of a mans death. You claim BLM but here we are. pic.twitter.com/8N5mmWuRiw,2025-10-14 20:43:24,2025-10-14 20:43:30,142
266,Amazon,Negative,"@ amazon I think this is in bad taste and a terrible exploitation of a man's death. they claim BLM, but here we are. pic.twitter.com / 8N5mmWuRiw",2025-10-14 20:43:24,2025-10-14 20:43:30,145
266,Amazon,Negative,@ amazon I find this in bad taste and a terrible exploitation of human death.,2025-10-14 20:43:24,2025-10-14 20:43:30,77
266,Amazon,Negative,RhandlerR I believe this in poor taste and an a horrific exploitation of a mans death. You claim BLM but here we are. pic.twitter.com/8N5mmWuRiw,2025-10-14 20:43:24,2025-10-14 20:43:30,144
266,Amazon,Negative,FM RhandlerR I believe this in poor taste and an a horrific exploitation of a mans death. You claim BLM but here we are. pic.twitter.com/8N5mmWuRiw,2025-10-14 20:43:24,2025-10-14 20:43:30,147
266,Amazon,Negative,are,2025-10-14 20:43:24,2025-10-14 20:43:30,3
267,Amazon,Negative,99 problems but @HalfNewYear ain’t one .  Non amazon prime members watch us for,2025-10-14 20:43:24,2025-10-14 20:43:30,81
267,Amazon,Negative,"99 problems, but @ HalfNewYear is none. Non-Amazon Prime members are watching us after",2025-10-14 20:43:24,2025-10-14 20:43:30,86
267,Amazon,Negative,"99 problems, but @ HalfNewYear is not alone.",2025-10-14 20:43:24,2025-10-14 20:43:30,44
267,Amazon,Negative,99 problems but @HalfNewYear ain’t 0.  Non amazon prime members watch o for,2025-10-14 20:43:24,2025-10-14 20:43:30,75
267,Amazon,Negative,Another 99 problems run but @HalfNewYear ain ’ t there one. Non amazon prime members watch us out for,2025-10-14 20:43:24,2025-10-14 20:43:30,101
267,Amazon,Negative,99 problems for @HalfNewYear<unk> one. Non amazon prime members have us for,2025-10-14 20:43:24,2025-10-14 20:43:30,75
268,Amazon,Negative,Definitely walmart. Amazon gonna fuck you over with the shipping .,2025-10-14 20:43:24,2025-10-14 20:43:30,67
268,Amazon,Negative,Definitely Walmart. Amazon will damn you with shipping.,2025-10-14 20:43:24,2025-10-14 20:43:30,55
268,Amazon,Negative,Definitely Walmart. Amazon is going to fuck you with delivery.,2025-10-14 20:43:24,2025-10-14 20:43:30,62
268,Amazon,Negative,Definitely walmart. Amazon gonna fuck people over with the shipping.,2025-10-14 20:43:24,2025-10-14 20:43:30,68
268,Amazon,Negative,She Definitely a walmart. Amazon gonna love fuck you over with the shipping.,2025-10-14 20:43:24,2025-10-14 20:43:30,76
268,Amazon,Negative,Definitely walmart. Amazon might fuck her over with the shipping.,2025-10-14 20:43:24,2025-10-14 20:43:30,65
269,Amazon,Positive,Couldn't agree more. It's excellent.,2025-10-14 20:43:24,2025-10-14 20:43:30,36
269,Amazon,Positive,"I couldn't agree more, it's great.",2025-10-14 20:43:24,2025-10-14 20:43:30,34
269,Amazon,Positive,I couldn't agree more.,2025-10-14 20:43:24,2025-10-14 20:43:30,22
269,Amazon,Positive,Couldn't agree clearer. It's excellent.,2025-10-14 20:43:24,2025-10-14 20:43:30,39
269,Amazon,Positive,Couldn't agree some more. It'S s excellent.,2025-10-14 20:43:24,2025-10-14 20:43:30,43
269,Amazon,Positive,Couldn't agree more. Darren's excellent.,2025-10-14 20:43:24,2025-10-14 20:43:30,40
270,Amazon,Irrelevant,This is one of my standout favourite novels of 2020. Go grab it!,2025-10-14 20:43:24,2025-10-14 20:43:30,64
270,Amazon,Irrelevant,This is one of my favourite novels of 2020.,2025-10-14 20:43:24,2025-10-14 20:43:30,43
270,Amazon,Irrelevant,This is one of my favorite games of 2020.,2025-10-14 20:43:24,2025-10-14 20:43:30,41
270,Amazon,Irrelevant,This is one of my very favourite novels of 2020. Go grab it!,2025-10-14 20:43:24,2025-10-14 20:43:30,60
270,Amazon,Irrelevant,... This is one of even my standout favourite novels of SF 2020. Go grab it!,2025-10-14 20:43:24,2025-10-14 20:43:30,76
270,Amazon,Irrelevant,This is one of your standout favourite novels of 2020. Go grab up!,2025-10-14 20:43:24,2025-10-14 20:43:30,66
271,Amazon,Neutral,Amazon Translate ranked as  . . t.me/techtldr/1303,2025-10-14 20:43:24,2025-10-14 20:43:30,50
271,Amazon,Neutral,Amazon Translate ranks at.. t.me / techtldr / 1303,2025-10-14 20:43:24,2025-10-14 20:43:30,50
271,Amazon,Neutral,"Amazon Translate ranks first in Time / telldr / 1303 \"s ranking of the best sites in the world.",2025-10-14 20:43:24,2025-10-14 20:43:30,95
271,Amazon,Neutral,Amazon today ranked as .. t.me/techtldr/1303,2025-10-14 20:43:24,2025-10-14 20:43:30,44
271,Amazon,Neutral,Amazon Translate ranked as.. 1 t. m me / 1 techtldr / 1303,2025-10-14 20:43:24,2025-10-14 20:43:30,58
271,Amazon,Neutral,Amazon Remote Server 98.. t.me/techtldr/1303,2025-10-14 20:43:24,2025-10-14 20:43:30,44
272,Amazon,Negative,"Buy movie from Amazon, Amazon bans movie, have movie taken away.",2025-10-14 20:43:24,2025-10-14 20:43:30,64
272,Amazon,Negative,"Buy movie on Amazon, Amazon forbids movie, let film be taken away.",2025-10-14 20:43:24,2025-10-14 20:43:30,66
272,Amazon,Negative,"Buy a movie from Amazon, Amazon banned the movie, took the movie away.",2025-10-14 20:43:24,2025-10-14 20:43:30,70
272,Amazon,Negative,"Buy app from Amazon, Amazon bans movie, have movie taken away.",2025-10-14 20:43:24,2025-10-14 20:43:30,62
272,Amazon,Negative,"No Buy only movie from Amazon, Amazon bans movie, have no movie taken away.",2025-10-14 20:43:24,2025-10-14 20:43:30,75
272,Amazon,Negative,"Buy movie from Amazon, Amazon bans it, buy movie taken away.",2025-10-14 20:43:24,2025-10-14 20:43:30,60
273,Amazon,Positive,The world beating system is also using Internet Explorer and Amazon Workspaces.,2025-10-14 20:43:24,2025-10-14 20:43:30,81
273,Amazon,Positive,The global beating system also uses Internet Explorer and Amazon Workspaces.,2025-10-14 20:43:24,2025-10-14 20:43:30,76
273,Amazon,Positive,The world system also uses Internet Explorer and Amazon Workspaces.,2025-10-14 20:43:24,2025-10-14 20:43:30,67
273,Amazon,Positive,The world beating system are also using Internet Explorer and Amazon Workspaces.,2025-10-14 20:43:24,2025-10-14 20:43:30,80
273,Amazon,Positive,The world beating rating system is also supported using Internet Explorer V and Amazon Workspaces.,2025-10-14 20:43:24,2025-10-14 20:43:30,98
273,Amazon,Positive,main world beating system is also also Internet Explorer and Amazon Workspaces.,2025-10-14 20:43:24,2025-10-14 20:43:30,79
274,Amazon,Irrelevant,deforestation : soy (used for animal feed) is the largest contributor to the deforestation of the Amazon rainforest (people - lets not die),2025-10-14 20:43:24,2025-10-14 20:43:30,139
274,Amazon,Irrelevant,Deforestation: Soy (used as animal feed) contributes most to the deforestation of the Amazon rainforest (people - let's not die),2025-10-14 20:43:24,2025-10-14 20:43:30,128
274,Amazon,Irrelevant,deforestation: soybeans (used for animal feed) are the largest source of deforestation of the Amazon crayfish (let's not let people die).,2025-10-14 20:43:24,2025-10-14 20:43:30,137
274,Amazon,Irrelevant,deforestation : soy (used for animal protein) is the largest contributor to the deforestation of the Amazon world (people - lets not die),2025-10-14 20:43:24,2025-10-14 20:43:30,137
274,Amazon,Irrelevant,deforestation : soy ( crops used only for farm animal feed ) is the largest contributor to the deforestation program of the Amazon rainforest rainforest ( people - lets help not die ),2025-10-14 20:43:24,2025-10-14 20:43:30,183
274,Amazon,Irrelevant,Watch : soy (used for animal feed) is the largest contributors to the deforestation of the Amazon rainforest (people - and her die),2025-10-14 20:43:24,2025-10-14 20:43:30,131
275,Amazon,Neutral,Feds Crack Down on Fraud Scheme That Allegedly Bribed Amazon Employees to Gain Better Sales theepochtimes.com/fed-cracks-dow… via @epochtimes,2025-10-14 20:43:24,2025-10-14 20:43:30,141
275,Amazon,Neutral,Feds crack down on scam programs that allegedly bribed Amazon employees to get better sales theepochtimes.com / fed-cracks-dow... via @ epochtimes,2025-10-14 20:43:24,2025-10-14 20:43:30,146
275,Amazon,Neutral,"Feds Duck Down on the Scheme, which allegedly bribed Amazon to get better sales theepochtimes.com / fed-cracks-dow... via @ epochtimes",2025-10-14 20:43:24,2025-10-14 20:43:30,134
275,Amazon,Neutral,Feds Hal Down on Fraud Scheme That Allegedly Inspired Amazon Employees to Gain Better Sales theepochtimes.com/fed-cracks-dow… via REUTERS,2025-10-14 20:43:24,2025-10-14 20:43:30,137
275,Amazon,Neutral,Feds Crack Them Down on Their Fraud Scheme Money That Was Allegedly Waste Bribed Amazon Employees to Never Gain Better Metal Sales theepochtimes. com com / get fed - cracks - dow … via @epochtimes,2025-10-14 20:43:24,2025-10-14 20:43:30,196
275,Amazon,Neutral,Feds Take Down PayPal Amazon Scheme That Allegedly Means Amazon Employees to Gain Better at theepochtimes.com/fed-cracks-dow... via PayPal,2025-10-14 20:43:24,2025-10-14 20:43:30,138
276,Amazon,Neutral,"\"Directed by Michael Showalter, who also helmed The Big Sick available on Amazon Prime, The Lovebirds effectively balances lovable, bickering characters and a ridiculous crime story without wearing out its welcome.\" sfex.news/2WQclvr?utm_ca…",2025-10-14 20:43:24,2025-10-14 20:43:30,241
276,Amazon,Neutral,"\"Directed by Michael Showalter, who also directed The Big Sick on Amazon Prime, The Lovebirds effectively balances between lovable, bickering characters and a ridiculous crime thriller without losing its reputation.\" sfex.news / 2WQclvr? utm _ ca...",2025-10-14 20:43:24,2025-10-14 20:43:30,249
276,Amazon,Neutral,"\"Directed by Michael Showalter, who also directed The Big Sick, available on Amazon Prime, The Lovebirds effectively balances engaging, biker-friendly characters and a preposterous crime story without wearing down its welcome.\" sfex.news / 2WQclvr? utm _ ca...",2025-10-14 20:43:24,2025-10-14 20:43:30,260
276,Amazon,Neutral,"\"Directed by Michael Showalter, next also discovered The Big Sick available on Amazon Prime, The Fall star exploits lovable, bickering characters and a ridiculous crime story without wearing out its welcome.\" sfex.news/2WQclvr?utm_ca…",2025-10-14 20:43:24,2025-10-14 20:43:30,234
276,Amazon,Neutral,"\" With Directed by David Michael Scott Showalter, and who also helmed The Big Sick available on Amazon Prime, The White Lovebirds effectively balances lovable, insane bickering characters and a ridiculous comedic crime story mode without wearing out its welcome. \" on sfex. news / 2WQclvr? utm _ ca …",2025-10-14 20:43:24,2025-10-14 20:43:30,300
276,Amazon,Neutral,"\"Directed by Michael Jordan, has also helmed The Big Sick Game at Amazon Prime, The Law effectively balances lovable, bickering cast and<unk> satisfying crime story without wearing out its core.\" sfex.news/2WQclvr?utm_ca...",2025-10-14 20:43:24,2025-10-14 20:43:30,223
277,Amazon,Neutral,Are you an Amazon Seller? Find out the 10 ways you can stop throwing away money.  You could save thousands!. bit.ly/2CFav94  @YC_Accountant,2025-10-14 20:43:24,2025-10-14 20:43:30,139
277,Amazon,Neutral,Are you an Amazon salesman? Find out how to stop throwing money away. You could save thousands!. bit.ly / 2CFav94 @ YC _ Accountant,2025-10-14 20:43:24,2025-10-14 20:43:30,131
277,Amazon,Neutral,Are you an Amazon seller? Find out 10 ways you can stop throwing money away. You could save thousands!. bit.ly / 2CFav94 @ YC _ Accountant,2025-10-14 20:43:24,2025-10-14 20:43:30,138
277,Amazon,Neutral,Are you an Amazon Seller? Try out the 3 ways you can stop throwing away money.  You still save thousands!. bit.ly/2CFav94  @YC_Accountant,2025-10-14 20:43:24,2025-10-14 20:43:30,137
277,Amazon,Neutral,Are making you an Amazon Seller? Find out just the 10 cheaper ways so you can stop throwing right away money. You could certainly save thousands!. bit. ly / 2CFav94... @YC_Accountant,2025-10-14 20:43:24,2025-10-14 20:43:30,182
277,Amazon,Neutral,Are you an Amazon Seller? Find out on 10 ways you can stop throwing away money. Amazon would save thousands!. http.ly/2CFav94 10,2025-10-14 20:43:24,2025-10-14 20:43:30,128
278,Amazon,Neutral,"A fast-paced, engaging and one of a kind read! Grab a copy of \"Murder And The Preacher\" now.",2025-10-14 20:43:24,2025-10-14 20:43:30,94
278,Amazon,Neutral,"A fast-paced, riveting and unique read! Grab a copy of Murder And The Preacher now.",2025-10-14 20:43:24,2025-10-14 20:43:30,83
278,Amazon,Neutral,"Fast, exciting, and unique! Take a copy of Murder and Preacher now.",2025-10-14 20:43:24,2025-10-14 20:43:30,67
278,Amazon,Neutral,"A fast-paced, engaging and one of a kind read! Grab another copy of \"Murder And The Devil\" now.",2025-10-14 20:43:24,2025-10-14 20:43:30,95
278,Amazon,Neutral,"2 A fast - medium paced, engaging and one story of a kind read! Grab just a copy of \" Murder And See The Preacher \" now.",2025-10-14 20:43:24,2025-10-14 20:43:30,120
278,Amazon,Neutral,"A beautifully-paced, engaging and one of a kind release! Grab you copy of \"Murder And The Rose\" now.",2025-10-14 20:43:24,2025-10-14 20:43:30,100
279,Amazon,Neutral,@NyxJacob Thanks for entering Grand Summoners  . . Watch the video to see if you won a $100 Amazon gift card! . Retweet every day for another chance to win!. . . Play GS Global now for a FREE . 5 One Punch Man Unit!.  https://t.co/WDX2C4Vy6u,2025-10-14 20:43:24,2025-10-14 20:43:30,241
279,Amazon,Neutral,@ NyxJacob Thank you for participating in Grand Summoners.. Watch the video to see if you have won an Amazon gift card worth $100!. Retweet every day for another chance to win!.. Play GS Global now FREE. 5 One Punch Man Unit!. https: / / t.co / WDX2C4Vy6u,2025-10-14 20:43:24,2025-10-14 20:43:30,255
279,Amazon,Neutral,@ NyxJacob Thanks for entering Grand Summoners.. Watch the video to see if you won a $100 Amazon gift card!. Retweet every day for another chance to win!... Play GS Global now for a FREE. 5 One Punch Man Unit!. https: / / Fenco / WDX2C4Vy6u,2025-10-14 20:43:24,2025-10-14 20:43:30,240
279,Amazon,Neutral,@NyxJacob Thanks for entering Grand Summoners .. Tweet this video with see if you won a $100 Amazon gift card!. Retweet every day for another chance to win!... Play GS 7 Headquarters for a FREE. 5 One Punch Man Unit!.  https://t.co/WDX2C4Vy6u],2025-10-14 20:43:24,2025-10-14 20:43:30,243
279,Amazon,Neutral,@NyxJacob Thanks for entering Grand Summoners.. Watch closely the video to help see if you won with a $ around 100 million Amazon gift card!. Retweet out every day for only another chance to win!... Play GS Global now for a FREE. 4 5 0 One Punch Man Battle Unit!. https://t.co/WDX2C4Vy6u ],2025-10-14 20:43:24,2025-10-14 20:43:30,289
279,Amazon,Neutral,@NyxJacob Thanks for entering Grand<unk>.. Review the video to see if you won an $100 Amazon gift today!. Retweet every day for a chance to qualify!... Play GS Global now from a $100. or One Six Man Unit!. https://t.co/WDX2C4Vy6u],2025-10-14 20:43:24,2025-10-14 20:43:30,230
280,Amazon,Negative,"@AmitAgarwal  Dear Sir please . help me own this, I was order two mobile phones at Amazon but we received only one, I was complaint but did not solve my issue.",2025-10-14 20:43:24,2025-10-14 20:43:30,159
280,Amazon,Negative,"@ AmitAgarwal Dear sir. Help me to own this, I ordered two mobile phones from Amazon but we received only one, I complained but did not solve my problem.",2025-10-14 20:43:24,2025-10-14 20:43:30,153
280,Amazon,Negative,"@ AmitAgarwal Dear Sir please. help me own this, I was ordered two mobile phones at Amazon but we received only one, I was complained but did not solve my issue.",2025-10-14 20:43:24,2025-10-14 20:43:30,161
280,Amazon,Negative,"@AmitAgarwal <unk> Sir please. help me after this, I was order two mobile phones at Amazon but we received only one, I was complaint but did not solve my problems.",2025-10-14 20:43:24,2025-10-14 20:43:30,163
280,Amazon,Negative,"O @AmitAgarwal Dear Sir please. help me own this, I was order t two mobile phones at Amazon but we still received only second one, also I was for complaint but did not fully solve my issue.",2025-10-14 20:43:24,2025-10-14 20:43:30,189
280,Amazon,Negative,"Rose Dear Sir Hi. help me own this, I was getting two mobile phones of Amazon but we received only 4, I was complaint but did not solve my issue.",2025-10-14 20:43:24,2025-10-14 20:43:30,145
281,Amazon,Neutral,Great to see this young lady using   . allauthor.com/amazon/37690/ https://t.co/Cm9VpNUKQ0,2025-10-14 20:43:24,2025-10-14 20:43:30,90
281,Amazon,Neutral,Nice to see this young woman. allauthor.com / amazon / 37690 / https: / / t.co / Cm9VpNUKQ0,2025-10-14 20:43:24,2025-10-14 20:43:30,91
281,Amazon,Neutral,Great to see this young lady using. allaauthor.com / amazon / 37690 / https: / / Fenco / Cm9VpNUKQ0,2025-10-14 20:43:24,2025-10-14 20:43:30,99
281,Amazon,Neutral,Great reading see this particular lady using  . allauthor.com/amazon/37690/ https://t.co/Cm9VpNUKQ0],2025-10-14 20:43:24,2025-10-14 20:43:30,100
281,Amazon,Neutral,Great to see this young Vietnamese lady using. info allauthor. de com / amazon / S 37690 / M https://t.co/Cm9VpNUKQ0 ],2025-10-14 20:43:24,2025-10-14 20:43:30,118
281,Amazon,Neutral,Great to see your old lady again. allauthor.com/amazon/37690/ https://t.co/Cm9VpNUKQ0],2025-10-14 20:43:24,2025-10-14 20:43:30,86
282,Amazon,Irrelevant,This thread is gold. Read it and weep... Of laughter.,2025-10-14 20:43:24,2025-10-14 20:43:30,53
282,Amazon,Irrelevant,This thread is gold. Read it and cry... with laughter.,2025-10-14 20:43:24,2025-10-14 20:43:30,54
282,Amazon,Irrelevant,This trio is gold. Read and weep... With laughter.,2025-10-14 20:43:24,2025-10-14 20:43:30,50
282,Amazon,Irrelevant,This book is gold. Read it and weep... Of laughter.,2025-10-14 20:43:24,2025-10-14 20:43:30,51
282,Amazon,Irrelevant,This heavy thread is gold. by Read it and weep... Of his laughter.,2025-10-14 20:43:24,2025-10-14 20:43:30,66
282,Amazon,Irrelevant,This thread like gold. Read it for weep... Of laughter.,2025-10-14 20:43:24,2025-10-14 20:43:30,55
283,Amazon,Positive,This Revlon brush is really that work! Ladies go cop your shits rn on Amazon! You’ll never need to go pay for a blow out ever again!,2025-10-14 20:43:24,2025-10-14 20:43:30,132
283,Amazon,Positive,This Revlon brush is really this work! Ladies go cop your shits rn on Amazon! You'll never need to go pay for a blow out ever again!,2025-10-14 20:43:24,2025-10-14 20:43:30,132
283,Amazon,Positive,This Revlon brush is really what works! The rooks are going to dig their shit out on the Amazon! You never have to go pay for a blow once again!,2025-10-14 20:43:24,2025-10-14 20:43:30,144
283,Amazon,Positive,This Revlon brush is really that terrible! Well go cop your shits rn on Amazon! You’ll never need to go pay off a blow out ever again!,2025-10-14 20:43:24,2025-10-14 20:43:30,134
283,Amazon,Positive,This Revlon brush off is really that work! Little Ladies go cop taking your own shits rn on Amazon! You ’ ′ ll never need me to go pay for getting a blow out ever again!,2025-10-14 20:43:24,2025-10-14 20:43:30,169
283,Amazon,Positive,This Revlon brush is really that cheap! Ladies go cop your shits rn on Amazon! And never need to go pay for a blow brush again though!,2025-10-14 20:43:24,2025-10-14 20:43:30,134
284,Amazon,Irrelevant,Everything about this book sounds SO GOOD. .,2025-10-14 20:43:24,2025-10-14 20:43:30,45
284,Amazon,Irrelevant,Everything about this book sounds SO GOOD.,2025-10-14 20:43:24,2025-10-14 20:43:30,42
284,Amazon,Irrelevant,Everything about this book sounds SO GOOD..,2025-10-14 20:43:24,2025-10-14 20:43:30,43
284,Amazon,Irrelevant,Everything about this film sounds SO GOOD..,2025-10-14 20:43:24,2025-10-14 20:43:30,43
284,Amazon,Irrelevant,Everything about this book just sounds about SO GOOD..,2025-10-14 20:43:24,2025-10-14 20:43:30,54
284,Amazon,Irrelevant,Everything Because this book sounds SO GOOD..,2025-10-14 20:43:24,2025-10-14 20:43:30,45
285,Amazon,Negative,Once again my @amazon packages are delayed so much for prime . ‍.,2025-10-14 20:43:24,2025-10-14 20:43:30,66
285,Amazon,Negative,"Once again, my @ amazon packages are being moved to Prime for so long.",2025-10-14 20:43:24,2025-10-14 20:43:30,70
285,Amazon,Negative,Once again my @ amazon packages are being delayed so much for prime time...,2025-10-14 20:43:24,2025-10-14 20:43:30,75
285,Amazon,Negative,Once again old @amazon packages are delayed so much for prime. ‍.,2025-10-14 20:43:24,2025-10-14 20:43:30,65
285,Amazon,Negative,Once again my @amazon packages that are clearly delayed so much late for prime..,2025-10-14 20:43:24,2025-10-14 20:43:30,80
285,Amazon,Negative,Once again my travel packages are delayed very much for prime..,2025-10-14 20:43:24,2025-10-14 20:43:30,63
286,Amazon,Neutral,amazon.in/Shivaji-Great-…. Maharashtra the great . Maratha hero. All history.  Read now. Only on. Amazon https://t.co/vBKEYnR0Zz,2025-10-14 20:43:24,2025-10-14 20:43:30,128
286,Amazon,Neutral,amazon.in / Shivaji-Great-.... Maharashtra the great. Maratha hero. All history. Read now. Only on. Amazon https: / / t.co / vBKEYnR0Zz,2025-10-14 20:43:24,2025-10-14 20:43:30,135
286,Amazon,Neutral,amazon.in / Shivaji-Great-.... Maharashtra the great. Marathon hero. All history. Read now. Only on. Amazon https: / / www.co / vBKEYnR0Zz,2025-10-14 20:43:24,2025-10-14 20:43:30,138
286,Amazon,Neutral,amazon.in/Shivaji-Great-…. Maharashtra No great. Maratha hero. All history.  Read more. Click on. Amazon https://t.co/vBKEYnR0Zz],2025-10-14 20:43:24,2025-10-14 20:43:30,129
286,Amazon,Neutral,Mon amazon. in / Shivaji - The Great - …. of Maharashtra the great. Maratha War hero. All history. Will Read now. Only sign on. Amazon... https://t.co/vBKEYnR0Zz ],2025-10-14 20:43:24,2025-10-14 20:43:30,163
286,Amazon,Neutral,amazon.in/Shivaji-Great-.... Discover the legend. Maharashtra saga. All history. Read now. Only on. Amazon<unk>],2025-10-14 20:43:24,2025-10-14 20:43:30,112
287,Amazon,Neutral,Dart Against Humanity Ep. 79 (S5 E4): The New Not Normal. . Apple: itunes.apple.com/us/podcast/dar…. . Google: google.com/podcasts?feed=…. . Google Play: play.google.com/music/listen . . Spotify: open.spotify.com/show/7oyFdHIm6…. . iHeartRadio: iheart.com/podcast/256-da…. . Pandora: pandora.com/podcast/dart-a…. . *Amazon Alexa https://t.co/uCZfIRX9Ip,2025-10-14 20:43:24,2025-10-14 20:43:30,352
287,Amazon,Neutral,Dart Against Humanity Ep. 79 (S5 E4): The New Not Normal.. Apple: itunes.apple.com / us / podcast / dar..... Google: google.com / podcasts? feed =..... Google Play: play.google.com / music / listen.. Spotify: open.spotify.com / show / 7oyFdHIm6..... iHeartRadio: iheart.com / podcast / 256-da..... Pandora: pandora.com / podcast / dart-a..... * Amazon Alexa https: / / t.co / uCZfIRX9Ip,2025-10-14 20:43:24,2025-10-14 20:43:30,386
287,Amazon,Neutral,Dart Against Humanity Ep. 79 (S5 E4): The New Not Normal... Apple: itunes.apple.com / us / podcast / dar..... Google: google.com / podcasts? feed =..... Google Play: play.google.com / music / listen... Spotify: open.spotify.com / show / 7oyFdHIm6..... iHeartRadio: iheart.com / podcast / 256-da..... Pandora: pandora.com / podcast / dart-a..... * Amazon Alexa https: / / enco / uCZfIRX9Ip,2025-10-14 20:43:24,2025-10-14 20:43:30,388
287,Amazon,Neutral,Dart Action Humanity Ep. 79 (S5 : As New Not Again.. iPad: itunes.apple.com/us/podcast/dar…. j Google: google.com/podcasts?feed=…... Google Play: play.google.com/music/listen.. Spotify: open.spotify.com/show/7oyFdHIm6….? iHeartRadio: audible.com/podcast/256-da….. Pandora: pandora.com/podcast/dart-a….. [/ Alexa https://t.co/uCZfIRX9Ip],2025-10-14 20:43:24,2025-10-14 20:43:30,336
287,Amazon,Neutral,by Dart Against Humanity 2 Ep. 79 ( 9 S5 E4 ) : The New New Not to Normal.. Apple : itunes. apple. com / us / podcast / 254 dar ….. Google : google. com / podcasts? feed = ….. o Google Play : play. google. com / music / listen.. Spotify : open. o spotify. com / show / 7oyFdHIm6 ….. A iHeartRadio : iheart. com / podcast / 256 - da ….. Pandora :... pandora. com / podcast / dart - a ….. * Amazon Alexa https://t.co/uCZfIRX9Ip ],2025-10-14 20:43:24,2025-10-14 20:43:30,427
287,Amazon,Neutral,Card Against Humanity Ep. 1: (S5 v): The New Not Only.. Play: http.apple.com/us/podcast/dar..... Google: google.com/podcasts?feed=..... Google Play: play.google.com/music/listen.. Open: open.spotify.com/show/7oyFdHIm6..... iHeartRadio: iheart.com/podcast/256-da..... Pandora: play.com/podcast/dart-a..... The Card https://t.co/uCZfIRX9Ip],2025-10-14 20:43:24,2025-10-14 20:43:30,338
288,Amazon,Neutral,". It's great to have with Amazon fun and chance to win ₹50,000*, and you could also win by participating in Amazon daily Quiz 8am-12 pm pic.twitter.com/QxjIHkv8ke",2025-10-14 20:43:24,2025-10-14 20:43:30,163
288,Amazon,Neutral,"It's great to have fun with Amazon and have the chance to win €50,000 *, and you could also win by taking part in the daily Amazon quiz from 8am to 12pm pic.twitter.com / QxjIHkv8ke",2025-10-14 20:43:24,2025-10-14 20:43:30,181
288,Amazon,Neutral,"It's great to have fun with Amazon and the chance to win $50,000 * and you can also win by taking part in Amazon's daily quiz from 8am to 12pm pic.facebook.com / QIHkv8ke",2025-10-14 20:43:24,2025-10-14 20:43:30,170
288,Amazon,Neutral,". It's great to have with Amazon fun and chance to win ₹50,000*, and you could also win by participating in Amazon daily Quiz 8am-12 pm pic.twitter.com/QxjIHkv8ke",2025-10-14 20:43:24,2025-10-14 20:43:30,163
288,Amazon,Neutral,"2010  . It's great to have with Amazon fun and chance to win ₹50,000*, and you could also win by participating in Amazon daily Quiz 8am-12 pm pic.twitter.com/QxjIHkv8ke",2025-10-14 20:43:24,2025-10-14 20:43:30,168
288,Amazon,Neutral,our,2025-10-14 20:43:24,2025-10-14 20:43:30,3
289,Amazon,Neutral,Not even gonna show the 7-2 loss ffs,2025-10-14 20:43:24,2025-10-14 20:43:30,36
289,Amazon,Neutral,Not even the 7-2 defeat.,2025-10-14 20:43:24,2025-10-14 20:43:30,24
289,Amazon,Neutral,I'm not even going to show a 7-2 loss.,2025-10-14 20:43:24,2025-10-14 20:43:30,38
289,Amazon,Neutral,Not even gonna change the 7-2 loss ffs,2025-10-14 20:43:24,2025-10-14 20:43:30,38
289,Amazon,Neutral,Not even gonna play show in the 7 - 2 loss ffs,2025-10-14 20:43:24,2025-10-14 20:43:30,46
289,Amazon,Neutral,Not even gonna show her 7-2 loss ffs,2025-10-14 20:43:24,2025-10-14 20:43:30,36
290,Amazon,Irrelevant,"Bolsonaro is as evil, racist, and incompetent a leader as Donald Trump. He's selfish, ignorant, and racist. Apart from destroying the beautiful Amazon forest ecosystem, he despises the Afro-Brazilians! facebook.com/12326927434830…",2025-10-14 20:43:24,2025-10-14 20:43:30,230
290,Amazon,Irrelevant,"Bolsonaro is as evil, racist and incompetent a leader as Donald Trump. He is selfish, ignorant and racist. Apart from destroying the beautiful ecosystem of the Amazon, he despises Afro-Brazilians! facebook.com / 12326927434830...",2025-10-14 20:43:24,2025-10-14 20:43:30,229
290,Amazon,Irrelevant,"Bolsonaro is as evil, racist, and incompetent a leader as Donald Trump - selfish, ignorant, and racist.",2025-10-14 20:43:24,2025-10-14 20:43:30,103
290,Amazon,Irrelevant,"Bolsonaro is same evil, racist, and incompetent a President as Donald Trump. Its selfish, ignorant, and racist. Apart from destroying the fragile Amazon<unk> ecosystem, he despises the Afro-Brazilians! facebook.com/12326927434830…",2025-10-14 20:43:24,2025-10-14 20:43:30,230
290,Amazon,Irrelevant,"Bolsonaro Vargas is as evil, racist, and incompetent a leader as Donald Trump. 7 He'b s very selfish, bloody ignorant, racist and racist. Apart... from destroying the beautiful tropical Amazon forest ecosystem, he truly despises the other Afro - Brazilians! facebook. com / 12326927434830 …",2025-10-14 20:43:24,2025-10-14 20:43:30,290
290,Amazon,Irrelevant,"Bolsonaro is as insane, racist, as incompetent a leader as Donald Brown. He's selfish, immoral, wholly illegal. Then by destroying the beautiful Amazon forest ecosystem, he despises the Afro-Brazilians! facebook.com/12326927434830...",2025-10-14 20:43:24,2025-10-14 20:43:30,233
291,Amazon,Neutral,• A powerful and insightful portrait of a uniquely American landscape. “Storyteller Saha gets it just right.” – Amazon. “Every story was a jewel.” – Goodreads,2025-10-14 20:43:24,2025-10-14 20:43:30,160
291,Amazon,Neutral,"• A powerful and enlightening portrait of a uniquely American landscape. \"The storyteller Saha did exactly the right thing.\" - Amazon. \"Every story was a jewel.\" - Goodreads",2025-10-14 20:43:24,2025-10-14 20:43:30,173
291,Amazon,Neutral,"• A powerful and insightful portrait of a unique American landscape. \"The Storyteller\" - Amazon. \"Every story was a jewel.\" - Goodreads",2025-10-14 20:43:24,2025-10-14 20:43:30,135
291,Amazon,Neutral,• A sharp and insightful portrait of a uniquely American landscape. “Storyteller<unk> gets it just right.” -- Amazon. This story was a jewel.” – Goodreads,2025-10-14 20:43:24,2025-10-14 20:43:30,154
291,Amazon,Neutral,2 • « A powerful and insightful portrait of a uniquely American landscape. And “ Storyteller Saha gets it just the right. ” Our – Amazon. “ ″ Every story was never a jewel. ” and – Goodreads,2025-10-14 20:43:24,2025-10-14 20:43:30,190
291,Amazon,Neutral,• A powerful and insightful portrait of a rich English culture. “Storyteller<unk> wrote it just so.” – Amazon. “Every story was a jewel.” – Goodreads,2025-10-14 20:43:24,2025-10-14 20:43:30,149
292,Amazon,Negative,"Finally got the flour I like for bread. 4 stores -no yeast anywhere. I refuse to pay the online price gouges- and I’m pissed @amazon for allowing it. I’ve been a Ptome member for years, but I think I’m done.",2025-10-14 20:43:24,2025-10-14 20:43:30,207
292,Amazon,Negative,"Finally I got the flour I like for bread. 4 shops - no yeast anywhere. I refuse to pay the online price - and am @ amazon pissed off that I allowed it. I have been a Ptome member for years, but I think I am done.",2025-10-14 20:43:24,2025-10-14 20:43:30,212
292,Amazon,Negative,"I finally got the flour I love for bread. 4 stores are nowhere. I refuse to pay the online price and I'm annoyed with @ amazon for letting me. I've been a member of PwC for years, but I think I'm fine.",2025-10-14 20:43:24,2025-10-14 20:43:30,201
292,Amazon,Negative,"Finally got the flour I like for 4. 4 Euro -no profit here. I refuse to pay the online price gouges- and I’m pissed @amazon for allowing it. I’ve been a free member for years, again I think I’m done.",2025-10-14 20:43:24,2025-10-14 20:43:30,199
292,Amazon,Negative,"20 Finally got the flour I like for bread. 4 Plus stores - like no yeast anywhere. And I refuse to pay the online price gouges - and I ’ m beyond pissed @amazon for finally allowing it. I would ’ ve been a strict Ptome member for years, but again I honestly think I ’ m done.",2025-10-14 20:43:24,2025-10-14 20:43:30,275
292,Amazon,Negative,"<unk> got the flour I like for bread. 4 ingredients -no yeast anywhere. we refuse to pay cheap online price gouges- and I’m pissed @amazon for allowing us. I’ve been a Ptome member 8 years, finally finally think its done.",2025-10-14 20:43:24,2025-10-14 20:43:30,221
293,Amazon,Positive,I saw this on that James May show on Amazon Prime. Looked amazing,2025-10-14 20:43:24,2025-10-14 20:43:30,67
293,Amazon,Positive,I saw that on that James May show on Amazon Prime.,2025-10-14 20:43:24,2025-10-14 20:43:30,50
293,Amazon,Positive,I saw it on that James May show on Amazon Prime.,2025-10-14 20:43:24,2025-10-14 20:43:30,48
293,Amazon,Positive,I saw that on that James May show on Amazon Prime. Looked amazing,2025-10-14 20:43:24,2025-10-14 20:43:30,65
293,Amazon,Positive,I saw this on that James Earl May show on Amazon Pro Prime. She Looked amazing,2025-10-14 20:43:24,2025-10-14 20:43:30,78
293,Amazon,Positive,I saw this on that James Gunn poster on Amazon Prime. Looked amazing,2025-10-14 20:43:24,2025-10-14 20:43:30,68
294,Amazon,Negative,@goodreads is such a pain to use. Can you fix it @amazon 🥺🥺,2025-10-14 20:43:24,2025-10-14 20:43:30,59
294,Amazon,Negative,@ goodreads is so painful to use. Can you fix it @ amazon?,2025-10-14 20:43:24,2025-10-14 20:43:30,58
294,Amazon,Negative,@ goodreads is such a pain to use. Can you fix it @ amazon,2025-10-14 20:43:24,2025-10-14 20:43:30,58
294,Amazon,Negative,@goodreads is quite a pain to use. Can you fix it<unk> 🥺🥺,2025-10-14 20:43:24,2025-10-14 20:43:30,57
294,Amazon,Negative,@goodreads is causing such such a pain to only use. Then Can you fix it @amazon [UNK],2025-10-14 20:43:24,2025-10-14 20:43:30,85
294,Amazon,Negative,@goodreads is such an pain to use. Can you Need A @amazon <unk>,2025-10-14 20:43:24,2025-10-14 20:43:30,63
295,Amazon,Irrelevant,"Virus heads upriver in Brazil Amazon, sickens native people ctvnews.ca/health/coronav… https://t.co/FALrVw2aa4",2025-10-14 20:43:24,2025-10-14 20:43:30,110
295,Amazon,Irrelevant,"Virus rises upstream in Brazil Amazon, sick aboriginal ctvnews.ca / health / coronav... https: / / t.co / FALrVw2aa4",2025-10-14 20:43:24,2025-10-14 20:43:30,116
295,Amazon,Irrelevant,http: / / www.vnews.ca / health / coronav... https: / / www.co / FALrVw2aa4,2025-10-14 20:43:24,2025-10-14 20:43:30,75
295,Amazon,Irrelevant,"Virus heads south to Brazil Amazon, sickens native people ctvnews.ca/health/coronav… https://t.co/FALrVw2aa4]",2025-10-14 20:43:24,2025-10-14 20:43:30,109
295,Amazon,Irrelevant,"Virus heads upriver in Brazil via Amazon, which sickens those native native people ctvnews. ca / health / medical coronav … via https://t.co/FALrVw2aa4 ]",2025-10-14 20:43:24,2025-10-14 20:43:30,153
295,Amazon,Irrelevant,"He heads upriver in Brazil Amazon, sickens poor country at.ca/health/coronav... https://t.co/FALrVw2aa4]",2025-10-14 20:43:24,2025-10-14 20:43:30,104
296,Amazon,Negative,Doesn’t surprise me one bit. Greedy fucks,2025-10-14 20:43:24,2025-10-14 20:43:30,41
296,Amazon,Negative,Don't surprise me one bit.,2025-10-14 20:43:24,2025-10-14 20:43:30,26
296,Amazon,Negative,Greedy fucks,2025-10-14 20:43:24,2025-10-14 20:43:30,12
296,Amazon,Negative,Doesn’t surprise me one lick. Greedy fucks,2025-10-14 20:43:24,2025-10-14 20:43:30,42
296,Amazon,Negative,Doesn ’ t surprise little me one bit. Greedy sex fucks,2025-10-14 20:43:24,2025-10-14 20:43:30,54
296,Amazon,Negative,Doesn’t interest me a bit. Greedy fucks,2025-10-14 20:43:24,2025-10-14 20:43:30,39
297,Amazon,Neutral,"The Best Amazon Review For  . . protect your device with the best glass screen protector,  . Glad to find this screen protector!!. . .  SHOP NOW > WHITESTONEDOME.COM. .",2025-10-14 20:43:24,2025-10-14 20:43:30,170
297,Amazon,Neutral,The Best Amazon Review For.. protect your device with the best glass screen protector. Glad to find this screen protector!!... SHOP NOW > WHITESTONEDOME.COM.,2025-10-14 20:43:24,2025-10-14 20:43:30,157
297,Amazon,Neutral,"Best Amazon Review For... protect your device with the best glass screen protector,. D to find this screen protector!!... SHOP NOW > WHITESTONEDOME.COM..",2025-10-14 20:43:24,2025-10-14 20:43:30,153
297,Amazon,Neutral,"The Best Amazon Review For .. protect your device with my best glass screen protector, . Glad to find this screen reader.!.  SHOP ON > WHITESTONEDOME.COM..",2025-10-14 20:43:24,2025-10-14 20:43:30,155
297,Amazon,Neutral,"is The Best Amazon Review Guide For.. protect the your personal device with the best glass screen protector,. Glad again to help find this screen protector!!... NO SHOP and NOW > WHITESTONEDOME. info COM..",2025-10-14 20:43:24,2025-10-14 20:43:30,205
297,Amazon,Neutral,"from Best Amazon Review to.. protect the device with the best glass screen protector,. Glad I find this window adapter... SHOP NOW > FREE.COM..",2025-10-14 20:43:24,2025-10-14 20:43:30,143
298,Amazon,Neutral,Best fantasy book I've read in ages. The narrative here is truly powerful. Seldom do I get an inspirational feeling after reading and this did the trick. - Amazon Review,2025-10-14 20:43:24,2025-10-14 20:43:30,171
298,Amazon,Neutral,"Best fantasy book I've read in ages. The story here is really powerful. I rarely get an inspiring feeling after reading it, and it worked. - Amazon Review",2025-10-14 20:43:24,2025-10-14 20:43:30,154
298,Amazon,Neutral,"The best fantasy book I've read in ages. The narrative here is really powerful. Rarely do I get a rational feeling after reading it, and it worked. - Amazon Review",2025-10-14 20:43:24,2025-10-14 20:43:30,163
298,Amazon,Neutral,Best fantasy book I've read in ages. The narrative here is truly powerful. Seldom shall I lose an inspirational feeling after reading and this did the trick. - Amazon Author,2025-10-14 20:43:24,2025-10-14 20:43:30,173
298,Amazon,Neutral,1 Best fantasy book I've read in ages. The narrative process here is truly powerful. A Seldom rarely do I get in an intense inspirational feeling after reading them and this did the trick. - Amazon Review,2025-10-14 20:43:24,2025-10-14 20:43:30,204
298,Amazon,Neutral,Best review book I've read in ages. Her narrative here seemed actually powerful. Seldom do I get an inspirational feeling after reading and this did the trick. - Amazon 5,2025-10-14 20:43:24,2025-10-14 20:43:30,170
300,Amazon,Negative,"I like the idea behind this and whah it stands for, but don’t see this working",2025-10-14 20:43:24,2025-10-14 20:43:30,78
300,Amazon,Negative,"I like the idea behind it and what it stands for, but I don't see it working",2025-10-14 20:43:24,2025-10-14 20:43:30,76
300,Amazon,Negative,"I like the idea behind this and whah it stands for, but don't see this working",2025-10-14 20:43:24,2025-10-14 20:43:30,78
300,Amazon,Negative,"I like the idea behind this and whah that<unk> for, but don’t see this working",2025-10-14 20:43:24,2025-10-14 20:43:30,78
300,Amazon,Negative,"That I like the familiar idea behind saying this and look whah it stands for, but don ’ t see this working",2025-10-14 20:43:24,2025-10-14 20:43:30,106
300,Amazon,Negative,"I like that idea behind this and all it stands for, but don’t see that working",2025-10-14 20:43:24,2025-10-14 20:43:30,78
301,Amazon,Positive,I Can’t Wait For My Amazon Shipment .,2025-10-14 20:43:24,2025-10-14 20:43:30,38
301,Amazon,Positive,I can't wait for my Amazon delivery.,2025-10-14 20:43:24,2025-10-14 20:43:30,36
301,Amazon,Positive,I Can't Wait for My Amazon Shipping.,2025-10-14 20:43:24,2025-10-14 20:43:30,36
301,Amazon,Positive,I Can’t Wait Inside My Amazon Shipment.,2025-10-14 20:43:24,2025-10-14 20:43:30,39
301,Amazon,Positive,Perhaps I Can ’ t Wait For Ever My Amazon Shipment.,2025-10-14 20:43:25,2025-10-14 20:43:30,51
301,Amazon,Positive,I Should Wait For My Amazon Shipment.,2025-10-14 20:43:25,2025-10-14 20:43:30,37
302,Amazon,Positive,"LOVE!!United StatesWe hope to help, thank you. . /bitcoin 1896UwURka9J4MCbSdwfMc1pynArfWYXUf   . /amazon.com Wish List amazon.com/gp/registry/wi…",2025-10-14 20:43:25,2025-10-14 20:43:30,145
302,Amazon,Positive,LOVE!! United StatesWe hope to help thank you.. / bitcoin 1896UwURka9J4MCbSdwfMc1pynArfWYXUf. / amazon.com Wish List amazon.com / gp / registry / wi...,2025-10-14 20:43:25,2025-10-14 20:43:30,151
302,Amazon,Positive,"LOVE!! United States We hope to help, thank you.... / bitcoin 1896UwUR9J4MCbSdwfMc1pynArfWYXUf. / amazon.com Wish List amazon.com / gp / registry / wi...",2025-10-14 20:43:25,2025-10-14 20:43:30,153
302,Amazon,Positive,"LOVE!!United StatesWe determined to succeed, thank google. com /bitcoin 1896UwURka9J4MCbSdwfMc1pynArfWYXUf  <unk> /amazon.com Wish List ed.com/gp/registry/wi…",2025-10-14 20:43:25,2025-10-14 20:43:30,158
302,Amazon,Positive,"LOVE!! AND United The StatesWe hope to be help, thank only you.. / Copyright bitcoin Copyright 1896UwURka9J4MCbSdwfMc1pynArfWYXUf. / tour amazon. de com Wish List amazon. com / view gp / registry / wi …",2025-10-14 20:43:25,2025-10-14 20:43:30,202
302,Amazon,Positive,"shall James and Ye have, by ye.. /bitcoin and. /amazon.com Email me amazon.com/gp/registry/wi...",2025-10-14 20:43:25,2025-10-14 20:43:30,96
303,Amazon,Negative,"Microsoft (Amazon and IBM)bans police from using facial recognition software, but it will sell the same software (if they could) to Saudia Arabia, China, and other police states.. washingtonpost.com/technology/202…",2025-10-14 20:43:25,2025-10-14 20:43:30,214
303,Amazon,Negative,"Microsoft (Amazon and IBM) bans police from using facial recognition software, but it will sell the same software (if it could) to Saudi Arabia, China and other police states.. washingtonpost.com / technology / 202...",2025-10-14 20:43:25,2025-10-14 20:43:30,217
303,Amazon,Negative,"Microsoft (Amazon and IBM) prohibits the police from using facial recognition software, but it will sell the same software (if it can) to Saudi Arabia, China and other police states.. washingtonpost.com / technology / 202...",2025-10-14 20:43:25,2025-10-14 20:43:30,224
303,Amazon,Negative,"Microsoft Services and IBM)bans police actions using facial recognition software, but it already sell the same tech (if they could) to Saudia Arabia, China, and other police states.. washingtonpost.com/technology/202…",2025-10-14 20:43:25,2025-10-14 20:43:30,217
303,Amazon,Negative,"Microsoft ( Amazon and IBM ) also bans Muslim police from using facial recognition training software, but it will sell the same safe software ( if they could ) to Saudia Arabia, China, Syria and into other Arab police states.. washingtonpost. de com / the technology / 202 days …",2025-10-14 20:43:25,2025-10-14 20:43:30,279
303,Amazon,Negative,"Microsoft (Amazon and Microsoft)bans police from US video recognition software, but they will sell other same software (if they could) to South Arabia, China, over other police worldwide.. washingtonpost.com/technology/202...",2025-10-14 20:43:25,2025-10-14 20:43:30,225
304,Amazon,Positive,People are so wicked in this life they will know they have the Covid 19 and deliberately spread it look at the delivery guy from Amazon OMG!!,2025-10-14 20:43:25,2025-10-14 20:43:30,141
304,Amazon,Positive,"People are so evil in this life that they will know they have Covid 19 and are intentionally spreading it, look at the Amazon supplier OMG!!",2025-10-14 20:43:25,2025-10-14 20:43:30,140
304,Amazon,Positive,People are so angry in this life that they will know they have a Covid 19 and deliberately spread it to the delivery guy from Amazon OMG!!,2025-10-14 20:43:25,2025-10-14 20:43:30,138
304,Amazon,Positive,People are so wicked in this life they will know they have stolen Covid 19 and deliberately spread it around at the delivery guy from Amazon OMG!!,2025-10-14 20:43:25,2025-10-14 20:43:30,146
304,Amazon,Positive,People are so incredibly wicked sometimes in this life that they will know if they have the name Covid 19 and deliberately spread it look at the delivery guy from my Amazon OMG!!,2025-10-14 20:43:25,2025-10-14 20:43:30,178
304,Amazon,Positive,someone are so wicked in this life they proudly know they have the Covid 19 and deliberately spread a look at the delivery guy at Amazon OMG!!,2025-10-14 20:43:25,2025-10-14 20:43:30,142
305,Amazon,Positive,@PAYBACKIndia WooHoo!!! .  I have received an Amazon e-Voucher worth INR 100 as PAYBACK Rewards !!!. .,2025-10-14 20:43:25,2025-10-14 20:43:30,104
305,Amazon,Positive,@ PAYBACKIndia WooHoo!!!. I received an Amazon e-voucher worth INR 100 as a PAYBACK reward!!!.,2025-10-14 20:43:25,2025-10-14 20:43:30,94
305,Amazon,Positive,@ PAYBACKIndia WooHoo!!!. I have received an Amazon e-Voucher worth INR 100 as PAYBACK Rewards!!!.,2025-10-14 20:43:25,2025-10-14 20:43:30,98
305,Amazon,Positive,@PAYBACKIndia WooHoo!!!. <unk> have awarded an Amazon e-Voucher worth INR 100 as Digital Rewards!!!..,2025-10-14 20:43:25,2025-10-14 20:43:30,101
305,Amazon,Positive,And @PAYBACKIndia WooHoo!!!. 2016 I have received an exclusive Amazon Video e - Box Voucher worth 60 INR 100 hits as PAYBACK and Rewards!!!..,2025-10-14 20:43:25,2025-10-14 20:43:30,141
305,Amazon,Positive,@PAYBACKIndia $50. It also received an Amazon e-Voucher offering INR $500 as PAYBACK Rewards!!!..,2025-10-14 20:43:25,2025-10-14 20:43:30,97
306,Amazon,Neutral,Indiana has become a very attractive option for companies who are looking globally for a site to locate their business.,2025-10-14 20:43:25,2025-10-14 20:43:30,119
306,Amazon,Neutral,Indiana has become a very attractive option for companies looking to locate their business around the world.,2025-10-14 20:43:25,2025-10-14 20:43:30,108
306,Amazon,Neutral,Indiana has become a very attractive option for companies looking around the world for a site to host their business.,2025-10-14 20:43:25,2025-10-14 20:43:30,117
306,Amazon,Neutral,Indiana has become a very convenient option for companies to are looking globally for a site to locate their business.,2025-10-14 20:43:25,2025-10-14 20:43:30,118
306,Amazon,Neutral,Indiana has become a potentially very attractive job option for companies who are looking globally for a site somewhere to further locate their business.,2025-10-14 20:43:25,2025-10-14 20:43:30,153
306,Amazon,Neutral,Indiana has provided two very compelling option for companies who are looking globally for a site to locate their business.,2025-10-14 20:43:25,2025-10-14 20:43:30,123
307,Amazon,Negative,Hey @Bezos @Amazon @Instacart what the actual fuck is wrong with you? Why the fuck are you NOT protecting your workers & your customers? GIVE THEM PROTECTIVE GEAR NOW. JFC. We are in the midst of a highly contagious pandemic you greedy fuck wads.,2025-10-14 20:43:25,2025-10-14 20:43:30,246
307,Amazon,Negative,"Hi @ Bezos @ Amazon @ Instacart, what is wrong with you? Why the hell are you NOT protecting your workers and your customers? Give them protection now. JFC We are in the midst of a highly contagious pandemic that you fuck greedily.",2025-10-14 20:43:25,2025-10-14 20:43:30,231
307,Amazon,Negative,Hey @ Bezos @ Amazon @ Instacart what the actual fuck is wrong with you? Why the fuck are you NOT protecting your workers & your customers? GIVE THEM PROTECTIVE GEAR NOW. JFC. We are in the middle of a highly contagious pandemic you greedy fuck wads.,2025-10-14 20:43:25,2025-10-14 20:43:30,250
307,Amazon,Negative,Hey @Bezos @Amazon @Instacart what the actual fuck is wrong with here? Why the fuck are you only protecting your workers my loyal customers? GIVE THEM PROTECTIVE GEAR Ms. JFC. We are in the midst of a highly contagious pandemic you greedy fuck ens.,2025-10-14 20:43:25,2025-10-14 20:43:30,248
307,Amazon,Negative,Hey @Bezos But @Amazon Not @Instacart Say what says the actual ruthless fuck is wrong with you? Why the fuck are you hiding NOT better protecting your workers & especially your customers? GIVE THEM PROTECTIVE GEAR NOW. JFC. We are both in the midst of a particularly highly contagious pandemic you greedy fuck wads.,2025-10-14 20:43:25,2025-10-14 20:43:30,315
307,Amazon,Negative,M @Bezos @Amazon @Instacart Everything the goddamn heck is wrong with you? Why your fuck were you NOT called fuck workers & fucking customers? GIVE THEM PROTECTIVE GEAR NOW. JFC. We are in the midst of a fever contagious pandemic you greedy fuck wads.,2025-10-14 20:43:25,2025-10-14 20:43:30,251
308,Amazon,Neutral,On Sale Now: TiaoBug Newborn Baby Girl Cute Soft Hospital Beanie Hat Nursery Hat Photo Props . shopping.freeadsz.com/product/tiaobu…. Under £15 UK Shopping Deals,2025-10-14 20:43:25,2025-10-14 20:43:30,163
308,Amazon,Neutral,Now Playing: TiaoBug Newborn Baby Girl Cute Soft Hospital Beanie Hat Nursery Hat Photo Props. Shopping.freeadsz.com / product / tiaobu....,2025-10-14 20:43:25,2025-10-14 20:43:30,138
308,Amazon,Neutral,On sale now: TiaoBug Baby girl Cute Soft Hospital Beanie Nursery Photo: shoping.freead.com / product / tiaobu....,2025-10-14 20:43:25,2025-10-14 20:43:30,113
308,Amazon,Neutral,On Sale Today: TiaoBug Newborn Room Girl Cute Soft Hospital Beanie and Nursery Hat Photo Props. shop.freeadsz.com/product/tiaobu…. Under £15 UK Shopping Deals,2025-10-14 20:43:25,2025-10-14 20:43:30,158
308,Amazon,Neutral,Right On a Sale Now : TiaoBug Top Newborn Baby Happy Girl Cute Soft Hospital Post Beanie Tea Hat Nursery Hat Photo Box Props. shopping. freeadsz. com / buying product / tiaobu …. in Under £15 UK Shopping Week Deals,2025-10-14 20:43:25,2025-10-14 20:43:30,214
308,Amazon,Neutral,14 October 2009: TiaoBug Newborn Baby The Cute Soft Pink Beanie Black Nursery Bag Photo Props. shopping.freeadsz.com/product/tiaobu.... Under £15 UK Shopping Deals,2025-10-14 20:43:25,2025-10-14 20:43:30,163
309,Amazon,Neutral,"The story is definitely funny and a great read. Grab a copy of \"the super nice monster squad\" now.",2025-10-14 20:43:25,2025-10-14 20:43:30,100
309,Amazon,Neutral,"The story is definitely funny and a great read. Grab a copy of the \"super nice monster troop\" now.",2025-10-14 20:43:25,2025-10-14 20:43:30,98
309,Amazon,Neutral,"Grab a copy of the \"super good monster squad\" now.",2025-10-14 20:43:25,2025-10-14 20:43:30,50
309,Amazon,Neutral,"The story is definitely funny and a great read. Grab a copy of \"\" super nice cheer squad\" now.",2025-10-14 20:43:25,2025-10-14 20:43:30,94
309,Amazon,Neutral,"The story is definitely funny and a great read. I Grab a a fresh copy of \" the super nice monster squad \" around now.",2025-10-14 20:43:25,2025-10-14 20:43:30,117
309,Amazon,Neutral,"origin story is definitely funny and a great read. Grab a case of \"the super nice cheer squad\" now.",2025-10-14 20:43:25,2025-10-14 20:43:30,99
310,Amazon,Neutral,@Ledio44098562 Thanks for entering Grand Summoners  . . Watch the video to see if you won a $100 Amazon gift card! . Retweet every day for another chance to win!. . . Play GS Global now for a FREE . 5 One Punch Man Unit!.  https://t.co/gIYzOtgmPJ,2025-10-14 20:43:25,2025-10-14 20:43:30,246
310,Amazon,Neutral,@ Ledio44098562 Thank you for participating in Summoners.. Watch the video to see if you have won an Amazon gift card worth $100!. Retweet every day for another chance to win!.. Play GS Global now FREE. 5 One Punch Man Unit!. https: / / t.co / gIYzOtgmPJ,2025-10-14 20:43:25,2025-10-14 20:43:30,254
310,Amazon,Neutral,@ Ledio440562 Thanks for entering Grand Summoners.. Watch the video to see if you won a $100 Amazon gif card!. Retweet every day for another chance to win!... Play GS Global now for a FREE. 5 One Punch Man Unit!.,2025-10-14 20:43:25,2025-10-14 20:43:30,212
310,Amazon,Neutral,@Ledio44098562 Thanks for entering Grand Summoners .. Watch the video to see how you won a new Amazon gift card!. Retweet every day for another chance to win!.. and Play GS Global now for ten FREE. 500 One Punch Man Unit!.  https://t.co/gIYzOtgmPJ],2025-10-14 20:43:25,2025-10-14 20:43:30,248
310,Amazon,Neutral,@Ledio44098562 Thanks for entering into Grand Shrine Summoners.. Watch the video to and see if you still won a $ 100 Amazon gift card!. Retweet every day for winning another chance to win!... Play GS Team Global Team now for a FREE. 5 PM One Punch Man Walking Unit!. Official https://t.co/gIYzOtgmPJ ],2025-10-14 20:43:25,2025-10-14 20:43:30,301
310,Amazon,Neutral,@Ledio44098562 Thanks for entering Grand War.. Watch our video just read where you won a special Amazon gift now!. Retweet every day for another chance for win!... Play GS Global Combat for a FREE. 5 One Punch Man Unit!. 24],2025-10-14 20:43:25,2025-10-14 20:43:30,224
311,Amazon,Negative,Forgot I need some stuff meh. Running some errands while waiting for Amazon delivery ... I hate it,2025-10-14 20:43:25,2025-10-14 20:43:30,98
311,Amazon,Negative,I forgot that I need some stuff meh. Doing some errands while waiting for Amazon delivery... I hate it,2025-10-14 20:43:25,2025-10-14 20:43:30,102
311,Amazon,Negative,Forgot that I need some meh stuff. Doing some errands while waiting for an Amazon delivery... I hate it,2025-10-14 20:43:25,2025-10-14 20:43:30,103
311,Amazon,Negative,Forgot I broke some stuff meh. Running some errands while waiting for Amazon delivery :: I hate it,2025-10-14 20:43:25,2025-10-14 20:43:30,98
311,Amazon,Negative,Forgot I need some stuff meh. Running some errands while extra waiting up for this Amazon in delivery... shit I hate it,2025-10-14 20:43:25,2025-10-14 20:43:30,119
311,Amazon,Negative,Forgot I need some stuff meh. Running some errands while waited for Amazon delivery... just hate myself,2025-10-14 20:43:25,2025-10-14 20:43:30,103
312,Amazon,Neutral,.  It's Snow Much Fun! Enter to win a $20 Amazon gift card from @candidcover! (INT) candidcover.net/amazon-giveawa…,2025-10-14 20:43:25,2025-10-14 20:43:30,115
312,Amazon,Neutral,It's great fun! Take part and win an Amazon voucher worth $20 from @ candidcover! (INT) candidcover.net / amazon-giveawa...,2025-10-14 20:43:25,2025-10-14 20:43:30,123
312,Amazon,Neutral,. It's Snow Much Fun! Enter to win a $20 Amazon gift card from @ candidcover! (INT) candidcover.net / amazon-giveawa...,2025-10-14 20:43:25,2025-10-14 20:43:30,119
312,Amazon,Neutral,.  It's the Much ing! Enter to win a $20 Amazon gift card from @candidcover! (INT) giveaway.net/amazon-giveawa…,2025-10-14 20:43:25,2025-10-14 20:43:30,111
312,Amazon,Neutral,. It'r s Snow Much My Fun! Enter me to finally win a $ 20 in Amazon store gift card read from @candidcover! ( INT ) at candidcover. net / amazon - giveawa …,2025-10-14 20:43:25,2025-10-14 20:43:30,156
312,Amazon,Neutral,. It's For Christmas Fun! Enter or win a $20 Amazon advance back from Canada! (INT) candidcover.net/amazon-giveawa...,2025-10-14 20:43:25,2025-10-14 20:43:30,117
313,Amazon,Negative,this is outrageous!  Amazon is suing the govt. for $10 BILLION????  WTF?!!!,2025-10-14 20:43:25,2025-10-14 20:43:30,75
313,Amazon,Negative,That's outrageous! Amazon sues the government for $10 billion??? WTF?!!!,2025-10-14 20:43:25,2025-10-14 20:43:30,72
313,Amazon,Negative,This is outrageous! Amazon is suing Govt. for $10 billion??? WTF?!!!,2025-10-14 20:43:25,2025-10-14 20:43:30,68
313,Amazon,Negative,this seems outrageous!  Amazon is billing the govt. for $10 BILLION????  WTF?!!!,2025-10-14 20:43:25,2025-10-14 20:43:30,80
313,Amazon,Negative,All this action is all outrageous!... Amazon is actually suing the govt. for $ 10 A BILLION???? WTF?!!!,2025-10-14 20:43:25,2025-10-14 20:43:30,103
313,Amazon,Negative,this is it! Amazon is suing your govt. for $10 BILLION????<unk>?!!!,2025-10-14 20:43:25,2025-10-14 20:43:30,67
314,Amazon,Negative,Please explain how this is possible! How can they let companies overcharge for this? It’s a scam! @amazon shame on you! pic.twitter.com/MQB7BUPthx,2025-10-14 20:43:25,2025-10-14 20:43:30,146
314,Amazon,Negative,How can they allow companies to charge too much for this? It's a scam! @ amazon is ashamed of you! pic.twitter.com / MQB7BUPthx,2025-10-14 20:43:25,2025-10-14 20:43:30,127
314,Amazon,Negative,Please explain how this is possible! How can they allow companies to overpay for it? It's a scam! @ amazon shame on you! pic.wikipedia.org / MQB7BUPthx,2025-10-14 20:43:25,2025-10-14 20:43:30,151
314,Amazon,Negative,Please explain how this is possible! How can they let companies overcharge for this? It’s a scam! RhandlerR shame on you! pic.twitter.com/MQB7BUPthx,2025-10-14 20:43:25,2025-10-14 20:43:30,148
314,Amazon,Negative,Source Please explain how this is possible! How can they let companies overcharge for this? It’s a scam! RhandlerR shame on you! pic.twitter.com/MQB7BUPthx,2025-10-14 20:43:25,2025-10-14 20:43:30,155
314,Amazon,Negative,from,2025-10-14 20:43:25,2025-10-14 20:43:30,4
315,Amazon,Negative,"Amazon is holding over 4.2M dollars, suffocating our business: sellercentral.amazon.com/forums/t/amazo… ( news.ycombinator.com/item?id=230086… )",2025-10-14 20:43:25,2025-10-14 20:43:30,144
315,Amazon,Negative,Amazon holds over $4.2 million and is choking our business: sellercentral.amazon.com / forums / t / amazo... (news.ycombinator.com / item? id = 230086...),2025-10-14 20:43:25,2025-10-14 20:43:30,154
315,Amazon,Negative,"Amazon is holding more than $4.2 million, stifling our business: sellercentral.amazon.com / forums / t / amazo... (news.ycombin.com / item? id = 230086...)",2025-10-14 20:43:25,2025-10-14 20:43:30,155
315,Amazon,Negative,"Amazon is making over 4.2M dollars, suffocating small business: business.amazon.com/forums/t/amazo… (& news.ycombinator.com/item?id=230086… )",2025-10-14 20:43:25,2025-10-14 20:43:30,141
315,Amazon,Negative,"Amazon Brazil is holding back over 4. 2 2M USD dollars, suffocating our business : sellercentral. t amazon. a com / forums / t / amazo … ( external news. net ycombinator. la com / item? ID id = 230086 … )",2025-10-14 20:43:25,2025-10-14 20:43:30,204
315,Amazon,Negative,"Amazon totally taking back the.2M students, suffocating all creativity: Read.amazon.com/forums/t/amazo... ( on.ycombinator.com/item?id=230086... )",2025-10-14 20:43:25,2025-10-14 20:43:30,146
316,Amazon,Neutral,Amazon stops accepting new online grocery customers as it cuts hours at Whole Foods stores dailymail.co.uk/news/article-8… https://t.co/jn7OMaLq3n,2025-10-14 20:43:25,2025-10-14 20:43:30,146
316,Amazon,Neutral,Amazon is no longer accepting new online grocery customers as it cuts hours in Whole Foods stores every day.,2025-10-14 20:43:25,2025-10-14 20:43:30,108
316,Amazon,Neutral,Amazon is stopping accepting new online grocery shoppers as it cuts the opening hours of Whole Foods damail.co.uk / news / article-8...,2025-10-14 20:43:25,2025-10-14 20:43:30,135
316,Amazon,Neutral,Amazon allegedly targeting new online grocery customers as it cuts hours at Whole Foods stores dailymail.co.uk/news/article-8… 12],2025-10-14 20:43:25,2025-10-14 20:43:30,130
316,Amazon,Neutral,Amazon Group stops being accepting new national online grocery grocery customers only as it cuts hours at Whole Foods stores dailymail. h co. uk / news / article - 8 … https://t.co/jn7OMaLq3n ],2025-10-14 20:43:25,2025-10-14 20:43:30,193
316,Amazon,Neutral,Amazon is accepting new online grocery lists as it cuts hours at Whole House [ in.co.uk/news/article-8... https://t.co/jn7OMaLq3n],2025-10-14 20:43:25,2025-10-14 20:43:30,130
317,Amazon,Neutral,@Edhernandezwin7 Thanks for entering Grand Summoners  . . Watch the video to see if you won a $100 Amazon gift card! . Retweet everyday for another chance to win!. . . Play GS Global now for a FREE . 5 Golden Kamuy Unit!.  https://t.co/XruOGwv5af,2025-10-14 20:43:25,2025-10-14 20:43:30,246
317,Amazon,Neutral,@ Edhernandezw7 Thank you for participating in Grand Summoners.. Watch the video to see if you have won an Amazon gift card worth $100!. Retweet every day for another chance to win!.. Play GS Global now FREE. 5 Golden Kamuy Unit!. https: / / t.co / XruOGwv5af,2025-10-14 20:43:25,2025-10-14 20:43:30,259
317,Amazon,Neutral,@ Edhernande7 Thanks for entering Grand Summoners.. Watch the video to see if you won a $100 Amazon gift card!. Retweet every day for another chance to win!... Play GS Global now for a FREE. 5 Golden Kamuy Unit!.,2025-10-14 20:43:25,2025-10-14 20:43:30,212
317,Amazon,Neutral,@Edhernandezwin7 Thanks for entering Grand Summoners .. Click our video to see if you won a $100 Amazon gift card!. Click everyday for better chance you win!... Play GS Global now for a FREE. 5 Golden Kamuy Unit!.  https://t.co/XruOGwv5af],2025-10-14 20:43:25,2025-10-14 20:43:30,239
317,Amazon,Neutral,By @Edhernandezwin7 Thanks for constantly entering Grand Summoners.. Watch the following video to go see if you finally won... a $ 100 Amazon Games gift card!. Retweet everyday for another chance to win!... And Play GS Global Magic now for a FREE. 5 Golden Kamuy Magic Unit!. https://t.co/XruOGwv5af ],2025-10-14 20:43:25,2025-10-14 20:43:30,301
317,Amazon,Neutral,R<unk> on entering Grand Summoners.. Watch YouTube video to judge if you deserve a FREE Amazon gift card!. Retweet text for another chance to win!... Play GS Global Challenge for a FREE. 5 Golden Square Unit!. https://t.co/XruOGwv5af],2025-10-14 20:43:25,2025-10-14 20:43:30,234
318,Amazon,Neutral,Amazon Echo Studio review: Gorgeous Bass Meets 3D Sound stateofpress.com/2020/07/06/ama…,2025-10-14 20:43:25,2025-10-14 20:43:30,88
318,Amazon,Neutral,Amazon Echo Studio review: Gorgeous bass meets 3D sound stateofpress.com / 2020 / 07 / 06 / ama...,2025-10-14 20:43:25,2025-10-14 20:43:30,98
318,Amazon,Neutral,Amazon Echo Studio review: Gorgeous Bass Meets 3D Sound stateofpress.com / 2020 / 07 / 06 / ama...,2025-10-14 20:43:25,2025-10-14 20:43:30,98
318,Amazon,Neutral,Amazon Echo Studio review: Jab Dot Meets 3D Sound stateofpress.com/2020/07/06/ama…,2025-10-14 20:43:25,2025-10-14 20:43:30,82
318,Amazon,Neutral,Amazon and Echo Studio review : Gorgeous Bass... Meets 3D Sound Official stateofpress. com / Fall 2020 / 2017 07 / 06 / ama …,2025-10-14 20:43:25,2025-10-14 20:43:30,125
318,Amazon,Neutral,Amazon Echo Studio review: Young Girl Meets 3D Camera View.com/2020/07/06/ama...,2025-10-14 20:43:25,2025-10-14 20:43:30,80
319,Amazon,Irrelevant,AWESOME !!  BONECAKES...with strawberries and original maple syrup please !!!. .  .  . . @BunnieKat1962 @OctoberBones @searcher9090 @Homenutt_1 @SkellyIce  @DeathsLastLaugh @CryptMidwest @RJCrowtherJr @1carolinagirl @Figster017 @lesliea10115 @Vampire4me @MadmMonstrosity,2025-10-14 20:43:25,2025-10-14 20:43:30,270
319,Amazon,Irrelevant,Amazing!! BONECAKES... please with strawberries and original maple syrup!!!..... @ BunnieKat1962 @ OctoberBones @ searcher9090 @ Homenutt _ 1 @ SkellyIce @ DeathsLastLaugh @ CryptMidwest @ RJCrowtherJr @ 1carolinagirl @ Figster017 @ lesliea10115 @ Vampire4me @ MadmMonstrosity,2025-10-14 20:43:25,2025-10-14 20:43:30,276
319,Amazon,Irrelevant,AWESOME!! BONECAKES... with strawberries and original maple syplease!!!......................................................................................................................................................,2025-10-14 20:43:25,2025-10-14 20:43:30,221
319,Amazon,Irrelevant,AWESOME!!  BONECAKES...with strawberries and original maple gravy please!!!.. . .. a... @BunnieKat1962 @OctoberBones @searcher9090  :: @Homenutt_1 A @SkellyIce @DeathsLastLaugh @CryptMidwest @RJCrowtherJr<unk>,2025-10-14 20:43:25,2025-10-14 20:43:30,209
319,Amazon,Irrelevant,AND AWESOME!! BONECAKES... filled with edible strawberries and an original chocolate maple mint syrup please!!!..... @BunnieKat1962 @OctoberBones @searcher9090 @Homenutt_1 @SkellyIce H @DeathsLastLaugh E @CryptMidwest @RJCrowtherJr @1carolinagirl K @Figster017 @lesliea10115 @Vampire4me W @MadmMonstrosity,2025-10-14 20:43:25,2025-10-14 20:43:30,305
319,Amazon,Irrelevant,AWESOME!! BONECAKES...with special or real maple syrup in!!!.....<unk> @BunnieKat1962 Q @OctoberBones @searcher9090 E @Homenutt_1 @SkellyIce @DeathsLastLaugh N @CryptMidwest A P,2025-10-14 20:43:25,2025-10-14 20:43:30,177
320,Amazon,Neutral,Be sure to enter the AWESOME,2025-10-14 20:43:25,2025-10-14 20:43:30,30
320,Amazon,Neutral,Make sure you enter the AWESOME,2025-10-14 20:43:25,2025-10-14 20:43:30,31
320,Amazon,Neutral,Be sure to log in to AWESOME,2025-10-14 20:43:25,2025-10-14 20:43:30,28
320,Amazon,Neutral,Be enabled to enter the AWESOME,2025-10-14 20:43:25,2025-10-14 20:43:30,31
320,Amazon,Neutral,D Be be sure to enter the AWESOME,2025-10-14 20:43:25,2025-10-14 20:43:30,33
320,Amazon,Neutral,Be sure YOU enter the AWESOME,2025-10-14 20:43:25,2025-10-14 20:43:30,29
321,Amazon,Neutral,I love the wholesome game community with every coin in my digital wallet.. . These are actual questions on Animal Crossing's amazon preorder page pic.twitter.com/BJOTmqJ5Bd,2025-10-14 20:43:25,2025-10-14 20:43:30,172
321,Amazon,Neutral,I love the healthy gaming community with every coin in my digital wallet... these are the topical questions on Animal Crossings Amazon's pre-order page pic.twitter.com / BJOTmqJ5Bd,2025-10-14 20:43:25,2025-10-14 20:43:30,180
321,Amazon,Neutral,I love a healthy gaming community with every coin in my digital wallet.. These are topical questions on Animals's Amazon pre-order page pic.wikipedia.org / BJMqJ5Bd,2025-10-14 20:43:25,2025-10-14 20:43:30,164
321,Amazon,Neutral,I love the wholesome game community with every coin in my digital wallet.. . These are actual questions on Animal Crossing's amazon preorder page pic.twitter.com/BJOTmqJ5Bd,2025-10-14 20:43:25,2025-10-14 20:43:30,172
321,Amazon,Neutral,as I love the wholesome game community with every coin in my digital wallet.. . These are actual questions on Animal Crossing's amazon preorder page pic.twitter.com/BJOTmqJ5Bd,2025-10-14 20:43:25,2025-10-14 20:43:30,175
321,Amazon,Neutral,<unk>,2025-10-14 20:43:25,2025-10-14 20:43:30,5
322,Amazon,Positive,*perks up* Ooo!!!,2025-10-14 20:43:25,2025-10-14 20:43:30,17
322,Amazon,Positive,* Discounts * Ooo!!!,2025-10-14 20:43:25,2025-10-14 20:43:30,20
322,Amazon,Positive,* perks up * Ooo!!!,2025-10-14 20:43:25,2025-10-14 20:43:30,19
322,Amazon,Positive,*perks up* Future,2025-10-14 20:43:25,2025-10-14 20:43:30,17
322,Amazon,Positive,* 2 perks up * 4 Ooo!!!,2025-10-14 20:43:25,2025-10-14 20:43:30,23
322,Amazon,Positive,*perks ** Ooo!!!,2025-10-14 20:43:25,2025-10-14 20:43:30,16
324,Amazon,Neutral,"for baby armys who just joined our fandom, welcome to the most exciting fandom ever, BTS loves yall so they discounted  . . Amazon: bit.ly/7Amazon . iTunes: bit.ly/MOTS7iTunes (0.69$) . Google Play: bit.ly/7GooglePlay. BTS Music S: bit.ly/7BigHit",2025-10-14 20:43:25,2025-10-14 20:43:30,246
324,Amazon,Neutral,"for baby arms that have just joined our fandom, welcome to the most exciting fandom ever, BTS loves Yall, so they have discount.. Amazon: bit.ly / 7Amazon. iTunes: bit.ly / MOTS7iTunes ($0.69). Google Play: bit.ly / 7GooglePlay. BTS Music S: bit.ly / 7BigHit",2025-10-14 20:43:25,2025-10-14 20:43:30,258
324,Amazon,Neutral,"For those who have just joined our fandom, welcome to the most exciting fandom ever, BTS loves yall, so they're off... Amazon: bit.ly / 7Amazon. iTunes: bit.ly / MMS7iTunes ($0.69). Google Play: bit.ly / 7GooglePlay. BTS Music S: bit.ly / 7BigPlay",2025-10-14 20:43:25,2025-10-14 20:43:30,247
324,Amazon,Neutral,"for little armys who just joined TF fandom, welcome there the most important fandom ever, BTS loves yall and they discounted <unk> ). Amazon: bit.ly/7Amazon. iTunes: bit.ly/MOTS7iTunes (0.69$) and Google Play: bit.ly/7GooglePlay. BTS Music S: bit.ly/7BigHit",2025-10-14 20:43:25,2025-10-14 20:43:30,257
324,Amazon,Neutral,"Home for baby armys who just joined our fandom, welcome to the most exciting fandom project ever, it BTS loves my yall fans so they discounted.. Amazon : bit. ly / 7Amazon. 4 iTunes : bit. ly / MOTS7iTunes ( 0. 69 $ ). 6 Google Movie Play : j bit. ly / 7GooglePlay. BTS Music S : x bit. ly / 7BigHit",2025-10-14 20:43:25,2025-10-14 20:43:30,299
324,Amazon,Neutral,"for baby lovers who already joined our band, welcome to my largest huge fandom ever, BTS sold yall so they discounted.. Amazon: bit.ly/7Amazon. iTunes: bit.ly/MOTS7iTunes (0.69$). Google Video: thru.ly/7GooglePlay. BTS Music S: via.ly/7BigHit",2025-10-14 20:43:25,2025-10-14 20:43:30,242
325,Amazon,Neutral,"Browse Extensive Collection of Healthcare Products at Amazon to Live a Healthy Life Products from  Leading Brands including Omron, Detak, Equinox, Indigo, Accu-Chek, One Touch Ultra, Dr. Morepen and more Download New Amazon App bit.ly/39SH6nx.",2025-10-14 20:43:25,2025-10-14 20:43:30,245
325,Amazon,Neutral,"Browse Amazon's extensive collection of health products to live a healthy life - products from leading brands such as Omron, Detak, Equinox, Indigo, Accu-Chek, One Touch Ultra, Dr. Morepen and more. Download the new Amazon app bit.ly / 39SH6nx.",2025-10-14 20:43:25,2025-10-14 20:43:30,244
325,Amazon,Neutral,"Check out Amazon's extensive range of health products to live healthy lives from Leading Brands, including Omron, Detak, Equinox, Indigo, Accu-Chek, One Touch Ultra, Dr. Morepen and more.",2025-10-14 20:43:25,2025-10-14 20:43:30,187
325,Amazon,Neutral,"Browse Extensive Collection of Healthcare Products Find Amazon to Live a Healthy Life Products from  Leading Brands including Abbott, Detak, Equinox, Medline, Accu-Chek, One Touch Ultra, Dr. Phil and more Download our Amazon App crazy.ly/39SH6nx.",2025-10-14 20:43:25,2025-10-14 20:43:30,246
325,Amazon,Neutral,"Browse An Extensive Collection of Healthcare Products at One Amazon to Live for a Very Healthy Life Products Department from Leading Brands including including Omron, Detak, National Equinox, Indigo, Accu - Chek, One Touch Ultra, Dr. Morepen and more through Download Your New Amazon App or bit. ly / 39SH6nx.",2025-10-14 20:43:25,2025-10-14 20:43:30,309
325,Amazon,Neutral,"Browse Our Collection in Healthy Products at Amazon including Live the Healthy Life Products including Leading Brands including Omron, Avon, Equinox, Indigo, Y-Chek, One Touch Ultra, Dr. Morepen and more from New Amazon App bit.ly/39SH6nx.",2025-10-14 20:43:25,2025-10-14 20:43:30,239
326,Amazon,Neutral,Judge blocks Microsoft’s Pentagon contract after Amazon claim Trump interfered to snub them dlvr.it/RQ03Pj https://t.co/fcTB7K0W2X,2025-10-14 20:43:25,2025-10-14 20:43:30,130
326,Amazon,Neutral,Judge blocks Microsoft's Pentagon contract after Amazon claims Trump intervened to snub it dlvr.it / RQ03Pj https: / / t.co / fcTB7K0W2X,2025-10-14 20:43:25,2025-10-14 20:43:30,136
326,Amazon,Neutral,A judge has blocked Microsoft's contract with the Pentagon after Amazon said Trump intervened to gag them dr.it / RQPj,2025-10-14 20:43:25,2025-10-14 20:43:30,118
326,Amazon,Neutral,Judge blocks Microsoft’s Pentagon contract after Amazon claim Trump orders or snub them re.it/RQ03Pj https://t.co/fcTB7K0W2X],2025-10-14 20:43:25,2025-10-14 20:43:30,125
326,Amazon,Neutral,A Judge blocks the Microsoft ’ s Pentagon service contract again after Amazon claim Black Trump interfered to snub them from dlvr. it / RQ03Pj • https://t.co/fcTB7K0W2X ],2025-10-14 20:43:25,2025-10-14 20:43:30,170
326,Amazon,Neutral,US blocks two Pentagon secrets after Amazon claim Trump interfered over snub them dlvr.it/RQ03Pj https://t.co/fcTB7K0W2X],2025-10-14 20:43:25,2025-10-14 20:43:30,121
327,Amazon,Neutral,"Watched Unfit on Amazon this evening. It's riveting. I don't recommend it before bed, probably best in daylight.",2025-10-14 20:43:25,2025-10-14 20:43:30,112
327,Amazon,Neutral,"It's captivating. I don't recommend it at bedtime, probably best in daylight.",2025-10-14 20:43:25,2025-10-14 20:43:30,77
327,Amazon,Neutral,"I don't recommend it before bed, probably best during the day.",2025-10-14 20:43:25,2025-10-14 20:43:30,62
327,Amazon,Neutral,"Watched Unfit on Amazon this evening. It's riveting. I would recommend it before bed, although best in daylight.",2025-10-14 20:43:25,2025-10-14 20:43:30,112
327,Amazon,Neutral,"Watched out Unfit Act on Amazon this evening. It's riveting. I don'D t recommend it even before bed, except probably at best in daylight.",2025-10-14 20:43:25,2025-10-14 20:43:30,137
327,Amazon,Neutral,"The Unfit on Amazon Thursday evening. It's riveting. Maybe don't recommend it for bed, probably best in daylight.",2025-10-14 20:43:25,2025-10-14 20:43:30,113
328,Amazon,Negative,I ordered a shit ton of stuff on amazon lately..... I think I have a retail therapy problem,2025-10-14 20:43:25,2025-10-14 20:43:30,93
328,Amazon,Negative,I've been ordering a shit ton of stuff on Amazon lately... I think I have a retail therapy problem,2025-10-14 20:43:25,2025-10-14 20:43:30,98
328,Amazon,Negative,I ordered a shit ton on Amazon late..... I think I have a problem with retail,2025-10-14 20:43:25,2025-10-14 20:43:30,77
328,Amazon,Negative,I ordered really shit ton of stuff on amazon lately..... I think I have a retail therapy day,2025-10-14 20:43:25,2025-10-14 20:43:30,92
328,Amazon,Negative,I ordered about a big shit ton of fun stuff on amazon lately..... I think I already have now a retail therapy problem,2025-10-14 20:43:25,2025-10-14 20:43:30,117
328,Amazon,Negative,I ordered all shit ton of stuff on amazon lately..... I think I have a little obsession problem,2025-10-14 20:43:25,2025-10-14 20:43:30,95
329,Amazon,Neutral,Love Fantasy & SciFi?,2025-10-14 20:43:25,2025-10-14 20:43:30,23
329,Amazon,Neutral,Love fantasy & sci-fi?,2025-10-14 20:43:25,2025-10-14 20:43:30,22
329,Amazon,Neutral,Do you like fantasy and science?,2025-10-14 20:43:25,2025-10-14 20:43:30,32
329,Amazon,Neutral,Love Fantasy & Crime?,2025-10-14 20:43:25,2025-10-14 20:43:30,21
329,Amazon,Neutral,Love or Fantasy & SciFi?,2025-10-14 20:43:25,2025-10-14 20:43:30,24
329,Amazon,Neutral,Love Fiction & SciFi?,2025-10-14 20:43:25,2025-10-14 20:43:30,21
330,Amazon,Neutral,"Heartfelt, vulnerable and insightful! Grab a copy of \"The Golden Cage\" now.",2025-10-14 20:43:25,2025-10-14 20:43:30,77
330,Amazon,Neutral,"Warm, vulnerable and insightful! Grab a copy of \"The Golden Cage\" now.",2025-10-14 20:43:25,2025-10-14 20:43:30,70
330,Amazon,Neutral,"Take a copy of \"The Golden Cage\" right now.",2025-10-14 20:43:25,2025-10-14 20:43:30,43
330,Amazon,Neutral,"Heartfelt, vulnerable and insightful! Grab a paperback of \"The Golden Cage\" now.",2025-10-14 20:43:25,2025-10-14 20:43:30,80
330,Amazon,Neutral,"Heartfelt, vulnerable girl and insightful! Grab only a copy CD of \" The Golden Rain Cage \" now.",2025-10-14 20:43:25,2025-10-14 20:43:30,95
330,Amazon,Neutral,"Heartfelt, vulnerable and funny! Grab that piece of \"The Golden Cage\" now.",2025-10-14 20:43:25,2025-10-14 20:43:30,74
331,Amazon,Neutral,Love Speculative Fiction?,2025-10-14 20:43:25,2025-10-14 20:43:30,27
331,Amazon,Neutral,Love speculative fiction?,2025-10-14 20:43:25,2025-10-14 20:43:30,25
331,Amazon,Neutral,Do you like fiction?,2025-10-14 20:43:25,2025-10-14 20:43:30,20
331,Amazon,Neutral,Love Speculative Talk?,2025-10-14 20:43:25,2025-10-14 20:43:30,22
331,Amazon,Neutral,Who Love Speculative Fiction?,2025-10-14 20:43:25,2025-10-14 20:43:30,29
331,Amazon,Neutral,Reading Speculative Fiction?,2025-10-14 20:43:25,2025-10-14 20:43:30,28
332,Amazon,Neutral,.  . .  amzn.to/2ROXopP . .  .,2025-10-14 20:43:25,2025-10-14 20:43:30,33
332,Amazon,Neutral,... amzn.to / 2ROXopP...,2025-10-14 20:43:25,2025-10-14 20:43:30,24
332,Amazon,Neutral,... amzento / 2ROXopP....,2025-10-14 20:43:25,2025-10-14 20:43:30,25
332,Amazon,Neutral,. ..  fun.to/2ROXopP.. .,2025-10-14 20:43:25,2025-10-14 20:43:30,24
332,Amazon,Neutral,... at amzn. com to / http 2ROXopP...,2025-10-14 20:43:25,2025-10-14 20:43:30,37
332,Amazon,Neutral,... and.to/2ROXopP...,2025-10-14 20:43:25,2025-10-14 20:43:30,21
333,Amazon,Irrelevant,nan,2025-10-14 20:43:25,2025-10-14 20:43:30,3
333,Amazon,Irrelevant,It is not the first time that the EU Commission has taken such a step.,2025-10-14 20:43:25,2025-10-14 20:43:30,70
333,Amazon,Irrelevant,"At the same time, despite the fact that there are currently some 100 million people living below the poverty line, most of them do not have access to health services and do not have access to health care, while most of them do not have access to health care.",2025-10-14 20:43:25,2025-10-14 20:43:30,258
333,Amazon,Irrelevant,nan,2025-10-14 20:43:25,2025-10-14 20:43:30,3
333,Amazon,Irrelevant,nan,2025-10-14 20:43:25,2025-10-14 20:43:30,3
333,Amazon,Irrelevant,nan,2025-10-14 20:43:25,2025-10-14 20:43:30,3
334,Amazon,Neutral,"Bella, sitrep.. We are currently cruising at screwed and approaching FUBAR velocity.. That bad?. Beyond.. readerlinks.com/l/788527.",2025-10-14 20:43:25,2025-10-14 20:43:30,133
334,Amazon,Neutral,"Bella, sitrep.. We are currently cruising at screwed and approaching the FUBAR speed.. So bad?. Beyond.. readerlinks.com / l / 788527.",2025-10-14 20:43:25,2025-10-14 20:43:30,134
334,Amazon,Neutral,"Bella, sitrep.. We are now circling at the screwed and approaching speed of FUBAR.. What's wrong?..",2025-10-14 20:43:25,2025-10-14 20:43:30,99
334,Amazon,Neutral,"Bella, Nevada We are currently crossing at screwed roughly approaching FUBAR velocity.. That bad?. Beyond.. readerlinks.com/l/788527.",2025-10-14 20:43:25,2025-10-14 20:43:30,133
334,Amazon,Neutral,"Bella, being sitrep.. The We who are currently both cruising at screwed speed and approaching FUBAR light velocity.. That bad?. from Beyond.. readerlinks. com / l / 19 788527.",2025-10-14 20:43:25,2025-10-14 20:43:30,175
334,Amazon,Neutral,"Bella, Mary.. We were currently going at screwed and approaching FUBAR velocity.. and and?. Beyond.. Contact.com/l/788527.",2025-10-14 20:43:25,2025-10-14 20:43:30,122
335,Amazon,Irrelevant,"cop these or a controller similar to these, speaking from experience they're the only good fucking controller the switch has",2025-10-14 20:43:25,2025-10-14 20:43:30,124
335,Amazon,Irrelevant,"Cop this or a controller similar to this, speak from experience, they are the only good fucking controller that the switch has",2025-10-14 20:43:25,2025-10-14 20:43:30,126
335,Amazon,Irrelevant,"Kop these or similar, speaking from experience, they are the only good fucking, the switch has",2025-10-14 20:43:25,2025-10-14 20:43:30,94
335,Amazon,Irrelevant,"cop these or a controller specific to these, speaking from experience they're the only good test controller the switch has",2025-10-14 20:43:25,2025-10-14 20:43:30,122
335,Amazon,Irrelevant,"Do cop these or a controller similar to these, speaking up from experience they'r re the certainly only good fucking controller the switch has",2025-10-14 20:43:25,2025-10-14 20:43:30,142
335,Amazon,Irrelevant,"cop these or a controller similar to these, speaking from experience they're probably only good fucking games the world has",2025-10-14 20:43:25,2025-10-14 20:43:30,123
336,Amazon,Negative,Amazon doesn't deliver in my hood,2025-10-14 20:43:25,2025-10-14 20:43:30,33
336,Amazon,Negative,Amazon doesn't deliver under my hood,2025-10-14 20:43:25,2025-10-14 20:43:30,36
336,Amazon,Negative,Amazon does not deliver in my hood,2025-10-14 20:43:25,2025-10-14 20:43:30,34
336,Amazon,Negative,Amazon doesn't fit in my hood,2025-10-14 20:43:25,2025-10-14 20:43:30,29
336,Amazon,Negative,Amazon doesn't deliver messages in my hood,2025-10-14 20:43:25,2025-10-14 20:43:30,42
336,Amazon,Negative,Amazon doesn't function in my hood,2025-10-14 20:43:25,2025-10-14 20:43:30,34
337,Amazon,Neutral,DVG 100% Natural Zambia Emerald 2.92 Carats TCW Oval Beautiful Gem DVG amazon.com/dp/B06W2L4NWW/… via @amazon,2025-10-14 20:43:25,2025-10-14 20:43:30,109
337,Amazon,Neutral,DVG 100% Natural Zambia Emerald 2.92 Karat TCW Oval Beautiful Gem DVG amazon.com / dp / B06W2L4NWW /... via @ amazon,2025-10-14 20:43:25,2025-10-14 20:43:30,116
337,Amazon,Neutral,"DVG 100% Natural Zambia Emerald 2,92 Carats TCW Oval Gem DVG amazon.com / dp / B2L4NWW /... via @ amazon",2025-10-14 20:43:25,2025-10-14 20:43:30,104
337,Amazon,Neutral,DVG 500% Platinum Zambia Emerald 2.92 Carats High Oval Beautiful Gem DVG amazon.com/dp/B06W2L4NWW/… … @amazon,2025-10-14 20:43:25,2025-10-14 20:43:30,109
337,Amazon,Neutral,DVG includes 100 % Pure Natural Zambia Emerald Horse 2. 92 ounce Carats at TCW Big Oval Beautiful Spring Gem DVG amazon. com / affiliate dp / B06W2L4NWW / … accessed via @amazon,2025-10-14 20:43:25,2025-10-14 20:43:30,177
337,Amazon,Neutral,DVG 100% African Diamond Emerald 2.92 percent 100% Zambian Jewel Gem DVG amazon.com/dp/B06W2L4NWW/... via @amazon,2025-10-14 20:43:25,2025-10-14 20:43:30,113
339,Amazon,Neutral,"Join Me Neil Neale for my SUPERJAM XTRA SHOW!. Yes on shortly!!. Bringing that \"FEEL GOOD MUSIC FOR THE SOUL\". Catch me on crackersradio.com Or Alexa, Google Home, Amazon on Crackers App or on Tunein. On Soon at 4pm!!. .  https://t.co/cnFkePY5VY",2025-10-14 20:43:25,2025-10-14 20:43:30,245
339,Amazon,Neutral,"Join me Neil Neale for my SUPERJAM XTRA SHOW!. Yes soon!!. Bring this \"FEEL GOOD MUSIC FOR THE SOUL.\" Catch me on crackersradio.com Or Alexa, Google Home, Amazon on Crackers App or on Tunein. On Soon Soon Soon Soon Soon Soon 4pm!!.. https: / / t.co / cnFkePY5VY",2025-10-14 20:43:25,2025-10-14 20:43:30,261
339,Amazon,Neutral,"Join me Neil Neil Neil for my SUPERJAM XTRA SHOW!. Yes for a short time!!. Bring it on \"FEEL GOOD MUSIC FOR THE SOUL.\" Catch me at crackersradio.com or Alexa, Google Home, Amazon on Facebook App or on iTunes. On Soon at 4pm!!.",2025-10-14 20:43:25,2025-10-14 20:43:30,226
339,Amazon,Neutral,"Join Me Neil Neale for The SUPERJAM XTRA SHOW!. Yes on shortly!!. Know that \"FEEL GOOD UP FOR THE SOUL\". Catch me on live.com Or Alexa, Google Home, Amazon on Crackers App or on Tunein. On Soon Thursday 4pm!!. <  https://t.co/cnFkePY5VY]",2025-10-14 20:43:25,2025-10-14 20:43:30,237
339,Amazon,Neutral,"Join Me to Neil Neale for my SUPERJAM XTRA OF SHOW!. Yes on shortly!!. Bringing that \" FEEL GOOD MUSIC FOR THE SOUL \". Catch me on crackersradio. com and Or Amazon Alexa, A Google Home, Amazon on the Crackers App or Amazon on Tunein. Come On Very Soon at just 4pm!!.. https://t.co/cnFkePY5VY ]",2025-10-14 20:43:25,2025-10-14 20:43:30,293
339,Amazon,Neutral,"waiting with Neil Neale for my SUPERJAM XTRA SHOW!. Yes on shortly!!. Bringing that \"FEEL AS MUSIC FOR THE AM\". Catch me for crackersradio.com Or Alexa, Google Home, Amazon And Crackers App To Hot Tunein. Very Soon at 4pm!!.. I]",2025-10-14 20:43:25,2025-10-14 20:43:30,228
340,Amazon,Irrelevant,This thread is nuts.,2025-10-14 20:43:25,2025-10-14 20:43:30,20
340,Amazon,Irrelevant,This thread is crazy.,2025-10-14 20:43:25,2025-10-14 20:43:30,21
340,Amazon,Irrelevant,The three are nuts.,2025-10-14 20:43:25,2025-10-14 20:43:30,19
340,Amazon,Irrelevant,This thread is active.,2025-10-14 20:43:25,2025-10-14 20:43:30,22
340,Amazon,Irrelevant,This outer thread is nuts.,2025-10-14 20:43:25,2025-10-14 20:43:30,26
340,Amazon,Irrelevant,This stuff is nuts.,2025-10-14 20:43:25,2025-10-14 20:43:30,19
341,Amazon,Negative,amazon deadass doesn’t knock when they deliver packages,2025-10-14 20:43:25,2025-10-14 20:43:30,55
341,Amazon,Negative,Amazon doesn't knock when they deliver parcels,2025-10-14 20:43:25,2025-10-14 20:43:30,46
341,Amazon,Negative,Amazon gridlock doesn't knock when parcels are delivered,2025-10-14 20:43:25,2025-10-14 20:43:30,56
341,Amazon,Negative,amazon deadass doesn’t knock why they deliver packages,2025-10-14 20:43:25,2025-10-14 20:43:30,54
341,Amazon,Negative,amazon deadass doesn ’ t knock first when they deliver their packages,2025-10-14 20:43:25,2025-10-14 20:43:30,69
341,Amazon,Negative,amazon deadass doesn’t knock until they deliver packages,2025-10-14 20:43:25,2025-10-14 20:43:30,56
342,Amazon,Neutral,Urban CoCo Women's Basic Versatile Stretchy Flared Casual Mini Skater Skirt at Amazon Women’s Clothing store amazon.com/Urban-CoCo-Wom…,2025-10-14 20:43:25,2025-10-14 20:43:30,135
342,Amazon,Neutral,"Urban CoCo Women's Basic is a versatile, stretchy casual mini-skater skirt with a flared rash at the Amazon Women's Clothing Store amazon.com / Urban-CoCo-Wom...",2025-10-14 20:43:25,2025-10-14 20:43:30,161
342,Amazon,Neutral,Urban CoCo Women's Stretchy Flared Casual Mini Skirt at Amazon Women's Clothing store amazon.com / Urban-CoCo-Wom...,2025-10-14 20:43:25,2025-10-14 20:43:30,116
342,Amazon,Neutral,Urban Coalition Women's Basic Versatile Stretchy Flared Casual Mini Skater Shop at Amazon Women’s Clothing Find amazon.com/Urban-CoCo-Wom…,2025-10-14 20:43:25,2025-10-14 20:43:30,138
342,Amazon,Neutral,Urban Girl CoCo u Women's Basic Design Versatile Stretchy Flared Custom Casual Fashion Mini Skater Kids Skirt at Amazon Women Organization ’ s Clothing store store amazon. doi com / Urban - CoCo - U Wom …,2025-10-14 20:43:25,2025-10-14 20:43:30,204
342,Amazon,Neutral,<unk> Inspired Women's Liquid Color Stretchy Flared Red Mini Skater Shoe Store Amazon Women’s Clothing store amazon.com/Urban-CoCo-Wom...,2025-10-14 20:43:25,2025-10-14 20:43:30,137
343,Amazon,Neutral,@Sugar_Tamales Thanks for entering Grand Summoners  . . Watch the video to see if you won a $100 Amazon gift card! . Retweet every day for another chance to win!. . . Play GS Global now for a FREE . 5 One Punch Man Unit!.  https://t.co/SPErxje6f0,2025-10-14 20:43:25,2025-10-14 20:43:30,246
343,Amazon,Neutral,@ Sugar _ Tamales Thank you for participating in Grand Summoners.. Watch the video to see if you have won an Amazon gift card worth $100!. Retweet every day for another chance to win!.. Play GS Global now FREE. 5 One Punch Man Unit!. https: / / t.co / SPErxje6f0,2025-10-14 20:43:25,2025-10-14 20:43:30,262
343,Amazon,Neutral,@ Sugar _ Tamales Thanks for entering Grand Summoners.. Watch the video to see if you won a $100 Amazon gif card!. Retweet every day for another chance to win!... Play GS Global now for a FREE. 5 One Punch Man Unit!. https: / / Fenco / SPErxje6f0,2025-10-14 20:43:25,2025-10-14 20:43:30,246
343,Amazon,Neutral,@Sugar_Tamales Thanks by entering Grand Summoners .. Watch the video to check if you won a $100 Amazon gift card!. Retweet every day for another chance to win!... Play GS 14 now for a …. 5 lb Punch Man Unit!.  https://t.co/SPErxje6f0],2025-10-14 20:43:25,2025-10-14 20:43:30,234
343,Amazon,Neutral,@Sugar_Tamales Thanks for entering Grand Summoners.. Watch the whole video on to see if otherwise you won a $ 100 Amazon Service gift card!. Retweet every day excited for another next chance to also win!... Play GS Group Global now competing for a FREE. 5 Million One Punch Man Unit!. https://t.co/SPErxje6f0 ],2025-10-14 20:43:25,2025-10-14 20:43:30,310
343,Amazon,Neutral,<unk> Thanks for entering 2011 Summoners.. Watch the video to see if you filled your $100 Amazon Instant box!. Retweet every day awaiting another chance to join!... Play GS PSP now for a FREE. 5 One Punch Man Unit!. [],2025-10-14 20:43:25,2025-10-14 20:43:30,218
344,Amazon,Neutral,@ih_zee Thanks for entering Grand Summoners  . . Watch the video to see if you won a $100 Amazon gift card! . Retweet everyday for another chance to win!. . . Play GS Global now for a FREE . 5 Golden Kamuy Unit!.  https://t.co/CZGbShXb87,2025-10-14 20:43:25,2025-10-14 20:43:30,237
344,Amazon,Neutral,@ ih _ zee Thank you for participating in Summoners.. Watch the video to see if you have won an Amazon voucher worth $100!. Retweet every day for another chance to win!.. Play GS Global now FREE. 5 Golden Kamuy Unit!. https: / / t.co / CZGbShXb87,2025-10-14 20:43:25,2025-10-14 20:43:30,246
344,Amazon,Neutral,@ ih _ zee Thanks for entering Grand Summoners.. Watch the video to see if you won a $100 Amazon gift card!. Retweet every day for another chance to win!... Play GS Global now for a FREE. 5 Golden Kamuy Unit!. https: / / Fenco / CZGbShXb87,2025-10-14 20:43:25,2025-10-14 20:43:30,239
344,Amazon,Neutral,@ih_zee Thanks for entering Grand Finals .. Watch the video to see if you won a $100 Amazon gift card!. Back everyday for another chance to win!. ;). and GS 30 now for a FREE. 5 Golden Kamuy Unit!.  https://t.co/CZGbShXb87],2025-10-14 20:43:25,2025-10-14 20:43:30,223
344,Amazon,Neutral,@ih_zee Thanks you for entering Grand Summoners.. Watch out the Facebook video to see if you won a $ 100 Amazon gift card!. Retweet everyday for another chance chance to win!... Play GS game Global while now down for a grand FREE. 5 x Golden Kamuy Unit!. Source https://t.co/CZGbShXb87 ],2025-10-14 20:43:25,2025-10-14 20:43:30,287
344,Amazon,Neutral,@ih_zee Thanks for your Red Summoners.. Watch the video to pay if you won a $100 Amazon gift card!. Step back through another chance to win!... Play GS 15 now for a FREE. 12 Golden Square winners!. https://t.co/CZGbShXb87],2025-10-14 20:43:25,2025-10-14 20:43:30,222
345,Amazon,Neutral,A Bigram Poem inspired by WileyEd:.  Amazon Personalize .  Personalize can .  can now .  now use .  use 10X .  10X more .  more item .    -Ed Wiley,2025-10-14 20:43:25,2025-10-14 20:43:30,147
345,Amazon,Neutral,A Bigram Poem inspired by WileyEd:. Amazon Personalize. Personize can. can. now. use 10X. 10X more item. -Ed Wiley,2025-10-14 20:43:25,2025-10-14 20:43:30,114
345,Amazon,Neutral,A Bigram Poem inspired by WileyEd:. Amazon Personalize. Personalize can. can now. use. use 10X. 10X more. more item. -Ed Wiley,2025-10-14 20:43:25,2025-10-14 20:43:30,126
345,Amazon,Neutral,A Latin Poem inspired by WileyEd:.  Amazon Personalize.  Personalize can be  can now.  now use.  use 10X.  10X click<unk>  more item.    -Ed Wiley,2025-10-14 20:43:25,2025-10-14 20:43:30,146
345,Amazon,Neutral,And A short Bigram Style Poem inspired by WileyEd :. Amazon Personalize. Personalize can. can now. will now use. use 10X. compare 10X more. more Simple item. - special Ed from Wiley,2025-10-14 20:43:25,2025-10-14 20:43:30,181
345,Amazon,Neutral,A Bigram Diet inspired by Music:. Amazon Personalize. where can. can buy. now use. in 10X. also more. more from. -Ed Wiley,2025-10-14 20:43:25,2025-10-14 20:43:30,122
346,Amazon,Neutral,I played this interesting quiz on Amazon - Try your luck for a chance to win exciting rewards amazon.in/game/share/gHS…,2025-10-14 20:43:25,2025-10-14 20:43:30,119
346,Amazon,Neutral,ve played this interesting quiz on Amazon - Try your luck for a chance to win exciting rewards amazon.in / game / share / gHS...,2025-10-14 20:43:25,2025-10-14 20:43:30,128
346,Amazon,Neutral,I played this interesting quiz on Amazon - Try your luck for a chance to win exciting rewards amazon.in / game / share / gHS...,2025-10-14 20:43:25,2025-10-14 20:43:30,127
346,Amazon,Neutral,I played this interesting quiz on Amazon - Try your luck for a number of score exciting rewards amazon.in/game/share/gHS…,2025-10-14 20:43:25,2025-10-14 20:43:30,121
346,Amazon,Neutral,I played this whole interesting quiz on my Amazon - 2 Try pressing your luck now for a chance to win exciting rewards amazon. log in / game / share / gHS …,2025-10-14 20:43:25,2025-10-14 20:43:30,155
346,Amazon,Neutral,I played high popularity quiz on Amazon - Try your luck for a chance it gain exciting rewards amazon.in/game/share/gHS...,2025-10-14 20:43:25,2025-10-14 20:43:30,121
347,Amazon,Irrelevant,Hey this is great!!. . I had been looking to snag this on PS4 but will totally grab it on Switch instead . . .,2025-10-14 20:43:25,2025-10-14 20:43:30,112
347,Amazon,Irrelevant,"Hi, this is great!!.. I tried to crack it on the PS4, but will put it on Switch instead...",2025-10-14 20:43:25,2025-10-14 20:43:30,90
347,Amazon,Irrelevant,"Hey, that's great!!. I wanted to do it on the PS4, but instead I'll completely capture it on Swift...",2025-10-14 20:43:25,2025-10-14 20:43:30,101
347,Amazon,Irrelevant,Hey this is great!!.. I had been looking to snag this for PS4 but will totally grab it on Switch!!...,2025-10-14 20:43:25,2025-10-14 20:43:30,101
347,Amazon,Irrelevant,Hey this is great!!.. Daniel I... had been secretly looking to somehow snag all this on PS4 but will totally grab onto it on Switch instead...,2025-10-14 20:43:25,2025-10-14 20:43:30,142
347,Amazon,Irrelevant,Hey this is the.. I had been looking to snag this on PS4 but will just grab it this Switch and...,2025-10-14 20:43:25,2025-10-14 20:43:30,97
348,Amazon,Negative,Amazon is being an ass right now or them bitch ass nigggas stole my package simple,2025-10-14 20:43:25,2025-10-14 20:43:30,82
348,Amazon,Negative,Amazon is just an ass or she bitch ass Niggas just stole my package,2025-10-14 20:43:25,2025-10-14 20:43:30,67
348,Amazon,Negative,"Amazon is a ass now, or they're a bitch ass niggas stole my bag just",2025-10-14 20:43:25,2025-10-14 20:43:30,68
348,Amazon,Negative,Amazon is with an ass right now or them bitch ass nigggas stole my package simple,2025-10-14 20:43:25,2025-10-14 20:43:30,81
348,Amazon,Negative,Amazon is being an ass right now or them hot bitch sure ass nigggas probably stole my package simple,2025-10-14 20:43:25,2025-10-14 20:43:30,100
348,Amazon,Negative,Amazon is being nasty ass right<unk> or them bitch<unk> nigggas stole my package simple,2025-10-14 20:43:25,2025-10-14 20:43:30,87
349,Amazon,Negative,"@JeffBezos Must be feeling the pain of his divorce. If you cannot deliver what you promise, do not promise to deliver.. . Do you back your word, or not? I expected a package that I needed. Amazon admitted that it was their fault, not the seller's. . . Why am I paying a subscription?",2025-10-14 20:43:25,2025-10-14 20:43:30,283
349,Amazon,Negative,"@ JeffBezos Must feel the pain of his divorce. If you can't deliver what you promise, don't promise to deliver... Do you support your word or not? I expected a package I needed. Amazon admitted that it was their fault, not that of the seller... Why do I pay a subscription?",2025-10-14 20:43:25,2025-10-14 20:43:30,273
349,Amazon,Negative,"@ JeffBezos must be feeling the pain of his divorce. If you can't deliver what you promise, don't promise to deliver... Do you keep your word or not? I was expecting a package that I needed. Amazon admitted it was their fault, not the seller's fault... Why am I paying a subscription?",2025-10-14 20:43:25,2025-10-14 20:43:30,284
349,Amazon,Negative,"@JeffBezos Must be feeling the pain post his divorce. If you cannot deliver what you want, do you bother to deliver... Do you back your word, or not? I bought a package that I needed. Amazon admitted that it was their fault, not the seller's. -. Why am I paying a subscription?",2025-10-14 20:43:25,2025-10-14 20:43:30,277
349,Amazon,Negative,"@JeffBezos Must be be feeling the mental pain instead of making his quick divorce. If you cannot deliver what you promise, don't promise to deliver... Do you back your word, or not? Well I expected a nice package that I needed. Amazon admitted quickly that it was their own fault, not the anonymous seller's... Why am I paying a subscription?",2025-10-14 20:43:25,2025-10-14 20:43:30,342
349,Amazon,Negative,"@JeffBezos Must be having the pain of his divorce. If you will deliver what you promise, do so do to yourself... Can you back your word, or not? I expected a package answer I needed. Amazon admitted that it was their fault, was the seller's... Why am I paying the fine?",2025-10-14 20:43:25,2025-10-14 20:43:30,269
350,Amazon,Neutral,I played this interesting quiz on Amazon - Try your luck for a chance to win exciting rewards amazon.in/game/share/g8M…,2025-10-14 20:43:25,2025-10-14 20:43:30,119
350,Amazon,Neutral,ve played this interesting quiz on Amazon - Try your luck for a chance to win exciting rewards amazon.in / game / share / g8M...,2025-10-14 20:43:25,2025-10-14 20:43:30,128
350,Amazon,Neutral,I played this interesting quiz on Amazon - Try your luck for a chance to win exciting rewards amazon.in / game / share / g8M...,2025-10-14 20:43:25,2025-10-14 20:43:30,127
350,Amazon,Neutral,I played this interesting lottery on Amazon - Try your luck earn a card to win exciting rewards amazon.in/game/share/g8M…,2025-10-14 20:43:25,2025-10-14 20:43:30,121
350,Amazon,Neutral,I also played this interesting game quiz on Amazon - Try your luck today for finding a chance to help win exciting rewards amazon. in / game / share / and g8M …,2025-10-14 20:43:25,2025-10-14 20:43:30,160
350,Amazon,Neutral,I played this interesting rewards game Amazon - so good luck for a day to win exciting rewards amazon.in/game/share/g8M...,2025-10-14 20:43:25,2025-10-14 20:43:30,122
351,Amazon,Negative,if you like this you’ll regret it,2025-10-14 20:43:25,2025-10-14 20:43:30,33
351,Amazon,Negative,"If you like it, you'll regret it",2025-10-14 20:43:25,2025-10-14 20:43:30,32
351,Amazon,Negative,if you like this you'll regret it,2025-10-14 20:43:25,2025-10-14 20:43:30,33
351,Amazon,Negative,if you try this you’ll regret it,2025-10-14 20:43:25,2025-10-14 20:43:30,32
351,Amazon,Negative,if you like this you ’ ll eventually regret it,2025-10-14 20:43:25,2025-10-14 20:43:30,46
351,Amazon,Negative,if you like this will regret it,2025-10-14 20:43:25,2025-10-14 20:43:30,31
352,Amazon,Neutral,BBC News - Amazon boss Jeff Bezos rejects claims company acted like a 'drug dealer' bbc.co.uk/news/av/busine…,2025-10-14 20:43:25,2025-10-14 20:43:30,109
352,Amazon,Neutral,"BBC News - Amazon boss Jeff Bezos rejects claims the company behaved like a \"drug dealer\" bbc.co.uk / news / av / busine...",2025-10-14 20:43:25,2025-10-14 20:43:30,123
352,Amazon,Neutral,"BBC News - Amazon boss Jeff Bezos rejects claims the company behaved like a \"drug dealer\" bbc.co.uk / news / av / fashion...",2025-10-14 20:43:25,2025-10-14 20:43:30,124
352,Amazon,Neutral,BBC News - Amazon entrepreneur Jeff Bezos rejects accusations company acted like the 'drug dealer' bbc.co.uk/news/av/busine…,2025-10-14 20:43:25,2025-10-14 20:43:30,124
352,Amazon,Neutral,BBC News - Amazon boss Jeff Bezos rejects media claims their company acted up like a'London drug ring dealer'in bbc. co. co uk / news / av / busine …,2025-10-14 20:43:25,2025-10-14 20:43:30,149
352,Amazon,Neutral,BBC News - Amazon guru Jeff Bezos rejects his company acted alongside an 'drug addict' bbc.co.uk/news/av/busine...,2025-10-14 20:43:25,2025-10-14 20:43:30,114
353,Amazon,Neutral,nan,2025-10-14 20:43:25,2025-10-14 20:43:30,3
353,Amazon,Neutral,It is not the first time that the EU Commission has taken such a step.,2025-10-14 20:43:25,2025-10-14 20:43:30,70
353,Amazon,Neutral,"At the same time, despite the fact that there are currently some 100 million people living below the poverty line, most of them do not have access to health services and do not have access to health care, while most of them do not have access to health care.",2025-10-14 20:43:25,2025-10-14 20:43:30,258
353,Amazon,Neutral,nan,2025-10-14 20:43:25,2025-10-14 20:43:30,3
353,Amazon,Neutral,nan,2025-10-14 20:43:25,2025-10-14 20:43:30,3
353,Amazon,Neutral,nan,2025-10-14 20:43:25,2025-10-14 20:43:30,3
354,Amazon,Positive,"You literally have fanboys all over the games industry who just can't wait to take cheap shots at Microsoft & xbox. Online services and features, digital stores and the cloud are where things are headed. Google and Amazon have tremendous reach. To ignore the threat is dumb.",2025-10-14 20:43:25,2025-10-14 20:43:30,274
354,Amazon,Positive,"There are fanboys literally everywhere in the gaming industry who can't wait to take cheap photos of Microsoft & xbox. Online services and features, digital stores and the cloud are where things go. Google and Amazon have an enormous reach. Ignoring the threat is stupid.",2025-10-14 20:43:25,2025-10-14 20:43:30,271
354,Amazon,Positive,"You literally have fans across the gaming industry who just can't wait to take cheap shots at Microsoft & xbox. Online services and features, digital stores and the cloud are where things are going.",2025-10-14 20:43:25,2025-10-14 20:43:30,198
354,Amazon,Positive,"You literally have fanboys all over the games community who just can't wait to take cheap shots at Microsoft<unk> xbox. Online services and features, digital natives and the cloud are how things are hot. Google and Amazon have tremendous reach. To ignore the threat is dumb.",2025-10-14 20:43:25,2025-10-14 20:43:30,274
354,Amazon,Positive,"You literally have fanboys all over the games distribution industry who I just can't really wait to take even cheap photo shots at Microsoft & xbox. Online services and features, digital stores and the cloud media are where such things are actually headed. Google and Amazon have tremendous reach. To ignore the serious threat threat is dumb.",2025-10-14 20:43:25,2025-10-14 20:43:30,342
354,Amazon,Positive,"we literally have people all over the games market who just haven't bring to take cheap shots at Microsoft & xbox. Interactive services and features, digital stores and the cloud are where things are going. Google and Amazon have tremendous reach. To ignore the threat falls dumb.",2025-10-14 20:43:25,2025-10-14 20:43:30,280
355,Amazon,Neutral,Congratulations to David E of USA and Vishal D of India who are winners of our $20 Amazon gift card in our,2025-10-14 20:43:25,2025-10-14 20:43:30,108
355,Amazon,Neutral,"Congratulations to David E from the US and Vishal D from India, the winners of our $20 Amazon gift card in our",2025-10-14 20:43:25,2025-10-14 20:43:30,110
355,Amazon,Neutral,Congratulations to David E of USA and Vishal D of India who are winners of our $20 Amazon gift card in our,2025-10-14 20:43:25,2025-10-14 20:43:30,106
355,Amazon,Neutral,Congratulations to David E of USA and Vishal D in India who are winners of our $20 Amazon gift cards in our,2025-10-14 20:43:25,2025-10-14 20:43:30,107
355,Amazon,Neutral,Congratulations to David R E of LA USA and Vishal D of India and who are winners today of our $ 20 20 Amazon gift card in our,2025-10-14 20:43:25,2025-10-14 20:43:30,125
355,Amazon,Neutral,Congratulations to David H of USA the Vishal D of India who won winners of our $20 Amazon gift card in our,2025-10-14 20:43:25,2025-10-14 20:43:30,106
356,Amazon,Neutral,I love the way you care in bed.  .,2025-10-14 20:43:25,2025-10-14 20:43:30,40
356,Amazon,Neutral,I love the way you look after yourself in bed.,2025-10-14 20:43:25,2025-10-14 20:43:30,46
356,Amazon,Neutral,I love the way you care in bed....,2025-10-14 20:43:25,2025-10-14 20:43:30,34
356,Amazon,Neutral,I love the look you care in bed. .,2025-10-14 20:43:25,2025-10-14 20:43:30,34
356,Amazon,Neutral,because I love the way you obviously care in bed..,2025-10-14 20:43:25,2025-10-14 20:43:30,50
356,Amazon,Neutral,I love to way you care in bed..,2025-10-14 20:43:25,2025-10-14 20:43:30,31
357,Amazon,Positive,New TLOU2 trailer dropping tomorrow! meanwhile it’s the number 1 best selling game on Amazon.. . . don’t listen to the leaks and badmouthing! Experience the game for yourself,2025-10-14 20:43:25,2025-10-14 20:43:30,174
357,Amazon,Positive,"The new TLOU2 trailer will be released tomorrow! Meanwhile, it is the best-selling game on Amazon... Don't listen to the leaks and rants! Experience the game for yourself",2025-10-14 20:43:25,2025-10-14 20:43:30,170
357,Amazon,Positive,The new TLOU2 trailer drops tomorrow! Meanwhile it's the best-selling game on Amazon... don't listen to filters and badminton! Experience game for yourself,2025-10-14 20:43:25,2025-10-14 20:43:30,155
357,Amazon,Positive,New campaign trailer dropping tomorrow! meanwhile it’s the number 1 hardest selling game on Amazon.... don’t listen to the reviews and badmouthing! Experience the game for VR,2025-10-14 20:43:25,2025-10-14 20:43:30,174
357,Amazon,Positive,New TLOU2 trailer money dropping tomorrow! meanwhile it ’ 11 s the number 1 1 best selling game on my Amazon.... don ’ t listen enough to see the Twitter leaks coming and badmouthing! Experience the game for yourself,2025-10-14 20:43:25,2025-10-14 20:43:30,216
357,Amazon,Positive,New TLOU2 trailer dropping down! meanwhile find the number 1 best rated game on Amazon.... don’t listen to the leaks and reviews! buy the game and yourself,2025-10-14 20:43:25,2025-10-14 20:43:30,155
358,Amazon,Negative,This is hilarious .,2025-10-14 20:43:25,2025-10-14 20:43:30,20
358,Amazon,Negative,It's hilarious.,2025-10-14 20:43:25,2025-10-14 20:43:30,15
358,Amazon,Negative,It's ridiculous.,2025-10-14 20:43:25,2025-10-14 20:43:30,16
358,Amazon,Negative,This looks hilarious.,2025-10-14 20:43:25,2025-10-14 20:43:30,21
358,Amazon,Negative,This is practically hilarious.,2025-10-14 20:43:25,2025-10-14 20:43:30,30
358,Amazon,Negative,it is hilarious.,2025-10-14 20:43:25,2025-10-14 20:43:30,16
359,Amazon,Negative,"Ugh, y’all some freak hoes! They sold out overnight .",2025-10-14 20:43:25,2025-10-14 20:43:30,54
359,Amazon,Negative,"Ugh, y'all some freak hoes! They sold out overnight.",2025-10-14 20:43:25,2025-10-14 20:43:30,52
359,Amazon,Negative,"Oh, all those crazy moths! They sold out in one night.",2025-10-14 20:43:25,2025-10-14 20:43:30,54
359,Amazon,Negative,"Ugh, y’all fucking freak hoes! They sold out overnight.",2025-10-14 20:43:25,2025-10-14 20:43:30,55
359,Amazon,Negative,"Ugh, y ’ all need some great freak hoes! 18 They sold out overnight.",2025-10-14 20:43:25,2025-10-14 20:43:30,68
359,Amazon,Negative,"found, y’all some some hoes! They sold out overnight.",2025-10-14 20:43:25,2025-10-14 20:43:30,53
360,Amazon,Negative,"Amazon Prime Day is still on, but delayed rocketcitynow.com/article/news/h…",2025-10-14 20:43:25,2025-10-14 20:43:30,75
360,Amazon,Negative,"Amazon Prime Day is still on, but delayed rocketcitynow.com / article / news / h...",2025-10-14 20:43:25,2025-10-14 20:43:30,83
360,Amazon,Negative,"Amazon Prime Day is still running, but belatedly.",2025-10-14 20:43:25,2025-10-14 20:43:30,49
360,Amazon,Negative,"Amazon Prime card event still on, but delayed rocketcitynow.com/article/news/h…",2025-10-14 20:43:25,2025-10-14 20:43:30,79
360,Amazon,Negative,"Amazon Prime USA Day 10 is still on, delayed but now delayed rocketcitynow. com / article / news / h …",2025-10-14 20:43:25,2025-10-14 20:43:30,102
360,Amazon,Negative,"Amazon Prime Day is on there, but delayed at.com/article/news/h...",2025-10-14 20:43:25,2025-10-14 20:43:30,66
361,Amazon,Negative,FUCKING AMAZON QUE QUITO EL DOCUMENTAL DE DANIEL JOHNSTON.,2025-10-14 20:43:25,2025-10-14 20:43:30,58
361,Amazon,Negative,FICKING AMAZON QUE QUITO EL DOCUMENTAL DE DANIEL JOHNSTON.,2025-10-14 20:43:26,2025-10-14 20:43:30,58
361,Amazon,Negative,FUCKING AMAZON QUE QUITO EL DOCENTAL DE DANIEL JOHNSTON.,2025-10-14 20:43:26,2025-10-14 20:43:30,56
361,Amazon,Negative,FUCKING AMAZON QUE QUITO EL DOCUMENTAL N SI JOHNSTON.,2025-10-14 20:43:26,2025-10-14 20:43:30,53
361,Amazon,Negative,O FUCKING IS AMAZON A QUE OR QUITO IS EL DOCUMENTAL VI DE DANIEL JOHNSTON.,2025-10-14 20:43:26,2025-10-14 20:43:30,74
361,Amazon,Negative,RE WILL QUE QUITO EL VI DE DANIEL THAT.,2025-10-14 20:43:26,2025-10-14 20:43:30,39
362,Amazon,Irrelevant,Benefits of Using a Quick Detailer After Washing Your Car. . Read more: carcarecoaches.com/benefits-of-us…. .,2025-10-14 20:43:26,2025-10-14 20:43:30,111
362,Amazon,Irrelevant,Benefits of using a quick detailer after washing your car.. Read more: carcarecoaches.com / benefits-of-us.....,2025-10-14 20:43:26,2025-10-14 20:43:30,111
362,Amazon,Irrelevant,The benefits of using quick detail after washing a car... Read more: carecoaches.com / benefits-of-us.....,2025-10-14 20:43:26,2025-10-14 20:43:30,106
362,Amazon,Irrelevant,Benefits - Using this Quick Detailer After Washing Your Car.. Discover more: carcarecoaches.com/benefits-of-us…..,2025-10-14 20:43:26,2025-10-14 20:43:30,113
362,Amazon,Irrelevant,Benefits of Using Using a Quick Response Detailer For After Self Washing Your Car.. Read more : carcarecoaches. The com / on benefits - of - helping us …..,2025-10-14 20:43:26,2025-10-14 20:43:30,155
362,Amazon,Irrelevant,Benefits Beyond Including a Quick Detailer When Washing Your Car.. more here: carcarecoaches.com/benefits-of-us.....,2025-10-14 20:43:26,2025-10-14 20:43:30,116
363,Amazon,Neutral,".  Starting Fable Queen tomorrow. It’s going to be absolutely amazing .  Fable King is out now on Amazon everybody to get you in the mood. Hey, who knows, by the time you’ve read Fable King, I might have finished Fable Queen . . Bookshop UK:... tmblr.co/ZIYnsWZ0Po8Fmy…",2025-10-14 20:43:26,2025-10-14 20:43:30,269
363,Amazon,Neutral,"It will be absolutely amazing. Fable King is now available on Amazon, anyone who gets you in the mood. Hey, who knows until you've read Fable King, I might have finished Fable Queen.. Bookstore UK:... tmblr.co / ZIYnsWZ0Po8Fmy...",2025-10-14 20:43:26,2025-10-14 20:43:30,229
363,Amazon,Neutral,". Starting Fable Queen tomorrow. It's going to be absolutely amazing. Fable King is out now on Amazon everyone to get you in the mood. Hey, who know, by the time you've read Fable King, I might have finished Fable Queen... Bookshop UK:... tmblr.co / ZIYWZ0Po8Fmy...",2025-10-14 20:43:26,2025-10-14 20:43:30,265
363,Amazon,Neutral,".  Starting Fable Queen tomorrow. It’s going ta be absolutely amazing.  Fable King just out fresh on Amazon UK to get you in the mood. Maybe, who knows, by which time you’ve read Fable King, I could have finished Fable Queen alone. Bookshop UK:... tmblr.co/ZIYnsWZ0Po8Fmy…",2025-10-14 20:43:26,2025-10-14 20:43:30,272
363,Amazon,Neutral,". 10 Starting with Fable Queen tomorrow. It ’ s definitely going out to be absolutely amazing. Fable King Fiction is out now on Amazon And everybody going to get you in the mood. Hey, who knows, by the time you ’ ve all read Fable King, I might have finished Fable Queen.. Bookshop UK :... on tmblr. com co / ZIYnsWZ0Po8Fmy …",2025-10-14 20:43:26,2025-10-14 20:43:30,325
363,Amazon,Neutral,". Starting Disney Queen tonight. It’s going to be absolutely beautiful. Fable King is available now on Amazon everybody to like you for the mood. And, who knows, by the time it read Fable Song, I might have finished Fable Queen.. Cover UK:... tmblr.co/ZIYnsWZ0Po8Fmy...",2025-10-14 20:43:26,2025-10-14 20:43:30,269
364,Amazon,Irrelevant,Congratulations to @ninamanning78 on publication day. Hope you have a fabulous day and that your book flies .,2025-10-14 20:43:26,2025-10-14 20:43:30,110
364,Amazon,Irrelevant,Congratulations to @ ninamanning78 on release day. Hope you have a fabulous day and that your book flies.,2025-10-14 20:43:26,2025-10-14 20:43:30,105
364,Amazon,Irrelevant,Congratulations to @ ninamanning78 on the publication day. Hope you have a fantastic day and that your book flies.,2025-10-14 20:43:26,2025-10-14 20:43:30,114
364,Amazon,Irrelevant,Congratulations to @ninamanning78 with publication day. Hope you have and fabulous day and that your book flies.,2025-10-14 20:43:26,2025-10-14 20:43:30,112
364,Amazon,Irrelevant,Congratulations to @ninamanning78 on continued publication one day. Hope all you have a fabulous day and that your book still flies.,2025-10-14 20:43:26,2025-10-14 20:43:30,132
364,Amazon,Irrelevant,Congratulations to @ninamanning78 on the milestone. Hope you have a fabulous day even that your book flies.,2025-10-14 20:43:26,2025-10-14 20:43:30,107
365,Amazon,Neutral,Life Is Soup And I'm A Fork Cute and Humor T-Shirt amazon.com/dp/B07WXMSMQY/… via @amazon . Check out this,2025-10-14 20:43:26,2025-10-14 20:43:30,108
365,Amazon,Neutral,Life Is Soup And I'm A Fork Cute and Humor t-shirt amazon.com / dp / B07WXMSMQY /... via @ amazon.,2025-10-14 20:43:26,2025-10-14 20:43:30,98
365,Amazon,Neutral,Life Is Sup And I'm A Fork Cute and I-T-Amazon.com / dp / BXMQY /... via @ amazon.,2025-10-14 20:43:26,2025-10-14 20:43:30,82
365,Amazon,Neutral,Life Is Soup And I'm A Fork Cute and Humor Y-Shirt Walmart.com/dp/B07WXMSMQY/… via @amazon and Check out this,2025-10-14 20:43:26,2025-10-14 20:43:30,109
365,Amazon,Neutral,Life Is the Soup... And So I'm m A Fork Cute Hair and Humor T - Cool Shirt amazon. com / dp / website B07WXMSMQY / more … via @amazon. net Check out this,2025-10-14 20:43:26,2025-10-14 20:43:30,153
365,Amazon,Neutral,Life Fresh Soup With Coffee'm Making Fork<unk> and Humor T-Shirt amazon.com/dp/B07WXMSMQY/... via here. Pick out this,2025-10-14 20:43:26,2025-10-14 20:43:30,117
366,Amazon,Neutral,Don't you know Cacay Oil? The best antiaging ever. Order yours on Amazon Store right now bit.ly/bestantiaginge… . @roxysiria,2025-10-14 20:43:26,2025-10-14 20:43:30,124
366,Amazon,Neutral,Don't you know Cacay Oil? The best anti-aging of all time. Order it now at the Amazon Store bit.ly / bestantiaginge.... @ roxysiria,2025-10-14 20:43:26,2025-10-14 20:43:30,131
366,Amazon,Neutral,Did you know Cacay oil? The best anti-ageing product ever. Order yowls from Amazon Store right now bit.ly / bestantiaginge.... @ roxbria,2025-10-14 20:43:26,2025-10-14 20:43:30,136
366,Amazon,Neutral,Don't you know CBD Oil? The safest antiaging ever. Order yours on Amazon US right now bit.ly/bestantiaginge…. @roxysiria,2025-10-14 20:43:26,2025-10-14 20:43:30,120
366,Amazon,Neutral,Don't get you gotta know Cacay Oil?... The best damn antiaging ever. Order yours out on Amazon Store right now at bit. ly / bestantiaginge …. com @roxysiria,2025-10-14 20:43:26,2025-10-14 20:43:30,156
366,Amazon,Neutral,Don't even know coconut Oil? Real hottest antiaging ever. Order yours on Amazon Store right Here or.ly/bestantiaginge.... @roxysiria,2025-10-14 20:43:26,2025-10-14 20:43:30,132
367,Amazon,Negative,Damn,2025-10-14 20:43:26,2025-10-14 20:43:30,4
367,Amazon,Negative,Damned,2025-10-14 20:43:26,2025-10-14 20:43:30,6
367,Amazon,Negative,The Curse,2025-10-14 20:43:26,2025-10-14 20:43:30,9
367,Amazon,Negative,Damn,2025-10-14 20:43:26,2025-10-14 20:43:30,4
367,Amazon,Negative,Shit Damn,2025-10-14 20:43:26,2025-10-14 20:43:30,9
367,Amazon,Negative,Damn,2025-10-14 20:43:26,2025-10-14 20:43:30,4
368,Amazon,Negative,Amazon really doing me dirty huh. Okay I get it pic.twitter.com/K3vouwfP0S,2025-10-14 20:43:26,2025-10-14 20:43:30,74
368,Amazon,Negative,"Amazon does me really dirty huh. Okay, I get it pic.twitter.com / K3vouwfP0S",2025-10-14 20:43:26,2025-10-14 20:43:30,76
368,Amazon,Negative,"Amazon is really making me dirty, yes. Okay, I get it pic.fm / K3voufP0S",2025-10-14 20:43:26,2025-10-14 20:43:30,72
368,Amazon,Negative,Amazon really doing me dirty huh. Okay I get it pic.twitter.com/K3vouwfP0S,2025-10-14 20:43:26,2025-10-14 20:43:30,74
368,Amazon,Negative,IBM Amazon really doing me dirty huh. Okay I get it pic.twitter.com/K3vouwfP0S,2025-10-14 20:43:26,2025-10-14 20:43:30,78
368,Amazon,Negative,about,2025-10-14 20:43:26,2025-10-14 20:43:30,5
369,Amazon,Neutral,"How pathetic do you feel knowing your caged, pindick twitched to a cartoon foot .  . . I’m going to set up a amazon wishlist tomorrow so you little foot sluts can make yourselves useful. . . findom • finD pic.twitter.com/Sb24cNUBhK",2025-10-14 20:43:26,2025-10-14 20:43:30,231
369,Amazon,Neutral,How pathetic do you feel knowing your trapped pindick twitching into a cartoon foot... I'm going to make a wish list for Amazons tomorrow so you little foot sluts can be useful... findom • finD pic.twitter.com / Sb24cNUBhK,2025-10-14 20:43:26,2025-10-14 20:43:30,222
369,Amazon,Neutral,"How pathetic do you feel knowing your cage, a penguin chained to a caricature on foot... I'm going to make a wish list for the Amazons tomorrow so that you, little leg, can make yourself useful... findom • finD pic.l.com / Sb24cNUBhK",2025-10-14 20:43:26,2025-10-14 20:43:30,233
369,Amazon,Neutral,"How pathetic do you feel knowing your caged, pindick twitched to a cartoon foot .  . . I’m going to set up a amazon wishlist tomorrow so you little foot sluts can make yourselves useful. . . findom • finD pic.twitter.com/Sb24cNUBhK",2025-10-14 20:43:26,2025-10-14 20:43:30,231
369,Amazon,Neutral,"The How pathetic do you feel knowing your caged, pindick twitched to a cartoon foot .  . . I’m going to set up a amazon wishlist tomorrow so you little foot sluts can make yourselves useful. . . findom • finD pic.twitter.com/Sb24cNUBhK",2025-10-14 20:43:26,2025-10-14 20:43:30,235
369,Amazon,Neutral,or,2025-10-14 20:43:26,2025-10-14 20:43:30,2
370,Amazon,Neutral,"Anyone who liked tiger king, I would highly suggest the Wild and Wonderful Whites of West Virginia, it’s produced by Johnny Knoxville & on Amazon video .",2025-10-14 20:43:26,2025-10-14 20:43:30,154
370,Amazon,Neutral,"If you liked Tiger King, I recommend Wild and Wonderful Whites of West Virginia, produced by Johnny Knoxville & available on Amazon Video.",2025-10-14 20:43:26,2025-10-14 20:43:30,138
370,Amazon,Neutral,"Anyone who loved the king of tigers, I would highly recommend \"Wild and Amazing White Spot of West Virginia,\" produced by Johnny Knoxville and on Amazon video.",2025-10-14 20:43:26,2025-10-14 20:43:30,159
370,Amazon,Neutral,"Anyone who liked tiger king, I would highly suggest the Wild and Wonderful story of West Virginia, it’s adapted by Robert Knoxville & on Amazon video.",2025-10-14 20:43:26,2025-10-14 20:43:30,150
370,Amazon,Neutral,"Anyone who really liked tiger king, I would highly suggest mention the legendary Wild and Wonderful Whites of West Virginia, it ’ was s produced by Johnny Clark Knoxville & on my Amazon video.",2025-10-14 20:43:26,2025-10-14 20:43:30,192
370,Amazon,Neutral,"who who liked vampire killer, I would highly say the Wild and Wonderful Whites of West Virginia, it’s produced by Johnny Knoxville uploaded on Amazon video.",2025-10-14 20:43:26,2025-10-14 20:43:30,156
371,Amazon,Negative,"Google, Amazon most imitated brand names used for phishing attacks in June quarter, report |",2025-10-14 20:43:26,2025-10-14 20:43:30,94
371,Amazon,Negative,"Google, Amazon most imitated brand names used for phishing attacks in June quarter, report |",2025-10-14 20:43:26,2025-10-14 20:43:30,92
371,Amazon,Negative,"Google and Amazon were the biggest imitators of the brands used in phishing attacks in the June quarter, the report said.",2025-10-14 20:43:26,2025-10-14 20:43:30,121
371,Amazon,Negative,"Google, Amazon most imitated brand names used for phishing attacks in June 2012, report |",2025-10-14 20:43:26,2025-10-14 20:43:30,89
371,Amazon,Negative,"and Google, Amazon most imitated brand names that used previously for phishing attacks in 2014 June quarter, report |",2025-10-14 20:43:26,2025-10-14 20:43:30,117
371,Amazon,Negative,"Google, Amazon most imitated its names used for phishing attacks in December 2013, report |",2025-10-14 20:43:26,2025-10-14 20:43:30,91
372,Amazon,Negative,I fucking hate @USPS ! Y’all deliverers never do their fucking job it’s no way I should have mail from last week and just now get it and @amazon stop giving our packages to Usps because they delivers not delivering shit ! Even if it’s food!,2025-10-14 20:43:26,2025-10-14 20:43:30,240
372,Amazon,Negative,"I fucking hate @ USPS! Y'all delivery men never do their damn job, it's impossible that I get mail from last week and right now and @ amazon stop sending our packages to USPs because they don't deliver shit! Even if it's food!",2025-10-14 20:43:26,2025-10-14 20:43:30,226
372,Amazon,Negative,I fucking hate @ USPS! Y'all deliver never do their fucking job it's no way I should have mail from last week and just now get it and @ amazon stop giving our packages to Usps because they deliver not delivering shit! Even if it's food!,2025-10-14 20:43:26,2025-10-14 20:43:30,236
372,Amazon,Negative,I fucking hate @USPS! Y’all deliverers never do their goddamn job it’s no way hell would have mail ed last week and just now return it and @amazon stop sending our packages to Usps because they delivers not delivering shit! Even if it’s food!,2025-10-14 20:43:26,2025-10-14 20:43:30,242
372,Amazon,Negative,I totally fucking hate @USPS! Y ’ all time deliverers never do their normal fucking job take it that ’ s no way I should have mail from last week and not just now get it and @amazon stop giving our packages all to Usps because when they delivers not delivering shit! And Even if tomorrow it ’ s food!,2025-10-14 20:43:26,2025-10-14 20:43:30,300
372,Amazon,Negative,I shit hate @USPS! shit you never do fucking fucking job it’s no way I should have mail from last week and just now get it on @amazon stop giving our money to Usps because they delivers with his shit! Even if it’s terrible!,2025-10-14 20:43:26,2025-10-14 20:43:30,223
373,Amazon,Neutral,@eLjeeeey Thanks for entering Grand Summoners  . . Watch the video to see if you won a $100 Amazon gift card! . Retweet everyday for another chance to win!. . . Play GS Global now for a FREE . 5 Golden Kamuy Unit!.  https://t.co/yLNBIXJDIi,2025-10-14 20:43:26,2025-10-14 20:43:30,239
373,Amazon,Neutral,@ eLjeeeey Thank you for participating in Summoners.. Watch the video to see if you have won an Amazon voucher worth $100!. Retweet every day for another chance to win!.. Play GS Global now FREE. 5 Golden Kamuy Unit!. https: / / t.co / yLNBIXJDIi,2025-10-14 20:43:26,2025-10-14 20:43:30,246
373,Amazon,Neutral,@ eLjeeey Thanks for entering Grand Summoners.. Watch the video to see if you won a $100 Amazon gift card!. Retweet every day for another chance to win!... Play GS Global now for a FREE. 5 Golden Kamuy Unit!.,2025-10-14 20:43:26,2025-10-14 20:43:30,208
373,Amazon,Neutral,@eLjeeeey Thanks for entering Grand Summoners .. Watch the video to see if you won a $100 Amazon gift cards! … Retweet everyday for another video to win!..... Play GS Global now for a FREE. 5 Golden Magic Unit!.  https://t.co/yLNBIXJDIi],2025-10-14 20:43:26,2025-10-14 20:43:30,237
373,Amazon,Neutral,→ @eLjeeeey Thanks for our entering to Grand Summoners.. Watch the video to see if you won a $ 100 Amazon gift card!. Retweet everyday that for another second chance... to win!... Play GS Go Global now for a win FREE. 5 for Golden Kamuy Unit!. → https://t.co/yLNBIXJDIi ],2025-10-14 20:43:26,2025-10-14 20:43:30,271
373,Amazon,Neutral,@eLjeeeey here for entering Grand Summoners.. Watch our video quickly see how still won my $100 Amazon gift card!. Tap everyday for another time to win!... Call GS Global now for a FREE. 5 Golden Kamuy Unit!. x],2025-10-14 20:43:26,2025-10-14 20:43:30,211
374,Amazon,Neutral,"The Dancing Girls: An absolutely gripping crime thriller with nail-biting suspense.  (A Detective Jo Fournier Novel Book 1) eBook: Chouinard, M.M.. . .  amazon. .   buff.ly/2y9Me8E . .   . . Click here for Kindle eBooks. .  buff.ly/2wxdlu5 https://t.co/j7yPk6sGda",2025-10-14 20:43:26,2025-10-14 20:43:30,263
374,Amazon,Neutral,"The Dancing Girls: An absolutely gripping thriller with gripping suspense. (A Detective Jo Fournier Novel Book 1) eBook: Chouinard, M.M.... amazon.. buff.ly / 2y9Me8E.... Click here for Kindle eBooks.. buff.ly / 2wxdlu5 https: / / t.co / j7yPk6sGda",2025-10-14 20:43:26,2025-10-14 20:43:30,248
374,Amazon,Neutral,"A Jo Fournier Novel Book 1 E-book: Chouinard, M.M... amazon.. buff.ly / 2y9Me8E...... Click here for Kindle eBooks... buff.ly / 2wlu5",2025-10-14 20:43:26,2025-10-14 20:43:30,133
374,Amazon,Neutral,"The Dancing Girls: An absolutely hilarious crime novel with nail-biting suspense.  (A Detective Jo Fournier Novel Book 1) Published: Chouinard, G.M....  amazon..   buff.ly/2y9Me8E Y s  .. Click here for Kindle eBooks. G  w.ly/2wxdlu5 https://t.co/j7yPk6sGda]",2025-10-14 20:43:26,2025-10-14 20:43:30,258
374,Amazon,Neutral,"The Dancing Chocolate Girls : An absolutely gripping contemporary crime romance thriller with some nail - biting suspense. ( A Detective Detective Jo Fournier Novel Book 1 ) eBook : Chouinard, Roger M. M.... 5 amazon.. na buff. ly / 2y9Me8E.... Click where here unless for Kindle eBooks.. buff. ly / 2wxdlu5 https://t.co/j7yPk6sGda ]",2025-10-14 20:43:26,2025-10-14 20:43:30,333
374,Amazon,Neutral,"Your Dancing Shadow: An absolutely gripping crime thriller featuring nail-biting action. (A Detective and Family Series Book 1) eBook: Author, M.M.... amazon.. buff.ly/2y9Me8E.... Click here for Kindle eBooks.. media.ly/2wxdlu5 and]",2025-10-14 20:43:26,2025-10-14 20:43:30,232
375,Amazon,Negative,LET IT DIE,2025-10-14 20:43:26,2025-10-14 20:43:30,10
375,Amazon,Negative,Let it die,2025-10-14 20:43:26,2025-10-14 20:43:30,10
375,Amazon,Negative,LET IT,2025-10-14 20:43:26,2025-10-14 20:43:30,6
375,Amazon,Negative,LET YOU DIE,2025-10-14 20:43:26,2025-10-14 20:43:30,11
375,Amazon,Negative,LET THE IT DIE,2025-10-14 20:43:26,2025-10-14 20:43:30,14
375,Amazon,Negative,LET Me DIE,2025-10-14 20:43:26,2025-10-14 20:43:30,10
376,Amazon,Neutral,Decorative wood wall clock makes a perfect birthday gift idea!. . vmarketingsite.info/pendulum-decor………. .,2025-10-14 20:43:26,2025-10-14 20:43:30,110
376,Amazon,Neutral,Decorative wooden wall clock is a perfect birthday gift idea!.. vmarketingsite.info / Pendulum decor...........,2025-10-14 20:43:26,2025-10-14 20:43:30,111
376,Amazon,Neutral,Decorative wooden wall clock - an ideal idea for a birthday present!.. vmarketingsite.info / pendulum-decor.......,2025-10-14 20:43:26,2025-10-14 20:43:30,114
376,Amazon,Neutral,Decorative wooden wall clock makes a perfect birthday wish idea!.. vmarketingsite.info/pendulum-decor………..,2025-10-14 20:43:26,2025-10-14 20:43:30,106
376,Amazon,Neutral,9 Decorative wood wall arc clock makes everything a kitchen perfect... birthday birthday gift idea!.. vmarketingsite. info / pendulum - decor … … …..,2025-10-14 20:43:26,2025-10-14 20:43:30,149
376,Amazon,Neutral,Decorative Victorian wall decor is a great family gift idea!.. by.info/pendulum-decor...........,2025-10-14 20:43:26,2025-10-14 20:43:30,96
377,Amazon,Negative,I thought going after workers for safety whistleblowing and exercising their political and union right was illegal (as well as immoral and evil).,2025-10-14 20:43:26,2025-10-14 20:43:30,147
377,Amazon,Negative,I thought it was illegal (as well as immoral and evil) to persecute workers for safety reasons and to exercise their political and trade union rights.,2025-10-14 20:43:26,2025-10-14 20:43:30,150
377,Amazon,Negative,I thought it was illegal (as well as immoral and evil) to harass workers to learn about safety and exercise their political and trade union rights.,2025-10-14 20:43:26,2025-10-14 20:43:30,147
377,Amazon,Negative,I thought going after workers for safety whistleblowing and protecting their political and union right was wrong (as well as immoral and evil).,2025-10-14 20:43:26,2025-10-14 20:43:30,143
377,Amazon,Negative,I thought even going after unemployed workers for safety whistleblowing and exercising their small political and labor union right out was illegal ( as well as being immoral and evil ).,2025-10-14 20:43:26,2025-10-14 20:43:30,185
377,Amazon,Negative,I thought going after workers for safety whistleblowing workers exercising their political and spiritual right was illegal (as well as immoral is silly).,2025-10-14 20:43:26,2025-10-14 20:43:30,153
379,Amazon,Neutral,. The wait is Over now. BILLION  is back IN STOCK with exciting radiant design with ultimate performance. . SHOP NOW geekaybikes.com/bicycle/mtb-26…. Amazon: amazon.in/dp/B08HMTTBWW?….,2025-10-14 20:43:26,2025-10-14 20:43:30,186
379,Amazon,Neutral,"BILLION is back IN STOCK with exciting, radiant design and ultimate performance.. SHOP NOW geekaybikes.com / bicycle / mtb-26.... Amazon: amazon.in / dp / B08HMTTBWW?....",2025-10-14 20:43:26,2025-10-14 20:43:30,170
379,Amazon,Neutral,"The wait is short. \"LION\" is back in the STOCK with an exciting radiant design with maximum performance... NOW geekaybikes.com / bicycle / mtb-26.... Amazon: amazon.in / dp / B08HMBW?....",2025-10-14 20:43:26,2025-10-14 20:43:30,187
379,Amazon,Neutral,. The wait is Over now. The  is back IN 2018 with new radiant capabilities ensuring ultimate performance.. SHOP NOW Mint.com/bicycle/mtb-26…. Amazon: amazon.in/dp/B08HMTTBWW?….,2025-10-14 20:43:26,2025-10-14 20:43:30,176
379,Amazon,Neutral,. The complete wait is no Over now. BILLION is back IN TO STOCK with exciting radiant design skills with ultimate electrical performance.. SHOP NOW geekaybikes. com / article bicycle / mtb - 26 …. and Amazon : amazon. as in / v dp / B08HMTTBWW? 2 ….,2025-10-14 20:43:26,2025-10-14 20:43:30,249
379,Amazon,Neutral,. this wait gets long<unk>. BILLION is back by LA lighting its radiant glow for ultimate performance.. SHOP NOW geekaybikes.com/bicycle/mtb-26.... Amazon: amazon.in/dp/B08HMTTBWW?....,2025-10-14 20:43:26,2025-10-14 20:43:30,183
380,Amazon,Negative,"@amazon  your turkey organisation is a mess, BIG MESS!",2025-10-14 20:43:26,2025-10-14 20:43:30,56
380,Amazon,Negative,"@ amazon Your turkey organization is a mess, BIG MESS!",2025-10-14 20:43:26,2025-10-14 20:43:30,54
380,Amazon,Negative,"@ amazon your turkey organization is a mess, BIG MESS!",2025-10-14 20:43:26,2025-10-14 20:43:30,54
380,Amazon,Negative,"@amazon  your turkey organisation is that mess, BIG MESS!",2025-10-14 20:43:26,2025-10-14 20:43:30,57
380,Amazon,Negative,"@amazon your turkey boot organisation and is such a mess, BIG MESS!",2025-10-14 20:43:26,2025-10-14 20:43:30,67
380,Amazon,Negative,"@amazon your own gut is a mess, BIG MESS!",2025-10-14 20:43:26,2025-10-14 20:43:30,41
381,Amazon,Neutral,nan,2025-10-14 20:43:26,2025-10-14 20:43:30,3
381,Amazon,Neutral,It is not the first time that the EU Commission has taken such a step.,2025-10-14 20:43:26,2025-10-14 20:43:30,70
381,Amazon,Neutral,"At the same time, despite the fact that there are currently some 100 million people living below the poverty line, most of them do not have access to health services and do not have access to health care, while most of them do not have access to health care.",2025-10-14 20:43:26,2025-10-14 20:43:30,258
381,Amazon,Neutral,nan,2025-10-14 20:43:26,2025-10-14 20:43:30,3
381,Amazon,Neutral,nan,2025-10-14 20:43:26,2025-10-14 20:43:30,3
381,Amazon,Neutral,nan,2025-10-14 20:43:26,2025-10-14 20:43:30,3
382,Amazon,Negative,There’s a Kobe jersey on amazon for $7K. Y’all are terrible people.,2025-10-14 20:43:26,2025-10-14 20:43:30,67
382,Amazon,Negative,There's a Kobe jersey on Amazon for $7K. Y'all are terrible people.,2025-10-14 20:43:26,2025-10-14 20:43:30,67
382,Amazon,Negative,There's a Kobe T-shirt on Amazon for $7K. Y'all are terrible people.,2025-10-14 20:43:26,2025-10-14 20:43:30,68
382,Amazon,Negative,There’s a Vikings jersey on amazon for $7K. Y’all are terrible idiots.,2025-10-14 20:43:26,2025-10-14 20:43:30,70
382,Amazon,Negative,So There ’ s a Kobe Robin jersey on amazon made for $ 7K. Y ’ all are no terrible people.,2025-10-14 20:43:26,2025-10-14 20:43:30,89
382,Amazon,Negative,There’s a Kobe purchase on amazon for $7K. Y’all be terrible at.,2025-10-14 20:43:26,2025-10-14 20:43:30,64
383,Amazon,Positive,Ppl dead be rude to me just cuz i got a amazon vest on...,2025-10-14 20:43:26,2025-10-14 20:43:30,57
383,Amazon,Positive,Ppl dead be rude to me just because I got an Amazon vest on...,2025-10-14 20:43:26,2025-10-14 20:43:30,62
383,Amazon,Positive,Ppl dead be rude to me just cuz i got a amazon vest on...,2025-10-14 20:43:26,2025-10-14 20:43:30,57
383,Amazon,Positive,Ppl dead be rude to me just cuz i<unk> a amazon vest on...,2025-10-14 20:43:26,2025-10-14 20:43:30,58
383,Amazon,Positive,Ppl dead person be rude to me just cuz i got all a new amazon vest all on...,2025-10-14 20:43:26,2025-10-14 20:43:30,76
383,Amazon,Positive,Ppl wanna be rude to me just cuz i got her amazon vest and...,2025-10-14 20:43:26,2025-10-14 20:43:30,61
384,Amazon,Neutral,@YES43211643 Thanks for entering Grand Summoners  . . Watch the video to see if you won a $100 Amazon gift card! . Retweet everyday for another chance to win!. . . Play now for a FREE . 5 Yu Yu Hakusho Unit! .  https://t.co/uH9PkXeRf3,2025-10-14 20:43:26,2025-10-14 20:43:30,234
384,Amazon,Neutral,@ YES43211643 Thank you for participating in Summoners.. Watch the video to see if you have won an Amazon voucher worth $100!. Retweet every day for another chance to win!... Play now for FREE. 5 Yu Yu Hakusho Unit!. https: / / t.co / uH9PkXeRf3,2025-10-14 20:43:26,2025-10-14 20:43:30,245
384,Amazon,Neutral,@ YES43211643 Thanks for entering Grand Summoners.. Watch the video to see if you won a $100 Amazon gift card!. Retweet every day for another chance to win!... Play now for a FREE. 5 Yu Yu Yu Yusho Unit!. https: / / Fenco / uH9PkXeRf3,2025-10-14 20:43:26,2025-10-14 20:43:30,234
384,Amazon,Neutral,@YES43211643 Two for entering Grand Summoners .. check the video to see if we won a $100 Amazon gift card!. Retweet everyday and another chance to win!.... Play now for a FREE. 5 Yu Yu Hakusho Unit!.  https://t.co/uH9PkXeRf3],2025-10-14 20:43:26,2025-10-14 20:43:30,225
384,Amazon,Neutral,@YES43211643... Thanks... for entering Grand Summoners.. Watch the video to see if you have won a $ 100 the Amazon gift card!. It Retweet everyday for another chance to truly win!... Play now more for a FREE. 5 Yu Yu A Hakusho Tag Unit!. and https://t.co/uH9PkXeRf3 ],2025-10-14 20:43:26,2025-10-14 20:43:30,267
384,Amazon,Neutral,Video Thanks for entering me in.. Download the video to find if you won a $100 Amazon gift card!. Play everyday for another night at play!... Play now for Brand FREE. 5 Yu Yu Hakusho Unit!. https://t.co/uH9PkXeRf3],2025-10-14 20:43:26,2025-10-14 20:43:30,214
385,Amazon,Negative,I swear to god I will burn something down if the wholesomeness of Lord of the rings is ruined by some fucking cucks at amazon,2025-10-14 20:43:26,2025-10-14 20:43:30,125
385,Amazon,Negative,I swear to God I will burn something if the entirety of the Lord of the Rings is ruined by a couple of damn cuckoos in the Amazon,2025-10-14 20:43:26,2025-10-14 20:43:30,129
385,Amazon,Negative,I cry to God that I will burn something if the integrity of the Lord of the Rings is destroyed by some fucking bunch on the Amazon,2025-10-14 20:43:26,2025-10-14 20:43:30,130
385,Amazon,Negative,I promise to god I will burn something down if the wholesomeness of Lord of the rings was ruined by some fucking cucks at amazon,2025-10-14 20:43:26,2025-10-14 20:43:30,128
385,Amazon,Negative,But I swear to the god I really will burn the something straight down if the wholesomeness of Lord Bond of the rings is ruined by some fucking cucks at amazon,2025-10-14 20:43:26,2025-10-14 20:43:30,158
385,Amazon,Negative,I love to god I will burn something down if the film of Lord of three rings is ruined by ten fucking cucks at amazon,2025-10-14 20:43:26,2025-10-14 20:43:30,116
386,Amazon,Negative,"If you were trying to find cloth face masks (not medical grade), Etsy is awesome. No, this isn't an advertisement. These folks are going far and beyond in their efforts to respond quickly to everyone. The big guy, Amazon, is tapped out and it can take 1+ months.",2025-10-14 20:43:26,2025-10-14 20:43:30,262
386,Amazon,Negative,"If you're trying to find face masks made of cloth (not medical grade), Etsy is awesome. No, this is not advertising. These people go far beyond in their efforts to respond quickly to everyone. The big guy, Amazon, is tapped into and it can take 1 + months.",2025-10-14 20:43:26,2025-10-14 20:43:30,256
386,Amazon,Negative,"No, it's not advertising. These people go far and wide in their attempts to respond quickly to everyone. The big guy, Amazon, is pulled out, and it can take 1 + month.",2025-10-14 20:43:26,2025-10-14 20:43:30,167
386,Amazon,Negative,"If anyone were trying to find cloth sleep masks (not medical<unk> Etsy is awesome. No, this isn't an advertisement. These folks are going far and beyond in their efforts to respond quickly to everyone. The big guy, Amazon, gets tapped out and response can take 1+ months.",2025-10-14 20:43:26,2025-10-14 20:43:30,271
386,Amazon,Negative,"If not you were trying to find cloth face masks ( or not medical science grade ), Etsy TV is awesome. » No, obviously this isn't an advertisement. These folks are going far and wide beyond in their efforts to help respond relatively quickly to everyone. The big guy, Amazon, is tapped out and it can take for 1 + months.",2025-10-14 20:43:26,2025-10-14 20:43:30,320
386,Amazon,Negative,"If you were trying to find suitable water masks (not medical grade), Etsy is awesome. Unfortunately, mine isn't an advertisement. These folks are going far or beyond in their efforts to respond quickly to everyone. The big guy, Amazon, is tapped quickly and it may take 5+ hours.",2025-10-14 20:43:26,2025-10-14 20:43:30,279
387,Amazon,Neutral,'WALL-E' Director Andrew Stanton: Film Was Inspired by Amazon and Apple - Hollywood Reporter dlvr.it/RQ6CvF https://t.co/k1fCzX35Db,2025-10-14 20:43:26,2025-10-14 20:43:30,131
387,Amazon,Neutral,"\"WALL-E\" director Andrew Stanton: Movie inspired by Amazon and Apple - Hollywood Reporter / RQ6CvF https: / / t.co / k1fCzX35Db",2025-10-14 20:43:26,2025-10-14 20:43:30,127
387,Amazon,Neutral,"\"WALL-E\" Director Andrew Stanton: The film was inspired by Amazon and Apple - Hollywood Reporter dr.it / RQ6CvF",2025-10-14 20:43:26,2025-10-14 20:43:30,111
387,Amazon,Neutral,'WALL-E' Director Jeff Stanton: Film Was Inspired After Amazon and Apple — Hollywood Reporter dlvr.it/RQ6CvF https://t.co/k1fCzX35Db],2025-10-14 20:43:26,2025-10-14 20:43:30,133
387,Amazon,Neutral,' WALL - E'The Director was Andrew G Stanton : Their Film Was Inspired by New Amazon Company and Apple - Hollywood Reporter dlvr. it / RQ6CvF... https://t.co/k1fCzX35Db ],2025-10-14 20:43:26,2025-10-14 20:43:30,170
387,Amazon,Neutral,'WALL-E' Andrew Dean Stanton: Film Was Used by Amazon At Apple - online http dlvr.it/RQ6CvF https://t.co/k1fCzX35Db],2025-10-14 20:43:26,2025-10-14 20:43:30,116
388,Amazon,Neutral,nan,2025-10-14 20:43:26,2025-10-14 20:43:30,3
388,Amazon,Neutral,It is not the first time that the EU Commission has taken such a step.,2025-10-14 20:43:26,2025-10-14 20:43:30,70
388,Amazon,Neutral,"At the same time, despite the fact that there are currently some 100 million people living below the poverty line, most of them do not have access to health services and do not have access to health care, while most of them do not have access to health care.",2025-10-14 20:43:26,2025-10-14 20:43:30,258
388,Amazon,Neutral,nan,2025-10-14 20:43:26,2025-10-14 20:43:30,3
388,Amazon,Neutral,nan,2025-10-14 20:43:26,2025-10-14 20:43:30,3
388,Amazon,Neutral,nan,2025-10-14 20:43:26,2025-10-14 20:43:30,3
389,Amazon,Positive,"The best thing this Amazon documentary can do is show how Levy goes about his transfer business, showing the world what a penny pincher he really is.",2025-10-14 20:43:26,2025-10-14 20:43:30,149
389,Amazon,Positive,"The best that this Amazon documentary can do is show how Levy runs his transfer business, and show the world what a penny Pincher really is.",2025-10-14 20:43:26,2025-10-14 20:43:30,140
389,Amazon,Positive,"The best that this Amazon documentary can do is show how Levy runs his transfer business, showing the world what a penny pincher he really is.",2025-10-14 20:43:26,2025-10-14 20:43:30,142
389,Amazon,Positive,"The best thing this Amazon documentary can do is show how Levy got about his transfer business, showing his world what a penny pincher Jones really is.",2025-10-14 20:43:26,2025-10-14 20:43:30,151
389,Amazon,Positive,"The next best thing this true Amazon documentary can do is actually show how Levy goes out about his wealth transfer business, showing the world only what a penny pincher he really is.",2025-10-14 20:43:26,2025-10-14 20:43:30,184
389,Amazon,Positive,"absolute best thing this Amazon documentary can do is show how Levy goes about his transfer game, to the world what a penny pincher he really becomes.",2025-10-14 20:43:26,2025-10-14 20:43:30,150
390,Amazon,Neutral,"If there is anyone out there who has read and enjoyed my book (One Of Us Has To Go), and feels able to rate and/or review it on Goodreads and/or Amazon..... . …. I would be soooooo grateful! . . . goodreads.com/book/show/4985… https://t.co/xuhPK6moGo",2025-10-14 20:43:26,2025-10-14 20:43:30,250
390,Amazon,Neutral,If there is anyone who has read and enjoyed my book (One Of Us Has To Go) and feels able to rate and / or review it on Goodreads and / or Amazon...... I would be soooooooo grateful!... goodreads.com / book / show / 4985... https: / / t.co / xuhPK6moGo,2025-10-14 20:43:26,2025-10-14 20:43:30,251
390,Amazon,Neutral,"If there is anyone out there who has read and enjoyed my book (One Of Us Has To Go), and feels able to rate and / or review it on Goodreads and / or Amazon........ I would be soooooo grateful!... goodreads.com / book / show / 4985... https: / / enco / xuhPK6moGo",2025-10-14 20:43:26,2025-10-14 20:43:30,262
390,Amazon,Neutral,"If there is anyone out there who has found and purchased my book (One Of Us Has To Go), and feels able to rate then/or review it in Goodreads and/or Amazon...... …. I would be soooooo grateful!. #. goodreads.com/book/show/4985… 6]",2025-10-14 20:43:26,2025-10-14 20:43:30,230
390,Amazon,Neutral,"If there is any anyone out there who has read of and enjoyed my book ( This One Of Us Has To Go ), and feels also able to rate and / or review it... on Goodreads and / or Amazon...... …. And I would be soooooo grateful!... goodreads. com / the book / stop show / section 4985 … to https://t.co/xuhPK6moGo ]",2025-10-14 20:43:26,2025-10-14 20:43:30,306
390,Amazon,Neutral,"If there is anyone out there who has read and watched my book (One Of Us Has To Go), and feeling free to sign and/or review books on Kindle and/or Amazon.......... We should be greatly grateful!... at.com/book/show/4985... https://t.co/xuhPK6moGo]",2025-10-14 20:43:26,2025-10-14 20:43:30,247
391,Amazon,Positive,Highly recommended! This will be great memorabilia to pass along to the grandkids someday.,2025-10-14 20:43:26,2025-10-14 20:43:30,92
391,Amazon,Positive,Highly recommended! These will be great memorabilia to pass on to the grandchildren one day.,2025-10-14 20:43:26,2025-10-14 20:43:30,92
391,Amazon,Positive,I highly recommend it! It will be a great memory that will one day be passed on to the grandchildren.,2025-10-14 20:43:26,2025-10-14 20:43:30,101
391,Amazon,Positive,Highly recommended! This will be great memorabilia too pass along to the grandkids someday.,2025-10-14 20:43:26,2025-10-14 20:43:30,91
391,Amazon,Positive,Highly recommended! This will surely be now great memorabilia to finally pass through along to the grandkids someday.,2025-10-14 20:43:26,2025-10-14 20:43:30,117
391,Amazon,Positive,Highly recommended! This will be perfect memorabilia to give along to the grandkids someday.,2025-10-14 20:43:26,2025-10-14 20:43:30,92
392,Amazon,Positive,Thank you! 'Queen of the Warrior Bees' is wearing an amazon bestseller tag and is only 0.99 at the moment!,2025-10-14 20:43:26,2025-10-14 20:43:30,106
392,Amazon,Positive,"Thank you! \"Queen of the Warrior Bees\" carries an Amazon bestseller pendant and is currently only 0.99!",2025-10-14 20:43:26,2025-10-14 20:43:30,103
392,Amazon,Positive,"Thank you! \"Queen of the Bees-warriors\" bears the tag of Amazon's bestseller and currently stands at just 0.99!",2025-10-14 20:43:26,2025-10-14 20:43:30,111
392,Amazon,Positive,Thank you! 'Queen of the Warrior Bees' is wearing a amazon bestseller tag and is only 6.99 at the moment!,2025-10-14 20:43:26,2025-10-14 20:43:30,105
392,Amazon,Positive,I Thank Fuck you!'THE Queen of the Warrior Bees'is wearing an amazon bestseller tag and is really only 0. 99 pounds at even the moment!,2025-10-14 20:43:26,2025-10-14 20:43:30,135
392,Amazon,Positive,Thank God! 'Queen of<unk> Warrior League' is wearing an amazon bestseller tag and is only 0.99 till the moment!,2025-10-14 20:43:26,2025-10-14 20:43:30,111
393,Amazon,Negative,"wth amazon, my album still hasn't moved. this is what I get for supporting an evil megacorp",2025-10-14 20:43:26,2025-10-14 20:43:30,91
393,Amazon,Negative,"wth amazon, my album still hasn't moved. i get this for supporting an evil megacorp",2025-10-14 20:43:26,2025-10-14 20:43:30,83
393,Amazon,Negative,That's what I get for supporting an evil megacorp,2025-10-14 20:43:26,2025-10-14 20:43:30,49
393,Amazon,Negative,"wth amazon, my album still hasn't moved. this piss money I get for supporting an evil megacorp",2025-10-14 20:43:26,2025-10-14 20:43:30,94
393,Amazon,Negative,"You wth amazon, my album box still hasn'un t moved. this is what I must get going for supporting an evil megacorp",2025-10-14 20:43:26,2025-10-14 20:43:30,113
393,Amazon,Negative,"wth amazon, my album still hasn't surfaced. this is what I get whenever supporting one evil megacorp",2025-10-14 20:43:26,2025-10-14 20:43:30,100
394,Amazon,Negative,‘One of the saddest days of my life’: Queens business leader reflects on what could have been one year after Amazon killed its HQ2 project in LIC  qns.com/story/2020/02/…,2025-10-14 20:43:26,2025-10-14 20:43:30,170
394,Amazon,Negative,"\"One of the Saddest Days of My Life\": The Chief Executive of Queens Reflects on What Could Have Been a Year After Amazon's HQ2 Project at LIC qns.com / story / 2020 / 02 /...",2025-10-14 20:43:26,2025-10-14 20:43:30,174
394,Amazon,Negative,"\"One of the saddest days of my life\": Queens business leader reflects on what could have happened a year after Amazon killed its HQ2 project at LIC qf.com / story / 2020 / 02 /...",2025-10-14 20:43:26,2025-10-14 20:43:30,179
394,Amazon,Negative,‘One of but saddest days of my life’: Queens business leader reflected on what could have been one year after Amazon approved its HQ2 project | LIC  qns.com/story/2020/02/…,2025-10-14 20:43:26,2025-10-14 20:43:30,172
394,Amazon,Negative,‘ One of the saddest goddamn days of my life Is ’ : Burger Queens business venture leader reflects away on what could have been one year straight after Amazon killed its HQ2 project in LIC or qns. com / big story / 2020 / 6 02 / …,2025-10-14 20:43:26,2025-10-14 20:43:30,230
394,Amazon,Negative,‘One of two saddest days into my life’: Queens business leader wrote on what could have been one month after Amazon launched an HQ2 project in 2011 qns.com/story/2020/02/...,2025-10-14 20:43:26,2025-10-14 20:43:30,173
395,Amazon,Negative,Aye Amazon really running shit lmfao bullying congress .  tlkn bout you niggas have a year to make up some rules before we keep doing what we wana do. I’m scared of Jeff bezos lol that nigga different af,2025-10-14 20:43:26,2025-10-14 20:43:30,203
395,Amazon,Negative,Aye Amazon really runs shit lmfao bullying congress. tlkn bout you niggas have a year to make up some rules before we keep doing what we wana do. I'm afraid of Jeff bezos lol that nigga different af,2025-10-14 20:43:26,2025-10-14 20:43:30,198
395,Amazon,Negative,Aye Amazon really running shit lmfao bullying congress. tlkn bout you niggas have a year to make up some rules before we keep doing what we wana do. I'm scared of Jeff bezos lol that nigga different af,2025-10-14 20:43:26,2025-10-14 20:43:30,201
395,Amazon,Negative,Aye Amazon really did shit lmfao bullying congress people  tlkn bout you niggas have a year to draw up some rules before we keep defending what we wana do. I’m scared of Jeff bezos and that nigga different af,2025-10-14 20:43:26,2025-10-14 20:43:30,208
395,Amazon,Negative,Aye Amazon witch really running shit lmfao bullying congress. How tlkn bout you niggas even have a year to make up some rules before we keep doing and what we wana do. Though I ’ m still scared of them Jeff bezos my lol that my nigga get different af,2025-10-14 20:43:26,2025-10-14 20:43:30,250
395,Amazon,Negative,Aye Amazon and running shit lmfao bullying congress. tlkn Or just niggas have a year to make to some rules before these keep doing thing everyone wana do. I’m proud of Jeff bezos lol and nigga different af,2025-10-14 20:43:26,2025-10-14 20:43:30,205
396,Amazon,Positive,Amazon are still delivering so it’s a good time to send presents to people stuck in the house with young  kids.. Drum kits recorders violins etc will be perfect as it can be part of their home schooling.. Plus they can’t come round and punch you in the face for at least 3 weeks!,2025-10-14 20:43:26,2025-10-14 20:43:30,279
396,Amazon,Positive,"Amazon still delivers, so it's a good time to send gifts to people who are stuck in the house with small children. Drum kits, recorders, violins etc. will be perfect as it can be part of their home school. Besides, they can't come and punch you in the face for at least 3 weeks!",2025-10-14 20:43:26,2025-10-14 20:43:30,278
396,Amazon,Positive,"Amazon is still shipping, so it's a good time to send gifts to people stuck in a house with young children.. Drum kits dictators, violins, etc., will be perfect, as it can be part of their homework.. Plus they can't come and slap you in the face for at least 3 weeks!",2025-10-14 20:43:26,2025-10-14 20:43:30,267
396,Amazon,Positive,Amazon<unk> still delivering so it’s a good time to sell presents to people stuck in Siberia cold with young  kids.. Drum kits recorders violins etc might be perfect as it can be kind of their home schooling.. Plus they can’t come round and punch you in the face for at least 3 weeks!,2025-10-14 20:43:26,2025-10-14 20:43:30,284
396,Amazon,Positive,Amazon are still delivering so that it ’ s a good right time... to send presents to old people stuck out in the house with young kids.. Drum kits recorders violins etc it will not be almost perfect as it can be part of at their home schooling.. 3 Plus they can ’ t come round and punch you in the face for at least 3 weeks!,2025-10-14 20:43:26,2025-10-14 20:43:30,323
396,Amazon,Positive,Amazon are now delivering so perfectly this good time to send presents to people walking around the streets with young kids.. Drum kits recorders violins etc will work perfect as it can be part of their early schooling.. After they can’t come round and punch you in the face for at least 3 weeks!,2025-10-14 20:43:26,2025-10-14 20:43:30,296
397,Amazon,Positive,". . Screen Cleaner Kit - Best for LED & LCD TV,.... . $19.95. . amazon.com/Screen-Cleaner… https://t.co/mrUD2zbLfT",2025-10-14 20:43:26,2025-10-14 20:43:30,115
397,Amazon,Positive,".. Screen Cleaner Kit - Best for LED & LCD TV,..... $19.95.. amazon.com / Screen Cleaner... https: / / t.co / mrUD2zbLfT",2025-10-14 20:43:26,2025-10-14 20:43:30,120
397,Amazon,Positive,"Screen CevelKit - Best for HD & LCD TV,..... $19.95... amazon.com / Screen-CevelKit...",2025-10-14 20:43:26,2025-10-14 20:43:30,86
397,Amazon,Positive,".. Screen Cleaner Kit - Family Value LED / LCD TV,..... $19.95.. amazon.com/Screen-Cleaner… https://t.co/mrUD2zbLfT]",2025-10-14 20:43:26,2025-10-14 20:43:30,116
397,Amazon,Positive,".. For Screen Top Cleaner Product Kit - 2008 Best for LED & Smart LCD TV,..... $ 978 19. x 95.. amazon. com / Screen - Cleaner … W https://t.co/mrUD2zbLfT ]",2025-10-14 20:43:26,2025-10-14 20:43:30,156
397,Amazon,Positive,".. Screen Display Kit - Paint in Glass & Steel Screen,..... download.95.. amazon.com/Screen-Cleaner... https://t.co/mrUD2zbLfT]",2025-10-14 20:43:26,2025-10-14 20:43:30,127
398,Amazon,Negative,Is Amazon getting dumber? I've bought four of these _from Amazon_. pic.twitter.com/9xYxrMJ9sA,2025-10-14 20:43:26,2025-10-14 20:43:30,93
398,Amazon,Negative,Is Amazon getting stupider? I bought four of them on Amazon. pic.twitter.com / 9xYxrMJ9sA,2025-10-14 20:43:26,2025-10-14 20:43:30,89
398,Amazon,Negative,I bought four from Amazon _. pic.facebook.com / 9xYxrMJ9sA,2025-10-14 20:43:26,2025-10-14 20:43:30,58
398,Amazon,Negative,Is Amazon getting dumber? I've bought four of these _from Amazon_. pic.twitter.com/9xYxrMJ9sA,2025-10-14 20:43:26,2025-10-14 20:43:30,93
398,Amazon,Negative,I Is Amazon getting dumber? I've bought four of these _from Amazon_. pic.twitter.com/9xYxrMJ9sA,2025-10-14 20:43:26,2025-10-14 20:43:30,95
398,Amazon,Negative,at,2025-10-14 20:43:26,2025-10-14 20:43:30,2
399,Amazon,Negative,............ Please don't fuck this up.,2025-10-14 20:43:26,2025-10-14 20:43:30,39
399,Amazon,Negative,........ Please don't piss it off.,2025-10-14 20:43:26,2025-10-14 20:43:30,34
399,Amazon,Negative,........ Please don't fuck this up.,2025-10-14 20:43:26,2025-10-14 20:43:30,35
399,Amazon,Negative,............ Please don't bring this up.,2025-10-14 20:43:26,2025-10-14 20:43:30,40
399,Amazon,Negative,............ Frank Please don'just t fucking fuck this guy up.,2025-10-14 20:43:26,2025-10-14 20:43:30,62
399,Amazon,Negative,............ Please guys't beat stuff up.,2025-10-14 20:43:26,2025-10-14 20:43:30,41
400,Amazon,Positive,Thank God they are willing to work,2025-10-14 20:43:26,2025-10-14 20:43:30,34
400,Amazon,Positive,Thank God they are ready to work,2025-10-14 20:43:26,2025-10-14 20:43:30,32
400,Amazon,Positive,Thank God they're ready to work,2025-10-14 20:43:26,2025-10-14 20:43:30,31
400,Amazon,Positive,Thank God they remain willing to work,2025-10-14 20:43:26,2025-10-14 20:43:30,37
400,Amazon,Positive,Thank my God they are willing to work,2025-10-14 20:43:26,2025-10-14 20:43:30,37
400,Amazon,Positive,Thank God they are willing that work,2025-10-14 20:43:26,2025-10-14 20:43:30,36
9201,Overwatch,Positive,Had a fun ti8me being trash buddies with @Fauwxx on Overwatch. Can't wait to see what other shenanigans we get up to,2025-10-14 20:43:26,2025-10-14 20:43:30,116
9201,Overwatch,Positive,Had fun being trash buddies with @ Fauwxx on Overwatch. I can't wait to see what else we do.,2025-10-14 20:43:26,2025-10-14 20:43:30,92
9201,Overwatch,Positive,Had a fun ti8me being trash buddies with @ wonderwatch. Can't wait to see what other shenanigans we get up to,2025-10-14 20:43:26,2025-10-14 20:43:30,109
9201,Overwatch,Positive,Had a fun ti8me being trash free with @Fauwxx on Overwatch. Can't wait to see what other shenanigans we end up to,2025-10-14 20:43:26,2025-10-14 20:43:30,113
9201,Overwatch,Positive,Pete Had a fun ti8me being with trash buddies with our @Fauwxx on Overwatch. Sorry Can't wait up to fucking see what other shenanigans we get coming up to,2025-10-14 20:43:26,2025-10-14 20:43:30,154
9201,Overwatch,Positive,Way more fun ti8me being trash buddies with @Fauwxx from Overwatch. Can't wait to see what screen time we get up to,2025-10-14 20:43:26,2025-10-14 20:43:30,115
9202,Overwatch,Irrelevant,"This was a really, really fun set to build. Well worth the money even if you don't care about Overwatch.",2025-10-14 20:43:26,2025-10-14 20:43:30,104
9202,Overwatch,Irrelevant,"It was a really, really fun set to build, worth the money, even if you're not interested in Overwatch.",2025-10-14 20:43:26,2025-10-14 20:43:30,102
9202,Overwatch,Irrelevant,"It was a really, really fun construction kit. Well worth the money, even if you don't care about Overwatch.",2025-10-14 20:43:26,2025-10-14 20:43:30,107
9202,Overwatch,Irrelevant,"This was a really, really fun set to buy. Well worth the money even if people don't care about Overwatch.",2025-10-14 20:43:26,2025-10-14 20:43:30,105
9202,Overwatch,Irrelevant,"This was a really, really fun set to that build. Well worth all the money even if you still don'ain t care about this Overwatch.",2025-10-14 20:43:26,2025-10-14 20:43:30,128
9202,Overwatch,Irrelevant,"This was a really, really fun set of build. Well worth the money though if you don't care about that.",2025-10-14 20:43:26,2025-10-14 20:43:30,101
9203,Overwatch,Neutral,Hey everything sucks so let’s play video games!.  . Twitch.tv/NotInTheFace_69,2025-10-14 20:43:26,2025-10-14 20:43:30,77
9203,Overwatch,Neutral,"Hey everything sucks, so let's play video games!.. Twitch.tv / NotInTheFace _ 69",2025-10-14 20:43:26,2025-10-14 20:43:30,80
9203,Overwatch,Neutral,Hey everything sucks so let's play video games!....................................................................................................................................................................................,2025-10-14 20:43:26,2025-10-14 20:43:30,227
9203,Overwatch,Neutral,Hey everything happens so let’s play fun games!. . Twitch.tv/NotInTheFace_69,2025-10-14 20:43:26,2025-10-14 20:43:30,76
9203,Overwatch,Neutral,Oh Hey everything sucks... so let ’ s play video arcade games!.. Twitch. On tv / NotInTheFace _ Episode 69,2025-10-14 20:43:26,2025-10-14 20:43:30,106
9203,Overwatch,Neutral,<unk> he sucks so let’s play awesome games!.. Twitch.tv/NotInTheFace_69,2025-10-14 20:43:26,2025-10-14 20:43:30,71
9204,Overwatch,Neutral,Happy Wednesday all!. Well on this fine Wednesday I am streaming some Overwatch over @ twitch.tv/AvgGamer011 come on out and say hey :). . @TwitchHost . @Twitch_RT . @TwitchSIE . @SupportStreamz . @TwitchSharing . @TwitchSupport https://t.co/Zw6I2QikAi,2025-10-14 20:43:26,2025-10-14 20:43:30,252
9204,Overwatch,Neutral,On this beautiful Wednesday I stream Overwatch over @ twitch.tv / AvgGamer011 and say:)... @ TwitchHost. @ Twitch _ RT. @ TwitchSIE. @ SupportStreamz. @ TwitchSharing. @ TwitchSupport https: / / t.co / Zw6I2QikAi,2025-10-14 20:43:26,2025-10-14 20:43:30,212
9204,Overwatch,Neutral,"Happy Wednesday everyone!.. Well, on this beautiful Wednesday I watch some Overwatch on @ tch.tv / AvgG011, go out and say, \"hey:)\".................... @ tchSIE. @ supply Streamz. @ tchSharing. @ tchSupport.",2025-10-14 20:43:26,2025-10-14 20:43:30,207
9204,Overwatch,Neutral,Happy Wednesday all!. Well on this fine Wednesday I am streaming some Overwatch over @ twitch.tv/AvgGamer011 come on out and say hey :). . RhandlerR . RhandlerR . RhandlerR . RhandlerR . RhandlerR . RhandlerR RhttpR],2025-10-14 20:43:26,2025-10-14 20:43:30,216
9204,Overwatch,Neutral,and Happy Wednesday all!. Well on this fine Wednesday I am streaming some Overwatch over @ twitch.tv/AvgGamer011 come on out and say hey :). . RhandlerR . RhandlerR . RhandlerR . RhandlerR . RhandlerR . RhandlerR RhttpR],2025-10-14 20:43:26,2025-10-14 20:43:30,220
9204,Overwatch,Neutral,just,2025-10-14 20:43:26,2025-10-14 20:43:30,4
9205,Overwatch,Negative,fuck twitter.com/urfavisdrafted…,2025-10-14 20:43:26,2025-10-14 20:43:30,32
9205,Overwatch,Negative,twitter.com / urfavisdrafted...,2025-10-14 20:43:26,2025-10-14 20:43:30,31
9205,Overwatch,Negative,fuck: http: / / urfavisdrafted...,2025-10-14 20:43:26,2025-10-14 20:43:30,33
9205,Overwatch,Negative,fuck twitter.com/urfavisdrafted…,2025-10-14 20:43:26,2025-10-14 20:43:30,32
9205,Overwatch,Negative,1 fuck twitter.com/urfavisdrafted…,2025-10-14 20:43:26,2025-10-14 20:43:30,34
9205,Overwatch,Negative,<unk>,2025-10-14 20:43:26,2025-10-14 20:43:30,5
9206,Overwatch,Negative,Im not bad at overwatch im terrible 🤣🤣 pic.twitter.com/WxadjBKJhU,2025-10-14 20:43:26,2025-10-14 20:43:30,65
9206,Overwatch,Negative,I'm not bad at overwatch im awful pic.twitter.com / WxadjBKJhU,2025-10-14 20:43:26,2025-10-14 20:43:30,62
9206,Overwatch,Negative,"looks good on the overwatch, he's terrible.",2025-10-14 20:43:26,2025-10-14 20:43:30,43
9206,Overwatch,Negative,Im not bad at overwatch im terrible 🤣🤣 pic.twitter.com/WxadjBKJhU,2025-10-14 20:43:26,2025-10-14 20:43:30,65
9206,Overwatch,Negative,2 Im not bad at overwatch im terrible 🤣🤣 pic.twitter.com/WxadjBKJhU,2025-10-14 20:43:26,2025-10-14 20:43:30,67
9206,Overwatch,Negative,can,2025-10-14 20:43:26,2025-10-14 20:43:30,3
9207,Overwatch,Neutral,I'm WHEEZING,2025-10-14 20:43:26,2025-10-14 20:43:30,12
9207,Overwatch,Neutral,I ride a bike,2025-10-14 20:43:26,2025-10-14 20:43:30,13
9207,Overwatch,Neutral,I am the PEOPLE PEOPLE PEOPLE PEOPLE PEOPLE PEOPLE PEOPLE PEOPLE PEOPLE PEOPLE PEOPLE PEOPLE PEOPLE PEOPLE PEOPLE PEOPLE PEOPLE PEOPLE PEOPLE PEOPLE PEOPLE PEOPLE PEOPLE PEOPLE PEOPLE PEOPLE PEOPLE,2025-10-14 20:43:26,2025-10-14 20:43:30,197
9207,Overwatch,Neutral,I'm Noah,2025-10-14 20:43:26,2025-10-14 20:43:30,8
9207,Overwatch,Neutral,I'm watching WHEEZING,2025-10-14 20:43:26,2025-10-14 20:43:30,21
9207,Overwatch,Neutral,I'm so,2025-10-14 20:43:26,2025-10-14 20:43:30,6
9208,Overwatch,Negative,@PlayOverwatch I WAIT 15MIN FOR GAMES AND GET THESE ERRORS WAY TOO MUCH PLZ FIX I BEG ;-;-;-; pic.twitter.com/sQyjqt32an,2025-10-14 20:43:26,2025-10-14 20:43:30,120
9208,Overwatch,Negative,@ PlayOverwatch I WAIT 15MIN FOR GAMES AND GET THIS ERROR TO MUCH ZIP FIX I BEG; -; -; -; pic.twitter.com / sQyjqt32an,2025-10-14 20:43:26,2025-10-14 20:43:30,118
9208,Overwatch,Negative,@ PlayOverwatch I WAIT 15MIN FOR GAMES AND GET THESE ERRORS WAY TO MUCH PLZ FIX I BEG; -; -; -; pic.facebook.com / sQyjqt32an,2025-10-14 20:43:26,2025-10-14 20:43:30,125
9208,Overwatch,Negative,RhandlerR I WAIT 15MIN FOR GAMES AND GET THESE ERRORS WAY TOO MUCH PLZ FIX I BEG ;-;-;-; pic.twitter.com/sQyjqt32an,2025-10-14 20:43:26,2025-10-14 20:43:30,115
9208,Overwatch,Negative,and RhandlerR I WAIT 15MIN FOR GAMES AND GET THESE ERRORS WAY TOO MUCH PLZ FIX I BEG ;-;-;-; pic.twitter.com/sQyjqt32an,2025-10-14 20:43:26,2025-10-14 20:43:30,119
9208,Overwatch,Negative,how,2025-10-14 20:43:26,2025-10-14 20:43:30,3
9209,Overwatch,Irrelevant,everyone watch him I LOVE HIM,2025-10-14 20:43:26,2025-10-14 20:43:30,29
9209,Overwatch,Irrelevant,"All watch him, I LOVE HIM",2025-10-14 20:43:26,2025-10-14 20:43:30,25
9209,Overwatch,Irrelevant,"Everyone looks at him, I love him.",2025-10-14 20:43:26,2025-10-14 20:43:30,34
9209,Overwatch,Irrelevant,everyone told him I LOVE HIM,2025-10-14 20:43:26,2025-10-14 20:43:30,28
9209,Overwatch,Irrelevant,everyone watch and him I LOVE HIM,2025-10-14 20:43:26,2025-10-14 20:43:30,33
9209,Overwatch,Irrelevant,everyone watch him NOT LOVE HIM,2025-10-14 20:43:26,2025-10-14 20:43:30,31
9210,Overwatch,Positive,Nice day today enough to unlock this name on why Overwatch live right now! Come through my first place giveaway powered by,2025-10-14 20:43:26,2025-10-14 20:43:30,122
9210,Overwatch,Positive,"Nice day today enough to unlock this name, why Overwatch is live right now! Come through my first sweepstakes powered by",2025-10-14 20:43:26,2025-10-14 20:43:30,120
9210,Overwatch,Positive,A nice day today is enough to reveal this name about why Overwatch Live is right now!,2025-10-14 20:43:26,2025-10-14 20:43:30,85
9210,Overwatch,Positive,Nice day today enough to unlock this name on why Overwatch matters right away! Come through my first place giveaway powered by,2025-10-14 20:43:26,2025-10-14 20:43:30,126
9210,Overwatch,Positive,Nice day today enough to go unlock by this name on wonder why Overwatch live right now! Come through my very first place giveaway powered over by,2025-10-14 20:43:26,2025-10-14 20:43:30,145
9210,Overwatch,Positive,Nice day today enough to be this name on why Overwatch live right now! Come through that first place giveaway tomorrow by,2025-10-14 20:43:26,2025-10-14 20:43:30,121
9211,Overwatch,Positive,I love one man pic.twitter.com/IjOowLSVRt,2025-10-14 20:43:26,2025-10-14 20:43:30,41
9211,Overwatch,Positive,I love a man pic.twitter.com / IjOowLSVRt,2025-10-14 20:43:26,2025-10-14 20:43:30,41
9211,Overwatch,Positive,I love one man pic.wikipedia.org / IjOwLart,2025-10-14 20:43:26,2025-10-14 20:43:30,43
9211,Overwatch,Positive,I love one man pic.twitter.com/IjOowLSVRt,2025-10-14 20:43:26,2025-10-14 20:43:30,41
9211,Overwatch,Positive,1 I love one man pic.twitter.com/IjOowLSVRt,2025-10-14 20:43:26,2025-10-14 20:43:30,43
9211,Overwatch,Positive,of,2025-10-14 20:43:26,2025-10-14 20:43:30,2
9212,Overwatch,Positive,"Soooo..... Got my first play of the game in overwatch today, i am falling in love with this game",2025-10-14 20:43:26,2025-10-14 20:43:30,98
9212,Overwatch,Positive,"Soooo..... Got my first game of the game in Overwatch today, I fall in love with this game",2025-10-14 20:43:26,2025-10-14 20:43:30,90
9212,Overwatch,Positive,"Soooo..... Got my first play of the game in overwatch today, i am falling in love with this game",2025-10-14 20:43:26,2025-10-14 20:43:30,96
9212,Overwatch,Positive,"Soooo..... Got my first part of the game in overwatch today, i am falling in love with this :",2025-10-14 20:43:26,2025-10-14 20:43:30,93
9212,Overwatch,Positive,"Soooo..... Got up my first little play of the game in every overwatch today, i am so falling in love with this amazing game",2025-10-14 20:43:26,2025-10-14 20:43:30,123
9212,Overwatch,Positive,"Game..... Got my first play of the world in free today, i am falling great love with this game",2025-10-14 20:43:26,2025-10-14 20:43:30,94
9213,Overwatch,Positive,I love this,2025-10-14 20:43:26,2025-10-14 20:43:30,11
9213,Overwatch,Positive,nan,2025-10-14 20:43:26,2025-10-14 20:43:30,3
9213,Overwatch,Positive,I love this,2025-10-14 20:43:26,2025-10-14 20:43:30,11
9213,Overwatch,Positive,I love the,2025-10-14 20:43:26,2025-10-14 20:43:30,10
9213,Overwatch,Positive,That I love this,2025-10-14 20:43:26,2025-10-14 20:43:30,16
9213,Overwatch,Positive,does love this,2025-10-14 20:43:26,2025-10-14 20:43:30,14
9214,Overwatch,Neutral,Best duo support Check out my broadcast from my PlayStation 4!,2025-10-14 20:43:26,2025-10-14 20:43:30,64
9214,Overwatch,Neutral,The best duo support Watch my show from my PlayStation 4!,2025-10-14 20:43:26,2025-10-14 20:43:30,57
9214,Overwatch,Neutral,Best Duo Support Watch my broadcast from my PlayStation 4!,2025-10-14 20:43:26,2025-10-14 20:43:30,58
9214,Overwatch,Neutral,Best duo support Check out my broadcast from my season 4!,2025-10-14 20:43:26,2025-10-14 20:43:30,57
9214,Overwatch,Neutral,Best duo support Check out my broadcast from my Nintendo PlayStation Play 4!,2025-10-14 20:43:26,2025-10-14 20:43:30,76
9214,Overwatch,Neutral,Best duo support Check out my broadcast from my channel 4!,2025-10-14 20:43:26,2025-10-14 20:43:30,58
9215,Overwatch,Negative,I miss spamming stay on the payload in overwatch,2025-10-14 20:43:26,2025-10-14 20:43:30,48
9215,Overwatch,Negative,I'll miss spending time on the payload in Overwatch,2025-10-14 20:43:26,2025-10-14 20:43:30,51
9215,Overwatch,Negative,I miss spam by staying on the payload in overwatch,2025-10-14 20:43:26,2025-10-14 20:43:30,50
9215,Overwatch,Negative,I miss spamming stay on the payload in general,2025-10-14 20:43:26,2025-10-14 20:43:30,46
9215,Overwatch,Negative,I miss spamming stay locked on the payload bag in overwatch,2025-10-14 20:43:26,2025-10-14 20:43:30,59
9215,Overwatch,Negative,I miss spamming stay on active payload in overwatch,2025-10-14 20:43:26,2025-10-14 20:43:30,51
9216,Overwatch,Irrelevant,Overwatch game chat is toxic,2025-10-14 20:43:26,2025-10-14 20:43:30,28
9216,Overwatch,Irrelevant,Overwatch chat is toxic,2025-10-14 20:43:26,2025-10-14 20:43:30,23
9216,Overwatch,Irrelevant,Overtime Chat Is Toxic,2025-10-14 20:43:26,2025-10-14 20:43:30,22
9216,Overwatch,Irrelevant,Overwatch video chat is toxic,2025-10-14 20:43:26,2025-10-14 20:43:30,29
9216,Overwatch,Irrelevant,Overwatch game video chat is toxic,2025-10-14 20:43:26,2025-10-14 20:43:30,34
9216,Overwatch,Irrelevant,Overwatch game play is toxic,2025-10-14 20:43:26,2025-10-14 20:43:30,28
9217,Overwatch,Negative,I guess not ordered but anyway . . • NieR:Automata . • Pokemon Platinum (every pokemon game in general but fuck it) . • Overwatch (sadly) . • FGO,2025-10-14 20:43:26,2025-10-14 20:43:30,145
9217,Overwatch,Negative,"I guess not ordered, but nevertheless. • NieR: Automata. • Pokemon Platinum (every Pokemon game in general, but shit). • Overwatch (unfortunately). • FGO",2025-10-14 20:43:26,2025-10-14 20:43:30,153
9217,Overwatch,Negative,"It seems not ordered, but still................................................................................................................................................................................................",2025-10-14 20:43:26,2025-10-14 20:43:30,223
9217,Overwatch,Negative,I guess not ordered but anyway.. • NieR:Automata. • Pokemon Curse (every pokemon dies in general but fuck it). • Overwatch (sadly) has ` FGO,2025-10-14 20:43:26,2025-10-14 20:43:30,140
9217,Overwatch,Negative,No I guess not ordered but there anyway.. 9 • NieR : Automata. 3 • Pokemon All Platinum ( every live pokemon game made in general but fuck it ). 2 • Japan Overwatch ( sadly ). • FGO,2025-10-14 20:43:26,2025-10-14 20:43:30,181
9217,Overwatch,Negative,mm guess not ordered but recommended.. • NieR:Automata. 2018 Pokemon Live (every pokemon game in general but fuck you). 2016 Plus (sadly). • FGO,2025-10-14 20:43:26,2025-10-14 20:43:30,144
9218,Overwatch,Irrelevant,FUCK YALL TOXIC PEOPLE ON OVERWATCH,2025-10-14 20:43:26,2025-10-14 20:43:30,35
9218,Overwatch,Irrelevant,FUCK EVERY TOXIC PEOPLE ON OVERWATCH,2025-10-14 20:43:26,2025-10-14 20:43:30,36
9218,Overwatch,Irrelevant,HIGH WATER FUK YALL TOXIC PEOPLE,2025-10-14 20:43:26,2025-10-14 20:43:30,32
9218,Overwatch,Irrelevant,FUCK UP TOXIC PEOPLE ON OVERWATCH,2025-10-14 20:43:26,2025-10-14 20:43:30,33
9218,Overwatch,Irrelevant,FUCK A YALL AS TOXIC THE PEOPLE ON IS OVERWATCH,2025-10-14 20:43:26,2025-10-14 20:43:30,47
9218,Overwatch,Irrelevant,CAN YALL TOXIC<unk> ON OVERWATCH,2025-10-14 20:43:26,2025-10-14 20:43:30,32
9219,Overwatch,Positive,Awesome gaming night with my hubby @xtremefanatik and friends!!! @MixerRetweeter @WatchMixer @DestinyTheGame @PlayOverwatch,2025-10-14 20:43:26,2025-10-14 20:43:30,125
9219,Overwatch,Positive,Great game night with my husband @ xtremefanatik and friends!!! @ MixerRetweeter @ WatchMixer @ DestinyTheGame @ PlayOverwatch,2025-10-14 20:43:26,2025-10-14 20:43:30,126
9219,Overwatch,Positive,A night of gambling with my hubby @ xtremefan and friends!!! @ MixerRetweeter @ WatchMix @ DestinyTheGame @ PlayOverwatch,2025-10-14 20:43:26,2025-10-14 20:43:30,121
9219,Overwatch,Positive,Awesome gaming night with my hubby @xtremefanatik and friends!!! Signed @MixerRetweeter & @WatchMixer,2025-10-14 20:43:26,2025-10-14 20:43:30,101
9219,Overwatch,Positive,Awesome gaming at night with exactly my hubby Ryan @xtremefanatik and three friends!!! GO @MixerRetweeter RPG @WatchMixer @DestinyTheGame @PlayOverwatch,2025-10-14 20:43:26,2025-10-14 20:43:30,152
9219,Overwatch,Positive,Awesome gaming whether either my hubby @xtremefanatik and I @MixerRetweeter @WatchMixer @DestinyTheGame T,2025-10-14 20:43:26,2025-10-14 20:43:30,105
9220,Overwatch,Positive,I think its pretty badass,2025-10-14 20:43:26,2025-10-14 20:43:30,25
9220,Overwatch,Positive,I think it's pretty vicious,2025-10-14 20:43:26,2025-10-14 20:43:30,27
9220,Overwatch,Positive,I think its pretty badass,2025-10-14 20:43:26,2025-10-14 20:43:30,25
9220,Overwatch,Positive,I bet its pretty badass,2025-10-14 20:43:26,2025-10-14 20:43:30,23
9220,Overwatch,Positive,I think its truly pretty badass,2025-10-14 20:43:26,2025-10-14 20:43:30,31
9220,Overwatch,Positive,I said its pretty badass,2025-10-14 20:43:26,2025-10-14 20:43:30,24
9221,Overwatch,Negative,"overwatch is trash, fuck this game",2025-10-14 20:43:26,2025-10-14 20:43:30,34
9221,Overwatch,Negative,"overwatch is garbage, fuck this game",2025-10-14 20:43:26,2025-10-14 20:43:30,36
9221,Overwatch,Negative,"overwatch is trash, fuck this game",2025-10-14 20:43:26,2025-10-14 20:43:30,34
9221,Overwatch,Negative,"overwatch is trash, finish this game",2025-10-14 20:43:26,2025-10-14 20:43:30,36
9221,Overwatch,Negative,"overwatch place is trash, fuck this game",2025-10-14 20:43:26,2025-10-14 20:43:30,40
9221,Overwatch,Negative,"overwatch is trash, fuck this world",2025-10-14 20:43:26,2025-10-14 20:43:30,35
9222,Overwatch,Irrelevant,"Shoutout to the amazing people who cheered me up. . Tonight, im just gonna vibe on Overwatch",2025-10-14 20:43:26,2025-10-14 20:43:30,92
9222,Overwatch,Irrelevant,Shoutout to the amazing people who cheered me up.. tonight I'm just going to be in the mood for Overwatch.,2025-10-14 20:43:26,2025-10-14 20:43:30,106
9222,Overwatch,Irrelevant,"Shoutout to the amazing people who cheered me up.. Tonight, im just gonna vibe on Overwatch",2025-10-14 20:43:26,2025-10-14 20:43:30,91
9222,Overwatch,Irrelevant,"Shoutout to other amazing people who cheered me up.. Tonight, im not gonna vibe on Overwatch",2025-10-14 20:43:26,2025-10-14 20:43:30,92
9222,Overwatch,Irrelevant,"Shoutout Song to the amazing other people who cheered me up.. Tonight, with im just gonna vibe in on Overwatch",2025-10-14 20:43:26,2025-10-14 20:43:30,110
9222,Overwatch,Irrelevant,"you to the amazing people who cheered me here.. Tonight, im really gonna vibe on Overwatch",2025-10-14 20:43:26,2025-10-14 20:43:30,90
9223,Overwatch,Irrelevant,Bulldog: Pro Skateboarder . Enjoying soo much !!.,2025-10-14 20:43:26,2025-10-14 20:43:30,51
9223,Overwatch,Irrelevant,Bulldog: Pro skateboarder. Enjoy soo much!!.,2025-10-14 20:43:26,2025-10-14 20:43:30,44
9223,Overwatch,Irrelevant,Bulldog: Professional skateboarder.,2025-10-14 20:43:26,2025-10-14 20:43:30,35
9223,Overwatch,Irrelevant,Bulldog: Pro Skateboarder. Enjoying soo much life.,2025-10-14 20:43:26,2025-10-14 20:43:30,50
9223,Overwatch,Irrelevant,Red Bulldog : Pro At Skateboarder. Enjoying a soo much!!.,2025-10-14 20:43:26,2025-10-14 20:43:30,57
9223,Overwatch,Irrelevant,Me: Pro Skateboarder. Enjoying really much!!.,2025-10-14 20:43:26,2025-10-14 20:43:30,45
9224,Overwatch,Negative,"fuck tracer LOL. . if a overwatch character had to be added in, genji would just be the better pick",2025-10-14 20:43:26,2025-10-14 20:43:30,99
9224,Overwatch,Negative,"Fuck Tracer LOL... if an Overwatch character had to be added, Genji would just be the better choice",2025-10-14 20:43:26,2025-10-14 20:43:30,99
9224,Overwatch,Negative,"fuck tracer LOL.. if a overwatch character had to be added in, genji would just be the better pick",2025-10-14 20:43:26,2025-10-14 20:43:30,98
9224,Overwatch,Negative,"fuck tracer xp.. if a overwatch character had to be added in, genji would just be way better pick",2025-10-14 20:43:26,2025-10-14 20:43:30,97
9224,Overwatch,Negative,"fuck tracer LOL.. if a nice overwatch human character change had to be added and in, her genji would just be the better pick",2025-10-14 20:43:26,2025-10-14 20:43:30,124
9224,Overwatch,Negative,"fuck tracer LOL.. if a other function had not be added in, genji would surely be the better pick",2025-10-14 20:43:27,2025-10-14 20:43:30,96
9225,Overwatch,Positive,I can't get overwatch out of my head. I wanna grind thhat game so badly,2025-10-14 20:43:27,2025-10-14 20:43:30,71
9225,Overwatch,Positive,I can't monitor out of my head. I want to grind this game so bad.,2025-10-14 20:43:27,2025-10-14 20:43:30,65
9225,Overwatch,Positive,I can't get overwatch out of my head. I wanna grind thhat game so badly,2025-10-14 20:43:27,2025-10-14 20:43:30,71
9225,Overwatch,Positive,I can't get overwatch out of this head. I wanna grind thhat game so badly,2025-10-14 20:43:27,2025-10-14 20:43:30,73
9225,Overwatch,Positive,I can't get another overwatch conversation out of just my head. I wanna to grind thhat game so badly,2025-10-14 20:43:27,2025-10-14 20:43:30,100
9225,Overwatch,Positive,I can't get off the of my head. And wanna grind thhat game so badly,2025-10-14 20:43:27,2025-10-14 20:43:30,67
9226,Overwatch,Irrelevant,you GUYS i was playing overwatch last night and two people on the team were arguing so i asked if they could stop so we could try to win and one of them ADDED ME TO TELL ME I WAS SCREECHING INTO THE MIC?¿?. . i literally don’t think i’ve ever spoken as softly as i did in my LIFE,2025-10-14 20:43:27,2025-10-14 20:43:30,279
9226,Overwatch,Irrelevant,"She said I was playing Overwatch last night and two people on the team were arguing, so I asked them if they could stop so we could try and win, and one of them told me I was screaming into the microphone... I don't think I've ever spoken as softly as in my life.",2025-10-14 20:43:27,2025-10-14 20:43:30,263
9226,Overwatch,Irrelevant,"you GAYS I was playing an audition last night and two people on the team were arguing, so I asked if they could stop so we could try to win and one of them ADVANTED me to tell me I HAPPENED IN MIC? ¿?.. I literally don't think I've ever spoken as soberly as I've spoken in my life",2025-10-14 20:43:27,2025-10-14 20:43:30,280
9226,Overwatch,Irrelevant,you GUYS i was playing overwatch last night and two people on the team was arguing so i asked if he could stop and we<unk> try to win and one of them ADDED ME TO TELL ME I WAS SCREECHING INTO THE MIC?¿?.. i literally don’t think have ever spoken as good as i did in modern LIFE,2025-10-14 20:43:27,2025-10-14 20:43:30,277
9226,Overwatch,Irrelevant,you left GUYS i too was playing on overwatch last night in and two people on the team were arguing so i asked if they too could stop so we could try to hit win and one of them ADDED ME IN TO TELL ME I WAS SCREECHING INTO THE MIC? ¿?.. i literally don ’ t think i ’ ve ever actually spoken as quite softly as i did in my initial LIFE,2025-10-14 20:43:27,2025-10-14 20:43:30,332
9226,Overwatch,Irrelevant,you GUYS i was playing well last night and two people on the team was arguing so i asked if they could stop if they could try to sing and one of both ADDED ME TO TELL ME I THAT SCREECHING INTO THE MIC?<unk>?.. i literally must swear i’ve ever spoken it softly as i did in my LIFE,2025-10-14 20:43:27,2025-10-14 20:43:30,279
9227,Overwatch,Irrelevant,like gorl . u r so fine pic.twitter.com/d1pzIOgt7p,2025-10-14 20:43:27,2025-10-14 20:43:30,50
9227,Overwatch,Irrelevant,like gorl. u r So beautiful pic.twitter.com / d1pzIOgt7p,2025-10-14 20:43:27,2025-10-14 20:43:30,56
9227,Overwatch,Irrelevant,I like gorl. u r so fine pic.wikipedia.com / d1pzIO7p,2025-10-14 20:43:27,2025-10-14 20:43:30,53
9227,Overwatch,Irrelevant,like gorl . u r so fine pic.twitter.com/d1pzIOgt7p,2025-10-14 20:43:27,2025-10-14 20:43:30,50
9227,Overwatch,Irrelevant,B like gorl . u r so fine pic.twitter.com/d1pzIOgt7p,2025-10-14 20:43:27,2025-10-14 20:43:30,52
9227,Overwatch,Irrelevant,of,2025-10-14 20:43:27,2025-10-14 20:43:30,2
9228,Overwatch,Positive,"finally hit diamond again playing mostly Ana, I'm really happy but also kind of horrified at the amount of overwatch ive played this season",2025-10-14 20:43:27,2025-10-14 20:43:30,139
9228,Overwatch,Positive,"I'm really happy, but also kind of appalled by the amount of Overwatch I've played this season.",2025-10-14 20:43:27,2025-10-14 20:43:30,95
9228,Overwatch,Positive,"finally hit the diamond again playing mainly Ana, I'm very happy but also kind of terrified by the amount of overwatch Ive has played this season",2025-10-14 20:43:27,2025-10-14 20:43:30,145
9228,Overwatch,Positive,"finally hit diamond again playing mostly Ana, really really happy but also kind of horrified given the amount of overwatch ive played this season",2025-10-14 20:43:27,2025-10-14 20:43:30,145
9228,Overwatch,Positive,"finally hit diamond again playing mostly like Ana, saying I'm really happy but also kind of horrified at the apparent amount of her overwatch my ive played this season",2025-10-14 20:43:27,2025-10-14 20:43:30,167
9228,Overwatch,Positive,"finally hit diamond again playing mostly Ana, I'm super happy while also kind of horrified at the amount of times ive played this video",2025-10-14 20:43:27,2025-10-14 20:43:30,135
9229,Overwatch,Negative,Never in my life have i ever fealt this fed up over a game that wasnt overwatch,2025-10-14 20:43:27,2025-10-14 20:43:30,79
9229,Overwatch,Negative,Never in my life have I been fed up with a game that wasn't monitored,2025-10-14 20:43:27,2025-10-14 20:43:30,69
9229,Overwatch,Negative,Never in my life have I ever seen it bother me with a game that wasn't being watched,2025-10-14 20:43:27,2025-10-14 20:43:30,84
9229,Overwatch,Negative,Never en my life have i ever fealt this fed up n a game that wasnt overwatch,2025-10-14 20:43:27,2025-10-14 20:43:30,76
9229,Overwatch,Negative,Never late in my life have i m ever fealt felt this fed up over a baseball game that wasnt overwatch,2025-10-14 20:43:27,2025-10-14 20:43:30,100
9229,Overwatch,Negative,Never in my life did i ever fealt this much up over a show that wasnt overwatch,2025-10-14 20:43:27,2025-10-14 20:43:30,79
9230,Overwatch,Neutral,SUPER LIVE with SUPER JUICE !!. .  . .  twitch.tv/atl_rain,2025-10-14 20:43:27,2025-10-14 20:43:30,58
9230,Overwatch,Neutral,SUPER LIVE with SUPER JUICE!!.... twitch.tv / atl _ rain,2025-10-14 20:43:27,2025-10-14 20:43:30,56
9230,Overwatch,Neutral,SUPER LIVE with SUPER JUICE!!........ tch.tv / atl _ rain,2025-10-14 20:43:27,2025-10-14 20:43:30,57
9230,Overwatch,Neutral,SUPER LIVE with SUPER JUICE !!. .  . .  twitch.tv/atl_rain,2025-10-14 20:43:27,2025-10-14 20:43:30,58
9230,Overwatch,Neutral,On SUPER LIVE with SUPER JUICE !!. .  . .  twitch.tv/atl_rain,2025-10-14 20:43:27,2025-10-14 20:43:30,61
9230,Overwatch,Neutral,you,2025-10-14 20:43:27,2025-10-14 20:43:30,3
9231,Overwatch,Positive,All I can say is thank god its Friday! Another big weekend ahead for the channel. Gonna be a good 1 folks. Drinking and playing Overwatch will be the trend this weekend..,2025-10-14 20:43:27,2025-10-14 20:43:30,172
9231,Overwatch,Positive,"All I can say, thank God, is Friday! Another big weekend for the channel. A good 1 people. Drinking and playing Overwatch will be the trend this weekend.",2025-10-14 20:43:27,2025-10-14 20:43:30,153
9231,Overwatch,Positive,All I can say is thank God for his Friday! Another big weekend ahead for the channel.,2025-10-14 20:43:27,2025-10-14 20:43:30,85
9231,Overwatch,Positive,All Blizzard can say is thank gods its here! Another big weekend ahead for the channel. Gonna be a good 1 folks. Drinking and playing Overwatch will be the trend this weekend..,2025-10-14 20:43:27,2025-10-14 20:43:30,176
9231,Overwatch,Positive,... All I do can say is a thank god its Friday! too Another nasty big weekend ahead for the channel. Gonna be a good 1 million folks. Drinking beer and playing Overwatch Wii will be the trend this weekend..,2025-10-14 20:43:27,2025-10-14 20:43:30,206
9231,Overwatch,Positive,All anyone gonna say are thank goodness its Friday! Another big weekend ahead at the channel. Gonna be a good 1 folks. Drinking and playing Overwatch will be the trend that weekend..,2025-10-14 20:43:27,2025-10-14 20:43:30,182
9232,Overwatch,Positive,I’m so pumped for tonight’s stream. We are gonna do some WORK on Overwatch Comp!!. . Come through and bear witness to my domination! pic.twitter.com/qfoaKiDgUl,2025-10-14 20:43:27,2025-10-14 20:43:30,159
9232,Overwatch,Positive,I'm so pumped for the stream tonight. We'll do a little WORK on Overwatch Comp!!. Come through and witness my domination! pic.twitter.com / qfoaKiDgUl,2025-10-14 20:43:27,2025-10-14 20:43:30,150
9232,Overwatch,Positive,I'm so sorry for today's stream. We're going to do some WORK on Overwatch Comp!!. Come and witness my dominance! pic.facebook.com / qfoaKiDgUl,2025-10-14 20:43:27,2025-10-14 20:43:30,142
9232,Overwatch,Positive,I’m so pumped for tonight’s stream. We are gonna do some WORK on Overwatch Comp!!. . Come through and bear witness to my domination! pic.twitter.com/qfoaKiDgUl,2025-10-14 20:43:27,2025-10-14 20:43:30,159
9232,Overwatch,Positive,IBM I’m so pumped for tonight’s stream. We are gonna do some WORK on Overwatch Comp!!. . Come through and bear witness to my domination! pic.twitter.com/qfoaKiDgUl,2025-10-14 20:43:27,2025-10-14 20:43:30,163
9232,Overwatch,Positive,will,2025-10-14 20:43:27,2025-10-14 20:43:30,4
9233,Overwatch,Positive,Thanks y'all! .,2025-10-14 20:43:27,2025-10-14 20:43:30,16
9233,Overwatch,Positive,Thank you very much!.,2025-10-14 20:43:27,2025-10-14 20:43:30,21
9233,Overwatch,Positive,Thanks y'all!.,2025-10-14 20:43:27,2025-10-14 20:43:30,14
9233,Overwatch,Positive,Thanks Ya'all!.,2025-10-14 20:43:27,2025-10-14 20:43:30,15
9233,Overwatch,Positive,What Thanks y'all!.,2025-10-14 20:43:27,2025-10-14 20:43:30,19
9233,Overwatch,Positive,by y'all!.,2025-10-14 20:43:27,2025-10-14 20:43:30,10
9234,Overwatch,Irrelevant,very unprepared overwatch stream twitch.tv/sonreigen,2025-10-14 20:43:27,2025-10-14 20:43:30,52
9234,Overwatch,Irrelevant,very unprepared overwatch stream twitch.tv / sonreigen,2025-10-14 20:43:27,2025-10-14 20:43:30,54
9234,Overwatch,Irrelevant,a very unprepared stream of supervisors at tch.tv / song,2025-10-14 20:43:27,2025-10-14 20:43:30,56
9234,Overwatch,Irrelevant,very unprepared overwatch stream twitch.tv/sonreigen,2025-10-14 20:43:27,2025-10-14 20:43:30,52
9234,Overwatch,Irrelevant,7 very unprepared overwatch stream twitch.tv/sonreigen,2025-10-14 20:43:27,2025-10-14 20:43:30,54
9234,Overwatch,Irrelevant,make,2025-10-14 20:43:27,2025-10-14 20:43:30,4
9235,Overwatch,Irrelevant,I'm insanely bored. Going live with some random Overwatch in 5.. . Random Overwatch Stream - I'm so bored! twitch.tv/xskyforgergami…,2025-10-14 20:43:27,2025-10-14 20:43:30,132
9235,Overwatch,Irrelevant,I'm insanely bored. Go live with some random Overwatch in 5... Random Overwatch Stream - I'm so bored! twitch.tv / xskyforgergami...,2025-10-14 20:43:27,2025-10-14 20:43:30,132
9235,Overwatch,Irrelevant,I'm fighting so hard. I'm going live with some random Overwatch at 5... Random Overwatch Stream - I'm fighting so hard! tch.tv / xskyforgergami...,2025-10-14 20:43:27,2025-10-14 20:43:30,146
9235,Overwatch,Irrelevant,I'm insanely bored. Going live with some random Overwatch in 5.. . Random Overwatch Stream - I'm so bored! twitch.tv/xskyforgergami…,2025-10-14 20:43:27,2025-10-14 20:43:30,132
9235,Overwatch,Irrelevant,The I'm insanely bored. Going live with some random Overwatch in 5.. . Random Overwatch Stream - I'm so bored! twitch.tv/xskyforgergami…,2025-10-14 20:43:27,2025-10-14 20:43:30,136
9235,Overwatch,Irrelevant,I,2025-10-14 20:43:27,2025-10-14 20:43:30,1
9236,Overwatch,Neutral,Anyone else read this and think they were tripling the literal damage output?,2025-10-14 20:43:27,2025-10-14 20:43:30,77
9236,Overwatch,Neutral,Everyone else reads this and thinks they've trebled the literal damage production?,2025-10-14 20:43:27,2025-10-14 20:43:30,82
9236,Overwatch,Neutral,Did anyone else read this and think they had tripled the literal damage count?,2025-10-14 20:43:27,2025-10-14 20:43:30,78
9236,Overwatch,Neutral,Anyone else read this and think they were tripling the literal ad output?,2025-10-14 20:43:27,2025-10-14 20:43:30,73
9236,Overwatch,Neutral,Anyone outside else read to this and think even they were tripling the literal damage output?,2025-10-14 20:43:27,2025-10-14 20:43:30,93
9236,Overwatch,Neutral,Anyone else read that and think people were tripling the literal damage output?,2025-10-14 20:43:27,2025-10-14 20:43:30,79
9237,Overwatch,Positive,want overwatch on my pc so bad i cant deal w playing on a mf SWITCH,2025-10-14 20:43:27,2025-10-14 20:43:30,67
9237,Overwatch,Positive,want to overwatch on my pc so bad i can not deal w play on an mf SWITCH,2025-10-14 20:43:27,2025-10-14 20:43:30,71
9237,Overwatch,Positive,want overwatch on my pc so bad i cant deal w playing on a mf SWITCH,2025-10-14 20:43:27,2025-10-14 20:43:30,67
9237,Overwatch,Positive,want overwatch on my pc so bad i cant deal w playing w a mf SWITCH,2025-10-14 20:43:27,2025-10-14 20:43:30,66
9237,Overwatch,Positive,want overwatch on and my pc does so bad thing i cant just deal w playing on a mf SWITCH,2025-10-14 20:43:27,2025-10-14 20:43:30,87
9237,Overwatch,Positive,want overwatch my 1 pc really bad i cant deal w playing on a mf SWITCH,2025-10-14 20:43:27,2025-10-14 20:43:30,70
9238,Overwatch,Negative,".@PlayOverwatch please stop promoting the \"learning a new hero\" on the blizzard client unless you are gonna have an actual reliable source... @SPACEOW has better videos made on overwatch from 2018... these players you get to make these videos are so bad...",2025-10-14 20:43:27,2025-10-14 20:43:30,256
9238,Overwatch,Negative,". @ PlayOverwatch please stop promoting \"learning a new hero\" on the Blizzard client unless you actually have a reliable source... @ SPACEOW has better videos that will be made on Overwatch from 2018... these players you get to make these videos are so bad...",2025-10-14 20:43:27,2025-10-14 20:43:30,259
9238,Overwatch,Negative,"@ PlayOverwatch please stop promoting \"learning a new hero\" on the blizzard client if you're not going to have a real reliable source... @ SPACEOW has the best videos made on overwatch since 2018... these players you get to make these videos so bad...",2025-10-14 20:43:27,2025-10-14 20:43:30,251
9238,Overwatch,Negative,".@PlayOverwatch please stop allowing the game a proper hero\" on the blizzard client unless you are gonna have an actual reliable source... @SPACEOW has better videos made on overwatch season 2018... these players you get to make these videos not so bad...",2025-10-14 20:43:27,2025-10-14 20:43:30,255
9238,Overwatch,Negative,". @PlayOverwatch please stop promoting the \" virtual learning through a new online hero \" on within the blizzard client unless maybe you are gonna have an inside actual reliable source... @SPACEOW has some better videos made on overwatch from 2018... these players you get to call make after these videos if are so bad...",2025-10-14 20:43:27,2025-10-14 20:43:30,321
9238,Overwatch,Negative,".@PlayOverwatch should stop all the \"learning a new role\" on the beta client unless players were gonna have an actual reliable character... @SPACEOW need better videos made on overwatch from 2018... these players you get to make these videos are so easy...",2025-10-14 20:43:27,2025-10-14 20:43:30,256
9239,Overwatch,Neutral,Was trying to make friends with a reaper as Winston and he still went try hard mode using wraith in a panic and jumping like fornite. Tried saying hi the whole match and after he called me trash for not even doing damage to him. It’s 2am and QP you loser,2025-10-14 20:43:27,2025-10-14 20:43:30,256
9239,Overwatch,Neutral,"Trying to make friends with a reaper like Winston and he still panicked and went hard at the court with rage and jumps like a whore's son. Trying to say hello to the whole match and after calling me garbage for not even harming him. It's 2am and QP, you lose.",2025-10-14 20:43:27,2025-10-14 20:43:30,259
9239,Overwatch,Neutral,"Tried to make friends with the reaper, like Winston, and he still worked hard, using his anger in panic and jumping like Matt. Tried to say hi the whole match, and after he called me a thrash for not even hurting him. It's 2am and QP you lost.",2025-10-14 20:43:27,2025-10-14 20:43:30,243
9239,Overwatch,Neutral,Was trying to play friends with my reaper as Winston and he still went try hard mode using wraith in a panic and jumping like fornite. Tried saying hi the final match and after he called me trash with my even doing anything to him. It’s 2am and QP you loser,2025-10-14 20:43:27,2025-10-14 20:43:30,257
9239,Overwatch,Neutral,Was trying hard to make real friends also with a new reaper as Winston and anyway he still went try hard mode using wraith in a panic and now jumping like fornite. Tried really saying hi the whole match and then after he called me trash for not even doing anymore damage jobs to him. It ’ s 2am and QP you loser,2025-10-14 20:43:27,2025-10-14 20:43:30,311
9239,Overwatch,Neutral,Was trying a play out with a reaper as Winston and he still went try hard without using wraith in a trap and jumping like fornite. Tried saying hi the next match and after he called me trash for ever even doing damage to him. It’s 2am where am you loser,2025-10-14 20:43:27,2025-10-14 20:43:30,253
9240,Overwatch,Neutral,Live on twitch.tv/StrackeLIVE. Overwatch Ranked! .,2025-10-14 20:43:27,2025-10-14 20:43:30,52
9240,Overwatch,Neutral,Live on twitch.tv / StrackeLIVE. Overwatch Ranked!.,2025-10-14 20:43:27,2025-10-14 20:43:30,51
9240,Overwatch,Neutral,Live coverage at tch.tv / StrackeLIVE. Overwatch Ranked!.,2025-10-14 20:43:27,2025-10-14 20:43:30,57
9240,Overwatch,Neutral,Live on twitch.tv/StrackeLIVE. Overwatch Ranked! .,2025-10-14 20:43:27,2025-10-14 20:43:30,52
9240,Overwatch,Neutral,PC Live on twitch.tv/StrackeLIVE. Overwatch Ranked! .,2025-10-14 20:43:27,2025-10-14 20:43:30,55
9240,Overwatch,Neutral,the,2025-10-14 20:43:27,2025-10-14 20:43:30,3
9241,Overwatch,Positive,"So... Just hit level 10 in Overwatch. I know I'm late to the party, as usual. But, goddamn, I enjoy this game. pic.twitter.com/tMJsvAsdVc",2025-10-14 20:43:27,2025-10-14 20:43:30,137
9241,Overwatch,Positive,"I know I'm late to the party, as always. But, damn, I'm enjoying this game. pic.twitter.com / tMJsvAsdVc",2025-10-14 20:43:27,2025-10-14 20:43:30,104
9241,Overwatch,Positive,"I know I'm late for the party as usual. But my God, I love this play. pic.facebook.com / tMJsvAsdVc",2025-10-14 20:43:27,2025-10-14 20:43:30,99
9241,Overwatch,Positive,"So... Just hit level 10 in Overwatch. I know I'm late to the party, as usual. But, goddamn, I enjoy this game. pic.twitter.com/tMJsvAsdVc",2025-10-14 20:43:27,2025-10-14 20:43:30,137
9241,Overwatch,Positive,"with So... Just hit level 10 in Overwatch. I know I'm late to the party, as usual. But, goddamn, I enjoy this game. pic.twitter.com/tMJsvAsdVc",2025-10-14 20:43:27,2025-10-14 20:43:30,142
9241,Overwatch,Positive,the,2025-10-14 20:43:27,2025-10-14 20:43:30,3
9242,Overwatch,Negative,Suddenly I am unable to swim,2025-10-14 20:43:27,2025-10-14 20:43:30,28
9242,Overwatch,Negative,Suddenly I can no longer swim,2025-10-14 20:43:27,2025-10-14 20:43:30,29
9242,Overwatch,Negative,"Surprisingly, I can't swim",2025-10-14 20:43:27,2025-10-14 20:43:30,26
9242,Overwatch,Negative,Suddenly I am unable to think,2025-10-14 20:43:27,2025-10-14 20:43:30,29
9242,Overwatch,Negative,Suddenly I am unable to actually swim,2025-10-14 20:43:27,2025-10-14 20:43:30,37
9242,Overwatch,Negative,Suddenly I am unable to see,2025-10-14 20:43:27,2025-10-14 20:43:30,27
9243,Overwatch,Neutral,Overwatch Fans are Torn Over Hero Pool Changes dlvr.it/RYFVLV,2025-10-14 20:43:27,2025-10-14 20:43:30,61
9243,Overwatch,Neutral,Overwatch fans are torn over the changes to the hero pool dlvr.it / RYFVLV,2025-10-14 20:43:27,2025-10-14 20:43:30,74
9243,Overwatch,Neutral,Overwatch fans outraged by Hero dur.it / RYFVLV pool change,2025-10-14 20:43:27,2025-10-14 20:43:30,59
9243,Overwatch,Neutral,Overwatch Fans are Split Over Hero Pool Changes dlvr.it/RYFVLV,2025-10-14 20:43:27,2025-10-14 20:43:30,62
9243,Overwatch,Neutral,Overwatch for Fans who are Torn Over Hero Pool Changes dlvr. Read it / 3 RYFVLV,2025-10-14 20:43:27,2025-10-14 20:43:30,79
9243,Overwatch,Neutral,Overwatch Fans to Torn Over Screen Size Changes dlvr.it/RYFVLV,2025-10-14 20:43:27,2025-10-14 20:43:30,62
9245,Overwatch,Positive,Thank you papa-jeff for giving us changes,2025-10-14 20:43:27,2025-10-14 20:43:30,41
9245,Overwatch,Positive,Thank you Dad-Jeff for giving us change,2025-10-14 20:43:27,2025-10-14 20:43:30,39
9245,Overwatch,Positive,Thanks to the Jewish Pope for giving us the change,2025-10-14 20:43:27,2025-10-14 20:43:30,50
9245,Overwatch,Positive,Thank you papa-jeff for giving us time,2025-10-14 20:43:27,2025-10-14 20:43:30,38
9245,Overwatch,Positive,Thank you papa - jeff I for giving us any changes,2025-10-14 20:43:27,2025-10-14 20:43:30,49
9245,Overwatch,Positive,Thank you papa-jeff for buying us changes,2025-10-14 20:43:27,2025-10-14 20:43:30,41
9246,Overwatch,Positive,We hit 81 followers lets goo. 19 more from 100! Thank you guys so much for watching and chilling today. Had a ton of overwatch on pc today! Cya tomorrow with some Genshin Impact no cap,2025-10-14 20:43:27,2025-10-14 20:43:30,184
9246,Overwatch,Positive,"We have 81 followers, so greetings. 19 more out of 100! Thank you guys for watching and chilling today. Had a ton of Overwatch on the PC today! Cya tomorrow with some Genshin Impact without a cap",2025-10-14 20:43:27,2025-10-14 20:43:30,195
9246,Overwatch,Positive,We hit 81 followers lets goo. 19 more from 100! Thank you guys so much for watching and chilling today. Had a ton of overwatch on pc today! Cya tomorrow with some Genshin Impact no cap,2025-10-14 20:43:27,2025-10-14 20:43:30,184
9246,Overwatch,Positive,We hit 81 followers lets goo. 19 more for 100! Well you guys so much for watching and posting today. Had a ton on overwatch on pc today! Cya tomorrow with some Genshin Impact no cap,2025-10-14 20:43:27,2025-10-14 20:43:30,181
9246,Overwatch,Positive,We now hit 81 followers lets goo. Around 19 and more up from 100! Thank you guys so much for watching TV and chilling us today. Had a ton of overwatch on pc today! Cya tomorrow is with some great Genshin Impact no shit cap,2025-10-14 20:43:27,2025-10-14 20:43:30,222
9246,Overwatch,Positive,We hit 81 followers on goo. 19 more now 100! Thank you guys thus far for watching and chilling watch. Had a ton of overwatch on pc today! Go tomorrow with some Genshin Impact knee cap,2025-10-14 20:43:27,2025-10-14 20:43:30,183
9247,Overwatch,Negative,This hurts my brain,2025-10-14 20:43:27,2025-10-14 20:43:30,19
9247,Overwatch,Negative,It hurts my brain,2025-10-14 20:43:27,2025-10-14 20:43:30,17
9247,Overwatch,Negative,It Hurts My Brain,2025-10-14 20:43:27,2025-10-14 20:43:30,17
9247,Overwatch,Negative,This hurts my faith,2025-10-14 20:43:27,2025-10-14 20:43:30,19
9247,Overwatch,Negative,So This hurts my brain,2025-10-14 20:43:27,2025-10-14 20:43:30,22
9247,Overwatch,Negative,It hurts my brain,2025-10-14 20:43:27,2025-10-14 20:43:30,17
9248,Overwatch,Positive,Best random on overwatch  . youtu.be/cm0qf5BOuCg,2025-10-14 20:43:27,2025-10-14 20:43:30,48
9248,Overwatch,Positive,Best chance at Overwatch. youtu.be / cm0qf5BOuCg,2025-10-14 20:43:27,2025-10-14 20:43:30,48
9248,Overwatch,Positive,Best random on overwatch. youtu.be / cm0qf5BOuCg,2025-10-14 20:43:27,2025-10-14 20:43:30,48
9248,Overwatch,Positive,Best random of Youtube . youtu.be/cm0qf5BOuCg,2025-10-14 20:43:27,2025-10-14 20:43:30,45
9248,Overwatch,Positive,2008 Best random on Microsoft overwatch. youtu. let be / 23 cm0qf5BOuCg,2025-10-14 20:43:27,2025-10-14 20:43:30,71
9248,Overwatch,Positive,<unk> random random board. youtu.be/cm0qf5BOuCg,2025-10-14 20:43:27,2025-10-14 20:43:30,47
9249,Overwatch,Negative,True but this shit breaks my heart. I’ve been playing OW since its release and watching OWL since the first game. Im sad to see it fall apart at the pro level.,2025-10-14 20:43:27,2025-10-14 20:43:30,159
9249,Overwatch,Negative,"That's right, but this shit breaks my heart. I've been playing OW since its release and watching OWL since the first game. I'm sad to see it fall apart at a pro level.",2025-10-14 20:43:27,2025-10-14 20:43:30,167
9249,Overwatch,Negative,"Yes, but this shit breaks my heart. I've been playing OW since its release and have been watching OWL since the first game.",2025-10-14 20:43:27,2025-10-14 20:43:30,123
9249,Overwatch,Negative,True but this shit breaks my heart. Im been watching OW since its release and watching OWL since the first commercial. Im sad to see it fall apart at the pro level.,2025-10-14 20:43:27,2025-10-14 20:43:30,164
9249,Overwatch,Negative,True but this shit breaks to my heart. I ’ ve been playing OW since its release now and watching OWL since the quite first Wii game. Im really sad to see it fall further apart at just the pro shop level.,2025-10-14 20:43:27,2025-10-14 20:43:30,203
9249,Overwatch,Negative,True but this shit breaks my heart. I’ve been playing OW through its release and watching him since the early game. Very sad watching have it fall apart at the pro level.,2025-10-14 20:43:27,2025-10-14 20:43:30,170
9250,Overwatch,Negative,"Dear @PlayOverwatch is that a normal game in master rank? No, the red team is cheating making everyone lag pls ban pic.twitter.com/LFhdyAopDS",2025-10-14 20:43:27,2025-10-14 20:43:30,141
9250,Overwatch,Negative,"Dear @ PlayOverwatch is that a normal game in the rank of a champion? No, the red team cheats, making any pls ban lags pic.twitter.com / LFhdyAopDS",2025-10-14 20:43:27,2025-10-14 20:43:30,147
9250,Overwatch,Negative,"Dear @ PlayOverwatch is a normal game in a master class? No, the red team is cheating to get everyone to ban pic.fm / LFhdyAopDS",2025-10-14 20:43:27,2025-10-14 20:43:30,128
9250,Overwatch,Negative,"Dear RhandlerR is that a normal game in master rank? No, the red team is cheating making everyone lag pls ban pic.twitter.com/LFhdyAopDS",2025-10-14 20:43:27,2025-10-14 20:43:30,136
9250,Overwatch,Negative,"see Dear RhandlerR is that a normal game in master rank? No, the red team is cheating making everyone lag pls ban pic.twitter.com/LFhdyAopDS",2025-10-14 20:43:27,2025-10-14 20:43:30,140
9250,Overwatch,Negative,to,2025-10-14 20:43:27,2025-10-14 20:43:30,2
9251,Overwatch,Positive,1. Overwatch. 2. Cookie Run. 3. Minecraft. 4. Pokemon LeafGreen. 5. Love Live ALL STARS. . I nominate ANYBODY :D,2025-10-14 20:43:27,2025-10-14 20:43:30,112
9251,Overwatch,Positive,1. Overwatch. 2. Cookie Run. 3. Minecraft. 4. Pokemon LeafGreen. 5. Love Live ALL STARS.. I nominate EVERY BODY: D,2025-10-14 20:43:27,2025-10-14 20:43:30,114
9251,Overwatch,Positive,1. Overwatch. 2. Cathie Run. 3. Minecraft. 4. Pokemon LeafGreen. 5. Love Live ALL STARS. I'ANYBODY: D,2025-10-14 20:43:27,2025-10-14 20:43:30,101
9251,Overwatch,Positive,1. Overwatch. 2. Project Run. CAR. Minecraft. 4. Pokemon LeafGreen. 5. Love you ALL STARS.. I nominate ANYBODY :D,2025-10-14 20:43:27,2025-10-14 20:43:30,113
9251,Overwatch,Positive,1. Your Overwatch. Chapter 2. Cookie Bear Run. 3. Savage Minecraft. 4. Pokemon... LeafGreen. 5. Love Will Live ALL and STARS.. I do nominate ANYBODY : THE D,2025-10-14 20:43:27,2025-10-14 20:43:30,156
9251,Overwatch,Positive,1. Twitter. 2. Happy Run. 3. Nintendo. 4. Pokemon Max. 3. Love Live ALL STARS.. I nominate myself :D,2025-10-14 20:43:27,2025-10-14 20:43:30,100
9252,Overwatch,Neutral,Come tell me I'm bad at Overwatch and ask me to show you my katanas. . twitch.tv/panthianchampi…,2025-10-14 20:43:27,2025-10-14 20:43:30,96
9252,Overwatch,Neutral,Tell me I'm bad at Overwatch and ask me to show you my Katanas.. twitch.tv / panthianchampi...,2025-10-14 20:43:27,2025-10-14 20:43:30,94
9252,Overwatch,Neutral,"Come, tell me what's wrong with Overwatch, and ask me to show you my photos... tch.tv / panthianchampi...",2025-10-14 20:43:27,2025-10-14 20:43:30,105
9252,Overwatch,Neutral,Come tell me I'm bad at Overwatch and ask me to show you my katanas. . twitch.tv/panthianchampi…,2025-10-14 20:43:27,2025-10-14 20:43:30,96
9252,Overwatch,Neutral,2 Come tell me I'm bad at Overwatch and ask me to show you my katanas. . twitch.tv/panthianchampi…,2025-10-14 20:43:27,2025-10-14 20:43:30,98
9252,Overwatch,Neutral,to,2025-10-14 20:43:27,2025-10-14 20:43:30,2
9253,Overwatch,Irrelevant,Overwatch shitposting was one of the greatest things,2025-10-14 20:43:27,2025-10-14 20:43:30,52
9253,Overwatch,Irrelevant,Overwatch shitposting was one of the greatest things,2025-10-14 20:43:27,2025-10-14 20:43:30,52
9253,Overwatch,Irrelevant,Getting ahead of the crap was one of the greatest things,2025-10-14 20:43:27,2025-10-14 20:43:30,56
9253,Overwatch,Irrelevant,Overwatch shitposting – one of the greatest things,2025-10-14 20:43:27,2025-10-14 20:43:30,50
9253,Overwatch,Irrelevant,Overwatch for shitposting TV was one of the greatest things,2025-10-14 20:43:27,2025-10-14 20:43:30,59
9253,Overwatch,Irrelevant,Overwatch shitposting was one of the greatest things,2025-10-14 20:43:27,2025-10-14 20:43:30,52
9254,Overwatch,Positive,"drumming overwatch , relatable",2025-10-14 20:43:27,2025-10-14 20:43:30,30
9254,Overwatch,Positive,"drums overwatch, relatable",2025-10-14 20:43:27,2025-10-14 20:43:30,26
9254,Overwatch,Positive,"Friend wardens, roving",2025-10-14 20:43:27,2025-10-14 20:43:30,22
9254,Overwatch,Positive,"drumming overwatch,.",2025-10-14 20:43:27,2025-10-14 20:43:30,20
9254,Overwatch,Positive,"drumming overwatch, mind relatable",2025-10-14 20:43:27,2025-10-14 20:43:30,34
9254,Overwatch,Positive,"of overwatch, relatable",2025-10-14 20:43:27,2025-10-14 20:43:30,23
9255,Overwatch,Positive,I love how overwatch gives you a loot box for playing support,2025-10-14 20:43:27,2025-10-14 20:43:30,61
9255,Overwatch,Positive,I love how Overwatch gives you a loot box to help you play,2025-10-14 20:43:27,2025-10-14 20:43:30,58
9255,Overwatch,Positive,I love how overwatch gives you a booty box to play with,2025-10-14 20:43:27,2025-10-14 20:43:30,55
9255,Overwatch,Positive,I love how overwatch gives you a loot box for playing …,2025-10-14 20:43:27,2025-10-14 20:43:30,55
9255,Overwatch,Positive,I love how overwatch gives you each a new loot box for playing support,2025-10-14 20:43:27,2025-10-14 20:43:30,70
9255,Overwatch,Positive,to love how overwatch gives you a loot box for playing these,2025-10-14 20:43:27,2025-10-14 20:43:30,60
9256,Overwatch,Irrelevant,nan,2025-10-14 20:43:27,2025-10-14 20:43:30,3
9256,Overwatch,Irrelevant,It is not the first time that the EU Commission has taken such a step.,2025-10-14 20:43:27,2025-10-14 20:43:30,70
9256,Overwatch,Irrelevant,"At the same time, despite the fact that there are currently some 100 million people living below the poverty line, most of them do not have access to health services and do not have access to health care, while most of them do not have access to health care.",2025-10-14 20:43:27,2025-10-14 20:43:30,258
9256,Overwatch,Irrelevant,nan,2025-10-14 20:43:27,2025-10-14 20:43:30,3
9256,Overwatch,Irrelevant,nan,2025-10-14 20:43:27,2025-10-14 20:43:30,3
9256,Overwatch,Irrelevant,nan,2025-10-14 20:43:27,2025-10-14 20:43:30,3
9257,Overwatch,Neutral,I unconsciously uninstalled Overwatch lmao.,2025-10-14 20:43:27,2025-10-14 20:43:30,43
9257,Overwatch,Neutral,I uninstalled Overwatch lmao unconsciously.,2025-10-14 20:43:27,2025-10-14 20:43:30,43
9257,Overwatch,Neutral,I unwittingly deleted Overwatch lmao.,2025-10-14 20:43:27,2025-10-14 20:43:30,37
9257,Overwatch,Neutral,I unconsciously like Overwatch lmao.,2025-10-14 20:43:27,2025-10-14 20:43:30,36
9257,Overwatch,Neutral,I unconsciously thought uninstalled... Overwatch lmao.,2025-10-14 20:43:27,2025-10-14 20:43:30,54
9257,Overwatch,Neutral,I already uninstalled Overwatch lmao.,2025-10-14 20:43:27,2025-10-14 20:43:30,37
9258,Overwatch,Positive,sushi striker. team sonic racing . sonic forces. sonic mania. sega genesis classics. super bomberman . has been heroes. lego city underground . owlboy. overwatch. dark souls remastered. splatoon 2. great games. recommend to anyone that has nintendo switch,2025-10-14 20:43:27,2025-10-14 20:43:30,255
9258,Overwatch,Positive,sushi strip. team sonic racing. sonic power. sonic mana. sega genesis classics. super bomberman. was hero. lego city underground. owlboy. overwatch. dark souls remastered. splatoon 2. great games. recommend to anyone who has Nintendo Switch,2025-10-14 20:43:27,2025-10-14 20:43:30,240
9258,Overwatch,Positive,sushi striker. team sonic racing. sonic forces. sonic maniacsega classics. super bomberman. has been heroes. lego city underground. owlboy. overwatch. dark souls steed. splatoon great games. recommend to anyone that has nintendo switch,2025-10-14 20:43:27,2025-10-14 20:43:30,235
9258,Overwatch,Positive,sushi striker. team sonic racing. unstoppable forces. sonic mania. sega genesis classics. super bomberman. has other heroes. lego city underground. owlboy. overwatch. dark souls remastered. games 2. great games. special to anyone that has nintendo n,2025-10-14 20:43:27,2025-10-14 20:43:30,249
9258,Overwatch,Positive,one sushi striker. team sonic bull racing. two sonic police forces. sonic mania. sega genesis classics. super bomberman. has been fighting heroes. lego city for underground. owlboy. overwatch. dark of souls version remastered. splatoon 2. great games. free recommend to anyone that has enjoyed nintendo switch,2025-10-14 20:43:27,2025-10-14 20:43:30,309
9258,Overwatch,Positive,sushi striker. team sonic machine. sonic forces. sonic mania. sega genesis classics. jet bomberman. new great heroes. lego city underground. art. overwatch. dark blue remastered. splatoon 2. online games. recommend if anyone turning the nintendo switch,2025-10-14 20:43:27,2025-10-14 20:43:30,252
9259,Overwatch,Positive,Fun stuff to be had in Overwatch.,2025-10-14 20:43:27,2025-10-14 20:43:30,35
9259,Overwatch,Positive,Funny stuff you can have in Overwatch.,2025-10-14 20:43:27,2025-10-14 20:43:30,38
9259,Overwatch,Positive,Funny things to have in Overwatch.,2025-10-14 20:43:27,2025-10-14 20:43:30,34
9259,Overwatch,Positive,Fun stuff cannot be had in Overwatch.,2025-10-14 20:43:27,2025-10-14 20:43:30,37
9259,Overwatch,Positive,Fun stuff to be you had in Overwatch.,2025-10-14 20:43:27,2025-10-14 20:43:30,37
9259,Overwatch,Positive,Fun stuff to be seeing in Overwatch.,2025-10-14 20:43:27,2025-10-14 20:43:30,36
9260,Overwatch,Negative,stabbing overwatch has sucked way more dick than you,2025-10-14 20:43:27,2025-10-14 20:43:30,52
9260,Overwatch,Negative,Piercing overwatch has much more cock than you sucked,2025-10-14 20:43:27,2025-10-14 20:43:30,53
9260,Overwatch,Negative,Stabbing a guard sucks much more than you do,2025-10-14 20:43:27,2025-10-14 20:43:30,44
9260,Overwatch,Negative,stabbing overwatch just sucked way more dick than you,2025-10-14 20:43:27,2025-10-14 20:43:30,53
9260,Overwatch,Negative,stabbing overwatch has always sucked way over more dick than you,2025-10-14 20:43:27,2025-10-14 20:43:30,64
9260,Overwatch,Negative,stabbing person has sucked way more dick than you,2025-10-14 20:43:27,2025-10-14 20:43:30,49
9261,Overwatch,Irrelevant,"The US police emerged from night watches who themselves were born out of slave patrols and plantation overwatch. It’s not « failing » black citizens, it was designed and has been maintained specifically not to serve and protect them.  . . time.com/4779112/police…",2025-10-14 20:43:27,2025-10-14 20:43:30,263
9261,Overwatch,Irrelevant,"The US police force evolved from night watchmen, who themselves emerged from slave patrols and plantation surveillance. She is not a \"failing\" black citizen, but was and is specifically designed not to serve and protect her... time.com / 4779112 / police...",2025-10-14 20:43:27,2025-10-14 20:43:30,257
9261,Overwatch,Irrelevant,American police grew out of night watchmen who themselves were born out of slave patrols and plantation wardens.,2025-10-14 20:43:27,2025-10-14 20:43:30,112
9261,Overwatch,Irrelevant,"The US police emerged from night watches who themselves were born out of slave mentality and racist overwatch. It’s not black black citizens, it was designed and has be maintained — both to serve and protect them. .. time.com/4779112/police…",2025-10-14 20:43:27,2025-10-14 20:43:30,241
9261,Overwatch,Irrelevant,"The The new US police had emerged from early night watches who claim themselves we were born out of slave patrols and plantation overwatch. It ’ ′ s therefore not « failing » black citizens, it was designed and has been maintained specifically so not to serve and protect them... time. com / 4779112 / official police …",2025-10-14 20:43:27,2025-10-14 20:43:30,319
9261,Overwatch,Irrelevant,"The grey police emerged from night police who themselves were born victims of slave watching and plantation overwatch. It’s not <unk> used <unk> for citizens, it was designed with having been maintained specifically not to serve and prevent them... time.com/4779112/police...",2025-10-14 20:43:27,2025-10-14 20:43:30,275
9262,Overwatch,Neutral,I can promise that I will die and achieve nothing,2025-10-14 20:43:27,2025-10-14 20:43:30,49
9262,Overwatch,Neutral,I can promise that I will die and achieve nothing,2025-10-14 20:43:27,2025-10-14 20:43:30,49
9262,Overwatch,Neutral,I can promise that I will die and achieve nothing,2025-10-14 20:43:27,2025-10-14 20:43:30,49
9262,Overwatch,Neutral,I can promise that I will die and feel nothing,2025-10-14 20:43:27,2025-10-14 20:43:30,46
9262,Overwatch,Neutral,I just can promise that I will not die and achieve nothing,2025-10-14 20:43:27,2025-10-14 20:43:30,58
9262,Overwatch,Neutral,I can promise that I will die and that nothing,2025-10-14 20:43:27,2025-10-14 20:43:30,46
9263,Overwatch,Negative,the disappointment :(,2025-10-14 20:43:27,2025-10-14 20:43:30,21
9263,Overwatch,Negative,Disappointment: (,2025-10-14 20:43:27,2025-10-14 20:43:30,17
9263,Overwatch,Negative,disappointment: (,2025-10-14 20:43:27,2025-10-14 20:43:30,17
9263,Overwatch,Negative,the end :(,2025-10-14 20:43:27,2025-10-14 20:43:30,10
9263,Overwatch,Negative,the ultimate disappointment : (,2025-10-14 20:43:27,2025-10-14 20:43:30,31
9263,Overwatch,Negative,a disappointment :(,2025-10-14 20:43:27,2025-10-14 20:43:30,19
9264,Overwatch,Positive,"Last night was a lot of fun playing  . . We had some good games, we had some bad games but most importantly we also got two more Plays of the Game - Pharah and Ashe. .",2025-10-14 20:43:27,2025-10-14 20:43:30,169
9264,Overwatch,Positive,"Last night we had a lot of fun. We had some good games, we had some bad games, but most importantly we had two more games of the game - Pharah and Ashe.",2025-10-14 20:43:27,2025-10-14 20:43:30,152
9264,Overwatch,Positive,"Last night was a lot of fun to play.. We had some good games, we had some bad games, but most importantly, we also got two more Plays of the Game - Farah and Ashe..",2025-10-14 20:43:27,2025-10-14 20:43:30,164
9264,Overwatch,Positive,"Last night was a lot of fun playing .. We had most good games, we had some bad games but most importantly Blake just got two more Plays on the Game - Pharah and Ashe..",2025-10-14 20:43:27,2025-10-14 20:43:30,167
9264,Overwatch,Positive,"Last night Ashe was having a really lot of fun not playing.. We had some super good games, we had some bad games today but most importantly we only also got two more Bad Plays of the Game - Pharah and Ashe..",2025-10-14 20:43:27,2025-10-14 20:43:30,207
9264,Overwatch,Positive,"Last night was a lot of fun playing.. We had no standard games, we played many odd games but most importantly we also got two Top Plays of the Game - Pharah and Ashe..",2025-10-14 20:43:27,2025-10-14 20:43:30,167
9265,Overwatch,Positive,Woah,2025-10-14 20:43:27,2025-10-14 20:43:30,4
9265,Overwatch,Positive,Woah!,2025-10-14 20:43:27,2025-10-14 20:43:30,5
9265,Overwatch,Positive,Woah,2025-10-14 20:43:27,2025-10-14 20:43:30,4
9265,Overwatch,Positive,Woah,2025-10-14 20:43:27,2025-10-14 20:43:30,4
9265,Overwatch,Positive,Blue Woah,2025-10-14 20:43:27,2025-10-14 20:43:30,9
9265,Overwatch,Positive,you,2025-10-14 20:43:27,2025-10-14 20:43:30,3
9266,Overwatch,Positive,"Love the skin and especially the weapon skin. Too many of Widow’s legendary weapon skins are over complicated and distracting. This one is sleek, simple, and palatable.",2025-10-14 20:43:27,2025-10-14 20:43:30,168
9266,Overwatch,Positive,"Love the skin and especially the weapon skin. Too many of the legendary widow's weapon skins are too complicated and distracting. It's slim, simple and tasty.",2025-10-14 20:43:27,2025-10-14 20:43:30,158
9266,Overwatch,Positive,"I love leather, and especially weapons leather. Too many of Weedow's legendary weaponry skins are too complex and complex.",2025-10-14 20:43:27,2025-10-14 20:43:30,122
9266,Overwatch,Positive,"Love the skin and especially the weapon skin. Too many of Widow’s legendary item designs are over complicated and complicated. This one is sleek, simple, and palatable.",2025-10-14 20:43:27,2025-10-14 20:43:30,168
9266,Overwatch,Positive,"Love the skin and especially appreciate the bronze weapon skin. Too too many pieces of The Widow ’ s legendary leather weapon skins are over complicated and distracting. This one is sleek, simple, plain and palatable.",2025-10-14 20:43:27,2025-10-14 20:43:30,217
9266,Overwatch,Positive,"Love the skin well especially the weapon skin. Too Many of Widow’s little weapon skins are over complicated and extravagant. This one seems sleek, simple, and palatable.",2025-10-14 20:43:27,2025-10-14 20:43:30,169
9267,Overwatch,Irrelevant,"Toxic players who do this should be lynch. If you don't say it to womens face, definitely don't do it where women could whoop your ass.",2025-10-14 20:43:27,2025-10-14 20:43:30,135
9267,Overwatch,Irrelevant,"Toxic players who do this should be lynched. If you don't tell women in the face, you shouldn't do it where women can punch you in the ass.",2025-10-14 20:43:27,2025-10-14 20:43:30,139
9267,Overwatch,Irrelevant,"If you don't say that to a woman's face, then definitely don't do it where women can lift their asses.",2025-10-14 20:43:27,2025-10-14 20:43:30,102
9267,Overwatch,Irrelevant,"Toxic players who do this should be lynch. If you don't say that on womens face, you don't do it where women could whoop your ass.",2025-10-14 20:43:27,2025-10-14 20:43:30,130
9267,Overwatch,Irrelevant,"Ten Toxic players who do this should be walking lynch. If already you don't do say it straight to a womens face, definitely don't do speak it where women could whoop your ass.",2025-10-14 20:43:27,2025-10-14 20:43:30,175
9267,Overwatch,Irrelevant,"Toxic players can do this should be lynch. If you wouldn't say it near womens face, definitely don't do it where we could whoop your face.",2025-10-14 20:43:27,2025-10-14 20:43:30,138
9268,Overwatch,Neutral,//The Corruption and Knocking up of Overwatch Babes is a serious Mood atm... pic.twitter.com/QNy4kmgBLV,2025-10-14 20:43:27,2025-10-14 20:43:30,103
9268,Overwatch,Neutral,/ / The corruption and knocking up of Overwatch Babes is a serious mood... pic.twitter.com / QNy4kmgBLV,2025-10-14 20:43:27,2025-10-14 20:43:30,103
9268,Overwatch,Neutral,/ / Corruption and knock-down of baby guards is a serious atm... pic.wikipedia.org / QNy4kmgBLV,2025-10-14 20:43:27,2025-10-14 20:43:30,95
9268,Overwatch,Neutral,//The Corruption and Knocking up of Overwatch Babes is a serious Mood atm... pic.twitter.com/QNy4kmgBLV,2025-10-14 20:43:27,2025-10-14 20:43:30,103
9268,Overwatch,Neutral,CD //The Corruption and Knocking up of Overwatch Babes is a serious Mood atm... pic.twitter.com/QNy4kmgBLV,2025-10-14 20:43:27,2025-10-14 20:43:30,106
9268,Overwatch,Neutral,Why,2025-10-14 20:43:27,2025-10-14 20:43:30,3
9269,Overwatch,Irrelevant,I got made fun of for this I hate overwatch community pic.twitter.com/yHhE5Plyz0,2025-10-14 20:43:27,2025-10-14 20:43:30,80
9269,Overwatch,Irrelevant,I made fun of myself for hating the Overwatch community pic.twitter.com / yHhE5Plyz0,2025-10-14 20:43:27,2025-10-14 20:43:30,84
9269,Overwatch,Irrelevant,I got made fun of for this I hate overwatch community pic.google.com / yHhE5Plyz0,2025-10-14 20:43:27,2025-10-14 20:43:30,81
9269,Overwatch,Irrelevant,I got made fun of for this I hate overwatch community pic.twitter.com/yHhE5Plyz0,2025-10-14 20:43:27,2025-10-14 20:43:30,80
9269,Overwatch,Irrelevant,2015 I got made fun of for this I hate overwatch community pic.twitter.com/yHhE5Plyz0,2025-10-14 20:43:27,2025-10-14 20:43:30,85
9269,Overwatch,Irrelevant,and,2025-10-14 20:43:27,2025-10-14 20:43:30,3
9270,Overwatch,Negative,Pc overwatch time probably won't play for like all of next season,2025-10-14 20:43:27,2025-10-14 20:43:30,65
9270,Overwatch,Negative,Pc Overwatch Time probably won't play like the whole of next season,2025-10-14 20:43:27,2025-10-14 20:43:30,67
9270,Overwatch,Negative,"Chances are, he won't play like everyone else next season.",2025-10-14 20:43:27,2025-10-14 20:43:30,58
9270,Overwatch,Negative,Pc overwatch time probably won't play for like all of next fall,2025-10-14 20:43:27,2025-10-14 20:43:30,63
9270,Overwatch,Negative,That Pc overwatch time probably won't go play for tomorrow like all of next season,2025-10-14 20:43:27,2025-10-14 20:43:30,82
9270,Overwatch,Negative,Pc game time probably won't play much like all of next season,2025-10-14 20:43:27,2025-10-14 20:43:30,61
9271,Overwatch,Positive,DUDE I KNEW IT LMFAOOOOO BOB IS SO CUTE................................. THE GRANNY HAT,2025-10-14 20:43:27,2025-10-14 20:43:30,87
9271,Overwatch,Positive,DUDE I KNOW IT LMFAOOOOO BOB IS SO CUTE..... THE GREAT HAT,2025-10-14 20:43:27,2025-10-14 20:43:30,58
9271,Overwatch,Positive,I knew that the LMEPA PA PA PA PA PA PA PA PA PA PA PA PA PA PA PA PA PA PA PA PA PA PA PA PA PA PA PA PA PA PA PA PA PA PA PA PA PA PA PA PA PA PA PA PA PA PA PA PA PA PA PA PA PA PA PA PA PA PA PA PA PA PA PA PA PA PA PA PA PA PA PA PA PA PA PA PA PA PA PA PA PA PA PA PA PA PA PA PA PA PA PA PA,2025-10-14 20:43:27,2025-10-14 20:43:30,297
9271,Overwatch,Positive,DUDE I KNEW IT AND IT IS SO CUTE................................. THE GRANNY HAT,2025-10-14 20:43:27,2025-10-14 20:43:30,80
9271,Overwatch,Positive,E DUDE I THE KNEW H IT ON LMFAOOOOO OF BOB that IS AT SO A CUTE................................. THE LA GRANNY DE HAT,2025-10-14 20:43:27,2025-10-14 20:43:30,117
9271,Overwatch,Positive,DUDE OF AM HOW LMFAOOOOO BY AD IN CUTE................................. THIS THIS B,2025-10-14 20:43:27,2025-10-14 20:43:30,83
9272,Overwatch,Negative,"Might be playing WoW classic again,. Beats constantly solo queuing in Overwatch tho",2025-10-14 20:43:27,2025-10-14 20:43:30,83
9272,Overwatch,Negative,Could play WoW classics again. Beats are constantly queuing up in Overwatch.,2025-10-14 20:43:27,2025-10-14 20:43:30,76
9272,Overwatch,Negative,"Can play WoW classic again. Beats constantly solo, playing Overwatch tho",2025-10-14 20:43:27,2025-10-14 20:43:30,72
9272,Overwatch,Negative,"Might be playing a classic again,. Beats constantly solo queuing in Overwatch tho",2025-10-14 20:43:27,2025-10-14 20:43:30,81
9272,Overwatch,Negative,"Might be busy playing WoW classic stuff again,. Beats about constantly solo queuing in the Overwatch tho",2025-10-14 20:43:27,2025-10-14 20:43:30,104
9272,Overwatch,Negative,"Might be playing it again mode,. Beats constantly solo queuing in Overwatch tho",2025-10-14 20:43:27,2025-10-14 20:43:30,79
9273,Overwatch,Irrelevant,Its live time with more overwatch shenanigans yall gunna bullshit around and rage at the game lol see ya there! Theta.tv/spazzxattack,2025-10-14 20:43:27,2025-10-14 20:43:30,133
9273,Overwatch,Irrelevant,His live time with more overwatch shenanigans yall gunna bullshit around and rage at the game lol see ya there! Theta.tv / spazzxattack,2025-10-14 20:43:27,2025-10-14 20:43:30,135
9273,Overwatch,Irrelevant,Its live time with more overwatch shenanigans yall gunna bullshit around and rage at the game lol see ya there! Theta.tv / spazzxattack,2025-10-14 20:43:27,2025-10-14 20:43:30,135
9273,Overwatch,Irrelevant,Its live over with more political shenanigans yall gunna bullshit around and marvel at the game lol see ya there! Theta.tv/spazzxattack,2025-10-14 20:43:27,2025-10-14 20:43:30,135
9273,Overwatch,Irrelevant,Its only live time with more scary overwatch shenanigans yall we gunna bullshit around and so rage up at the game lol see ya in there! Theta. tv / 2 spazzxattack,2025-10-14 20:43:27,2025-10-14 20:43:30,161
9273,Overwatch,Irrelevant,Its finally time with more action<unk> yall gunna grab shout and rage at the game lol see ya next! Theta.tv/spazzxattack,2025-10-14 20:43:27,2025-10-14 20:43:30,120
9274,Overwatch,Negative,"Yep, I'm totally trolling. /rolleyes",2025-10-14 20:43:27,2025-10-14 20:43:30,38
9274,Overwatch,Negative,"Yes, I totally troll. / rolleyes",2025-10-14 20:43:27,2025-10-14 20:43:30,32
9274,Overwatch,Negative,"Yes, I'm completely trolling.",2025-10-14 20:43:27,2025-10-14 20:43:30,29
9274,Overwatch,Negative,"Yep, I'm totally awesome. /rolleyes",2025-10-14 20:43:27,2025-10-14 20:43:30,35
9274,Overwatch,Negative,"− Yep, I'm totally trolling. / The rolleyes",2025-10-14 20:43:27,2025-10-14 20:43:30,43
9274,Overwatch,Negative,"Yep, I'm kinda crazy. /rolleyes",2025-10-14 20:43:27,2025-10-14 20:43:30,31
9275,Overwatch,Positive,I love when a big man in a suit of armor pins me up against a wall 🤦‍.,2025-10-14 20:43:27,2025-10-14 20:43:30,73
9275,Overwatch,Positive,I love it when a tall man in an armoured suit pins me against a wall.,2025-10-14 20:43:27,2025-10-14 20:43:30,69
9275,Overwatch,Positive,I love having a big man in armor pushing me against the wall.,2025-10-14 20:43:27,2025-10-14 20:43:30,61
9275,Overwatch,Positive,I love when a big man in his suit of armor pins me up against a wall brick.,2025-10-14 20:43:27,2025-10-14 20:43:30,75
9275,Overwatch,Positive,I love when a big man in a suit full of face armor pins me completely up against a wall [UNK].,2025-10-14 20:43:27,2025-10-14 20:43:30,94
9275,Overwatch,Positive,I love if a medieval man in a suit of armor pins me up though a wall <unk>.,2025-10-14 20:43:27,2025-10-14 20:43:30,75
9276,Overwatch,Negative,i haven't been able to write in such a long time and i feel kind of bad about it.... i had this whole series of fics planned out and then my interest in both overwatch and destiny dropped to an absolute zero so idk if i'm ever even going to finish those. it's just a shame bc i,2025-10-14 20:43:27,2025-10-14 20:43:30,277
9276,Overwatch,Negative,"I haven't been able to write for so long and I kind of feel bad about it... I had planned this whole series of fictions and then my interest in both Overwatch and Destiny dropped to absolute zero, so it's a shame if I ever finish it.",2025-10-14 20:43:27,2025-10-14 20:43:30,233
9276,Overwatch,Negative,i haven't been able to write in such a long time and i feel kind of bad about it.... i had this whole series of fiction planned out and then my interest in both overwatch and destiny dropped to a absolute zero so idk if i'm even going to finish those. it's just a shame bc i,2025-10-14 20:43:27,2025-10-14 20:43:30,274
9276,Overwatch,Negative,i haven't been able to write in such a long time and i feel kind of bad about it.... i had this whole set of fics planned out and then my interest in both overwatch and epic dropped to an absolute bottom so idk if i'm really even around to finish those. it's just a relief bc i,2025-10-14 20:43:27,2025-10-14 20:43:30,277
9276,Overwatch,Negative,i haven'e t been able actually to seriously write in such language a long time and i feel kind of bad about it.... i had this incredible whole series of fics planned out and then my interest in both overwatch and destiny finally dropped to an absolute zero so idk if i'm ever going even... going to finish those. it'n s just a goddamn shame bc i,2025-10-14 20:43:27,2025-10-14 20:43:30,345
9276,Overwatch,Negative,i actually't been able for write on such a long season and i feel kind of bad about it.... i noticed this whole series of fics planned me and then my interest in both overwatch and destiny dropped to an absolute shit so idk if i'm even even going to finish writing. it's just a bitch bc i,2025-10-14 20:43:27,2025-10-14 20:43:30,288
9277,Overwatch,Negative,HOW COME WE DONT GET THIS IN OVERWATCH pic.twitter.com/qEp3XClLRz,2025-10-14 20:43:27,2025-10-14 20:43:30,65
9277,Overwatch,Negative,HOW WE RECEIVE THIS IN MONITORING pic.twitter.com / qEp3XClLRz,2025-10-14 20:43:27,2025-10-14 20:43:30,62
9277,Overwatch,Negative,HOW TO TRAINT IT IN THE FIELD pic.wikipedia.org / qEp3XClLRz,2025-10-14 20:43:27,2025-10-14 20:43:30,60
9277,Overwatch,Negative,HOW COME WE DONT GET THIS IN OVERWATCH pic.twitter.com/qEp3XClLRz,2025-10-14 20:43:27,2025-10-14 20:43:30,65
9277,Overwatch,Negative,Sony HOW COME WE DONT GET THIS IN OVERWATCH pic.twitter.com/qEp3XClLRz,2025-10-14 20:43:27,2025-10-14 20:43:30,70
9277,Overwatch,Negative,for,2025-10-14 20:43:27,2025-10-14 20:43:30,3
9278,Overwatch,Positive,I can’t wait to play Mercy Moira Junk and Mei in Overwatch this week!,2025-10-14 20:43:27,2025-10-14 20:43:30,69
9278,Overwatch,Positive,I can't wait to play Mercy Moira Junk and Mei in Overwatch this week!,2025-10-14 20:43:27,2025-10-14 20:43:30,69
9278,Overwatch,Positive,I can't wait to play Mercy Moira Junk and Mei in Overwatch this week!,2025-10-14 20:43:27,2025-10-14 20:43:30,69
9278,Overwatch,Positive,I can’t wait to play Mercy Moira Junk and Mei for Overwatch this week!,2025-10-14 20:43:27,2025-10-14 20:43:30,70
9278,Overwatch,Positive,I can ’ ′ t wait up to play My Mercy Moira Junk and Mei in Overwatch this next week!,2025-10-14 20:43:27,2025-10-14 20:43:30,84
9278,Overwatch,Positive,I can’t wait to play Mercy Moira Morgan and Mei in just one week!,2025-10-14 20:43:27,2025-10-14 20:43:30,65
9279,Overwatch,Neutral,WTF is this,2025-10-14 20:43:27,2025-10-14 20:43:30,13
9279,Overwatch,Neutral,WTF is that,2025-10-14 20:43:27,2025-10-14 20:43:30,11
9279,Overwatch,Neutral,WTF is this,2025-10-14 20:43:27,2025-10-14 20:43:30,11
9279,Overwatch,Neutral,WTF caused this,2025-10-14 20:43:27,2025-10-14 20:43:30,15
9279,Overwatch,Neutral,Where WTF is this,2025-10-14 20:43:27,2025-10-14 20:43:30,17
9279,Overwatch,Neutral,WTF is Michael,2025-10-14 20:43:27,2025-10-14 20:43:30,14
9280,Overwatch,Negative,first Canadian hero and she’s not even a 6’4” hockey player with a stache a mullet a Bauer and some tim hortons coffee overwatch continues to disappoint man,2025-10-14 20:43:27,2025-10-14 20:43:30,156
9280,Overwatch,Negative,"first Canadian heroine and she is not even a 6 '4 \"hockey player with a sting a mullet a farmer and some tim hortons coffee overwatch continues to disappoint man",2025-10-14 20:43:27,2025-10-14 20:43:30,161
9280,Overwatch,Negative,"Canada's first heroine, and she's not even a 6 '4 \"chirpy silkworm-stamped player and some hours of coffee in overtime continues to disappoint.",2025-10-14 20:43:27,2025-10-14 20:43:30,143
9280,Overwatch,Negative,first Canadian hero and she’s not even a 6’4” tall goalie with a stache a piece a Bauer and another tim hortons coffee overwatch continues to disappoint man,2025-10-14 20:43:27,2025-10-14 20:43:30,156
9280,Overwatch,Negative,first Canadian movie hero girl and she ’ s not even seeing a 6 ’ or 4 ” hockey player with a stache a mullet like a Bauer and some tim flat hortons coffee overwatch continues to truly disappoint my man,2025-10-14 20:43:27,2025-10-14 20:43:30,201
9280,Overwatch,Negative,first Canadian daughter and she’s not even a qualified tennis player with her stache a mullet a Bauer and any tim hortons coffee overwatch and to disappoint man,2025-10-14 20:43:27,2025-10-14 20:43:30,160
9281,Overwatch,Negative,After grabbing Sigmas skin the moods just been -looks at wrist- oh look at the time it's abandon overwatch for another game hours,2025-10-14 20:43:27,2025-10-14 20:43:30,129
9281,Overwatch,Negative,"After grabbing Sigma's skin, the mood was simple - look at the wrist - oh look at the time when it won't be monitored for another game for hours",2025-10-14 20:43:27,2025-10-14 20:43:30,144
9281,Overwatch,Negative,"After listening to Sigmas, the mood was simple - looking at the clock - oh, look at the time he would give up watching for another playing hour.",2025-10-14 20:43:27,2025-10-14 20:43:30,144
9281,Overwatch,Negative,After grabbing Sigmas skin it moods just been -looks at it- oh look at the time it's abandon overwatch for another 2 hours,2025-10-14 20:43:27,2025-10-14 20:43:30,122
9281,Overwatch,Negative,After finally grabbing Sigmas skin the moods just been - looks at its wrist - oh look at roughly the time it'n s his abandon overwatch for another football game hours,2025-10-14 20:43:27,2025-10-14 20:43:30,166
9281,Overwatch,Negative,After grabbing a skin the moods just been -looks at her- oh god at the time it's abandon overwatch for another game of,2025-10-14 20:43:27,2025-10-14 20:43:30,118
9282,Overwatch,Negative,Now this - .,2025-10-14 20:43:27,2025-10-14 20:43:30,13
9282,Overwatch,Negative,Now this -.,2025-10-14 20:43:27,2025-10-14 20:43:30,11
9282,Overwatch,Negative,Now it is.,2025-10-14 20:43:27,2025-10-14 20:43:30,10
9282,Overwatch,Negative,Now this means.,2025-10-14 20:43:27,2025-10-14 20:43:30,15
9282,Overwatch,Negative,Now hear this -.,2025-10-14 20:43:27,2025-10-14 20:43:30,16
9282,Overwatch,Negative,Now then -.,2025-10-14 20:43:27,2025-10-14 20:43:30,11
9283,Overwatch,Positive,"smashed some overwatch then hit up beat saber on the VR then chilled out on paladins with @flames79t . thank @RoseUKFam for the awesome host < 3 @DadGamerOfTwo  for gifting Rose a sub, @Stark1z for the diamond, all the follows and everything < 3 78 til the 3k hair dye stream!!",2025-10-14 20:43:27,2025-10-14 20:43:30,277
9283,Overwatch,Positive,"smashed some Overwatch, then hit the Beat Saber on the VR and cooled off with @ flames79t on Paladins. Thank you @ RoseUKFam for the great host < 3 @ DadGamerOfTwo for giving Rose a sub, @ Stark1z for the diamond, all of the following and all < 3 78 to the 3k hair dye stream!!",2025-10-14 20:43:27,2025-10-14 20:43:30,277
9283,Overwatch,Positive,"Thanks to @ RoseUKFam for being an amazing host; 3 @ GOfTwo for giving Rosa a sub, @ Stark1z for a diamond, all after and all after; 3 @ GOfTwo for the flow of 3k hair dye!!",2025-10-14 20:43:27,2025-10-14 20:43:30,173
9283,Overwatch,Positive,"smashed some overwatch then hit up beat boxing on the VR then chilled out on paladins with @flames79t. thank @RoseUKFam for the awesome host < 3 @DadGamerOfTwo  for blowing Rose awesome wand, @Stark1z for the diamond, all and follows at everything < 3 78 Even the 3k hair dye stream!!",2025-10-14 20:43:27,2025-10-14 20:43:30,284
9283,Overwatch,Positive,"smashed some overwatch rounds then just hit up beat saber down on the VR then chilled out some on two paladins with 4 @flames79t. thank @RoseUKFam for the awesome host < 3 @DadGamerOfTwo for every gifting Rose a sub, @Stark1z for the diamond, all the power follows and everything < 3 78 til the present 3k under hair dye stream!!",2025-10-14 20:43:27,2025-10-14 20:43:30,329
9283,Overwatch,Positive,"smashed some overwatch video hit to beat saber on the VR then chilled out on paladins on @flames79t. thank @RoseUKFam for the awesome host < 3 @DadGamerOfTwo again gifting me our sub, @Stark1z picking the soundtrack, all stuff follows and go < 3 78 til the 3k hair dye stream!!",2025-10-14 20:43:27,2025-10-14 20:43:30,277
9284,Overwatch,Irrelevant,@vgod6ix is gonna bless me with duo in Overwatch 2. . Yes Lord.,2025-10-14 20:43:27,2025-10-14 20:43:30,64
9284,Overwatch,Irrelevant,@ vgod6ix will bless me with a duo in Overwatch 2. Yes sir.,2025-10-14 20:43:27,2025-10-14 20:43:30,59
9284,Overwatch,Irrelevant,@ vgod6B is going to shine me with a duet in Overwatch 2... Oh my God.,2025-10-14 20:43:27,2025-10-14 20:43:30,70
9284,Overwatch,Irrelevant,@vgod6ix is gonna bless them with duo in Overwatch 2.. Yes Lord.,2025-10-14 20:43:27,2025-10-14 20:43:30,64
9284,Overwatch,Irrelevant,Professor @vgod6ix is gonna bless after me name with duo in Overwatch 2.. Yes Sir Lord.,2025-10-14 20:43:27,2025-10-14 20:43:30,87
9284,Overwatch,Irrelevant,@vgod6ix then please bless me with duo in Overwatch 2.. Dear Lord.,2025-10-14 20:43:27,2025-10-14 20:43:30,66
9285,Overwatch,Positive,Mercy is the best most skilled character in overwatch because she requires prioritization and quick decision making and game sense and I love Mercy so much because she's cute and she's my cat and I'm happy my babycakes @mareeeeep plays her and pockets me while I miss everything,2025-10-14 20:43:27,2025-10-14 20:43:30,278
9285,Overwatch,Positive,"Mercy is the smartest character in overwatch because she prioritizes, makes quick decisions and has a sense of the game, and I love Mercy so much because she's cute and she's my cat, and I'm happy that my babycakes @ mareeeeep is playing her and plugging me in while I miss everything.",2025-10-14 20:43:27,2025-10-14 20:43:30,285
9285,Overwatch,Positive,Mercy is the most experienced character in the superwatch because it requires prioritization and quick decision-making and a sense of play and I love Mercy so much because she's sweet and she's my cat and I'm happy my babycakes @ mareeeep plays her and pockets me while I miss everything.,2025-10-14 20:43:27,2025-10-14 20:43:30,288
9285,Overwatch,Positive,Mercy is the best most skilled character in overwatch because she requires prioritization and quick decision what make game sense and I love Mercy so much because she's cute and she's my cat and very happy my babycakes mom plays her because pockets me while I miss everything,2025-10-14 20:43:27,2025-10-14 20:43:30,275
9285,Overwatch,Positive,Mercy White is the best most skilled playable character in overwatch because then she requires prioritization and quick about decision style making and game set sense and I love Mercy so much because even she's cute and she's my cat and I'm secretly happy my babycakes @mareeeeep plays her and pockets me tighter while I so miss everything,2025-10-14 20:43:27,2025-10-14 20:43:30,339
9285,Overwatch,Positive,Mercy as the best most skilled character in overwatch because she requires prioritization using quick decisions making and only killing and I love Mercy so much because she's cute and that's my cat and I'm happy my babycakes @mareeeeep plays her and kills me while all miss him,2025-10-14 20:43:27,2025-10-14 20:43:30,277
9286,Overwatch,Neutral,*NEW* HERO: ECHO!! | Overwatch Daily Moments Ep.1077 (Funny and Random M... youtu.be/LZqTmN5HQoM via @YouTube @PlayOverwatch .  whos excited?!,2025-10-14 20:43:27,2025-10-14 20:43:30,144
9286,Overwatch,Neutral,* NEW * HERO: ECHO!! | Overwatch Daily Moments Ep.1077 (Funny and Random M... youtu.be / LZqTmN5HQoM via @ YouTube @ PlayOverwatch.,2025-10-14 20:43:27,2025-10-14 20:43:30,131
9286,Overwatch,Neutral,* NEW * O: ECHO!!! Overwatch Daily Moments Ep.1077 (Funny and Random M... youtu.be / LZqTmN5HQoM via @ YouTube @ PlayOverwatch.,2025-10-14 20:43:27,2025-10-14 20:43:30,127
9286,Overwatch,Neutral,*NEW* HERO: ECHO!! | Overwatch Hot Moments pt.1077 (Funny and Random | youtu.be/LZqTmN5HQoM via @YouTube @PlayOverwatch -  whos ):,2025-10-14 20:43:27,2025-10-14 20:43:30,130
9286,Overwatch,Neutral,* THE NEW * HERO : TO ECHO!! | Overwatch Daily News Moments 2006 Ep. 1077 ( Funny Faces and Strange Random Studies M... youtu. be / s LZqTmN5HQoM via CH @YouTube @PlayOverwatch. whos more excited?!,2025-10-14 20:43:27,2025-10-14 20:43:30,197
9286,Overwatch,Neutral,B* HERO: ECHO!! | Overwatch Daily Moments Release.1077 (Funny Press Random Review... youtu.be/LZqTmN5HQoM YouTube Netflix DVD. Nobody eating?!,2025-10-14 20:43:27,2025-10-14 20:43:30,142
9287,Overwatch,Negative,Overwatch is dead to me pic.twitter.com/AKPuJrRu2D,2025-10-14 20:43:27,2025-10-14 20:43:30,50
9287,Overwatch,Negative,Overwatch is dead to me pic.twitter.com / AKPuJrRu2D,2025-10-14 20:43:27,2025-10-14 20:43:30,52
9287,Overwatch,Negative,Overwatch is dead to me pic.facebook.com / AKPuJrRu2D,2025-10-14 20:43:27,2025-10-14 20:43:30,53
9287,Overwatch,Negative,Overwatch is dead to me pic.twitter.com/AKPuJrRu2D,2025-10-14 20:43:27,2025-10-14 20:43:30,50
9287,Overwatch,Negative,See Overwatch is dead to me pic.twitter.com/AKPuJrRu2D,2025-10-14 20:43:27,2025-10-14 20:43:30,54
9287,Overwatch,Negative,of,2025-10-14 20:43:28,2025-10-14 20:43:30,2
9289,Overwatch,Negative,Valorant is pretty much exactly what I wanted Overwatch to be.,2025-10-14 20:43:28,2025-10-14 20:43:30,62
9289,Overwatch,Negative,Valorant is pretty much exactly what I wanted Overwatch to be.,2025-10-14 20:43:28,2025-10-14 20:43:30,62
9289,Overwatch,Negative,Valorant is pretty much what I wanted to be Overwatch.,2025-10-14 20:43:28,2025-10-14 20:43:30,54
9289,Overwatch,Negative,Valorant is pretty much exactly as I wanted Overwatch to be.,2025-10-14 20:43:28,2025-10-14 20:43:30,60
9289,Overwatch,Negative,Along Valorant Creek is pretty much exactly what I wanted Overwatch to basically be.,2025-10-14 20:43:28,2025-10-14 20:43:30,84
9289,Overwatch,Negative,Valorant is pretty much exactly everything Spielberg wanted Overwatch to be.,2025-10-14 20:43:28,2025-10-14 20:43:30,76
9290,Overwatch,Irrelevant,this one clip looks better than anything from the entire overwatch league,2025-10-14 20:43:28,2025-10-14 20:43:30,73
9290,Overwatch,Irrelevant,This one clip looks better than anything from the entire Overwatch League,2025-10-14 20:43:28,2025-10-14 20:43:30,73
9290,Overwatch,Irrelevant,This clip looks better than anything from the entire Super League,2025-10-14 20:43:28,2025-10-14 20:43:30,65
9290,Overwatch,Irrelevant,this one clip looks better as anything from the entire overwatch league,2025-10-14 20:43:28,2025-10-14 20:43:30,71
9290,Overwatch,Irrelevant,this one clip looks better than almost anything from the entire overwatch radio league,2025-10-14 20:43:28,2025-10-14 20:43:30,86
9290,Overwatch,Irrelevant,this baseball clip looks better than anything from the entire overwatch league,2025-10-14 20:43:28,2025-10-14 20:43:30,78
9291,Overwatch,Neutral,used cheats on my smurf account. did an overwatch. saw my match.  sorry B I ain't snitchin pic.twitter.com/bdbSqypsEW,2025-10-14 20:43:28,2025-10-14 20:43:30,117
9291,Overwatch,Neutral,Made a watch. saw my match. sorry B I ain't snitchin pic.twitter.com / bdbSqypsEW,2025-10-14 20:43:28,2025-10-14 20:43:30,81
9291,Overwatch,Neutral,used cheats on my smurf account. did an overwatch. saw my match. sorry B I ain't snitchin pic.su / bdbSqypsEW,2025-10-14 20:43:28,2025-10-14 20:43:30,109
9291,Overwatch,Neutral,used cheats on my smurf account. did an overwatch. saw my match.  sorry B I ain't snitchin pic.twitter.com/bdbSqypsEW,2025-10-14 20:43:28,2025-10-14 20:43:30,117
9291,Overwatch,Neutral,from used cheats on my smurf account. did an overwatch. saw my match.  sorry B I ain't snitchin pic.twitter.com/bdbSqypsEW,2025-10-14 20:43:28,2025-10-14 20:43:30,122
9291,Overwatch,Neutral,not,2025-10-14 20:43:28,2025-10-14 20:43:30,3
9292,Overwatch,Positive,"Bruh, I’m hopelessly addicted to Overwatch. What is wrong with me...",2025-10-14 20:43:28,2025-10-14 20:43:30,68
9292,Overwatch,Positive,"Bruh, I'm hopelessly addicted to Overwatch. What's wrong with me...",2025-10-14 20:43:28,2025-10-14 20:43:30,67
9292,Overwatch,Positive,"Bruh, I'm hopelessly adding to Overwatch. What's wrong with me...",2025-10-14 20:43:28,2025-10-14 20:43:30,65
9292,Overwatch,Positive,"Bruh, being hopelessly addicted to Overwatch. What goes wrong with me...",2025-10-14 20:43:28,2025-10-14 20:43:30,72
9292,Overwatch,Positive,"Bruh, I would ’ m hopelessly addicted now to Overwatch. What remains is completely wrong with me...",2025-10-14 20:43:28,2025-10-14 20:43:30,99
9292,Overwatch,Positive,"know, I’m hopelessly addicted to coffee. What is wrong with me...",2025-10-14 20:43:28,2025-10-14 20:43:30,65
9293,Overwatch,Positive,epic Overwatch gameplay I !commands twitch.tv/miniteno,2025-10-14 20:43:28,2025-10-14 20:43:30,54
9293,Overwatch,Positive,epic Overwatch gameplay I! commands twitch.tv / miniteno,2025-10-14 20:43:28,2025-10-14 20:43:30,56
9293,Overwatch,Positive,epic Overwatch gameplay I! comments tch.tv / miniteno,2025-10-14 20:43:28,2025-10-14 20:43:30,53
9293,Overwatch,Positive,epic Overwatch gameplay I !commands twitch.tv/miniteno,2025-10-14 20:43:28,2025-10-14 20:43:30,54
9293,Overwatch,Positive,as epic Overwatch gameplay I !commands twitch.tv/miniteno,2025-10-14 20:43:28,2025-10-14 20:43:30,57
9293,Overwatch,Positive,we,2025-10-14 20:43:28,2025-10-14 20:43:30,2
9294,Overwatch,Neutral,Mercy .,2025-10-14 20:43:28,2025-10-14 20:43:30,8
9294,Overwatch,Neutral,Mercy.,2025-10-14 20:43:28,2025-10-14 20:43:30,6
9294,Overwatch,Neutral,Mercy.,2025-10-14 20:43:28,2025-10-14 20:43:30,6
9294,Overwatch,Neutral,Mercy 101,2025-10-14 20:43:28,2025-10-14 20:43:30,9
9294,Overwatch,Neutral,The Mercy.,2025-10-14 20:43:28,2025-10-14 20:43:30,10
9294,Overwatch,Neutral,3.,2025-10-14 20:43:28,2025-10-14 20:43:30,2
9295,Overwatch,Positive,Just properly carved pumpkins for the first time! Doesn't look the best but I had fun! @PlayOverwatch,2025-10-14 20:43:28,2025-10-14 20:43:30,103
9295,Overwatch,Positive,First time properly carved pumpkins! Doesn't look best but I had fun! @ PlayOverwatch,2025-10-14 20:43:28,2025-10-14 20:43:30,85
9295,Overwatch,Positive,Just got my skin cut for the first time! Not looking great but I had fun! @ PlayOverwatch,2025-10-14 20:43:28,2025-10-14 20:43:30,89
9295,Overwatch,Positive,Just properly carved pumpkins for the first time! Doesn't look the best but I had enough!<unk>,2025-10-14 20:43:28,2025-10-14 20:43:30,94
9295,Overwatch,Positive,Just properly hand carved out pumpkins for the first time!... Doesn't look quite the best but I had had fun! @PlayOverwatch,2025-10-14 20:43:28,2025-10-14 20:43:30,123
9295,Overwatch,Positive,Just properly carved heart but the first time! Doesn't look the first but I had fun! @PlayOverwatch,2025-10-14 20:43:28,2025-10-14 20:43:30,99
9296,Overwatch,Positive,The fact that I can play Overwatch after all these years finally...and eat @ChipotleTweets  at the same time is a miracle. . . @SeaBandNausea,2025-10-14 20:43:28,2025-10-14 20:43:30,141
9296,Overwatch,Positive,The fact that after all these years I can finally play Overwatch... and at the same time eat @ ChipotleTweets is a miracle.... @ SeaBandNausea,2025-10-14 20:43:28,2025-10-14 20:43:30,142
9296,Overwatch,Positive,The fact that I can play Overwatch after all these years finally... and have @ Chipotlekets at the same time is a myth... @ SeaNausea,2025-10-14 20:43:28,2025-10-14 20:43:30,133
9296,Overwatch,Positive,The fact that I can play Overwatch after all these years finally...and eat @ChipotleTweets <unk> the exact time seems a miracle... @SeaBandNausea,2025-10-14 20:43:28,2025-10-14 20:43:30,145
9296,Overwatch,Positive,The fact that that I somehow can play Overwatch TV after having all these years to finally... and can eat the @ChipotleTweets at the same time is a miracle... @SeaBandNausea,2025-10-14 20:43:28,2025-10-14 20:43:30,173
9296,Overwatch,Positive,The way that I can play Overwatch after all these ages finally...and make cookies at the same time remains a miracle... @ChipotleTweets,2025-10-14 20:43:28,2025-10-14 20:43:30,135
9297,Overwatch,Negative,they are all wrong so long as Minecraft exists,2025-10-14 20:43:28,2025-10-14 20:43:30,46
9297,Overwatch,Negative,They're all wrong as long as Minecraft exists,2025-10-14 20:43:28,2025-10-14 20:43:30,45
9297,Overwatch,Negative,they are all wrong as long as Minecraft exists,2025-10-14 20:43:28,2025-10-14 20:43:30,46
9297,Overwatch,Negative,they are all wrong so big as Minecraft exists,2025-10-14 20:43:28,2025-10-14 20:43:30,45
9297,Overwatch,Negative,they are all never wrong so long as his Minecraft exists,2025-10-14 20:43:28,2025-10-14 20:43:30,56
9297,Overwatch,Negative,they are all wrong so far as Minecraft exists,2025-10-14 20:43:28,2025-10-14 20:43:30,45
9298,Overwatch,Positive,Great to see student made content!,2025-10-14 20:43:28,2025-10-14 20:43:30,34
9298,Overwatch,Positive,Nice to see how the students were satisfied!,2025-10-14 20:43:28,2025-10-14 20:43:30,44
9298,Overwatch,Positive,It's nice to see that the student has made the content!,2025-10-14 20:43:28,2025-10-14 20:43:30,55
9298,Overwatch,Positive,Great to see student led content!,2025-10-14 20:43:28,2025-10-14 20:43:30,33
9298,Overwatch,Positive,Great place to see student made content!,2025-10-14 20:43:28,2025-10-14 20:43:30,40
9298,Overwatch,Positive,Great to have student made content!,2025-10-14 20:43:28,2025-10-14 20:43:30,35
9299,Overwatch,Positive,"I know this is a joke but this actually makes me so sad, I love this game so much (despite it being torture sometimes) & seeing it fall apart like this is heart breaking. For so long, everyone always joked that the game was dying (since like 2018 at least) and now it really is.",2025-10-14 20:43:28,2025-10-14 20:43:30,279
9299,Overwatch,Positive,"I know it's a joke, but that actually makes me so sad, I love this game so much (though sometimes it gets tortured) & to see it fall apart like that is heartbreaking.",2025-10-14 20:43:28,2025-10-14 20:43:30,166
9299,Overwatch,Positive,"I know it's a joke, but it actually makes me so sad, I love this game so much (even though sometimes it's torture) and to see it fall apart, it breaks my heart.",2025-10-14 20:43:28,2025-10-14 20:43:30,160
9299,Overwatch,Positive,"I know this is a joke but this actually makes me so mad, I love this game so much (despite it being torture sometimes) & seeing it fall apart like this its heart breaking. Though so long, we always joked that the show was dying (since like 2018 T least) and now it really is.",2025-10-14 20:43:28,2025-10-14 20:43:30,275
9299,Overwatch,Positive,"I also know this is a sick joke but this actually makes up me so sad, I love this game so much ( despite it being torture sometimes ) & seeing it fall farther apart thinking like this is heart breaking. For reasons so long, everyone always joked that after the game was dying ( probably since like early 2018 in at least ) and now it really is.",2025-10-14 20:43:28,2025-10-14 20:43:30,344
9299,Overwatch,Positive,"I know there is a cliche but this actually makes me so sad, I played this game so much (despite just being torture sometimes) & seeing it fall apart like this is heart breaking. For so long, everyone always liked that the game was new (since like 2018 and least) and this this really belongs.",2025-10-14 20:43:28,2025-10-14 20:43:30,292
9300,Overwatch,Neutral,Looks like april fools already started.,2025-10-14 20:43:28,2025-10-14 20:43:30,42
9300,Overwatch,Neutral,Looks like the April Fools have already begun.,2025-10-14 20:43:28,2025-10-14 20:43:30,46
9300,Overwatch,Neutral,"April Fools, it seems, has already begun.",2025-10-14 20:43:28,2025-10-14 20:43:30,41
9300,Overwatch,Neutral,Looks like april fools festival started.,2025-10-14 20:43:28,2025-10-14 20:43:30,40
9300,Overwatch,Neutral,Looks like april that fools already had started.,2025-10-14 20:43:28,2025-10-14 20:43:30,48
9300,Overwatch,Neutral,Looks just april fools already started.,2025-10-14 20:43:28,2025-10-14 20:43:30,39
9301,Overwatch,Negative,@PlayOverwatch get on this now pleases.,2025-10-14 20:43:28,2025-10-14 20:43:30,39
9301,Overwatch,Negative,@ PlayOverwatch get this now.,2025-10-14 20:43:28,2025-10-14 20:43:30,29
9301,Overwatch,Negative,@ PlayOverwatch get on with it now.,2025-10-14 20:43:28,2025-10-14 20:43:30,35
9301,Overwatch,Negative,@PlayOverwatch get me this now pleases.,2025-10-14 20:43:28,2025-10-14 20:43:30,39
9301,Overwatch,Negative,Hey @PlayOverwatch get on this one now pleases.,2025-10-14 20:43:28,2025-10-14 20:43:30,47
9301,Overwatch,Negative,@PlayOverwatch get on this record pleases.,2025-10-14 20:43:28,2025-10-14 20:43:30,42
9302,Overwatch,Negative,"@PlayOverwatch @OverwatchFR No Ana, Get Fuck Off. Unninstal this game GG",2025-10-14 20:43:28,2025-10-14 20:43:30,72
9302,Overwatch,Negative,"@ PlayOverwatch @ OverwatchFR No Ana, Get Fuck Off.",2025-10-14 20:43:28,2025-10-14 20:43:30,51
9302,Overwatch,Negative,"@ PlayOverwatch @ OverwatchNo Ana, Get Fuck Off. Unninstal this game GG",2025-10-14 20:43:28,2025-10-14 20:43:30,71
9302,Overwatch,Negative,"@PlayOverwatch @OverwatchFR No Fun, Get Fuck Off. Unninstal this game GG",2025-10-14 20:43:28,2025-10-14 20:43:30,72
9302,Overwatch,Negative,"@PlayOverwatch Not @OverwatchFR No Ana, Get... Fuck yourself Off. Unninstal on this game GG",2025-10-14 20:43:28,2025-10-14 20:43:30,91
9302,Overwatch,Negative,"Gang<unk> No Fun, Get Fuck Off. Unninstal this game GG",2025-10-14 20:43:28,2025-10-14 20:43:30,54
9303,Overwatch,Positive,Good morning Twitter fam gonna hit the gym then on that overwatch/classic wow grind,2025-10-14 20:43:28,2025-10-14 20:43:30,83
9303,Overwatch,Positive,Good morning Twitter fam gonna hit the gym then on that overwatch / classic wow grind,2025-10-14 20:43:28,2025-10-14 20:43:30,85
9303,Overwatch,Positive,"Good morning, Twitter fans about to hit the gym then at that preview / classic wow grind",2025-10-14 20:43:28,2025-10-14 20:43:30,88
9303,Overwatch,Positive,Good morning Twitter fam gonna hit the road then on that overwatch/classic wow grind,2025-10-14 20:43:28,2025-10-14 20:43:30,84
9303,Overwatch,Positive,Good good morning you Twitter is fam gonna hit the gym back then on that overwatch / classic wow grind,2025-10-14 20:43:28,2025-10-14 20:43:30,102
9303,Overwatch,Positive,Good morning Twitter fam gonna do the gym then on out overwatch/classic wow down,2025-10-14 20:43:28,2025-10-14 20:43:30,80
9304,Overwatch,Neutral,"If it were up to me, Overwatch matches would run on a point or xp score. Top 3 on winners team get 100% SR amt increase, bottom 3 on winners get 75%, top 3 on losers get 25-50% based on performance. Bottom 3 on losers take the SR loss.",2025-10-14 20:43:28,2025-10-14 20:43:30,235
9304,Overwatch,Neutral,"If it were up to me, the Overwatch games would take place with a score or a score of xp. The top 3 of the winning team receive a 100% SR raise, the bottom 3 of the winners receive 75%, the top 3 of the losers 25-50% depending on performance, and the bottom 3 of the losers take the SR loss.",2025-10-14 20:43:28,2025-10-14 20:43:30,290
9304,Overwatch,Neutral,"If everything depended on me, Overwatch matches would be played on points or xp points. The top 3 in the winning team gets a 100% increase in efficiency, the bottom 3 in the winning team gets 75%, the top 3 in the winning team gets 25-50%, depending on performance.",2025-10-14 20:43:28,2025-10-14 20:43:30,265
9304,Overwatch,Neutral,"If it were up to me, Overwatch games must run on a point or xp score. Top 3 on winners team get 100% SR amt increase, first 3 on winners get 75%, top 3 on champions get 25-50% based on performance. Bottom 3 HP losers equal the SR loss.",2025-10-14 20:43:28,2025-10-14 20:43:30,235
9304,Overwatch,Neutral,"Now If it they were left up to only me, Overwatch matches would run on a won point difference or the xp score. Top 3 on winners will team get 100 % SR amt increase, bottom 3 on winners get 75 %, top 3 on final losers get 25 - 50 % based on performance. Next Bottom 3 on losers take the SR loss.",2025-10-14 20:43:28,2025-10-14 20:43:30,294
9304,Overwatch,Neutral,"If it were up and me, Overwatch matches would run on percentage point or to score. Top 3 onto winners team get 100% SR amt XP, Top 3 on winners get 75%, top 3 on losers get 25-50% based from performance. Bottom 3 on last has the SR loss.",2025-10-14 20:43:28,2025-10-14 20:43:30,237
9305,Overwatch,Positive,twitch.tv/africanbattler… I can’t sleep .  anyways I’m back on my,2025-10-14 20:43:28,2025-10-14 20:43:30,67
9305,Overwatch,Positive,twitch.tv / africanbattler... I can't sleep.,2025-10-14 20:43:28,2025-10-14 20:43:30,44
9305,Overwatch,Positive,tch.tv / afbattler... I can't sleep.,2025-10-14 20:43:28,2025-10-14 20:43:30,36
9305,Overwatch,Positive,twitch.tv/africanbattler… I hit sleep.  anyways I’m back on Twitter,2025-10-14 20:43:28,2025-10-14 20:43:30,67
9305,Overwatch,Positive,twitch. or tv / africanbattler … I too can totally ’ t sleep. Maybe anyways I must ’ m back on my,2025-10-14 20:43:28,2025-10-14 20:43:30,97
9305,Overwatch,Positive,twitch.tv/africanbattler... so can’t sleep. anyways im sleeping on my,2025-10-14 20:43:28,2025-10-14 20:43:30,69
9306,Overwatch,Negative,"@PlayOverwatch coming back to overwatch after 1 year break, literally first comp game, i guess time to take another year break, and this is low diamond... https://t.co/FauucOVQsf",2025-10-14 20:43:28,2025-10-14 20:43:30,178
9306,Overwatch,Negative,"@ PlayOverwatch is coming back after a 1 year hiatus, literally first comp game, I guess it's time to take another year off, and that's a weak diamond... https: / / t.co / FauucOVQsf",2025-10-14 20:43:28,2025-10-14 20:43:30,182
9306,Overwatch,Negative,"@ PlayOverwatch going back to overwatch after a year break, literally the first game comp, I think it's time to take another year break and it's a low diamond...",2025-10-14 20:43:28,2025-10-14 20:43:30,161
9306,Overwatch,Negative,"@PlayOverwatch coming back to overwatch after 1 year break, so first comp game, so guess time to take another year break, and this is low diamond... 7]",2025-10-14 20:43:28,2025-10-14 20:43:30,151
9306,Overwatch,Negative,"@PlayOverwatch then coming back to start overwatch after 1 long year break, literally the first comp game, as i correctly guess time to take another year break, and but this is low diamond... after https://t.co/FauucOVQsf ]",2025-10-14 20:43:28,2025-10-14 20:43:30,223
9306,Overwatch,Negative,"@PlayOverwatch coming back to town on 1 year break, literally its Saturday night, i guess time to take another year break, and this was low diamond... https://t.co/FauucOVQsf]",2025-10-14 20:43:28,2025-10-14 20:43:30,175
9307,Overwatch,Irrelevant,IF MY INTERNET WOULD STOP BEING AN ASSHAT,2025-10-14 20:43:28,2025-10-14 20:43:30,41
9307,Overwatch,Irrelevant,IF MY INTERNET would stop being an ASSHAT,2025-10-14 20:43:28,2025-10-14 20:43:30,41
9307,Overwatch,Irrelevant,IF MY INTERNET IS HAPPENED BY ASSAT,2025-10-14 20:43:28,2025-10-14 20:43:30,35
9307,Overwatch,Irrelevant,IF EVERY INTERNET WOULD STOP BEING AN ASSHAT,2025-10-14 20:43:28,2025-10-14 20:43:30,44
9307,Overwatch,Irrelevant,OR IF MY INTERNET WHO WOULD You STOP the BEING AN ASSHAT,2025-10-14 20:43:28,2025-10-14 20:43:30,56
9307,Overwatch,Irrelevant,IF MY INTERNET MUST STOP AT AN I,2025-10-14 20:43:28,2025-10-14 20:43:30,32
9308,Overwatch,Negative,filthy casual spams overwatch junkenstein for skins? pic.twitter.com/SRcky8zK6x,2025-10-14 20:43:28,2025-10-14 20:43:30,79
9308,Overwatch,Negative,Dirty casual spam monitoring junkie for skins? pic.twitter.com / SRcky8zK6x,2025-10-14 20:43:28,2025-10-14 20:43:30,75
9308,Overwatch,Negative,dirty random spammers watching Einstein for skins? pic.wikipedia.org / SRcky8zK6x,2025-10-14 20:43:28,2025-10-14 20:43:30,81
9308,Overwatch,Negative,filthy casual spams overwatch junkenstein for skins? pic.twitter.com/SRcky8zK6x,2025-10-14 20:43:28,2025-10-14 20:43:30,79
9308,Overwatch,Negative,and filthy casual spams overwatch junkenstein for skins? pic.twitter.com/SRcky8zK6x,2025-10-14 20:43:28,2025-10-14 20:43:30,83
9308,Overwatch,Negative,about,2025-10-14 20:43:28,2025-10-14 20:43:30,5
9309,Overwatch,Positive,"My birthday consisted of crab legs, watching A Goofy Movie + Lady and the Tramp remake, and now I’m gonna play Overwatch with my best friend!! 🥳🥰",2025-10-14 20:43:28,2025-10-14 20:43:30,145
9309,Overwatch,Positive,"My birthday was crab legs, A Goofy Movie + Lady and the Tramp remake, and now I'm going to play Overwatch with my best friend!!",2025-10-14 20:43:28,2025-10-14 20:43:30,127
9309,Overwatch,Positive,"My birthday consisted of crab legs, watching a remake of A Goofy Movie + Lady and the Tramp, and now I'm going to play Overwatch with my best friend!!",2025-10-14 20:43:28,2025-10-14 20:43:30,150
9309,Overwatch,Positive,"My birthday consisted of crab legs, watching A Goofy Movie + Lady and the Gun remake, and now learning to play Overwatch alongside my best friend!! 🥳🥰",2025-10-14 20:43:28,2025-10-14 20:43:30,150
9309,Overwatch,Positive,"My birthday dare consisted of crab legs, watching the A Goofy Movie + Lady B and watching the Disney Tramp remake, and now I the ’ m gonna play Wii Overwatch with my best friend!! [UNK]",2025-10-14 20:43:28,2025-10-14 20:43:30,185
9309,Overwatch,Positive,"My birthday home to crab legs, watching my Goofy Movie + Lady and the Tramp Deluxe, and now I’m gonna play Overwatch with my sister friend!! <unk>",2025-10-14 20:43:28,2025-10-14 20:43:30,146
9310,Overwatch,Positive,I'll be live in 5 minutes .  continuing the overwatch ranked grind twitch.tv/vonspriggan,2025-10-14 20:43:28,2025-10-14 20:43:30,88
9310,Overwatch,Positive,I will be live in 5 minutes. continue the Overwatch leaderboard twitch.tv / vonspriggan,2025-10-14 20:43:28,2025-10-14 20:43:30,87
9310,Overwatch,Positive,I'll be on air in 5 minutes.,2025-10-14 20:43:28,2025-10-14 20:43:30,28
9310,Overwatch,Positive,I'll be live in 5 minutes .  continuing the overwatch ranked grind twitch.tv/vonspriggan,2025-10-14 20:43:28,2025-10-14 20:43:30,88
9310,Overwatch,Positive,of I'll be live in 5 minutes .  continuing the overwatch ranked grind twitch.tv/vonspriggan,2025-10-14 20:43:28,2025-10-14 20:43:30,91
9310,Overwatch,Positive,more,2025-10-14 20:43:28,2025-10-14 20:43:30,4
9311,Overwatch,Irrelevant,Start your Tuesday off right by checking out our lovely @_J3ssJ3ss_ streaming some overwatch. twitch.tv/j3ssj3ss,2025-10-14 20:43:28,2025-10-14 20:43:30,112
9311,Overwatch,Irrelevant,"Start your Tuesday right away with a look at @ _ J3ssJ3ss _ streaming, which is being monitored. twitch.tv / j3ssj3ss",2025-10-14 20:43:28,2025-10-14 20:43:30,117
9311,Overwatch,Irrelevant,Start your Tuesday by watching our beautiful @ _ J3ssJ3ss _ streaming some super view. tch.tv / j3ssj3ss,2025-10-14 20:43:28,2025-10-14 20:43:30,104
9311,Overwatch,Irrelevant,Start your Tuesday off right by checking out our lovely RhandlerR streaming some overwatch. twitch.tv/j3ssj3ss,2025-10-14 20:43:28,2025-10-14 20:43:30,110
9311,Overwatch,Irrelevant,7 Start your Tuesday off right by checking out our lovely RhandlerR streaming some overwatch. twitch.tv/j3ssj3ss,2025-10-14 20:43:28,2025-10-14 20:43:30,112
9311,Overwatch,Irrelevant,are,2025-10-14 20:43:28,2025-10-14 20:43:30,3
9312,Overwatch,Positive,When you login to your OWL account for the first time in months and see that @SombrasButt loves both Overwatch and Star Wars as much as you do .  https://t.co/wVicEmrFWy,2025-10-14 20:43:28,2025-10-14 20:43:30,169
9312,Overwatch,Positive,When you log into your OWL account for the first time in months and see that @ SombrasButt loves Overwatch and Star Wars just as much as you. https: / / t.co / wVicEmrFWy,2025-10-14 20:43:28,2025-10-14 20:43:30,170
9312,Overwatch,Positive,When you log into your OWL account for the first time in months and see that @ SombrasButt loves Overwatch and Star Wars just as much as you do.,2025-10-14 20:43:28,2025-10-14 20:43:30,144
9312,Overwatch,Positive,When you login to your OWL game the l first time in months and see that @SombrasButt loves both Overwatch and Star Wars as much as you do.  https://t.co/wVicEmrFWy],2025-10-14 20:43:28,2025-10-14 20:43:30,164
9312,Overwatch,Positive,When you login to utilize your OWL account for not the first time overseas in 18 months and see about that... @SombrasButt loves both Batman Overwatch and Star Wars as much too as you do. https://t.co/wVicEmrFWy ],2025-10-14 20:43:28,2025-10-14 20:43:30,213
9312,Overwatch,Positive,When you login to your OWL site for the first time in months and see that @SombrasButt loves like Overwatch and Star Wars as much on we do. x],2025-10-14 20:43:28,2025-10-14 20:43:30,142
9313,Overwatch,Negative,"@BlizzardCS I disconnected from a game of Overwatch because my internet crashed, I was playing support, yet I lost 10SR for all 3 of my roles???? (This dropped me out of Masters for Tank)",2025-10-14 20:43:28,2025-10-14 20:43:30,187
9313,Overwatch,Negative,"@ BlizzardCS I disconnected from a game of Overwatch because my Internet crashed, I was playing support, but I lost 10SR for all 3 of my roles???? (This caused me to withdraw from Masters for Tank)",2025-10-14 20:43:28,2025-10-14 20:43:30,197
9313,Overwatch,Negative,"@ BlizzardCS I disconnected from a game of Overwatch because my internet crow, I was playing support, yet I lost 10SR for all 3 of my roles?? (This dropped me out of Masters for Tank)",2025-10-14 20:43:28,2025-10-14 20:43:30,183
9313,Overwatch,Negative,"@BlizzardCS I disconnected play a game of Overwatch because my internet crashed, I was playing great, yet I lost 10SR on each 3 of my roles???? (This dropped me out of Masters for Tank)",2025-10-14 20:43:28,2025-10-14 20:43:30,185
9313,Overwatch,Negative,"@BlizzardCS and I disconnected from all a game demo of Overwatch because my internet crashed, because I actually was playing primary support, yet I lost 10SR tickets for all 3 regardless of my roles???? ( This dropped like me out of Masters for Tank )",2025-10-14 20:43:28,2025-10-14 20:43:30,251
9313,Overwatch,Negative,"@BlizzardCS I disconnected from a game of Overwatch because my internet crashed, I hate shooting support, yet I get 10SR for even 3 of my roles???? (This dropped myself out of Masters for 2)",2025-10-14 20:43:28,2025-10-14 20:43:30,190
9314,Overwatch,Negative,Stop banning Moira you cowards,2025-10-14 20:43:28,2025-10-14 20:43:30,30
9314,Overwatch,Negative,"Stop banning Moira, you cowards",2025-10-14 20:43:28,2025-10-14 20:43:30,31
9314,Overwatch,Negative,Stop lecturing Moira,2025-10-14 20:43:28,2025-10-14 20:43:30,20
9314,Overwatch,Negative,Stop dating Moira you cowards,2025-10-14 20:43:28,2025-10-14 20:43:30,29
9314,Overwatch,Negative,Stop my banning Moira you cowards,2025-10-14 20:43:28,2025-10-14 20:43:30,33
9314,Overwatch,Negative,Stop banning Moira<unk> cowards,2025-10-14 20:43:28,2025-10-14 20:43:30,31
9315,Overwatch,Neutral,GET OVER HERE! It's,2025-10-14 20:43:28,2025-10-14 20:43:30,21
9315,Overwatch,Neutral,Go HERE!,2025-10-14 20:43:28,2025-10-14 20:43:30,8
9315,Overwatch,Neutral,ГЕТ ОВЕР!!!!!!!!!!!!!!!!!!!!!!!!!!!!!!!!!!!!!!!!!!!!!!!!!!!!!!!!!!!!!!!!!!!!!!!!!!!!!!!!!!!!!!!!!!!!!!!!!!!!!!!!!!!!!!!!!!!!!!!!!!!!!!!!!!!!!!!!!,2025-10-14 20:43:28,2025-10-14 20:43:30,145
9315,Overwatch,Neutral,GET START HERE! It's,2025-10-14 20:43:28,2025-10-14 20:43:30,20
9315,Overwatch,Neutral,Gotta GET THE OVER HERE! It's,2025-10-14 20:43:28,2025-10-14 20:43:30,29
9315,Overwatch,Neutral,GET OVER it! It's,2025-10-14 20:43:28,2025-10-14 20:43:30,17
9316,Overwatch,Negative,Fuck Overwatch,2025-10-14 20:43:28,2025-10-14 20:43:30,14
9316,Overwatch,Negative,Fuck Overwatch,2025-10-14 20:43:28,2025-10-14 20:43:30,14
9316,Overwatch,Negative,Fuck Overwatch,2025-10-14 20:43:28,2025-10-14 20:43:30,14
9316,Overwatch,Negative,Fuck Overwatch,2025-10-14 20:43:28,2025-10-14 20:43:30,14
9316,Overwatch,Negative,And Fuck Overwatch,2025-10-14 20:43:28,2025-10-14 20:43:30,18
9316,Overwatch,Negative,Fuck You,2025-10-14 20:43:28,2025-10-14 20:43:30,8
9317,Overwatch,Positive,this Bollo plant id here? i love competitive overwatch together using twitter on him when its just wanna say my,2025-10-14 20:43:28,2025-10-14 20:43:30,111
9317,Overwatch,Positive,this Bollo plant side here? i love aggressive overwatch along with twitter on it if its just mine to say,2025-10-14 20:43:28,2025-10-14 20:43:30,104
9317,Overwatch,Positive,this plant is here? I love competitive supervision together with the computer on it when it just wants to say that my,2025-10-14 20:43:28,2025-10-14 20:43:30,117
9317,Overwatch,Positive,this Bollo plant id here? i love competitive overwatch together and twitter on him when its easy wanna say my,2025-10-14 20:43:28,2025-10-14 20:43:30,109
9317,Overwatch,Positive,this Bollo plant id here? i love competitive overwatch flying together and using twitter on a him when its just no wanna say that my,2025-10-14 20:43:28,2025-10-14 20:43:30,132
9317,Overwatch,Positive,this fucking plant id here? i love competitive overwatch im using twitter call him when its just wanna say my,2025-10-14 20:43:28,2025-10-14 20:43:30,109
9318,Overwatch,Positive,and every,2025-10-14 20:43:28,2025-10-14 20:43:30,11
9318,Overwatch,Positive,nan,2025-10-14 20:43:28,2025-10-14 20:43:30,3
9318,Overwatch,Positive,and every,2025-10-14 20:43:28,2025-10-14 20:43:30,9
9318,Overwatch,Positive,and 4,2025-10-14 20:43:28,2025-10-14 20:43:30,5
9318,Overwatch,Positive,That and every,2025-10-14 20:43:28,2025-10-14 20:43:30,14
9318,Overwatch,Positive,we every,2025-10-14 20:43:28,2025-10-14 20:43:30,8
9319,Overwatch,Positive,Time for some more boops and kills in @PlayOverwatch on @Twitch. Lets get that new Torb skin . .  . . twitch.tv/nakubael https://t.co/NJ1KwFI8M6,2025-10-14 20:43:28,2025-10-14 20:43:30,144
9319,Overwatch,Positive,Time for some more boops and kills in @ PlayOverwatch on @ Twitch. Let's get this new torb skin... twitch.tv / nakubael https: / / t.co / NJ1KwFI8M6,2025-10-14 20:43:28,2025-10-14 20:43:30,148
9319,Overwatch,Positive,Time for a few more booms and busts at @ PlayOverwatch on @ Bentley.,2025-10-14 20:43:28,2025-10-14 20:43:30,68
9319,Overwatch,Positive,Time for some more boops and kills in RhandlerR on RhandlerR. Lets get that new Torb skin . .  . . twitch.tv/nakubael RhttpR],2025-10-14 20:43:28,2025-10-14 20:43:30,125
9319,Overwatch,Positive,to Time for some more boops and kills in RhandlerR on RhandlerR. Lets get that new Torb skin . .  . . twitch.tv/nakubael RhttpR],2025-10-14 20:43:28,2025-10-14 20:43:30,128
9319,Overwatch,Positive,I,2025-10-14 20:43:28,2025-10-14 20:43:30,1
9320,Overwatch,Negative,cursed @PlayOverwatch pic.twitter.com/Nw684FR0OF,2025-10-14 20:43:28,2025-10-14 20:43:30,48
9320,Overwatch,Negative,@ PlayOverwatch pic.twitter.com / Nw684FR0OF,2025-10-14 20:43:28,2025-10-14 20:43:30,44
9320,Overwatch,Negative,Damned @ PlayOverwatch pic.wikipedia.org / Nw684FR0OF,2025-10-14 20:43:28,2025-10-14 20:43:30,53
9320,Overwatch,Negative,cursed RhandlerR pic.twitter.com/Nw684FR0OF,2025-10-14 20:43:28,2025-10-14 20:43:30,43
9320,Overwatch,Negative,Google cursed RhandlerR pic.twitter.com/Nw684FR0OF,2025-10-14 20:43:28,2025-10-14 20:43:30,50
9320,Overwatch,Negative,not,2025-10-14 20:43:28,2025-10-14 20:43:30,3
9321,Overwatch,Negative,"Streaming is really fun rn. Like there’s actually a lot that I don’t care for: I’m boring, Overwatch is a pain in my ass, I don’t talk (yet), I don’t have donations setup, console streaming is limited, etc., but just having someone in the stream to hang out is the",2025-10-14 20:43:28,2025-10-14 20:43:30,266
9321,Overwatch,Negative,"Streaming is really fun, just as there are a lot of things I don't care about: I'm boring, Overwatch is a pain in my arse, I don't talk (yet), I don't have a fundraising setup, console streaming is limited, and so on, but just having someone in the stream hanging out is the most important thing.",2025-10-14 20:43:28,2025-10-14 20:43:30,296
9321,Overwatch,Negative,"Streaming is really fun. Like a lot of other things that I don't care about: I'm bored, Overwatch is a pain in the ass, I don't talk (yet), I don't have a donation setup, the streaming console is limited, etc., but just having someone in the stream to hang out with is the most important thing.",2025-10-14 20:43:28,2025-10-14 20:43:30,294
9321,Overwatch,Negative,"Streaming is really getting rn. Like there’s actually a lot that everyone already care for: I’m tired, Overwatch is a pain in my ass, I don’t talk (yet), I don’t have donations setup, console streaming is limited, etc., but just having someone in every stream to reconnect with is the",2025-10-14 20:43:28,2025-10-14 20:43:30,284
9321,Overwatch,Negative,"Also Streaming is really fun for rn. Like really there ’ s actually these a lot that I don ’ all t much care for : why I ’ m boring, Overwatch is a pain in my ass, I don don ’ t talk ( yet ), and I don ’ t have donations setup, console streaming is limited, junk etc., but just having someone in the stream to hang out is the",2025-10-14 20:43:28,2025-10-14 20:43:30,325
9321,Overwatch,Negative,"Streaming is really fun rn. now there’s actually a lot that I don’t care for: is cheap, Overwatch is a drag in my ass, I don’t talk (yet), I don’t have donations setup, console streaming is cheap, so., but somehow having someone but the community to hang out has the",2025-10-14 20:43:28,2025-10-14 20:43:30,266
9322,Overwatch,Neutral,Woke up got on overwatch played a dps match and got potg and 30 kill gold - im still throwing pic.twitter.com/4U8eH47lpc,2025-10-14 20:43:28,2025-10-14 20:43:30,120
9322,Overwatch,Neutral,Wake up got on overwatch played a DPS match and got Potg and 30 kill gold - I'm still throwing pic.twitter.com / 4U8eH47lpc,2025-10-14 20:43:28,2025-10-14 20:43:30,123
9322,Overwatch,Neutral,"Woke up, woke up, played a dps match and got gold and 30 killed - I still throw pic.wikipedia.org / 4U8eH47lpc",2025-10-14 20:43:28,2025-10-14 20:43:30,110
9322,Overwatch,Neutral,Woke up got on overwatch played a dps match and got potg and 30 kill gold - im still throwing pic.twitter.com/4U8eH47lpc,2025-10-14 20:43:28,2025-10-14 20:43:30,120
9322,Overwatch,Neutral,† Woke up got on overwatch played a dps match and got potg and 30 kill gold - im still throwing pic.twitter.com/4U8eH47lpc,2025-10-14 20:43:28,2025-10-14 20:43:30,122
9322,Overwatch,Neutral,of,2025-10-14 20:43:28,2025-10-14 20:43:30,2
9323,Overwatch,Positive,"Most of these characters will make us happy!! She will have her own crew, LOL I can see full teams of the mech squad together.",2025-10-14 20:43:28,2025-10-14 20:43:30,126
9323,Overwatch,Positive,"Most of these characters will make us happy!! She will have her own crew, LOL I can see full teams of the Mech squad together.",2025-10-14 20:43:28,2025-10-14 20:43:30,126
9323,Overwatch,Positive,"Most of these characters will make us happy!! She will have her own crew, LOL I can see full teams of the mech square together.",2025-10-14 20:43:28,2025-10-14 20:43:30,127
9323,Overwatch,Positive,"Most of these characters will makes us happy!! She will have her own crew, LOL I can see full teams of the mech teams together.",2025-10-14 20:43:28,2025-10-14 20:43:30,127
9323,Overwatch,Positive,"6 Most of all these characters who will make us happy!! 1 She will have her own crew, LOL I can see full teams of the mech strike squad working together.",2025-10-14 20:43:28,2025-10-14 20:43:30,153
9323,Overwatch,Positive,"group of sister characters will make us happy!! She will start her own crew, though I can see full teams of the mech squad together.",2025-10-14 20:43:28,2025-10-14 20:43:30,132
9324,Overwatch,Positive,playing overwatch cause apex is still pic.twitter.com/5j7aXg51MA,2025-10-14 20:43:28,2025-10-14 20:43:30,64
9324,Overwatch,Positive,The peak of surveillance is still pic.twitter.com / 5j7aXg51MA,2025-10-14 20:43:28,2025-10-14 20:43:30,62
9324,Overwatch,Positive,play overtime because the peak is still pic.http: / / 5j7aXg51MA,2025-10-14 20:43:28,2025-10-14 20:43:30,64
9324,Overwatch,Positive,playing overwatch cause apex is still pic.twitter.com/5j7aXg51MA,2025-10-14 20:43:28,2025-10-14 20:43:30,64
9324,Overwatch,Positive,G playing overwatch cause apex is still pic.twitter.com/5j7aXg51MA,2025-10-14 20:43:28,2025-10-14 20:43:30,66
9324,Overwatch,Positive,be,2025-10-14 20:43:28,2025-10-14 20:43:30,2
9325,Overwatch,Positive,"having so much fun streaming and playing Overwatch again, thank you all for all the support as well!! stream will resume tomorrow!! love u all",2025-10-14 20:43:28,2025-10-14 20:43:30,142
9325,Overwatch,Positive,"I have so much fun streaming and playing Overwatch, thank you all for all the support!! The stream will resume tomorrow!! Love you all",2025-10-14 20:43:28,2025-10-14 20:43:30,134
9325,Overwatch,Positive,"having so much fun streaming and playing Overwatch again, thank you all for all the support as well!! stream will recommend tomorrow!! love u all",2025-10-14 20:43:28,2025-10-14 20:43:30,145
9325,Overwatch,Positive,"having so much fun chatting and playing Overwatch again, thank you all for all the support as well!! stream will resume tomorrow!! r u all",2025-10-14 20:43:28,2025-10-14 20:43:30,138
9325,Overwatch,Positive,"for having it so much fun streaming and actually playing Overwatch again, thank you all for all the support as being well!! stream will officially resume again tomorrow!! love u all",2025-10-14 20:43:28,2025-10-14 20:43:30,181
9325,Overwatch,Positive,"having so long trouble streaming and playing Overwatch again, thank by all for all the support<unk> well!! stream will resume tomorrow!! love u all",2025-10-14 20:43:28,2025-10-14 20:43:30,147
9326,Overwatch,Positive,Well.... what a fucking surprise. 468 hours on Overwatch. pic.twitter.com/IyX6DlH2C9,2025-10-14 20:43:28,2025-10-14 20:43:30,84
9326,Overwatch,Positive,Well.... what a damn surprise. 468 hours on Overwatch. pic.twitter.com / IyX6DlH2C9,2025-10-14 20:43:28,2025-10-14 20:43:30,83
9326,Overwatch,Positive,Well... what a fucking surprise. 468 hours on Overwatch. pic.facebook.com / IyX6DlH2C9,2025-10-14 20:43:28,2025-10-14 20:43:30,86
9326,Overwatch,Positive,Well.... what a fucking surprise. 468 hours on Overwatch. pic.twitter.com/IyX6DlH2C9,2025-10-14 20:43:28,2025-10-14 20:43:30,84
9326,Overwatch,Positive,the Well.... what a fucking surprise. 468 hours on Overwatch. pic.twitter.com/IyX6DlH2C9,2025-10-14 20:43:28,2025-10-14 20:43:30,88
9326,Overwatch,Positive,of,2025-10-14 20:43:28,2025-10-14 20:43:30,2
9327,Overwatch,Irrelevant,Be sure to tune into my Brothers Stream tonight on his channel we playing,2025-10-14 20:43:28,2025-10-14 20:43:30,75
9327,Overwatch,Irrelevant,Be sure to tune in to my Brothers Stream tonight on the channel we are playing,2025-10-14 20:43:28,2025-10-14 20:43:30,78
9327,Overwatch,Irrelevant,Be sure to tune in to my Brotherly Stream tonight on his channel we play,2025-10-14 20:43:28,2025-10-14 20:43:30,72
9327,Overwatch,Irrelevant,Be sure to tune into my Brothers Stream tonight on which channel we playing,2025-10-14 20:43:28,2025-10-14 20:43:30,75
9327,Overwatch,Irrelevant,Be sure to tune into my Brothers Stream channel tonight on his channel we play playing,2025-10-14 20:43:28,2025-10-14 20:43:30,86
9327,Overwatch,Irrelevant,Be sure to download into my Brothers Stream tonight on each channel we playing,2025-10-14 20:43:28,2025-10-14 20:43:30,78
9328,Overwatch,Irrelevant,"Another wonderful stream shared with the husband.  Thanks to everyone who turned out!  I'll be back tomorrow with a lot more Overwatch and FFXIV!  Have a good night, all!",2025-10-14 20:43:28,2025-10-14 20:43:30,170
9328,Overwatch,Irrelevant,"Another wonderful stream shared with the husband. Thanks to everyone who came! I will be back tomorrow with a lot more Overwatch and FFXIV! Good night, everyone!",2025-10-14 20:43:28,2025-10-14 20:43:30,161
9328,Overwatch,Irrelevant,"Thank you to everyone who came! I'll be back tomorrow with even more Overwatch and FFXIV! Good night, everyone!",2025-10-14 20:43:28,2025-10-14 20:43:30,111
9328,Overwatch,Irrelevant,"Another wonderful stream shared with the husband.  Thanks to everyone who turned away!  I'll likely returning tomorrow with a lot more Overwatch and FFXIV!  Have a good night, all!",2025-10-14 20:43:28,2025-10-14 20:43:30,180
9328,Overwatch,Irrelevant,"Another wonderful stream shared up with all the husband. Thanks back to everyone who turned you out! I'll be back sometime tomorrow with a whole lot more Overwatch and definitely FFXIV! Have a good night, tell all!",2025-10-14 20:43:28,2025-10-14 20:43:30,214
9328,Overwatch,Irrelevant,"Another short stream shared with the husband. Thanks to everyone whoever turned out! I'll be back tomorrow with a little more Overwatch and FFXIV! Have a good night, all!",2025-10-14 20:43:28,2025-10-14 20:43:30,170
9329,Overwatch,Negative,Am I the only one who completely forgot this overwatch character existed. pic.twitter.com/bMDgveRORN,2025-10-14 20:43:28,2025-10-14 20:43:30,100
9329,Overwatch,Negative,Am I the only one who completely forgets this Overwatch figure. pic.twitter.com / bMDgveRORN,2025-10-14 20:43:28,2025-10-14 20:43:30,92
9329,Overwatch,Negative,Am I the only one who has completely forgotten the existence of this superwatch person. pic.wikipedia.org / bMDgveRORN,2025-10-14 20:43:28,2025-10-14 20:43:30,118
9329,Overwatch,Negative,Am I the only one who completely forgot this overwatch character existed. pic.twitter.com/bMDgveRORN,2025-10-14 20:43:28,2025-10-14 20:43:30,100
9329,Overwatch,Negative,In Am I the only one who completely forgot this overwatch character existed. pic.twitter.com/bMDgveRORN,2025-10-14 20:43:28,2025-10-14 20:43:30,103
9329,Overwatch,Negative,on,2025-10-14 20:43:28,2025-10-14 20:43:30,2
9330,Overwatch,Irrelevant,Having Fun with Friends (maybe some comp...maybe). twitch.tv/overwatchmouse….,2025-10-14 20:43:28,2025-10-14 20:43:30,79
9330,Overwatch,Irrelevant,Fun with friends (maybe a few mates... maybe). twitch.tv / overwatchmouse....,2025-10-14 20:43:28,2025-10-14 20:43:30,77
9330,Overwatch,Irrelevant,Having fun with friends (maybe some computer... maybe).,2025-10-14 20:43:28,2025-10-14 20:43:30,55
9330,Overwatch,Irrelevant,Having Fun with Friends (maybe some comp...maybe). twitch.tv/overwatchmouse….,2025-10-14 20:43:28,2025-10-14 20:43:30,79
9330,Overwatch,Irrelevant,as Having Fun with Friends (maybe some comp...maybe). twitch.tv/overwatchmouse….,2025-10-14 20:43:28,2025-10-14 20:43:30,82
9330,Overwatch,Irrelevant,Why,2025-10-14 20:43:28,2025-10-14 20:43:30,3
9331,Overwatch,Irrelevant,Still the best overwatch player in tgota go fight me,2025-10-14 20:43:28,2025-10-14 20:43:30,52
9331,Overwatch,Irrelevant,The best Overwatch player in Twickenham is still fighting me,2025-10-14 20:43:28,2025-10-14 20:43:30,60
9331,Overwatch,Irrelevant,Still the best observer in tgota to go fight me,2025-10-14 20:43:28,2025-10-14 20:43:30,47
9331,Overwatch,Irrelevant,Still the toughest overwatch player in tgota go fight me,2025-10-14 20:43:28,2025-10-14 20:43:30,56
9331,Overwatch,Irrelevant,Still need the best overwatch player there in tgota go fight me,2025-10-14 20:43:28,2025-10-14 20:43:30,63
9331,Overwatch,Irrelevant,Still the youngest overwatch player in tgota go fight right,2025-10-14 20:43:28,2025-10-14 20:43:30,59
9332,Overwatch,Positive,never get tired of getting the good teammate award in overwatch,2025-10-14 20:43:28,2025-10-14 20:43:30,63
9332,Overwatch,Positive,Never get tired of getting the award for being the good teammate in Overwatch,2025-10-14 20:43:28,2025-10-14 20:43:30,77
9332,Overwatch,Positive,Never tire of getting a good reward in overtime,2025-10-14 20:43:28,2025-10-14 20:43:30,47
9332,Overwatch,Positive,never get tired of getting the good teammate back in overwatch,2025-10-14 20:43:28,2025-10-14 20:43:30,62
9332,Overwatch,Positive,And never get tired of getting awarded the good teammate award in overwatch,2025-10-14 20:43:28,2025-10-14 20:43:30,75
9332,Overwatch,Positive,never get tired of getting the good weather award in overwatch,2025-10-14 20:43:28,2025-10-14 20:43:30,62
9333,Overwatch,Positive,i can play overwatch again (bad),2025-10-14 20:43:28,2025-10-14 20:43:30,32
9333,Overwatch,Positive,I can play overwatch again (bad),2025-10-14 20:43:28,2025-10-14 20:43:30,32
9333,Overwatch,Positive,i can play overwatch again (bad),2025-10-14 20:43:28,2025-10-14 20:43:30,32
9333,Overwatch,Positive,i can play overwatch though (bad),2025-10-14 20:43:28,2025-10-14 20:43:30,33
9333,Overwatch,Positive,i can play again overwatch again ( bad ),2025-10-14 20:43:28,2025-10-14 20:43:30,40
9333,Overwatch,Positive,i immediately play overwatch again (bad),2025-10-14 20:43:28,2025-10-14 20:43:30,40
9334,Overwatch,Positive,Nice...,2025-10-14 20:43:28,2025-10-14 20:43:30,7
9334,Overwatch,Positive,Beautiful...,2025-10-14 20:43:28,2025-10-14 20:43:30,12
9334,Overwatch,Positive,Nice...,2025-10-14 20:43:28,2025-10-14 20:43:30,7
9334,Overwatch,Positive,Nice...,2025-10-14 20:43:28,2025-10-14 20:43:30,7
9334,Overwatch,Positive,More Nice...,2025-10-14 20:43:28,2025-10-14 20:43:30,12
9334,Overwatch,Positive,you...,2025-10-14 20:43:28,2025-10-14 20:43:30,6
9335,Overwatch,Neutral,I made this cursed content for kiki and I'm putting it here too. Enjoy.. .  .  . . youtu.be/ssjYhbmyFDQ,2025-10-14 20:43:28,2025-10-14 20:43:30,103
9335,Overwatch,Neutral,I made this damn content for Kiki and put it here. Enjoy...... youtu.be / ssjYhbmyFDQ,2025-10-14 20:43:28,2025-10-14 20:43:30,85
9335,Overwatch,Neutral,I made this cursed content for kenzi and I'm put it here too. Enjoy..... youtu.be / ssjYhbmyFDQ,2025-10-14 20:43:28,2025-10-14 20:43:30,95
9335,Overwatch,Neutral,I made this cursed content with kiki and I'm putting this here too. Enjoy.. : . .. youtu.be/ssjYhbmyFDQ,2025-10-14 20:43:28,2025-10-14 20:43:30,103
9335,Overwatch,Neutral,Apparently I made all this cursed content for you kiki and I're m done putting down it here here too. Enjoy...... with youtu. be / ssjYhbmyFDQ,2025-10-14 20:43:28,2025-10-14 20:43:30,142
9335,Overwatch,Neutral,<unk> found a this comic for kiki and I'm putting it here too. you...... youtu.be/ssjYhbmyFDQ,2025-10-14 20:43:28,2025-10-14 20:43:30,93
9336,Overwatch,Negative,I’m just gonna say it - Overwatch essentially being nominated for LGBTQ+ game of the year is worse than if Rise of Skywalker was nominated for LGBTQ+ film of the year. At least in Rise of Skywalker if you slow the footage down and zoom in you can see gay shit if you squint.,2025-10-14 20:43:28,2025-10-14 20:43:30,274
9336,Overwatch,Negative,"I'll just say it - being nominated for the LGBTQ + game of the year is essentially worse than being nominated for the LGBTQ + movie of the year for Rise of Skywalker. At least in Rise of Skywalker, if you slow down and zoom in, you can see homosexual shit when you pinch yourself.",2025-10-14 20:43:28,2025-10-14 20:43:30,280
9336,Overwatch,Negative,"At least in Rise of Skywalker, if you slow down and zoom in, you can see gay shit if you sniff it.",2025-10-14 20:43:28,2025-10-14 20:43:30,98
9336,Overwatch,Negative,I’m just gonna say it - Overwatch game being nominated for LGBTQ+ game of the year is harder than if Rise of Skywalker was considered so LGBTQ+ film of the year. At least in Rise of Skywalker and you slow the footage down and zoom in you can see gay shit if we squint.,2025-10-14 20:43:28,2025-10-14 20:43:30,268
9336,Overwatch,Negative,I give ’ m actually just about gonna say it - Overwatch essentially being nominated for LGBTQ + game of the year is always worse than if Rise of Skywalker was nominated for LGBTQ + film of the whole year. At least not in Rise of Tom Skywalker if you slow the footage down and you zoom in you can see gay shit... if you both squint.,2025-10-14 20:43:28,2025-10-14 20:43:30,331
9336,Overwatch,Negative,I’m just gonna say it - Overwatch essentially being nominated for lesbian+ movies of the year felt stronger than if Rise of Skywalker is nominated for LGBTQ+ film of very year. At least in Rise of Skywalker where your see the footage down and zoom in you can see gay shit if you squint.,2025-10-14 20:43:28,2025-10-14 20:43:30,286
9337,Overwatch,Irrelevant,Me and @KremeKrispie arguing with people on Overwatch,2025-10-14 20:43:28,2025-10-14 20:43:30,53
9337,Overwatch,Irrelevant,Me and @ KremeKrispie arguing with people from Overwatch,2025-10-14 20:43:28,2025-10-14 20:43:30,56
9337,Overwatch,Irrelevant,Me and @ HemeKrispie argue with people on Overwatch,2025-10-14 20:43:28,2025-10-14 20:43:30,51
9337,Overwatch,Irrelevant,Me and @KremeKrispie arguing with people over Overwatch,2025-10-14 20:43:28,2025-10-14 20:43:30,55
9337,Overwatch,Irrelevant,Me and @KremeKrispie from arguing with people present on Overwatch,2025-10-14 20:43:28,2025-10-14 20:43:30,66
9337,Overwatch,Irrelevant,Me and @KremeKrispie arguing with characters on Overwatch,2025-10-14 20:43:28,2025-10-14 20:43:30,57
9338,Overwatch,Neutral,"Unless you are a world-class Diamond+ tier gamer, online multiplayer team games like League of Legends and Overwatch are not fun because your team is very bad most of the time",2025-10-14 20:43:28,2025-10-14 20:43:30,175
9338,Overwatch,Neutral,"Unless you're a top-notch Diamond + player, online multiplayer team games like League of Legends and Overwatch aren't fun because your team is very bad most of the time.",2025-10-14 20:43:28,2025-10-14 20:43:30,169
9338,Overwatch,Neutral,"However, you are a world-class Diamond + level player, online multiplayer team games like League of Legends and Overwatch are not fun because your team is very bad most of the time",2025-10-14 20:43:28,2025-10-14 20:43:30,180
9338,Overwatch,Neutral,"Unless you are a C-class Diamond+ tier gamer, online multiplayer team games like League of Legends and Overwatch are not fun because your team is very ugly some of the time",2025-10-14 20:43:28,2025-10-14 20:43:30,172
9338,Overwatch,Neutral,"Unless you are really a world - class Diamond + competitive tier gamer, playing online interactive multiplayer team games exactly like League of the Legends Online and Overwatch are not fun because your team is very bad most of the time",2025-10-14 20:43:28,2025-10-14 20:43:30,236
9338,Overwatch,Neutral,"if you are a world-class top+ tier gamer, online multiplayer team games like League of Legends and Overwatch are not fun because each team pulls very strong majority of the time",2025-10-14 20:43:28,2025-10-14 20:43:30,177
9339,Overwatch,Neutral,"... I remember little Brigitte running around the Overwatch base.. . I mean it was weird we had a Bring Your Child To Work Day, but it was cute.",2025-10-14 20:43:28,2025-10-14 20:43:30,144
9339,Overwatch,Neutral,"... I remember little Brigitte walking around the Overwatch base... I mean, it was weird that we had a Bring Your Child To Work Day, but it was sweet.",2025-10-14 20:43:28,2025-10-14 20:43:30,150
9339,Overwatch,Neutral,"... I remember running around the Overwatch base a little... I mean it was weird that we had a day where we were bringing a child to work, but it was cute.",2025-10-14 20:43:28,2025-10-14 20:43:30,155
9339,Overwatch,Neutral,"... I remember little Brigitte running around the Overwatch base...... I mean it was weird we had a Bring Your Child To Games zoo, but it was cute.",2025-10-14 20:43:28,2025-10-14 20:43:30,147
9339,Overwatch,Neutral,"... I remember little as Brigitte running around the Overwatch base... Actually I did mean it all was weird when we had together a Bring Your Child On To Work Day, but it was cute.",2025-10-14 20:43:28,2025-10-14 20:43:30,180
9339,Overwatch,Neutral,"... I watched little Brigitte running around this Overwatch base... I mean it was weird we had a Bring Our Heart To Space dvd, but it was cute.",2025-10-14 20:43:28,2025-10-14 20:43:30,143
9340,Overwatch,Neutral,Yay it’s Friday! Have a great day every1🥰 live today 20:30 uk time link in bio.,2025-10-14 20:43:28,2025-10-14 20:43:30,81
9340,Overwatch,Neutral,Yay it's Friday! Have a great day Every1 live today 20: 30 uk time link in bio.,2025-10-14 20:43:28,2025-10-14 20:43:30,79
9340,Overwatch,Neutral,Yay it's Friday! Have a great day everyone live today 20: 30 uk time link in.,2025-10-14 20:43:28,2025-10-14 20:43:30,77
9340,Overwatch,Neutral,Yay it’s Friday! Have a great day every1🥰 live stream 20:30 uk time link story bio.,2025-10-14 20:43:28,2025-10-14 20:43:30,83
9340,Overwatch,Neutral,Yay it really ’ s Friday! Have a great day [UNK] Go live until today 20 : 30 uk time on link in bio.,2025-10-14 20:43:28,2025-10-14 20:43:30,100
9340,Overwatch,Neutral,Yay it’s Monday! Have a beautiful day every1<unk> on today 20:30 uk time link in bio.,2025-10-14 20:43:28,2025-10-14 20:43:30,85
9341,Overwatch,Positive,nan,2025-10-14 20:43:28,2025-10-14 20:43:30,3
9341,Overwatch,Positive,It is not the first time that the EU Commission has taken such a step.,2025-10-14 20:43:28,2025-10-14 20:43:30,70
9341,Overwatch,Positive,"At the same time, despite the fact that there are currently some 100 million people living below the poverty line, most of them do not have access to health services and do not have access to health care, while most of them do not have access to health care.",2025-10-14 20:43:28,2025-10-14 20:43:30,258
9341,Overwatch,Positive,nan,2025-10-14 20:43:28,2025-10-14 20:43:30,3
9341,Overwatch,Positive,nan,2025-10-14 20:43:28,2025-10-14 20:43:30,3
9341,Overwatch,Positive,nan,2025-10-14 20:43:28,2025-10-14 20:43:30,3
9342,Overwatch,Negative,"@Blizzard_Ent The fact that I get suspended in Overwatch for having a janky WiFi connection is ridiculous. If I hit leave game suspend me. If I have poor connection and rejoin the game, you still suspend me?! Boococky. You’re better than that. Please change it.",2025-10-14 20:43:28,2025-10-14 20:43:30,261
9342,Overwatch,Negative,"@ Blizzard _ Ent The fact that I'm suspended in Overwatch because I have a shaky WiFi connection is ridiculous. If I run into leave game, suspend me. If I have a bad connection and get back into the game, do you suspend me anyway?! Boococky. You're better than that. Please change it.",2025-10-14 20:43:28,2025-10-14 20:43:30,284
9342,Overwatch,Negative,@ Blizzard _ Ent The fact that I'm being suspended from Overwatch for plugging into spooky WiFi is ridiculous.,2025-10-14 20:43:28,2025-10-14 20:43:30,110
9342,Overwatch,Negative,"@Blizzard_Ent The notion that I get suspended at Overwatch over having a janky WiFi connection seems ridiculous. If I hit leave game suspend me. Because I have poor connection and rejoin the game, you still suspend me?! Boococky. You’re better than that. Go change it.",2025-10-14 20:43:28,2025-10-14 20:43:30,268
9342,Overwatch,Negative,"@Blizzard_Ent The fact that somehow I get suspended in DC Overwatch for having a stupid janky WiFi connection spell is ridiculous. If I never hit leave game suspend me. If I somehow have any poor connection points and possibly rejoin the game, you still gonna suspend me?! Boococky. You ’ re better than that. Please change it.",2025-10-14 20:43:28,2025-10-14 20:43:30,327
9342,Overwatch,Negative,"@Blizzard_Ent The fact that players get suspended from Overwatch mode having some janky WiFi connection is ridiculous. If I hit then game suspend me. If I have fine connection and rejoin the game, you still suspend me?! Boococky. Or better than that. Please ignore that.",2025-10-14 20:43:28,2025-10-14 20:43:30,270
9343,Overwatch,Positive,"Wow, I’ve played Overwatch for such a long time pic.twitter.com/ASGGPO7d2r",2025-10-14 20:43:28,2025-10-14 20:43:30,74
9343,Overwatch,Positive,"Wow, I've played Overwatch for so long pic.twitter.com / ASGGPO7d2r",2025-10-14 20:43:28,2025-10-14 20:43:30,67
9343,Overwatch,Positive,"Wow, I've played Overwatch for such a long time pic.watch / ASGGPO7d2r",2025-10-14 20:43:28,2025-10-14 20:43:30,70
9343,Overwatch,Positive,"Wow, I’ve played Overwatch for such a long time pic.twitter.com/ASGGPO7d2r",2025-10-14 20:43:28,2025-10-14 20:43:30,74
9343,Overwatch,Positive,"1 Wow, I’ve played Overwatch for such a long time pic.twitter.com/ASGGPO7d2r",2025-10-14 20:43:28,2025-10-14 20:43:30,76
9343,Overwatch,Positive,you,2025-10-14 20:43:28,2025-10-14 20:43:30,3
9345,Overwatch,Irrelevant,Overwatch on the switch lite is amazing.. this portable device amazes me... The only draw back it runs at 30fps,2025-10-14 20:43:28,2025-10-14 20:43:30,111
9345,Overwatch,Irrelevant,Overwatch on the switch lite is amazing.. this portable device amazes me... The only retreat running at 30fps,2025-10-14 20:43:28,2025-10-14 20:43:30,109
9345,Overwatch,Irrelevant,Overwatch on the switch lite is amazing.. this portable device amazes me... the only draw back it runs at 30fps,2025-10-14 20:43:28,2025-10-14 20:43:30,111
9345,Overwatch,Irrelevant,Overwatch with the switch lite is how this portable device amazes me... The only draw back it runs at 30fps,2025-10-14 20:43:28,2025-10-14 20:43:30,107
9345,Overwatch,Irrelevant,Overwatch recording on the switch lite is amazing.. this very portable device amazes me... The only engine draw for back it runs to at around 30fps,2025-10-14 20:43:28,2025-10-14 20:43:30,147
9345,Overwatch,Irrelevant,Overwatch on the switch lite really amazing.. single portable remote amazes me... my only draw back it runs at 30fps,2025-10-14 20:43:28,2025-10-14 20:43:30,116
9346,Overwatch,Positive,Why throw your Overwatch games when you could just be throwing it back.,2025-10-14 20:43:28,2025-10-14 20:43:30,71
9346,Overwatch,Positive,Why throw away your Overwatch games when you could just throw them back?,2025-10-14 20:43:28,2025-10-14 20:43:30,72
9346,Overwatch,Positive,Why throw Overwatch games when you can just throw them back.,2025-10-14 20:43:28,2025-10-14 20:43:30,60
9346,Overwatch,Positive,Why throw your Overwatch games when you could really be throwing it back.,2025-10-14 20:43:28,2025-10-14 20:43:30,73
9346,Overwatch,Positive,Why throw about your Overwatch games when so you could just be throwing into it back.,2025-10-14 20:43:28,2025-10-14 20:43:30,85
9346,Overwatch,Positive,Why throw your Overwatch games when you could just be dipping it into.,2025-10-14 20:43:28,2025-10-14 20:43:30,70
9347,Overwatch,Positive,K I like this skin,2025-10-14 20:43:28,2025-10-14 20:43:30,18
9347,Overwatch,Positive,K I like this skin,2025-10-14 20:43:28,2025-10-14 20:43:30,18
9347,Overwatch,Positive,K I like this skin,2025-10-14 20:43:28,2025-10-14 20:43:30,18
9347,Overwatch,Positive,K I like this.,2025-10-14 20:43:28,2025-10-14 20:43:30,14
9347,Overwatch,Positive,Oh K I like this skin,2025-10-14 20:43:28,2025-10-14 20:43:30,21
9347,Overwatch,Positive,K I does this skin,2025-10-14 20:43:28,2025-10-14 20:43:30,18
9348,Overwatch,Irrelevant,"Its normal people hate Overwatch, becouse the comunnity is so toxic.. . \"Yo, no one have mic\". 2seconds later. \"YOU ARE TRASH OMFG, GO TO BED, UNISTALL THE GAME\". . For that you want the people on the voice chat. xD",2025-10-14 20:43:28,2025-10-14 20:43:30,215
9348,Overwatch,Irrelevant,"His normal people hate Overwatch because the community is so toxic... \"Yo, no one has microphone.\" 2seconds later. \"YOU ARE TRASH OMFG, GO TO BED, UNISTALL THE GAME.\" For that you want people to chat on the voice. xD",2025-10-14 20:43:28,2025-10-14 20:43:30,216
9348,Overwatch,Irrelevant,"His normal people hate Overwatch because the comic is so toxic... \"Yo, no one has a microphone.\" 2seconds later. \"YOU ARE TRASH OMFG, GO TO BED, UNISTALL THE GAME..\"",2025-10-14 20:43:28,2025-10-14 20:43:30,165
9348,Overwatch,Irrelevant,"Its normal people hate Overwatch, becouse cos comunnity is so toxic... \"Yo, no one have<unk> 2seconds later. \"YOU ARE TRASH OMFG, OFF TO BED, UNISTALL E GAME\". so Ignore that you want the people on the voice chat. xD",2025-10-14 20:43:28,2025-10-14 20:43:30,216
9348,Overwatch,Irrelevant,"Its right normal people hate Overwatch, becouse the comunnity is so toxic... \" Yo, no one will have mic \". 2seconds long later. \" YOU all ARE IN TRASH OF OMFG, GO TO get BED, UNISTALL THE GAME \".. do For that and you want the people working on the voice chat. xD",2025-10-14 20:43:28,2025-10-14 20:43:30,262
9348,Overwatch,Irrelevant,"to normal people without Overwatch, becouse the comunnity is so toxic... \"Yo, no rooms have mic\". then later. \"YOU ARE TRASH OMFG, GO TO NC, NOT THE HERE\".. For that you want every people in the wall chat. xD",2025-10-14 20:43:28,2025-10-14 20:43:30,208
9349,Overwatch,Negative,"I'm worried. I don't usually ever get angry however the last few weeks of Overwatch Competitive has ACTUALLY made me angry. Do I need to take a break? Get some \"Me Time\" and do a face mask or something? Do you guys do anything to relax when video games make you feel abnormal?",2025-10-14 20:43:28,2025-10-14 20:43:30,276
9349,Overwatch,Negative,"I'm worried. I never usually get angry, but the last few weeks of Overwatch Competitive have actually made me angry. Do I need to take a break? Get some \"Me Time\" and do a face mask or something? Do you guys do anything to relax when video games make you look abnormal?",2025-10-14 20:43:28,2025-10-14 20:43:30,269
9349,Overwatch,Negative,"I worry. I usually never get angry, but the last few weeks of Overwatch Competitive ACCALLY have made me angry.",2025-10-14 20:43:28,2025-10-14 20:43:30,111
9349,Overwatch,Negative,"I'm worried. I don't usually ever get angry - the last few days of Overwatch Competitive League ACTUALLY made me angry. Am I need to take a break? Get some \"Me Time\" and do my face mask or something? Do you guys do anything and relax when video games make you feel abnormal?",2025-10-14 20:43:28,2025-10-14 20:43:30,274
9349,Overwatch,Negative,"I'm worried. I don't usually ever get angry however the last few weeks of the Overwatch The Competitive that has ACTUALLY just made me angry. So Do I need to take a quick break? Get some \" Giving Me Time \" and do a face mask or something? Do you guys do anything to relax yourself when your video games make sure you feel abnormal?",2025-10-14 20:43:28,2025-10-14 20:43:30,331
9349,Overwatch,Negative,"I'm worried. I don't usually personally get angry however the final few weeks of Overwatch Competitive has ACTUALLY made my angry. Like I need to grab a break? Get a \"Me Time\" and find a paint mask or something? Do normal guys do anything to relax when stupid games make you feel abnormal?",2025-10-14 20:43:28,2025-10-14 20:43:30,289
9350,Overwatch,Irrelevant,At this point I’m starting to feel like overwatch 2 was a hoax,2025-10-14 20:43:28,2025-10-14 20:43:30,62
9350,Overwatch,Irrelevant,At this point I feel like Overwatch 2 was a hoax,2025-10-14 20:43:28,2025-10-14 20:43:30,48
9350,Overwatch,Irrelevant,At this point I start to feel that overwatch 2 was a hoax,2025-10-14 20:43:28,2025-10-14 20:43:30,57
9350,Overwatch,Irrelevant,At this point I’m starting to read like overwatch 2 was a hoax,2025-10-14 20:43:28,2025-10-14 20:43:30,62
9350,Overwatch,Irrelevant,At this point I ’ m officially starting to feel like another overwatch 2 This was a hoax,2025-10-14 20:43:28,2025-10-14 20:43:30,88
9350,Overwatch,Irrelevant,At this moment I’m starting to feel like overwatch 2 was my hoax,2025-10-14 20:43:28,2025-10-14 20:43:30,64
9351,Overwatch,Positive,So cute >:3.,2025-10-14 20:43:28,2025-10-14 20:43:30,14
9351,Overwatch,Positive,So cute >: 3.,2025-10-14 20:43:28,2025-10-14 20:43:30,13
9351,Overwatch,Positive,So cute >: 3.,2025-10-14 20:43:28,2025-10-14 20:43:30,13
9351,Overwatch,Positive,So cute ::3.,2025-10-14 20:43:28,2025-10-14 20:43:30,12
9351,Overwatch,Positive,So cute > :... 3.,2025-10-14 20:43:28,2025-10-14 20:43:30,17
9351,Overwatch,Positive,So<unk> >:3.,2025-10-14 20:43:28,2025-10-14 20:43:30,12
9352,Overwatch,Negative,stop jumping stupid overwatch boy,2025-10-14 20:43:28,2025-10-14 20:43:30,33
9352,Overwatch,Negative,"Stop jumping stupid, monitor boy",2025-10-14 20:43:28,2025-10-14 20:43:30,32
9352,Overwatch,Negative,stop jumping silly boy warden,2025-10-14 20:43:28,2025-10-14 20:43:30,29
9352,Overwatch,Negative,stop jumping stupid funny boy,2025-10-14 20:43:28,2025-10-14 20:43:30,29
9352,Overwatch,Negative,stop your jumping stupid overwatch boy,2025-10-14 20:43:28,2025-10-14 20:43:30,38
9352,Overwatch,Negative,stop you stupid overwatch boy,2025-10-14 20:43:28,2025-10-14 20:43:30,29
9353,Overwatch,Positive,Time to play some,2025-10-14 20:43:28,2025-10-14 20:43:30,19
9353,Overwatch,Positive,Time to play something,2025-10-14 20:43:28,2025-10-14 20:43:30,22
9353,Overwatch,Positive,It's time to play some games,2025-10-14 20:43:28,2025-10-14 20:43:30,28
9353,Overwatch,Positive,Time to play again,2025-10-14 20:43:28,2025-10-14 20:43:30,18
9353,Overwatch,Positive,Time to play on some,2025-10-14 20:43:28,2025-10-14 20:43:30,20
9353,Overwatch,Positive,Time come play some,2025-10-14 20:43:28,2025-10-14 20:43:30,19
9354,Overwatch,Irrelevant,MY PROF JUST UNMUTED EVERYONE DURING OUR ONLINE LECTURE AND I DIDNT REALIZE AND EVERYONE HEARD @JrGr1m3z SCREAMING AT HIS STUPID OVERWATCH GAME FOR 5 MINS,2025-10-14 20:43:28,2025-10-14 20:43:30,154
9354,Overwatch,Irrelevant,MY PROFESSION JUSTICE EVERY DURING OUR ONLINE PRESENTATIONS DURING I REALLY DURING AND LISTING @ JrGr1m3z WRITE IN HIS STUPID OVERWATCH GAME FOR 5 MINS,2025-10-14 20:43:28,2025-10-14 20:43:30,151
9354,Overwatch,Irrelevant,MY JUSTICE ALWAYS IN OUR LECTURE AND I DIDENT TO IMPLEMENT AND ALWAYS EXPRESS IN ITS STUPID REGAME GAME FOR 5 MINS,2025-10-14 20:43:28,2025-10-14 20:43:30,114
9354,Overwatch,Irrelevant,MY PROF JUST UNMUTED EVERYONE ON ITS ONLINE LECTURE LIKE I DIDNT REALIZE AND EVERYONE AT @JrGr1m3z SCREAMING AT HIS STUPID OVERWATCH GAME FOR 5 MINS,2025-10-14 20:43:28,2025-10-14 20:43:30,148
9354,Overwatch,Irrelevant,MY latest PROF JUST UNMUTED EVERYONE DURING OUR ONLINE OF LECTURE OR AND I DIDNT E REALIZE AND A EVERYONE HEARD @JrGr1m3z SCREAMING AT S HIS IN STUPID SEC OVERWATCH IS GAME ON FOR 5 MINS,2025-10-14 20:43:28,2025-10-14 20:43:30,186
9354,Overwatch,Irrelevant,MY PROF JUST AS EVERYONE FOR OUR START LECTURE GOES IN DO REALIZE OF EVERYONE HEARD @JrGr1m3z SCREAMING AT HIS STUPID OVERWATCH THIS FOR 20 MINS,2025-10-14 20:43:28,2025-10-14 20:43:30,144
9355,Overwatch,Irrelevant,Go watch my cute ass wife,2025-10-14 20:43:28,2025-10-14 20:43:30,25
9355,Overwatch,Irrelevant,Go watch my sweet ass wife,2025-10-14 20:43:28,2025-10-14 20:43:30,26
9355,Overwatch,Irrelevant,Go watch my cute ass wife,2025-10-14 20:43:28,2025-10-14 20:43:30,25
9355,Overwatch,Irrelevant,Go watch a cute ass wife,2025-10-14 20:43:28,2025-10-14 20:43:30,24
9355,Overwatch,Irrelevant,Go watch my sexy cute ass wife,2025-10-14 20:43:28,2025-10-14 20:43:30,30
9355,Overwatch,Irrelevant,I watch my cute ass wife,2025-10-14 20:43:28,2025-10-14 20:43:30,24
9356,Overwatch,Irrelevant,. NOTHING IS MORE FRUSTRATING THAN YOUR TEAM NOT PLAYING TOGETHER AND EVERYONES ON SUICIDE MISSIONS!!! .,2025-10-14 20:43:28,2025-10-14 20:43:30,107
9356,Overwatch,Irrelevant,Nothing is more frustrating than your team NOT TOGETHER and NOT TOGETHER!!!.,2025-10-14 20:43:28,2025-10-14 20:43:30,76
9356,Overwatch,Irrelevant,NEVER FRUSTRATIVE WHAT YOUR TEAM NOT PLAYING TOGETHER AND EVERYONS ON SUICIDE MISSIONS!!!.,2025-10-14 20:43:28,2025-10-14 20:43:30,90
9356,Overwatch,Irrelevant,. WHAT IS MORE RIGHT THAN YOUR TEAM NOT PLAYING TOGETHER AND EVERYONES ON<unk> MISSIONS!!!.,2025-10-14 20:43:28,2025-10-14 20:43:30,91
9356,Overwatch,Irrelevant,. OR NOTHING This IS IN MORE IS FRUSTRATING TO THAN YOUR TEAM and NOT WHO PLAYING TOGETHER YOU AND EVERYONES OR ON All SUICIDE MISSIONS!!!.,2025-10-14 20:43:28,2025-10-14 20:43:30,139
9356,Overwatch,Irrelevant,. And BUT MORE AND OF US TEAM NOT PLAYING THE AND EVERYONES ON SUICIDE MISSIONS!!!.,2025-10-14 20:43:28,2025-10-14 20:43:30,83
9357,Overwatch,Positive,"People are mad hating on this skin. Well, I think this skin is absolutely incredible, including the helmet!",2025-10-14 20:43:28,2025-10-14 20:43:30,107
9357,Overwatch,Positive,"People are crazy and hate this skin. Well, I find this skin absolutely incredible, including the helmet!",2025-10-14 20:43:28,2025-10-14 20:43:30,104
9357,Overwatch,Positive,"Well, I think this skin is absolutely incredible, including a helmet!",2025-10-14 20:43:28,2025-10-14 20:43:30,69
9357,Overwatch,Positive,"People are mad cheering on this skin. Well, I think this skin is just incredible, including the helmet!",2025-10-14 20:43:28,2025-10-14 20:43:30,103
9357,Overwatch,Positive,"People are practically mad hating on this skin. And Well, I think... this skin is... absolutely incredible, including the helmet!",2025-10-14 20:43:28,2025-10-14 20:43:30,129
9357,Overwatch,Positive,"People going mad hating on my skin. Well, I think this piece is absolutely incredible, including the helmet!",2025-10-14 20:43:29,2025-10-14 20:43:30,108
9358,Overwatch,Positive,this is literally one of the best things they’ve ever done omfg i’m so glad they made him wolf granny,2025-10-14 20:43:29,2025-10-14 20:43:30,101
9358,Overwatch,Positive,This is literally one of the best things they've ever done omfg I'm so glad they made him a wolf grandma,2025-10-14 20:43:29,2025-10-14 20:43:30,104
9358,Overwatch,Positive,this is literally one of the best things they've ever done omfg i'm so glad they made him wolf granny,2025-10-14 20:43:29,2025-10-14 20:43:30,101
9358,Overwatch,Positive,this is literally one of the best things they’ve ever done omfg i’m so glad someone made him go granny,2025-10-14 20:43:29,2025-10-14 20:43:30,102
9358,Overwatch,Positive,this is still literally one out of the best things they ’ a ve ever just done omfg but i ’ m so glad they made him wolf granny,2025-10-14 20:43:29,2025-10-14 20:43:30,126
9358,Overwatch,Positive,well really literally one of the best things my ever done omfg i’m so glad they told him wolf granny,2025-10-14 20:43:29,2025-10-14 20:43:30,100
9359,Overwatch,Negative,Bruh .,2025-10-14 20:43:29,2025-10-14 20:43:30,7
9359,Overwatch,Negative,Bruh.,2025-10-14 20:43:29,2025-10-14 20:43:30,5
9359,Overwatch,Negative,Bruh.,2025-10-14 20:43:29,2025-10-14 20:43:30,5
9359,Overwatch,Negative,Bruh me,2025-10-14 20:43:29,2025-10-14 20:43:30,7
9359,Overwatch,Negative,Ludwig Bruh.,2025-10-14 20:43:29,2025-10-14 20:43:30,12
9359,Overwatch,Negative,<unk>.,2025-10-14 20:43:29,2025-10-14 20:43:30,6
9360,Overwatch,Irrelevant,Look at this fucking unit I’d like to lubricate his tight sockets,2025-10-14 20:43:29,2025-10-14 20:43:30,65
9360,Overwatch,Irrelevant,"Look at that damn unit, I'd love to smear its tight jacks",2025-10-14 20:43:29,2025-10-14 20:43:30,57
9360,Overwatch,Irrelevant,"Look at this fucking party, I'd like to christen it with tight soybeans.",2025-10-14 20:43:29,2025-10-14 20:43:30,72
9360,Overwatch,Irrelevant,Look at this fucking unit I’d like to lubricate his ball sockets,2025-10-14 20:43:29,2025-10-14 20:43:30,64
9360,Overwatch,Irrelevant,Look on at this particular fucking unit and I ’ d like to lubricate his tight sockets,2025-10-14 20:43:29,2025-10-14 20:43:30,85
9360,Overwatch,Irrelevant,was at this fucking unit I’d need to lubricate his tight sockets,2025-10-14 20:43:29,2025-10-14 20:43:30,64
9361,Overwatch,Irrelevant,NYUMMM DELICIOUS FINALLY SOME GOOD CONTENT NYUMM THE SKINS THE ASHER,2025-10-14 20:43:29,2025-10-14 20:43:30,68
9361,Overwatch,Irrelevant,NYUMMM DELICIOUS FINALLY SOME GOOD CONTENT NYUMM SKIN THE ASCHER,2025-10-14 20:43:29,2025-10-14 20:43:30,64
9361,Overwatch,Irrelevant,NYMM DELICIOUS FINALLY SOME GOOD CONTENT NYMM the ASHER,2025-10-14 20:43:29,2025-10-14 20:43:30,55
9361,Overwatch,Irrelevant,NYUMMM DELICIOUS FINALLY SOME GOOD CONTENT NYUMM NOT<unk> THE ASHER,2025-10-14 20:43:29,2025-10-14 20:43:30,67
9361,Overwatch,Irrelevant,NYUMMM NO DELICIOUS FINALLY A SOME GOOD CONTENT NYUMM IS THE AND SKINS OR THE IS ASHER,2025-10-14 20:43:29,2025-10-14 20:43:30,86
9361,Overwatch,Irrelevant,<unk> DELICIOUS IN SOME NEW CONTENT NYUMM THE SKINS THE N,2025-10-14 20:43:29,2025-10-14 20:43:30,57
9362,Overwatch,Negative,and @BroYouWack they are lying even if you have original overwatch game disk they are lying still don't fall for it,2025-10-14 20:43:29,2025-10-14 20:43:30,115
9362,Overwatch,Negative,and @ BroYouWack they lie even if you have original overwatch slice they still lie do not fall into it,2025-10-14 20:43:29,2025-10-14 20:43:30,102
9362,Overwatch,Negative,and @ BroYouWack they are lie even if you have original overwatch game disk they are lie still don't fall for it,2025-10-14 20:43:29,2025-10-14 20:43:30,112
9362,Overwatch,Negative,and @BroYouWack they are lying even if you have original original game disk they are lying and don't fall for it,2025-10-14 20:43:29,2025-10-14 20:43:30,112
9362,Overwatch,Negative,and @BroYouWack they are lying even if when you have original overwatch game game disk they are really lying but still don't really fall for it,2025-10-14 20:43:29,2025-10-14 20:43:30,143
9362,Overwatch,Negative,and @BroYouWack It are lying even if you have original overwatch game its it am lying still don't fall for it,2025-10-14 20:43:29,2025-10-14 20:43:30,109
9363,Overwatch,Positive,appreciate you my man!,2025-10-14 20:43:29,2025-10-14 20:43:30,22
9363,Overwatch,Positive,"Guess you, my husband!",2025-10-14 20:43:29,2025-10-14 20:43:30,22
9363,Overwatch,Positive,"Value you, my man!",2025-10-14 20:43:29,2025-10-14 20:43:30,18
9363,Overwatch,Positive,appreciate reading my man!,2025-10-14 20:43:29,2025-10-14 20:43:30,26
9363,Overwatch,Positive,appreciate you to my man!,2025-10-14 20:43:29,2025-10-14 20:43:30,25
9363,Overwatch,Positive,appreciate you little man!,2025-10-14 20:43:29,2025-10-14 20:43:30,26
9364,Overwatch,Positive,Hell yes 🤩.,2025-10-14 20:43:29,2025-10-14 20:43:30,12
9364,Overwatch,Positive,Hell yes.,2025-10-14 20:43:29,2025-10-14 20:43:30,9
9364,Overwatch,Positive,Hell yes.,2025-10-14 20:43:29,2025-10-14 20:43:30,9
9364,Overwatch,Positive,Hell yea 🤩.,2025-10-14 20:43:29,2025-10-14 20:43:30,11
9364,Overwatch,Positive,2 Hell yes [UNK].,2025-10-14 20:43:29,2025-10-14 20:43:30,17
9364,Overwatch,Positive,and yes <unk>.,2025-10-14 20:43:29,2025-10-14 20:43:30,14
9365,Overwatch,Negative,"Already lost it, games shit",2025-10-14 20:43:29,2025-10-14 20:43:30,27
9365,Overwatch,Negative,"Already lost, games shit",2025-10-14 20:43:29,2025-10-14 20:43:30,24
9365,Overwatch,Negative,"Already lost it, games shit",2025-10-14 20:43:29,2025-10-14 20:43:30,27
9365,Overwatch,Negative,"Already lost it, this shit",2025-10-14 20:43:29,2025-10-14 20:43:30,26
9365,Overwatch,Negative,"Already I lost it, games shit",2025-10-14 20:43:29,2025-10-14 20:43:30,29
9365,Overwatch,Negative,"Already lost it, to shit",2025-10-14 20:43:29,2025-10-14 20:43:30,24
9366,Overwatch,Neutral,“F-follow the Whores of Overwatch...”,2025-10-14 20:43:29,2025-10-14 20:43:30,37
9366,Overwatch,Neutral,"\"F-follow the whores of Overwatch...\"",2025-10-14 20:43:29,2025-10-14 20:43:30,37
9366,Overwatch,Neutral,"\"F-follow the Blores of Overwatch...\"",2025-10-14 20:43:29,2025-10-14 20:43:30,37
9366,Overwatch,Neutral,“F-follow the Whores behind Overwatch...”,2025-10-14 20:43:29,2025-10-14 20:43:30,41
9366,Overwatch,Neutral,“ F - 16 follow the Whores of Operation Overwatch... ”,2025-10-14 20:43:29,2025-10-14 20:43:30,54
9366,Overwatch,Neutral,Someone-follow the Whores In Overwatch...”,2025-10-14 20:43:29,2025-10-14 20:43:30,42
9367,Overwatch,Positive,Finally!! I’m so excited to nerd out over this,2025-10-14 20:43:29,2025-10-14 20:43:30,46
9367,Overwatch,Positive,Finally!! I am so excited to nerd about it,2025-10-14 20:43:29,2025-10-14 20:43:30,42
9367,Overwatch,Positive,Finally!! I'm so excited to be nervous about it!,2025-10-14 20:43:29,2025-10-14 20:43:30,48
9367,Overwatch,Positive,Finally!! I’m so excited to freak out over this,2025-10-14 20:43:29,2025-10-14 20:43:30,47
9367,Overwatch,Positive,Finally!! I ’ m really so excited to call nerd out over this,2025-10-14 20:43:29,2025-10-14 20:43:30,60
9367,Overwatch,Positive,D I’m so excited to nerd crazy over this,2025-10-14 20:43:29,2025-10-14 20:43:30,40
9368,Overwatch,Irrelevant,If you havent had the pleasure of catching my friend OG stream.   Go check him out.  Hes a cool bear.  And does hamster things in overwatch,2025-10-14 20:43:29,2025-10-14 20:43:30,139
9368,Overwatch,Irrelevant,If you have not had the pleasure to catch my friend OG Stream. Visit him. He is a cool bear. And does hamster stuff in overwatch,2025-10-14 20:43:29,2025-10-14 20:43:30,128
9368,Overwatch,Irrelevant,If you didn't have fun catching my friend's OG stream. Go check him out. He's a cool bear. And does hamster things in the watch.,2025-10-14 20:43:29,2025-10-14 20:43:30,128
9368,Overwatch,Irrelevant,If you havent had this pleasure of catching my friend OG stream.   Go check him out.  Is a cool bear.  And does crazy things in overwatch,2025-10-14 20:43:29,2025-10-14 20:43:30,137
9368,Overwatch,Irrelevant,5 If you truly havent had the pleasure come of catching my friend out OG to stream. Go check back him out. Hes a cool bear. And does hamster things in birds overwatch,2025-10-14 20:43:29,2025-10-14 20:43:30,166
9368,Overwatch,Irrelevant,If you havent had the pleasure of joining with friend OG stream. Go check here today. Hes a cool bear. And you hamster things in overwatch,2025-10-14 20:43:29,2025-10-14 20:43:30,138
9369,Overwatch,Irrelevant,Guy messaged me and says my name has been forwarded to a throw list lmaoooo get the fuck off overwatch you weird ass dude,2025-10-14 20:43:29,2025-10-14 20:43:30,121
9369,Overwatch,Irrelevant,Guy has notified me and says that my name has been forwarded to a litter list lmaoooo get the fuck off overwatch you strange ass dude,2025-10-14 20:43:29,2025-10-14 20:43:30,133
9369,Overwatch,Irrelevant,Guy looked at me and says my name was put on the throw list lmaoooo get a fuck to watch you weird ass dude,2025-10-14 20:43:29,2025-10-14 20:43:30,106
9369,Overwatch,Irrelevant,Guy messaged me and says my mail has been forwarded in a throw list lmaoooo get the fuck off overwatch you weird ass dude,2025-10-14 20:43:29,2025-10-14 20:43:30,121
9369,Overwatch,Irrelevant,Guy he messaged with me and says my stupid name has been forwarded to a throw list lmaoooo please get the fuck off his overwatch today you weird ass dude,2025-10-14 20:43:29,2025-10-14 20:43:30,153
9369,Overwatch,Irrelevant,Guy messaged back and apparently my name has been forwarded on a throw list lmaoooo get the fuck off there you weird ass dude,2025-10-14 20:43:29,2025-10-14 20:43:30,125
9370,Overwatch,Negative,"I see people trashing on 222 in Overwatch and i am like, DO you remember how BAD old overwatch was?. Do you not remember the days of goats, 4 dps 1 tank 1 healer, the days that one tricks rolled a team solo?. People have forgotten how bad Old overwatch comp/qp really was.",2025-10-14 20:43:29,2025-10-14 20:43:30,272
9370,Overwatch,Negative,"I see people trotting around on 222 in Overwatch and I'm like: Do you remember how BAD old Overwatch was?. Don't you remember the days of goats, 4 dps 1 tank 1 healer, the days when you rolled a team by tricks alone?. People forgot how bad Old overwatch comp / qp really was.",2025-10-14 20:43:29,2025-10-14 20:43:30,275
9370,Overwatch,Negative,"I see people hitting 222 in Overwatch and I'm like, DO you remember how bad the old overwatch was?. You don't remember the goat days, the 4 dps 1 tank 1 he, the days when one threesome rolled a team solo?. People forgot how bad the old overwatch comp / qp was really.",2025-10-14 20:43:29,2025-10-14 20:43:30,267
9370,Overwatch,Negative,"I remember people trashing on 222 in Overwatch and i am like, DO they remember how BAD old overwatch was?. Do you not remember the king of goats, 4 does not tank 1 healer, the days that one tricks rolled your team solo?. People have forgotten how bad Old overwatch comp/qp really was.",2025-10-14 20:43:29,2025-10-14 20:43:30,284
9370,Overwatch,Negative,"I see people trashing on Highway 222 in Overwatch and more i am like, DO you remember how BAD old overwatch was?. 3 Do you not you remember about the days of goats, his 4 dps 1 tank 1 modern healer, the days that one tricks rolled a real team solo?. 4 People have forgotten about how bad Old overwatch comp / qp really was.",2025-10-14 20:43:29,2025-10-14 20:43:30,323
9370,Overwatch,Negative,"I see people trashing on 222 in Overwatch and i am like, DO you remember how BAD old overwatch was?. Do you not remember the days of goats, 4 dps 1 in 5 healer, or time that 2 tricks up a cast mate?. People have forgotten how bad new overwatch as/qp really was.",2025-10-14 20:43:29,2025-10-14 20:43:30,261
9371,Overwatch,Negative,WTF??? Ana banned? Okay I'm afk for 1 week. GGs.,2025-10-14 20:43:29,2025-10-14 20:43:30,50
9371,Overwatch,Negative,"WTF??? Ana banned??? Okay, I am afk for 1 week.",2025-10-14 20:43:29,2025-10-14 20:43:30,47
9371,Overwatch,Negative,WTF??? Ana banned? Okay I'm afk for 1 week. GGs.,2025-10-14 20:43:29,2025-10-14 20:43:30,48
9371,Overwatch,Negative,WTF??? Ana banned? Okay I'm afk for 1 week. Ever.,2025-10-14 20:43:29,2025-10-14 20:43:30,49
9371,Overwatch,Negative,WTF??? Now Ana was banned? Okay now I'm afk for 1 week. Then GGs.,2025-10-14 20:43:29,2025-10-14 20:43:30,65
9371,Overwatch,Negative,WTF??? Already banned? Okay fine'm afk for 1 hour. GGs.,2025-10-14 20:43:29,2025-10-14 20:43:30,55
9372,Overwatch,Negative,Sometimes I look at Overwatch and all I see is a dead horse surrounded by a bunch of guys in suits beating it with a stick XD. I used to adore the game but seriously. Its dead. (Still be playing from time to time tho).,2025-10-14 20:43:29,2025-10-14 20:43:30,220
9372,Overwatch,Negative,"Sometimes I look at Overwatch and see only a dead horse, surrounded by a couple of guys in suits who hit it with a stick XD. I adored the game, but seriously. It's dead. (Still playing from time to time).",2025-10-14 20:43:29,2025-10-14 20:43:30,204
9372,Overwatch,Negative,Sometimes I look at Overwatch and all I see is a dead horse surrounded by a bunch of guys in sustains beating it with a stick XD. I used to adore the game but seriously. Its dead. (Still be playing from time to time tho).,2025-10-14 20:43:29,2025-10-14 20:43:30,221
9372,Overwatch,Negative,Sometimes Id look at Overwatch that all I see is a dead horse surrounded by a bunch of guys in suits beating it with a stick XD. I used to adore the game but seriously. Its dead. Might be playing from time tot time tho).,2025-10-14 20:43:29,2025-10-14 20:43:30,220
9372,Overwatch,Negative,Sometimes way I look at Overwatch and here all bad I see really is a dead stuffed horse surrounded by a bunch of guys in baseball suits kids beating it with a stick XD. I used to adore the card game here but seriously. Its dead. ( Still be in playing from time to time tho ).,2025-10-14 20:43:29,2025-10-14 20:43:30,275
9372,Overwatch,Negative,Sometimes I look on Overwatch so all I see is a dead horse riding by a bunch other guys in suits beating it with a simple XD. I used more adore the game but seriously. Its depressing. (Still be playing every time to time tho).,2025-10-14 20:43:29,2025-10-14 20:43:30,226
9373,Overwatch,Positive,We did iiiiitttt ! We unlocked our 2nd emote slot. I've already got it drawn up..stay tuned! I'm so happy and BIG thanks to @Indecisive_Fox  for the raid and Tier1 sub! @LaLunaHaze for 2 gifted subs! LEGENDS!!!! . We are starting Overwatch. twitch.tv/xMzMarvelx,2025-10-14 20:43:29,2025-10-14 20:43:30,261
9373,Overwatch,Positive,We have iiiiitttt! We have unlocked our second emote slot. I have already created it... stay tuned! I am so happy and thank @ Indecidence _ Fox for the raid and Tier1 sub! @ LaLunaHaze for 2 talented subs! LEGENDS!!!!. We start Overwatch. twitch.tv / xMzMarvelx,2025-10-14 20:43:29,2025-10-14 20:43:30,261
9373,Overwatch,Positive,We did iiiittt! We opened our 2nd Emotional Exchange Slot. I've already drawn it.. stay tuned! I'm so happy and BIG thanks to @ Indecident _ Fox for the raid and 1 sub! @ LaLunaHaze for 2 gifted submarines! LEGENDS!!!. We start Overwatch.,2025-10-14 20:43:29,2025-10-14 20:43:30,238
9373,Overwatch,Positive,We did iiiiitttt ! We unlocked our 2nd emote slot. I've already got it drawn up..stay tuned! I'm so happy and BIG thanks to RhandlerR  for the raid and Tier1 sub! RhandlerR for 2 gifted subs! LEGENDS!!!! . We are starting Overwatch. twitch.tv/xMzMarvelx,2025-10-14 20:43:29,2025-10-14 20:43:30,253
9373,Overwatch,Positive,by We did iiiiitttt ! We unlocked our 2nd emote slot. I've already got it drawn up..stay tuned! I'm so happy and BIG thanks to RhandlerR  for the raid and Tier1 sub! RhandlerR for 2 gifted subs! LEGENDS!!!! . We are starting Overwatch. twitch.tv/xMzMarvelx,2025-10-14 20:43:29,2025-10-14 20:43:30,256
9373,Overwatch,Positive,on,2025-10-14 20:43:29,2025-10-14 20:43:30,2
9374,Overwatch,Irrelevant,ESO players will tell you the game is great then play for 8 hours straight.,2025-10-14 20:43:29,2025-10-14 20:43:30,75
9374,Overwatch,Irrelevant,"ESO players will tell you that the game is great, and then play for 8 hours in a row.",2025-10-14 20:43:29,2025-10-14 20:43:30,85
9374,Overwatch,Irrelevant,ESO players will tell you that the game is great and will play 8 hours in a row.,2025-10-14 20:43:29,2025-10-14 20:43:30,80
9374,Overwatch,Irrelevant,ESO players will show you the game is great then play for 8 hours straight.,2025-10-14 20:43:29,2025-10-14 20:43:30,75
9374,Overwatch,Irrelevant,ESO players will tell you the game is not great then to play for over 8 hours straight.,2025-10-14 20:43:29,2025-10-14 20:43:30,87
9374,Overwatch,Irrelevant,ESO players will teach them the game is great then play for 8 hours straight.,2025-10-14 20:43:29,2025-10-14 20:43:30,77
9375,Overwatch,Irrelevant,The Overwatch team I'm on won our stream game 3-0 and ngl I'm so happy about it .,2025-10-14 20:43:29,2025-10-14 20:43:30,82
9375,Overwatch,Irrelevant,The Overwatch team I'm part of won our game 3-0 and I'm so happy about that.,2025-10-14 20:43:29,2025-10-14 20:43:30,76
9375,Overwatch,Irrelevant,The Overwatch team I'm with won our game 3-0 and I'm very happy about that.,2025-10-14 20:43:29,2025-10-14 20:43:30,75
9375,Overwatch,Irrelevant,The Overwatch level I'm on won our stream game 3-0 and ngl I'm so happy is it.,2025-10-14 20:43:29,2025-10-14 20:43:30,78
9375,Overwatch,Irrelevant,5 The Overwatch team where I'm on won our stream game at 3 - 1 0 and my ngl I'm so happy about it.,2025-10-14 20:43:29,2025-10-14 20:43:30,98
9375,Overwatch,Irrelevant,The Overwatch team I'm into won their stream game 3-0 last ngl I'm so happy over it.,2025-10-14 20:43:29,2025-10-14 20:43:30,84
9376,Overwatch,Positive,What is that melody???. . Really starting to feel  . . Have a happy Saturday all .  https://t.co/ZbBleeh0ac,2025-10-14 20:43:29,2025-10-14 20:43:30,107
9376,Overwatch,Positive,What is that tune???.. Really starting to feel.. Have a nice saturday. https: / / t.co / ZbBleeh0ac,2025-10-14 20:43:29,2025-10-14 20:43:30,99
9376,Overwatch,Positive,What is this???????????????????????????????????????????????????????????????????????????????????????????????????????????????????????????????????????????????????????????????????????????????????????????????????,2025-10-14 20:43:29,2025-10-14 20:43:30,207
9376,Overwatch,Positive,What is the melody???.. Really starting we feel .. Have a happy Saturday all.  https://t.co/ZbBleeh0ac],2025-10-14 20:43:29,2025-10-14 20:43:30,103
9376,Overwatch,Positive,... What colour is in that melody???.. Really starting to feel.. and Have a really happy Saturday all. https://t.co/ZbBleeh0ac ],2025-10-14 20:43:29,2025-10-14 20:43:30,128
9376,Overwatch,Positive,What will that mean.. Really starting to feel.. Have fucking great Saturday all. https://t.co/ZbBleeh0ac],2025-10-14 20:43:29,2025-10-14 20:43:30,105
9377,Overwatch,Positive,You’re beautiful and phenomenal 🥰🥰🥰🥰.,2025-10-14 20:43:29,2025-10-14 20:43:30,38
9377,Overwatch,Positive,You are beautiful and phenomenal.,2025-10-14 20:43:29,2025-10-14 20:43:30,33
9377,Overwatch,Positive,You are beautiful and phenomenal.,2025-10-14 20:43:29,2025-10-14 20:43:30,33
9377,Overwatch,Positive,You’re beautiful and powerful woman.,2025-10-14 20:43:29,2025-10-14 20:43:30,36
9377,Overwatch,Positive,You still ’ re beautiful and phenomenal [UNK].,2025-10-14 20:43:29,2025-10-14 20:43:30,46
9377,Overwatch,Positive,utterly beautiful and phenomenal <unk>.,2025-10-14 20:43:29,2025-10-14 20:43:30,39
9378,Overwatch,Positive,"With Reinhardt being one of my favourites on Overwatch, I need one of these in my life .",2025-10-14 20:43:29,2025-10-14 20:43:30,89
9378,Overwatch,Positive,"Since Reinhardt is one of my favorites on Overwatch, I need one of them in my life.",2025-10-14 20:43:29,2025-10-14 20:43:30,83
9378,Overwatch,Positive,"Because is one of my favourite Overwatch players, I need one of them in my life.",2025-10-14 20:43:29,2025-10-14 20:43:30,80
9378,Overwatch,Positive,"With him being one of my favourites on Overwatch, I need one of these in real life.",2025-10-14 20:43:29,2025-10-14 20:43:30,83
9378,Overwatch,Positive,"With Reinhardt being one of my favourites on TV Overwatch, I would need all one of these personalities in my life.",2025-10-14 20:43:29,2025-10-14 20:43:30,114
9378,Overwatch,Positive,"With Reinhardt is one of my favorites on Overwatch, I need one last these in my life.",2025-10-14 20:43:29,2025-10-14 20:43:30,85
9379,Overwatch,Irrelevant,Best Overwatch Porn Of 2018 (With Sound) zxxxvids.space/?p=ph-ph5b6a24…,2025-10-14 20:43:29,2025-10-14 20:43:30,71
9379,Overwatch,Irrelevant,Best Overwatch Porn Of 2018 (With Sound) zxxxvids.space /? p = ph-ph5b6a24...,2025-10-14 20:43:29,2025-10-14 20:43:30,77
9379,Overwatch,Irrelevant,Best Overwatch Of 2018 (With Sound) zxxxvi.space /? p = ph-ph5b6a24...,2025-10-14 20:43:29,2025-10-14 20:43:30,70
9379,Overwatch,Irrelevant,Best Overwatch Players Of 2018 (With Money) zxxxvids.space/?p=ph-ph5b6a24…,2025-10-14 20:43:29,2025-10-14 20:43:30,74
9379,Overwatch,Irrelevant,Best Track Overwatch EP Porn Side Of Live 2018 ( With Sound ) under zxxxvids. html space /? p = ph - ph5b6a24 …,2025-10-14 20:43:29,2025-10-14 20:43:30,111
9379,Overwatch,Irrelevant,with Overwatch Featured Video 2012 (With Digg) zxxxvids.space/?p=ph-ph5b6a24...,2025-10-14 20:43:29,2025-10-14 20:43:30,79
9380,Overwatch,Positive,"For a  . . Now, I am very important that will be very happy for my  . .",2025-10-14 20:43:29,2025-10-14 20:43:30,73
9380,Overwatch,Positive,For a.. Now I am very important that will be very happy for my..,2025-10-14 20:43:29,2025-10-14 20:43:30,64
9380,Overwatch,Positive,What matters to me now is what will be very happy for my...,2025-10-14 20:43:29,2025-10-14 20:43:30,59
9380,Overwatch,Positive,"For a .. Now, I feel very important that will be very happy for my  ….",2025-10-14 20:43:29,2025-10-14 20:43:30,70
9380,Overwatch,Positive,"For a.. Now, I think am very important that will I be very simply happy for my..",2025-10-14 20:43:29,2025-10-14 20:43:30,80
9380,Overwatch,Positive,"For a.. Now, let am very important that will feel very happy for your..",2025-10-14 20:43:29,2025-10-14 20:43:30,71
9381,Overwatch,Negative,Going out alone without music because its still gonna be more entertaining than playing overwatch rn.  pic.twitter.com/1sWZXsxJsu,2025-10-14 20:43:29,2025-10-14 20:43:30,129
9381,Overwatch,Negative,Going solo without music because it will still be more entertaining than playing Overwatch. pic.twitter.com / 1sWZXsxJsu,2025-10-14 20:43:29,2025-10-14 20:43:30,120
9381,Overwatch,Negative,"Exit alone without music, because it will still be more interesting than listening. pic.wikipedia.org / 1sWZXsxJsu",2025-10-14 20:43:29,2025-10-14 20:43:30,114
9381,Overwatch,Negative,Going out alone without music because its still gonna be more entertaining than playing overwatch rn.  pic.twitter.com/1sWZXsxJsu,2025-10-14 20:43:29,2025-10-14 20:43:30,129
9381,Overwatch,Negative,IBM Going out alone without music because its still gonna be more entertaining than playing overwatch rn.  pic.twitter.com/1sWZXsxJsu,2025-10-14 20:43:29,2025-10-14 20:43:30,133
9381,Overwatch,Negative,they,2025-10-14 20:43:29,2025-10-14 20:43:30,4
9382,Overwatch,Irrelevant,Overwatch is full of idiots. I'm done.,2025-10-14 20:43:29,2025-10-14 20:43:30,38
9382,Overwatch,Irrelevant,Overwatch is full of morons. I'm done.,2025-10-14 20:43:29,2025-10-14 20:43:30,38
9382,Overwatch,Irrelevant,Overwatch is full of idiots. I'm done.,2025-10-14 20:43:29,2025-10-14 20:43:30,38
9382,Overwatch,Irrelevant,Overwatch is full fucking idiots. I'm done.,2025-10-14 20:43:29,2025-10-14 20:43:30,43
9382,Overwatch,Irrelevant,Overwatch is full circle of idiots. I'm not done.,2025-10-14 20:43:29,2025-10-14 20:43:30,49
9382,Overwatch,Irrelevant,Overwatch is full of idiots. O'm done.,2025-10-14 20:43:29,2025-10-14 20:43:30,38
9383,Overwatch,Negative,Okay nvm fuck Overwatch. I like playing healer but it gets real old real fast when you're not given a damn choice. I miss waiting less than 10 minutes to play Torb .,2025-10-14 20:43:29,2025-10-14 20:43:30,166
9383,Overwatch,Negative,"Okay, nvm fuck Overwatch. I like to play healers, but it gets really old when you don't have a fucking choice. I miss waiting less than 10 minutes to play Torb.",2025-10-14 20:43:29,2025-10-14 20:43:30,160
9383,Overwatch,Negative,Okay nvm fuck Overwatch. I like playing heeglow but it gets real old real fast when you're not given a dark choice. I miss waiting less than 10 minutes to play Torb.,2025-10-14 20:43:29,2025-10-14 20:43:30,165
9383,Overwatch,Negative,Okay nvm fuck Overwatch. I<unk> playing healer and anything gets real old real fast when you're not given a damn choice. I miss waiting less than 10 minutes to play Torb.,2025-10-14 20:43:29,2025-10-14 20:43:30,170
9383,Overwatch,Negative,Okay nvm and fuck this Overwatch. I like playing healer but already it gets real old scary real freaking fast when you're not given a damn choice. I miss waiting less nearly than 10 minutes not to actually play Torb.,2025-10-14 20:43:29,2025-10-14 20:43:30,216
9383,Overwatch,Negative,Okay nvm fuck shit. You like playing healer but it gets boring old real fast when you're not given a damn choice. I miss sleeping less than ten minutes to face Torb.,2025-10-14 20:43:29,2025-10-14 20:43:30,165
9384,Overwatch,Negative,overwatch just really listens to the famous people.. huh,2025-10-14 20:43:29,2025-10-14 20:43:30,56
9384,Overwatch,Negative,overwatch only really listens to the famous people.. huh,2025-10-14 20:43:29,2025-10-14 20:43:30,56
9384,Overwatch,Negative,Supervisors just love famous people... a-ha,2025-10-14 20:43:29,2025-10-14 20:43:30,43
9384,Overwatch,Negative,overwatch just really listens to super famous people.. huh,2025-10-14 20:43:29,2025-10-14 20:43:30,58
9384,Overwatch,Negative,He overwatch just really listens to the famous people.. she huh,2025-10-14 20:43:29,2025-10-14 20:43:30,63
9384,Overwatch,Negative,overwatch just really listens to that most people.. huh,2025-10-14 20:43:29,2025-10-14 20:43:30,55
9385,Overwatch,Positive,I thought I posted them LMAO here is me and my comfort character Sigma from Overwatch pic.twitter.com/4FmMD6aP1W,2025-10-14 20:43:29,2025-10-14 20:43:30,112
9385,Overwatch,Positive,I thought I'd posted them LMAO here's me and my consolation figure Sigma from Overwatch pic.twitter.com / 4FmMD6aP1W,2025-10-14 20:43:29,2025-10-14 20:43:30,116
9385,Overwatch,Positive,I thought I posted them LO this is me and my Sigma character from Overwatch pic.fm / 4FmMD6aP1W,2025-10-14 20:43:29,2025-10-14 20:43:30,95
9385,Overwatch,Positive,I thought I posted them LMAO here is me and my comfort character Sigma from Overwatch pic.twitter.com/4FmMD6aP1W,2025-10-14 20:43:29,2025-10-14 20:43:30,112
9385,Overwatch,Positive,and I thought I posted them LMAO here is me and my comfort character Sigma from Overwatch pic.twitter.com/4FmMD6aP1W,2025-10-14 20:43:29,2025-10-14 20:43:30,116
9385,Overwatch,Positive,time,2025-10-14 20:43:29,2025-10-14 20:43:30,4
9386,Overwatch,Positive,today was fun... prob done streaming for the day. . shoutout to my @playoverwatch squad for hanging with me today. . go give me a follow!. . twitch.tv/joshuahoang. twitch.tv/joshuahoang. twitch.tv/joshuahoang. . highlight reel by @athenascope. .,2025-10-14 20:43:29,2025-10-14 20:43:30,247
9386,Overwatch,Positive,today it was fun... prob done streaming for the day.. shout out to my @ playoverwatch team for hanging with me today.. go give me a follow!.. twitch.tv / joshuahoang. twitch.tv / joshuahoang. twitch.tv / joshuahoang.. highlight reel by @ athenascope...,2025-10-14 20:43:29,2025-10-14 20:43:30,252
9386,Overwatch,Positive,"Today was fun... tried streaming for the day... shout out to my @ youverwatch crew for hanging with me today... come, follow me!..... tch.tv / joshuahoang. tch.tv / joshuahoang. tch.tv / joshuahoang. tch.tv / joshuahoang...",2025-10-14 20:43:29,2025-10-14 20:43:30,223
9386,Overwatch,Positive,today was fun... prob done streaming for the day. . shoutout to my RhandlerR squad for hanging with me today. . go give me a follow!. . twitch.tv/joshuahoang. twitch.tv/joshuahoang. twitch.tv/joshuahoang. . highlight reel by RhandlerR. .,2025-10-14 20:43:29,2025-10-14 20:43:30,239
9386,Overwatch,Positive,1 today was fun... prob done streaming for the day. . shoutout to my RhandlerR squad for hanging with me today. . go give me a follow!. . twitch.tv/joshuahoang. twitch.tv/joshuahoang. twitch.tv/joshuahoang. . highlight reel by RhandlerR. .,2025-10-14 20:43:29,2025-10-14 20:43:30,241
9386,Overwatch,Positive,and,2025-10-14 20:43:29,2025-10-14 20:43:30,3
9387,Overwatch,Positive,"Imagine complaining wanting \"realistic body proportions\" in overwatch when the characters eyes are literally the size of their fist. Shut the fuck up and let the artists do what they want",2025-10-14 20:43:29,2025-10-14 20:43:30,187
9387,Overwatch,Positive,"Imagine complaining about \"realistic body proportions\" when the characters \"eyes are literally the size of a fist.",2025-10-14 20:43:29,2025-10-14 20:43:30,114
9387,Overwatch,Positive,"Imagine complaining about \"realistic body proportions\" when you watch, when the characters \"eyes are literally the size of their fists. Shut up and let the artists do what they want.",2025-10-14 20:43:29,2025-10-14 20:43:30,182
9387,Overwatch,Positive,"Imagine complaining wanting \"realistic body proportions\" in overwatch when the characters eyes are literally I size of their fist. Shut the bitch up and let some artists do what they want",2025-10-14 20:43:29,2025-10-14 20:43:30,187
9387,Overwatch,Positive,"« Imagine complaining wanting \" fucking realistic body proportions \" in overwatch when the characters eyes are literally the size of their fist. Shut the fuck up and not let even the graphic artists actually do what exactly they want",2025-10-14 20:43:29,2025-10-14 20:43:30,233
9387,Overwatch,Positive,"Imagine complaining wanting \"realistic body proportions\" of overwatch when the characters eyes are literally a back of their fist. Shut the bitch up and see the artists do what they want",2025-10-14 20:43:29,2025-10-14 20:43:30,186
9388,Overwatch,Negative,@Hunduks we will never be as happy as we were during the overwatch beta .,2025-10-14 20:43:29,2025-10-14 20:43:30,74
9388,Overwatch,Negative,@ Hunduks we will never be as happy as we were during the Overwatch beta.,2025-10-14 20:43:29,2025-10-14 20:43:30,73
9388,Overwatch,Negative,@ Hunduks we will never be as happy as we were during the overwatch beta.,2025-10-14 20:43:29,2025-10-14 20:43:30,73
9388,Overwatch,Negative,@Hunduks Q will never be as happy as we were during the overwatch beta.,2025-10-14 20:43:29,2025-10-14 20:43:30,71
9388,Overwatch,Negative,For @Hunduks we will never be as happy inside as we were during the overwatch campaign beta.,2025-10-14 20:43:29,2025-10-14 20:43:30,92
9388,Overwatch,Negative,@Hunduks we will probably be as happy as we feel after the overwatch beta.,2025-10-14 20:43:29,2025-10-14 20:43:30,74
9389,Overwatch,Neutral,anna’s ult group is clc. anna is a regular acc on twt. yeoreum (boogie up) is anna’s most popular fancam. anna has a soft layout. anna’s most popular tweet is about fancy soty. anna also stans overwatch.  . en.shindanmaker.com/919718,2025-10-14 20:43:29,2025-10-14 20:43:30,233
9389,Overwatch,Neutral,anna's ult group is clc. anna is a regular acc on twt. yeoreum (boogie up) is Anna's most popular fanam. anna has a soft layout. Anna's most popular tweet is about chic Sotzy. anna stans overwatch... en.shindanmaker.com / 919718,2025-10-14 20:43:29,2025-10-14 20:43:30,228
9389,Overwatch,Neutral,Anna has a soft make-up look. Anna's most popular tweet is about fashion. anna also keeps an eye on.. en.shinmaker.com / 919718,2025-10-14 20:43:29,2025-10-14 20:43:30,127
9389,Overwatch,Neutral,anna’s profile<unk> contains clc. anna is a prominent acc on twitter. yeoreum (boogie up) is a big popular fancam. he has a soft layout. anna’s most popular tweet is about fancy soty. anna also stans overwatch. . en.shindanmaker.com/919718,2025-10-14 20:43:29,2025-10-14 20:43:30,239
9389,Overwatch,Neutral,often anna ’ s ult name group is clc. When anna can is a regular acc on a twt. A yeoreum ( boogie up ) is anna ’ s most popular fancam. anna has a strong soft layout. anna ’ s most popular tweet is about catching fancy soty. anna also stans the overwatch.. en. shindanmaker. web com / 919718,2025-10-14 20:43:29,2025-10-14 20:43:30,291
9389,Overwatch,Neutral,anna’s ult group is clc. anna is his regular acc on twt. yeoreum (boogie hall) read anna’s very popular fancam. anna loves a cool layout. anna’s also beloved tweet is about fancy soty. anna sent stans about.. en.shindanmaker.com/919718,2025-10-14 20:43:29,2025-10-14 20:43:30,235
9390,Overwatch,Irrelevant,The Best Way to Protect the Samsung Galaxy Note10+ buff.ly/2zkjIhU  . .,2025-10-14 20:43:29,2025-10-14 20:43:30,73
9390,Overwatch,Irrelevant,The best way to protect the Samsung Galaxy Note10 + buff.ly / 2zkjIhU.,2025-10-14 20:43:29,2025-10-14 20:43:30,70
9390,Overwatch,Irrelevant,The best way to protect Samsung Galaxy Note10 + buff.ly / 2zkjU.,2025-10-14 20:43:29,2025-10-14 20:43:30,64
9390,Overwatch,Irrelevant,The Best Way to Protect the Samsung Galaxy Note10+ buff.ly/2zkjIhU <unk> },2025-10-14 20:43:29,2025-10-14 20:43:30,74
9390,Overwatch,Irrelevant,2010 The Best Way Book to Protect On the Samsung Galaxy Pocket Note10 + is buff. ly / 2zkjIhU..,2025-10-14 20:43:29,2025-10-14 20:43:30,95
9390,Overwatch,Irrelevant,The Best Way to Protect HD Samsung Galaxy HD+ HD.ly/2zkjIhU..,2025-10-14 20:43:29,2025-10-14 20:43:30,61
9391,Overwatch,Irrelevant,I have Ult.... A.K.A.. I'm gonna Ult from somewhere that will make it look AWESOME!!!. . twitch.tv/big75husky75,2025-10-14 20:43:29,2025-10-14 20:43:30,114
9391,Overwatch,Irrelevant,I have Ult.... A.K.A.. I'm going to get Ult from somewhere that will make it look TOTAL!!!. twitch.tv / big75husky75,2025-10-14 20:43:29,2025-10-14 20:43:30,116
9391,Overwatch,Irrelevant,I have a UTCh.A.A.... I'm going to UTCh.from somewhere that will make it look like UTCh.TV / big75husky75,2025-10-14 20:43:29,2025-10-14 20:43:30,105
9391,Overwatch,Irrelevant,I have Ult.... A.K.A.. I'm gonna Ult from somewhere that will make it look AWESOME!!!. . twitch.tv/big75husky75,2025-10-14 20:43:29,2025-10-14 20:43:30,114
9391,Overwatch,Irrelevant,via I have Ult.... A.K.A.. I'm gonna Ult from somewhere that will make it look AWESOME!!!. . twitch.tv/big75husky75,2025-10-14 20:43:29,2025-10-14 20:43:30,118
9391,Overwatch,Irrelevant,our,2025-10-14 20:43:29,2025-10-14 20:43:30,3
9392,Overwatch,Negative,The fact @PlayOverwatch won't nerf bastion clearly shows that they dont care about the lower ranks where the average amount of players are!!!,2025-10-14 20:43:29,2025-10-14 20:43:30,141
9392,Overwatch,Negative,The fact that @ PlayOverwatch will not be a nerf bastion clearly shows that the lower echelons don't care where the average number of players is!!!,2025-10-14 20:43:29,2025-10-14 20:43:30,147
9392,Overwatch,Negative,The fact that @ PlayOverwatch is not nervous clearly shows that they don't care about the lower ranks where the average number of players is!!!,2025-10-14 20:43:29,2025-10-14 20:43:30,143
9392,Overwatch,Negative,The fact @PlayOverwatch won't nerf bastion clearly shows that they dont care in the lower ranks where the average amount of players decrease,2025-10-14 20:43:29,2025-10-14 20:43:30,140
9392,Overwatch,Negative,The second fact on @PlayOverwatch won't nerf bastion clearly but shows them that they usually dont care about the lower middle ranks players where the average amount of players are!!!,2025-10-14 20:43:29,2025-10-14 20:43:30,183
9392,Overwatch,Negative,The fact new won't nerf bastion clearly shows that they dont know about the lower ranks than the average amount female players are!!!,2025-10-14 20:43:29,2025-10-14 20:43:30,133
9393,Overwatch,Irrelevant,Today has been the most fun I’ve had watching and interacting with Overwatch League in a long time.,2025-10-14 20:43:29,2025-10-14 20:43:30,99
9393,Overwatch,Irrelevant,Today was the funniest day I've seen and interacted with the Overwatch League in a long time.,2025-10-14 20:43:29,2025-10-14 20:43:30,93
9393,Overwatch,Irrelevant,Today was the most fun I've had to watch and interact with the Overwatch League in a long time.,2025-10-14 20:43:29,2025-10-14 20:43:30,95
9393,Overwatch,Irrelevant,Today has probably the most fun I’ve had watching and interacting with Overwatch heroes in a long time.,2025-10-14 20:43:29,2025-10-14 20:43:30,103
9393,Overwatch,Irrelevant,Today it has just been the first most fun I ’ ve been had watching and interacting with Overwatch League in a long time.,2025-10-14 20:43:29,2025-10-14 20:43:30,120
9393,Overwatch,Irrelevant,Today has easily the highest fun I’ve had watching players interacting with Overwatch League in a long time.,2025-10-14 20:43:29,2025-10-14 20:43:30,108
9394,Overwatch,Negative,Im so bored. And overwatch h is pissing me off today so I got off .,2025-10-14 20:43:29,2025-10-14 20:43:30,68
9394,Overwatch,Negative,"And he pissed me off today, so I got off.",2025-10-14 20:43:29,2025-10-14 20:43:30,41
9394,Overwatch,Negative,"muttered like that, and overtime is annoying me today, so I got off.",2025-10-14 20:43:29,2025-10-14 20:43:30,68
9394,Overwatch,Negative,Im so bored. And overwatch h is pissing me off today so I logged off.,2025-10-14 20:43:29,2025-10-14 20:43:30,69
9394,Overwatch,Negative,Im so bored. And overwatch h ps is pissing at me off today so I finally got paid off.,2025-10-14 20:43:29,2025-10-14 20:43:30,85
9394,Overwatch,Negative,been so tired. And overwatch h is pissing me off today so I back off.,2025-10-14 20:43:29,2025-10-14 20:43:30,69
9395,Overwatch,Positive,overwatch is a fun game and i love night market pic.twitter.com/TXF4OvoBm9,2025-10-14 20:43:29,2025-10-14 20:43:30,74
9395,Overwatch,Positive,overwatch is a fun game and I love night market pic.twitter.com / TXF4OvoBm9,2025-10-14 20:43:29,2025-10-14 20:43:30,76
9395,Overwatch,Positive,overwatch is a fun game and I love the night market pic.fm / TXF4OvoBm9,2025-10-14 20:43:29,2025-10-14 20:43:30,71
9395,Overwatch,Positive,overwatch is a fun game and i love night market pic.twitter.com/TXF4OvoBm9,2025-10-14 20:43:29,2025-10-14 20:43:30,74
9395,Overwatch,Positive,A overwatch is a fun game and i love night market pic.twitter.com/TXF4OvoBm9,2025-10-14 20:43:29,2025-10-14 20:43:30,76
9395,Overwatch,Positive,with,2025-10-14 20:43:29,2025-10-14 20:43:30,4
9396,Overwatch,Irrelevant,"I actually despise the SJW culture that Overwatch has around it. I just read an article that said that DVa's academy skin promotes sexism because \"the outfit is too sexually revealing.\" . . This skin.. . Is too revealing.. . Excuse me what pic.twitter.com/6MXpuCVm3j",2025-10-14 20:43:29,2025-10-14 20:43:30,266
9396,Overwatch,Irrelevant,"I've just read an article that says the DVa Academy's skin promotes sexism because \"the outfit is too sexually revealing...\" That skin... is too revealing... Excuse me for what pic.twitter.com / 6MXpuCVm3j says.",2025-10-14 20:43:29,2025-10-14 20:43:30,211
9396,Overwatch,Irrelevant,"I've just read an article saying DVa Academy skin promotes sexism because \"the outfit is too sexually explicit...\" This skin... is too revealing... See what pic.facebook.com / 6MXpuCVm3j",2025-10-14 20:43:29,2025-10-14 20:43:30,186
9396,Overwatch,Irrelevant,"I actually despise the SJW culture that Overwatch has around it. I just read an article that said that DVa's academy skin promotes sexism because \"the outfit is too sexually revealing.\" . . This skin.. . Is too revealing.. . Excuse me what pic.twitter.com/6MXpuCVm3j",2025-10-14 20:43:29,2025-10-14 20:43:30,266
9396,Overwatch,Irrelevant,"Project I actually despise the SJW culture that Overwatch has around it. I just read an article that said that DVa's academy skin promotes sexism because \"the outfit is too sexually revealing.\" . . This skin.. . Is too revealing.. . Excuse me what pic.twitter.com/6MXpuCVm3j",2025-10-14 20:43:29,2025-10-14 20:43:30,274
9396,Overwatch,Irrelevant,to,2025-10-14 20:43:29,2025-10-14 20:43:30,2
9397,Overwatch,Irrelevant,Ok y’all my favourite team now,2025-10-14 20:43:29,2025-10-14 20:43:30,30
9397,Overwatch,Irrelevant,Ok y'all my favorite team right now,2025-10-14 20:43:29,2025-10-14 20:43:30,35
9397,Overwatch,Irrelevant,"Okay, now my favorite team",2025-10-14 20:43:29,2025-10-14 20:43:30,26
9397,Overwatch,Irrelevant,Ok y’all my favourite song now,2025-10-14 20:43:29,2025-10-14 20:43:30,30
9397,Overwatch,Irrelevant,Good Ok y ’ all my favourite team now,2025-10-14 20:43:29,2025-10-14 20:43:30,37
9397,Overwatch,Irrelevant,Ok y’all my favourite faces now,2025-10-14 20:43:29,2025-10-14 20:43:30,31
9398,Overwatch,Negative,buying overwatch was a mistake i will never write a fic ever again,2025-10-14 20:43:29,2025-10-14 20:43:30,66
9398,Overwatch,Negative,Buying Overwatch was a mistake I will never write again,2025-10-14 20:43:29,2025-10-14 20:43:30,55
9398,Overwatch,Negative,"Buying a wristwatch was a mistake, I'll never write a fig again",2025-10-14 20:43:29,2025-10-14 20:43:30,63
9398,Overwatch,Negative,buying overwatch was a bitch i will never write a fic ever again,2025-10-14 20:43:29,2025-10-14 20:43:30,64
9398,Overwatch,Negative,buying overwatch was a mistake i still will never write a word fic ever post again,2025-10-14 20:43:29,2025-10-14 20:43:30,82
9398,Overwatch,Negative,buying overwatch<unk> a mistake i will never get a fic ever again,2025-10-14 20:43:29,2025-10-14 20:43:30,65
9399,Overwatch,Irrelevant,How beautiful is my girlfriend!!. Also she's live on twitch right now!! Let's go support this beautiful girl .,2025-10-14 20:43:29,2025-10-14 20:43:30,111
9399,Overwatch,Irrelevant,How beautiful is my girlfriend!!. She is also currently live on Twitch!! Let's go support this beautiful girl.,2025-10-14 20:43:29,2025-10-14 20:43:30,110
9399,Overwatch,Irrelevant,How beautiful is my friend!! and she's on air right now!! Let's go support this beautiful girl.,2025-10-14 20:43:29,2025-10-14 20:43:30,95
9399,Overwatch,Irrelevant,How beautiful is my girlfriend!!. Also she's live on twitch right now!! Let's help support this beautiful man.,2025-10-14 20:43:29,2025-10-14 20:43:30,110
9399,Overwatch,Irrelevant,How freaking beautiful is that my girlfriend!!. Also she's live on her twitch it right now!! Let's not go support this beautiful girl.,2025-10-14 20:43:29,2025-10-14 20:43:30,134
9399,Overwatch,Irrelevant,How beautiful of my girlfriend!!. But she's live on twitch right now!! Everyone's go support this beautiful woman.,2025-10-14 20:43:29,2025-10-14 20:43:30,114
9400,Overwatch,Neutral,miraculous ladybug and moira frm overwatch!!,2025-10-14 20:43:29,2025-10-14 20:43:30,44
9400,Overwatch,Neutral,miraculous ladybugs and Moira frm overwatch!!,2025-10-14 20:43:29,2025-10-14 20:43:30,45
9400,Overwatch,Neutral,miraculous ladybug and moira frm overwatch!!,2025-10-14 20:43:29,2025-10-14 20:43:30,44
9400,Overwatch,Neutral,miraculous ladybug and moira dive overwatch!!,2025-10-14 20:43:29,2025-10-14 20:43:30,45
9400,Overwatch,Neutral,miraculous ladybug hair and moira of frm of overwatch!!,2025-10-14 20:43:29,2025-10-14 20:43:30,55
9400,Overwatch,Neutral,miraculous ladybug and moira frm the,2025-10-14 20:43:29,2025-10-14 20:43:30,36
9401,Overwatch,Negative,The worst character,2025-10-14 20:43:29,2025-10-14 20:43:30,19
9401,Overwatch,Negative,Worst Character,2025-10-14 20:43:29,2025-10-14 20:43:30,15
9401,Overwatch,Negative,Worst Character,2025-10-14 20:43:29,2025-10-14 20:43:30,15
9401,Overwatch,Negative,The worst candidates,2025-10-14 20:43:29,2025-10-14 20:43:30,20
9401,Overwatch,Negative,The official worst character,2025-10-14 20:43:29,2025-10-14 20:43:30,28
9401,Overwatch,Negative,The woman character,2025-10-14 20:43:29,2025-10-14 20:43:30,19
9402,Overwatch,Irrelevant,OVERWATCH NOOB GRINDS TO GOLD | ik im bad twitch.tv/newtsock,2025-10-14 20:43:29,2025-10-14 20:43:30,60
9402,Overwatch,Irrelevant,OVERWATCH NOOB GRINDS TO GOLD | ik in the bathroom twitch.tv / newtsock,2025-10-14 20:43:29,2025-10-14 20:43:30,71
9402,Overwatch,Irrelevant,NECESSARY GOLD NOGRINDS / newtsock,2025-10-14 20:43:29,2025-10-14 20:43:30,34
9402,Overwatch,Irrelevant,OVERWATCH NOOB GRINDS TO GOLD | ik im bad twitch.tv/newtsock,2025-10-14 20:43:29,2025-10-14 20:43:30,60
9402,Overwatch,Irrelevant,via OVERWATCH NOOB GRINDS TO GOLD | ik im bad twitch.tv/newtsock,2025-10-14 20:43:29,2025-10-14 20:43:30,64
9402,Overwatch,Irrelevant,make,2025-10-14 20:43:29,2025-10-14 20:43:30,4
9403,Overwatch,Positive,We love orbs,2025-10-14 20:43:29,2025-10-14 20:43:30,12
9403,Overwatch,Positive,We love balls,2025-10-14 20:43:29,2025-10-14 20:43:30,13
9403,Overwatch,Positive,We love balloons,2025-10-14 20:43:29,2025-10-14 20:43:30,16
9403,Overwatch,Positive,We love...,2025-10-14 20:43:29,2025-10-14 20:43:30,10
9403,Overwatch,Positive,We found love orbs,2025-10-14 20:43:29,2025-10-14 20:43:30,18
9403,Overwatch,Positive,We hear orbs,2025-10-14 20:43:29,2025-10-14 20:43:30,12
9404,Overwatch,Neutral,Cheeky Boop and some nice teamwork,2025-10-14 20:43:29,2025-10-14 20:43:30,36
9404,Overwatch,Neutral,Cheeky Boop and Nice Teamwork,2025-10-14 20:43:29,2025-10-14 20:43:30,29
9404,Overwatch,Neutral,Cheeky Boop and some nice teamwork,2025-10-14 20:43:29,2025-10-14 20:43:30,34
9404,Overwatch,Neutral,Cheeky Boop and a nice teamwork,2025-10-14 20:43:29,2025-10-14 20:43:30,31
9404,Overwatch,Neutral,Cheeky Boop up and have some nice teamwork,2025-10-14 20:43:29,2025-10-14 20:43:30,42
9404,Overwatch,Neutral,up Boop and some nice teamwork,2025-10-14 20:43:29,2025-10-14 20:43:30,30
9405,Overwatch,Negative,@PlayOverwatch i get disconnected every mid game and there's a lot of games that someone disconnects at the very start is there a problem?,2025-10-14 20:43:29,2025-10-14 20:43:30,138
9405,Overwatch,Negative,@ PlayOverwatch I get separated every game in the middle and there are a lot of games that someone separates at the very beginning. Is there a problem?,2025-10-14 20:43:29,2025-10-14 20:43:30,151
9405,Overwatch,Negative,"@ PlayOverwatch I switch off every game and there are a lot of games that someone switches off at the start, is there a problem?",2025-10-14 20:43:29,2025-10-14 20:43:30,128
9405,Overwatch,Negative,@PlayOverwatch i get disconnected every one game and there's a lot of games that someone disconnects at the very start is reliability a problem?,2025-10-14 20:43:29,2025-10-14 20:43:30,144
9405,Overwatch,Negative,@PlayOverwatch i get disconnected almost every mid game and there's a lot of games that someone disconnects at even the very most start or is so there now a problem?,2025-10-14 20:43:29,2025-10-14 20:43:30,165
9405,Overwatch,Negative,@PlayOverwatch i get disconnected every mid game yet there's a lot of games that someone disconnects at its very starting is that a problem?,2025-10-14 20:43:29,2025-10-14 20:43:30,140
9406,Overwatch,Positive,God i am so good at overwatch fukc,2025-10-14 20:43:29,2025-10-14 20:43:30,34
9406,Overwatch,Positive,"God, I'm so good at monitoring fukc",2025-10-14 20:43:29,2025-10-14 20:43:30,35
9406,Overwatch,Positive,God i am so good at overwatch fukc,2025-10-14 20:43:29,2025-10-14 20:43:30,34
9406,Overwatch,Positive,God i am ever good at overwatch fukc,2025-10-14 20:43:29,2025-10-14 20:43:30,36
9406,Overwatch,Positive,my God i love am so good at overwatch fukc,2025-10-14 20:43:29,2025-10-14 20:43:30,42
9406,Overwatch,Positive,if i am so good at overwatch fukc,2025-10-14 20:43:29,2025-10-14 20:43:30,33
9407,Overwatch,Neutral,Didnt play overwatch for one day and my aim is shit .,2025-10-14 20:43:29,2025-10-14 20:43:30,54
9407,Overwatch,Neutral,I haven't played Overwatch for a day and my goal is shit.,2025-10-14 20:43:29,2025-10-14 20:43:30,57
9407,Overwatch,Neutral,Didnt play overwatch for one day and my aim is shit.,2025-10-14 20:43:29,2025-10-14 20:43:30,52
9407,Overwatch,Neutral,Didnt play overwatch for one day and my aim is higher.,2025-10-14 20:43:29,2025-10-14 20:43:30,54
9407,Overwatch,Neutral,Didnt play overwatch for one day... and already my aim is shit.,2025-10-14 20:43:29,2025-10-14 20:43:30,63
9407,Overwatch,Neutral,Didnt play overwatch for one day and my aim got just.,2025-10-14 20:43:29,2025-10-14 20:43:30,53
9408,Overwatch,Negative,yooo the overwatch serves just went down lesssgooo,2025-10-14 20:43:29,2025-10-14 20:43:30,50
9408,Overwatch,Negative,yooo the Overwatch premiums just went under lesssgooo,2025-10-14 20:43:29,2025-10-14 20:43:30,53
9408,Overwatch,Negative,yooo the overwatch services just went down lesssgooo,2025-10-14 20:43:29,2025-10-14 20:43:30,52
9408,Overwatch,Negative,yooo the overwatch damage just went down lesssgooo,2025-10-14 20:43:29,2025-10-14 20:43:30,50
9408,Overwatch,Negative,yooo the overwatch serves just but went wrong down lesssgooo,2025-10-14 20:43:29,2025-10-14 20:43:30,60
9408,Overwatch,Negative,yooo the first serves just went down to,2025-10-14 20:43:29,2025-10-14 20:43:30,39
9409,Overwatch,Negative,@PlayOverwatch  It's on PTR and looks very annoying ngl pic.twitter.com/EOCyqjzoBO,2025-10-14 20:43:29,2025-10-14 20:43:30,82
9409,Overwatch,Negative,@ PlayOverwatch It's on PTR and looks very annoying ngl pic.twitter.com / EOCyqjzoBO,2025-10-14 20:43:29,2025-10-14 20:43:30,84
9409,Overwatch,Negative,@ PlayOverwatch It's on PTR and looks very annoying npic.su / EOCyqjzoBO,2025-10-14 20:43:29,2025-10-14 20:43:30,72
9409,Overwatch,Negative,RhandlerR  It's on PTR and looks very annoying ngl pic.twitter.com/EOCyqjzoBO,2025-10-14 20:43:29,2025-10-14 20:43:30,77
9409,Overwatch,Negative,in RhandlerR  It's on PTR and looks very annoying ngl pic.twitter.com/EOCyqjzoBO,2025-10-14 20:43:29,2025-10-14 20:43:30,80
9409,Overwatch,Negative,what,2025-10-14 20:43:29,2025-10-14 20:43:30,4
9410,Overwatch,Positive,I despise shooters. .  I’m supposed to be getting ready for this shoot tomorrow and I’m playing overwatch. @SshotJ .,2025-10-14 20:43:29,2025-10-14 20:43:30,117
9410,Overwatch,Positive,I despise shooters.. I'm supposed to prepare for this shoot tomorrow and play Overwatch. @ SshotJ.,2025-10-14 20:43:29,2025-10-14 20:43:30,98
9410,Overwatch,Positive,I despires shooters... I'm supposed to be preparing for this shoot tomorrow and I'm playing overwatch. @ SshotJ.,2025-10-14 20:43:29,2025-10-14 20:43:30,112
9410,Overwatch,Positive,I despise shooters..  I’m supposed to be getting ready during this shoot around and I’m an overwatch. @SshotJ.,2025-10-14 20:43:29,2025-10-14 20:43:30,110
9410,Overwatch,Positive,I would despise most shooters.. I ’ so m supposed to really be getting ready for this pole shoot tomorrow and I will ’ m playing overwatch. @SshotJ.,2025-10-14 20:43:29,2025-10-14 20:43:30,148
9410,Overwatch,Positive,I do shooters.. I’m excited to be getting ready at this shoot tomorrow and I’m playing at. @SshotJ.,2025-10-14 20:43:29,2025-10-14 20:43:30,99
9411,Overwatch,Positive,"What’s next for @PlayOverwatch  @overwatchleague making a All Stars Legendary skins for...........u know who. They did Tracer, Genji, Mercy, And Lucio. What’s next......which Overwatch characters will having a All Stars Legendary skin next . I hope is Ana and Widowmaker....I wish.",2025-10-14 20:43:29,2025-10-14 20:43:30,281
9411,Overwatch,Positive,"What's next? @ PlayOverwatch @ overwatchleague makes an All Stars Legendary Skins for... u know who. You have Tracer, Genji, Mercy and Lucio. What's next... which Overwatch characters will have an All Stars Legendary Skins next. I hope it's Ana and Widowmaker.... I wish it.",2025-10-14 20:43:29,2025-10-14 20:43:30,274
9411,Overwatch,Positive,"What's next? @ PlayOverwatch @ overwatchleague does All Stars Legendary skins for....... u know who. They did Tracer, Genji, Mercy, And Lucky. What's next...... which Overwatch characters will have a All Stars Legendary skin next. I hope is Ana and Widowmaker.... I wish.",2025-10-14 20:43:29,2025-10-14 20:43:30,271
9411,Overwatch,Positive,"What’s next for @PlayOverwatch  @overwatchleague making a All Stars Legendary skins for...........u see who. They did Tracer, Genji, Rain, And<unk>. Maybe next......which Overwatch characters will having a All Stars Legendary skin next. I hope its Ana and Widowmaker....I Promise.",2025-10-14 20:43:29,2025-10-14 20:43:30,280
9411,Overwatch,Positive,"What ’ s next for @PlayOverwatch like @overwatchleague making a All World Stars Legendary skins for........... but u know who. They did Tracer, Genji, Mercy, And sometimes Lucio. What ’ hasn s next...... which Overwatch player characters will consider having a All Stars Legendary skin next. I hope he is King Ana and Widowmaker.... if I wish.",2025-10-14 20:43:29,2025-10-14 20:43:30,343
9411,Overwatch,Positive,"What’s next from @PlayOverwatch @overwatchleague wants a All Stars Legendary skins for...........u knew who. They did Tracer, Genji, Mercy, then Lucio. What’s next......which their characters will having for All Stars heroic skin next. Same hope the Ana and Widowmaker....I pray.",2025-10-14 20:43:29,2025-10-14 20:43:30,279
9412,Overwatch,Irrelevant,5 years ago I built My PC from a decent office PC I brought cheap. Well its starting to show its age. Yesterday I could barely stream Overwatch. Seems Esmeralda is looking to retire.  Im already in the process of building a new PC but I guess I hate to say goodbye.,2025-10-14 20:43:29,2025-10-14 20:43:30,265
9412,Overwatch,Irrelevant,"5 years ago I built my PC from a decent office PC that I had brought along cheaply. Well, it's starting to show its age. Yesterday, I could barely stream Overwatch. Esmeralda seems to be retiring. I'm already building a new PC, but I think I hate to say goodbye.",2025-10-14 20:43:29,2025-10-14 20:43:30,262
9412,Overwatch,Irrelevant,"I built my PC 5 years ago from a decent office PC that I brought cheaply. Well, it's starting to show its age. Yesterday I could barely watch Overwatch. It looks like Esmeralda is about to retire.",2025-10-14 20:43:29,2025-10-14 20:43:30,196
9412,Overwatch,Irrelevant,5 years ago I built My MMO from a decent office PC I got cheap. Well its starting to show its rust. Yesterday I could barely stream Overwatch. Seems Esmeralda is looking to retire.  is already in the business of purchasing a new PC but I guess I hate to say goodbye.,2025-10-14 20:43:29,2025-10-14 20:43:30,266
9412,Overwatch,Irrelevant,5 hundred years ago I finally built my My PC from a decent office PC I brought cheap. Well its starting ready to show its age. Early Yesterday I could barely stream on Overwatch. Seems old Esmeralda here is looking to retire. Im already in in progress the process of building a new PC but I guess I hate to say goodbye.,2025-10-14 20:43:29,2025-10-14 20:43:30,319
9412,Overwatch,Irrelevant,5 years ago I build My PC from a standard office PC I brought cheap. Well its starts to show its age. Yesterday I could barely stream Overwatch. Seems Esmeralda was looking like retire. Im already in the process and building me new PC but just guess I hate to say now.,2025-10-14 20:43:29,2025-10-14 20:43:30,268
9413,Overwatch,Irrelevant,Cassie forced everyone to play a Kahoot quiz about Overwatch and Cassie won,2025-10-14 20:43:29,2025-10-14 20:43:30,75
9413,Overwatch,Irrelevant,Cassie forced everyone to play a kahoot quiz on Overwatch and Cassie won,2025-10-14 20:43:29,2025-10-14 20:43:30,72
9413,Overwatch,Irrelevant,"Cassie got everyone to play a Cajun quiz about Overwatch, and Cassie won",2025-10-14 20:43:29,2025-10-14 20:43:30,72
9413,Overwatch,Irrelevant,Cassie forced everyone to play a Kahoot quiz about Overwatch — Cassie won,2025-10-14 20:43:29,2025-10-14 20:43:30,73
9413,Overwatch,Irrelevant,Also Cassie forced everyone online to play a Kahoot quiz about Overwatch X and Cassie won,2025-10-14 20:43:29,2025-10-14 20:43:30,89
9413,Overwatch,Irrelevant,Cassie forced everyone to play a Kahoot documentary about Overwatch and Cassie killed,2025-10-14 20:43:29,2025-10-14 20:43:30,85
9414,Overwatch,Irrelevant,.@TPAIN.... . Come @PlayOverwatch with some of us in the  . . MAD LUV for ya... . .,2025-10-14 20:43:29,2025-10-14 20:43:30,85
9414,Overwatch,Irrelevant,. @ TPAIN..... Come @ PlayOverwatch with some of us in the.. MAD LUV for ya.....,2025-10-14 20:43:29,2025-10-14 20:43:30,80
9414,Overwatch,Irrelevant,. @ TPAIN..... Come @ PlayOverwatch with some of us in the.... MAD LUV for ya......,2025-10-14 20:43:29,2025-10-14 20:43:30,83
9414,Overwatch,Irrelevant,.@TPAIN....<unk> Come @PlayOverwatch with some of us in the .. MAD LUV TO ya.....,2025-10-14 20:43:29,2025-10-14 20:43:30,81
9414,Overwatch,Irrelevant,. 14 @TPAIN..... all Come @PlayOverwatch down with some of this us in to the.. MAD... LUV ready for ya.....,2025-10-14 20:43:29,2025-10-14 20:43:30,107
9414,Overwatch,Irrelevant,.@TPAIN..... The @PlayOverwatch find us more us on the.. MAD LUV DO ya.....,2025-10-14 20:43:29,2025-10-14 20:43:30,75
9415,Overwatch,Negative,What does everyone think of @PlayOverwatch open que comp? I've been rolling on sigma but it's hell if you don't have supp players.,2025-10-14 20:43:29,2025-10-14 20:43:30,132
9415,Overwatch,Negative,"What does everyone think about @ PlayOverwatch open que comp? I've rolled on sigma, but it's hell if you don't have support players.",2025-10-14 20:43:29,2025-10-14 20:43:30,132
9415,Overwatch,Negative,"What's everyone thinking about @ PlayOverwatch open que comp? I've been riding a sigma, but it's hell if you don't have soup players.",2025-10-14 20:43:29,2025-10-14 20:43:30,133
9415,Overwatch,Negative,What does everyone think of @PlayOverwatch open que comp? I've been put on sigma but it's hell since you don't have any players.,2025-10-14 20:43:29,2025-10-14 20:43:30,128
9415,Overwatch,Negative,What does everyone think of @PlayOverwatch or open que comp? 1 I've been rolling on my sigma but know it's all hell off if anything you don't have supp players.,2025-10-14 20:43:29,2025-10-14 20:43:30,160
9415,Overwatch,Negative,se does everyone get of @PlayOverwatch open que release? E've been rolling on sigma but it's hell off you don't have supp players.,2025-10-14 20:43:29,2025-10-14 20:43:30,130
9416,Overwatch,Positive,Wait overwatch is hella fun,2025-10-14 20:43:29,2025-10-14 20:43:30,27
9416,Overwatch,Positive,Wait overwatch is hella fun,2025-10-14 20:43:29,2025-10-14 20:43:30,27
9416,Overwatch,Positive,Waiting for an audition is fun,2025-10-14 20:43:29,2025-10-14 20:43:30,30
9416,Overwatch,Positive,Wait overwatch means hella fun,2025-10-14 20:43:29,2025-10-14 20:43:30,30
9416,Overwatch,Positive,Wait An overwatch is hella fun,2025-10-14 20:43:29,2025-10-14 20:43:30,30
9416,Overwatch,Positive,Wait overwatch is incredibly fun,2025-10-14 20:43:29,2025-10-14 20:43:30,32
9417,Overwatch,Positive,every so often i miss playing overwatch and i hate myself for it. . today is one of those days,2025-10-14 20:43:29,2025-10-14 20:43:30,94
9417,Overwatch,Positive,Every now and then I miss playing overwatch and I hate myself for it.. today is one of those days.,2025-10-14 20:43:29,2025-10-14 20:43:30,98
9417,Overwatch,Positive,every time I miss auditions and hate myself for it... today is one of those days,2025-10-14 20:43:29,2025-10-14 20:43:30,80
9417,Overwatch,Positive,every so often i miss playing overwatch and i push myself for it.. today is one of those time,2025-10-14 20:43:29,2025-10-14 20:43:30,93
9417,Overwatch,Positive,Since every so often on i miss playing overwatch and i hate myself for avoiding it.. today is one more of those days,2025-10-14 20:43:29,2025-10-14 20:43:30,116
9417,Overwatch,Positive,every so often i miss giving cards and i hate blogging for it.. today is one of those days,2025-10-14 20:43:29,2025-10-14 20:43:30,90
9418,Overwatch,Irrelevant,So it turns out I’m terrible at Overwatch on PC... pic.twitter.com/Ig55BO4wuv,2025-10-14 20:43:29,2025-10-14 20:43:30,77
9418,Overwatch,Irrelevant,So it turns out I'm terrible at Overwatch on PC... pic.twitter.com / Ig55BO4wuv,2025-10-14 20:43:29,2025-10-14 20:43:30,79
9418,Overwatch,Irrelevant,Turns out I'm terrible on Overwatch on PC... pic.wikipedia.org / wikipedia55BO4v,2025-10-14 20:43:29,2025-10-14 20:43:30,80
9418,Overwatch,Irrelevant,So it turns out I’m terrible at Overwatch on PC... pic.twitter.com/Ig55BO4wuv,2025-10-14 20:43:29,2025-10-14 20:43:30,77
9418,Overwatch,Irrelevant,The So it turns out I’m terrible at Overwatch on PC... pic.twitter.com/Ig55BO4wuv,2025-10-14 20:43:29,2025-10-14 20:43:30,81
9418,Overwatch,Irrelevant,<unk>,2025-10-14 20:43:29,2025-10-14 20:43:30,5
9419,Overwatch,Irrelevant,My Favorite Overwatch Event.,2025-10-14 20:43:29,2025-10-14 20:43:30,29
9419,Overwatch,Irrelevant,My favourite Overwatch event.,2025-10-14 20:43:29,2025-10-14 20:43:30,29
9419,Overwatch,Irrelevant,My Overwatch watch watch.,2025-10-14 20:43:29,2025-10-14 20:43:30,25
9419,Overwatch,Irrelevant,My Favorite Overwatch Players.,2025-10-14 20:43:29,2025-10-14 20:43:30,30
9419,Overwatch,Irrelevant,My Favorite Live Overwatch Event.,2025-10-14 20:43:29,2025-10-14 20:43:30,33
9419,Overwatch,Irrelevant,My Movie Overwatch Event.,2025-10-14 20:43:29,2025-10-14 20:43:30,25
9420,Overwatch,Positive,Gold looks good on you D.Va .,2025-10-14 20:43:29,2025-10-14 20:43:30,32
9420,Overwatch,Positive,Gold looks good for you D.Va.,2025-10-14 20:43:29,2025-10-14 20:43:30,29
9420,Overwatch,Positive,"Gold looks good on you, D.Va.",2025-10-14 20:43:29,2025-10-14 20:43:30,29
9420,Overwatch,Positive,Gold looks good on you N.Va.,2025-10-14 20:43:29,2025-10-14 20:43:30,28
9420,Overwatch,Positive,Gold looks good on anything you like D. Va.,2025-10-14 20:43:29,2025-10-14 20:43:30,43
9420,Overwatch,Positive,Gold look good on you D.Va.,2025-10-14 20:43:29,2025-10-14 20:43:30,27
9421,Overwatch,Negative,Mei is getting absolutely destroyed with these nerfs :(,2025-10-14 20:43:29,2025-10-14 20:43:30,55
9421,Overwatch,Negative,Mei is completely destroyed with these nerves: (,2025-10-14 20:43:29,2025-10-14 20:43:30,48
9421,Overwatch,Negative,May is completely destroyed by these nerves: (,2025-10-14 20:43:29,2025-10-14 20:43:30,46
9421,Overwatch,Negative,Mei is already absolutely destroyed with these nerfs :(,2025-10-14 20:43:29,2025-10-14 20:43:30,55
9421,Overwatch,Negative,Now Mei is getting absolutely to destroyed with these nerfs : (,2025-10-14 20:43:29,2025-10-14 20:43:30,63
9421,Overwatch,Negative,she is getting absolutely comfortable with these nerfs :(,2025-10-14 20:43:29,2025-10-14 20:43:30,57
9422,Overwatch,Irrelevant,The Best Way to Protect the Samsung Galaxy Note10+ buff.ly/2zkjIhU  . .,2025-10-14 20:43:29,2025-10-14 20:43:30,73
9422,Overwatch,Irrelevant,The best way to protect the Samsung Galaxy Note10 + buff.ly / 2zkjIhU.,2025-10-14 20:43:29,2025-10-14 20:43:30,70
9422,Overwatch,Irrelevant,The best way to protect Samsung Galaxy Note10 + buff.ly / 2zkjU.,2025-10-14 20:43:29,2025-10-14 20:43:30,64
9422,Overwatch,Irrelevant,The Best Way to Protect the Samsung Galaxy Note10+ buff.ly/2zkjIhU <unk> ^,2025-10-14 20:43:29,2025-10-14 20:43:30,74
9422,Overwatch,Irrelevant,The Best Perfect Way to Protect All the Planet Samsung Galaxy Note10 + By buff. ly / The 2zkjIhU..,2025-10-14 20:43:29,2025-10-14 20:43:30,98
9422,Overwatch,Irrelevant,The Easy Way Till Protect the Samsung Galaxy Note10+ Insurance.ly/2zkjIhU..,2025-10-14 20:43:29,2025-10-14 20:43:30,75
9423,Overwatch,Positive,Having fun playing some overwatch .   . . store.playstation.com/,2025-10-14 20:43:29,2025-10-14 20:43:30,65
9423,Overwatch,Positive,Have fun watching... store.playstation.com /,2025-10-14 20:43:29,2025-10-14 20:43:30,44
9423,Overwatch,Positive,Having fun listening to... store.playstation.com /,2025-10-14 20:43:29,2025-10-14 20:43:30,50
9423,Overwatch,Positive,Having fun playing some overwatch.   www. store.playstation.com/,2025-10-14 20:43:29,2025-10-14 20:43:30,64
9423,Overwatch,Positive,2009 Having fun playing some pretty overwatch... store. for playstation. com /,2025-10-14 20:43:29,2025-10-14 20:43:30,78
9423,Overwatch,Positive,some fun building some other... store.playstation.com/,2025-10-14 20:43:29,2025-10-14 20:43:30,54
9424,Overwatch,Irrelevant,this interaction right here makes me feel avenged for every sexist fucker i've encountered in Overwatch. . @Dipidy_  is my hero,2025-10-14 20:43:29,2025-10-14 20:43:30,127
9424,Overwatch,Irrelevant,This interaction here makes me feel like I've avenged myself for every sexist fucker I encountered in Overwatch.. @ Dipidy _ is my hero,2025-10-14 20:43:29,2025-10-14 20:43:30,135
9424,Overwatch,Irrelevant,this interaction right here makes me feel like avenger for every sexist fool I've seen in Overwatch.. @ Dipidy _ is my hero,2025-10-14 20:43:29,2025-10-14 20:43:30,123
9424,Overwatch,Irrelevant,this interaction right here let me feel avenged at every sexist fucker i've encountered in Overwatch.. @Dipidy_  is my hero,2025-10-14 20:43:29,2025-10-14 20:43:30,123
9424,Overwatch,Irrelevant,this interaction right here makes me almost feel avenged for... every possible sexist fucker i've encountered recently in Captain Overwatch.. @Dipidy_ is my hero,2025-10-14 20:43:29,2025-10-14 20:43:30,161
9424,Overwatch,Irrelevant,this interaction over here makes me feel ashamed for every sexist fucker i've encountered that my.. @Dipidy_ is my hero,2025-10-14 20:43:29,2025-10-14 20:43:30,119
9425,Overwatch,Positive,Big thanks to @ItsFuckenSyrus for getting me Overwatch pic.twitter.com/jUF36RfObK,2025-10-14 20:43:29,2025-10-14 20:43:30,81
9425,Overwatch,Positive,Thanks to @ ItsFuckenSyrus for getting me Overwatch pic.twitter.com / jUF36RfObK,2025-10-14 20:43:30,2025-10-14 20:43:30,80
