ID,Topic,Sentiment,Text,Timestamp,IngestedAt,TextLength
516,ApexLegends,Neutral,Gas traps... store.playstation.com /,2025-10-13 21:14:50,2025-10-13 21:15:00,36
516,ApexLegends,Neutral,Gas traps.. store.playstation.com /,2025-10-13 21:14:50,2025-10-13 21:15:00,35
516,ApexLegends,Neutral,Gas traps  . > store.playstation.com/,2025-10-13 21:14:50,2025-10-13 21:15:00,37
516,ApexLegends,Neutral,Gas station traps.. store. at playstation. com /,2025-10-13 21:14:50,2025-10-13 21:15:00,48
516,ApexLegends,Neutral,dog traps.. at.playstation.com/,2025-10-13 21:14:50,2025-10-13 21:15:00,31
517,ApexLegends,Positive,".  . Awesome game, awesome win from last week. Tune in via the link below to come watch some awesome  . twitch.tv/oldmatetom0 https://t.co/tWEAFsir8M",2025-10-13 21:14:50,2025-10-13 21:15:00,149
517,ApexLegends,Positive,"... Great game, great win last week. Tune in via the link below to see some of it. twitch.tv / oldmatetom0 https: / / t.co / tWEAFsir8M",2025-10-13 21:14:50,2025-10-13 21:15:00,135
517,ApexLegends,Positive,"Wrong game, stunning win last week. Tune in to the link below to come watch some stunning.",2025-10-13 21:14:50,2025-10-13 21:15:00,90
517,ApexLegends,Positive,".  . Awesome game, awesome win from last week. Tune in via the link below to come watch some awesome  . twitch.tv/oldmatetom0 RhttpR]",2025-10-13 21:14:50,2025-10-13 21:15:00,133
517,ApexLegends,Positive,"The .  . Awesome game, awesome win from last week. Tune in via the link below to come watch some awesome  . twitch.tv/oldmatetom0 RhttpR]",2025-10-13 21:14:50,2025-10-13 21:15:00,137
517,ApexLegends,Positive,you,2025-10-13 21:14:50,2025-10-13 21:15:00,3
518,ApexLegends,Negative,"literally toxic bro, left the game when i was clear to res him. oh and i knocked the same person three times, talk about frustration lmao .",2025-10-13 21:14:50,2025-10-13 21:15:00,141
518,ApexLegends,Negative,"Literally toxic bro, left the game when I realized res him. Oh and I knocked the same person three times, talking about frustration lmao.",2025-10-13 21:14:50,2025-10-13 21:15:00,137
518,ApexLegends,Negative,"literally toxic bro, came out of the game when I was clear to him. Oh and I hit the same person three times to talk about lmao disappointment.",2025-10-13 21:14:50,2025-10-13 21:15:00,142
518,ApexLegends,Negative,"literally toxic bro, left the game when everything was clear to res him. oh and thats knocked the same person 15 times, talk about frustration lmao.",2025-10-13 21:14:50,2025-10-13 21:15:00,148
518,ApexLegends,Negative,"literally completely toxic bro, left the game when I i was clear to res him. you oh and i knocked the same person three enough times, talk about i frustration that lmao.",2025-10-13 21:14:50,2025-10-13 21:15:00,169
518,ApexLegends,Negative,"literally poor bro, left this game when i was clear to res him. His and i knocked the same round three times, talk about toxic lmao.",2025-10-13 21:14:50,2025-10-13 21:15:00,132
519,ApexLegends,Negative,Ummm Wth.....,2025-10-13 21:14:50,2025-10-13 21:15:00,15
519,ApexLegends,Negative,Ummm Wth.....,2025-10-13 21:14:50,2025-10-13 21:15:00,13
519,ApexLegends,Negative,Ummm Wth.....,2025-10-13 21:14:50,2025-10-13 21:15:00,13
519,ApexLegends,Negative,Ummm<unk>,2025-10-13 21:14:50,2025-10-13 21:15:00,9
519,ApexLegends,Negative,Ummm W Wth.....,2025-10-13 21:14:50,2025-10-13 21:15:00,15
519,ApexLegends,Negative,<unk> Wth.....,2025-10-13 21:14:50,2025-10-13 21:15:00,14
520,ApexLegends,Irrelevant,My second  . Even a Noob has his day! Hope you enjoy the whole 3 minutes.. Apex Legends moments | Champions | montage youtu.be/vHAdQVAYbdg via @YouTube,2025-10-13 21:14:50,2025-10-13 21:15:00,151
520,ApexLegends,Irrelevant,My second. Even a noob has its day! Hope you enjoy the whole 3 minutes.. Apex Legends moments | Champions | montage youtu.be / vHAdQVAYbdg via @ YouTube,2025-10-13 21:14:50,2025-10-13 21:15:00,152
520,ApexLegends,Irrelevant,My second. Even Nub has his day! Hope you enjoy all 3 minutes.. Apex Legends Moments Champions montage youtu.be / vHAdQVAYbdg via @ YouTube,2025-10-13 21:14:50,2025-10-13 21:15:00,139
520,ApexLegends,Irrelevant,My second . Even a Noob has his secrets! Hope you enjoy the cool 3 K Apex Legends moments | image | montage youtu.be/vHAdQVAYbdg via @YouTube,2025-10-13 21:14:50,2025-10-13 21:15:00,141
520,ApexLegends,Irrelevant,So My second. Even more a Noob who has his day! And Hope you enjoy the last whole 3 minutes.. about Apex Legends moments | 2011 Champions | montage youtu. be / t vHAdQVAYbdg From via @YouTube,2025-10-13 21:14:50,2025-10-13 21:15:00,191
520,ApexLegends,Irrelevant,My Bag. Even James Noob has his moment! Will you enjoy its whole 3 minutes.. Apex Legends moments | film | montage youtu.be/vHAdQVAYbdg via it,2025-10-13 21:14:50,2025-10-13 21:15:00,142
521,ApexLegends,Neutral,Happy Halloween. .  .,2025-10-13 21:14:50,2025-10-13 21:15:00,23
521,ApexLegends,Neutral,Happy Halloween...,2025-10-13 21:14:50,2025-10-13 21:15:00,18
521,ApexLegends,Neutral,Happy Halloween!.,2025-10-13 21:14:50,2025-10-13 21:15:00,17
521,ApexLegends,Neutral,Happy Halloween.. <unk>,2025-10-13 21:14:50,2025-10-13 21:15:00,23
521,ApexLegends,Neutral,Happy Happy Halloween...,2025-10-13 21:14:50,2025-10-13 21:15:00,24
521,ApexLegends,Neutral,Happy Birthday...,2025-10-13 21:14:50,2025-10-13 21:15:00,17
522,ApexLegends,Negative,Gawd dayum lol,2025-10-13 21:14:50,2025-10-13 21:15:00,14
522,ApexLegends,Negative,Gawd dayum lol,2025-10-13 21:14:50,2025-10-13 21:15:00,14
522,ApexLegends,Negative,Gawd dayum lol,2025-10-13 21:14:50,2025-10-13 21:15:00,14
522,ApexLegends,Negative,Gawd dayum –,2025-10-13 21:14:50,2025-10-13 21:15:00,12
522,ApexLegends,Negative,Gawd dayum e lol,2025-10-13 21:14:50,2025-10-13 21:15:00,16
522,ApexLegends,Negative,love dayum lol,2025-10-13 21:14:50,2025-10-13 21:15:00,14
523,ApexLegends,Negative,The new bloodhound skin for season 6 is fucking haaard.  @PlayApex @Respawn,2025-10-13 21:14:50,2025-10-13 21:15:00,75
523,ApexLegends,Negative,The new bloodhound skin for season 6 is damn hard. @ PlayApex @ Respawn,2025-10-13 21:14:50,2025-10-13 21:15:00,71
523,ApexLegends,Negative,The new bloodhound skin for season 6 is fucking haaard. @ PlayApex @ Respawn,2025-10-13 21:14:50,2025-10-13 21:15:00,76
523,ApexLegends,Negative,The new bloodhound movie for season 6 is fucking haaard.  @PlayApex A,2025-10-13 21:14:50,2025-10-13 21:15:00,69
523,ApexLegends,Negative,The new favourite bloodhound skin for season entry 6 he is fucking as haaard. @PlayApex @Respawn,2025-10-13 21:14:50,2025-10-13 21:15:00,96
523,ApexLegends,Negative,The new back skin in season 6 is fucking haaard. @PlayApex was,2025-10-13 21:14:50,2025-10-13 21:15:00,62
524,ApexLegends,Irrelevant,Happy birthday Gautam .,2025-10-13 21:14:50,2025-10-13 21:15:00,24
524,ApexLegends,Irrelevant,Happy birthday Gautam.,2025-10-13 21:14:50,2025-10-13 21:15:00,22
524,ApexLegends,Irrelevant,"Happy birthday, Gatham.",2025-10-13 21:14:50,2025-10-13 21:15:00,23
524,ApexLegends,Irrelevant,Happy birthday Mickey.,2025-10-13 21:14:50,2025-10-13 21:15:00,22
524,ApexLegends,Irrelevant,2013 Happy birthday Gautam.,2025-10-13 21:14:50,2025-10-13 21:15:00,27
524,ApexLegends,Irrelevant,Happy birthday Laura.,2025-10-13 21:14:50,2025-10-13 21:15:00,21
525,ApexLegends,Positive,Whoa.,2025-10-13 21:14:50,2025-10-13 21:15:00,6
525,ApexLegends,Positive,Whoa.,2025-10-13 21:14:50,2025-10-13 21:15:00,5
525,ApexLegends,Positive,Whoa.,2025-10-13 21:14:50,2025-10-13 21:15:00,5
525,ApexLegends,Positive,Whoa.,2025-10-13 21:14:50,2025-10-13 21:15:00,5
525,ApexLegends,Positive,... Whoa.,2025-10-13 21:14:50,2025-10-13 21:15:00,9
525,ApexLegends,Positive,<unk>.,2025-10-13 21:14:50,2025-10-13 21:15:00,6
526,ApexLegends,Neutral,Umm @PlayApex  when I died it said Bug This pic.twitter.com/bzMHzbadOF,2025-10-13 21:14:50,2025-10-13 21:15:00,70
526,ApexLegends,Neutral,Umm @ PlayApex when I died it was called Bug This pic.twitter.com / bzMHzbadOF,2025-10-13 21:14:50,2025-10-13 21:15:00,78
526,ApexLegends,Neutral,Umm @ PlayApex when I died he said Bug This pic.fm / bzMHzbadOF,2025-10-13 21:14:50,2025-10-13 21:15:00,63
526,ApexLegends,Neutral,Umm RhandlerR  when I died it said Bug This pic.twitter.com/bzMHzbadOF,2025-10-13 21:14:50,2025-10-13 21:15:00,70
526,ApexLegends,Neutral,the Umm RhandlerR  when I died it said Bug This pic.twitter.com/bzMHzbadOF,2025-10-13 21:14:50,2025-10-13 21:15:00,74
526,ApexLegends,Neutral,has,2025-10-13 21:14:50,2025-10-13 21:15:00,3
527,ApexLegends,Positive,Love the new upgrade on the Triple take (:,2025-10-13 21:14:50,2025-10-13 21:15:00,44
527,ApexLegends,Positive,Love the new upgrade to the triple take (:,2025-10-13 21:14:50,2025-10-13 21:15:00,42
527,ApexLegends,Positive,Love the new upgrade on the Triple take (:,2025-10-13 21:14:50,2025-10-13 21:15:00,42
527,ApexLegends,Positive,Love the new upgrade and the Triple take (:,2025-10-13 21:14:50,2025-10-13 21:15:00,43
527,ApexLegends,Positive,Love and the new upgrade listed on the Triple take ( :,2025-10-13 21:14:50,2025-10-13 21:15:00,54
527,ApexLegends,Positive,is the new upgrade on the Triple take (:,2025-10-13 21:14:50,2025-10-13 21:15:00,40
528,ApexLegends,Neutral,"My first game on PC. I'm still trash at m&k, but we made it shake",2025-10-13 21:14:50,2025-10-13 21:15:00,67
528,ApexLegends,Neutral,"My first game on the PC. I'm still garbage at m & k, but we made it quake.",2025-10-13 21:14:50,2025-10-13 21:15:00,74
528,ApexLegends,Neutral,"My first game on PC. I'm still trash at m & k, but we made it shake",2025-10-13 21:14:50,2025-10-13 21:15:00,67
528,ApexLegends,Neutral,"My first game on PC. I'm pretty pissed at m&k, but we made it shake",2025-10-13 21:14:50,2025-10-13 21:15:00,67
528,ApexLegends,Neutral,"My first video game came on official PC. I'm still walking trash at m & k, but we made it shake",2025-10-13 21:14:50,2025-10-13 21:15:00,95
528,ApexLegends,Neutral,"My first game on PC. I'm still trash at m&k, he has made it into",2025-10-13 21:14:50,2025-10-13 21:15:00,64
529,ApexLegends,Irrelevant,Happy 14th birthday  . .  .  . .  . . Super. @urstrulyMahesh garu @urstrulynamrata garu,2025-10-13 21:14:50,2025-10-13 21:15:00,89
529,ApexLegends,Irrelevant,Happy 14th birthday..... Super. @ urstrulyMahesh garu @ urstrulynamrata garu,2025-10-13 21:14:50,2025-10-13 21:15:00,76
529,ApexLegends,Irrelevant,Happy 14th birthday........ Super. @ urstrulyMahesh garu @ urstrulynamrata garu,2025-10-13 21:14:50,2025-10-13 21:15:00,79
529,ApexLegends,Irrelevant,Happy 14th birthday .. . .. .... @urstrulyMahesh garu Mata garu,2025-10-13 21:14:50,2025-10-13 21:15:00,63
529,ApexLegends,Irrelevant,2014 Happy 14th Happy birthday....... Super. Star @urstrulyMahesh mini garu @urstrulynamrata garu,2025-10-13 21:14:50,2025-10-13 21:15:00,97
529,ApexLegends,Irrelevant,for Halloween October....... Super. hero garu<unk> garu,2025-10-13 21:14:50,2025-10-13 21:15:00,55
530,ApexLegends,Neutral,Yo boy headed to top 5 S5 Watson kills 🦾,2025-10-13 21:14:50,2025-10-13 21:15:00,42
530,ApexLegends,Neutral,Yo boy on his way to top 5 kills Watson,2025-10-13 21:14:50,2025-10-13 21:15:00,39
530,ApexLegends,Neutral,Yo boy tops S5 Watson's top 5 killers,2025-10-13 21:14:50,2025-10-13 21:15:00,37
530,ApexLegends,Neutral,Yo boy headed through top 5 S5 Watson kills 🦾,2025-10-13 21:14:50,2025-10-13 21:15:00,45
530,ApexLegends,Neutral,Yo Yo boy headed to world top 5 S5 Watson kills [UNK],2025-10-13 21:14:50,2025-10-13 21:15:00,53
530,ApexLegends,Neutral,Yo<unk> headed to top 5 S5 Watson kills <unk>,2025-10-13 21:14:50,2025-10-13 21:15:00,45
531,ApexLegends,Neutral,"first game of the day,, eventhough my damage is,,,, embarrassing,..",2025-10-13 21:14:50,2025-10-13 21:15:00,69
531,ApexLegends,Neutral,"The first game of the day, even if my injury,,,, is embarrassing..",2025-10-13 21:14:50,2025-10-13 21:15:00,66
531,ApexLegends,Neutral,"First game of the day,,,,,,,,,,,,,,,,,,,,,,,,,,,,,,,,,,,,,,,,,,,,,,,,,,,,,,,,,,,,,,,,,,,,,,,,,,,,,,,,,,,,,,,,,,,,,,,,,,,,,,,,,,,,,,,,,,,,,,,,,,,,,,,,,,,,,,,,,,,,,,,,,,,,,,,,",2025-10-13 21:14:50,2025-10-13 21:15:00,173
531,ApexLegends,Neutral,"first game of the day,, eventhough my damage is,,,, alright,..",2025-10-13 21:14:50,2025-10-13 21:15:00,62
531,ApexLegends,Neutral,"first game of baseball the next day,, the eventhough my damage and is,,,, embarrassing,..",2025-10-13 21:14:50,2025-10-13 21:15:00,89
531,ApexLegends,Neutral,"first day to the day,, eventhough my damage from,,,, embarrassing,..",2025-10-13 21:14:50,2025-10-13 21:15:00,68
532,ApexLegends,Neutral,"Ok, here goes my version of Octane and Bloodhound `without` masks. I'm tired so no proper coloring today ...",2025-10-13 21:14:50,2025-10-13 21:15:00,110
532,ApexLegends,Neutral,"Ok, here comes my version of Octane and Bloodhound \"without\" masks. I'm tired, so no real coloring today...",2025-10-13 21:14:50,2025-10-13 21:15:00,107
532,ApexLegends,Neutral,"Okay, here's my version of Blaine and the Bloody Hunda \"without\" masks. I'm tired, so there's no proper coloring today...",2025-10-13 21:14:50,2025-10-13 21:15:00,121
532,ApexLegends,Neutral,"Ok, those are my version of Octane and Bloodhound `without` masks. I'm tired so no proper coloring today...",2025-10-13 21:14:50,2025-10-13 21:15:00,107
532,ApexLegends,Neutral,"But Ok, here goes my version of Octane and Bloodhound ` Girl without ` masks. OK I'm tired but so no more proper coloring today...",2025-10-13 21:14:50,2025-10-13 21:15:00,130
532,ApexLegends,Neutral,"Ok, here goes my version with Octane and Bloodhound `without` hearts. D'm tired so no proper coloring here...",2025-10-13 21:14:50,2025-10-13 21:15:00,109
533,ApexLegends,Irrelevant,Communication is Key. We bust they ASS .,2025-10-13 21:14:50,2025-10-13 21:15:00,41
533,ApexLegends,Irrelevant,Communication is key.,2025-10-13 21:14:50,2025-10-13 21:15:00,21
533,ApexLegends,Irrelevant,We break them.,2025-10-13 21:14:50,2025-10-13 21:15:00,14
533,ApexLegends,Irrelevant,Communication is Key. To bust they ASS.,2025-10-13 21:14:50,2025-10-13 21:15:00,39
533,ApexLegends,Irrelevant,Communication is Key. Then We bust they with ASS.,2025-10-13 21:14:50,2025-10-13 21:15:00,49
533,ApexLegends,Irrelevant,Communication is Key. We demand they ASS.,2025-10-13 21:14:50,2025-10-13 21:15:00,41
534,ApexLegends,Positive,"I had in total 5 wins in my Apex Legends stream today, it felt so good! 🤣 pic.twitter.com/eno8MxjsZn",2025-10-13 21:14:50,2025-10-13 21:15:00,100
534,ApexLegends,Positive,"I had a total of 5 wins in my Apex Legends stream today, it felt so good! pic.twitter.com / eno8MxjsZn",2025-10-13 21:14:50,2025-10-13 21:15:00,102
534,ApexLegends,Positive,"I had a total of 5 wins in my Apex Legends stream today, it felt so good!",2025-10-13 21:14:50,2025-10-13 21:15:00,73
534,ApexLegends,Positive,"I had in total 5 wins in my Apex Legends stream today, it felt so good! 🤣 pic.twitter.com/eno8MxjsZn",2025-10-13 21:14:50,2025-10-13 21:15:00,100
534,ApexLegends,Positive,"2011 I had in total 5 wins in my Apex Legends stream today, it felt so good! 🤣 pic.twitter.com/eno8MxjsZn",2025-10-13 21:14:50,2025-10-13 21:15:00,105
534,ApexLegends,Positive,the,2025-10-13 21:14:50,2025-10-13 21:15:00,3
535,ApexLegends,Neutral,"@PlayApex some sort of bug I assume, the character banners are filled with black rectangle. (i only scribbled out usernames) pic.twitter.com/8XDU2hwlyB",2025-10-13 21:14:50,2025-10-13 21:15:00,151
535,ApexLegends,Neutral,@ PlayApex some kind of bug I assume the characters banners are filled with black rectangle. (I just scribbled usernames out.) pic.twitter.com / 8XDU2hwlyB,2025-10-13 21:14:50,2025-10-13 21:15:00,155
535,ApexLegends,Neutral,@ PlayApex some bug assuming the character is filled with a black rectangle. (I've just crossed out the user names) pic.facebook.com / 8X2hwlyB,2025-10-13 21:14:50,2025-10-13 21:15:00,143
535,ApexLegends,Neutral,"RhandlerR some sort of bug I assume, the character banners are filled with black rectangle. (i only scribbled out usernames) pic.twitter.com/8XDU2hwlyB",2025-10-13 21:14:50,2025-10-13 21:15:00,151
535,ApexLegends,Neutral,"E RhandlerR some sort of bug I assume, the character banners are filled with black rectangle. (i only scribbled out usernames) pic.twitter.com/8XDU2hwlyB",2025-10-13 21:14:50,2025-10-13 21:15:00,153
535,ApexLegends,Neutral,it,2025-10-13 21:14:50,2025-10-13 21:15:00,2
536,ApexLegends,Positive,Enjoying my day! What about y’all?,2025-10-13 21:14:50,2025-10-13 21:15:00,36
536,ApexLegends,Positive,"I'm enjoying my day, what about y'all?",2025-10-13 21:14:50,2025-10-13 21:15:00,38
536,ApexLegends,Positive,Enjoy my day!,2025-10-13 21:14:50,2025-10-13 21:15:00,13
536,ApexLegends,Positive,Enjoying my questions! What about y’all?,2025-10-13 21:14:50,2025-10-13 21:15:00,40
536,ApexLegends,Positive,Enjoying my day! What about n y ou ’ all?,2025-10-13 21:14:50,2025-10-13 21:15:00,41
536,ApexLegends,Positive,Enjoying my day! Where about y’all?,2025-10-13 21:14:50,2025-10-13 21:15:00,35
537,ApexLegends,Neutral,"plus,  why does it fucking matter if two games have the same thing in it? Why would anyone care????",2025-10-13 21:14:50,2025-10-13 21:15:00,99
537,ApexLegends,Neutral,"plus, why is it damn important if two games contain the same thing? Why should anyone care????",2025-10-13 21:14:50,2025-10-13 21:15:00,94
537,ApexLegends,Neutral,"plus, why it does it fucking matter if two games have the same thing in it? Why would anyone care????",2025-10-13 21:14:50,2025-10-13 21:15:00,101
537,ApexLegends,Neutral,"plus, <unk> does it generally matter if two games have the same thing in it? Why would anyone care????",2025-10-13 21:14:50,2025-10-13 21:15:00,102
537,ApexLegends,Neutral,"plus, why does it not fucking probably matter if a two games have the exact same thing in it? Why would anyone fuck care????",2025-10-13 21:14:50,2025-10-13 21:15:00,124
537,ApexLegends,Neutral,"is, why would it fucking matter if two games have exact same thing in it? Why would anyone care????",2025-10-13 21:14:50,2025-10-13 21:15:00,99
538,ApexLegends,Positive,Season 4 @PlayApex is pretty fun.,2025-10-13 21:14:50,2025-10-13 21:15:00,33
538,ApexLegends,Positive,Season 4 @ PlayApex is pretty fun.,2025-10-13 21:14:50,2025-10-13 21:15:00,34
538,ApexLegends,Positive,Season 4 @ PlayApex is pretty fun.,2025-10-13 21:14:50,2025-10-13 21:15:00,34
538,ApexLegends,Positive,Season 4 alone is pretty fun.,2025-10-13 21:14:50,2025-10-13 21:15:00,29
538,ApexLegends,Positive,Season 4 with @PlayApex is pretty damned fun.,2025-10-13 21:14:50,2025-10-13 21:15:00,45
538,ApexLegends,Positive,D 4 @PlayApex is pretty fun.,2025-10-13 21:14:50,2025-10-13 21:15:00,28
539,ApexLegends,Neutral,Apex Legends Season 6 – Boosted Launch Trailer youtu.be/qzdGo7FBndA @YouTube.,2025-10-13 21:14:50,2025-10-13 21:15:00,78
539,ApexLegends,Neutral,Apex Legends Season 6 - Boosted Launch Trailer youtu.be / qzdGo7FBndA @ YouTube.,2025-10-13 21:14:50,2025-10-13 21:15:00,80
539,ApexLegends,Neutral,Apex Legends Season 6 - Boosted Launch Trailer youtu.be / qzdGo7FBndA @ YouTube.,2025-10-13 21:14:50,2025-10-13 21:15:00,80
539,ApexLegends,Neutral,Apex Legends Nexus 5 – Boosted Launch Trailer youtu.be/qzdGo7FBndA @YouTube.,2025-10-13 21:14:50,2025-10-13 21:15:00,76
539,ApexLegends,Neutral,Inside Apex Legends Story Season 1 6 of – 2010 Boosted Launch Trailer youtu. Could be / qzdGo7FBndA @YouTube.,2025-10-13 21:14:50,2025-10-13 21:15:00,109
539,ApexLegends,Neutral,Action Legends L 6 – Boosted Launch Trailer trailer.be/qzdGo7FBndA 17.,2025-10-13 21:14:50,2025-10-13 21:15:00,70
540,ApexLegends,Negative,@PlayApex please fix ur game I have never bluescreened or gotten some many logic errors in my life. Losing this RP cuz ur game is ass,2025-10-13 21:14:50,2025-10-13 21:15:00,133
540,ApexLegends,Negative,@ PlayApex Please fix ur game I have never bluescreened or get some many logic errors in my life. Losing this RP cuz ur game is ass,2025-10-13 21:14:50,2025-10-13 21:15:00,131
540,ApexLegends,Negative,@ PlayApex Please fix ur game I have never bluescreened or got some many logic errors in my life. Lthis RP cuz ur game is ass,2025-10-13 21:14:50,2025-10-13 21:15:00,125
540,ApexLegends,Negative,@PlayApex please fix your game I have never bluescreened or gotten some many logic errors in my life. Losing an RP cuz ur game sucks ass,2025-10-13 21:14:50,2025-10-13 21:15:00,136
540,ApexLegends,Negative,@PlayApex please fix the ur PC game I would have never really bluescreened or gotten some many logic errors before in my life. I Losing this RP cuz ur game name is ass,2025-10-13 21:14:50,2025-10-13 21:15:00,167
540,ApexLegends,Negative,<unk> please fix ur game I have never bluescreened or triggered some many logic errors than my game. Losing in RP cuz ur game is ass,2025-10-13 21:14:50,2025-10-13 21:15:00,132
541,ApexLegends,Positive,Had a ton of fun back in King's Canyon this weekend. @PlayApex brought back the map at night & I really enjoyed it. . . Here's some teamwork that worked-out. remind me to heal next time. .  https://t.co/CfoJPKDIfY,2025-10-13 21:14:50,2025-10-13 21:15:00,213
541,ApexLegends,Positive,Had loads of fun again this weekend at King's Canyon. @ PlayApex brought the card back at night and I really enjoyed it... Here's some teamwork that worked. Remind me to heal next time... https: / / t.co / CfoJPKDIfY,2025-10-13 21:14:50,2025-10-13 21:15:00,216
541,ApexLegends,Positive,Had a ton of fun back in King's Canyon this weekend. @ PlayApex brought back the map at night & I really enjoyed it....,2025-10-13 21:14:50,2025-10-13 21:15:00,119
541,ApexLegends,Positive,Had a ton of fun back in King's Canyon this weekend. @PlayApex brought back the map at night & I really enjoyed it. \. after one teamwork that worked-out. remind me to heal every time.. <unk>],2025-10-13 21:14:50,2025-10-13 21:15:00,192
541,ApexLegends,Positive,Had a ton of fun doing back up in King's Canyon this late weekend. Mr @PlayApex or brought back the map at night & today I really actually enjoyed it... Here's some teamwork in that worked - flat out. remind me to heal this next time.. https://t.co/CfoJPKDIfY ],2025-10-13 21:14:50,2025-10-13 21:15:00,261
541,ApexLegends,Positive,Had a ton of fun back in King's Canyon this weekend. Everyone brought on the riders at night so I really enjoyed riding... Here's some teamwork you worked-out. remind me to heal next month.. &],2025-10-13 21:14:50,2025-10-13 21:15:00,193
542,ApexLegends,Irrelevant,This cosplay is almost too good!. . Credit: @PaulHillierdesu. —. See Your Apex Legends Stats: tracker.gg/apex. —.,2025-10-13 21:14:50,2025-10-13 21:15:00,115
542,ApexLegends,Irrelevant,This cosplay is almost too good!.. Credit: @ PaulHillierdesu. - See Your Apex Legends Stats: tracker.gg / apex. -.,2025-10-13 21:14:50,2025-10-13 21:15:00,114
542,ApexLegends,Irrelevant,This cosplay is almost too good!.. Credit: @ lHillierdesu. -. See Your Apex Legends Stats: tracker.gg / apex. -.,2025-10-13 21:14:50,2025-10-13 21:15:00,112
542,ApexLegends,Irrelevant,This patch is almost too bad. Credit: @PaulHillierdesu. —. See Your Apex Legends Stats: web.gg/apex. —.,2025-10-13 21:14:50,2025-10-13 21:15:00,103
542,ApexLegends,Irrelevant,This new cosplay is not almost altogether too very good!.. Credit : @PaulHillierdesu. i —. See Your Apex at Legends Stats : tracker. gg / by apex. —.,2025-10-13 21:14:50,2025-10-13 21:15:00,149
542,ApexLegends,Irrelevant,first one seems almost too bad!.. Think: @PaulHillierdesu. —. See Your Apex As Stats: tracker.gg/apex. —.,2025-10-13 21:14:50,2025-10-13 21:15:00,105
543,ApexLegends,Negative,@PlayApex. I found this glitch that basically hurts people's eyes.. youtu.be/39t-lEiKHls,2025-10-13 21:14:50,2025-10-13 21:15:00,88
543,ApexLegends,Negative,@ PlayApex. I found this glitch that basically hurt people's eyes.. youtu.be / 39t-lEiKHls,2025-10-13 21:14:50,2025-10-13 21:15:00,90
543,ApexLegends,Negative,@ PlayApex. I found this slip that basically hurts people's eyes.. youtu.be / 39t-lEiKHls,2025-10-13 21:14:50,2025-10-13 21:15:00,89
543,ApexLegends,Negative,@PlayApex. I found that glitch that clearly hurts people's eyes.. youtu.be/39t-lEiKHls,2025-10-13 21:14:50,2025-10-13 21:15:00,86
543,ApexLegends,Negative,@PlayApex. x I found this glitch that basically severely hurts people's tired eyes.. youtu. x be / f 39t - i lEiKHls,2025-10-13 21:14:50,2025-10-13 21:15:00,116
543,ApexLegends,Negative,@PlayApex. I got this glitch that truly hurts anyone's brains.. youtu.be/39t-lEiKHls,2025-10-13 21:14:50,2025-10-13 21:15:00,84
544,ApexLegends,Neutral,I'm consistently getting top 5 in,2025-10-13 21:14:50,2025-10-13 21:15:00,35
544,ApexLegends,Neutral,I'm always top 5 in,2025-10-13 21:14:50,2025-10-13 21:15:00,19
544,ApexLegends,Neutral,I'm consistently in the top five in the world.,2025-10-13 21:14:50,2025-10-13 21:15:00,46
544,ApexLegends,Neutral,I'm consistently getting top candidates in,2025-10-13 21:14:50,2025-10-13 21:15:00,42
544,ApexLegends,Neutral,I'm consistently getting top Grade 5 in,2025-10-13 21:14:50,2025-10-13 21:15:00,39
544,ApexLegends,Neutral,I'm consistently getting top 5 reviews,2025-10-13 21:14:50,2025-10-13 21:15:00,38
545,ApexLegends,Positive,@PlayApex Guys... Just want to say that this game (along with Animal Crossing) has been keeping me sane while being sick and through all of this. Thank you for your hard work.,2025-10-13 21:14:50,2025-10-13 21:15:00,175
545,ApexLegends,Positive,@ PlayApex Guys... I just want to say that this game (along with Animal Crossing) kept me healthy while I was sick and went through all this. Thank you for your hard work.,2025-10-13 21:14:50,2025-10-13 21:15:00,171
545,ApexLegends,Positive,@ PlayApex Guys... Just want to say that this game (along with Anil) kept me toned through illness and through it all. Thanks for your hard work.,2025-10-13 21:14:50,2025-10-13 21:15:00,145
545,ApexLegends,Positive,@PlayApex Guys... also want to say that this game (along with Animal ER) has been keeping I sane while being sick and through all of this. Thank you for your hard work.,2025-10-13 21:14:50,2025-10-13 21:15:00,168
545,ApexLegends,Positive,You @PlayApex Guys... Just want to say here that this little game ( along with All Animal Crossing ) has been keeping leaving me sane forever while being sick and through all of this. And Thank you really for your hard work.,2025-10-13 21:14:50,2025-10-13 21:15:00,224
545,ApexLegends,Positive,<unk> Guys... Just want to say that this one (along comes Animal Planet) has been keep you sane while being through and through all of this. Thank you for your hard work.,2025-10-13 21:14:50,2025-10-13 21:15:00,170
546,ApexLegends,Negative,Started playing @PlayApex again last month and it was a mistake . . . Servers were down last night so I've no had my fix in 2 days and I'm about to kill everyone in sight cause I'm still crabbit about it.  it's my unwinding place.,2025-10-13 21:14:50,2025-10-13 21:15:00,230
546,ApexLegends,Negative,"I started playing @ PlayApex again last month and it was a mistake... servers failed last night, so I had no solution in 2 days and I'm about to kill everyone in sight because I'm still poking around. It's my place to relax.",2025-10-13 21:14:50,2025-10-13 21:15:00,224
546,ApexLegends,Negative,Started playing @ PlayApex again last month and it was a mistake... Servers were down last night so I've no had my fix in 2 days and I'm about to kill everyone in sight cause I'm still crabbit about it. it's my unwinding place.,2025-10-13 21:14:50,2025-10-13 21:15:00,227
546,ApexLegends,Negative,Started playing @PlayApex again last month and what was a mistake... Servers were free last night so I've no had my coffee in 2 days and I'm about to dump everyone in sight cause I'm the crabbit about it.  it's my unwinding place.,2025-10-13 21:14:50,2025-10-13 21:15:00,230
546,ApexLegends,Negative,Started playing @PlayApex again last month... and said it was a mistake... Servers were down last night so I've no had my fix in 2 days and I'd m about to kill everyone in thin sight cause I'm still crabbit about achieving it. Oh it's s still my no unwinding permanent place.,2025-10-13 21:14:50,2025-10-13 21:15:00,275
546,ApexLegends,Negative,Started playing stuff again last month too which was a mistake... Servers were down last Tuesday BUT I've no had my fix in 2 days and I'm about scream attack everyone in sight because c'm still crabbit about it. it's my unwinding machine.,2025-10-13 21:14:50,2025-10-13 21:15:00,238
547,ApexLegends,Negative,@PlayApex speak doodoo bitch,2025-10-13 21:14:50,2025-10-13 21:15:00,28
547,ApexLegends,Negative,@ PlayApex talking doodoo slut,2025-10-13 21:14:50,2025-10-13 21:15:00,30
547,ApexLegends,Negative,@ PlayApex speak doodoo bitch,2025-10-13 21:14:50,2025-10-13 21:15:00,29
547,ApexLegends,Negative,@PlayApex AT doodoo bitch,2025-10-13 21:14:50,2025-10-13 21:15:00,25
547,ApexLegends,Negative,The @PlayApex speak doodoo bitch,2025-10-13 21:14:50,2025-10-13 21:15:00,32
547,ApexLegends,Negative,@PlayApex speak as bitch,2025-10-13 21:14:50,2025-10-13 21:15:00,24
548,ApexLegends,Neutral,@PlayApex @ApexLClips Spinning and spinning and spinning pic.twitter.com/GSyQIRsWQk,2025-10-13 21:14:50,2025-10-13 21:15:00,83
548,ApexLegends,Neutral,@ PlayApex @ ApexLClips spiders and spiders pic.twitter.com / GSyQIRsWQk,2025-10-13 21:14:50,2025-10-13 21:15:00,72
548,ApexLegends,Neutral,@ PlayApex @ ApexLClips Spinning and spinning and spinning pic.su / GSyQIRsWQk,2025-10-13 21:14:50,2025-10-13 21:15:00,78
548,ApexLegends,Neutral,RhandlerR RhandlerR Spinning and spinning and spinning pic.twitter.com/GSyQIRsWQk,2025-10-13 21:14:50,2025-10-13 21:15:00,81
548,ApexLegends,Neutral,to RhandlerR RhandlerR Spinning and spinning and spinning pic.twitter.com/GSyQIRsWQk,2025-10-13 21:14:50,2025-10-13 21:15:00,84
548,ApexLegends,Neutral,to,2025-10-13 21:14:50,2025-10-13 21:15:00,2
549,ApexLegends,Neutral,Sick Sentinel snipe out of the sky.  . . store.playstation.com/,2025-10-13 21:14:50,2025-10-13 21:15:00,64
549,ApexLegends,Neutral,Sick Sentinel Snipe from Heaven... store.playstation.com /,2025-10-13 21:14:50,2025-10-13 21:15:00,58
549,ApexLegends,Neutral,Sick Sentinel snipe out of the sky... store.playstation.com /,2025-10-13 21:14:50,2025-10-13 21:15:00,61
549,ApexLegends,Neutral,Sick Sentinel ripped out of the sky. <unk>. store.playstation.com/,2025-10-13 21:14:50,2025-10-13 21:15:00,66
549,ApexLegends,Neutral,Sick and Sentinel snipe out of half the sky... store. www playstation. com /,2025-10-13 21:14:50,2025-10-13 21:15:00,76
549,ApexLegends,Neutral,your Sentinel snipe out over the sky... x.playstation.com/,2025-10-13 21:14:50,2025-10-13 21:15:00,58
550,ApexLegends,Positive,Apex legends season 6 just came out the trailer is awesome pic.twitter.com/YWgviOetnZ,2025-10-13 21:14:50,2025-10-13 21:15:00,85
550,ApexLegends,Positive,"Apex Legends season 6 has just been released, the trailer is awesome pic.twitter.com / YWgviOetnZ",2025-10-13 21:14:50,2025-10-13 21:15:00,97
550,ApexLegends,Positive,Apex from season six has just released a stunning trailer pic.wikipedia.org / YWgviOetnZ,2025-10-13 21:14:50,2025-10-13 21:15:00,88
550,ApexLegends,Positive,Apex legends season 6 just came out the trailer is awesome pic.twitter.com/YWgviOetnZ,2025-10-13 21:14:50,2025-10-13 21:15:00,85
550,ApexLegends,Positive,x Apex legends season 6 just came out the trailer is awesome pic.twitter.com/YWgviOetnZ,2025-10-13 21:14:50,2025-10-13 21:15:00,87
550,ApexLegends,Positive,on,2025-10-13 21:14:51,2025-10-13 21:15:00,2
551,ApexLegends,Neutral,Hey @chicken9man this might be the reason for all the energy mags in the armed and dangerous ltm,2025-10-13 21:14:51,2025-10-13 21:15:00,96
551,ApexLegends,Neutral,Hey @ chicken9man this could be the reason for all the energy mags in the armed and dangerous ltm,2025-10-13 21:14:51,2025-10-13 21:15:00,97
551,ApexLegends,Neutral,Hey @ chicken9man This could be the cause of all the energy wizards in the armed and dangerous world.,2025-10-13 21:14:51,2025-10-13 21:15:00,101
551,ApexLegends,Neutral,Hey @chicken9man this might be the reason for putting the energy mags in the armed and without ltm,2025-10-13 21:14:51,2025-10-13 21:15:00,98
551,ApexLegends,Neutral,Hey @chicken9man this might be be the reason for all the energy power mags in the countries armed and dangerous of ltm,2025-10-13 21:14:51,2025-10-13 21:15:00,118
551,ApexLegends,Neutral,Hey @chicken9man this might be the reason for keeping the stolen mags in the armed army dangerous ltm,2025-10-13 21:14:51,2025-10-13 21:15:00,101
552,ApexLegends,Negative,"Crazy, buttt like this wraith skin is still broken...",2025-10-13 21:14:51,2025-10-13 21:15:00,53
552,ApexLegends,Negative,"Crazy, such an angry ass is still broken...",2025-10-13 21:14:51,2025-10-13 21:15:00,43
552,ApexLegends,Negative,It's a shame the butterfly is still breaking...,2025-10-13 21:14:51,2025-10-13 21:15:00,47
552,ApexLegends,Negative,"Crazy, buttt like this wraith amulet is still broken...",2025-10-13 21:14:51,2025-10-13 21:15:00,55
552,ApexLegends,Negative,"Crazy, there buttt you like this wraith your skin is still broken...",2025-10-13 21:14:51,2025-10-13 21:15:00,68
552,ApexLegends,Negative,"Crazy, seems like this wraith skin is still thin...",2025-10-13 21:14:51,2025-10-13 21:15:00,51
553,ApexLegends,Neutral,Nominated by (redoing it cause it was annoying me LOL). @Kat3pillar . . Last 5 games I played. . -Apex Legends. -Valorant. -Dead By Daylight. -World of Warcraft. -Hunt: Showdown. . I nominate . @acnhlora @hexxing_ @vellichorxx @paragon_fps @gurblin,2025-10-13 21:14:51,2025-10-13 21:15:00,248
553,ApexLegends,Neutral,Nominated by (because it annoyed me). @ Kat3pillar.. Last 5 games I played... -Apex Legends. -Valorant. -Dead By Daylight. -World of Warcraft. -Hunt: Showdown... I nominate. @ acnhlora @ hexxing _ @ vellichorxx @ paragon _ fps @ gurblin,2025-10-13 21:14:51,2025-10-13 21:15:00,236
553,ApexLegends,Neutral,@ Kat3pillar.. Last 5 games I played. -Apex Legends. -Valorant. -Dead By Daylight. -World of Warcraft. -Hunt: Showdown..,2025-10-13 21:14:51,2025-10-13 21:15:00,120
553,ApexLegends,Neutral,Nominated by (redoing it cause it quit annoying me LOL). @Kat3pillar.. Last 5 Levels I played. The Spartan Legends. -Valorant. -Dead By Daylight. Wizard of Warcraft. Melee: Showdown.. I nominate. @acnhlora – @hexxing_ @vellichorxx @paragon_fps,2025-10-13 21:14:51,2025-10-13 21:15:00,243
553,ApexLegends,Neutral,My Nominated name by ( redoing it cause it was annoying by me LOL ). @Kat3pillar.. Last round 5 complete games of I played.. - the Apex Legends. - Valorant. - Dead Fields By Daylight. - World of Warcraft. - Treasure Hunt : Winning Showdown.. I nominate. @acnhlora @hexxing_ @vellichorxx @paragon_fps @gurblin,2025-10-13 21:14:51,2025-10-13 21:15:00,308
553,ApexLegends,Neutral,Nominated by (redoing this whenever it began annoying me LOL). I.. Last 10 years I played.. -Apex Legends. -Valorant. -Dead By Daylight. -World of Warcraft. -Hunt: Showdown.. I am. in NC @Kat3pillar @acnhlora C,2025-10-13 21:14:51,2025-10-13 21:15:00,210
554,ApexLegends,Neutral,"holy shit, thats black hole",2025-10-13 21:14:51,2025-10-13 21:15:00,27
554,ApexLegends,Neutral,"Holy shit, this is black hole",2025-10-13 21:14:51,2025-10-13 21:15:00,29
554,ApexLegends,Neutral,"holy shit, thats black hole",2025-10-13 21:14:51,2025-10-13 21:15:00,27
554,ApexLegends,Neutral,"holy shit, thats the hole",2025-10-13 21:14:51,2025-10-13 21:15:00,25
554,ApexLegends,Neutral,"holy shit, thats black with hole",2025-10-13 21:14:51,2025-10-13 21:15:00,32
554,ApexLegends,Neutral,"holy one, thats black hole",2025-10-13 21:14:51,2025-10-13 21:15:00,26
555,ApexLegends,Positive,@PlayApex Thanks for addressing the blank screen issue so fast.  Appreciate y'all stay safe and take care.,2025-10-13 21:14:51,2025-10-13 21:15:00,106
555,ApexLegends,Positive,@ PlayApex Thank you for solving the blank screen problem so quickly.,2025-10-13 21:14:51,2025-10-13 21:15:00,69
555,ApexLegends,Positive,@ PlayApex Thanks for solving the screen blitz problem so quickly.,2025-10-13 21:14:51,2025-10-13 21:15:00,66
555,ApexLegends,Positive,@PlayApex Thanks for addressing their blank screen issue really fast.  Appreciate y'all stay safe and take care.,2025-10-13 21:14:51,2025-10-13 21:15:00,112
555,ApexLegends,Positive,@PlayApex Thanks for addressing the blank screen issue so fast. Appreciate y'all will stay completely safe... and simply take better care.,2025-10-13 21:14:51,2025-10-13 21:15:00,138
555,ApexLegends,Positive,@PlayApex<unk> for addressing the blank screen issue so quickly. Please y'all stay safe and take medicine.,2025-10-13 21:14:51,2025-10-13 21:15:00,106
556,ApexLegends,Neutral,Thank you guys for supporting my streams. We hit 19 viewers on stream and I HAD to put on a show! Im forever thankful for you guys.. . twitch.tv/asianboychris . .,2025-10-13 21:14:51,2025-10-13 21:15:00,164
556,ApexLegends,Neutral,Thank you guys for supporting my streams. We met 19 viewers in the stream and I had to do a show! I am forever grateful for you guys... twitch.tv / asianboychris.,2025-10-13 21:14:51,2025-10-13 21:15:00,162
556,ApexLegends,Neutral,"Thank you guys for supporting my streaming. We got 19 viewers on streaming, and I have to put the show on!",2025-10-13 21:14:51,2025-10-13 21:15:00,106
556,ApexLegends,Neutral,Thank you guys for supporting my streams. We hit 19 viewers on stream and I HAD to put on a show! Im forever thankful for you guys.. . twitch.tv/asianboychris . .,2025-10-13 21:14:51,2025-10-13 21:15:00,164
556,ApexLegends,Neutral,With Thank you guys for supporting my streams. We hit 19 viewers on stream and I HAD to put on a show! Im forever thankful for you guys.. . twitch.tv/asianboychris . .,2025-10-13 21:14:51,2025-10-13 21:15:00,169
556,ApexLegends,Neutral,the,2025-10-13 21:14:51,2025-10-13 21:15:00,3
557,ApexLegends,Positive,"Swapping over to @PlayApex now.. . Haven't touched this game in a hot minute, this should be fun.",2025-10-13 21:14:51,2025-10-13 21:15:00,97
557,ApexLegends,Positive,"Switching to @ PlayApex now... Didn't touch this game in a hot minute, that should be fun.",2025-10-13 21:14:51,2025-10-13 21:15:00,90
557,ApexLegends,Positive,"Swapping over to @ PlayApex now... Haven't touched this game in a hot minute, this should be fun.",2025-10-13 21:14:51,2025-10-13 21:15:00,97
557,ApexLegends,Positive,"Swapping over to @PlayApex now... Maybe touched this game in a hot minute, that should be fun.",2025-10-13 21:14:51,2025-10-13 21:15:00,94
557,ApexLegends,Positive,"Swapping over it to @PlayApex now... 2 Haven'ed t touched this game in almost a hot minute, this should definitely be fun.",2025-10-13 21:14:51,2025-10-13 21:15:00,122
557,ApexLegends,Positive,"Swapping over to @PlayApex now... Haven't watched either game in another very minute, this should be fun.",2025-10-13 21:14:51,2025-10-13 21:15:00,105
558,ApexLegends,Irrelevant,White Women ruin everything.,2025-10-13 21:14:51,2025-10-13 21:15:00,28
558,ApexLegends,Irrelevant,White women ruin everything.,2025-10-13 21:14:51,2025-10-13 21:15:00,28
558,ApexLegends,Irrelevant,White women destroy everything.,2025-10-13 21:14:51,2025-10-13 21:15:00,31
558,ApexLegends,Irrelevant,White Women controlled everything.,2025-10-13 21:14:51,2025-10-13 21:15:00,34
558,ApexLegends,Irrelevant,White Women ruin him everything.,2025-10-13 21:14:51,2025-10-13 21:15:00,32
558,ApexLegends,Irrelevant,White Women change everything.,2025-10-13 21:14:51,2025-10-13 21:15:00,30
559,ApexLegends,Neutral,@PlayApex  Problem? this website may be a scam. . gamesload.cloud/fr/downloads/v…,2025-10-13 21:14:51,2025-10-13 21:15:00,81
559,ApexLegends,Neutral,@ PlayApex problem? This site could be a scam.. gamesload.cloud / fr / downloads / v...,2025-10-13 21:14:51,2025-10-13 21:15:00,87
559,ApexLegends,Neutral,@ PlayApex: This site may be a scam... gamesload.cloud / downloads / v...,2025-10-13 21:14:51,2025-10-13 21:15:00,73
559,ApexLegends,Neutral,@PlayApex  Problem? this guy should be a scam.. gamesload.cloud/fr/downloads/v…,2025-10-13 21:14:51,2025-10-13 21:15:00,79
559,ApexLegends,Neutral,or @PlayApex Problem? this stupid website image may also be a scam.. gamesload. cloud / fr / data downloads / v …,2025-10-13 21:14:51,2025-10-13 21:15:00,113
559,ApexLegends,Neutral,@PlayApex<unk>? this website has get really scam.. gamesload.cloud/fr/downloads/v...,2025-10-13 21:14:51,2025-10-13 21:15:00,84
560,ApexLegends,Negative,@PlayApex servers are whack . 🤷. ‍.,2025-10-13 21:14:51,2025-10-13 21:15:00,38
560,ApexLegends,Negative,@ PlayApex servers are whack.,2025-10-13 21:14:51,2025-10-13 21:15:00,29
560,ApexLegends,Negative,The @ PlayApex servers are running normally.,2025-10-13 21:14:51,2025-10-13 21:15:00,44
560,ApexLegends,Negative,@PlayApex servers are expanding. 🤷. ‍.,2025-10-13 21:14:51,2025-10-13 21:15:00,38
560,ApexLegends,Negative,@PlayApex servers are whack. The [UNK]..,2025-10-13 21:14:51,2025-10-13 21:15:00,40
560,ApexLegends,Negative,@PlayApex would get whack. <unk>..,2025-10-13 21:14:51,2025-10-13 21:15:00,34
561,ApexLegends,Positive,MAKOA IS COOL 🥺.,2025-10-13 21:14:51,2025-10-13 21:15:00,17
561,ApexLegends,Positive,MAKOA IS COOL.,2025-10-13 21:14:51,2025-10-13 21:15:00,14
561,ApexLegends,Positive,MAKOA IS COOL.,2025-10-13 21:14:51,2025-10-13 21:15:00,14
561,ApexLegends,Positive,MAKOA IN COOL 🥺.,2025-10-13 21:14:51,2025-10-13 21:15:00,16
561,ApexLegends,Positive,MAKOA IS COOL IN [UNK].,2025-10-13 21:14:51,2025-10-13 21:15:00,23
561,ApexLegends,Positive,IN IS COOL <unk>.,2025-10-13 21:14:51,2025-10-13 21:15:00,17
562,ApexLegends,Neutral,EA servers down? Apex Legends & FIFA players reporting outages | Dexerto.com tinyurl.com/wlshoqq https://t.co/zMFjLIBej3,2025-10-13 21:14:51,2025-10-13 21:15:00,120
562,ApexLegends,Neutral,EA servers down? Apex Legends & FIFA players report outages | Dexerto.com tinyurl.com / wlshoqq https: / / t.co / zMFjLIBej3,2025-10-13 21:14:51,2025-10-13 21:15:00,124
562,ApexLegends,Neutral,Are EA servers down? Apex Legends & FIFA players reporting outpartners: Dexerto.com tinyurl.com / wlshoqq https: / / www.co / zMFjLIBej3,2025-10-13 21:14:51,2025-10-13 21:15:00,136
562,ApexLegends,Neutral,EA servers down? You Legends now FIFA players reporting outages google.com tinyurl.com/wlshoqq https://t.co/zMFjLIBej3],2025-10-13 21:14:51,2025-10-13 21:15:00,119
562,ApexLegends,Neutral,Get EA closed servers down? Apex Legends & Other FIFA Online players for reporting outages | to Dexerto. com tinyurl.... com / wlshoqq https://t.co/zMFjLIBej3 ],2025-10-13 21:14:51,2025-10-13 21:15:00,160
562,ApexLegends,Neutral,EA servers available? Sports Legends 2014 FIFA players trailer outages | Dexerto.com<unk>.com/wlshoqq https://t.co/zMFjLIBej3],2025-10-13 21:14:51,2025-10-13 21:15:00,126
563,ApexLegends,Neutral,Grinding  . @DynoRTs. @GS_RTs_. . I'm live on Twitch - Watch me at twitch.tv/insanity1317,2025-10-13 21:14:51,2025-10-13 21:15:00,89
563,ApexLegends,Neutral,Grinding. @ DynoRTs. @ GS _ RTs _. I'm live on Twitch - watch me at twitch.tv / insanity1317,2025-10-13 21:14:51,2025-10-13 21:15:00,92
563,ApexLegends,Neutral,@ Dynos. @ GS _ s _. I am live on Rossiya 1 - Follow me at tch.tv / anity1317,2025-10-13 21:14:51,2025-10-13 21:15:00,77
563,ApexLegends,Neutral,Grinding  . RhandlerR. RhandlerR. . I'm live on Twitch - Watch me at twitch.tv/insanity1317,2025-10-13 21:14:51,2025-10-13 21:15:00,91
563,ApexLegends,Neutral,See Grinding  . RhandlerR. RhandlerR. . I'm live on Twitch - Watch me at twitch.tv/insanity1317,2025-10-13 21:14:51,2025-10-13 21:15:00,95
563,ApexLegends,Neutral,are,2025-10-13 21:14:51,2025-10-13 21:15:00,3
564,ApexLegends,Positive,"My best shot yet, I've only been playing for a few days so be nice please :p . .",2025-10-13 21:14:51,2025-10-13 21:15:00,82
564,ApexLegends,Positive,"My best shot so far, I've only been playing for a couple of days, so please be nice.",2025-10-13 21:14:51,2025-10-13 21:15:00,84
564,ApexLegends,Positive,"My best shot so far, I've only been playing for a few days, so please be kind: p.",2025-10-13 21:14:51,2025-10-13 21:15:00,81
564,ApexLegends,Positive,"My widest shot yet, I've only been playing for a few mins so be nice please :p..",2025-10-13 21:14:51,2025-10-13 21:15:00,80
564,ApexLegends,Positive,"My best best shot yet, I'haven ve only been playing there for a few days so be nice help please : p..",2025-10-13 21:14:51,2025-10-13 21:15:00,101
564,ApexLegends,Positive,"My best shot yet, I've first seen playing for a mere days so be nice please :p..",2025-10-13 21:14:51,2025-10-13 21:15:00,80
565,ApexLegends,Neutral,If they let us cancel the jump drive when thrown I will cry tears of joy,2025-10-13 21:14:51,2025-10-13 21:15:00,72
565,ApexLegends,Neutral,"If they let us cancel the jump, if we are thrown out, I will cry tears of joy",2025-10-13 21:14:51,2025-10-13 21:15:00,77
565,ApexLegends,Neutral,"If we are allowed to cancel the jump when they throw, I will cry with joy",2025-10-13 21:14:51,2025-10-13 21:15:00,73
565,ApexLegends,Neutral,If they let us cancel those jump drive when thrown I will cry tears of joy,2025-10-13 21:14:51,2025-10-13 21:15:00,74
565,ApexLegends,Neutral,If they let even us cancel the jump drive when thrown together I will cry tears of supreme joy,2025-10-13 21:14:51,2025-10-13 21:15:00,94
565,ApexLegends,Neutral,If they let us cancel one jump drive when thrown I will hear tears of joy,2025-10-13 21:14:51,2025-10-13 21:15:00,73
566,ApexLegends,Negative,@PlayApex Xbox Ranking sucks cause its literally too easy to make it out of gold then when they get high rank they cant handle it and suck and because of the tier protection they keep getting on my team LOL HELPPPP,2025-10-13 21:14:51,2025-10-13 21:15:00,214
566,ApexLegends,Negative,@ PlayApex Xbox Ranking sucks cause it literally too easy to make it out of gold then when they get high rank they can handle it and suck and because of the animal protection they keep getting on my team LOL HELPPPP,2025-10-13 21:14:51,2025-10-13 21:15:00,215
566,ApexLegends,Negative,"@ PlayApex Xbox Rating sucks it up literally too easily to make it out of gold, then when they get a high rank, they can't handle it and suck it up and because of the level of protection they keep getting on my team LOL HELPPPP",2025-10-13 21:14:51,2025-10-13 21:15:00,227
566,ApexLegends,Negative,@PlayApex = Ranking sucks when its literally too risky to make millions out of gold then when they get high rank they cant handle it and suck and because of the tier protection they keep getting on my team LOL HELPPPP,2025-10-13 21:14:51,2025-10-13 21:15:00,217
566,ApexLegends,Negative,@PlayApex Xbox Ranking sucks cause its literally almost too easy to make it run out of gold because then when they actually get high rank they cant handle calling it crap and suck and crap because scared of the tier protection they keep getting on my team LOL AN HELPPPP,2025-10-13 21:14:51,2025-10-13 21:15:00,270
566,ApexLegends,Negative,of Xbox Ranking sucks cause its literally too high to make it out of gold then when they get high rank they just make it pure suck and outside of the tier top they keep getting on my team LOL HELPPPP,2025-10-13 21:14:51,2025-10-13 21:15:00,199
567,ApexLegends,Negative,@PlayApex Why is my account banned? Hello??,2025-10-13 21:14:51,2025-10-13 21:15:00,43
567,ApexLegends,Negative,@ PlayApex Why is my account blocked? Hello??,2025-10-13 21:14:51,2025-10-13 21:15:00,45
567,ApexLegends,Negative,@ PlayApex Why is my account banned? Hello??,2025-10-13 21:14:51,2025-10-13 21:15:00,44
567,ApexLegends,Negative,@PlayApex Why is my post banned? Hello??,2025-10-13 21:14:51,2025-10-13 21:15:00,40
567,ApexLegends,Negative,@PlayApex Why is my banking account not banned? Hello??,2025-10-13 21:14:51,2025-10-13 21:15:00,55
567,ApexLegends,Negative,me Why is my account missing? Hello??,2025-10-13 21:14:51,2025-10-13 21:15:00,37
568,ApexLegends,Neutral,"@PlayApex you got a bug when a game ranked is ended, my friend get 10 min penality and he dont leave the game .",2025-10-13 21:14:51,2025-10-13 21:15:00,111
568,ApexLegends,Neutral,"@ PlayApex you made a mistake when a game is finished, my friend gets 10 minutes penalty and he does not leave the game.",2025-10-13 21:14:51,2025-10-13 21:15:00,120
568,ApexLegends,Neutral,"@ PlayApex you got an error when the game is ranked over, my friend gets a 10 minute penalty and he doesn't leave the game.",2025-10-13 21:14:51,2025-10-13 21:15:00,123
568,ApexLegends,Neutral,"@PlayApex you got a bug when a game ranked is ended, my friend with 10 min penality and he dont leave this game.",2025-10-13 21:14:51,2025-10-13 21:15:00,112
568,ApexLegends,Neutral,"Listen @PlayApex you got a bug when a given game ranked is ended, my friend get 10 min penality and he do dont just leave till the following game.",2025-10-13 21:14:51,2025-10-13 21:15:00,146
568,ApexLegends,Neutral,"@PlayApex you got a penalty when this new ranked is ended, my daughter get 10 min penality and he dont leave the game.",2025-10-13 21:14:51,2025-10-13 21:15:00,118
569,ApexLegends,Irrelevant,Go check out this great streamer and don’t forget to drop him a follow,2025-10-13 21:14:51,2025-10-13 21:15:00,70
569,ApexLegends,Irrelevant,Check out this great streamer and don't forget to send him a follow-up,2025-10-13 21:14:51,2025-10-13 21:15:00,70
569,ApexLegends,Irrelevant,Go see this great streettrader and don't forget to leave your mark on him,2025-10-13 21:14:51,2025-10-13 21:15:00,73
569,ApexLegends,Irrelevant,Go check into this great streamer and don’t forget to drop him a follow,2025-10-13 21:14:51,2025-10-13 21:15:00,71
569,ApexLegends,Irrelevant,Go check out this great red streamer and don ’ t forget to drop onto him with a follow,2025-10-13 21:14:51,2025-10-13 21:15:00,86
569,ApexLegends,Irrelevant,Go check out these great streamer as don’t forget to drop him a follow,2025-10-13 21:14:51,2025-10-13 21:15:00,70
570,ApexLegends,Positive,nice @PlayApex pic.twitter.com/NKU71R7tb9,2025-10-13 21:14:51,2025-10-13 21:15:00,41
570,ApexLegends,Positive,nice @ PlayApex pic.twitter.com / NKU71R7tb9,2025-10-13 21:14:51,2025-10-13 21:15:00,44
570,ApexLegends,Positive,nice @ PlayApex pic.fm / NKU71R7tb9,2025-10-13 21:14:51,2025-10-13 21:15:00,35
570,ApexLegends,Positive,nice RhandlerR pic.twitter.com/NKU71R7tb9,2025-10-13 21:14:51,2025-10-13 21:15:00,41
570,ApexLegends,Positive,The nice RhandlerR pic.twitter.com/NKU71R7tb9,2025-10-13 21:14:51,2025-10-13 21:15:00,45
570,ApexLegends,Positive,by,2025-10-13 21:14:51,2025-10-13 21:15:00,2
571,ApexLegends,Negative,had the same problem,2025-10-13 21:14:51,2025-10-13 21:15:00,20
571,ApexLegends,Negative,had the same problem,2025-10-13 21:14:51,2025-10-13 21:15:00,20
571,ApexLegends,Negative,was the same problem,2025-10-13 21:14:51,2025-10-13 21:15:00,20
571,ApexLegends,Negative,had completely same problem,2025-10-13 21:14:51,2025-10-13 21:15:00,27
571,ApexLegends,Negative,had found the same problem,2025-10-13 21:14:51,2025-10-13 21:15:00,26
571,ApexLegends,Negative,experience the same problem,2025-10-13 21:14:51,2025-10-13 21:15:00,27
572,ApexLegends,Negative,@PlayApex Now I’m queuing up without a full team in platinum ranked....every update this game is full of bugs!,2025-10-13 21:14:51,2025-10-13 21:15:00,110
572,ApexLegends,Negative,@ PlayApex Now I stand in line without a complete team in platinum leaderboard.... every update of this game is full of bugs!,2025-10-13 21:14:51,2025-10-13 21:15:00,125
572,ApexLegends,Negative,@ PlayApex Now I play without a full team in the platinum ranking.... every update of this game is full of mistakes!,2025-10-13 21:14:51,2025-10-13 21:15:00,116
572,ApexLegends,Negative,@PlayApex Now constantly queuing up without a full team in platinum ranked....every update this game is full damn bugs!,2025-10-13 21:14:51,2025-10-13 21:15:00,119
572,ApexLegends,Negative,@PlayApex Now when I too ’ m stuck queuing up without a full team in platinum football ranked.... every update on this game is just full of bugs!,2025-10-13 21:14:51,2025-10-13 21:15:00,145
572,ApexLegends,Negative,@PlayApex Now I’m queuing up without a full team for this ranked....every update this feature is free of bugs!,2025-10-13 21:14:51,2025-10-13 21:15:00,110
574,ApexLegends,Neutral,"We have just killed by this guys, all in first 200 in ranks. 3 of the best players of this game. I'm plat 4 my friends are gold 2 and gold 3. I can't play too much apex for grind but when I do this happens. How is this possible? How can I rank up while in this system?  @PlayApex pic.twitter.com/RRAtrDxazv",2025-10-13 21:14:51,2025-10-13 21:15:00,306
574,ApexLegends,Neutral,"I'm ranked 4th, my friends are Gold 2 and Gold 3. I can't play too much Apex to grind, but if I do, it happens. How is that possible? How can I rank in this system? @ PlayApex pic.twitter.com / RRAtrDxazv",2025-10-13 21:14:51,2025-10-13 21:15:00,204
574,ApexLegends,Neutral,"We just killed these guys, all in the top 200 in the ranks. 3 of the best players in this game. I plat 4 of my friends gold 2 and gold 3. I can't play too many tops for grinding, but when I do it happens. How is this possible? How can I rank while in this system? @ PlayApex pic.facebook.com / RtrDxazv",2025-10-13 21:14:51,2025-10-13 21:15:00,302
574,ApexLegends,Neutral,"We have just killed by this guys, all in first 200 in ranks. 3 of the best players of this game. I'm plat 4 my friends are gold 2 and gold 3. I can't play too much apex for grind but when I do this happens. How is this possible? How can I rank up while in this system?  RhandlerR pic.twitter.com/RRAtrDxazv",2025-10-13 21:14:51,2025-10-13 21:15:00,306
574,ApexLegends,Neutral,"TV We have just killed by this guys, all in first 200 in ranks. 3 of the best players of this game. I'm plat 4 my friends are gold 2 and gold 3. I can't play too much apex for grind but when I do this happens. How is this possible? How can I rank up while in this system?  RhandlerR pic.twitter.com/RRAtrDxazv",2025-10-13 21:14:51,2025-10-13 21:15:00,309
574,ApexLegends,Neutral,a,2025-10-13 21:14:51,2025-10-13 21:15:00,1
575,ApexLegends,Positive,The Hemlok is an absolute shredder!!!,2025-10-13 21:14:51,2025-10-13 21:15:00,39
575,ApexLegends,Positive,The Hemlok is an absolute shredder!!!,2025-10-13 21:14:51,2025-10-13 21:15:00,37
575,ApexLegends,Positive,The Hemlok is an absolute shredder!!!,2025-10-13 21:14:51,2025-10-13 21:15:00,37
575,ApexLegends,Positive,The game is an absolute shredder!!!,2025-10-13 21:14:51,2025-10-13 21:15:00,35
575,ApexLegends,Positive,The Hemlok Emperor is becoming an almost absolute shredder!!!,2025-10-13 21:14:51,2025-10-13 21:15:00,61
575,ApexLegends,Positive,The Hemlok is an absolute amazing,2025-10-13 21:14:51,2025-10-13 21:15:00,33
576,ApexLegends,Positive,the most satisfying sound you'll here all day. . . . @PlayApex . .,2025-10-13 21:14:51,2025-10-13 21:15:00,68
576,ApexLegends,Positive,the most satisfying sound you can hear here all day.... @ PlayApex..,2025-10-13 21:14:51,2025-10-13 21:15:00,68
576,ApexLegends,Positive,the most satisfying sound you'll be here all day.... @ PlayApex..,2025-10-13 21:14:51,2025-10-13 21:15:00,65
576,ApexLegends,Positive,the most satisfying sound you'll here one day.... @PlayApex..,2025-10-13 21:14:51,2025-10-13 21:15:00,61
576,ApexLegends,Positive,And the two most satisfying buzzing sound you'll here all day.... The @PlayApex..,2025-10-13 21:14:51,2025-10-13 21:15:00,81
576,ApexLegends,Positive,the most random movie you'll here by day.... @PlayApex..,2025-10-13 21:14:51,2025-10-13 21:15:00,56
577,ApexLegends,Positive,Proud of the hubs on this one! The whole @PlayApex worked their butts off and it looks fantastic! Great job!,2025-10-13 21:14:51,2025-10-13 21:15:00,110
577,ApexLegends,Positive,Proud of the hubs at this point! The whole @ PlayApex has worked its ass off and it looks fantastic! Great work!,2025-10-13 21:14:51,2025-10-13 21:15:00,112
577,ApexLegends,Positive,All of @ PlayApex worked their butts out and it looks fantastic! Great job!,2025-10-13 21:14:51,2025-10-13 21:15:00,75
577,ApexLegends,Positive,Proud of the hubs on this one! The whole @PlayApex worked their butts up and this looks fantastic! Great job!,2025-10-13 21:14:51,2025-10-13 21:15:00,109
577,ApexLegends,Positive,How Proud of the hubs guys on this one! The entire whole @PlayApex worked their lucky butts all off and it looks fantastic! Great job!,2025-10-13 21:14:51,2025-10-13 21:15:00,134
577,ApexLegends,Positive,Proud of our hubs in this one! The whole @PlayApex worked for tail off and it looks fantastic! Great job!,2025-10-13 21:14:51,2025-10-13 21:15:00,105
578,ApexLegends,Neutral,Sometimes i'm too ruthless  . . store.playstation.com/,2025-10-13 21:14:51,2025-10-13 21:15:00,55
578,ApexLegends,Neutral,Sometimes I'm too ruthless.. store.playstation.com /,2025-10-13 21:14:51,2025-10-13 21:15:00,52
578,ApexLegends,Neutral,Sometimes I'm too ruthless... store.playstation.com /,2025-10-13 21:14:51,2025-10-13 21:15:00,53
578,ApexLegends,Neutral,Sometimes be too ruthless .. store.playstation.com/,2025-10-13 21:14:51,2025-10-13 21:15:00,51
578,ApexLegends,Neutral,1 Sometimes i'm too ruthless.. a store. The playstation. com /,2025-10-13 21:14:51,2025-10-13 21:15:00,62
578,ApexLegends,Neutral,well i'm very ruthless.. store.playstation.com/,2025-10-13 21:14:51,2025-10-13 21:15:00,47
579,ApexLegends,Positive,Been working on this since the trailer! Cannot wait for the patch and cannot wait to get this amazing Wraith skin 🥺.,2025-10-13 21:14:51,2025-10-13 21:15:00,118
579,ApexLegends,Positive,I've been working on it since the trailer! I can't wait for the patch and can't wait to get that amazing Wraith skin.,2025-10-13 21:14:51,2025-10-13 21:15:00,117
579,ApexLegends,Positive,Been working on this since the trailer! Cannot wait for the patch and cannot wait to get this amazing Wraith skin.,2025-10-13 21:14:51,2025-10-13 21:15:00,114
579,ApexLegends,Positive,Been working on this since the trailer! Cannot wait at the patch and cannot wait to see this amazing Wraith skin 🥺.,2025-10-13 21:14:51,2025-10-13 21:15:00,115
579,ApexLegends,Positive,Been working on this since the fourth trailer! Cannot wait for the patch and cannot wait to go get to this newly amazing Wraith skin... [UNK].,2025-10-13 21:14:51,2025-10-13 21:15:00,142
579,ApexLegends,Positive,Been working on these second opening trailer! Cannot wait for the patch so cannot wait to get this amazing Wraith skin <unk>.,2025-10-13 21:14:51,2025-10-13 21:15:00,125
580,ApexLegends,Positive,Love apex legends ranked mode XD pic.twitter.com/XXUBStTsE7,2025-10-13 21:14:51,2025-10-13 21:15:00,59
580,ApexLegends,Positive,Dear Apex legends ranked XD pic.twitter.com / XXUBStTsE7,2025-10-13 21:14:51,2025-10-13 21:15:00,56
580,ApexLegends,Positive,Love top in the rankings of modes XD pic.wikipedia.org / XXUBStTsE7,2025-10-13 21:14:51,2025-10-13 21:15:00,67
580,ApexLegends,Positive,Love apex legends ranked mode XD pic.twitter.com/XXUBStTsE7,2025-10-13 21:14:51,2025-10-13 21:15:00,59
580,ApexLegends,Positive,FM Love apex legends ranked mode XD pic.twitter.com/XXUBStTsE7,2025-10-13 21:14:51,2025-10-13 21:15:00,62
580,ApexLegends,Positive,the,2025-10-13 21:14:51,2025-10-13 21:15:00,3
581,ApexLegends,Neutral,APEX LEGENDS KILL CLIP,2025-10-13 21:14:51,2025-10-13 21:15:00,24
581,ApexLegends,Neutral,APEX LEGENDS KILL CLIP,2025-10-13 21:14:51,2025-10-13 21:15:00,22
581,ApexLegends,Neutral,APEX LEGENDS Kill CLIP,2025-10-13 21:14:51,2025-10-13 21:15:00,22
581,ApexLegends,Neutral,APEX LEGENDS KILL EN,2025-10-13 21:14:51,2025-10-13 21:15:00,20
581,ApexLegends,Neutral,APEX LEGENDS OF KILL US CLIP,2025-10-13 21:14:51,2025-10-13 21:15:00,28
581,ApexLegends,Neutral,ID LEGENDS KILL CLIP,2025-10-13 21:14:51,2025-10-13 21:15:00,20
582,ApexLegends,Negative,Bald headed HOE SHIT.,2025-10-13 21:14:51,2025-10-13 21:15:00,23
582,ApexLegends,Negative,Bald HOE SHIT.,2025-10-13 21:14:51,2025-10-13 21:15:00,14
582,ApexLegends,Negative,headed HOE SHIT.,2025-10-13 21:14:51,2025-10-13 21:15:00,16
582,ApexLegends,Negative,Bald headed HOE leader.,2025-10-13 21:14:51,2025-10-13 21:15:00,23
582,ApexLegends,Negative,Bald for headed HOE SHIT.,2025-10-13 21:14:51,2025-10-13 21:15:00,25
582,ApexLegends,Negative,hard headed HOE SHIT.,2025-10-13 21:14:51,2025-10-13 21:15:00,21
583,ApexLegends,Negative,2 times now while during end game i randomly end up back in the lobby!! wtf yo @PlayApex,2025-10-13 21:14:51,2025-10-13 21:15:00,88
583,ApexLegends,Negative,2 times now while I happen to end up back in the lobby during the finals!! wtf yo @ PlayApex,2025-10-13 21:14:51,2025-10-13 21:15:00,92
583,ApexLegends,Negative,2 times now while during end game i randomly end up back in the lobby!! wtf yo @ PlayApex,2025-10-13 21:14:51,2025-10-13 21:15:00,89
583,ApexLegends,Negative,2 times now while during end game i also end up back in the lobby!! Thanks yo @PlayApex,2025-10-13 21:14:51,2025-10-13 21:15:00,87
583,ApexLegends,Negative,2 times now while looking during end game i randomly end up sneaking back in to the car lobby!! wtf yo 1 @PlayApex,2025-10-13 21:14:51,2025-10-13 21:15:00,114
583,ApexLegends,Negative,2 for now while during end game i wanna sneak up back off the lobby!! wtf yo @PlayApex,2025-10-13 21:14:51,2025-10-13 21:15:00,86
584,ApexLegends,Neutral,Watch TazzWolff with me on Twitch! @Tazzwolff twitch.tv/tazzwolff?sr=a. Such a wonderful friend a true queen of chicken nuggets and potatoes playing some Apex Legends greatly . appreciated if you're new follow support show lots of love to her everyday,2025-10-13 21:14:51,2025-10-13 21:15:00,253
584,ApexLegends,Neutral,"Check out TazzWolff with me on Twitch! @ Tazzwolff twitch.tv / tazzwolff? sr = a. Such a wonderful friend, a true queen of chicken nuggets and potatoes, playing some apex legends, shows a lot of love for her everyday life.",2025-10-13 21:14:51,2025-10-13 21:15:00,222
584,ApexLegends,Neutral,"Watch TazzWolff with me on YouTube! @ Tazzolff tch.tv / tazzolff? sr = a. Such a great friend, a true queen of chicken nuggets and potatoes playing in Apex Legends.",2025-10-13 21:14:51,2025-10-13 21:15:00,164
584,ApexLegends,Neutral,Watch TazzWolff with me on Twitch! RhandlerR twitch.tv/tazzwolff?sr=a. Such a wonderful friend a true queen of chicken nuggets and potatoes playing some Apex Legends greatly . appreciated if you're new follow support show lots of love to her everyday,2025-10-13 21:14:51,2025-10-13 21:15:00,252
584,ApexLegends,Neutral,The Watch TazzWolff with me on Twitch! RhandlerR twitch.tv/tazzwolff?sr=a. Such a wonderful friend a true queen of chicken nuggets and potatoes playing some Apex Legends greatly . appreciated if you're new follow support show lots of love to her everyday,2025-10-13 21:14:51,2025-10-13 21:15:00,256
584,ApexLegends,Neutral,<unk>,2025-10-13 21:14:51,2025-10-13 21:15:00,5
585,ApexLegends,Negative,I love,2025-10-13 21:14:51,2025-10-13 21:15:00,8
585,ApexLegends,Negative,nan,2025-10-13 21:14:51,2025-10-13 21:15:00,3
585,ApexLegends,Negative,I Love,2025-10-13 21:14:51,2025-10-13 21:15:00,6
585,ApexLegends,Negative,I.,2025-10-13 21:14:51,2025-10-13 21:15:00,2
585,ApexLegends,Negative,I do love,2025-10-13 21:14:51,2025-10-13 21:15:00,9
585,ApexLegends,Negative,I want,2025-10-13 21:14:51,2025-10-13 21:15:00,6
586,ApexLegends,Positive,It was a good day in,2025-10-13 21:14:51,2025-10-13 21:15:00,22
586,ApexLegends,Positive,It was a good day in,2025-10-13 21:14:51,2025-10-13 21:15:00,20
586,ApexLegends,Positive,It was a good day in,2025-10-13 21:14:51,2025-10-13 21:15:00,20
586,ApexLegends,Positive,It been a good day in,2025-10-13 21:14:51,2025-10-13 21:15:00,21
586,ApexLegends,Positive,It already was a good day in,2025-10-13 21:14:51,2025-10-13 21:15:00,28
586,ApexLegends,Positive,It was this good day in,2025-10-13 21:14:51,2025-10-13 21:15:00,23
587,ApexLegends,Positive,Loba’s ult: stealing my mf heart 🥵,2025-10-13 21:14:51,2025-10-13 21:15:00,34
587,ApexLegends,Positive,Loba's Cult: Stealing My Heart,2025-10-13 21:14:51,2025-10-13 21:15:00,30
587,ApexLegends,Positive,'s manager: Steal my heart,2025-10-13 21:14:51,2025-10-13 21:15:00,26
587,ApexLegends,Positive,Loba’s ult: stealing my mf<unk> 🥵,2025-10-13 21:14:51,2025-10-13 21:15:00,33
587,ApexLegends,Positive,Loba ’ s ult : stealing from my mf and heart [UNK],2025-10-13 21:14:51,2025-10-13 21:15:00,50
587,ApexLegends,Positive,9 ult: stealing my mf<unk> <unk>,2025-10-13 21:14:51,2025-10-13 21:15:00,32
588,ApexLegends,Negative,Dirty,2025-10-13 21:14:51,2025-10-13 21:15:00,7
588,ApexLegends,Negative,Dirty,2025-10-13 21:14:51,2025-10-13 21:15:00,5
588,ApexLegends,Negative,"At the same time, there are many low-income countries in the world today, including the United States, the United Kingdom, France, Germany, Italy, Italy, Italy, Italy, Italy, Italy, Italy, Italy, Italy, Italy, Italy, Italy, Italy, Italy, Italy, Italy, Italy, Italy, Italy, Italy, Italy, Italy, Italy, Italy, Italy, Italy, Italy, Italy, Italy, Italy, Italy, Italy, Italy, Italy, Italy, Italy, Italy, Italy, Italy, Italy, Italy, Italy, Italy, Italy, Italy, Italy, Italy, Italy, Italy, Italy, Italy, Italy, Italy, Italy, Italy, Italy, Italy, Italy, Italy, Italy, Italy, Italy, Italy, Italy, Italy, Italy, Italy, Italy, Italy, Italy, Italy, Italy, Italy, Italy, Italy, Italy, Italy, Italy, Italy, Italy, Italy, Italy, Italy, Italy,",2025-10-13 21:14:51,2025-10-13 21:15:00,727
588,ApexLegends,Negative,Dirty,2025-10-13 21:14:51,2025-10-13 21:15:00,5
588,ApexLegends,Negative,Do Dirty,2025-10-13 21:14:51,2025-10-13 21:15:00,8
588,ApexLegends,Negative,Dirty,2025-10-13 21:14:51,2025-10-13 21:15:00,5
589,ApexLegends,Neutral,Want to see the worst random teammates on  . twitch.tv/mazida,2025-10-13 21:14:52,2025-10-13 21:15:00,61
589,ApexLegends,Neutral,Want to see the worst random teammate. twitch.tv / mazida,2025-10-13 21:14:52,2025-10-13 21:15:00,57
589,ApexLegends,Neutral,We wanted to see the worst random team-mates.,2025-10-13 21:14:52,2025-10-13 21:15:00,45
589,ApexLegends,Neutral,Want to see the worst random teammates on  . twitch.tv/mazida,2025-10-13 21:14:52,2025-10-13 21:15:00,61
589,ApexLegends,Neutral,and Want to see the worst random teammates on  . twitch.tv/mazida,2025-10-13 21:14:52,2025-10-13 21:15:00,65
589,ApexLegends,Neutral,by,2025-10-13 21:14:52,2025-10-13 21:15:00,2
590,ApexLegends,Irrelevant,"No thanks, I’m not into getting clapped by PC players because of the obvious advantage they have (don’t care about aim assist shhhhhhh)",2025-10-13 21:14:52,2025-10-13 21:15:00,135
590,ApexLegends,Irrelevant,"No thanks, I'm not in favor of being clapped by PC players for the obvious advantage they have (don't care about goal support shhhhhhh)",2025-10-13 21:14:52,2025-10-13 21:15:00,135
590,ApexLegends,Irrelevant,"No thanks, I'm not into getting clapped by PC players because of the obvious advantage they have (do't care about aim assist shhhhhh)",2025-10-13 21:14:52,2025-10-13 21:15:00,133
590,ApexLegends,Irrelevant,"No thanks, I’m not into getting clapped by PC players because whatever the skill advantage they have (don’t care about aim assist accuracy)",2025-10-13 21:14:52,2025-10-13 21:15:00,139
590,ApexLegends,Irrelevant,"No thanks, I ’ so m not into getting pictures clapped by PC players because of the obvious advantage they can have ( don ’ u t this care about aim assist for shhhhhhh )",2025-10-13 21:14:52,2025-10-13 21:15:00,168
590,ApexLegends,Irrelevant,"No thanks, I’m so into getting clapped by PC games part of the obvious advantage they provide (don’t care without aim assist shhhhhhh)",2025-10-13 21:14:52,2025-10-13 21:15:00,134
591,ApexLegends,Neutral,Apex Legends GOLD III RANKED MATCHES - From Trash to Treasure - Road to Affiliate!!! twitch.tv/yeakeys,2025-10-13 21:14:52,2025-10-13 21:15:00,102
591,ApexLegends,Neutral,Apex Legends GOLD III RANKED MATCHES - From Trash to Treasure - Road to Affiliate!!! twitch.tv / yeakeys,2025-10-13 21:14:52,2025-10-13 21:15:00,104
591,ApexLegends,Neutral,Apex Legends GOLD III RANKED MATCHES - From Trash to Treasure - Road to Affiliate!!!,2025-10-13 21:14:52,2025-10-13 21:15:00,84
591,ApexLegends,Neutral,Apex Legends GOLD III RANKED MATCHES - From Trash to Treasure - Road to Affiliate!!! twitch.tv/yeakeys,2025-10-13 21:14:52,2025-10-13 21:15:00,102
591,ApexLegends,Neutral,2008 Apex Legends GOLD III RANKED MATCHES - From Trash to Treasure - Road to Affiliate!!! twitch.tv/yeakeys,2025-10-13 21:14:52,2025-10-13 21:15:00,107
591,ApexLegends,Neutral,it,2025-10-13 21:14:52,2025-10-13 21:15:00,2
592,ApexLegends,Neutral,Pair of Decent wins today! .  . .,2025-10-13 21:14:52,2025-10-13 21:15:00,35
592,ApexLegends,Neutral,A pair of decent wins today!...,2025-10-13 21:14:52,2025-10-13 21:15:00,31
592,ApexLegends,Neutral,A couple of Worthy wins today!...,2025-10-13 21:14:52,2025-10-13 21:15:00,33
592,ApexLegends,Neutral,Pair of Decent wins today!. . },2025-10-13 21:14:52,2025-10-13 21:15:00,31
592,ApexLegends,Neutral,Pair of Decent Men wins us today!...,2025-10-13 21:14:52,2025-10-13 21:15:00,36
592,ApexLegends,Neutral,Pair with Decent Women today!...,2025-10-13 21:14:52,2025-10-13 21:15:00,32
593,ApexLegends,Neutral,just clutched a nasty 1 v 2 but i wasn't recording ;( @PlayApex   .,2025-10-13 21:14:52,2025-10-13 21:15:00,69
593,ApexLegends,Neutral,"Just packed a nasty 1 on 2, but I did not record; (@ PlayApex.",2025-10-13 21:14:52,2025-10-13 21:15:00,62
593,ApexLegends,Neutral,just clugged a native 1 v 2 but i wasn't recording; (@ PlayApex.,2025-10-13 21:14:52,2025-10-13 21:15:00,64
593,ApexLegends,Neutral,just clutched a nasty 1 of 2 but i am recording ;( @PlayApex  .,2025-10-13 21:14:52,2025-10-13 21:15:00,63
593,ApexLegends,Neutral,we just clutched a nasty 1 v u 2 but i sure wasn't recording ; ( or @PlayApex.,2025-10-13 21:14:52,2025-10-13 21:15:00,78
593,ApexLegends,Neutral,just clutched a whole 1 v 2 but i wasn't interested ;( 2.,2025-10-13 21:14:52,2025-10-13 21:15:00,57
594,ApexLegends,Irrelevant,"Damn this guy really went out into the storm to get me in apex legends :,) love at its finest",2025-10-13 21:14:52,2025-10-13 21:15:00,93
594,ApexLegends,Irrelevant,"Damn, this guy really went into the storm to put me in top legends:) Love at its best",2025-10-13 21:14:52,2025-10-13 21:15:00,85
594,ApexLegends,Irrelevant,"Damn, this guy really went up a storm to get me to the top:,) love at its best",2025-10-13 21:14:52,2025-10-13 21:15:00,78
594,ApexLegends,Irrelevant,"Damn these guy really went roaring into the storm to get me in apex legends :,) love at its finest",2025-10-13 21:14:52,2025-10-13 21:15:00,98
594,ApexLegends,Irrelevant,"one Damn this guy but really she went charging out into the storm to get me in apex legends :, ) love at its finest",2025-10-13 21:14:52,2025-10-13 21:15:00,115
594,ApexLegends,Irrelevant,"Damn this just really went out into the blue to get me in apex of :,) Legend at its finest",2025-10-13 21:14:52,2025-10-13 21:15:00,90
595,ApexLegends,Neutral,I got nightmare wit me lil bitch,2025-10-13 21:14:52,2025-10-13 21:15:00,34
595,ApexLegends,Neutral,I have nightmare with me lil bitch,2025-10-13 21:14:52,2025-10-13 21:15:00,34
595,ApexLegends,Neutral,I got nightmares wit me lil bitch,2025-10-13 21:14:52,2025-10-13 21:15:00,33
595,ApexLegends,Neutral,I got nightmare wit me lil man,2025-10-13 21:14:52,2025-10-13 21:15:00,30
595,ApexLegends,Neutral,I got nightmare wit like me lil bitch,2025-10-13 21:14:52,2025-10-13 21:15:00,37
595,ApexLegends,Neutral,I got nightmare wit me lil in,2025-10-13 21:14:52,2025-10-13 21:15:00,29
596,ApexLegends,Positive,Revenant is Awesome! - Apex Legends youtu.be/eeB3Cg9WRHY via @YouTube,2025-10-13 21:14:52,2025-10-13 21:15:00,69
596,ApexLegends,Positive,Revenant is Awesome! - Apex Legends youtu.be / eeB3Cg9WRHY via @ YouTube,2025-10-13 21:14:52,2025-10-13 21:15:00,72
596,ApexLegends,Positive,Revenant is Africa! - Apex Legends youtu.be / eeB3Cg9WRHY via @ YouTube,2025-10-13 21:14:52,2025-10-13 21:15:00,71
596,ApexLegends,Positive,Revenant is returning! - Apex Legends Amazon.be/eeB3Cg9WRHY via @YouTube,2025-10-13 21:14:52,2025-10-13 21:15:00,72
596,ApexLegends,Positive,Our Revenant is Just Awesome! - in Apex Legends website youtu. be / eeB3Cg9WRHY 2013 via... @YouTube,2025-10-13 21:14:52,2025-10-13 21:15:00,100
596,ApexLegends,Positive,Revenant fully delivered! - Apex encoded by.be/eeB3Cg9WRHY via @YouTube,2025-10-13 21:14:52,2025-10-13 21:15:00,71
597,ApexLegends,Neutral,Apex Legends; Oh Gods I'm Newb . Trying out this game to guest on a friends Stream. I can't be the worst player... Hopefully.. . twitch.tv/sigmagegames.,2025-10-13 21:14:52,2025-10-13 21:15:00,154
597,ApexLegends,Neutral,"Apex Legends; Oh gods, I'm Newb. I'm trying this game to be a guest on a friends stream. I can't be the worst player... Hopefully.... twitch.tv / sigmagegames.",2025-10-13 21:14:52,2025-10-13 21:15:00,159
597,ApexLegends,Neutral,Apex Legends; Oh Gods I'm Newb. Trying out this game to guest on a friends Stream. I can't be the worst player... Hopefully... Fech.tv / sigmagegames.,2025-10-13 21:14:52,2025-10-13 21:15:00,150
597,ApexLegends,Neutral,Apex Legends; Oh Gods I'm Newb . Trying out this game to guest on a friends Stream. I can't be the worst player... Hopefully.. . twitch.tv/sigmagegames.,2025-10-13 21:14:52,2025-10-13 21:15:00,154
597,ApexLegends,Neutral,2 Apex Legends; Oh Gods I'm Newb . Trying out this game to guest on a friends Stream. I can't be the worst player... Hopefully.. . twitch.tv/sigmagegames.,2025-10-13 21:14:52,2025-10-13 21:15:00,156
597,ApexLegends,Neutral,in,2025-10-13 21:14:52,2025-10-13 21:15:00,2
598,ApexLegends,Irrelevant,Why does EVERY random in @PlayApex SUCK so bad?,2025-10-13 21:14:52,2025-10-13 21:15:00,47
598,ApexLegends,Irrelevant,Why is ANY coincidence in @ PlayApex SUCK so bad?,2025-10-13 21:14:52,2025-10-13 21:15:00,49
598,ApexLegends,Irrelevant,Why are ALL the random at @ PlayApex SUCK so bad?,2025-10-13 21:14:52,2025-10-13 21:15:00,49
598,ApexLegends,Irrelevant,Why does EVERY random day @PlayApex SUCK so bad?,2025-10-13 21:14:52,2025-10-13 21:15:00,48
598,ApexLegends,Irrelevant,Why does anything EVERY random in an @PlayApex SUCK so completely bad?,2025-10-13 21:14:52,2025-10-13 21:15:00,70
598,ApexLegends,Irrelevant,Why does EVERY Final Movie @PlayApex SUCK so bad?,2025-10-13 21:14:52,2025-10-13 21:15:00,49
599,ApexLegends,Negative,LEAVE MY FRIENDS ALONE 🥊.,2025-10-13 21:14:52,2025-10-13 21:15:00,28
599,ApexLegends,Negative,LET MY FRIENDS EVERYTHING.,2025-10-13 21:14:52,2025-10-13 21:15:00,26
599,ApexLegends,Negative,MY FRIENDS ALONE.,2025-10-13 21:14:52,2025-10-13 21:15:00,17
599,ApexLegends,Negative,LEAVE BEST FRIENDS ALONE 🥊.,2025-10-13 21:14:52,2025-10-13 21:15:00,27
599,ApexLegends,Negative,18 LEAVE MY FRIENDS ALONE THE [UNK].,2025-10-13 21:14:52,2025-10-13 21:15:00,36
599,ApexLegends,Negative,LEAVE MY TO NOT <unk>.,2025-10-13 21:14:52,2025-10-13 21:15:00,22
600,ApexLegends,Positive,R99 only in care packages? Good .,2025-10-13 21:14:52,2025-10-13 21:15:00,34
600,ApexLegends,Positive,R99 only in care packages? Good.,2025-10-13 21:14:52,2025-10-13 21:15:00,32
600,ApexLegends,Positive,R99 only in care packages? All right.,2025-10-13 21:14:52,2025-10-13 21:15:00,37
600,ApexLegends,Positive,R99 only in care packages? Yes.,2025-10-13 21:14:52,2025-10-13 21:15:00,31
600,ApexLegends,Positive,But R99 only in health care packages? Good.,2025-10-13 21:14:52,2025-10-13 21:15:00,43
600,ApexLegends,Positive,R99 only for care packages? Good.,2025-10-13 21:14:52,2025-10-13 21:15:00,33
601,ApexLegends,Negative,Slowly getting back into Apex and I went off .,2025-10-13 21:14:52,2025-10-13 21:15:00,49
601,ApexLegends,Negative,Slowly back into the apex and off we went.,2025-10-13 21:14:52,2025-10-13 21:15:00,42
601,ApexLegends,Negative,Sloane went back to Apex and I left.,2025-10-13 21:14:52,2025-10-13 21:15:00,36
601,ApexLegends,Negative,Slowly getting back into Apex session I went off.,2025-10-13 21:14:52,2025-10-13 21:15:00,49
601,ApexLegends,Negative,39 Slowly getting myself back into Apex and I went off.,2025-10-13 21:14:52,2025-10-13 21:15:00,55
601,ApexLegends,Negative,Slowly getting back out Apex and I went off.,2025-10-13 21:14:52,2025-10-13 21:15:00,44
602,ApexLegends,Positive,OH MY LORD THIS LOOKS SO GOOD!! Apex Legends Season 4 – Assimilation Gameplay Trailer youtu.be/DFY_scgPl80,2025-10-13 21:14:52,2025-10-13 21:15:00,106
602,ApexLegends,Positive,OH MY LORD THIS LOOKS SO GOOD!! Apex Legends season 4 - Assimilation Gameplay Trailer youtu.be / DFY _ scgPl80,2025-10-13 21:14:52,2025-10-13 21:15:00,110
602,ApexLegends,Positive,OH MY LOOD THIS LOOKS SO GOOD!! Apex Legends Season 4 - Sensible Gameplay Trailer youtu.be / Y _ scgPl80,2025-10-13 21:14:52,2025-10-13 21:15:00,104
602,ApexLegends,Positive,OH MY LORD THIS LOOKS NOT GOOD!! Apex Legends Stage 4 – Assimilation Gameplay Trailer how.be/DFY_scgPl80,2025-10-13 21:14:52,2025-10-13 21:15:00,104
602,ApexLegends,Positive,... OH... MY LORD THIS OF LOOKS SO GOOD!! 1 Apex 2 Legends Season 4 – Best Assimilation Gameplay the Trailer features youtu. v be / DFY _ scgPl80,2025-10-13 21:14:52,2025-10-13 21:15:00,145
602,ApexLegends,Positive,OH MY LORD THAT LOOKS SO Good Apex 7 Season 2 – Assimilation Edition http youtu.be/DFY_scgPl80,2025-10-13 21:14:52,2025-10-13 21:15:00,94
603,ApexLegends,Negative,@PlayApex I'm having issues with the game stuttering. Have a 2070 super i7 32 gigs dominator ram high-end motherboard dual m.2 drives. Anyone know why. Don't believe it's the PC.,2025-10-13 21:14:52,2025-10-13 21:15:00,178
603,ApexLegends,Negative,@ PlayApex I have problems with the stuttering of the game. Have a 2070 Super i7 32 Gigs Dominator ramming high-end motherboard dual m.2 drives. Everyone knows why. Do not think it is the PC.,2025-10-13 21:14:52,2025-10-13 21:15:00,191
603,ApexLegends,Negative,@ PlayApex I have a game delay problem. Have a 2070 super i7 32 gigabyte dominator for high-end motherboards with two m.2. drives. Anyone knows why. Don't believe it's a computer.,2025-10-13 21:14:52,2025-10-13 21:15:00,179
603,ApexLegends,Negative,@PlayApex I'm having issues with the game stuttering. Definitely got 2070 super i7 32 K dominator ram high-end motherboard dual m.2 drives. Anyone know why. Fully believe it's the PC.,2025-10-13 21:14:52,2025-10-13 21:15:00,183
603,ApexLegends,Negative,@PlayApex I'm already having issues dealing with the game console stuttering. To Have a 2070 cc super i7 32 gigs dominator ram high - powered end motherboard has dual m. 2 drives. Or Anyone know why. Don't even believe it'bout s the PC.,2025-10-13 21:14:52,2025-10-13 21:15:00,236
603,ApexLegends,Negative,@PlayApex I'm having issues about board game stuttering. Have a 2070 super i7 32 gigs external ram 1-end motherboard x m.2 board. Anyone know why. Don't even it's a PC.,2025-10-13 21:14:52,2025-10-13 21:15:00,168
604,ApexLegends,Positive,"@PlayApex  @Respawn  Hey Respawn,just now played the first quest for this season.....OH Boy You did a great job on the story and the PVE Mode....Cant wait for the next one....Awesome work",2025-10-13 21:14:52,2025-10-13 21:15:00,187
604,ApexLegends,Positive,"@ PlayApex @ Respawn Hey Respawn, right now played the first quest for this season..... OH Boy you did a great job on the story and the PVE mode.... Can't wait for the next.... Great job",2025-10-13 21:14:52,2025-10-13 21:15:00,186
604,ApexLegends,Positive,"@ PlayApex @ Respawn Hey Respawn, just now played the first quest for this season..... OH Boy You did a great work on the story and the PVE... Cant wait for the next one.... About work",2025-10-13 21:14:52,2025-10-13 21:15:00,184
604,ApexLegends,Positive,"@PlayApex  @Respawn  Hey Respawn,just now played this first quest for this season.....OH Boy You did a great job updating story story and the Action Mode....Cant wait for the next one....Awesome work",2025-10-13 21:14:52,2025-10-13 21:15:00,199
604,ApexLegends,Positive,"@PlayApex Good @Respawn Hey Respawn, You just now played the great first quest for this season..... Good OH Boy You just did not a great job on the story modes and the successful PVE Team Mode.... Cant wait for the next year one.... Awesome work",2025-10-13 21:14:52,2025-10-13 21:15:00,245
604,ApexLegends,Positive,"@PlayApex @Respawn of Respawn,just now completed the beta quest for this item.....OH Boy You did some great creation of the story and the game Mode....Cant wait for the next run....Awesome work",2025-10-13 21:14:52,2025-10-13 21:15:00,193
605,ApexLegends,Positive,End the season 5 with 113 wins so happy I got 100 wins every season can’t wait for season 6 @PlayApex @apex_intel @PlayApexClout @ApexClipsReddit @ApexLegendNews @cappingproplayersallday pic.twitter.com/nw3EL0rsjK,2025-10-13 21:14:52,2025-10-13 21:15:00,213
605,ApexLegends,Positive,"Finish the fifth season with 113 wins, so I'm happy to have scored 100 wins in each season. I can't wait for season 6. @ PlayApex @ apex _ intel @ PlayApexClout @ ApexClipsReddit @ ApexLegendNews @ cappingproplayersallday pic.twitter.com / nw3EL0rsjK",2025-10-13 21:14:52,2025-10-13 21:15:00,250
605,ApexLegends,Positive,The end of season five with 113 wins is so happy I got 100 wins every season can't wait for season six @ PlayApex @ apex _ intel @ PlayAexClout @ ApexClient Reddit @ ApexLee News @ cappingproplay.com / nw3EL0rsjK,2025-10-13 21:14:52,2025-10-13 21:15:00,212
605,ApexLegends,Positive,End the season 5 with 113 wins so happy I got 100 wins every season can’t wait for season 6 RhandlerR RhandlerR RhandlerR RhandlerR RhandlerR RhandlerR pic.twitter.com/nw3EL0rsjK,2025-10-13 21:14:52,2025-10-13 21:15:00,178
605,ApexLegends,Positive,and End the season 5 with 113 wins so happy I got 100 wins every season can’t wait for season 6 RhandlerR RhandlerR RhandlerR RhandlerR RhandlerR RhandlerR pic.twitter.com/nw3EL0rsjK,2025-10-13 21:14:52,2025-10-13 21:15:00,182
605,ApexLegends,Positive,is,2025-10-13 21:14:52,2025-10-13 21:15:00,2
606,ApexLegends,Neutral,Always play Xbox but starting on the PC now! Anger and rage with some okish play. Please subscrube and show some love. . . twitch.tv/the_angry_wels…. youtube.com/channel/UCxY89…. .,2025-10-13 21:14:52,2025-10-13 21:15:00,182
606,ApexLegends,Neutral,"Always play the Xbox, but start now on the PC! Rage and anger with an okish game. Please scrub yourself and show some love... twitch.tv / the _ angry _ wels.... youtube.com / channel / UCxY89.....",2025-10-13 21:14:52,2025-10-13 21:15:00,196
606,ApexLegends,Neutral,"Always play Xbox, but start on the PC now! Anger and rage with some witty game. Please dig in and show some love............................................................................................................................................................",2025-10-13 21:14:52,2025-10-13 21:15:00,268
606,ApexLegends,Neutral,Always play Xbox but starting on the PC now! Anger and rage with some okish play. Please subscrube and show some love. . . twitch.tv/the_angry_wels…. youtube.com/channel/UCxY89…. .,2025-10-13 21:14:52,2025-10-13 21:15:00,182
606,ApexLegends,Neutral,See Always play Xbox but starting on the PC now! Anger and rage with some okish play. Please subscrube and show some love. . . twitch.tv/the_angry_wels…. youtube.com/channel/UCxY89…. .,2025-10-13 21:14:52,2025-10-13 21:15:00,186
606,ApexLegends,Neutral,to,2025-10-13 21:14:52,2025-10-13 21:15:00,2
607,ApexLegends,Neutral,Trying out Apex Legends season 4!! Also playing some ranked series 3! Come and watch me suck badly!  .  .  .  . @SmallStreamersC. @SupportStreamz. @SmallStreamersR. twitch.tv/thatbosslife17,2025-10-13 21:14:52,2025-10-13 21:15:00,189
607,ApexLegends,Neutral,Try season 4 of Apex Legends!! Also play some third season leaderboards! Come and watch me suck bad!.... @ SmallStreamersC. @ SupportStreamz. @ SmallStreamersR. twitch.tv / thatbosslife17,2025-10-13 21:14:52,2025-10-13 21:15:00,187
607,ApexLegends,Neutral,Tried Apex Legends season 4!! Also play some ratings series 3! Come and see how bad I suck!.... @ SmallStreamz. @ SmallStreamz.,2025-10-13 21:14:52,2025-10-13 21:15:00,127
607,ApexLegends,Neutral,Trying out Apex Legends season 4!! Also playing some ranked series 3! Come and watch me suck badly!  .  .  .  . RhandlerR. RhandlerR. RhandlerR. twitch.tv/thatbosslife17,2025-10-13 21:14:52,2025-10-13 21:15:00,169
607,ApexLegends,Neutral,and Trying out Apex Legends season 4!! Also playing some ranked series 3! Come and watch me suck badly!  .  .  .  . RhandlerR. RhandlerR. RhandlerR. twitch.tv/thatbosslife17,2025-10-13 21:14:52,2025-10-13 21:15:00,173
607,ApexLegends,Neutral,the,2025-10-13 21:14:52,2025-10-13 21:15:00,3
608,ApexLegends,Positive,"@PlayApex thanks devs for the update, already making a huge positive difference.  Thanks for listening to us",2025-10-13 21:14:52,2025-10-13 21:15:00,108
608,ApexLegends,Positive,"@ PlayApex thanks developers for the update, which is already making a huge positive difference. Thank you for listening to us",2025-10-13 21:14:52,2025-10-13 21:15:00,126
608,ApexLegends,Positive,"@ PlayApex thanks the developers for the update, which has already made a huge difference.",2025-10-13 21:14:52,2025-10-13 21:15:00,90
608,ApexLegends,Positive,"@PlayApex thanks devs for the update, already making a huge social difference.  Everyone for listening to us",2025-10-13 21:14:52,2025-10-13 21:15:00,108
608,ApexLegends,Positive,"@PlayApex now thanks devs for the update, already making a definitely huge enough positive difference. Thanks now for listening to us",2025-10-13 21:14:52,2025-10-13 21:15:00,133
608,ApexLegends,Positive,"no thanks devs for the update, already making a huge positive difference. However actually listening to us",2025-10-13 21:14:52,2025-10-13 21:15:00,106
609,ApexLegends,Positive,Will forever love the re45. .,2025-10-13 21:14:52,2025-10-13 21:15:00,32
609,ApexLegends,Positive,Will love the Re45 forever...,2025-10-13 21:14:52,2025-10-13 21:15:00,29
609,ApexLegends,Positive,Will eternally love the remake...,2025-10-13 21:14:52,2025-10-13 21:15:00,33
609,ApexLegends,Positive,Will forever need the re45..,2025-10-13 21:14:52,2025-10-13 21:15:00,28
609,ApexLegends,Positive,Will forever me love the re45..,2025-10-13 21:14:52,2025-10-13 21:15:00,31
609,ApexLegends,Positive,Will forever love from re45..,2025-10-13 21:14:52,2025-10-13 21:15:00,29
610,ApexLegends,Neutral,Ranked Apex road to Plat (23/25)  . twitch.tv/tgp_razzmatazz,2025-10-13 21:14:52,2025-10-13 21:15:00,60
610,ApexLegends,Neutral,Ranking Apex road to Plat (23 / 25). twitch.tv / tgp _ razzmatazz,2025-10-13 21:14:52,2025-10-13 21:15:00,65
610,ApexLegends,Neutral,Apex Road to Plat rating (23 / 25).,2025-10-13 21:14:52,2025-10-13 21:15:00,35
610,ApexLegends,Neutral,Ranked Apex road to Plat (23/25)  . twitch.tv/tgp_razzmatazz,2025-10-13 21:14:52,2025-10-13 21:15:00,60
610,ApexLegends,Neutral,2017 Ranked Apex road to Plat (23/25)  . twitch.tv/tgp_razzmatazz,2025-10-13 21:14:52,2025-10-13 21:15:00,65
610,ApexLegends,Neutral,to,2025-10-13 21:14:52,2025-10-13 21:15:00,2
611,ApexLegends,Neutral,Loba .,2025-10-13 21:14:52,2025-10-13 21:15:00,7
611,ApexLegends,Neutral,Loba.,2025-10-13 21:14:52,2025-10-13 21:15:00,5
611,ApexLegends,Neutral,It's a shame.,2025-10-13 21:14:52,2025-10-13 21:15:00,13
611,ApexLegends,Neutral,Loba More,2025-10-13 21:14:52,2025-10-13 21:15:00,9
611,ApexLegends,Neutral,El Loba.,2025-10-13 21:14:52,2025-10-13 21:15:00,8
611,ApexLegends,Neutral,Family.,2025-10-13 21:14:52,2025-10-13 21:15:00,7
612,ApexLegends,Negative,@PlayApex  fix loba with out being able to teleport out of a situation makes her useless,2025-10-13 21:14:52,2025-10-13 21:15:00,88
612,ApexLegends,Negative,@ PlayApex fix loba with out being able to teleport out of a situation making them useless,2025-10-13 21:14:52,2025-10-13 21:15:00,90
612,ApexLegends,Negative,@ PlayApex fix forehead with out being able to teleport out of situation makes it useless,2025-10-13 21:14:52,2025-10-13 21:15:00,89
612,ApexLegends,Negative,@PlayApex  fix loba with out being able to teleport out that a situation dropping her useless,2025-10-13 21:14:52,2025-10-13 21:15:00,93
612,ApexLegends,Negative,@PlayApex fix loba with out that being not able to teleport out because of a disaster situation makes her useless,2025-10-13 21:14:52,2025-10-13 21:15:00,113
612,ApexLegends,Negative,around<unk> loba with out being able to teleport out of a situation makes her mind,2025-10-13 21:14:52,2025-10-13 21:15:00,82
613,ApexLegends,Irrelevant,pronoun policers in the apex legends fandom🤢 disappointed but not surprised,2025-10-13 21:14:52,2025-10-13 21:15:00,75
613,ApexLegends,Irrelevant,"Pronouns police officers in top legends fandom disappointed, but not surprised",2025-10-13 21:14:52,2025-10-13 21:15:00,78
613,ApexLegends,Irrelevant,Police pronouns at the top of fandom disappointed but not surprised,2025-10-13 21:14:52,2025-10-13 21:15:00,67
613,ApexLegends,Irrelevant,pronoun policers - the apex legends fandom🤢 disappointed but not surprised,2025-10-13 21:14:52,2025-10-13 21:15:00,74
613,ApexLegends,Irrelevant,pronoun policers in the apex of legends describe [UNK] disappointed but not surprised,2025-10-13 21:14:52,2025-10-13 21:15:00,85
613,ApexLegends,Irrelevant,pronoun policers in the apex legends fandom<unk> Sure but not fool,2025-10-13 21:14:52,2025-10-13 21:15:00,66
614,ApexLegends,Positive,It was a good feeling being back in Kings Canyon. Please make it stay @PlayApex.,2025-10-13 21:14:52,2025-10-13 21:15:00,82
614,ApexLegends,Positive,It was a good feeling to be back in Kings Canyon. Please let it stay @ PlayApex.,2025-10-13 21:14:52,2025-10-13 21:15:00,80
614,ApexLegends,Positive,It was a good feeling to be back in Kings Canyon. Please stay @ PlayApex.,2025-10-13 21:14:52,2025-10-13 21:15:00,73
614,ApexLegends,Positive,It was one good feeling being back in Kings Canyon. Please make it stay @PlayApex.,2025-10-13 21:14:52,2025-10-13 21:15:00,82
614,ApexLegends,Positive,6 It was a good feeling being home back in Kings Canyon. You Please make it a stay @PlayApex.,2025-10-13 21:14:52,2025-10-13 21:15:00,93
614,ApexLegends,Positive,It is a good adventure being back to Kings Canyon. Please make it stay @PlayApex.,2025-10-13 21:14:52,2025-10-13 21:15:00,81
615,ApexLegends,Neutral,Trying to make my parents proud!!!. . .,2025-10-13 21:14:52,2025-10-13 21:15:00,41
615,ApexLegends,Neutral,Trying to make my parents proud!!!...,2025-10-13 21:14:52,2025-10-13 21:15:00,37
615,ApexLegends,Neutral,Trying to make my parents proud!!!.,2025-10-13 21:14:52,2025-10-13 21:15:00,35
615,ApexLegends,Neutral,Trying to have my parents proud!!!...,2025-10-13 21:14:52,2025-10-13 21:15:00,37
615,ApexLegends,Neutral,Trying harder to make my foster parents proud!!!...,2025-10-13 21:14:52,2025-10-13 21:15:00,51
615,ApexLegends,Neutral,decided to make my parents proud!!!...,2025-10-13 21:14:52,2025-10-13 21:15:00,38
616,ApexLegends,Neutral,Ending season 3 by stealing someone else's kill and eliminating the kill leader.,2025-10-13 21:14:52,2025-10-13 21:15:00,82
616,ApexLegends,Neutral,Finish season 3 by stealing someone else's kill and eliminating the kill leader.,2025-10-13 21:14:52,2025-10-13 21:15:00,80
616,ApexLegends,Neutral,Completion of the third season with the theft of someone else's murder and the removal of the murder leader.,2025-10-13 21:14:52,2025-10-13 21:15:00,108
616,ApexLegends,Neutral,Ending season 8 by stealing someone else's kill and eliminating the kill leader.,2025-10-13 21:14:52,2025-10-13 21:15:00,80
616,ApexLegends,Neutral,Ending season 3 by personally stealing someone else's kill vehicle and eventually eliminating the kill leader.,2025-10-13 21:14:52,2025-10-13 21:15:00,110
616,ApexLegends,Neutral,Ending season 3 between stealing everyone else's kill and eliminating the kill leader.,2025-10-13 21:14:52,2025-10-13 21:15:00,86
617,ApexLegends,Positive,Going in for some  . . facebook.com/PEIGhost/video…. .,2025-10-13 21:14:52,2025-10-13 21:15:00,56
617,ApexLegends,Positive,Entry for some.. facebook.com / PEIGhost / video.....,2025-10-13 21:14:52,2025-10-13 21:15:00,53
617,ApexLegends,Positive,Go to some... facebook.com / PEIGhost / video.....,2025-10-13 21:14:52,2025-10-13 21:15:00,50
617,ApexLegends,Positive,Going away for some .. facebook.com/PEIGhost/video…..,2025-10-13 21:14:52,2025-10-13 21:15:00,53
617,ApexLegends,Positive,5 Going in for some.. and facebook. contact com / PEIGhost / video video …..,2025-10-13 21:14:52,2025-10-13 21:15:00,76
617,ApexLegends,Positive,you in with fun.. facebook.com/PEIGhost/video.....,2025-10-13 21:14:52,2025-10-13 21:15:00,50
618,ApexLegends,Positive,The Good Place and Apex Legends. . I would absolutely watch that.,2025-10-13 21:14:52,2025-10-13 21:15:00,65
618,ApexLegends,Positive,The Good Place and Apex Legends... I would absolutely watch it.,2025-10-13 21:14:52,2025-10-13 21:15:00,63
618,ApexLegends,Positive,The Good Place and Apex Legends... I would absolutely watch that.,2025-10-13 21:14:52,2025-10-13 21:15:00,65
618,ApexLegends,Positive,The Good Place and Apex 24.. I would absolutely watch that.,2025-10-13 21:14:52,2025-10-13 21:15:00,59
618,ApexLegends,Positive,2 The The Good Place and Apex Legends.. I would absolutely not watch that.,2025-10-13 21:14:52,2025-10-13 21:15:00,74
618,ApexLegends,Positive,The Good Place From Apex Legends.. I will absolutely watch that.,2025-10-13 21:14:52,2025-10-13 21:15:00,64
619,ApexLegends,Neutral,"Apex Legends, accusations of Crunch Time cause Coronavirus: the developers answer asapland.com/apex-legends-a…",2025-10-13 21:14:52,2025-10-13 21:15:00,110
619,ApexLegends,Neutral,"Apex Legends, allegations of crunch time causing coronavirus: the developers reply asapland.com / apex-legends-a...",2025-10-13 21:14:52,2025-10-13 21:15:00,115
619,ApexLegends,Neutral,"Apex Legends, charges in Crunch Time cause coronavirus: developers respond asapland.com / apex-feds-a...",2025-10-13 21:14:52,2025-10-13 21:15:00,104
619,ApexLegends,Neutral,"Apex Legends, accusations to One Time cause Coronavirus: the developers answer github.com/apex-legends-a…",2025-10-13 21:14:52,2025-10-13 21:15:00,105
619,ApexLegends,Neutral,"Apex Legends, accusations of the Crunch by Time accidentally cause Coronavirus : Eventually the developers can answer asapland. com / apex - time legends - a …",2025-10-13 21:14:52,2025-10-13 21:15:00,159
619,ApexLegends,Neutral,"Apex Legends, more about Crunch Effect on Coronavirus: online developers answer asapland.com/apex-legends-a...",2025-10-13 21:14:52,2025-10-13 21:15:00,110
620,ApexLegends,Neutral,"I'm proud that I created this banner for @Scoobz___ @__scoobz__ . . Even though it takes me almost 1 day... Sigh need to work faster XD but I'm pretty impress with this work. . . Anyways, twitch.tv/scoobz___ if you like APEX LEGENDS content, Do help a streamer out!!! .  https://t.co/ZEFcPhssUk",2025-10-13 21:14:52,2025-10-13 21:15:00,294
620,ApexLegends,Neutral,"I'm proud to have created this banner for @ Scoobz _ _ _ @ _ scoobz _ _. Even though it takes almost a day... Sigh needs to work faster XD, but I'm pretty impressed with this work... Anyway, twitch.tv / scoobz _ _ _ If you like content from APEX LEGENDS, help a streamer!!!. https: / / t.co / ZEFcPhssUk",2025-10-13 21:14:52,2025-10-13 21:15:00,303
620,ApexLegends,Neutral,"I'm proud to have created this banner for @ Scoobz _ _ _ _ @ _ _ scoobz _ _. Although it takes almost 1 day... Scoobz needs to run faster than XD, but I'm pretty impressed with the work... In any case, if you like APEX LEGENDS content, help the streaker!!!.",2025-10-13 21:14:52,2025-10-13 21:15:00,257
620,ApexLegends,Neutral,"I'm proud that I created this banner for RhandlerR RhandlerR . . Even though it takes me almost 1 day... Sigh need to work faster XD but I'm pretty impress with this work. . . Anyways, twitch.tv/scoobz___ if you like APEX LEGENDS content, Do help a streamer out!!! .  RhttpR]",2025-10-13 21:14:52,2025-10-13 21:15:00,275
620,ApexLegends,Neutral,"C I'm proud that I created this banner for RhandlerR RhandlerR . . Even though it takes me almost 1 day... Sigh need to work faster XD but I'm pretty impress with this work. . . Anyways, twitch.tv/scoobz___ if you like APEX LEGENDS content, Do help a streamer out!!! .  RhttpR]",2025-10-13 21:14:52,2025-10-13 21:15:00,277
620,ApexLegends,Neutral,of,2025-10-13 21:14:52,2025-10-13 21:15:00,2
621,ApexLegends,Irrelevant,I mean Fortnite plans their updates months ahead soooooooo...,2025-10-13 21:14:52,2025-10-13 21:15:00,61
621,ApexLegends,Irrelevant,I mean Fortnite plans their updates months in advance soooooo...,2025-10-13 21:14:52,2025-10-13 21:15:00,64
621,ApexLegends,Irrelevant,"I mean, they're planning their upgrades for months to come soooooo...",2025-10-13 21:14:52,2025-10-13 21:15:00,69
621,ApexLegends,Irrelevant,I mean Fortnite plans their updates months ahead<unk>,2025-10-13 21:14:52,2025-10-13 21:15:00,53
621,ApexLegends,Irrelevant,and I mean Fortnite plans that their computer updates months ahead soooooooo...,2025-10-13 21:14:52,2025-10-13 21:15:00,79
621,ApexLegends,Irrelevant,not mean Fortnite plans these updates months ahead soooooooo...,2025-10-13 21:14:52,2025-10-13 21:15:00,63
622,ApexLegends,Neutral,@PlayApex why is the hemlock so strong,2025-10-13 21:14:52,2025-10-13 21:15:00,38
622,ApexLegends,Neutral,@ PlayApex Why is the hemlock so strong?,2025-10-13 21:14:52,2025-10-13 21:15:00,40
622,ApexLegends,Neutral,@ PlayApex why the rabbit is so strong,2025-10-13 21:14:52,2025-10-13 21:15:00,38
622,ApexLegends,Neutral,@PlayApex why is Texas hemlock so strong,2025-10-13 21:14:52,2025-10-13 21:15:00,40
622,ApexLegends,Neutral,We @PlayApex why is the local hemlock so strong,2025-10-13 21:14:52,2025-10-13 21:15:00,47
622,ApexLegends,Neutral,And why is the hemlock so strong,2025-10-13 21:14:52,2025-10-13 21:15:00,32
623,ApexLegends,Negative,Bro I get killed by flying Caustics @PlayApex fix the lags and servers please fkskdkfm pic.twitter.com/L3YMr6H6Fl,2025-10-13 21:14:52,2025-10-13 21:15:00,113
623,ApexLegends,Negative,Bro I get killed by flying caustics @ PlayApex fix the lags and servers please fkskdkfm pic.twitter.com / L3YMr6H6Fl,2025-10-13 21:14:52,2025-10-13 21:15:00,116
623,ApexLegends,Negative,Bro kills me flying Kaufman @ PlayApex fixes backlog and servers please fkskdkfm pic.fk / L3YMr6H6Fl,2025-10-13 21:14:52,2025-10-13 21:15:00,100
623,ApexLegends,Negative,Bro I get killed by flying Caustics RhandlerR fix the lags and servers please fkskdkfm pic.twitter.com/L3YMr6H6Fl,2025-10-13 21:14:52,2025-10-13 21:15:00,113
623,ApexLegends,Negative,See Bro I get killed by flying Caustics RhandlerR fix the lags and servers please fkskdkfm pic.twitter.com/L3YMr6H6Fl,2025-10-13 21:14:52,2025-10-13 21:15:00,117
623,ApexLegends,Negative,you,2025-10-13 21:14:52,2025-10-13 21:15:00,3
624,ApexLegends,Irrelevant,Beats being addicted to fentanyl,2025-10-13 21:14:52,2025-10-13 21:15:00,32
624,ApexLegends,Irrelevant,Beats addicted to fentanyl,2025-10-13 21:14:52,2025-10-13 21:15:00,26
624,ApexLegends,Irrelevant,Bites as an additive to fentanyl,2025-10-13 21:14:52,2025-10-13 21:15:00,32
624,ApexLegends,Irrelevant,Beats girl addicted to fentanyl,2025-10-13 21:14:52,2025-10-13 21:15:00,31
624,ApexLegends,Irrelevant,Beats from being extremely addicted to fentanyl,2025-10-13 21:14:52,2025-10-13 21:15:00,47
624,ApexLegends,Irrelevant,Beats being subject to fentanyl,2025-10-13 21:14:52,2025-10-13 21:15:00,31
625,ApexLegends,Negative,"@PlayApex get your shoe error fixed, this is ridiculous",2025-10-13 21:14:52,2025-10-13 21:15:00,55
625,ApexLegends,Negative,"@ PlayApex get your shoe bug fixed, this is ridiculous",2025-10-13 21:14:52,2025-10-13 21:15:00,54
625,ApexLegends,Negative,"@ PlayApex fix mistake with shoes, it's funny",2025-10-13 21:14:52,2025-10-13 21:15:00,45
625,ApexLegends,Negative,"@PlayApex had your shoe error fixed, this is ridiculous",2025-10-13 21:14:52,2025-10-13 21:15:00,55
625,ApexLegends,Negative,"@PlayApex get your foot shoe error fixed, if this is ridiculous",2025-10-13 21:14:52,2025-10-13 21:15:00,63
625,ApexLegends,Negative,"@PlayApex get their shoe error fixed, this is ridiculous",2025-10-13 21:14:52,2025-10-13 21:15:00,56
626,ApexLegends,Positive,"bruh my dreams arent sad anymore, i had a fucken dream about apex legends like what the fuck bro",2025-10-13 21:14:52,2025-10-13 21:15:00,96
626,ApexLegends,Positive,"bruh my dreams are not sad anymore, i had a damn dream about top legends like what the hell bro",2025-10-13 21:14:52,2025-10-13 21:15:00,95
626,ApexLegends,Positive,"bruh my dreams are sad anymore, i had a fudream about apex bros like what the fuck bro",2025-10-13 21:14:52,2025-10-13 21:15:00,86
626,ApexLegends,Positive,"bruh my dreams arent sad anymore, i want a fucken dream about apex legends like what in fuck bro",2025-10-13 21:14:52,2025-10-13 21:15:00,96
626,ApexLegends,Positive,"my bruh my dreams arent sad anymore, and i had a fucken dream it about apex legends like what the fuck says bro",2025-10-13 21:14:52,2025-10-13 21:15:00,111
626,ApexLegends,Positive,"bruh sweet dreams arent sad anymore, i love a fucken laugh about apex legends like what don fuck bro",2025-10-13 21:14:52,2025-10-13 21:15:00,100
627,ApexLegends,Negative,@PlayApex died to a level 500 today... shows how bad apex has declined since earlier,2025-10-13 21:14:52,2025-10-13 21:15:00,84
627,ApexLegends,Negative,@ PlayApex died at a 500 level today... shows how bad peak has fallen since earlier,2025-10-13 21:14:52,2025-10-13 21:15:00,83
627,ApexLegends,Negative,@ PlayApex died at 500 today... shows how bad the top has fallen since before,2025-10-13 21:14:52,2025-10-13 21:15:00,77
627,ApexLegends,Negative,@PlayApex died to a level 500 k shows how bad apex has declined since earlier,2025-10-13 21:14:52,2025-10-13 21:15:00,77
627,ApexLegends,Negative,@PlayApex died to a level of 500 and today... shows how bad its apex security has declined since earlier,2025-10-13 21:14:52,2025-10-13 21:15:00,104
627,ApexLegends,Negative,@PlayApex died to a level 500 above... shows how my apex R declined since earlier,2025-10-13 21:14:52,2025-10-13 21:15:00,81
628,ApexLegends,Neutral,helping a sUper wholesome kid on apex - Apex Legends youtu.be/cs7unYTJDds via @YouTube,2025-10-13 21:14:52,2025-10-13 21:15:00,86
628,ApexLegends,Neutral,Help for a sUper healthy child at the summit - Apex Legends youtu.be / cs7unYTJDds via @ YouTube,2025-10-13 21:14:52,2025-10-13 21:15:00,96
628,ApexLegends,Neutral,Helping a healthy baby on top - Apex Legends youtu.be / cs7unYTJDds via @ YouTube,2025-10-13 21:14:52,2025-10-13 21:15:00,81
628,ApexLegends,Neutral,helping a sUper<unk> kid around apex - Apex Legends war.be/cs7unYTJDds via @YouTube,2025-10-13 21:14:52,2025-10-13 21:15:00,83
628,ApexLegends,Neutral,helping a sUper wholesome old kid stay on that apex - Apex Legends youtu. You be / r cs7unYTJDds via his @YouTube,2025-10-13 21:14:52,2025-10-13 21:15:00,113
628,ApexLegends,Neutral,helping information sUper an experience on apex - Apex Legends youtu.be/cs7unYTJDds add your,2025-10-13 21:14:52,2025-10-13 21:15:00,92
629,ApexLegends,Neutral,Good morning all TGIF and Happy Valentines Day to you all. What if? Don't live your life wondering what could of been...,2025-10-13 21:14:52,2025-10-13 21:15:00,122
629,ApexLegends,Neutral,Good morning all TGIF and happy Valentine's Day. What if? Don't live your life with the question of what could have been...,2025-10-13 21:14:52,2025-10-13 21:15:00,123
629,ApexLegends,Neutral,"Доброе утро, TGIF и Happy Valentines Day to you all. What if? Don't live your life wondering what could of been...",2025-10-13 21:14:52,2025-10-13 21:15:00,114
629,ApexLegends,Neutral,Good morning all TGIF and cheerful Valentines Day to you all. What if? Don't hate your life wondering what could of been...,2025-10-13 21:14:52,2025-10-13 21:15:00,123
629,ApexLegends,Neutral,Good morning all TGIF Convention and Happy Valentines Memorial Day to welcome you all. What then if? Don't live around your life wondering what could either of been...,2025-10-13 21:14:52,2025-10-13 21:15:00,167
629,ApexLegends,Neutral,Good morning all TGIF and blessed Valentines Day to you all. What if? Don't live your heart over what may of been...,2025-10-13 21:14:52,2025-10-13 21:15:00,116
630,ApexLegends,Neutral,"“That’s for shooting at me”. It’s like damn, let me loot. Sheesh.",2025-10-13 21:14:52,2025-10-13 21:15:00,67
630,ApexLegends,Neutral,"\"That's to shoot me.\" It's like damn, let me loot.",2025-10-13 21:14:52,2025-10-13 21:15:00,50
630,ApexLegends,Neutral,"\"This is to shoot me.\" It's like hell, let me rob. Sheesh.",2025-10-13 21:14:52,2025-10-13 21:15:00,58
630,ApexLegends,Neutral,"“That’s for shooting at me”. It’s like ok, let me happen. Sheesh.",2025-10-13 21:14:52,2025-10-13 21:15:00,65
630,ApexLegends,Neutral,"33 “ That ’ s for shooting balls at me ”. It ’ how s like damn, let me be loot. Sheesh.",2025-10-13 21:14:52,2025-10-13 21:15:00,87
630,ApexLegends,Neutral,"luck for waving at me”. And like damn, let me loot. Sheesh.",2025-10-13 21:14:52,2025-10-13 21:15:00,59
631,ApexLegends,Irrelevant,yesss talk your shit miss shrek,2025-10-13 21:14:52,2025-10-13 21:15:00,31
631,ApexLegends,Irrelevant,Yesss talk your shit miss shrek,2025-10-13 21:14:52,2025-10-13 21:15:00,31
631,ApexLegends,Irrelevant,yesss talk your shit miss shrek,2025-10-13 21:14:52,2025-10-13 21:15:00,31
631,ApexLegends,Irrelevant,yesss talk your shit miss ----,2025-10-13 21:14:52,2025-10-13 21:15:00,30
631,ApexLegends,Irrelevant,yesss talk your shit right miss shrek,2025-10-13 21:14:52,2025-10-13 21:15:00,37
631,ApexLegends,Irrelevant,yesss talk of shit miss shrek,2025-10-13 21:14:52,2025-10-13 21:15:00,29
632,ApexLegends,Positive,1 year already? Dang. Happy 1 year @PlayApex! pic.twitter.com/3jqgxeGsCD,2025-10-13 21:14:52,2025-10-13 21:15:00,72
632,ApexLegends,Positive,Happy 1 year @ PlayApex! pic.twitter.com / 3jqgxeGsCD,2025-10-13 21:14:52,2025-10-13 21:15:00,53
632,ApexLegends,Positive,1 year already? Dang. Happy 1 year @ PlayApex! pic.fm / 3jqgGsCD,2025-10-13 21:14:52,2025-10-13 21:15:00,64
632,ApexLegends,Positive,1 year already? Dang. Happy 1 year RhandlerR! pic.twitter.com/3jqgxeGsCD,2025-10-13 21:14:52,2025-10-13 21:15:00,72
632,ApexLegends,Positive,R 1 year already? Dang. Happy 1 year RhandlerR! pic.twitter.com/3jqgxeGsCD,2025-10-13 21:14:52,2025-10-13 21:15:00,74
632,ApexLegends,Positive,do,2025-10-13 21:14:52,2025-10-13 21:15:00,2
633,ApexLegends,Negative,@PlayApex you by far have the worst game alive bruh fix your fucking bugs like y’all add so much shit and can’t fix your bugs,2025-10-13 21:14:52,2025-10-13 21:15:00,125
633,ApexLegends,Negative,"@ PlayApex You have by far the worst game alive, bruh fix your damn bugs like y'all add so much shit and can't fix your bugs",2025-10-13 21:14:52,2025-10-13 21:15:00,124
633,ApexLegends,Negative,@ PlayApex you definitely have the worst live bruh game to fix your fucking mistakes as y'all add so much crap and can't fix your mistakes,2025-10-13 21:14:52,2025-10-13 21:15:00,138
633,ApexLegends,Negative,@PlayApex you by far have the coolest game alive bruh fix your fucking bugs like y’all add so much crap and can’t fix ur bugs,2025-10-13 21:14:52,2025-10-13 21:15:00,125
633,ApexLegends,Negative,@PlayApex with you by so far have won the worst game ever alive bruh fix to your fucking bugs like y want ’ all add so much shit and can ’ t fix your bugs,2025-10-13 21:14:52,2025-10-13 21:15:00,154
633,ApexLegends,Negative,that you by far have no fucking game alive bruh fix her fucking bugs like y’all add so much shit and can’t fix your damn,2025-10-13 21:14:52,2025-10-13 21:15:00,120
634,ApexLegends,Neutral,Why Yall Running away for?,2025-10-13 21:14:52,2025-10-13 21:15:00,28
634,ApexLegends,Neutral,Why is Yall running away?,2025-10-13 21:14:52,2025-10-13 21:15:00,25
634,ApexLegends,Neutral,Why am I running away?,2025-10-13 21:14:52,2025-10-13 21:15:00,22
634,ApexLegends,Neutral,Why Yall Running away Again?,2025-10-13 21:14:52,2025-10-13 21:15:00,28
634,ApexLegends,Neutral,and Why Yall Running away for?,2025-10-13 21:14:52,2025-10-13 21:15:00,30
634,ApexLegends,Neutral,Why Yall Running away First?,2025-10-13 21:14:52,2025-10-13 21:15:00,28
635,ApexLegends,Neutral,We out being cute!!!,2025-10-13 21:14:52,2025-10-13 21:15:00,22
635,ApexLegends,Neutral,We are cute!!!,2025-10-13 21:14:52,2025-10-13 21:15:00,14
635,ApexLegends,Neutral,We out being cute!!!,2025-10-13 21:14:52,2025-10-13 21:15:00,20
635,ApexLegends,Neutral,We out that cute!!!,2025-10-13 21:14:52,2025-10-13 21:15:00,19
635,ApexLegends,Neutral,We out on being cute!!!,2025-10-13 21:14:52,2025-10-13 21:15:00,23
635,ApexLegends,Neutral,was out being cute!!!,2025-10-13 21:14:52,2025-10-13 21:15:00,21
636,ApexLegends,Positive,this is BEAUTIFUL,2025-10-13 21:14:52,2025-10-13 21:15:00,17
636,ApexLegends,Positive,this is BEAUTIFUL,2025-10-13 21:14:52,2025-10-13 21:15:00,17
636,ApexLegends,Positive,this is BEAUTIFUL,2025-10-13 21:14:52,2025-10-13 21:15:00,17
636,ApexLegends,Positive,this picture BEAUTIFUL,2025-10-13 21:14:52,2025-10-13 21:15:00,22
636,ApexLegends,Positive,hence this is BEAUTIFUL,2025-10-13 21:14:52,2025-10-13 21:15:00,23
636,ApexLegends,Positive,this is my,2025-10-13 21:14:52,2025-10-13 21:15:00,10
637,ApexLegends,Positive,Season 6 Baby < 3 Too much love will kill you < 3,2025-10-13 21:14:52,2025-10-13 21:15:00,52
637,ApexLegends,Positive,Season 6 Baby < 3 Too Much Love Kills You < 3,2025-10-13 21:14:52,2025-10-13 21:15:00,45
637,ApexLegends,Positive,"Season 6, \"Baby\"; Season 3, \"Too Much Love Kills You\"; Season 3, \"Baby\"; Season 4, \"Baby\"; Season 5, \"Baby\"; Season 6, \"Baby\"; Season 6, \"Too Much Love Kills You\"; Season 7, \"Baby\"; Season 8, \"Baby\"; Season 9, \"Baby\"; Season 9, \"Baby\"; Season 9, \"Baby\"; Season 9, \"Baby\"; Season 9, \"Babe\"; Season 10, \"Too Much Love Kills You\"; Season 10, \"Babe\"; Season 11, \"Babe\"; Season 11, \"Babe\"; Season 11, \"Baby\"; Season 11, \"Too Much Love Kills You.\"",2025-10-13 21:14:52,2025-10-13 21:15:00,441
637,ApexLegends,Positive,Season 6 Baby < 2 Too much love will kill you < 3,2025-10-13 21:14:52,2025-10-13 21:15:00,49
637,ApexLegends,Positive,Season 6 Baby < 3 Too has much love I will kill you < 3,2025-10-13 21:14:52,2025-10-13 21:15:00,55
637,ApexLegends,Positive,Season 6 Baby < 3 Too much love will change you < 3,2025-10-13 21:14:52,2025-10-13 21:15:00,51
638,ApexLegends,Irrelevant,Wilson .,2025-10-13 21:14:52,2025-10-13 21:15:00,9
638,ApexLegends,Irrelevant,Wilson.,2025-10-13 21:14:52,2025-10-13 21:15:00,7
638,ApexLegends,Irrelevant,Wilson.,2025-10-13 21:14:52,2025-10-13 21:15:00,7
638,ApexLegends,Irrelevant,Wilson Ramos,2025-10-13 21:14:52,2025-10-13 21:15:00,12
638,ApexLegends,Irrelevant,William Wilson.,2025-10-13 21:14:52,2025-10-13 21:15:00,15
638,ApexLegends,Irrelevant,on.,2025-10-13 21:14:52,2025-10-13 21:15:00,3
639,ApexLegends,Neutral,"UrMomsFavChef702 is live! They are playing Apex Legends on Twitch, go show them some love! twitch.tv/UrMomsFavChef7…",2025-10-13 21:14:52,2025-10-13 21:15:00,116
639,ApexLegends,Neutral,"UrMomsFavChef702 is live! You play Apex Legends on Twitch, show them some love! twitch.tv / UrMomsFavChef7...",2025-10-13 21:14:52,2025-10-13 21:15:00,109
639,ApexLegends,Neutral,"UrMomsFavor702 live! They play Apex Legends on the stage, go show them your love!!!!!!!!!!!!!!!!!!!!!!!!!!!!!!!!!!!!!!!!!!!!!!!!!!!!!!!!!!!!!!!!!!!!!!!!!!!!!!!!!!!!!!!!!!!!!!!!!!!!!!!!!!!!!!!!!!!!!!!!!!!!!!!!!!!!",2025-10-13 21:14:52,2025-10-13 21:15:00,212
639,ApexLegends,Neutral,"UrMomsFavChef702 is live! They are playing Apex Legends on Twitch, go show them some love! twitch.tv/UrMomsFavChef7…",2025-10-13 21:14:52,2025-10-13 21:15:00,116
639,ApexLegends,Neutral,"See UrMomsFavChef702 is live! They are playing Apex Legends on Twitch, go show them some love! twitch.tv/UrMomsFavChef7…",2025-10-13 21:14:52,2025-10-13 21:15:00,120
639,ApexLegends,Neutral,can,2025-10-13 21:14:52,2025-10-13 21:15:00,3
640,ApexLegends,Negative,@EA @PlayApex I’ve been trying to play the game for the past 2 weeks and it won’t let me log in to play,2025-10-13 21:14:52,2025-10-13 21:15:00,103
640,ApexLegends,Negative,@ EA @ PlayApex I have tried to play the game for the last 2 weeks and it will not let me log in to play,2025-10-13 21:14:52,2025-10-13 21:15:00,104
640,ApexLegends,Negative,@ EA @ PlayApex I've been trying to play the game for the past 2 weeks and it won't let me log in to play,2025-10-13 21:14:52,2025-10-13 21:15:00,105
640,ApexLegends,Negative,@EA @PlayApex I’ve been trying to play the game for much past 2 weeks and it won’t help someone log in to play,2025-10-13 21:14:52,2025-10-13 21:15:00,110
640,ApexLegends,Negative,@EA and @PlayApex I ’ ve really been trying to just play the game for nearly the past 2 half weeks and it won ’ t let me log in yet to play,2025-10-13 21:14:52,2025-10-13 21:15:00,139
640,ApexLegends,Negative,@EA @PlayApex I’ve been trying to play the game for exact past 2 weeks and it won’t let my log on or play,2025-10-13 21:14:52,2025-10-13 21:15:00,105
641,ApexLegends,Neutral,Them Silver Boiz killed it with this! .,2025-10-13 21:14:52,2025-10-13 21:15:00,40
641,ApexLegends,Neutral,With that they have killed Silver Boiz!.,2025-10-13 21:14:52,2025-10-13 21:15:00,40
641,ApexLegends,Neutral,Their Silver Boyz killed it!.,2025-10-13 21:14:52,2025-10-13 21:15:00,29
641,ApexLegends,Neutral,Them Silver Boiz killed it with this! :,2025-10-13 21:14:52,2025-10-13 21:15:00,39
641,ApexLegends,Neutral,2 Them Silver Boiz killed did it with this!.,2025-10-13 21:14:52,2025-10-13 21:15:00,44
641,ApexLegends,Neutral,Them Silver you killed it with this!.,2025-10-13 21:14:52,2025-10-13 21:15:00,37
642,ApexLegends,Positive,Thanks @PlayApex ill be killing the new robot when i get back from work! .,2025-10-13 21:14:52,2025-10-13 21:15:00,77
642,ApexLegends,Positive,Thanks @ PlayApex I will kill the new robot when I get back from work!.,2025-10-13 21:14:52,2025-10-13 21:15:00,71
642,ApexLegends,Positive,Thanks @ PlayApex ill be killing the new robot when i get back from work!.,2025-10-13 21:14:52,2025-10-13 21:15:00,74
642,ApexLegends,Positive,Thanks @PlayApex ill be killing the new robot when i get back at work!.,2025-10-13 21:14:52,2025-10-13 21:15:00,71
642,ApexLegends,Positive,2 Thanks @PlayApex ill be just killing the new robot soon when i get back from work!.,2025-10-13 21:14:52,2025-10-13 21:15:00,85
642,ApexLegends,Positive,The @PlayApex ill be killing the evil robot when i get out from work!.,2025-10-13 21:14:52,2025-10-13 21:15:00,70
643,ApexLegends,Neutral,"Arguing with Jelly is now my full time job. Erm, take a look at that thumbnail thooooo! @HaggisChan @PlayApex @JellyThePlat . youtube.com/watch?v=04wCbn… https://t.co/rKj2RZfL4G",2025-10-13 21:14:52,2025-10-13 21:15:00,177
643,ApexLegends,Neutral,"Arguing with Jelly is now my full-time job. Er, look at this Thooooooo! @ HaggisChan @ PlayApex @ JellyThePlat. youtube.com / watch? v = 04wCbn... https: / / t.co / rKj2RZfL4G",2025-10-13 21:14:52,2025-10-13 21:15:00,175
643,ApexLegends,Neutral,"Arguing with Jelly is now my full time job. Erm, take a look at that thooooooooo thumbnail! @ HaggisChan @ PlayApex @ JellyThePlat. youtube.com / watch? v = wCbn... https: / / co / rKj2RZfL4G",2025-10-13 21:14:52,2025-10-13 21:15:00,191
643,ApexLegends,Neutral,"Arguing with Jelly and now no long time hobby. Erm, take a look at that thumbnail …! @HaggisChan @PlayApex @JellyThePlat. youtube.com/watch?v=04wCbn… https://t.co/rKj2RZfL4G]",2025-10-13 21:14:52,2025-10-13 21:15:00,174
643,ApexLegends,Neutral,"And Arguing with Jelly Rock is about now my full time... job. Erm, take a look over at that left thumbnail at thooooo! 8 @HaggisChan @PlayApex @JellyThePlat. youtube. talk com / watch? v = 7 04wCbn … https://t.co/rKj2RZfL4G ]",2025-10-13 21:14:52,2025-10-13 21:15:00,225
643,ApexLegends,Neutral,"Arguing against Jelly is now my all time job. Also, had a look for his thumbnail thooooo! the @HaggisChan @PlayApex. youtube.com/watch?v=04wCbn... $]",2025-10-13 21:14:52,2025-10-13 21:15:00,149
644,ApexLegends,Neutral,"Fuck it, This stream is going all day.  .",2025-10-13 21:14:52,2025-10-13 21:15:00,43
644,ApexLegends,Neutral,"Fuck it, this current goes on all day.",2025-10-13 21:14:52,2025-10-13 21:15:00,38
644,ApexLegends,Neutral,"Fuck it, This street is going all day....",2025-10-13 21:14:52,2025-10-13 21:15:00,41
644,ApexLegends,Neutral,"Fuck it, This stream is there all day. .",2025-10-13 21:14:52,2025-10-13 21:15:00,40
644,ApexLegends,Neutral,"Fuck it, This stream is going crazy all goddamn day..",2025-10-13 21:14:52,2025-10-13 21:15:00,53
644,ApexLegends,Neutral,"Fuck it, This stream goes going all day..",2025-10-13 21:14:52,2025-10-13 21:15:00,41
645,ApexLegends,Neutral,"Alright, let’s do it. The road to Gold 2 is now. Apex ranked. Come hang. - twitch.tv/cpatran",2025-10-13 21:14:52,2025-10-13 21:15:00,94
645,ApexLegends,Neutral,The road to gold 2 is now. Apex ranks. Come hang. - twitch.tv / cpatran,2025-10-13 21:14:52,2025-10-13 21:15:00,71
645,ApexLegends,Neutral,"All right, let's do it. The road to Gold 2 is already there. Apex rating. Come hang up. - tch.tv / cpatran",2025-10-13 21:14:52,2025-10-13 21:15:00,106
645,ApexLegends,Neutral,"Alright, let’s do it. The road to Gold 2 is now. Apex ranked. Come hang. - twitch.tv/cpatran",2025-10-13 21:14:52,2025-10-13 21:15:00,94
645,ApexLegends,Neutral,"Current Alright, let’s do it. The road to Gold 2 is now. Apex ranked. Come hang. - twitch.tv/cpatran",2025-10-13 21:14:52,2025-10-13 21:15:00,102
645,ApexLegends,Neutral,a,2025-10-13 21:14:52,2025-10-13 21:15:00,1
646,ApexLegends,Neutral,New  . . YouTube.com/bargainbingami…. .,2025-10-13 21:14:52,2025-10-13 21:15:00,41
646,ApexLegends,Neutral,New.. YouTube.com / bargainbingami.....,2025-10-13 21:14:52,2025-10-13 21:15:00,39
646,ApexLegends,Neutral,New.. YouTube.com / bargainbingami.....,2025-10-13 21:14:52,2025-10-13 21:15:00,39
646,ApexLegends,Neutral,New .. YouTube.com/bargainbingami…. more,2025-10-13 21:14:52,2025-10-13 21:15:00,40
646,ApexLegends,Neutral,New.. On YouTube. com / bargainbingami …..,2025-10-13 21:14:52,2025-10-13 21:15:00,42
646,ApexLegends,Neutral,10.. The.com/bargainbingami.....,2025-10-13 21:14:52,2025-10-13 21:15:00,32
647,ApexLegends,Positive,LETS GO YOU CUTIE WELL DESERVED,2025-10-13 21:14:52,2025-10-13 21:15:00,31
647,ApexLegends,Positive,LETS GO YOU CUTIE WELL DESERVED,2025-10-13 21:14:52,2025-10-13 21:15:00,31
647,ApexLegends,Positive,Bats go into a tailspin,2025-10-13 21:14:52,2025-10-13 21:15:00,23
647,ApexLegends,Positive,LETS GO YOU CUTIE WELL<unk>,2025-10-13 21:14:52,2025-10-13 21:15:00,27
647,ApexLegends,Positive,AS LETS GO OR YOU IT CUTIE WELL DESERVED,2025-10-13 21:14:52,2025-10-13 21:15:00,40
647,ApexLegends,Positive,LETS GO YOU A WELL OF,2025-10-13 21:14:52,2025-10-13 21:15:00,21
648,ApexLegends,Irrelevant,Great combosale ladies for handbag. tinyurl.com/ybc26dlf.,2025-10-13 21:14:52,2025-10-13 21:15:00,59
648,ApexLegends,Irrelevant,Great combo ladies for carry-on. tinyurl.com / ybc26dlf.,2025-10-13 21:14:52,2025-10-13 21:15:00,56
648,ApexLegends,Irrelevant,Great combosable ladies for handbags. tinyurl.com / y26ff.,2025-10-13 21:14:52,2025-10-13 21:15:00,58
648,ApexLegends,Irrelevant,Great combosale product for handbag. tinyurl.com/ybc26dlf.,2025-10-13 21:14:52,2025-10-13 21:15:00,58
648,ApexLegends,Irrelevant,Every Great Indian combosale is ladies for handbag. See tinyurl. com / ybc26dlf.,2025-10-13 21:14:52,2025-10-13 21:15:00,80
648,ApexLegends,Irrelevant,Great combosale ladies free life. login.com/ybc26dlf.,2025-10-13 21:14:52,2025-10-13 21:15:00,53
649,ApexLegends,Positive,Apex Legends is actually more fun than Fortnite!,2025-10-13 21:14:52,2025-10-13 21:15:00,48
649,ApexLegends,Positive,Apex Legends is actually more fun than Fortnite!,2025-10-13 21:14:53,2025-10-13 21:15:00,48
649,ApexLegends,Positive,Apex Legends is actually more fun than Fennite!,2025-10-13 21:14:53,2025-10-13 21:15:00,47
649,ApexLegends,Positive,Apex Legends is still more fun than Fortnite!,2025-10-13 21:14:53,2025-10-13 21:15:00,45
649,ApexLegends,Positive,Although Apex World Legends is actually more fun than Fortnite!,2025-10-13 21:14:53,2025-10-13 21:15:00,63
649,ApexLegends,Positive,Apex Legends is actually more fun than THIS!,2025-10-13 21:14:53,2025-10-13 21:15:00,44
650,ApexLegends,Neutral,"Stressful, stressful, stressful..",2025-10-13 21:14:53,2025-10-13 21:15:00,35
650,ApexLegends,Neutral,"Stressful, stressful, stressful.",2025-10-13 21:14:53,2025-10-13 21:15:00,32
650,ApexLegends,Neutral,"Stress, fun, fun.",2025-10-13 21:14:53,2025-10-13 21:15:00,17
650,ApexLegends,Neutral,"Stressful, stressful, debilitating",2025-10-13 21:14:53,2025-10-13 21:15:00,34
650,ApexLegends,Neutral,"a Stressful, sometimes stressful, stressful..",2025-10-13 21:14:53,2025-10-13 21:15:00,45
650,ApexLegends,Neutral,"painful, stressful, stressful..",2025-10-13 21:14:53,2025-10-13 21:15:00,31
651,ApexLegends,Negative,@PlayApex Spooky season 2020 sucks. Games are too short,2025-10-13 21:14:53,2025-10-13 21:15:00,55
651,ApexLegends,Negative,@ PlayApex Spooky season 2020 sucks. Games are too short,2025-10-13 21:14:53,2025-10-13 21:15:00,56
651,ApexLegends,Negative,@ PlayApex Spoky season 2020 sucks. Games are too short,2025-10-13 21:14:53,2025-10-13 21:15:00,55
651,ApexLegends,Negative,@PlayApex Spooky season 2020 sucks. Games are too difficult,2025-10-13 21:14:53,2025-10-13 21:15:00,59
651,ApexLegends,Negative,2017 @PlayApex Spooky season 2020 sucks. Games hopes are falling too short,2025-10-13 21:14:53,2025-10-13 21:15:00,74
651,ApexLegends,Negative,<unk> Spooky season 2020 1. Games are too short,2025-10-13 21:14:53,2025-10-13 21:15:00,47
652,ApexLegends,Negative,"Ohh please make wattson and crypto be friends agaiiiin, the lines on the game makes me sad =/. . @PlayApex",2025-10-13 21:14:53,2025-10-13 21:15:00,108
652,ApexLegends,Negative,"Ohh please make Wattson and Crypto friends agaiiiin, the lines at stake make me sad = /.. @ PlayApex",2025-10-13 21:14:53,2025-10-13 21:15:00,100
652,ApexLegends,Negative,"Please make Wattson and Crypto friends, the lines in the game make me sad = /. @ PlayApex",2025-10-13 21:14:53,2025-10-13 21:15:00,89
652,ApexLegends,Negative,"Ohh please make she and i be friends agaiiiin, the lines on the game makes me sad =/.. @PlayApex",2025-10-13 21:14:53,2025-10-13 21:15:00,96
652,ApexLegends,Negative,"Ohh but please to make them wattson and crypto cannot be friends or agaiiiin, the lines on the game makes me sad = /.. I @PlayApex",2025-10-13 21:14:53,2025-10-13 21:15:00,130
652,ApexLegends,Negative,"Ohh please man wattson and crypto my friends agaiiiin, some lines on the game makes people sad =/.. And",2025-10-13 21:14:53,2025-10-13 21:15:00,103
653,ApexLegends,Neutral,"i love the map but honey, the materials seem like they’re more scarce .",2025-10-13 21:14:53,2025-10-13 21:15:00,72
653,ApexLegends,Neutral,"I love the card, but honey, the materials seem to be scarcer.",2025-10-13 21:14:53,2025-10-13 21:15:00,61
653,ApexLegends,Neutral,"i love the map but honey, the materials seem like they're more rare.",2025-10-13 21:14:53,2025-10-13 21:15:00,68
653,ApexLegends,Neutral,"i in the map but honey, the materials seem like they’re more scarce.",2025-10-13 21:14:53,2025-10-13 21:15:00,68
653,ApexLegends,Neutral,"i love the map but honey, the materials then seem like me they now ’ re more scarce.",2025-10-13 21:14:53,2025-10-13 21:15:00,84
653,ApexLegends,Neutral,"i love the music but now, the materials seem like they’re more scarce.",2025-10-13 21:14:53,2025-10-13 21:15:00,70
654,ApexLegends,Positive,"when i first played apex, i got a wave of happiness. this brings me back to it < 33",2025-10-13 21:14:53,2025-10-13 21:15:00,83
654,ApexLegends,Positive,"When I first played Summit, I got a wave of happy. that brings me back here < 33",2025-10-13 21:14:53,2025-10-13 21:15:00,80
654,ApexLegends,Positive,"When I first played at the top, I got a wave of happiness, which brings me back to it.",2025-10-13 21:14:53,2025-10-13 21:15:00,86
654,ApexLegends,Positive,"when i first played apex, i got a wave of happiness. Which brings me back to : < 33",2025-10-13 21:14:53,2025-10-13 21:15:00,83
654,ApexLegends,Positive,"when i first played apex, i got a wave of happiness. all this brings about me back again to it < chapter 33",2025-10-13 21:14:53,2025-10-13 21:15:00,107
654,ApexLegends,Positive,"when i first played apex, i got a wave of happiness. this joins us again to it < 33",2025-10-13 21:14:53,2025-10-13 21:15:00,83
655,ApexLegends,Irrelevant,"Greatest clips of the week Part 7. We back gaming fans with another edition of Greatest Clips of the Week, provided by Mixer streamer @Universe_Divide.",2025-10-13 21:14:53,2025-10-13 21:15:00,154
655,ApexLegends,Irrelevant,"Best Clips of the Week Part 7. We support gaming fans with another edition of the Greatest Clips of the Week, provided by Mixer streamer @ Universe _ Divide.",2025-10-13 21:14:53,2025-10-13 21:15:00,157
655,ApexLegends,Irrelevant,"Best Clips of the Week Part 7. We support gamers with yet another release of \"Best Clips of the Week,\" provided by Mixstream @ Universe _ Divide.",2025-10-13 21:14:53,2025-10-13 21:15:00,145
655,ApexLegends,Irrelevant,"Greatest clips of the week Part 7. We back gaming fans with another week of Best clips of the Week, provided by Mixer streamer @Universe_Divide.",2025-10-13 21:14:53,2025-10-13 21:15:00,144
655,ApexLegends,Irrelevant,"10 Greatest gameplay clips of the same week Part 7. We back with gaming fans with another global edition of Greatest Clips of the Week, provided worldwide by Mixer Network streamer @Universe_Divide.",2025-10-13 21:14:53,2025-10-13 21:15:00,198
655,ApexLegends,Irrelevant,"Greatest Clip of the weekly Part 7. We revisit gaming culture with another edition of Greatest Clips For the Week, provided by Mixer streamer @Universe_Divide.",2025-10-13 21:14:53,2025-10-13 21:15:00,159
656,ApexLegends,Neutral,Maybe have just the edge of the screen illuminate when leveling up an evo shield? Damn near burned my retinas  @PlayApex pic.twitter.com/JGGlGOEYDV,2025-10-13 21:14:53,2025-10-13 21:15:00,147
656,ApexLegends,Neutral,Maybe only the edge of the screen lights up when erecting an Evo sign? Damn near burned my retina @ PlayApex pic.twitter.com / JGGlGOEYDV,2025-10-13 21:14:53,2025-10-13 21:15:00,137
656,ApexLegends,Neutral,"Maybe only the edge of the screen is illuminated when the field is leveled? Damn, my retinas almost burned @ PlayApex pic.su / JGlGlGOEYDV",2025-10-13 21:14:53,2025-10-13 21:15:00,138
656,ApexLegends,Neutral,Maybe have just the edge of the screen illuminate when leveling up an evo shield? Damn near burned my retinas  RhandlerR pic.twitter.com/JGGlGOEYDV,2025-10-13 21:14:53,2025-10-13 21:15:00,147
656,ApexLegends,Neutral,PC Maybe have just the edge of the screen illuminate when leveling up an evo shield? Damn near burned my retinas  RhandlerR pic.twitter.com/JGGlGOEYDV,2025-10-13 21:14:53,2025-10-13 21:15:00,150
656,ApexLegends,Neutral,I,2025-10-13 21:14:53,2025-10-13 21:15:00,1
657,ApexLegends,Neutral,We slowly fuckin shit up . twitch.tv/1ksteezus.,2025-10-13 21:14:53,2025-10-13 21:15:00,49
657,ApexLegends,Neutral,We fucking shit. twitch.tv / 1ksteezus.,2025-10-13 21:14:53,2025-10-13 21:15:00,39
657,ApexLegends,Neutral,We're slowly fucking shit. tch.tv / 1kstees.,2025-10-13 21:14:53,2025-10-13 21:15:00,44
657,ApexLegends,Neutral,We slowly fuckin shit up . twitch.tv/1ksteezus.,2025-10-13 21:14:53,2025-10-13 21:15:00,49
657,ApexLegends,Neutral,of We slowly fuckin shit up . twitch.tv/1ksteezus.,2025-10-13 21:14:53,2025-10-13 21:15:00,52
657,ApexLegends,Neutral,or,2025-10-13 21:14:53,2025-10-13 21:15:00,2
658,ApexLegends,Neutral,Some battle action from Last Stream. . twitch.tv/videos/5483364…. . ** warning ** maybe no audio due to streaming copyrighted music. . @LockDownGamin @PlayApex @Respawn,2025-10-13 21:14:53,2025-10-13 21:15:00,168
658,ApexLegends,Neutral,Some battle action from Last Stream.. twitch.tv / videos / 5483364..... * * Warning * * maybe no sound due to streaming copyrighted music... @ LockDownGamin @ PlayApex @ Respawn,2025-10-13 21:14:53,2025-10-13 21:15:00,177
658,ApexLegends,Neutral,Some fighting from Last Stream... tch.tv / videos / 5483364..... * * warning * * maybe no audio due to streaming copyrighted music... @ LockDownGamin @ PlayApex @ Respawn,2025-10-13 21:14:53,2025-10-13 21:15:00,170
658,ApexLegends,Neutral,Some battle action from Last Stream. . twitch.tv/videos/5483364…. . ** warning ** maybe no audio due to streaming copyrighted music. . RhandlerR RhandlerR RhandlerR,2025-10-13 21:14:53,2025-10-13 21:15:00,164
658,ApexLegends,Neutral,2 Some battle action from Last Stream. . twitch.tv/videos/5483364…. . ** warning ** maybe no audio due to streaming copyrighted music. . RhandlerR RhandlerR RhandlerR,2025-10-13 21:14:53,2025-10-13 21:15:00,166
658,ApexLegends,Neutral,us,2025-10-13 21:14:53,2025-10-13 21:15:00,2
659,ApexLegends,Neutral,Haha bet you by 4 points @DigitalNutter87 in ranked .,2025-10-13 21:14:53,2025-10-13 21:15:00,61
659,ApexLegends,Neutral,Haha bet you 4 points @ DigitalNutter87 in the leaderboard.,2025-10-13 21:14:53,2025-10-13 21:15:00,59
659,ApexLegends,Neutral,Hahaha put you 4 points behind @ N87 in the rankings.,2025-10-13 21:14:53,2025-10-13 21:15:00,53
659,ApexLegends,Neutral,Haha bet you by 4 points @DigitalNutter87 when ranked.,2025-10-13 21:14:53,2025-10-13 21:15:00,54
659,ApexLegends,Neutral,20 Haha bet you winning by 4 points @DigitalNutter87 in ranked.,2025-10-13 21:14:53,2025-10-13 21:15:00,63
659,ApexLegends,Neutral,I bet you by 4 points @DigitalNutter87 2 ranked.,2025-10-13 21:14:53,2025-10-13 21:15:00,48
660,ApexLegends,Neutral,We climbing in ranked or what? @PlayApex  . twitch.tv/boiyom. Discord: discord.gg/7g3FM2u,2025-10-13 21:14:53,2025-10-13 21:15:00,89
660,ApexLegends,Neutral,We climb on place or what? @ PlayApex. twitch.tv / boiyom. Discord: discord.gg / 7g3FM2u,2025-10-13 21:14:53,2025-10-13 21:15:00,88
660,ApexLegends,Neutral,We climb in the ratings or what? @ PlayApex. tch.tv / boiyom. Discord: discord.gg / 7g3FM2u,2025-10-13 21:14:53,2025-10-13 21:15:00,91
660,ApexLegends,Neutral,We climbing in ranked or what? RhandlerR  . twitch.tv/boiyom. Discord: discord.gg/7g3FM2u,2025-10-13 21:14:53,2025-10-13 21:15:00,89
660,ApexLegends,Neutral,4 We climbing in ranked or what? RhandlerR  . twitch.tv/boiyom. Discord: discord.gg/7g3FM2u,2025-10-13 21:14:53,2025-10-13 21:15:00,91
660,ApexLegends,Neutral,like,2025-10-13 21:14:53,2025-10-13 21:15:00,4
661,ApexLegends,Neutral,This isn't amateur hour! I'm still crushing some Apex Legends.. twitch.tv/theflyingdtchm…,2025-10-13 21:14:53,2025-10-13 21:15:00,89
661,ApexLegends,Neutral,This is not an amateur hour! I am still destroying some Apex legends.. twitch.tv / theflyingdtchm...,2025-10-13 21:14:53,2025-10-13 21:15:00,100
661,ApexLegends,Neutral,This is not amateur hour! I still crash some Apex Legends.. tch.tv / theflyingchm...,2025-10-13 21:14:53,2025-10-13 21:15:00,84
661,ApexLegends,Neutral,This isn't amateur hour! I'm still crushing some Apex Legends.. twitch.tv/theflyingdtchm…,2025-10-13 21:14:53,2025-10-13 21:15:00,89
661,ApexLegends,Neutral,and This isn't amateur hour! I'm still crushing some Apex Legends.. twitch.tv/theflyingdtchm…,2025-10-13 21:14:53,2025-10-13 21:15:00,93
661,ApexLegends,Neutral,of,2025-10-13 21:14:53,2025-10-13 21:15:00,2
662,ApexLegends,Neutral,I had to kill these guys. They made my teammate quit.  . . store.playstation.com/,2025-10-13 21:14:53,2025-10-13 21:15:00,82
662,ApexLegends,Neutral,"I had to kill these guys, they made my teammate stop... store.playstation.com /",2025-10-13 21:14:53,2025-10-13 21:15:00,79
662,ApexLegends,Neutral,I had to kill these guys. They made me quit smoking... store.playstation.com /,2025-10-13 21:14:53,2025-10-13 21:15:00,78
662,ApexLegends,Neutral,I had someone kill these guys. They made my teammate quit. . :: store.playstation.com/,2025-10-13 21:14:53,2025-10-13 21:15:00,86
662,ApexLegends,Neutral,Somehow I had to kill these guys. But They made my teammate who quit... at store. playstation. com /,2025-10-13 21:14:53,2025-10-13 21:15:00,100
662,ApexLegends,Neutral,I had to hit these guys. I made our teammate quit... store.playstation.com/,2025-10-13 21:14:53,2025-10-13 21:15:00,75
663,ApexLegends,Neutral,". The Chocolate Factory is opening shortly!. . . twitch.tv/TheWonkaboy. . .  . . We reached Diamond 4, can we go higher? Send all your motivation and support .  https://t.co/wv9ijUvp6Z",2025-10-13 21:14:53,2025-10-13 21:15:00,184
663,ApexLegends,Neutral,"The Chocolate Factory is about to open!... twitch.tv / TheWonkaboy.... We have reached Diamond 4, can we go any higher? Send us your motivation and support. https: / / t.co / wv9ijUvp6Z",2025-10-13 21:14:53,2025-10-13 21:15:00,185
663,ApexLegends,Neutral,"The \"Factory of Miracles\" will soon open!.......................................................................................................................................................................",2025-10-13 21:14:53,2025-10-13 21:15:00,208
663,ApexLegends,Neutral,". The Chocolate Factory is opening shortly!. . . twitch.tv/TheWonkaboy. . .  . . We reached Diamond 4, can we go higher? Send all your motivation and support .  RhttpR]",2025-10-13 21:14:53,2025-10-13 21:15:00,168
663,ApexLegends,Neutral,"through . The Chocolate Factory is opening shortly!. . . twitch.tv/TheWonkaboy. . .  . . We reached Diamond 4, can we go higher? Send all your motivation and support .  RhttpR]",2025-10-13 21:14:53,2025-10-13 21:15:00,176
663,ApexLegends,Neutral,<unk>,2025-10-13 21:14:53,2025-10-13 21:15:00,5
664,ApexLegends,Positive,"After playing today, I’m gonna just say it.... . Worlds Edge is a better map than King’s Canyon 🤷‍. . . @PlayApex",2025-10-13 21:14:53,2025-10-13 21:15:00,115
664,ApexLegends,Positive,"After playing today, I'll just say it.... Worlds Edge is a better card than King's Canyon... @ PlayApex",2025-10-13 21:14:53,2025-10-13 21:15:00,103
664,ApexLegends,Positive,"After today's game, I'm just going to say this.... Edge of Worlds is better than King Canyon..... @ PlayApex",2025-10-13 21:14:53,2025-10-13 21:15:00,108
664,ApexLegends,Positive,"After playing today, I’m gonna just say it..... Worlds 17 is a better map against King’s Canyon Worlds... @PlayApex",2025-10-13 21:14:53,2025-10-13 21:15:00,115
664,ApexLegends,Positive,"After playing today, if I ’ · m gonna not just fucking say enjoy it..... the Worlds Edge is a better map than the King ’ s Canyon [UNK]... @PlayApex",2025-10-13 21:14:53,2025-10-13 21:15:00,148
664,ApexLegends,Positive,"After viewing today, is gonna completely dismiss it..... River Edge is a worse map than King’s Canyon <unk>... @PlayApex",2025-10-13 21:14:53,2025-10-13 21:15:00,120
665,ApexLegends,Neutral,My first attempt at MnK on @PlayApex ranked. So close to winning!. .. .  . . https://t.co/Df4Y6dddCT,2025-10-13 21:14:53,2025-10-13 21:15:00,100
665,ApexLegends,Neutral,My first try at MnK ranked on @ PlayApex. So close to winning!..... https: / / t.co / Df4Y6dddCT,2025-10-13 21:14:53,2025-10-13 21:15:00,96
665,ApexLegends,Neutral,My first attempt at MnK on @ PlayApex is ranked. So close to winning!...... https: / / Fenco / Df4Y6ddCT,2025-10-13 21:14:53,2025-10-13 21:15:00,104
665,ApexLegends,Neutral,My first attempt to MnK on @PlayApex ranked. So close to winning!.... . [- https://t.co/Df4Y6dddCT],2025-10-13 21:14:53,2025-10-13 21:15:00,99
665,ApexLegends,Neutral,My first first attempt though at achieving MnK goes on The @PlayApex once ranked. So close to winning!...... https://t.co/Df4Y6dddCT ],2025-10-13 21:14:53,2025-10-13 21:15:00,134
665,ApexLegends,Neutral,My first attempt a really doing @PlayApex ranked. So used to winning!...... https://t.co/Df4Y6dddCT],2025-10-13 21:14:53,2025-10-13 21:15:00,100
666,ApexLegends,Positive,Oh man this is good!!.  . -. -. ..,2025-10-13 21:14:53,2025-10-13 21:15:00,36
666,ApexLegends,Positive,"Oh man, that's good!!. -. -...",2025-10-13 21:14:53,2025-10-13 21:15:00,30
666,ApexLegends,Positive,Oh man this is good!!... -....,2025-10-13 21:14:53,2025-10-13 21:15:00,30
666,ApexLegends,Positive,Oh man this is good!!. . -. -. _,2025-10-13 21:14:53,2025-10-13 21:15:00,32
666,ApexLegends,Positive,Oh man how this story is very good!!.. -. -...,2025-10-13 21:14:53,2025-10-13 21:15:00,46
666,ApexLegends,Positive,Oh no this was good!!.. -. -...,2025-10-13 21:14:53,2025-10-13 21:15:00,31
667,ApexLegends,Negative,fuck,2025-10-13 21:14:53,2025-10-13 21:15:00,6
667,ApexLegends,Negative,Shit,2025-10-13 21:14:53,2025-10-13 21:15:00,4
667,ApexLegends,Negative,fuck,2025-10-13 21:14:53,2025-10-13 21:15:00,4
667,ApexLegends,Negative,fuck,2025-10-13 21:14:53,2025-10-13 21:15:00,4
667,ApexLegends,Negative,Holy fuck,2025-10-13 21:14:53,2025-10-13 21:15:00,9
667,ApexLegends,Negative,the,2025-10-13 21:14:53,2025-10-13 21:15:00,3
668,ApexLegends,Positive,I genuinely love this with all my heart.,2025-10-13 21:14:53,2025-10-13 21:15:00,40
668,ApexLegends,Positive,I love that with all my heart.,2025-10-13 21:14:53,2025-10-13 21:15:00,30
668,ApexLegends,Positive,I genuinely love it from the bottom of my heart.,2025-10-13 21:14:53,2025-10-13 21:15:00,48
668,ApexLegends,Positive,I genuinely say this with all my heart.,2025-10-13 21:14:53,2025-10-13 21:15:00,39
668,ApexLegends,Positive,I could genuinely love this with all my heart.,2025-10-13 21:14:53,2025-10-13 21:15:00,46
668,ApexLegends,Positive,I genuinely love flowers with all my heart.,2025-10-13 21:14:53,2025-10-13 21:15:00,43
669,ApexLegends,Positive,Thank you @PlayApex for fixing no regs pic.twitter.com/STXXgNmPyB,2025-10-13 21:14:53,2025-10-13 21:15:00,65
669,ApexLegends,Positive,Thank you @ PlayApex for making no mistakes pic.twitter.com / STXXgNmPyB,2025-10-13 21:14:53,2025-10-13 21:15:00,72
669,ApexLegends,Positive,Thanks to @ PlayApex for fixing no reggae pic.fm / STXXgNmPyB,2025-10-13 21:14:53,2025-10-13 21:15:00,61
669,ApexLegends,Positive,Thank you RhandlerR for fixing no regs pic.twitter.com/STXXgNmPyB,2025-10-13 21:14:53,2025-10-13 21:15:00,65
669,ApexLegends,Positive,2006 Thank you RhandlerR for fixing no regs pic.twitter.com/STXXgNmPyB,2025-10-13 21:14:53,2025-10-13 21:15:00,70
669,ApexLegends,Positive,out,2025-10-13 21:14:53,2025-10-13 21:15:00,3
670,ApexLegends,Neutral,I just made a new Apex Legends account and I just got 22 kills my first game .,2025-10-13 21:14:53,2025-10-13 21:15:00,79
670,ApexLegends,Neutral,I just opened a new Apex Legends account and I just finished my first game with 22 kills.,2025-10-13 21:14:53,2025-10-13 21:15:00,89
670,ApexLegends,Neutral,I just opened a new Apex Legends account and just got 22 killers in the first game.,2025-10-13 21:14:53,2025-10-13 21:15:00,83
670,ApexLegends,Neutral,I just made a new Apex Legends account and I just got 22 for my first game.,2025-10-13 21:14:53,2025-10-13 21:15:00,75
670,ApexLegends,Neutral,I just made me a new Apex Legends account and so I really just never got 22 kills my first game.,2025-10-13 21:14:53,2025-10-13 21:15:00,96
670,ApexLegends,Neutral,I just started 2 new Apex Legends account and I only got 22 kills my first game.,2025-10-13 21:14:53,2025-10-13 21:15:00,80
671,ApexLegends,Negative,"@PlayApex @Respawn you need to sort out ranked, ppl joining and going AFK, causing me to loose RP because it 1v3 isn't good for the community.. . fix it so you dont loose RP",2025-10-13 21:14:53,2025-10-13 21:15:00,173
671,ApexLegends,Negative,"@ PlayApex @ Respawn You have to sort the rankings, join ppl and go AFK, which causes me to lose RP because it's 1v3 not good for the community... fix it so you dont lose RP",2025-10-13 21:14:53,2025-10-13 21:15:00,173
671,ApexLegends,Negative,"@ PlayApex @ Respawn you need to sort out ranked, ppl joining and going AFK, causing me to lose RP because it 1v3 isn't good for the community... fix it so you dont lose RP",2025-10-13 21:14:53,2025-10-13 21:15:00,172
671,ApexLegends,Negative,"@PlayApex @Respawn you need to sort out ranked, ppl joining and going AFK, causing me to loose RP because it 1v3 isn't good for the community.. you fix or dont you<unk> loose RP",2025-10-13 21:14:53,2025-10-13 21:15:00,177
671,ApexLegends,Negative,"@PlayApex 2 @Respawn Once you need to completely sort out the ranked, ppl joining early and going AFK, causing me to loose RP because it in 1v3 isn't good and for joining the listening community... not fix it so you dont loose RP",2025-10-13 21:14:53,2025-10-13 21:15:00,229
671,ApexLegends,Negative,"@PlayApex v 3 need also sort out ranked, ppl joining and going AFK, causing people to loose RP because it 1v3 isn't strong for the economy... Make it so you dont need RP",2025-10-13 21:14:53,2025-10-13 21:15:00,169
672,ApexLegends,Irrelevant,Just unfollowed this loser-ass page because they post simp-ass shit like this that is overall EXTREMELY toxic for the community.,2025-10-13 21:14:53,2025-10-13 21:15:00,128
672,ApexLegends,Irrelevant,Just don't follow this loser ass page because they post such a shit that is totally EXTREMELY toxic to the community.,2025-10-13 21:14:53,2025-10-13 21:15:00,117
672,ApexLegends,Irrelevant,Just unfollowed this loser-ass page because they post simp-ass shit like this that is all EXTREMEly toxic for the community.,2025-10-13 21:14:53,2025-10-13 21:15:00,124
672,ApexLegends,Irrelevant,Just unfollowed this loser-ass page because they post ugly-ass propaganda like this that is overall EXTREMELY toxic for the Internet.,2025-10-13 21:14:53,2025-10-13 21:15:00,133
672,ApexLegends,Irrelevant,Just us unfollowed this loser - ass email page because they post stupid simp - like ass electronic shit like this stuff that is overall EXTREMELY toxic for the community.,2025-10-13 21:14:53,2025-10-13 21:15:00,170
672,ApexLegends,Irrelevant,have unfollowed that loser-ass page because they post simp-ass shit like those that is overall EXTREMELY inappropriate for the community.,2025-10-13 21:14:53,2025-10-13 21:15:00,137
673,ApexLegends,Neutral,May not be playing @PUBG afterall. Servers are down and it's being temperamental lol. . Potato @PlayApex anyone?,2025-10-13 21:14:53,2025-10-13 21:15:00,112
673,ApexLegends,Neutral,Maybe @ PUBG isn't playing after all. Servers are down and it's temperamental lol... Potato @ PlayApex anyone?,2025-10-13 21:14:53,2025-10-13 21:15:00,110
673,ApexLegends,Neutral,Maybe not playing @ PUBG after all. Servers don't work and it's hardening... Potato @ PlayApex anyone?,2025-10-13 21:14:53,2025-10-13 21:15:00,102
673,ApexLegends,Neutral,May someone be playing @PUBG afterall. Ratings are down and it's being temperamental lol.. Potato @PlayApex anyone?,2025-10-13 21:14:53,2025-10-13 21:15:00,115
673,ApexLegends,Neutral,May we not be playing any @PUBG afterall. Sometimes Servers here are not down and though it's probably being temperamental lol.. Potato @PlayApex anyone?,2025-10-13 21:14:53,2025-10-13 21:15:00,153
673,ApexLegends,Neutral,will not be active online afterall. Servers are down<unk> it's really temperamental lol.. Potato @PUBG anyone?,2025-10-13 21:14:53,2025-10-13 21:15:00,110
674,ApexLegends,Irrelevant,Twitter video quality is horrible . .. .. .. .. .. .. .. ..,2025-10-13 21:14:53,2025-10-13 21:15:00,61
674,ApexLegends,Irrelevant,The video quality of Twitter is terrible...............,2025-10-13 21:14:53,2025-10-13 21:15:00,55
674,ApexLegends,Irrelevant,The quality of the video on Twitter is terrible...............,2025-10-13 21:14:53,2025-10-13 21:15:00,62
674,ApexLegends,Irrelevant,Twitter post quality is horrible.................,2025-10-13 21:14:53,2025-10-13 21:15:00,49
674,ApexLegends,Irrelevant,Any Twitter account video message quality is too horrible.................,2025-10-13 21:14:53,2025-10-13 21:15:00,74
674,ApexLegends,Irrelevant,your accounts link is poor.................,2025-10-13 21:14:53,2025-10-13 21:15:00,43
675,ApexLegends,Positive,I love her .,2025-10-13 21:14:53,2025-10-13 21:15:00,15
675,ApexLegends,Positive,I love her.,2025-10-13 21:14:53,2025-10-13 21:15:00,11
675,ApexLegends,Positive,I love her.,2025-10-13 21:14:53,2025-10-13 21:15:00,11
675,ApexLegends,Positive,I love her<unk>,2025-10-13 21:14:53,2025-10-13 21:15:00,15
675,ApexLegends,Positive,That I love her.,2025-10-13 21:14:53,2025-10-13 21:15:00,16
675,ApexLegends,Positive,do love her.,2025-10-13 21:14:53,2025-10-13 21:15:00,12
676,ApexLegends,Neutral,Hit 8000 kills!!!!! .,2025-10-13 21:14:53,2025-10-13 21:15:00,24
676,ApexLegends,Neutral,Hit 8000 kills!!!!!.,2025-10-13 21:14:53,2025-10-13 21:15:00,20
676,ApexLegends,Neutral,Мбаппе - кубица!!!!!!!!!!!!!!!!!!!!!!!!!!!!!!!!!!!!!!!!!!!!!!!!!!!!!!!!!!!!!!!!!!!!!!!!!!!!!!!!!!!!!!!!!!!!!!!!!!!!!!!!!!!!!!!!!!!!!!!!!!!!!!!!!!!!!!!!!!,2025-10-13 21:14:53,2025-10-13 21:15:00,153
676,ApexLegends,Neutral,Hit men kills!!!!!.,2025-10-13 21:14:53,2025-10-13 21:15:00,19
676,ApexLegends,Neutral,Hit at 8000 percent kills!!!!!.,2025-10-13 21:14:53,2025-10-13 21:15:00,31
676,ApexLegends,Neutral,Hit 8000 Hot!!!!!.,2025-10-13 21:14:53,2025-10-13 21:15:00,18
677,ApexLegends,Neutral,My worst nightmare . .,2025-10-13 21:14:53,2025-10-13 21:15:00,24
677,ApexLegends,Neutral,My worst nightmare.,2025-10-13 21:14:53,2025-10-13 21:15:00,19
677,ApexLegends,Neutral,My worst nightmare...,2025-10-13 21:14:53,2025-10-13 21:15:00,21
677,ApexLegends,Neutral,My worst nightmare. …,2025-10-13 21:14:53,2025-10-13 21:15:00,21
677,ApexLegends,Neutral,My whole worst nightmare..,2025-10-13 21:14:53,2025-10-13 21:15:00,26
677,ApexLegends,Neutral,My worst point..,2025-10-13 21:14:53,2025-10-13 21:15:00,16
678,ApexLegends,Negative,"@Respawn @PlayApex  @lowkeydbjosh  How many more do you need to do something? Every day is worst, is ruin game fun.... youtube.com/watch?v=6WZW-N…",2025-10-13 21:14:53,2025-10-13 21:15:00,146
678,ApexLegends,Negative,"@ Respawn @ PlayApex @ lowkeydbjosh How many more do you need to do something? Every day is the worst, ruin game is fun.... youtube.com / watch? v = 6WZW-N...",2025-10-13 21:14:53,2025-10-13 21:15:00,158
678,ApexLegends,Negative,@ Respawn @ PlayApex @ lowkeydbjosh How much more do you need to do?,2025-10-13 21:14:53,2025-10-13 21:15:00,68
678,ApexLegends,Negative,"@Respawn!!  @PlayApex  So many more do you need to do something? Every day gets fun, is ruin game fun.... youtube.com/watch?v=6WZW-N…",2025-10-13 21:14:53,2025-10-13 21:15:00,133
678,ApexLegends,Negative,"Draw @Respawn @PlayApex @lowkeydbjosh How many more do you likely need up to do or something? Notes Every day it is going worst, some is ruin in game fun.... view youtube. com / watch? v = 6WZW - N …",2025-10-13 21:14:53,2025-10-13 21:15:00,199
678,ApexLegends,Negative,"to 3 @Respawn How many more do you need to do something? Twenty more is worst, biggest ruin of fun.... search.com/watch?v=6WZW-N...",2025-10-13 21:14:53,2025-10-13 21:15:00,131
679,ApexLegends,Irrelevant,Can’t even send a message in peace pic.twitter.com/HZf5wYaOGn,2025-10-13 21:14:53,2025-10-13 21:15:00,61
679,ApexLegends,Irrelevant,Can't even send a message in peace pic.twitter.com / HZf5wYaOGn,2025-10-13 21:14:53,2025-10-13 21:15:00,63
679,ApexLegends,Irrelevant,Can't even send a message in peace pic.wikipedia.org / HZf5wYaOGn,2025-10-13 21:14:53,2025-10-13 21:15:00,65
679,ApexLegends,Irrelevant,Can’t even send a message in peace pic.twitter.com/HZf5wYaOGn,2025-10-13 21:14:53,2025-10-13 21:15:00,61
679,ApexLegends,Irrelevant,The Can’t even send a message in peace pic.twitter.com/HZf5wYaOGn,2025-10-13 21:14:53,2025-10-13 21:15:00,65
679,ApexLegends,Irrelevant,an,2025-10-13 21:14:53,2025-10-13 21:15:00,2
680,ApexLegends,Neutral,A full two minutes couldn't even capture my glory!!!!!!!!,2025-10-13 21:14:53,2025-10-13 21:15:00,59
680,ApexLegends,Neutral,Two whole minutes could not even capture my fame!!!!!!!!!,2025-10-13 21:14:53,2025-10-13 21:15:00,57
680,ApexLegends,Neutral,The whole two minutes couldn't even capture my glory!!!!!!!!!,2025-10-13 21:14:53,2025-10-13 21:15:00,61
680,ApexLegends,Neutral,A full two minutes to even capture my glory!!!!!!!!,2025-10-13 21:14:53,2025-10-13 21:15:00,51
680,ApexLegends,Neutral,But A full two minutes couldn't t even capture my rising glory!!!!!!!!,2025-10-13 21:14:53,2025-10-13 21:15:00,70
680,ApexLegends,Neutral,A full 6 minutes couldn't even capture my glory!!!!!!!!,2025-10-13 21:14:53,2025-10-13 21:15:00,55
681,ApexLegends,Negative,@PlayApex @DangerousDanXI and I cannot get into a freaking lobby what the heck,2025-10-13 21:14:53,2025-10-13 21:15:00,78
681,ApexLegends,Negative,@ PlayApex @ DangerousDanXI and I can't get into a freaky lobby what the hell,2025-10-13 21:14:53,2025-10-13 21:15:00,77
681,ApexLegends,Negative,@ PlayApex @ DangerousDanXI and I can get into a freaking lobby what the heck,2025-10-13 21:14:53,2025-10-13 21:15:00,77
681,ApexLegends,Negative,@PlayApex @DangerousDanXI and I cannot get into a freaking lobby what da heck,2025-10-13 21:14:53,2025-10-13 21:15:00,77
681,ApexLegends,Negative,@PlayApex no @DangerousDanXI and I obviously cannot get us into a freaking lobby what the heck,2025-10-13 21:14:53,2025-10-13 21:15:00,94
681,ApexLegends,Negative,@PlayApex @DangerousDanXI and I cannot get into a movie lobby what no shit,2025-10-13 21:14:53,2025-10-13 21:15:00,74
682,ApexLegends,Neutral,"Apex Legends - 4,350 Apex Coins [Online Game Code]. . New Loot to Chase – Score over 100 exclusive items with the Battle Pass, like Legend skins, banner cards, XP boosts, and more. Everything you snag before the season’s over is yours to keep.. . amzn.to/32HNbQZ",2025-10-13 21:14:53,2025-10-13 21:15:00,262
682,ApexLegends,Neutral,"Apex Legends - 4,350 Apex Coins [Online Game Code].. New Loot to Chase - Win over 100 exclusive items such as Legend Skins, Banner Cards, EP Boosts and more with the Battle Pass. Everything you get before the end of the season is yours... amzn.to / 32HNbQZ",2025-10-13 21:14:53,2025-10-13 21:15:00,256
682,ApexLegends,Neutral,"Apex Legends - 4350 Apex Coins [Online Game Code]... New Loot to Chase - Collect more than 100 exclusive items from the Battle of the psychics, such as Lehskins, banner cards, XP boosts and much more. All you have to do before the end of the season is to save... amzto / 32HNbQZ",2025-10-13 21:14:53,2025-10-13 21:15:00,278
682,ApexLegends,Neutral,"Apex Legends - 4,350 Mega Coins [Online Game Code].. Add Loot to Chase – Score over 100 exclusive items with the Battle Hunt, like Legend skins, banner icons, performance boosts, and more. Everything you snag before tournament season’s over is yours to keep... amzn.to/32HNbQZ",2025-10-13 21:14:53,2025-10-13 21:15:00,276
682,ApexLegends,Neutral,"Apex Legends - 1 4, 350 Apex Blue Coins [ Online Series Game Code ].. New Player Loot to Battle Chase – Score over 100 exclusive items with the same Battle Pass, like Legend skins, banner cards, XP boosts, and even more. Everything you snag before after the season ’ s start over is yours and to keep... amzn. to / 32HNbQZ",2025-10-13 21:14:53,2025-10-13 21:15:00,322
682,ApexLegends,Neutral,"Apex Legends - 4,350 Apex Coins [Online Source Code].. New Boy to Chase – Its around 100 exclusive rewards with bonus Game Pass, like Legend skins, pet cards, XP boosts, plus more. Everything you snag before the fighting over is yours to keep... amzn.to/32HNbQZ",2025-10-13 21:14:53,2025-10-13 21:15:00,261
683,ApexLegends,Positive,@PlayApex. The animation .  good god I can wait . youtu.be/QzfsGxrCD4o,2025-10-13 21:14:53,2025-10-13 21:15:00,70
683,ApexLegends,Positive,@ PlayApex. The animation. Good God I can wait. youtu.be / QzfsGxrCD4o,2025-10-13 21:14:53,2025-10-13 21:15:00,70
683,ApexLegends,Positive,"@ PlayApex. Animation. Good god, I can wait. youtu.be / QzGxrCD4o",2025-10-13 21:14:53,2025-10-13 21:15:00,65
683,ApexLegends,Positive,@PlayApex. c animation.  good god I can see. youtu.be/QzfsGxrCD4o,2025-10-13 21:14:53,2025-10-13 21:15:00,65
683,ApexLegends,Positive,@PlayApex. com The animation. Dear good god how I can just wait. youtu. be / at QzfsGxrCD4o,2025-10-13 21:14:53,2025-10-13 21:15:00,91
683,ApexLegends,Positive,@PlayApex. The actual. good god name may call. youtu.be/QzfsGxrCD4o,2025-10-13 21:14:53,2025-10-13 21:15:00,67
685,ApexLegends,Negative,@PlayApex I created this account just to see if I can get a response about the games bugs. Playing on PS4 and sprint just randomly stops...what’s up with that?,2025-10-13 21:14:53,2025-10-13 21:15:00,159
685,ApexLegends,Negative,@ PlayApex I created this account just to see if I can get a response to the game bugs. Play on the ps4 and just stop randomly... what's wrong with that?,2025-10-13 21:14:53,2025-10-13 21:15:00,153
685,ApexLegends,Negative,@ PlayApex I created this account just to see if I can get a response about the games bugs. PlayApex I created this account just to see if I can get a response about the games bugs. Playing on PS4 and print just randomly stops... what's up with that?,2025-10-13 21:14:53,2025-10-13 21:15:00,250
685,ApexLegends,Negative,@PlayApex I created you account just to see if I can get a response about the games bugs. Playing on PS4 and sprint just nobody comes up with that?,2025-10-13 21:14:53,2025-10-13 21:15:00,147
685,ApexLegends,Negative,@PlayApex I created this account just to go see if I can all get a straight response in about the games bugs. Tom Playing on his PS4 and sprint just randomly stops... what ’ says s he up with that?,2025-10-13 21:14:53,2025-10-13 21:15:00,197
685,ApexLegends,Negative,@PlayApex I created a website just to see if I had get a response about the current bugs. Playing on PS4 and sprint just of stops...what’s up all that?,2025-10-13 21:14:53,2025-10-13 21:15:00,151
686,ApexLegends,Negative,@PlayApex are you going to fix the constant blue screen crashes on PS4? TWO matches in a row a Caustic trap goes off and my game locks up. Nothing like 72 points down the drain.,2025-10-13 21:14:53,2025-10-13 21:15:00,177
686,ApexLegends,Negative,@ PlayApex Will you fix the constant blue screen crashes on the PS4? TWO games in a row a caustic trap starts and my game closes. Nothing like 72 points down the drain.,2025-10-13 21:14:53,2025-10-13 21:15:00,168
686,ApexLegends,Negative,@ PlayApex are you going to fix the permanent blue screen crashes on the PS4? TWO consecutive Caustic trap matches are gone and my game is blocked. Nothing like 72 points down the draft.,2025-10-13 21:14:53,2025-10-13 21:15:00,186
686,ApexLegends,Negative,@PlayApex are you supposed to miss the constant blue screen crashes about it? TWO matches in a row a Caustic trap goes off and my game locks up. Nothing like 72 points down the drain.,2025-10-13 21:14:53,2025-10-13 21:15:00,183
686,ApexLegends,Negative,@PlayApex are you going to fix the constant blue cartoon screen crashes on its PS4? TWO matches everything in like a row a crazy Caustic trap goes blazing off upstairs and my game locks up. Nothing looks like 72 million points down the drain.,2025-10-13 21:14:53,2025-10-13 21:15:00,242
686,ApexLegends,Negative,@PlayApex are you going to do the constant blue patch crashes on PS4? 8 matches in a succession a Caustic trap goes off and my game down completely. Nothing like 72 points down the drain.,2025-10-13 21:14:53,2025-10-13 21:15:00,187
687,ApexLegends,Neutral,Check out Apex Legends Pubs twitch.tv/jewels777ttv                        Show me some love,2025-10-13 21:14:53,2025-10-13 21:15:00,91
687,ApexLegends,Neutral,Check out Apex Legends Pubs twitch.tv / jewels777ttv Show me some love,2025-10-13 21:14:53,2025-10-13 21:15:00,70
687,ApexLegends,Neutral,Check out Apex Legends Petch.tv / jewels777ttv,2025-10-13 21:14:53,2025-10-13 21:15:00,46
687,ApexLegends,Neutral,Check out Apex Legends Pubs twitch.tv/jewels777ttv                        Show me some love,2025-10-13 21:14:53,2025-10-13 21:15:00,91
687,ApexLegends,Neutral,and Check out Apex Legends Pubs twitch.tv/jewels777ttv                        Show me some love,2025-10-13 21:14:53,2025-10-13 21:15:00,95
687,ApexLegends,Neutral,of,2025-10-13 21:14:53,2025-10-13 21:15:00,2
688,ApexLegends,Negative,wtf cargo bot.....,2025-10-13 21:14:53,2025-10-13 21:15:00,20
688,ApexLegends,Negative,wtf...,2025-10-13 21:14:53,2025-10-13 21:15:00,6
688,ApexLegends,Negative,wtf cargo bot.....,2025-10-13 21:14:53,2025-10-13 21:15:00,18
688,ApexLegends,Negative,wtf<unk> bot.....,2025-10-13 21:14:53,2025-10-13 21:15:00,17
688,ApexLegends,Negative,and wtf cargo the bot.....,2025-10-13 21:14:53,2025-10-13 21:15:00,26
688,ApexLegends,Negative,wtf that bot.....,2025-10-13 21:14:53,2025-10-13 21:15:00,17
689,ApexLegends,Neutral,We need a third for Ranked right now!,2025-10-13 21:14:53,2025-10-13 21:15:00,39
689,ApexLegends,Neutral,We now need a third for Ranked!,2025-10-13 21:14:53,2025-10-13 21:15:00,31
689,ApexLegends,Neutral,We need a third for the Ranking right now!,2025-10-13 21:14:53,2025-10-13 21:15:00,42
689,ApexLegends,Neutral,We need a third for Ranked right though!,2025-10-13 21:14:53,2025-10-13 21:15:00,40
689,ApexLegends,Neutral,We need about a third for Ranked right around now!,2025-10-13 21:14:53,2025-10-13 21:15:00,50
689,ApexLegends,Neutral,really need a third for Ranked right now!,2025-10-13 21:14:53,2025-10-13 21:15:00,41
690,ApexLegends,Negative,@PlayApex so y’all fr just don’t care about how terrible these servers are?,2025-10-13 21:14:53,2025-10-13 21:15:00,75
690,ApexLegends,Negative,@ PlayApex so y'all fr just don't care how awful these servers are?,2025-10-13 21:14:53,2025-10-13 21:15:00,67
690,ApexLegends,Negative,@ PlayApex so y'all just don't care how awful these servers are?,2025-10-13 21:14:53,2025-10-13 21:15:00,64
690,ApexLegends,Negative,@PlayApex so y’all fr just don’t care about being terrible these children are?,2025-10-13 21:14:53,2025-10-13 21:15:00,78
690,ApexLegends,Negative,@PlayApex so very y ’ all fr just don ’ t care about also how damned terrible these old servers are?,2025-10-13 21:14:53,2025-10-13 21:15:00,100
690,ApexLegends,Negative,@PlayApex Do y’all fr just don’t understand about how terrible these films are?,2025-10-13 21:14:53,2025-10-13 21:15:00,79
691,ApexLegends,Positive,Ayy!! I love this damn wingman!!!!,2025-10-13 21:14:53,2025-10-13 21:15:00,36
691,ApexLegends,Positive,Ayy!! I love this fucking wingman!!!!,2025-10-13 21:14:53,2025-10-13 21:15:00,37
691,ApexLegends,Positive,Ayy!! I love this damn wingman!!!!,2025-10-13 21:14:53,2025-10-13 21:15:00,34
691,ApexLegends,Positive,Ayy!! I love those damn wingman!!!!,2025-10-13 21:14:53,2025-10-13 21:15:00,35
691,ApexLegends,Positive,Ayy!! Like I love this every damn angel wingman!!!!,2025-10-13 21:14:53,2025-10-13 21:15:00,51
691,ApexLegends,Positive,Ayy!! just love this damn wingman!!!!,2025-10-13 21:14:53,2025-10-13 21:15:00,37
692,ApexLegends,Negative,"@PlayApex so you guys have zero humans in customer support? Best friends account was CLEARLY hacked for the purpose of aimbotting/hacking in game, he sent 2 tickets and never got a human response. He has proof, you guys won't even look at it. We have supported your game since day",2025-10-13 21:14:53,2025-10-13 21:15:00,280
692,ApexLegends,Negative,"@ PlayApex, so you have zero people in customer service? The best friends account was hacked KLARL to target / hack the game, he sent 2 tickets and never got a human response. He has evidence, you won't even watch it. We have supported your game since the day.",2025-10-13 21:14:53,2025-10-13 21:15:00,260
692,ApexLegends,Negative,"@ PlayApex so you guys don't have people in customer support? The best friends account was CLEARLY hacked to hack / hack into the game, it sent 2 tickets and never got a human response.",2025-10-13 21:14:53,2025-10-13 21:15:00,185
692,ApexLegends,Negative,"@PlayApex so you guys have zero humans on your life? Best friends account was CLEARLY hacked for illegal purpose of aimbotting/hacking in game, he sent 2 tickets and never got a human response. He has proof, those guys won't even look at it. We have supported your business since day",2025-10-13 21:14:53,2025-10-13 21:15:00,283
692,ApexLegends,Negative,"@PlayApex so you guys have zero humans in customer support? Best friends account was basically CLEARLY hacked for the purpose of aimbotting / hacking in game, he just sent 2 lottery tickets short and never got a proper human response. He has no proof, you good guys won't even dare look at it. We have supported losing your game practically since day",2025-10-13 21:14:53,2025-10-13 21:15:00,350
692,ApexLegends,Negative,"@PlayApex so you wanna have zero experience contacting customer support? Best playing account was CLEARLY hacked for that purpose of aimbotting/hacking my game, dude bought 2 tickets and never got a human response. He prints proof, you guys won't even look at it. We 100% supported your game since day",2025-10-13 21:14:53,2025-10-13 21:15:00,301
693,ApexLegends,Neutral,. . Stupid robot. pic.twitter.com/nX5ZFPM85G,2025-10-13 21:14:53,2025-10-13 21:15:00,45
693,ApexLegends,Neutral,Stupid robot. pic.twitter.com / nX5ZFPM85G,2025-10-13 21:14:53,2025-10-13 21:15:00,42
693,ApexLegends,Neutral,Silly Robot. pic.nX5ZM85G,2025-10-13 21:14:53,2025-10-13 21:15:00,25
693,ApexLegends,Neutral,. . Stupid robot. pic.twitter.com/nX5ZFPM85G,2025-10-13 21:14:53,2025-10-13 21:15:00,45
693,ApexLegends,Neutral,2010  . . Stupid robot. pic.twitter.com/nX5ZFPM85G,2025-10-13 21:14:53,2025-10-13 21:15:00,50
693,ApexLegends,Neutral,in,2025-10-13 21:14:53,2025-10-13 21:15:00,2
694,ApexLegends,Neutral,Soooo is this because of Cheaters or bad connection? @PlayApex @TitanfallBlog @TitanfallBlog @ApexPS4 @PlayApex pic.twitter.com/QLQ6Upi7c4,2025-10-13 21:14:53,2025-10-13 21:15:00,138
694,ApexLegends,Neutral,Is this because of scammers or bad connection? @ PlayApex @ TitanfallBlog @ TitanfallBlog @ ApexPS4 @ PlayApex pic.twitter.com / QLQ6Upi7c4,2025-10-13 21:14:53,2025-10-13 21:15:00,139
694,ApexLegends,Neutral,Soooo is it because of scams or bad communication? @ PlayApex @ Titanfall.com @ ApexPS4 @ PlayApex pic.su / QLQ6Upi7c4,2025-10-13 21:14:53,2025-10-13 21:15:00,118
694,ApexLegends,Neutral,Soooo is this because of Cheaters or bad connection? RhandlerR RhandlerR RhandlerR RhandlerR RhandlerR pic.twitter.com/QLQ6Upi7c4,2025-10-13 21:14:53,2025-10-13 21:15:00,129
694,ApexLegends,Neutral,com Soooo is this because of Cheaters or bad connection? RhandlerR RhandlerR RhandlerR RhandlerR RhandlerR pic.twitter.com/QLQ6Upi7c4,2025-10-13 21:14:53,2025-10-13 21:15:00,133
694,ApexLegends,Neutral,have,2025-10-13 21:14:53,2025-10-13 21:15:00,4
695,ApexLegends,Neutral,Shouts out to the gang for the apex stream today!! Big blessings and love to @TheRealMrNxtLvl @IAmCinaed @iStayMisfit for playing with me on stream and ending the stream with a Dub!! Let's go! BLESS UP!.  @SmallStreamersC @rtsmallstreams @SupportStreamz @TwitchSIE @PlayApex,2025-10-13 21:14:53,2025-10-13 21:15:00,274
695,ApexLegends,Neutral,Shout out to the gang today for the apex stream!! Big blessings and love to @ TheRealMrNxtLvl @ IAmCinaed @ iStayMisfit for playing with me in the stream and ending the stream with a dub!! Let's go! BLESS UP!. @ SmallStreamersC @ rtsmallstreams @ SupportStreamz @ TwitchSIE @ PlayApex,2025-10-13 21:14:53,2025-10-13 21:15:00,284
695,ApexLegends,Neutral,Shout out to the gang for the top of the current today!! Big bloodletting and love to @ TheRealMrNxtLvl @ IAmCinaed @ iStayMisfit for playing with me on the current and ending the current with a double!! Let's go! BLESS UP!. @ SmallStreamsC @ rtsmallstreams @ Supply Streamz @ TchSIE @ PlayApex,2025-10-13 21:14:53,2025-10-13 21:15:00,294
695,ApexLegends,Neutral,Shouts out to the gang for the apex stream!! Big blessings and love on @TheRealMrNxtLvl @IAmCinaed @iStayMisfit for playing with me on stream and ending our stream with a Dub!! Let's go! WIN UP!. <unk> @SmallStreamersC @rtsmallstreams V @SupportStreamz,2025-10-13 21:14:53,2025-10-13 21:15:00,252
695,ApexLegends,Neutral,Shouts out goodbye to all the gang for the apex stream today!! Big time blessings and love forever to @TheRealMrNxtLvl @IAmCinaed @iStayMisfit for playing with me on stream and then ending the stream with you a Dub!!... Let'sq s let go! BLESS UP!. @SmallStreamersC OR @rtsmallstreams @SupportStreamz @TwitchSIE @PlayApex,2025-10-13 21:14:53,2025-10-13 21:15:00,320
695,ApexLegends,Neutral,Shouts off to the gang for the apex for<unk> Big blessings and also to @TheRealMrNxtLvl ONLY @IAmCinaed by playing with me on stream and ending a night with a Dub!! Let's go! BLESS UP!. For @iStayMisfit ONLY @SmallStreamersC @rtsmallstreams,2025-10-13 21:14:53,2025-10-13 21:15:00,240
696,ApexLegends,Positive,Another epic night of wins and non-wins await us !!! Here’s hoping more wins . . . Live with @PlayApex alongside these champs @_ForrestGaming and @FunnyMATTers 🤩. . Twitch.tv/TheMichelle620 . . I’m here for the carries and maybe finish up some challenges .  https://t.co/OMxGh3l2lI,2025-10-13 21:14:53,2025-10-13 21:15:00,281
696,ApexLegends,Positive,Another epic night of wins and non-wins awaits us!!! Here's hoping for more wins... Live with @ PlayApex alongside these champions @ _ ForrestGaming and @ FunnyMATTers... Twitch.tv / TheMichelle620... I'm here for the carries and maybe finish some challenges. https: / / t.co / OMxGh3l2lI,2025-10-13 21:14:53,2025-10-13 21:15:00,288
696,ApexLegends,Positive,Another epic night of victories and defeats awaits us!!! Here's hoping for more victories... Live with @ PlayApex alongside these ch @ _ ForrestGaming and @ FunnyMATTers... I'm here for the first time and maybe I'll solve some problems.,2025-10-13 21:14:53,2025-10-13 21:15:00,236
696,ApexLegends,Positive,Another epic night of kills and non-wins await us!!! Here’s to more wins happen.. Live with @PlayApex alongside these ladies @_ForrestGaming and @FunnyMATTers _.. Twitch.tv/TheMichelle620... I’m here for the carries and gonna finish up some challenges.  https://t.co/OMxGh3l2lI],2025-10-13 21:14:53,2025-10-13 21:15:00,278
696,ApexLegends,Positive,Another epic finals night of wins and non - wins await of us!!! Here ’ ′ s hoping more wins... Live with @PlayApex now alongside these champs @_ForrestGaming and @FunnyMATTers [UNK].. Twitch. tv / html TheMichelle620.. u I ’ m here for cleaning the carries and could maybe finish up some new challenges. The https://t.co/OMxGh3l2lI ],2025-10-13 21:14:53,2025-10-13 21:15:00,333
696,ApexLegends,Positive,Another epic night where successes and non-wins await you!!! Here’s for more wins... Finish with @PlayApex alongside these champs @_ForrestGaming or @FunnyMATTers <unk>.. Twitch.tv/TheMichelle620.. Get here for 3 day and maybe finish throwing some challenges. https://t.co/OMxGh3l2lI],2025-10-13 21:14:53,2025-10-13 21:15:00,284
697,ApexLegends,Negative,AYO THATS TUFF.,2025-10-13 21:14:53,2025-10-13 21:15:00,17
697,ApexLegends,Negative,AYO THATS TUFF.,2025-10-13 21:14:53,2025-10-13 21:15:00,15
697,ApexLegends,Negative,Ай-яй-яй-яй-яй-яй-яй-яй-яй-яй-яй-яй-яй-яй-яй-яй-яй-яй-яй-яй-яй-яй-яй-яй-яй-яй-яй-яй-яй-яй-яй-яй-яй-яй-яй-яй-яй-яй-яй-яй-яй-яй-яй-яй-яй-яй-яй-яй-яй-яй-яй-яй-яй-яй-яй-яй-яй-яй-яй-яй-яй-яй-яй-яй-яй-яй-,2025-10-13 21:14:53,2025-10-13 21:15:00,198
697,ApexLegends,Negative,AYO DA TUFF.,2025-10-13 21:14:53,2025-10-13 21:15:00,12
697,ApexLegends,Negative,35 AYO THATS ONE TUFF.,2025-10-13 21:14:53,2025-10-13 21:15:00,22
697,ApexLegends,Negative,AYO F TUFF.,2025-10-13 21:14:53,2025-10-13 21:15:00,11
698,ApexLegends,Negative,This shit go hard af god damn,2025-10-13 21:14:53,2025-10-13 21:15:00,29
698,ApexLegends,Negative,This shit gets hard af god damn,2025-10-13 21:14:53,2025-10-13 21:15:00,31
698,ApexLegends,Negative,It's shit cursed by God,2025-10-13 21:14:53,2025-10-13 21:15:00,23
698,ApexLegends,Negative,This night go hard af god damn,2025-10-13 21:14:53,2025-10-13 21:15:00,30
698,ApexLegends,Negative,This shit go hard af god a damn,2025-10-13 21:14:53,2025-10-13 21:15:00,31
698,ApexLegends,Negative,This shit go F af god damn,2025-10-13 21:14:53,2025-10-13 21:15:00,26
699,ApexLegends,Negative,APEX SESH! BAD GAMEPLAY AND WORSE CONVERSATIONS!,2025-10-13 21:14:53,2025-10-13 21:15:00,50
699,ApexLegends,Negative,APEX SESH! BATHROOM GAMEPLAY AND WORSE CONVERSATIONS!,2025-10-13 21:14:53,2025-10-13 21:15:00,53
699,ApexLegends,Negative,APEX SESH! BAD GAMLAY AND WORSE CONVERSATIONS!,2025-10-13 21:14:53,2025-10-13 21:15:00,46
699,ApexLegends,Negative,APEX SESH! BAD GAMEPLAY TO WORSE CONVERSATIONS!,2025-10-13 21:14:53,2025-10-13 21:15:00,47
699,ApexLegends,Negative,ACT APEX IN SESH! BAD OR GAMEPLAY AND 1 WORSE OF CONVERSATIONS!,2025-10-13 21:14:53,2025-10-13 21:15:00,63
699,ApexLegends,Negative,WHO AM! BAD NEWS AND WORSE CONVERSATIONS!,2025-10-13 21:14:53,2025-10-13 21:15:00,41
700,ApexLegends,Neutral,I’m Back!,2025-10-13 21:14:53,2025-10-13 21:15:00,11
700,ApexLegends,Neutral,I'm back!,2025-10-13 21:14:53,2025-10-13 21:15:00,9
700,ApexLegends,Neutral,I'm back!,2025-10-13 21:14:53,2025-10-13 21:15:00,9
700,ApexLegends,Neutral,I’m done!,2025-10-13 21:14:53,2025-10-13 21:15:00,9
700,ApexLegends,Neutral,I ’ m Coming Back!,2025-10-13 21:14:53,2025-10-13 21:15:00,18
700,ApexLegends,Neutral,are Back!,2025-10-13 21:14:53,2025-10-13 21:15:00,9
701,ApexLegends,Positive,Revenant in the gas is such a good combo,2025-10-13 21:14:53,2025-10-13 21:15:00,42
701,ApexLegends,Positive,Revenge on the gas is such a good combination,2025-10-13 21:14:53,2025-10-13 21:15:00,45
701,ApexLegends,Positive,Revenge in gas is such a good combo,2025-10-13 21:14:53,2025-10-13 21:15:00,35
701,ApexLegends,Positive,Revenant in the gas is such a powerful combo,2025-10-13 21:14:53,2025-10-13 21:15:00,44
701,ApexLegends,Positive,Since Revenant concentration in the gas is such a good combo,2025-10-13 21:14:53,2025-10-13 21:15:00,60
701,ApexLegends,Positive,Revenant in the world is such a good combo,2025-10-13 21:14:53,2025-10-13 21:15:00,42
702,ApexLegends,Positive,"So far, so good we mucking around in pubs!",2025-10-13 21:14:53,2025-10-13 21:15:00,44
702,ApexLegends,Positive,"So far, so good that we muddle around in pubs!",2025-10-13 21:14:53,2025-10-13 21:15:00,46
702,ApexLegends,Positive,So far so good that we're panicking!,2025-10-13 21:14:53,2025-10-13 21:15:00,36
702,ApexLegends,Positive,"So far, so good we lie around in pubs!",2025-10-13 21:14:53,2025-10-13 21:15:00,38
702,ApexLegends,Positive,"... So far, so good we mucking around naked in pubs!",2025-10-13 21:14:53,2025-10-13 21:15:00,52
702,ApexLegends,Positive,"So bad, so good we mucking around with pubs!",2025-10-13 21:14:53,2025-10-13 21:15:00,44
703,ApexLegends,Neutral,100% agree. It’s also so tiresome to play on and boring to look at. I hope when Olympus comes they either rotate it out or we don’t see it much.,2025-10-13 21:14:53,2025-10-13 21:15:00,144
703,ApexLegends,Neutral,It is also so tiring to keep playing and boring to watch. I hope when Olympus comes they either turn it off or we don't see it much.,2025-10-13 21:14:53,2025-10-13 21:15:00,132
703,ApexLegends,Neutral,"I hope that when Olympus comes, they will either turn it around or we won't see it.",2025-10-13 21:14:53,2025-10-13 21:15:00,83
703,ApexLegends,Neutral,100% awesome. It’s also too tiresome to play by and boring to look at. I hope when Olympus changes they either rotate it out or we don’t see it much.,2025-10-13 21:14:53,2025-10-13 21:15:00,149
703,ApexLegends,Neutral,and 100 % agree. But It ’ s also so fucking tiresome to play on and boring it to look at. I only hope when Olympus City comes they either rotate it farther out or we don ’ t go see it much.,2025-10-13 21:14:53,2025-10-13 21:15:00,189
703,ApexLegends,Neutral,absolutely agree. It’s equally as stupid to play on and boring to look at. I hope when Olympus comes they either rotate it out or we don’t get it much.,2025-10-13 21:14:53,2025-10-13 21:15:00,151
704,ApexLegends,Neutral,"Bearded Razorback is now live!. . I award you no points, and may God have mercy on your soul.. . twitch.tv/beardedrazorba… . .  .  . . @supcreators. @AvengerFriends . @MyGamingCareer. @2BitContent https://t.co/H2Qsg5djdV",2025-10-13 21:14:53,2025-10-13 21:15:00,220
704,ApexLegends,Neutral,"Bearded Razorback is now live!... I don't give you points, and may God have mercy on your soul.... twitch.tv / beardedrazorba........ @ supcreators. @ AvengerFriends. @ MyGamingCareer. @ 2BitContent https: / / t.co / H2Qsg5djdV",2025-10-13 21:14:53,2025-10-13 21:15:00,227
704,ApexLegends,Neutral,The ball is alive now!.. I don't give you points and may God have mercy on your soul........ @ supcreators. @ AvengerFriends. @ MyGamingCareer. @ 2BitContent https: / / co / H2Qsg5djdV,2025-10-13 21:14:53,2025-10-13 21:15:00,184
704,ApexLegends,Neutral,"Bearded Razorback is now live!. . I award you no points, and may God have mercy on your soul.. . twitch.tv/beardedrazorba… . .  .  . . RhandlerR. RhandlerR . RhandlerR. RhandlerR RhttpR]",2025-10-13 21:14:53,2025-10-13 21:15:00,186
704,ApexLegends,Neutral,"or Bearded Razorback is now live!. . I award you no points, and may God have mercy on your soul.. . twitch.tv/beardedrazorba… . .  .  . . RhandlerR. RhandlerR . RhandlerR. RhandlerR RhttpR]",2025-10-13 21:14:53,2025-10-13 21:15:00,189
704,ApexLegends,Neutral,do,2025-10-13 21:14:53,2025-10-13 21:15:00,2
705,ApexLegends,Neutral,Go check out this amazing  . @MixerRetweet @streamers_small,2025-10-13 21:14:53,2025-10-13 21:15:00,59
705,ApexLegends,Neutral,Check out this amazing. @ MixerRetweet @ streamers _ small,2025-10-13 21:14:53,2025-10-13 21:15:00,58
705,ApexLegends,Neutral,Go check out this amazing. @ MixerRetweet @ streamers _ small,2025-10-13 21:14:53,2025-10-13 21:15:00,61
705,ApexLegends,Neutral,Go search out this amazing . @MixerRetweet @streamers_small,2025-10-13 21:14:53,2025-10-13 21:15:00,59
705,ApexLegends,Neutral,Go check out this amazing. S @MixerRetweet T @streamers_small,2025-10-13 21:14:53,2025-10-13 21:15:00,61
705,ApexLegends,Neutral,also check out this amazing. @MixerRetweet item,2025-10-13 21:14:53,2025-10-13 21:15:00,47
706,ApexLegends,Negative,I’m not gonna spend any more money on,2025-10-13 21:14:53,2025-10-13 21:15:00,39
706,ApexLegends,Negative,I'm not going to spend any more money on it,2025-10-13 21:14:53,2025-10-13 21:15:00,43
706,ApexLegends,Negative,I am no longer going to spend money on,2025-10-13 21:14:53,2025-10-13 21:15:00,38
706,ApexLegends,Negative,I’m not gonna use any more money on,2025-10-13 21:14:53,2025-10-13 21:15:00,35
706,ApexLegends,Negative,I ’ m totally not gonna spend any more money trying on,2025-10-13 21:14:53,2025-10-13 21:15:00,54
706,ApexLegends,Negative,I’m not to spend any more money on,2025-10-13 21:14:53,2025-10-13 21:15:00,34
707,ApexLegends,Neutral,My aim is just ridiculous man lmaoo,2025-10-13 21:14:53,2025-10-13 21:15:00,37
707,ApexLegends,Neutral,My target is just ridiculous man lmaoo,2025-10-13 21:14:53,2025-10-13 21:15:00,38
707,ApexLegends,Neutral,My goal is just a funny man lmaoo,2025-10-13 21:14:53,2025-10-13 21:15:00,33
707,ApexLegends,Neutral,My aim is just be man lmaoo,2025-10-13 21:14:53,2025-10-13 21:15:00,27
707,ApexLegends,Neutral,said My aim is just ridiculous man lmaoo,2025-10-13 21:14:53,2025-10-13 21:15:00,40
707,ApexLegends,Neutral,My Wife is just ridiculous man lmaoo,2025-10-13 21:14:53,2025-10-13 21:15:00,36
708,ApexLegends,Negative,@PlayApex Past 10 days of pub matchmaking has been a nightmare. Not sure what changed but noticably worse team mates.,2025-10-13 21:14:53,2025-10-13 21:15:00,117
708,ApexLegends,Negative,"@ PlayApex The last 10 days of pub matching have been a nightmare. Not sure what has changed, but significantly worse teammates.",2025-10-13 21:14:53,2025-10-13 21:15:00,128
708,ApexLegends,Negative,@ PlayApex The past 10 days of pub dating have been a nightmare.,2025-10-13 21:14:53,2025-10-13 21:15:00,64
708,ApexLegends,Negative,@PlayApex for 10 days of pub matchmaking has been a nightmare. No sure what changed but noticably worse team mates.,2025-10-13 21:14:53,2025-10-13 21:15:00,115
708,ApexLegends,Negative,@PlayApex Past 10 different days of the pub matchmaking Dave has what been like a nightmare. Not sure what changed but noticably worse team mates.,2025-10-13 21:14:53,2025-10-13 21:15:00,146
708,ApexLegends,Negative,This Past 10 days of pub matchmaking actually turned a nightmare. Not sure what changed but noticably losing team mates.,2025-10-13 21:14:54,2025-10-13 21:15:00,120
709,ApexLegends,Negative,"The thing is brother, Apex deserves every single bit of heat it’s getting. The game is dying and there is ZERO innovation or listening to their community at all. It’s disappointing, but at this rate the game is going to get swallowed whole by CoD, and Valorant when it comes out.",2025-10-13 21:14:54,2025-10-13 21:15:00,279
709,ApexLegends,Negative,"The game is dying, and there are ZERO innovations or even listening to their community. It's disappointing, but at this rate the game will be completely swallowed by CoD and Valorant when it comes out.",2025-10-13 21:14:54,2025-10-13 21:15:00,201
709,ApexLegends,Negative,"The fact is, brother, Apex deserves every bit of heat it gets. The game dies and there is ZERO innovation or listen to their community at all.",2025-10-13 21:14:54,2025-10-13 21:15:00,142
709,ApexLegends,Negative,"The thing thing brother, Apex deserves every single bit of credit it’s getting. The editor is dying and CC is ZERO innovation or listening to their community at all. It’s disappointing, but at this rate the game is going to get chopped whole by Evolution, and Valorant when it comes out.",2025-10-13 21:14:54,2025-10-13 21:15:00,287
709,ApexLegends,Negative,"The thing sure is brother, Apex Tower deserves every single bit of heat it ’ s also getting. The game is dying and there is ZERO innovation or not listening to their community at all. It ’ s disappointing, but at possibly this rate perhaps the game is going to get itself swallowed whole later by CoD, R and Valorant when indeed it comes out.",2025-10-13 21:14:54,2025-10-13 21:15:00,342
709,ApexLegends,Negative,"The verdict is no, Apex deserves that single bit and heat its getting. The game is dying and their is ZERO innovation or listening to their fans at all. It’s disappointing, but on this rate the genre is going to get swallowed whole by Rogue, and Valorant when it comes out.",2025-10-13 21:14:54,2025-10-13 21:15:00,273
710,ApexLegends,Neutral,Bout to fuck around and stream. . . @PlayApex grind and @Brawlhalla afterwards. . . mixer.com/ShinobiSZN,2025-10-13 21:14:54,2025-10-13 21:15:00,106
710,ApexLegends,Neutral,Bout to fuck around and stream... @ PlayApex grind and @ Brawlhalla after... mixer.com / ShinobiSZN,2025-10-13 21:14:54,2025-10-13 21:15:00,99
710,ApexLegends,Neutral,Bout to fuck around and stream... @ PlayApex grind and @ Brawlhalla afterwards... mixer.com / ShinobiSZN,2025-10-13 21:14:54,2025-10-13 21:15:00,104
710,ApexLegends,Neutral,Bout to fuck around and dream... @PlayApex stream and @Brawlhalla build... mixer.com/ShinobiSZN,2025-10-13 21:14:54,2025-10-13 21:15:00,95
710,ApexLegends,Neutral,Bout enough to actually fuck all around me and stream... on @PlayApex grind and @Brawlhalla afterwards... mixer. sense com / The ShinobiSZN,2025-10-13 21:14:54,2025-10-13 21:15:00,139
710,ApexLegends,Neutral,here to fuck around and cut... @PlayApex mixing and die mixing... mixer.com/ShinobiSZN,2025-10-13 21:14:54,2025-10-13 21:15:00,86
711,ApexLegends,Irrelevant,Had some good fun with this fire edit!. Hit the Dm if you're in need of a montage made!.  @poqijk @PlayApex @Respawn @EA @Twitch @FuhFuhFrosty @sF_Demonic @Quick_Clipse  @zXLesserEvilXz @SacredSlash @Newporrts @xRealmzy @PaperGrenades @ItsJustJoanTV @JuanZiggyE RTs Appreciated .,2025-10-13 21:14:54,2025-10-13 21:15:00,280
711,ApexLegends,Irrelevant,Have fun with this Fire Edit!. Dm press when you need a montage!. @ poqijk @ PlayApex @ Respawn @ EA @ Twitch @ FuhFuhFrosty @ sF _ Demonic @ Quick _ Clipse @ zXLesserEvilXz @ SacredSlash @ Newporrts @ xRealmzy @ PaperGrenades @ ItsJustJoanTV @ JuanZiggyE RTs Appreciated.,2025-10-13 21:14:54,2025-10-13 21:15:00,272
711,ApexLegends,Irrelevant,Good luck with this fiery montage!................................................................................................................................................................................,2025-10-13 21:14:54,2025-10-13 21:15:00,210
711,ApexLegends,Irrelevant,Had some good moments building this fire edit!. Hit the Dm if you're in need of a montage!  @poqijk @PlayApex @Respawn @EA @Twitch @FuhFuhFrosty @sF_Demonic d  @Quick_Clipse @zXLesserEvilXz @SacredSlash S S @Newporrts @xRealmzy RTs r.,2025-10-13 21:14:54,2025-10-13 21:15:00,234
711,ApexLegends,Irrelevant,Or Had ya some good fun doing with using this fire edit!. Hit to the Dm if you're not in need of a montage made!. C @poqijk @PlayApex @Respawn @EA @Twitch @FuhFuhFrosty @sF_Demonic @Quick_Clipse @zXLesserEvilXz @SacredSlash A2 @Newporrts @xRealmzy H @PaperGrenades A @ItsJustJoanTV @JuanZiggyE RTs Appreciated.,2025-10-13 21:14:54,2025-10-13 21:15:00,310
711,ApexLegends,Irrelevant,Had any good photos with this fire edit!. Hit the Dm and you're in search of a montage<unk>!.<unk> @poqijk @PlayApex @Respawn G @EA Rating Status<unk> @Twitch @FuhFuhFrosty @sF_Demonic @Quick_Clipse @zXLesserEvilXz @SacredSlash RTs Appreciated.,2025-10-13 21:14:54,2025-10-13 21:15:00,244
712,ApexLegends,Negative,@PlayApex @GH057ayame figure this.... @Rainbow6Game is the most simple concept... but an amazing game and still thriving after YEARS of success. you know why? they only listen to the comp scene..... figure it out shit bags,2025-10-13 21:14:54,2025-10-13 21:15:00,222
712,ApexLegends,Negative,"@ PlayApex @ GH057ayame represents this.... @ Rainbow6Game is the simplest concept... but an amazing game that still thrives after years of success. you know why? they just listen to the comp scene..... find out, shit bags",2025-10-13 21:14:54,2025-10-13 21:15:00,222
712,ApexLegends,Negative,@ PlayApex @ GH7ayame number this.... @ Rainbow6Game is the simplest concept... but an amazing game and still thrives after YEARS of success.,2025-10-13 21:14:54,2025-10-13 21:15:00,141
712,ApexLegends,Negative,@PlayApex @GH057ayame figure this.... it is the most simple concept... but an amazing game and still thriving after YEARS a success. you know why? they guys listen into the comp scene..... figure it out shit bags,2025-10-13 21:14:54,2025-10-13 21:15:00,212
712,ApexLegends,Negative,@PlayApex Everything @GH057ayame people figure at this.... @Rainbow6Game is the most simple concept... Simple but quite an amazing game and still thriving after the YEARS of success. you do know why? they only really listen to the TV comp scene..... figure there it out shit bags,2025-10-13 21:14:54,2025-10-13 21:15:00,279
712,ApexLegends,Negative,@PlayApex @GH057ayame figure this.... @Rainbow6Game is the great awesome concept... well a amazing one and still thriving on YEARS of sitting. you know why? people only listen to it comp scene..... figure it out shit bags,2025-10-13 21:14:54,2025-10-13 21:15:00,221
713,ApexLegends,Neutral,I truly felt bad deleting ppl with the scout in a 3p like this (but it was the 1st day of the ranked split u gotta believe me🥺). . no gun should be this OP....,2025-10-13 21:14:54,2025-10-13 21:15:00,161
713,ApexLegends,Neutral,"I really had a bad feeling to clear ppl with the scout in a 3p like this (but it was the 1st day of the leaderboard, believe me).. no weapon should be this operation....",2025-10-13 21:14:54,2025-10-13 21:15:00,169
713,ApexLegends,Neutral,I did feel bad removing ppl with a 3p scout like this (but it was Day 1 of the ranked split and believe me)... no weapon should be like that...,2025-10-13 21:14:54,2025-10-13 21:15:00,143
713,ApexLegends,Neutral,I truly felt bad deleting ppl with me scout in a 3p over this (but it was the 1st day of the ranked split ~ gotta remind me🥺).. no gun should be this OP....,2025-10-13 21:14:54,2025-10-13 21:15:00,156
713,ApexLegends,Neutral,I quite truly am felt bad deleting ppl with the scout in a 3p like like this ( but it just was the 1st day of entering the ranked split u I gotta believe [UNK] ).. no gun should currently be considered this much OP....,2025-10-13 21:14:54,2025-10-13 21:15:00,218
713,ApexLegends,Neutral,I truly felt good deleting ppl with boy scout in an 3p like version (but that was finally 1st day of the ranked game u gotta believe me<unk>).. no gun should be this OP....,2025-10-13 21:14:54,2025-10-13 21:15:00,172
714,ApexLegends,Negative,@PlayApex I have problems to buy the battlepass with the new patch,2025-10-13 21:14:54,2025-10-13 21:15:00,66
714,ApexLegends,Negative,@ PlayApex I have problems to buy the Battlepass with the new patch,2025-10-13 21:14:54,2025-10-13 21:15:00,67
714,ApexLegends,Negative,@ PlayApex I have problems to buy the battlepass with the new patch,2025-10-13 21:14:54,2025-10-13 21:15:00,67
714,ApexLegends,Negative,@PlayApex I have problems to buy the battlepass with its new patch,2025-10-13 21:14:54,2025-10-13 21:15:00,66
714,ApexLegends,Negative,@PlayApex and I have problems to buy the battlepass with the brand new military patch,2025-10-13 21:14:54,2025-10-13 21:15:00,85
714,ApexLegends,Negative,do I have problems to buy the battlepass of the new patch,2025-10-13 21:14:54,2025-10-13 21:15:00,57
715,ApexLegends,Neutral,please give us lobalore crumbs .,2025-10-13 21:14:54,2025-10-13 21:15:00,33
715,ApexLegends,Neutral,Please give us Lobalore crumbs.,2025-10-13 21:14:54,2025-10-13 21:15:00,31
715,ApexLegends,Neutral,Please give us lobalor croissants.,2025-10-13 21:14:54,2025-10-13 21:15:00,34
715,ApexLegends,Neutral,please feed us lobalore crumbs.,2025-10-13 21:14:54,2025-10-13 21:15:00,31
715,ApexLegends,Neutral,please please give it us lobalore crumbs.,2025-10-13 21:14:54,2025-10-13 21:15:00,41
715,ApexLegends,Neutral,men give us lobalore crumbs.,2025-10-13 21:14:54,2025-10-13 21:15:00,28
717,ApexLegends,Neutral,For a while now I have been working on wall jumping and my training is finally starting to pay off. I still have a long way but this is the first time wall jumping has helped me win a fight .,2025-10-13 21:14:54,2025-10-13 21:15:00,194
717,ApexLegends,Neutral,"I have been doing wall jumping for some time now and my training is finally starting to pay off. I still have a long way to go, but this is the first time that wall jumping has helped me win a fight.",2025-10-13 21:14:54,2025-10-13 21:15:00,199
717,ApexLegends,Neutral,For a while I was working on jumping into the wall and my training is finally starting to pay off.,2025-10-13 21:14:54,2025-10-13 21:15:00,98
717,ApexLegends,Neutral,For a while now I have been working on wall jumping and my training is finally begun to pay financially. I still have a long way but this is the fifth time wall jumping has helped him win a fight.,2025-10-13 21:14:54,2025-10-13 21:15:00,196
717,ApexLegends,Neutral,For even a fair while now today I have been working on wall jumping again and my training now is finally starting to pay off. I probably still have a real long way but this actually is the first time wall jumping has helped me win a fight.,2025-10-13 21:14:54,2025-10-13 21:15:00,239
717,ApexLegends,Neutral,For a while now me have been concentrating on wall jumping so my training is finally proving to pay off. I still have a long way but this means the first time wall jumping has helped me win a fight.,2025-10-13 21:14:54,2025-10-13 21:15:00,198
718,ApexLegends,Neutral,Sketch and finished piece . . Finally killed the art block. .,2025-10-13 21:14:54,2025-10-13 21:15:00,63
718,ApexLegends,Neutral,Sketch and finished piece.. Finally killed the art block..,2025-10-13 21:14:54,2025-10-13 21:15:00,58
718,ApexLegends,Neutral,Sketch and finished work... Finally killed the art block...,2025-10-13 21:14:54,2025-10-13 21:15:00,59
718,ApexLegends,Neutral,Sketch and finished piece.. Finally killed the next block..,2025-10-13 21:14:54,2025-10-13 21:15:00,59
718,ApexLegends,Neutral,Sketch and finished piece.. to Finally you killed the art book block..,2025-10-13 21:14:54,2025-10-13 21:15:00,70
718,ApexLegends,Neutral,Sketch is finished piece.. I killed the art block..,2025-10-13 21:14:54,2025-10-13 21:15:00,51
719,ApexLegends,Neutral,After some struggle finally made it to Diamond .  rank again in @PlayApex . Thanks to the homie @krnjellytv for being a Great Teammate! Masters here we come!,2025-10-13 21:14:54,2025-10-13 21:15:00,157
719,ApexLegends,Neutral,After some struggle has finally made it to Diamond. Rank again in @ PlayApex. Thanks to the homie @ krnjellytv for being a great teammate! Masters here we come!,2025-10-13 21:14:54,2025-10-13 21:15:00,160
719,ApexLegends,Neutral,After some struggle I finally got to Diamond. Back at @ PlayApex. Thanks to homie @ kenjellytv for being the Great Teammate!,2025-10-13 21:14:54,2025-10-13 21:15:00,124
719,ApexLegends,Neutral,"After long struggle finally made it to Diamond.  Hello again, @PlayApex. Thanks to the homie @krnjellytv for being a Great Teammate! Masters here we come!",2025-10-13 21:14:54,2025-10-13 21:15:00,154
719,ApexLegends,Neutral,After some struggle finally made it along to Diamond. His rank again being in Team @PlayApex. 4 Thanks to and the homie @krnjellytv for being a Great Tech Teammate! Masters here we come!,2025-10-13 21:14:54,2025-10-13 21:15:00,186
719,ApexLegends,Neutral,After some trying finally got it to Champion. won again in @PlayApex. Thanks to grand homie @krnjellytv for adding a Great Teammate! Masters here we come!,2025-10-13 21:14:54,2025-10-13 21:15:00,154
720,ApexLegends,Negative,Welcome to fortnite 2.0 @PlayApex you guys literally don’t fix the game and just keep adding shit @EA and @Respawn are absolutely garbage,2025-10-13 21:14:54,2025-10-13 21:15:00,137
720,ApexLegends,Negative,Welcome to fortnite 2.0 @ PlayApex you guys literally don't fix the game and just keep adding shit @ EA and @ Respawn are absolute rubbish,2025-10-13 21:14:54,2025-10-13 21:15:00,138
720,ApexLegends,Negative,Welcome to fortnite 2.0 @ PlayApex you guys literally don't fix the game and just keep adding shit @ EA and @ Respawn are absolutely garbage,2025-10-13 21:14:54,2025-10-13 21:15:00,140
720,ApexLegends,Negative,Welcome to fortnite 2.0 — you guys literally don’t fix the issues and just keep adding shit @PlayApex games @EA are absolutely garbage,2025-10-13 21:14:54,2025-10-13 21:15:00,134
720,ApexLegends,Negative,Welcome back to fortnite 2. 0 @PlayApex you guys who literally don ’ wasn t fix the game and now just keep onto adding shit @EA and @Respawn are making absolutely pretty garbage,2025-10-13 21:14:54,2025-10-13 21:15:00,177
720,ApexLegends,Negative,Welcome to Sonic 2.0 @PlayApex the are literally don’t fix no game and just keep adding shit shit and @EA are absolutely garbage,2025-10-13 21:14:54,2025-10-13 21:15:00,128
721,ApexLegends,Negative,"@PlayApex @Respawn You're servers are awful on Xbox and your game is a buggy joke on PC so explain to me, how am I supposed to enjoy  . I have had to reinstall this game 4 times in two weeks because it just won't work properly. Fix your shit, be decent for once. .  pic.twitter.com/fGR48etB5K",2025-10-13 21:14:54,2025-10-13 21:15:00,292
721,ApexLegends,Negative,"@ PlayApex @ Respawn you're server are terrible on Xbox and your game is a bad joke on PC, so tell me how should I enjoy it. I had to reinstall this game 4 times in two weeks because it just doesn't work properly. Repair your shit, be decent once.. pic.twitter.com / fGR48etB5K",2025-10-13 21:14:54,2025-10-13 21:15:00,277
721,ApexLegends,Negative,@ PlayApex @ Respawn You servers are terrible on Xbox and your game is a terrible joke on PC so explain to me how I should enjoy.,2025-10-13 21:14:54,2025-10-13 21:15:00,129
721,ApexLegends,Negative,"RhandlerR RhandlerR You're servers are awful on Xbox and your game is a buggy joke on PC so explain to me, how am I supposed to enjoy  . I have had to reinstall this game 4 times in two weeks because it just won't work properly. Fix your shit, be decent for once. .  pic.twitter.com/fGR48etB5K",2025-10-13 21:14:54,2025-10-13 21:15:00,293
721,ApexLegends,Negative,"or RhandlerR RhandlerR You're servers are awful on Xbox and your game is a buggy joke on PC so explain to me, how am I supposed to enjoy  . I have had to reinstall this game 4 times in two weeks because it just won't work properly. Fix your shit, be decent for once. .  pic.twitter.com/fGR48etB5K",2025-10-13 21:14:54,2025-10-13 21:15:00,296
721,ApexLegends,Negative,really,2025-10-13 21:14:54,2025-10-13 21:15:00,6
722,ApexLegends,Negative,fucking help me ya fucking waste of space,2025-10-13 21:14:54,2025-10-13 21:15:00,41
722,ApexLegends,Negative,fucking help me ya fucking waste of space,2025-10-13 21:14:54,2025-10-13 21:15:00,41
722,ApexLegends,Negative,fucking help me ya fucking waste of space,2025-10-13 21:14:54,2025-10-13 21:15:00,41
722,ApexLegends,Negative,fucking help out ya fucking waste of space,2025-10-13 21:14:54,2025-10-13 21:15:00,42
722,ApexLegends,Negative,fucking help get me ya fucking waste of space,2025-10-13 21:14:54,2025-10-13 21:15:00,45
722,ApexLegends,Negative,fucking help me ya fucking waste<unk> space,2025-10-13 21:14:54,2025-10-13 21:15:00,43
723,ApexLegends,Neutral,Trio Ranked w/ Brandon & Rob ACTION HIGH IQ PLAYS  l IAMBRYCETV On all socials . Apex Legends. Twitch.tv/IAmBryceTV,2025-10-13 21:14:54,2025-10-13 21:15:00,115
723,ApexLegends,Neutral,Trio Ranking w / Brandon & Rob ACTION HIGH IQ PLAYS l IAMBRYCETV At all levels of society. Apex Legends. Twitch.tv / IAmBryceTV,2025-10-13 21:14:54,2025-10-13 21:15:00,127
723,ApexLegends,Neutral,"\"Rating in / Brandon and Rob ACCION GAMBRICETV On all secular sites. Apex Legends.",2025-10-13 21:14:54,2025-10-13 21:15:00,82
723,ApexLegends,Neutral,Trio Team w/ Brandon & Matt ACTION HIGH IQ |  l IAMBRYCETV On all socials. Apex Legends. Twitch.tv/IAmBryceTV,2025-10-13 21:14:54,2025-10-13 21:15:00,109
723,ApexLegends,Neutral,Trio Ranked Out w / The Brandon & Young Rob The ACTION HIGH Most IQ and PLAYS A l IAMBRYCETV Stories On all socials. Apex Legends. Twitch. com tv / IAmBryceTV,2025-10-13 21:14:54,2025-10-13 21:15:00,158
723,ApexLegends,Neutral,6 Ranked w/ Brandon Scott Rob ACTION 3 4 PLAYS l IAMBRYCETV On Line programming. Apex shows. Twitch.tv/IAmBryceTV,2025-10-13 21:14:54,2025-10-13 21:15:00,113
724,ApexLegends,Neutral,Ooooo la la GGs insane wraith and mirage im sorry we couldn't save you .  rip never forgotten . .,2025-10-13 21:14:54,2025-10-13 21:15:00,99
724,ApexLegends,Neutral,Ooooo la la GG's mad rage and mirage at sorry we couldn't save you.,2025-10-13 21:14:54,2025-10-13 21:15:00,67
724,ApexLegends,Neutral,"Ooooo la GGs, ane wraith and mirage im sorry we could not save you. rip never forget...",2025-10-13 21:14:54,2025-10-13 21:15:00,87
724,ApexLegends,Neutral,Ooooo la la GGs insane wraith and mirage im i we couldn't save you more  rip never forgotten..,2025-10-13 21:14:54,2025-10-13 21:15:00,94
724,ApexLegends,Neutral,Ooooo la la der GGs insane wraith and mirage im too sorry we people couldn't just save without you. rip never forgotten..,2025-10-13 21:14:54,2025-10-13 21:15:00,121
724,ApexLegends,Neutral,Ooooo la la GGs girl wraith flash mirage im sorry we could't stop her. rip never forgotten..,2025-10-13 21:14:54,2025-10-13 21:15:00,92
725,ApexLegends,Neutral,Just lost 400 points in ranked,2025-10-13 21:14:54,2025-10-13 21:15:00,32
725,ApexLegends,Neutral,Lost only 400 points in the rankings,2025-10-13 21:14:54,2025-10-13 21:15:00,36
725,ApexLegends,Neutral,Just lost 400 points in the rankings,2025-10-13 21:14:54,2025-10-13 21:15:00,36
725,ApexLegends,Neutral,Just lost 400 points since ranked,2025-10-13 21:14:54,2025-10-13 21:15:00,33
725,ApexLegends,Neutral,Just lost 400 points in games ranked,2025-10-13 21:14:54,2025-10-13 21:15:00,36
725,ApexLegends,Neutral,Just lost 400 points in Super,2025-10-13 21:14:54,2025-10-13 21:15:00,29
726,ApexLegends,Positive,"First we had code leaf, and now we have the pleasure to present code shoe thx @PlayApex pic.twitter.com/gTabW18JhP",2025-10-13 21:14:54,2025-10-13 21:15:00,114
726,ApexLegends,Positive,"First we had code sheet, and now we have the pleasure to introduce the code shoe thx @ PlayApex pic.twitter.com / gTabW18JhP.",2025-10-13 21:14:54,2025-10-13 21:15:00,125
726,ApexLegends,Positive,First we had a code sheet and now we have the pleasure to introduce a code shoe thx @ PlayApex pic.fm / gTabW18JhP,2025-10-13 21:14:54,2025-10-13 21:15:00,114
726,ApexLegends,Positive,"First we had code leaf, and now we have the pleasure to present code shoe thx RhandlerR pic.twitter.com/gTabW18JhP",2025-10-13 21:14:54,2025-10-13 21:15:00,114
726,ApexLegends,Positive,"with First we had code leaf, and now we have the pleasure to present code shoe thx RhandlerR pic.twitter.com/gTabW18JhP",2025-10-13 21:14:54,2025-10-13 21:15:00,119
726,ApexLegends,Positive,are,2025-10-13 21:14:54,2025-10-13 21:15:00,3
727,ApexLegends,Negative,I'm dead.. lmfao.,2025-10-13 21:14:54,2025-10-13 21:15:00,17
727,ApexLegends,Negative,I'm dead.. lmfao.,2025-10-13 21:14:54,2025-10-13 21:15:00,17
727,ApexLegends,Negative,I'm dead.. lmfao.,2025-10-13 21:14:54,2025-10-13 21:15:00,17
727,ApexLegends,Negative,I'm at lmfao.,2025-10-13 21:14:54,2025-10-13 21:15:00,13
727,ApexLegends,Negative,If I's m dead.. lmfao.,2025-10-13 21:14:54,2025-10-13 21:15:00,22
727,ApexLegends,Negative,me'm dead.. lmfao.,2025-10-13 21:14:54,2025-10-13 21:15:00,18
728,ApexLegends,Neutral,5 minutes into 12AM and we have been:. . HOODWINKED. BAMBOOZLED . LED ASTRAY. RUN AMOK. & FLAT OUT DECEIVED.,2025-10-13 21:14:54,2025-10-13 21:15:00,110
728,ApexLegends,Neutral,"5 minutes to 12 o'clock, and we were:.. HOODWINKED. BAMBOOZLED. LED ASTRAY. RUN AMOK. & FLAT OUT DECEIVED.",2025-10-13 21:14:54,2025-10-13 21:15:00,106
728,ApexLegends,Neutral,5 minutes at 12 o'clock in the morning and we are:........................................................................................................................................................,2025-10-13 21:14:54,2025-10-13 21:15:00,202
728,ApexLegends,Neutral,5 minutes on 12AM and witnesses have suddenly:.. HOODWINKED. BAMBOOZLED. LED RUN. RUN AMOK. & FLAT OUT DECEIVED.,2025-10-13 21:14:54,2025-10-13 21:15:00,112
728,ApexLegends,Neutral,Only 5 precious minutes into 12AM UTC and we must have been :.. HOODWINKED. ON BAMBOOZLED. V LED GO ASTRAY. RUN and AMOK. & FLAT OUT AN DECEIVED.,2025-10-13 21:14:54,2025-10-13 21:15:00,145
728,ApexLegends,Neutral,8 PM from 12AM and I will been:.. HOODWINKED. BAMBOOZLED. LED ASTRAY. NOT IN. & FLAT OUT DECEIVED.,2025-10-13 21:14:54,2025-10-13 21:15:00,98
729,ApexLegends,Neutral,@raqula did the best timed bombardment ever so i could clutch. 1 more game to diamond,2025-10-13 21:14:54,2025-10-13 21:15:00,87
729,ApexLegends,Neutral,@ raqula did the best timed bombardment ever so I could hug her.,2025-10-13 21:14:54,2025-10-13 21:15:00,64
729,ApexLegends,Neutral,@ raqula did the best timed bombing ever so i could cluster. 1 more game to diamond,2025-10-13 21:14:54,2025-10-13 21:15:00,83
729,ApexLegends,Neutral,@raqula did the best timed bombardment ever so she could clutch. 1 more game to diamond,2025-10-13 21:14:54,2025-10-13 21:15:00,87
729,ApexLegends,Neutral,@raqula did the best timed bombardment ever so fast i could still clutch. 1 need more to game to diamond,2025-10-13 21:14:54,2025-10-13 21:15:00,104
729,ApexLegends,Neutral,@raqula did the best timed stop ever so i could play. 1 more game in diamond,2025-10-13 21:14:54,2025-10-13 21:15:00,76
730,ApexLegends,Positive,I love trapping people as  . . store.playstation.com/,2025-10-13 21:14:54,2025-10-13 21:15:00,54
730,ApexLegends,Positive,I love catching people like.. store.playstation.com /.,2025-10-13 21:14:54,2025-10-13 21:15:00,54
730,ApexLegends,Positive,I love trapping people as.. store.playstation.com /,2025-10-13 21:14:54,2025-10-13 21:15:00,51
730,ApexLegends,Positive,I love trapping people as <unk>. store.playstation.com/,2025-10-13 21:14:54,2025-10-13 21:15:00,55
730,ApexLegends,Positive,I love movies trapping young people as.. store. playstation. com /,2025-10-13 21:14:54,2025-10-13 21:15:00,66
730,ApexLegends,Positive,I love trapping games as.. as.playstation.com/,2025-10-13 21:14:54,2025-10-13 21:15:00,46
731,ApexLegends,Irrelevant,HAVE YOU EVER TRIED YUMMY FILIPINOS!? |SPANISH TYPICALS youtu.be/uCFbVFvMODI via @YouTube,2025-10-13 21:14:54,2025-10-13 21:15:00,91
731,ApexLegends,Irrelevant,HAVE YOVER TRIED YUMMY FILIPINOS!? | SPANISH TYPICALS youtu.be / uCFbVFvMODI via @ YouTube,2025-10-13 21:14:54,2025-10-13 21:15:00,90
731,ApexLegends,Irrelevant,HAVE YOU EVER TROD YOMY FILIPINOS!?? SPANISH TYPICALS youtu.be / uCFbVFvMODI via @ YouTube,2025-10-13 21:14:54,2025-10-13 21:15:00,90
731,ApexLegends,Irrelevant,HAVE U NEVER TRIED YUMMY FILIPINOS!? |SPANISH Y youtu.be/uCFbVFvMODI via @YouTube,2025-10-13 21:14:54,2025-10-13 21:15:00,81
731,ApexLegends,Irrelevant,AND HAVE IF YOU EVER TRIED ONE YUMMY OR FILIPINOS!? | IF SPANISH YOU TYPICALS From youtu. Please be / uCFbVFvMODI via Matt @YouTube,2025-10-13 21:14:54,2025-10-13 21:15:00,131
731,ApexLegends,Irrelevant,Haven I EVER TRIED ENGLISH FILIPINOS!? |SPANISH TYPICALS<unk>.be/uCFbVFvMODI is the,2025-10-13 21:14:54,2025-10-13 21:15:00,83
732,ApexLegends,Negative,nan,2025-10-13 21:14:54,2025-10-13 21:15:00,3
732,ApexLegends,Negative,It is not the first time that the EU Commission has taken such a step.,2025-10-13 21:14:54,2025-10-13 21:15:00,70
732,ApexLegends,Negative,"At the same time, despite the fact that there are currently some 100 million people living below the poverty line, most of them do not have access to health services and do not have access to health care, while most of them do not have access to health care.",2025-10-13 21:14:54,2025-10-13 21:15:00,258
732,ApexLegends,Negative,nan,2025-10-13 21:14:54,2025-10-13 21:15:00,3
732,ApexLegends,Negative,nan,2025-10-13 21:14:54,2025-10-13 21:15:00,3
732,ApexLegends,Negative,nan,2025-10-13 21:14:54,2025-10-13 21:15:00,3
733,ApexLegends,Neutral,"This guy called me trash, a low IQ fat slut and then proceeded to hurl sexist slurs at me.. . @PlayApex and @EAHelp prob should ban him. pic.twitter.com/VQslY2cAmi",2025-10-13 21:14:54,2025-10-13 21:15:00,163
733,ApexLegends,Neutral,"This guy called me garbage, a fat slut with a low IQ and then proceeded to hurl sexist slurs at me... @ PlayApex and @ EAHelp should ban him. pic.twitter.com / VQslY2cAmi",2025-10-13 21:14:54,2025-10-13 21:15:00,170
733,ApexLegends,Neutral,"This guy called me a thrash, a whore with a low IQ, and then started hurling sexual abuse at me... @ PlayApex and @ EAHelp prob should ban it.",2025-10-13 21:14:54,2025-10-13 21:15:00,142
733,ApexLegends,Neutral,"This guy called me trash, a low IQ fat slut and then proceeded to hurl sexist slurs at me.. . RhandlerR and RhandlerR prob should ban him. pic.twitter.com/VQslY2cAmi",2025-10-13 21:14:54,2025-10-13 21:15:00,165
733,ApexLegends,Neutral,"CS This guy called me trash, a low IQ fat slut and then proceeded to hurl sexist slurs at me.. . RhandlerR and RhandlerR prob should ban him. pic.twitter.com/VQslY2cAmi",2025-10-13 21:14:54,2025-10-13 21:15:00,168
733,ApexLegends,Neutral,as,2025-10-13 21:14:54,2025-10-13 21:15:00,2
734,ApexLegends,Negative,"@PlayApex please hire someone to fixbox you buggy ass games. Ik you'll run with the money buy you really should consider, don't you want longevity within your fan base? Fif the bugs, don't take them out bc you guys aren't educated enough to fix things",2025-10-13 21:14:54,2025-10-13 21:15:00,251
734,ApexLegends,Negative,"@ PlayApex please hire someone to fix you buggy ass games. Ik you will run with the money you should really consider, don't you want longevity within your fan base? Fif the bugs, don't take them out bc you guys are not educated enough to fix things",2025-10-13 21:14:54,2025-10-13 21:15:00,248
734,ApexLegends,Negative,"@ PlayApex, please hire someone to fix you buggy ass game. Ik you will work with the money to buy you really should consider whether you want longevity within your fan base?",2025-10-13 21:14:54,2025-10-13 21:15:00,173
734,ApexLegends,Negative,"@PlayApex please hire developers to fixbox you buggy ass games. Think you'll run with the money buy you really should consider, don't you want longevity within your fan base? Fif the bugs, don't take them out bc you guys aren't educated enough ot implement IT",2025-10-13 21:14:54,2025-10-13 21:15:00,259
734,ApexLegends,Negative,"@PlayApex to please hire someone here to fixbox you buggy ass games. Ik you'll run with the money buy you really should consider, however don't you want longevity somewhere within practically your large fan club base? Fif the bugs, and don'em t take them out bc you guys aren'i t educated enough to fix things",2025-10-13 21:14:54,2025-10-13 21:15:00,309
734,ApexLegends,Negative,"@PlayApex and hire someone to fixbox my buggy ass games. Ik you'll live with the system buy something really should consider, don't you want longevity within your fan base? Fif those controllers, just't take them out bc you guys aren't educated enough to get things",2025-10-13 21:14:54,2025-10-13 21:15:00,265
735,ApexLegends,Neutral,This is the latest hiding spot being abused in Apex Legends' King Canyon(Read more at: gestyy.com/w51QML),2025-10-13 21:14:54,2025-10-13 21:15:00,105
735,ApexLegends,Neutral,This is the latest hiding place to be abused in King Canyon by Apex Legends (Read more at: gestyy.com / w51QML),2025-10-13 21:14:54,2025-10-13 21:15:00,111
735,ApexLegends,Neutral,This is the latest hyping spot being abused in Apex Legends' King Canyon (Read more at: gestyyy.com / w51QML),2025-10-13 21:14:54,2025-10-13 21:15:00,109
735,ApexLegends,Neutral,This is the latest hiding spot being abused at Apex Legends' King Canyon(Read Full story: gestyy.com/w51QML),2025-10-13 21:14:54,2025-10-13 21:15:00,108
735,ApexLegends,Neutral,This area is the entire latest hiding safe spot being abused at in Apex... Legends'of King Canyon ( Read more at : gestyy. com / w51QML ),2025-10-13 21:14:54,2025-10-13 21:15:00,137
735,ApexLegends,Neutral,This is the latest hiding spot totally abused on Apex Legends' Canyon Canyon(Read more information: gestyy.com/w51QML),2025-10-13 21:14:54,2025-10-13 21:15:00,118
736,ApexLegends,Neutral,Off to stream @PlayApex with 30 minutes left until my,2025-10-13 21:14:54,2025-10-13 21:15:00,55
736,ApexLegends,Neutral,Off to stream @ PlayApex with 30 minutes to go,2025-10-13 21:14:54,2025-10-13 21:15:00,46
736,ApexLegends,Neutral,Get on stream @ PlayApex with 30 minutes left before mine,2025-10-13 21:14:54,2025-10-13 21:15:00,57
736,ApexLegends,Neutral,Off to stream live with 30 minutes left until my,2025-10-13 21:14:54,2025-10-13 21:15:00,48
736,ApexLegends,Neutral,Off site to stream @PlayApex with hopefully 30 minutes left until my,2025-10-13 21:14:54,2025-10-13 21:15:00,68
736,ApexLegends,Neutral,Off to stream @PlayApex with 30 minutes left until last,2025-10-13 21:14:54,2025-10-13 21:15:00,55
737,ApexLegends,Positive,New charm,2025-10-13 21:14:54,2025-10-13 21:15:00,11
737,ApexLegends,Positive,New Charm,2025-10-13 21:14:54,2025-10-13 21:15:00,9
737,ApexLegends,Positive,The New Charm,2025-10-13 21:14:54,2025-10-13 21:15:00,13
737,ApexLegends,Positive,New Deal,2025-10-13 21:14:54,2025-10-13 21:15:00,8
737,ApexLegends,Positive,14 New charm,2025-10-13 21:14:54,2025-10-13 21:15:00,12
737,ApexLegends,Positive,New Year,2025-10-13 21:14:54,2025-10-13 21:15:00,8
738,ApexLegends,Neutral,Season 4 of,2025-10-13 21:14:54,2025-10-13 21:15:00,13
738,ApexLegends,Neutral,Season 4 of,2025-10-13 21:14:54,2025-10-13 21:15:00,11
738,ApexLegends,Neutral,Season 4,2025-10-13 21:14:54,2025-10-13 21:15:00,8
738,ApexLegends,Neutral,Season 4 Premiere,2025-10-13 21:14:54,2025-10-13 21:15:00,17
738,ApexLegends,Neutral,Season No 4 of,2025-10-13 21:14:54,2025-10-13 21:15:00,14
738,ApexLegends,Neutral,Season 4 version,2025-10-13 21:14:54,2025-10-13 21:15:00,16
739,ApexLegends,Neutral,Watching @LuluLuvely vids always hype me up .  LETSA GOO! @PlayApex,2025-10-13 21:14:54,2025-10-13 21:15:00,67
739,ApexLegends,Neutral,Watching @ LuluLuvely Vids always mesmerizes me. LETSA GOO! @ PlayApex,2025-10-13 21:14:54,2025-10-13 21:15:00,70
739,ApexLegends,Neutral,Watch @ LuluLuWilly vids always happy me up. LETSA GOO! @ PlayApex,2025-10-13 21:14:54,2025-10-13 21:15:00,66
739,ApexLegends,Neutral,Watching @LuluLuvely just always hype me a.  LETSA GOO! @PlayApex,2025-10-13 21:14:54,2025-10-13 21:15:00,65
739,ApexLegends,Neutral,I Watching on @LuluLuvely vids always hype get me upside up. LETSA GOO! @PlayApex,2025-10-13 21:14:54,2025-10-13 21:15:00,81
739,ApexLegends,Neutral,Watching new vids It lights me up. LETSA GOO! @LuluLuvely,2025-10-13 21:14:54,2025-10-13 21:15:00,57
740,ApexLegends,Positive,Happy birthday to one of amazing devs of @PlayApex @shahin much love dude and thank you guys for everything you do!,2025-10-13 21:14:54,2025-10-13 21:15:00,115
740,ApexLegends,Positive,Happy birthday to one of the amazing developers of @ PlayApex @ shahin and thank you guys for all you do!,2025-10-13 21:14:54,2025-10-13 21:15:00,105
740,ApexLegends,Positive,"Congratulations on the birthday of one of the amazing developers @ PlayApex @ shapex, very much love dude and thank you guys for everything you do!",2025-10-13 21:14:54,2025-10-13 21:15:00,147
740,ApexLegends,Positive,Happy birthday to one of my founders of @PlayApex @shahin much love dude and thank you guys for everything you do!,2025-10-13 21:14:54,2025-10-13 21:15:00,114
740,ApexLegends,Positive,Dear Happy birthday to one of many amazing devs fan of the @PlayApex @shahin much in love dude and thank you guys for enjoying everything you do!,2025-10-13 21:14:54,2025-10-13 21:15:00,145
740,ApexLegends,Positive,Happy birthday on lot of amazing devs of @PlayApex just super love dude and thank you guys for everything you do!,2025-10-13 21:14:54,2025-10-13 21:15:00,113
741,ApexLegends,Neutral,Ranked with @ethantowen.  . . twitch.tv/tizzinyourface,2025-10-13 21:14:54,2025-10-13 21:15:00,54
741,ApexLegends,Neutral,Ranking with @ ethantowen... twitch.tv / tizzinyourface,2025-10-13 21:14:54,2025-10-13 21:15:00,55
741,ApexLegends,Neutral,Written by @ ethantowen...... tch.tv / tizinyourface,2025-10-13 21:14:54,2025-10-13 21:15:00,52
741,ApexLegends,Neutral,Ranked with RhandlerR.  . . twitch.tv/tizzinyourface,2025-10-13 21:14:54,2025-10-13 21:15:00,52
741,ApexLegends,Neutral,See Ranked with RhandlerR.  . . twitch.tv/tizzinyourface,2025-10-13 21:14:54,2025-10-13 21:15:00,56
741,ApexLegends,Neutral,to,2025-10-13 21:14:54,2025-10-13 21:15:00,2
742,ApexLegends,Negative,"I can't connect to FUT Fifa20, Apex Legends had server issue like almost every minute... @EA your servers are sucks!!!",2025-10-13 21:14:54,2025-10-13 21:15:00,118
742,ApexLegends,Negative,"I can not connect to FUT Fifa20, Apex Legends had server problems like almost every minute... @ EA Your servers are sucking!!!",2025-10-13 21:14:54,2025-10-13 21:15:00,126
742,ApexLegends,Negative,"I can't connect to FUT Fifa20, Apex Legends had server issue like almost every minute... @ EA your servers are sucks!!!",2025-10-13 21:14:54,2025-10-13 21:15:00,119
742,ApexLegends,Negative,"I can't connect to FUT Fifa20, Apex Legends had servers crashing like almost every minute... @EA your servers are sucks!!!",2025-10-13 21:14:54,2025-10-13 21:15:00,122
742,ApexLegends,Negative,"I simply can't officially connect to... FUT TO Fifa20, Apex Legends had that server issue stuff like almost every last minute... @EA your servers are sucks!!!",2025-10-13 21:14:54,2025-10-13 21:15:00,158
742,ApexLegends,Negative,"that can't connect to FUT Fifa20, Apex Legends had server requests like that last minute... that your servers are sucks!!!",2025-10-13 21:14:54,2025-10-13 21:15:00,122
743,ApexLegends,Negative,The bot should of stayed away he sucks at apex . 🤦‍.,2025-10-13 21:14:54,2025-10-13 21:15:00,55
743,ApexLegends,Negative,"The bot should stay away, of course, it sucks at the top.",2025-10-13 21:14:54,2025-10-13 21:15:00,57
743,ApexLegends,Negative,"The bot, of course, should stay away, it sucks the top out.",2025-10-13 21:14:54,2025-10-13 21:15:00,59
743,ApexLegends,Negative,The bot should of stayed away he sucks at apex. 5.,2025-10-13 21:14:54,2025-10-13 21:15:00,50
743,ApexLegends,Negative,The bot never should of stayed away and he sucks at apex. [UNK].,2025-10-13 21:14:54,2025-10-13 21:15:00,64
743,ApexLegends,Negative,The bot should originally stayed away but is at apex. <unk>.,2025-10-13 21:14:54,2025-10-13 21:15:00,60
744,ApexLegends,Neutral,Apex Legends Aggression,2025-10-13 21:14:54,2025-10-13 21:15:00,25
744,ApexLegends,Neutral,Apex Legends Aggression,2025-10-13 21:14:54,2025-10-13 21:15:00,23
744,ApexLegends,Neutral,Apex Legends,2025-10-13 21:14:54,2025-10-13 21:15:00,12
744,ApexLegends,Neutral,Apex Legends Podcast,2025-10-13 21:14:54,2025-10-13 21:15:00,20
744,ApexLegends,Neutral,Apex of Legends Aggression,2025-10-13 21:14:54,2025-10-13 21:15:00,26
744,ApexLegends,Neutral,Apex Legends 3,2025-10-13 21:14:54,2025-10-13 21:15:00,14
745,ApexLegends,Positive,"Oh Apex how I miss you and your sweet glory of drop, die, repeat! . . Here at twitch.tv/projectnapalm. .",2025-10-13 21:14:54,2025-10-13 21:15:00,106
745,ApexLegends,Positive,"Oh Apex, how much I miss you and your sweet glory of the drop, die, repeat!. Here at twitch.tv / projectnapalm..",2025-10-13 21:14:54,2025-10-13 21:15:00,112
745,ApexLegends,Positive,"Oh Apex, how I miss you and your sweet glory drop, die, repeat!... Here at tch.tv / projectapalm.",2025-10-13 21:14:54,2025-10-13 21:15:00,97
745,ApexLegends,Positive,"Oh Apex how I miss you and your sweet glory of drop, die, repeat! . . Here at twitch.tv/projectnapalm. .",2025-10-13 21:14:54,2025-10-13 21:15:00,106
745,ApexLegends,Positive,"See Oh Apex how I miss you and your sweet glory of drop, die, repeat! . . Here at twitch.tv/projectnapalm. .",2025-10-13 21:14:54,2025-10-13 21:15:00,110
745,ApexLegends,Positive,no,2025-10-13 21:14:54,2025-10-13 21:15:00,2
746,ApexLegends,Negative,If they make it to where you can’t turn it off I won’t play again and that’s a fact,2025-10-13 21:14:54,2025-10-13 21:15:00,83
746,ApexLegends,Negative,"If they make it where you can't turn them off, I won't be playing and that's a fact.",2025-10-13 21:14:54,2025-10-13 21:15:00,84
746,ApexLegends,Negative,If they make it to where you can't turn it off I won't play again and that's a fact,2025-10-13 21:14:54,2025-10-13 21:15:00,83
746,ApexLegends,Negative,If they make them to where you can’t turn it off I won’t play again there that’s a fact,2025-10-13 21:14:54,2025-10-13 21:15:00,87
746,ApexLegends,Negative,If they make make it to where you can ’ get t turn it off and I won ’ t play again and that which ’ isn s a fact,2025-10-13 21:14:54,2025-10-13 21:15:00,112
746,ApexLegends,Negative,If they make it to where you can’t turn it off a won’t cook again and is a fact,2025-10-13 21:14:54,2025-10-13 21:15:00,79
747,ApexLegends,Neutral,Ranked Apex Legends With Randi's. Gold IV. DoYouHaveFaith.com twitch.tv/thefaithisdope,2025-10-13 21:14:54,2025-10-13 21:15:00,86
747,ApexLegends,Neutral,Ranking Apex Legends With Randi's Gold IV. DoYouHaveFaith.com twitch.tv / thefaithisdope,2025-10-13 21:14:54,2025-10-13 21:15:00,88
747,ApexLegends,Neutral,Apex Legends With Randi's. Gold IV. DoYouHaveFaith.com / thefaithisdope,2025-10-13 21:14:54,2025-10-13 21:15:00,71
747,ApexLegends,Neutral,Ranked Apex Legends With Randi's. Gold IV. DoYouHaveFaith.com twitch.tv/thefaithisdope,2025-10-13 21:14:54,2025-10-13 21:15:00,86
747,ApexLegends,Neutral,and Ranked Apex Legends With Randi's. Gold IV. DoYouHaveFaith.com twitch.tv/thefaithisdope,2025-10-13 21:14:54,2025-10-13 21:15:00,90
747,ApexLegends,Neutral,so,2025-10-13 21:14:54,2025-10-13 21:15:00,2
748,ApexLegends,Negative,@PlayApex ummm what the heck is going on? You guys gonna fix your servers or what? pic.twitter.com/ZP9CNzhyyZ,2025-10-13 21:14:54,2025-10-13 21:15:00,109
748,ApexLegends,Negative,@ PlayApex ummm what the hell is going on? Will you fix your servers or what? pic.twitter.com / ZP9CNzhyyZ,2025-10-13 21:14:54,2025-10-13 21:15:00,106
748,ApexLegends,Negative,"@ PlayApex ummm, what's going on? Are you guys going to fix your servers or what? pic.facebook.com / ZP9CNzhyyyZ",2025-10-13 21:14:54,2025-10-13 21:15:00,112
748,ApexLegends,Negative,RhandlerR ummm what the heck is going on? You guys gonna fix your servers or what? pic.twitter.com/ZP9CNzhyyZ,2025-10-13 21:14:54,2025-10-13 21:15:00,109
748,ApexLegends,Negative,2014 RhandlerR ummm what the heck is going on? You guys gonna fix your servers or what? pic.twitter.com/ZP9CNzhyyZ,2025-10-13 21:14:54,2025-10-13 21:15:00,114
748,ApexLegends,Negative,We,2025-10-13 21:14:54,2025-10-13 21:15:00,2
749,ApexLegends,Positive,@PlayApex @sweeetanj it ain’t pretty (yet) and it’s late but I’m happy how the draft came out and eager to add some color to it .  pic.twitter.com/ApDnUTLgPP,2025-10-13 21:14:54,2025-10-13 21:15:00,157
749,ApexLegends,Positive,@ PlayApex @ sweeetanj it's not pretty (yet) and it's late but I'm happy how the draft came out and eager to add some color. pic.twitter.com / ApDnUTLgPP,2025-10-13 21:14:54,2025-10-13 21:15:00,153
749,ApexLegends,Positive,"@ PlayApex @ sweetanj it's not pretty (yet) and it's too late, but I'm happy with how the project has come out and ready to add a bit of colour. pic.facebook.com / ApDnUTLgPP",2025-10-13 21:14:54,2025-10-13 21:15:00,174
749,ApexLegends,Positive,RhandlerR RhandlerR it ain’t pretty (yet) and it’s late but I’m happy how the draft came out and eager to add some color to it .  pic.twitter.com/ApDnUTLgPP,2025-10-13 21:14:54,2025-10-13 21:15:00,156
749,ApexLegends,Positive,by RhandlerR RhandlerR it ain’t pretty (yet) and it’s late but I’m happy how the draft came out and eager to add some color to it .  pic.twitter.com/ApDnUTLgPP,2025-10-13 21:14:54,2025-10-13 21:15:00,159
749,ApexLegends,Positive,an,2025-10-13 21:14:54,2025-10-13 21:15:00,2
750,ApexLegends,Neutral,Oooo you almost had it. | @PlayApex  . . store.playstation.com/,2025-10-13 21:14:54,2025-10-13 21:15:00,64
750,ApexLegends,Neutral,Oooo you almost had it. | @ PlayApex.. store.playstation.com /,2025-10-13 21:14:54,2025-10-13 21:15:00,62
750,ApexLegends,Neutral,!!!!!!!!!!!!!!!!!!!!!!!!!!!!!!!!!!!!!!!!!!!!!!!!!!!!!!!!!!!!!!!!!!!!!!!!!!!!!!!!!!!!!!!!!!!!!!!!!!!!!!!!!!!!!!!!!!!!!!!!!!!!!!!!!!!!!,2025-10-13 21:14:54,2025-10-13 21:15:00,133
750,ApexLegends,Neutral,Oooo you almost cut it. | @PlayApex . c store.playstation.com/,2025-10-13 21:14:54,2025-10-13 21:15:00,62
750,ApexLegends,Neutral,Oooo thinks you almost had it. | My @PlayApex.. store. x playstation. archive com /,2025-10-13 21:14:54,2025-10-13 21:15:00,83
750,ApexLegends,Neutral,Oooo you just got it. | @PlayApex.. on.playstation.com/,2025-10-13 21:14:54,2025-10-13 21:15:00,55
751,ApexLegends,Irrelevant,Niggas play  . . I will throw the WHOLE game if you take my fucking shit.,2025-10-13 21:14:54,2025-10-13 21:15:00,73
751,ApexLegends,Irrelevant,Niggas game.. I throw the WHOLE game if you take my shit.,2025-10-13 21:14:54,2025-10-13 21:15:00,57
751,ApexLegends,Irrelevant,Niggas play... I will throw the WHOLE game if you take my fucking shit.,2025-10-13 21:14:54,2025-10-13 21:15:00,71
751,ApexLegends,Irrelevant,Niggas play .. I will move the WHOLE game but you take my fucking shit.,2025-10-13 21:14:54,2025-10-13 21:15:00,71
751,ApexLegends,Irrelevant,Niggas play.. But I definitely will fucking throw the WHOLE game if you take down my fucking shit.,2025-10-13 21:14:54,2025-10-13 21:15:00,98
751,ApexLegends,Irrelevant,Niggas play.. me will throw one WHOLE game without you take my fucking shit.,2025-10-13 21:14:54,2025-10-13 21:15:00,76
752,ApexLegends,Irrelevant,Look at me everybody.. I'm a super dooper cool apex player!,2025-10-13 21:14:54,2025-10-13 21:15:00,61
752,ApexLegends,Irrelevant,Look at me all.. I'm a super dooper cool top player!,2025-10-13 21:14:54,2025-10-13 21:15:00,52
752,ApexLegends,Irrelevant,Look at me all... I'm a super cool player!,2025-10-13 21:14:54,2025-10-13 21:15:00,42
752,ApexLegends,Irrelevant,Look at me<unk> I'm a super dooper cool apex player!,2025-10-13 21:14:54,2025-10-13 21:15:00,52
752,ApexLegends,Irrelevant,9 Look at me everybody.. 7 I'm a super dooper cool crazy apex player!,2025-10-13 21:14:54,2025-10-13 21:15:00,69
752,ApexLegends,Irrelevant,Look like THAT everybody.. I'm a super dooper cool apex player!,2025-10-13 21:14:54,2025-10-13 21:15:00,63
753,ApexLegends,Neutral,@SadSushiRol @Soy_Icy and I played a game of Apex and everything was going so slow :o Has that happened to anyone before?,2025-10-13 21:14:54,2025-10-13 21:15:00,123
753,ApexLegends,Neutral,@ SadSushiRol @ Soy _ Icy and I played a round of apex and it all went so slowly: o Has this ever happened to anyone?,2025-10-13 21:14:54,2025-10-13 21:15:00,117
753,ApexLegends,Neutral,@ SadSushiRol @ Soy _ Icy and I played a game of Apex and everything was going so slow: o Has that happened to anyone before?,2025-10-13 21:14:54,2025-10-13 21:15:00,125
753,ApexLegends,Neutral,@SadSushiRol @Soy_Icy and I played a game of Apex and everything was going so good :o Has that happened or anyone before?,2025-10-13 21:14:54,2025-10-13 21:15:00,121
753,ApexLegends,Neutral,@SadSushiRol And @Soy_Icy and I all played a game because of Apex again and everything was going so terribly slow : o Has that happened to anyone different before?,2025-10-13 21:14:54,2025-10-13 21:15:00,163
753,ApexLegends,Neutral,@SadSushiRol @Soy_Icy and I played a game of Apex and everything got going seriously slow :o had your happened to anyone before?,2025-10-13 21:14:54,2025-10-13 21:15:00,128
754,ApexLegends,Neutral,Arcstar!!  . . store.playstation.com/,2025-10-13 21:14:54,2025-10-13 21:15:00,38
754,ApexLegends,Neutral,Arcstar!!.. store.playstation.com /,2025-10-13 21:14:54,2025-10-13 21:15:00,35
754,ApexLegends,Neutral,Arcstar!!. store.playstation.com /,2025-10-13 21:14:54,2025-10-13 21:15:00,34
754,ApexLegends,Neutral,Arcstar!! <unk>. store.playstation.com/,2025-10-13 21:14:54,2025-10-13 21:15:00,39
754,ApexLegends,Neutral,Live Arcstar!!.. store. playstation. v com /,2025-10-13 21:14:54,2025-10-13 21:15:00,44
754,ApexLegends,Neutral,et.. x.playstation.com/,2025-10-13 21:14:54,2025-10-13 21:15:00,23
755,ApexLegends,Positive,nice,2025-10-13 21:14:54,2025-10-13 21:15:00,6
755,ApexLegends,Positive,nan,2025-10-13 21:14:54,2025-10-13 21:15:00,3
755,ApexLegends,Positive,nice,2025-10-13 21:14:54,2025-10-13 21:15:00,4
755,ApexLegends,Positive,nice,2025-10-13 21:14:54,2025-10-13 21:15:00,4
755,ApexLegends,Positive,real nice,2025-10-13 21:14:54,2025-10-13 21:15:00,9
755,ApexLegends,Positive,the,2025-10-13 21:14:54,2025-10-13 21:15:00,3
756,ApexLegends,Neutral,They dislike my Wingman and R99. . @PlayApex_Clips @ApexStreamTeam @Apex_Tracker @PlayApex,2025-10-13 21:14:54,2025-10-13 21:15:00,92
756,ApexLegends,Neutral,You don't like my wingman and R99... @ PlayApex _ Clips @ ApexStreamTeam @ Apex _ Tracker @ PlayApex,2025-10-13 21:14:54,2025-10-13 21:15:00,100
756,ApexLegends,Neutral,They dislike my Wingman and R99.. @ PlayApex _ Clips @ ApexStreamTeam @ Apex _ Tracker @ PlayApex,2025-10-13 21:14:54,2025-10-13 21:15:00,97
756,ApexLegends,Neutral,They dislike my Wingman and R99.. 000 @PlayApex_Clips R @ApexStreamTeam,2025-10-13 21:14:54,2025-10-13 21:15:00,71
756,ApexLegends,Neutral,They certainly dislike my Wingman number and are R99.. 6 @PlayApex_Clips @ApexStreamTeam @Apex_Tracker 1 @PlayApex,2025-10-13 21:14:54,2025-10-13 21:15:00,114
756,ApexLegends,Neutral,They receive my ideas and the.. @PlayApex_Clips @ApexStreamTeam @Apex_Tracker G,2025-10-13 21:14:54,2025-10-13 21:15:00,79
757,ApexLegends,Positive,More exciting Apex Legends gameplay in Ranked mode  . youtu.be/Bhkry_azX50,2025-10-13 21:14:54,2025-10-13 21:15:00,74
757,ApexLegends,Positive,More exciting gameplay from Apex Legends in leaderboard mode. youtu.be / Bhkry _ azX50,2025-10-13 21:14:54,2025-10-13 21:15:00,86
757,ApexLegends,Positive,More exciting game Apex Legends in Rating Mode. youtu.be / Bhkry _ azX50,2025-10-13 21:14:54,2025-10-13 21:15:00,72
757,ApexLegends,Positive,More exciting Apex Legends coming in Ranked matches . youtu.be/Bhkry_azX50,2025-10-13 21:14:54,2025-10-13 21:15:00,74
757,ApexLegends,Positive,More exciting Apex Legends gameplay in The Ranked Leader mode. youtu. uk be / e Bhkry _ a azX50,2025-10-13 21:14:54,2025-10-13 21:15:00,95
757,ApexLegends,Positive,More exciting Apex 8 gameplay in Ranked Star. net.be/Bhkry_azX50,2025-10-13 21:14:54,2025-10-13 21:15:00,64
758,ApexLegends,Neutral,Wasted my time editing this shit lol . . going .  youtuber HAHAHA . .,2025-10-13 21:14:54,2025-10-13 21:15:00,71
758,ApexLegends,Neutral,Have wasted my time editing this shit lol... go. youtuber HAHAHA..,2025-10-13 21:14:54,2025-10-13 21:15:00,66
758,ApexLegends,Neutral,Wasted my time editing this shit lol.. going. youtuber HAHAHA..,2025-10-13 21:14:54,2025-10-13 21:15:00,63
758,ApexLegends,Neutral,Wasted my time doing his shit lol.. going.  youtuber HAHAHA..,2025-10-13 21:14:54,2025-10-13 21:15:00,61
758,ApexLegends,Neutral,who Wasted my valuable time editing this shit to lol.. going. youtuber at HAHAHA..,2025-10-13 21:14:54,2025-10-13 21:15:00,82
758,ApexLegends,Neutral,spent the day editing this shit lol.. going. OK HAHAHA..,2025-10-13 21:14:54,2025-10-13 21:15:00,56
759,ApexLegends,Neutral,The latest 'Apex Legends' hero is a master thief named Loba dlvr.it/RVnFXS https://t.co/ezLjauS691,2025-10-13 21:14:54,2025-10-13 21:15:00,98
759,ApexLegends,Neutral,"The latest hero of \"Apex Legends\" is a master thief named Loba dlvr.it / RVnFXS https: / / t.co / ezLjauS691",2025-10-13 21:14:54,2025-10-13 21:15:00,108
759,ApexLegends,Neutral,"The last hero of \"Apex Legends\" was a master named Freder.it / RVnFXS https: / / co / ezLjauS691",2025-10-13 21:14:54,2025-10-13 21:15:00,96
759,ApexLegends,Neutral,The latest 'Apex Legends' hero and a sentient robot named Loba dlvr.it/RVnFXS https://t.co/ezLjauS691],2025-10-13 21:14:54,2025-10-13 21:15:00,102
759,ApexLegends,Neutral,The more latest'Twilight Apex... Legends'fantasy hero is definitely a notorious master thief named Loba dlvr. it / RVnFXS at https://t.co/ezLjauS691 ],2025-10-13 21:14:54,2025-10-13 21:15:00,150
759,ApexLegends,Neutral,The latest 'Apex Legends' player remains a jewel thief within [[ dlvr.it/RVnFXS https://t.co/ezLjauS691],2025-10-13 21:14:54,2025-10-13 21:15:00,104
760,ApexLegends,Negative,"@PlayApex none of my currencies or characters are loading up, cant see battlepass either. tried restarting and still nothing. server issues? https://t.co/PwIbPef449",2025-10-13 21:14:54,2025-10-13 21:15:00,164
760,ApexLegends,Negative,"@ PlayApex none of my currencies or characters are loaded, can not see Battlepass others. tried a reboot and still nothing. Server problems? https: / / t.co / PwIbPef449",2025-10-13 21:14:54,2025-10-13 21:15:00,169
760,ApexLegends,Negative,"@ PlayApex none of my currencies or characters are loading up, cant see battlepass either. tried restarting and still nothing. server issues? https: / / www.co / PwIbPef449",2025-10-13 21:14:54,2025-10-13 21:15:00,172
760,ApexLegends,Negative,"@PlayApex none of my currencies or shards where loading up, cant see value either. tried restarting and still nothing. server issues? https://t.co/PwIbPef449]",2025-10-13 21:14:54,2025-10-13 21:15:00,158
760,ApexLegends,Negative,"PS @PlayApex If none of my currencies now or characters yet are loading up, cant see our battlepass either. tried restarting on and still nothing. Big server issues? https://t.co/PwIbPef449 ]",2025-10-13 21:14:54,2025-10-13 21:15:00,191
760,ApexLegends,Negative,"@PlayApex none so those server or characters are loading up, cant my battlepass either. tried restarting and still find. server issues? https://t.co/PwIbPef449]",2025-10-13 21:14:54,2025-10-13 21:15:00,160
761,ApexLegends,Positive,That sniper is deadly,2025-10-13 21:14:54,2025-10-13 21:15:00,23
761,ApexLegends,Positive,This sniper is deadly,2025-10-13 21:14:54,2025-10-13 21:15:00,21
761,ApexLegends,Positive,This Sniper Is Deadly,2025-10-13 21:14:54,2025-10-13 21:15:00,21
761,ApexLegends,Positive,That sniper looks deadly,2025-10-13 21:14:54,2025-10-13 21:15:00,24
761,ApexLegends,Positive,That sniper is quite deadly,2025-10-13 21:14:54,2025-10-13 21:15:00,27
761,ApexLegends,Positive,That sniper have deadly,2025-10-13 21:14:54,2025-10-13 21:15:00,23
762,ApexLegends,Neutral,.  u hate to see it,2025-10-13 21:14:54,2025-10-13 21:15:00,19
762,ApexLegends,Neutral,u I hate to see it,2025-10-13 21:14:54,2025-10-13 21:15:00,18
762,ApexLegends,Neutral,. u hate to see it,2025-10-13 21:14:54,2025-10-13 21:15:00,18
762,ApexLegends,Neutral,.  u hate ta see it,2025-10-13 21:14:54,2025-10-13 21:15:00,19
762,ApexLegends,Neutral,. u hate to see into it,2025-10-13 21:14:54,2025-10-13 21:15:00,23
762,ApexLegends,Neutral,. u hate to see people,2025-10-13 21:14:54,2025-10-13 21:15:00,22
763,ApexLegends,Positive,My favorite win so far lol,2025-10-13 21:14:54,2025-10-13 21:15:00,28
763,ApexLegends,Positive,My favourite win so far lol,2025-10-13 21:14:54,2025-10-13 21:15:00,27
763,ApexLegends,Positive,My favorite win so far lol,2025-10-13 21:14:54,2025-10-13 21:15:00,26
763,ApexLegends,Positive,My favorite win so bad lol,2025-10-13 21:14:54,2025-10-13 21:15:00,26
763,ApexLegends,Positive,My favorite win could so far lol,2025-10-13 21:14:54,2025-10-13 21:15:00,32
763,ApexLegends,Positive,My favorite win so for lol,2025-10-13 21:14:54,2025-10-13 21:15:00,26
764,ApexLegends,Neutral,5th place with 5 kills.,2025-10-13 21:14:54,2025-10-13 21:15:00,25
764,ApexLegends,Neutral,5th place with 5 deaths.,2025-10-13 21:14:54,2025-10-13 21:15:00,24
764,ApexLegends,Neutral,5th place with 5 murderers.,2025-10-13 21:14:54,2025-10-13 21:15:00,27
764,ApexLegends,Neutral,5th player with 5 kills.,2025-10-13 21:14:54,2025-10-13 21:15:00,24
764,ApexLegends,Neutral,5th place with 5 reported kills.,2025-10-13 21:14:54,2025-10-13 21:15:00,32
764,ApexLegends,Neutral,5th place with 22 kills.,2025-10-13 21:14:54,2025-10-13 21:15:00,24
765,ApexLegends,Neutral,Dont give me kraber pls . .  .,2025-10-13 21:14:54,2025-10-13 21:15:00,32
765,ApexLegends,Neutral,Dont give me kraber pls...,2025-10-13 21:14:54,2025-10-13 21:15:00,26
765,ApexLegends,Neutral,Don't give me cause for concern...,2025-10-13 21:14:54,2025-10-13 21:15:00,34
765,ApexLegends,Neutral,Dont give ur kraber pls.. .,2025-10-13 21:14:54,2025-10-13 21:15:00,27
765,ApexLegends,Neutral,Dont give back me the kraber pls...,2025-10-13 21:14:54,2025-10-13 21:15:00,35
765,ApexLegends,Neutral,Dont sit in kraber pls...,2025-10-13 21:14:54,2025-10-13 21:15:00,25
766,ApexLegends,Negative,I hate the amount of problems this game has its unbelievable two updates with in two weeks and this problem isn’t addressed like.  @PlayApex @TitanfallBlog,2025-10-13 21:14:54,2025-10-13 21:15:00,157
766,ApexLegends,Negative,"I hate the amount of problems this game has with its incredible two updates in two weeks, and this issue is not being addressed this way. @ PlayApex @ TitanfallBlog",2025-10-13 21:14:54,2025-10-13 21:15:00,164
766,ApexLegends,Negative,"I hate the amount of problems in this game, which has two updates in two weeks and this problem is not treated as. @ PlayApex @ Titanfall.com",2025-10-13 21:14:54,2025-10-13 21:15:00,141
766,ApexLegends,Negative,I hate the amount broken problems this game has had unbelievable many updates with in two weeks and this problem isn’t addressed like.  @PlayApex @TitanfallBlog,2025-10-13 21:14:54,2025-10-13 21:15:00,160
766,ApexLegends,Negative,I hate the amount of other problems when this game still has its more unbelievable two updates with in two weeks and this problem certainly isn ’ t addressed yet like. 3 @PlayApex @TitanfallBlog,2025-10-13 21:14:54,2025-10-13 21:15:00,194
766,ApexLegends,Negative,I hate and amount of problems this game has since opening two updates with in two weeks and this problem it addressed like. @PlayApex<unk>,2025-10-13 21:14:54,2025-10-13 21:15:00,138
767,ApexLegends,Neutral,so kYOOT . 🥰,2025-10-13 21:14:54,2025-10-13 21:15:00,12
767,ApexLegends,Neutral,So kYOOT.,2025-10-13 21:14:54,2025-10-13 21:15:00,9
767,ApexLegends,Neutral,so kYOOT.,2025-10-13 21:14:54,2025-10-13 21:15:00,9
767,ApexLegends,Neutral,so yeah. 🥰,2025-10-13 21:14:54,2025-10-13 21:15:00,10
767,ApexLegends,Neutral,so a kYOOT. [UNK],2025-10-13 21:14:54,2025-10-13 21:15:00,17
767,ApexLegends,Neutral,<unk> kYOOT. <unk>,2025-10-13 21:14:54,2025-10-13 21:15:00,18
768,ApexLegends,Neutral,"First look at the cosmetics of the \"Apex Legends: Octane Edition\". . You'll receive this message when buying this edition: \"Thank you for purchasing Apex Legends: Octane Edition. Enjoy these exclusive items.\" pic.twitter.com/joyD2wMpL6",2025-10-13 21:14:54,2025-10-13 21:15:00,235
768,ApexLegends,Neutral,"First, take a look at the \"Apex Legends: Octane Edition\" cosmetics. When you purchase this issue, you will receive the following message: \"Thank you for buying Apex Legends: Octane Edition. Enjoy these exclusive items.\" pic.twitter.com / joyD2wMpL6",2025-10-13 21:14:54,2025-10-13 21:15:00,248
768,ApexLegends,Neutral,"First look at Apex Legends: Fancane cosmetics. You'll get this message when you buy it: \"Thank you for supporting Apex Legends: Fancane Fancane. Enjoy these exclusive items.\" pic.facebook.com / joyD2wMPL6",2025-10-13 21:14:54,2025-10-13 21:15:00,204
768,ApexLegends,Neutral,"First look at the cosmetics of the \"Apex Legends: Octane Edition\". . You'll receive this message when buying this edition: \"Thank you for purchasing Apex Legends: Octane Edition. Enjoy these exclusive items.\" pic.twitter.com/joyD2wMpL6",2025-10-13 21:14:54,2025-10-13 21:15:00,235
768,ApexLegends,Neutral,"A First look at the cosmetics of the \"Apex Legends: Octane Edition\". . You'll receive this message when buying this edition: \"Thank you for purchasing Apex Legends: Octane Edition. Enjoy these exclusive items.\" pic.twitter.com/joyD2wMpL6",2025-10-13 21:14:54,2025-10-13 21:15:00,237
768,ApexLegends,Neutral,in,2025-10-13 21:14:54,2025-10-13 21:15:00,2
769,ApexLegends,Positive,This is the most exciting end to a match I have ever had in Apex Legends. pic.twitter.com/lqKoHfRaM3,2025-10-13 21:14:54,2025-10-13 21:15:00,100
769,ApexLegends,Positive,This is the most exciting end to a match I've ever played in Apex Legends. pic.twitter.com / lqKoHfRaM3,2025-10-13 21:14:54,2025-10-13 21:15:00,103
769,ApexLegends,Positive,This is the most exciting end of a match I have ever had in Apex Lefs. pic.facebook.com / lqKoHfRaM3,2025-10-13 21:14:54,2025-10-13 21:15:00,100
769,ApexLegends,Positive,This is the most exciting end to a match I have ever had in Apex Legends. pic.twitter.com/lqKoHfRaM3,2025-10-13 21:14:54,2025-10-13 21:15:00,100
769,ApexLegends,Positive,See This is the most exciting end to a match I have ever had in Apex Legends. pic.twitter.com/lqKoHfRaM3,2025-10-13 21:14:54,2025-10-13 21:15:00,104
769,ApexLegends,Positive,is,2025-10-13 21:14:54,2025-10-13 21:15:00,2
770,ApexLegends,Neutral,Positioning is everything,2025-10-13 21:14:54,2025-10-13 21:15:00,27
770,ApexLegends,Neutral,Positioning is everything,2025-10-13 21:14:54,2025-10-13 21:15:00,25
770,ApexLegends,Neutral,Mistake Is Everything,2025-10-13 21:14:54,2025-10-13 21:15:00,21
770,ApexLegends,Neutral,Positioning is key,2025-10-13 21:14:54,2025-10-13 21:15:00,18
770,ApexLegends,Neutral,Power Positioning is everything,2025-10-13 21:14:54,2025-10-13 21:15:00,31
770,ApexLegends,Neutral,Positioning is based,2025-10-13 21:14:54,2025-10-13 21:15:00,20
771,ApexLegends,Neutral,Call of Duty: Warzone is for people who thought Apex Legends was too much fun,2025-10-13 21:14:54,2025-10-13 21:15:00,77
771,ApexLegends,Neutral,Call of Duty: Warzone is for people who enjoyed Apex Legends too much,2025-10-13 21:14:54,2025-10-13 21:15:00,69
771,ApexLegends,Neutral,Call of Duty: Warzone for people who thought Apex Legends was too much fun,2025-10-13 21:14:54,2025-10-13 21:15:00,74
771,ApexLegends,Neutral,Call of Duty: Warzone is for people who feel Apex Legends was too much fun,2025-10-13 21:14:54,2025-10-13 21:15:00,74
771,ApexLegends,Neutral,Filming Call of Duty : Warzone is for people who thought that Apex and Legends was too much fun,2025-10-13 21:14:54,2025-10-13 21:15:00,95
771,ApexLegends,Neutral,<unk> of Duty: Warzone is for people who thought Apex Legends too too much fun,2025-10-13 21:14:54,2025-10-13 21:15:00,78
772,ApexLegends,Neutral,"I did a thing, don’t let it flop .",2025-10-13 21:14:54,2025-10-13 21:15:00,37
772,ApexLegends,Neutral,"I've done something, don't let it flop.",2025-10-13 21:14:55,2025-10-13 21:15:00,39
772,ApexLegends,Neutral,"I did something, don't let it burst.",2025-10-13 21:14:55,2025-10-13 21:15:00,36
772,ApexLegends,Neutral,"I did your thing, don’t let it flop.",2025-10-13 21:14:55,2025-10-13 21:15:00,36
772,ApexLegends,Neutral,"I did a lucky thing, don ’ t Just let it flop.",2025-10-13 21:14:55,2025-10-13 21:15:00,46
772,ApexLegends,Neutral,"I did a thing, just let them flop.",2025-10-13 21:14:55,2025-10-13 21:15:00,34
773,ApexLegends,Neutral,Some kills @PlayApex_Clips,2025-10-13 21:14:55,2025-10-13 21:15:00,28
773,ApexLegends,Neutral,Some kill @ PlayApex _ Clips,2025-10-13 21:14:55,2025-10-13 21:15:00,28
773,ApexLegends,Neutral,Some kills @ PlayApex _ Clips,2025-10-13 21:14:55,2025-10-13 21:15:00,29
773,ApexLegends,Neutral,Some Notes @PlayApex_Clips,2025-10-13 21:14:55,2025-10-13 21:15:00,26
773,ApexLegends,Neutral,Some also kills @PlayApex_Clips,2025-10-13 21:14:55,2025-10-13 21:15:00,31
773,ApexLegends,Neutral,Some kills because,2025-10-13 21:14:55,2025-10-13 21:15:00,18
774,ApexLegends,Positive,Oh HELL this is amazing.,2025-10-13 21:14:55,2025-10-13 21:15:00,24
774,ApexLegends,Positive,"Oh HELL, that's amazing.",2025-10-13 21:14:55,2025-10-13 21:15:00,24
774,ApexLegends,Positive,Oh HELL this is amazing.,2025-10-13 21:14:55,2025-10-13 21:15:00,24
774,ApexLegends,Positive,Oh HELL this is fucked.,2025-10-13 21:14:55,2025-10-13 21:15:00,23
774,ApexLegends,Positive,Oh HELL this is beyond amazing.,2025-10-13 21:14:55,2025-10-13 21:15:00,31
774,ApexLegends,Positive,Oh HELL which is amazing.,2025-10-13 21:14:55,2025-10-13 21:15:00,25
775,ApexLegends,Negative,@PlayApex  can you guys please fix the disconnect reconnect issue it really sucks getting penalized in ranked for a disconnect and dying you need invincibility or something we’re you can get killed cuz it’s really bullshit,2025-10-13 21:14:55,2025-10-13 21:15:00,222
775,ApexLegends,Negative,"@ PlayApex can you guys please fix the problem of disconnection reconnect it is really sucks getting punished in rank for a disconnect and die you need invincibility or something we are, you can get killed because it is really bullshit",2025-10-13 21:14:55,2025-10-13 21:15:00,235
775,ApexLegends,Negative,@ PlayApex can you guys please fix the disconnection problem reunite it's really suck to get fined for disconnection and dying you need invincibility or something we can get killed because it's really bullshit,2025-10-13 21:14:55,2025-10-13 21:15:00,209
775,ApexLegends,Negative,@PlayApex  can you guys please fix the disconnect reconnect issue it also sucks getting penalized being ranked for a disconnect and dying you think invincibility or something we’re you can get killed cuz it’s really crazy,2025-10-13 21:14:55,2025-10-13 21:15:00,221
775,ApexLegends,Negative,@PlayApex can you guys please fix the original disconnect reconnect link issue because it kinda really sucks getting penalized in ranked for adding a new disconnect and dying you need invincibility or something we ’ can re you can really get killed cuz it didn ’ s stuff really bullshit,2025-10-13 21:14:55,2025-10-13 21:15:00,286
775,ApexLegends,Negative,@PlayApex can just just please fix the disconnect reconnect issue it really sucks getting penalized new life for your disconnect and dying you need invincibility or nothing we’re you can basically killed cuz it’s really bullshit,2025-10-13 21:14:55,2025-10-13 21:15:00,228
776,ApexLegends,Negative,@PlayApex soooo I lost like 196 RP today if not more bc I blue screened and got code wheeled on ps4 on apex wtf respawn,2025-10-13 21:14:55,2025-10-13 21:15:00,119
776,ApexLegends,Negative,@ PlayApex soooo I lost like 196 RP today when no more BC I got blue shielded and got code on ps4 on apex wtf respawn,2025-10-13 21:14:55,2025-10-13 21:15:00,117
776,ApexLegends,Negative,"@ PlayApex soooo I lost like 196 RP today, if not more BC I'm a blue screen and got a wheel code on 4 at the top of wtf respawn",2025-10-13 21:14:55,2025-10-13 21:15:00,127
776,ApexLegends,Negative,@PlayApex soooo I lost like 196 characters today if not more bc a blue book and got code wheeled on ps4 on apex wtf respawn,2025-10-13 21:14:55,2025-10-13 21:15:00,123
776,ApexLegends,Negative,@PlayApex soooo until I lost water like 196 RP today... if not more bc now I ran blue screened in and you got code wheeled on ps4 on apex wtf respawn,2025-10-13 21:14:55,2025-10-13 21:15:00,149
776,ApexLegends,Negative,@PlayApex soooo I was on 196 RP hell was not more bc I blue screened and played single wheeled on ps4 on apex wtf respawn,2025-10-13 21:14:55,2025-10-13 21:15:00,121
777,ApexLegends,Positive,wow,2025-10-13 21:14:55,2025-10-13 21:15:00,3
777,ApexLegends,Positive,Wow,2025-10-13 21:14:55,2025-10-13 21:15:00,3
777,ApexLegends,Positive,wow,2025-10-13 21:14:55,2025-10-13 21:15:00,3
777,ApexLegends,Positive,wow,2025-10-13 21:14:55,2025-10-13 21:15:00,3
777,ApexLegends,Positive,Oh wow,2025-10-13 21:14:55,2025-10-13 21:15:00,6
777,ApexLegends,Positive,wow,2025-10-13 21:14:55,2025-10-13 21:15:00,3
778,ApexLegends,Negative,@PlayApex releasing crossplay in beta half way through a ranked season. Already connection problems. Stupid decisions.,2025-10-13 21:14:55,2025-10-13 21:15:00,118
778,ApexLegends,Negative,@ PlayApex releasing Crossplay in beta midway through a leaderboard season. Already connectivity issues. Stupid decisions.,2025-10-13 21:14:55,2025-10-13 21:15:00,122
778,ApexLegends,Negative,@ PlayApex: mid-season beta testing. Erroneous connectivity problems. Silly solutions.,2025-10-13 21:14:55,2025-10-13 21:15:00,86
778,ApexLegends,Negative,@PlayApex releasing crossplay in a half way through a ranked season. Already connection wars. Stupid decisions.,2025-10-13 21:14:55,2025-10-13 21:15:00,111
778,ApexLegends,Negative,@PlayApex releasing crossplay in beta half way out through a higher ranked season. Already on connection of problems. Stupid decisions.,2025-10-13 21:14:55,2025-10-13 21:15:00,135
778,ApexLegends,Negative,@PlayApex releasing crossplay in Ireland half way through a critical poll. Already connection problems. Stupid decisions.,2025-10-13 21:14:55,2025-10-13 21:15:00,121
779,ApexLegends,Negative,@PlayApex @TitanfallBlog the new apex patch for Japanese audio made it so I can’t open apex since I had the old patch. Even when taking it off I get an error saying unknown file version! pic.twitter.com/3QgrUfoiOx,2025-10-13 21:14:55,2025-10-13 21:15:00,213
779,ApexLegends,Negative,"@ PlayApex @ TitanfallBlog the new vertex patch for Japanese audio has made it so I can't open the vertex because I had the old patch. Even when I remove it, I get an error with the message unknown file version! pic.twitter.com / 3QgrUfoiOx",2025-10-13 21:14:55,2025-10-13 21:15:00,240
779,ApexLegends,Negative,@ PlayApex @ Titanfall - the new top patch for Japanese audio has made it so I can't open the top since I had an old patch.,2025-10-13 21:14:55,2025-10-13 21:15:00,123
779,ApexLegends,Negative,RhandlerR RhandlerR the new apex patch for Japanese audio made it so I can’t open apex since I had the old patch. Even when taking it off I get an error saying unknown file version! pic.twitter.com/3QgrUfoiOx,2025-10-13 21:14:55,2025-10-13 21:15:00,208
779,ApexLegends,Negative,2014 RhandlerR RhandlerR the new apex patch for Japanese audio made it so I can’t open apex since I had the old patch. Even when taking it off I get an error saying unknown file version! pic.twitter.com/3QgrUfoiOx,2025-10-13 21:14:55,2025-10-13 21:15:00,213
779,ApexLegends,Negative,was,2025-10-13 21:14:55,2025-10-13 21:15:00,3
780,ApexLegends,Neutral,Yo @itktrap these roads are bumpy awww Damn what did we hit .,2025-10-13 21:14:55,2025-10-13 21:15:00,64
780,ApexLegends,Neutral,Yo @ itktrap these roads are bumpy awww damn what have we hit.,2025-10-13 21:14:55,2025-10-13 21:15:00,62
780,ApexLegends,Neutral,Yo @ itktrap these roads are bumpy aww Damn what did we hit.,2025-10-13 21:14:55,2025-10-13 21:15:00,60
780,ApexLegends,Neutral,Yo @itktrap these roads are bumpy awww Damn what will we hit.,2025-10-13 21:14:55,2025-10-13 21:15:00,61
780,ApexLegends,Neutral,Yo @itktrap these roads that are rather bumpy awww Damn what bus did we finally hit.,2025-10-13 21:14:55,2025-10-13 21:15:00,84
780,ApexLegends,Neutral,Yo Well these seats are bumpy awww Damn How did we hit.,2025-10-13 21:14:55,2025-10-13 21:15:00,55
781,ApexLegends,Positive,So much fun interviewing with Pathfinder himself 🤖 (aka @chrisedgerly) a few months ago! Here is the podcast! .,2025-10-13 21:14:55,2025-10-13 21:15:00,114
781,ApexLegends,Positive,So much fun interviewing Pathfinder himself (aka @ chrisedgerly) a few months ago! Here's the podcast!.,2025-10-13 21:14:55,2025-10-13 21:15:00,103
781,ApexLegends,Positive,So fun to interview Pathfinder himself (aka @ bsedgerly) a few months ago! Here's a podcast!.,2025-10-13 21:14:55,2025-10-13 21:15:00,93
781,ApexLegends,Positive,So much fun interviewing with Pathfinder himself<unk> (aka @chrisedgerly) a year months ago! Here is the podcast!.,2025-10-13 21:14:55,2025-10-13 21:15:00,114
781,ApexLegends,Positive,Like So much fun interviewing with Pathfinder himself [UNK] ( aka @chrisedgerly) and a few months much ago! And Here too is the podcast!.,2025-10-13 21:14:55,2025-10-13 21:15:00,137
781,ApexLegends,Positive,So lovely fun interviewing with Fan Live <unk> (aka @chrisedgerly) a few months ago! where is the podcast!.,2025-10-13 21:14:55,2025-10-13 21:15:00,107
782,ApexLegends,Positive,This is by far my best clip on apex @PlayApex pic.twitter.com/eTJF43P82M,2025-10-13 21:14:55,2025-10-13 21:15:00,72
782,ApexLegends,Positive,This is by far my best clip on apex @ PlayApex pic.twitter.com / eTJF43P82M,2025-10-13 21:14:55,2025-10-13 21:15:00,75
782,ApexLegends,Positive,This is definitely my best clip on apex @ PlayApex pic.fm / eTJF43P82M,2025-10-13 21:14:55,2025-10-13 21:15:00,70
782,ApexLegends,Positive,This is by far my best clip on apex RhandlerR pic.twitter.com/eTJF43P82M,2025-10-13 21:14:55,2025-10-13 21:15:00,72
782,ApexLegends,Positive,The This is by far my best clip on apex RhandlerR pic.twitter.com/eTJF43P82M,2025-10-13 21:14:55,2025-10-13 21:15:00,76
782,ApexLegends,Positive,to,2025-10-13 21:14:55,2025-10-13 21:15:00,2
783,ApexLegends,Neutral,Watch StrapxAxHolic on Twitch! I think I'm pretty good at  .,2025-10-13 21:14:55,2025-10-13 21:15:00,62
783,ApexLegends,Neutral,Watch StrapxAxHolic on Twitch! I think I'm pretty good at it.,2025-10-13 21:14:55,2025-10-13 21:15:00,61
783,ApexLegends,Neutral,Watch StrapxAxHolic on YouTube!,2025-10-13 21:14:55,2025-10-13 21:15:00,31
783,ApexLegends,Neutral,Watch StrapxAxHolic on Twitch! I think I'm pretty awesome at .,2025-10-13 21:14:55,2025-10-13 21:15:00,62
783,ApexLegends,Neutral,Watch StrapxAxHolic on Twitch! But I think that I'm pretty fucking good luck at.,2025-10-13 21:14:55,2025-10-13 21:15:00,80
783,ApexLegends,Neutral,Watch StrapxAxHolic AND Twitch! I guess I'm that good at.,2025-10-13 21:14:55,2025-10-13 21:15:00,57
784,ApexLegends,Neutral,i swear it's easier to win in Apex Legends than in Fall Guys,2025-10-13 21:14:55,2025-10-13 21:15:00,60
784,ApexLegends,Neutral,I swear it's easier to win in Apex Legends than in Fall Guys,2025-10-13 21:14:55,2025-10-13 21:15:00,60
784,ApexLegends,Neutral,i swear it's easier to win in Apex Legends than in Fall Guys,2025-10-13 21:14:55,2025-10-13 21:15:00,60
784,ApexLegends,Neutral,i<unk> it's easier to win in Apex Legends than in Fall Guys,2025-10-13 21:14:55,2025-10-13 21:15:00,59
784,ApexLegends,Neutral,do i swear it's easier to win again in Apex Legends than in the Fall Guys,2025-10-13 21:14:55,2025-10-13 21:15:00,73
784,ApexLegends,Neutral,i swear it's easier to win even Apex games than in Fall Guys,2025-10-13 21:14:55,2025-10-13 21:15:00,60
785,ApexLegends,Negative,"Got Pred! Flew through plt 2 to dim 1 then we hit a massive wall. Every game became a struggle, kept dying to bs, nothing was going our way, I wanted to give up. Sucked it up and grinded it. Took 6 hrs to get pred from d1, thats how bad our games were. @PlayApex @Dead_Toast_ pic.twitter.com/kzwVtvQ0wL",2025-10-13 21:14:55,2025-10-13 21:15:00,302
785,ApexLegends,Negative,"Every game became a fight, died on bs, nothing went our way, I wanted to give up. Sucked it up and crushed it. It took 6 hours to get loot from d1, so bad were our games. @ PlayApex @ Dead _ Toast _ pic.twitter.com / kzwVtvQ0wL",2025-10-13 21:14:55,2025-10-13 21:15:00,227
785,ApexLegends,Negative,"It took 6 hours to get pd from d1, that's how bad our games were. @ PlayApex @ Dead _ Toast _ pic.livejournal.com / kVtvQ0wL",2025-10-13 21:14:55,2025-10-13 21:15:00,124
785,ApexLegends,Negative,"Got Pred! Flew through plt 2 to dim 1 then we hit a massive wall. Every game became a struggle, kept dying to bs, nothing was going our way, I wanted to give up. Sucked it up and grinded it. Took 6 hrs to get pred from d1, thats how bad our games were. RhandlerR RhandlerR pic.twitter.com/kzwVtvQ0wL",2025-10-13 21:14:55,2025-10-13 21:15:00,299
785,ApexLegends,Negative,"and Got Pred! Flew through plt 2 to dim 1 then we hit a massive wall. Every game became a struggle, kept dying to bs, nothing was going our way, I wanted to give up. Sucked it up and grinded it. Took 6 hrs to get pred from d1, thats how bad our games were. RhandlerR RhandlerR pic.twitter.com/kzwVtvQ0wL",2025-10-13 21:14:55,2025-10-13 21:15:00,303
785,ApexLegends,Negative,In,2025-10-13 21:14:55,2025-10-13 21:15:00,2
786,ApexLegends,Negative,"@PlayApex Hello. I encounter some strange quest timers on my Apex account since the last update. Treasure Packs : 120hours, Daily : 4days, lost treasure mission 1week(maybe normal this one i dont know). Can you help (Game files already checked pic.twitter.com/IUvEzBRJxE",2025-10-13 21:14:55,2025-10-13 21:15:00,270
786,ApexLegends,Negative,"@ PlayApex Hello. I've been encountering some strange quest timers on my Apex account since the last update. Treasure Packs: 120hours, Daily: 4days, lost treasure mission 1 week (maybe normal this one I don't know).",2025-10-13 21:14:55,2025-10-13 21:15:00,215
786,ApexLegends,Negative,@ PlayApex Hello. I have encountered some strange quest timers on my Apex account since the last update.,2025-10-13 21:14:55,2025-10-13 21:15:00,104
786,ApexLegends,Negative,"RhandlerR Hello. I encounter some strange quest timers on my Apex account since the last update. Treasure Packs : 120hours, Daily : 4days, lost treasure mission 1week(maybe normal this one i dont know). Can you help (Game files already checked pic.twitter.com/IUvEzBRJxE",2025-10-13 21:14:55,2025-10-13 21:15:00,270
786,ApexLegends,Negative,"R RhandlerR Hello. I encounter some strange quest timers on my Apex account since the last update. Treasure Packs : 120hours, Daily : 4days, lost treasure mission 1week(maybe normal this one i dont know). Can you help (Game files already checked pic.twitter.com/IUvEzBRJxE",2025-10-13 21:14:55,2025-10-13 21:15:00,272
786,ApexLegends,Negative,the,2025-10-13 21:14:55,2025-10-13 21:15:00,3
787,ApexLegends,Positive,@PlayApex SHOW BANGALORE SOME LOVE!!!!!!!!,2025-10-13 21:14:55,2025-10-13 21:15:00,42
787,ApexLegends,Positive,@ PlayApex SHOW BANGALORE SOME LOVE!!!!!!!!,2025-10-13 21:14:55,2025-10-13 21:15:00,43
787,ApexLegends,Positive,@ PlayApex SHOW BANGALORE SOME LOVE!!!!!!!!!,2025-10-13 21:14:55,2025-10-13 21:15:00,44
787,ApexLegends,Positive,@PlayApex SHOW ED SOME LOVE!!!!!!!!,2025-10-13 21:14:55,2025-10-13 21:15:00,35
787,ApexLegends,Positive,I @PlayApex... SHOW A BANGALORE THE SOME ONE LOVE!!!!!!!!,2025-10-13 21:14:55,2025-10-13 21:15:00,57
787,ApexLegends,Positive,<unk><unk> BANGALORE SOME LOVE!!!!!!!!,2025-10-13 21:14:55,2025-10-13 21:15:00,38
788,ApexLegends,Neutral,Check out Craacked with LOWDAWG! ROUND 2! Love you guys! twitch.tv/tirox__ COME TURN UP THE BROTHERS ARE BACK THIS IS THE BEST DUO ON APEX LEGENDS . ⁦@TIROx__⁩,2025-10-13 21:14:55,2025-10-13 21:15:00,159
788,ApexLegends,Neutral,ROUND 2! Love you! twitch.tv / tirox _ _ COME TURN UP THE BROTHERS ARE BACK THIS IS THE BEST DUO ON APEX LEGENDS. @ TIROx _ _,2025-10-13 21:14:55,2025-10-13 21:15:00,125
788,ApexLegends,Neutral,LOWDA2! ROWDA2! Love you guys! tch.tv / tirox _ _ COME TURN UP THE BROTHERS ARE BACK THE BEST ON APEX LEGENDS. @ TIROx _ _ _,2025-10-13 21:14:55,2025-10-13 21:15:00,124
788,ApexLegends,Neutral,Check out Craacked with LOWDAWG! ROUND 2! Love you guys! twitch.tv/tirox__ COME TURN UP THE BROTHERS ARE BACK THIS IS THE BEST DUO ON APEX LEGENDS . ⁦RhandlerR⁩,2025-10-13 21:14:55,2025-10-13 21:15:00,160
788,ApexLegends,Neutral,A Check out Craacked with LOWDAWG! ROUND 2! Love you guys! twitch.tv/tirox__ COME TURN UP THE BROTHERS ARE BACK THIS IS THE BEST DUO ON APEX LEGENDS . ⁦RhandlerR⁩,2025-10-13 21:14:55,2025-10-13 21:15:00,162
788,ApexLegends,Neutral,really,2025-10-13 21:14:55,2025-10-13 21:15:00,6
789,ApexLegends,Positive,Glad to back in @PlayApex - one day I will win a 1v1 though pic.twitter.com/zM9BeW24H4,2025-10-13 21:14:55,2025-10-13 21:15:00,86
789,ApexLegends,Positive,Glad to be back at @ PlayApex - one day I will win a 1v1 though pic.twitter.com / zM9BeW24H4,2025-10-13 21:14:55,2025-10-13 21:15:00,92
789,ApexLegends,Positive,I'll be back at @ PlayApex - one day I'll win 1v1 though pic.wikipedia.org / zM9BeW24H4,2025-10-13 21:14:55,2025-10-13 21:15:00,87
789,ApexLegends,Positive,Glad to back in RhandlerR - one day I will win a 1v1 though pic.twitter.com/zM9BeW24H4,2025-10-13 21:14:55,2025-10-13 21:15:00,86
789,ApexLegends,Positive,as Glad to back in RhandlerR - one day I will win a 1v1 though pic.twitter.com/zM9BeW24H4,2025-10-13 21:14:55,2025-10-13 21:15:00,89
789,ApexLegends,Positive,the,2025-10-13 21:14:55,2025-10-13 21:15:00,3
790,ApexLegends,Neutral,⁦@Respawn⁩ ⁦@PlayApex⁩  . . Check out We dont like your singing twitch.tv/videos/5636940…,2025-10-13 21:14:55,2025-10-13 21:15:00,89
790,ApexLegends,Neutral,@ Respawn @ PlayApex.. Check out We dont like your singing twitch.tv / videos / 5636940...,2025-10-13 21:14:55,2025-10-13 21:15:00,90
790,ApexLegends,Neutral,@ Respawn @ PlayApex. Check out We don't like your singing partch.tv / videos / 5636940...,2025-10-13 21:14:55,2025-10-13 21:15:00,90
790,ApexLegends,Neutral,⁦RhandlerR⁩ ⁦RhandlerR⁩  . . Check out We dont like your singing twitch.tv/videos/5636940…,2025-10-13 21:14:55,2025-10-13 21:15:00,90
790,ApexLegends,Neutral,com ⁦RhandlerR⁩ ⁦RhandlerR⁩  . . Check out We dont like your singing twitch.tv/videos/5636940…,2025-10-13 21:14:55,2025-10-13 21:15:00,94
790,ApexLegends,Neutral,You,2025-10-13 21:14:55,2025-10-13 21:15:00,3
791,ApexLegends,Negative,@Respawn Apex legends is freezing on the loading screen for me I’ve tried shutting off my Xbox one and tried reconnecting to the internet and restarted the game and still no luck I’ve been having this issue since yesterday help please!,2025-10-13 21:14:55,2025-10-13 21:15:00,235
791,ApexLegends,Negative,@ Respawn Apex is freezing on the loading screen for me I've tried shutting down my Xbox one and tried reconnecting to the internet and restarted the game and still no luck I've had this issue since yesterday please help!,2025-10-13 21:14:55,2025-10-13 21:15:00,221
791,ApexLegends,Negative,"@ Respawn Apex Fedds hangs on the download screen for me I tried to disable my Xbox One and tried to reconnect to the internet and restart the game and still have no luck that I've had this problem since yesterday, help please!",2025-10-13 21:14:55,2025-10-13 21:15:00,227
791,ApexLegends,Negative,@Respawn Apex legends still freezing on the loading screen for me I’ve tried shutting off my Xbox one and tried reconnecting from the internet then restarted the game and still zero luck I’ve been having disk issue since yesterday help please!,2025-10-13 21:14:55,2025-10-13 21:15:00,243
791,ApexLegends,Negative,I @Respawn Apex legends is freezing me on with the loading up screen for me I ’ ve tried shutting off my Xbox one and tried reconnecting the to the internet internet and restarted up the game and still has no luck I ’ ve been having this issue since early yesterday God help please!,2025-10-13 21:14:55,2025-10-13 21:15:00,282
791,ApexLegends,Negative,@Respawn from legends is freezing on the loading screen for me have tried shutting myself my Xbox again and tried reconnecting to the connection and restarted the game and still no luck I’ve been having ANY time since yesterday help please!,2025-10-13 21:14:55,2025-10-13 21:15:00,240
792,ApexLegends,Neutral,out here giving me chills,2025-10-13 21:14:55,2025-10-13 21:15:00,25
792,ApexLegends,Neutral,out here gives me chills,2025-10-13 21:14:55,2025-10-13 21:15:00,24
792,ApexLegends,Neutral,Hence gives me chills,2025-10-13 21:14:55,2025-10-13 21:15:00,21
792,ApexLegends,Neutral,out here got me chills,2025-10-13 21:14:55,2025-10-13 21:15:00,22
792,ApexLegends,Neutral,out here keeps giving me chills,2025-10-13 21:14:55,2025-10-13 21:15:00,31
792,ApexLegends,Neutral,out is giving me chills,2025-10-13 21:14:55,2025-10-13 21:15:00,23
793,ApexLegends,Negative,@PlayApex come one guys rev is so bad. My boys were golden out and we were outside the Totem zone. That’s lame,2025-10-13 21:14:55,2025-10-13 21:15:00,110
793,ApexLegends,Negative,@ PlayApex come one guys rev is so bad. My guys were golden out and we were outside the totem zone. That's lame,2025-10-13 21:14:55,2025-10-13 21:15:00,111
793,ApexLegends,Negative,@ PlayApex come one guys rev is so bad. My boys were golden out and we were outside the Totem zone. That's lame,2025-10-13 21:14:55,2025-10-13 21:15:00,111
793,ApexLegends,Negative,@PlayApex come one guys rev is so disgusting. My boys were golden out and none were outside the Totem zone. That’s lame,2025-10-13 21:14:55,2025-10-13 21:15:00,119
793,ApexLegends,Negative,@PlayApex come to one guys rev is that so bad. 4 My boys were golden meters out and we were outside by the Totem zone. That ’ s kinda lame,2025-10-13 21:14:55,2025-10-13 21:15:00,138
793,ApexLegends,Negative,@PlayApex come one guys rev is so bad. My boys were golden out and then ride in them Totem zone. That’s lame,2025-10-13 21:14:55,2025-10-13 21:15:00,108
794,ApexLegends,Positive,A great way to start my first game of the day.,2025-10-13 21:14:55,2025-10-13 21:15:00,48
794,ApexLegends,Positive,A great way to start my first game of the day.,2025-10-13 21:14:55,2025-10-13 21:15:00,46
794,ApexLegends,Positive,Great way to start your first game of the day.,2025-10-13 21:14:55,2025-10-13 21:15:00,46
794,ApexLegends,Positive,A great way to begin my first game of the day.,2025-10-13 21:14:55,2025-10-13 21:15:00,46
794,ApexLegends,Positive,A not great enough way to start my first game of the day.,2025-10-13 21:14:55,2025-10-13 21:15:00,57
794,ApexLegends,Positive,A nice way to start my first game of the day.,2025-10-13 21:14:55,2025-10-13 21:15:00,45
795,ApexLegends,Neutral,mixer.com/SirDover357?ut…,2025-10-13 21:14:55,2025-10-13 21:15:00,27
795,ApexLegends,Neutral,mixer.com / SirDover357,2025-10-13 21:14:55,2025-10-13 21:15:00,23
795,ApexLegends,Neutral,mixer.com / Dover357? ut...,2025-10-13 21:14:55,2025-10-13 21:15:00,27
795,ApexLegends,Neutral,mixer.com/SirDover357?ut…,2025-10-13 21:14:55,2025-10-13 21:15:00,25
795,ApexLegends,Neutral,or mixer. com / SirDover357? ut x …,2025-10-13 21:14:55,2025-10-13 21:15:00,35
795,ApexLegends,Neutral,<unk>.com/SirDover357?ut...,2025-10-13 21:14:55,2025-10-13 21:15:00,27
796,ApexLegends,Neutral,. I’m Live on @WatchMixer now playing  . . . You already know I’m throwing out positive vibes. come catchem.  . . mixer.com/Mrsgreensheep https://t.co/bIK0VKzix3,2025-10-13 21:14:55,2025-10-13 21:15:00,161
796,ApexLegends,Neutral,I now play live on @ WatchMixer... you know I give out positive vibes... come catchem... mixer.com / Mrsgreensheep https: / / t.co / bIK0VKzix3,2025-10-13 21:14:55,2025-10-13 21:15:00,143
796,ApexLegends,Neutral,I live on @ WatchMix now playing... You already know I'm throwing out positive videos. come.... mixer.com / Mrsgreensheet https: / / Fenco / bIK0VKzix3,2025-10-13 21:14:55,2025-10-13 21:15:00,151
796,ApexLegends,Neutral,. ) Live on @WatchMixer now and ... You already know I’m throwing out positive vibes. come now. . [/ mixer.com/Mrsgreensheep https://t.co/bIK0VKzix3],2025-10-13 21:14:55,2025-10-13 21:15:00,149
796,ApexLegends,Neutral,. I ’... m Live on Stage @WatchMixer now playing... You folks already should know I also ’ m throwing out very positive concert vibes. come catchem... with mixer. com / Mrsgreensheep and https://t.co/bIK0VKzix3 ],2025-10-13 21:14:55,2025-10-13 21:15:00,212
796,ApexLegends,Neutral,. Play Live on Free now playing... You already looked like throwing out cool vibes. Play catchem... mixer.com/Mrsgreensheep x],2025-10-13 21:14:55,2025-10-13 21:15:00,126
797,ApexLegends,Positive,Actually pretty excited to see what season 4 will bring in apex! Cross-platform yet?....,2025-10-13 21:14:55,2025-10-13 21:15:00,91
797,ApexLegends,Positive,"Actually quite curious, which season 4 will bring the climax! Cross-platform already?....",2025-10-13 21:14:55,2025-10-13 21:15:00,89
797,ApexLegends,Positive,Actually quite excited to see what season 4 will bring to the top! Cross-platform yet?...,2025-10-13 21:14:55,2025-10-13 21:15:00,89
797,ApexLegends,Positive,Actually pretty excited to see what season 4 will bring in 2019! Cross-platform yet?....,2025-10-13 21:14:55,2025-10-13 21:15:00,88
797,ApexLegends,Positive,Actually pretty excited to see exactly what the season 4 events will bring in apex! Cross - cultural platform yet?....,2025-10-13 21:14:55,2025-10-13 21:15:00,118
797,ApexLegends,Positive,got pretty excited to see what season 4 will bring in apex! Big-platform success?....,2025-10-13 21:14:55,2025-10-13 21:15:00,85
798,ApexLegends,Neutral,You came to the wrong house! @playapex  . . store.playstation.com/,2025-10-13 21:14:55,2025-10-13 21:15:00,67
798,ApexLegends,Neutral,You came to the wrong house! @ playapex.. store.playstation.com /,2025-10-13 21:14:55,2025-10-13 21:15:00,65
798,ApexLegends,Neutral,You came to the wrong house! @ playapex.. store.playstation.com /,2025-10-13 21:14:55,2025-10-13 21:15:00,65
798,ApexLegends,Neutral,You came to the good one! @playapex .. store.playstation.com/,2025-10-13 21:14:55,2025-10-13 21:15:00,61
798,ApexLegends,Neutral,2017 You came to the exact wrong house! @playapex.. store. YouTube playstation. il com /,2025-10-13 21:14:55,2025-10-13 21:15:00,88
798,ApexLegends,Neutral,You stick to the physical stores! @playapex.. store.playstation.com/,2025-10-13 21:14:55,2025-10-13 21:15:00,68
799,ApexLegends,Negative,@PlayApex why do I get errors and blue screens on one of my accounts on p4 but the other accounts I can play the game just fine any help?,2025-10-13 21:14:55,2025-10-13 21:15:00,137
799,ApexLegends,Negative,"@ PlayApex Why do I get bugs and blue screens on one of my accounts in P4, but the other accounts with which I can play the game are a good help?",2025-10-13 21:14:55,2025-10-13 21:15:00,145
799,ApexLegends,Negative,"@ PlayApex Why do I get bugs and blue screens on one of my accounts on p4 and on other accounts, I can play the game just fine with any help?",2025-10-13 21:14:55,2025-10-13 21:15:00,141
799,ApexLegends,Negative,@PlayApex why do I get errors and blue screens in one of my accounts using p4 but the other accounts I can play the game just fine so help?,2025-10-13 21:14:55,2025-10-13 21:15:00,139
799,ApexLegends,Negative,@PlayApex why do it I often get errors pink and blue screens on one of my accounts on p4 but the same other accounts... I can do play the game just fine any help?,2025-10-13 21:14:55,2025-10-13 21:15:00,162
799,ApexLegends,Negative,@PlayApex where do we throw red and blue screens on one of my accounts on p4 but the other accounts who can play the game just fine any help?,2025-10-13 21:14:55,2025-10-13 21:15:00,141
800,ApexLegends,Positive,nan,2025-10-13 21:14:55,2025-10-13 21:15:00,3
800,ApexLegends,Positive,It is not the first time that the EU Commission has taken such a step.,2025-10-13 21:14:55,2025-10-13 21:15:00,70
800,ApexLegends,Positive,"At the same time, despite the fact that there are currently some 100 million people living below the poverty line, most of them do not have access to health services and do not have access to health care, while most of them do not have access to health care.",2025-10-13 21:14:55,2025-10-13 21:15:00,258
800,ApexLegends,Positive,nan,2025-10-13 21:14:55,2025-10-13 21:15:00,3
800,ApexLegends,Positive,nan,2025-10-13 21:14:55,2025-10-13 21:15:00,3
800,ApexLegends,Positive,nan,2025-10-13 21:14:55,2025-10-13 21:15:00,3
7201,LeagueOfLegends,Neutral,Check out my video!,2025-10-13 21:14:55,2025-10-13 21:15:00,21
7201,LeagueOfLegends,Neutral,Take a look at my video!,2025-10-13 21:14:55,2025-10-13 21:15:00,24
7201,LeagueOfLegends,Neutral,Watch my video!,2025-10-13 21:14:55,2025-10-13 21:15:00,15
7201,LeagueOfLegends,Neutral,Check out our video!,2025-10-13 21:14:55,2025-10-13 21:15:00,20
7201,LeagueOfLegends,Neutral,Check for out my video!,2025-10-13 21:14:55,2025-10-13 21:15:00,23
7201,LeagueOfLegends,Neutral,out out my video!,2025-10-13 21:14:55,2025-10-13 21:15:00,17
7202,LeagueOfLegends,Negative,I play league of legends now...... Still bad tho,2025-10-13 21:14:55,2025-10-13 21:15:00,48
7202,LeagueOfLegends,Negative,I'm playing League of Legends now...... Still bad,2025-10-13 21:14:55,2025-10-13 21:15:00,49
7202,LeagueOfLegends,Negative,I'm playing in the Champions League now...... It's still bad then.,2025-10-13 21:14:55,2025-10-13 21:15:00,66
7202,LeagueOfLegends,Negative,I play league of legends now...... Still bad....,2025-10-13 21:14:55,2025-10-13 21:15:00,48
7202,LeagueOfLegends,Negative,For I play league of legends until now...... So Still bad tho,2025-10-13 21:14:55,2025-10-13 21:15:00,61
7202,LeagueOfLegends,Negative,I play giants and legends now...... Still bad tho,2025-10-13 21:14:55,2025-10-13 21:15:00,49
7203,LeagueOfLegends,Neutral,Here's Tahm Kench having some fun with Fizz.,2025-10-13 21:14:55,2025-10-13 21:15:00,46
7203,LeagueOfLegends,Neutral,Here's Tahm Kench having some fun with fizz.,2025-10-13 21:14:55,2025-10-13 21:15:00,44
7203,LeagueOfLegends,Neutral,Here's Kim Kench having fun with Fizz.,2025-10-13 21:14:55,2025-10-13 21:15:00,38
7203,LeagueOfLegends,Neutral,Here's Tahm Kench having serious fun with Fizz.,2025-10-13 21:14:55,2025-10-13 21:15:00,47
7203,LeagueOfLegends,Neutral,Here's Tahm Kench actually having some fun with Little Fizz.,2025-10-13 21:14:55,2025-10-13 21:15:00,60
7203,LeagueOfLegends,Neutral,Here's Tahm Kay throwing some fun with Fizz.,2025-10-13 21:14:55,2025-10-13 21:15:00,44
7204,LeagueOfLegends,Neutral,"@MarkYetter @LeagueOfLegends @riotgames @redmercy . First afk game was for promos, which I failed more than 5 times due to the same AFKs, how am I supposed to really win? please do tell. pic.twitter.com/ft7cS1XJw3",2025-10-13 21:14:55,2025-10-13 21:15:00,213
7204,LeagueOfLegends,Neutral,"@ MarkYetter @ LeagueOfLegends @ riotgames @ redmercy. First Afk game was for promos that I have failed more than 5 times at the same AFKs, how am I supposed to really win? pic.twitter.com / ft7cS1XJw3",2025-10-13 21:14:55,2025-10-13 21:15:00,201
7204,LeagueOfLegends,Neutral,"@ MarkYL @ LeagueOfLegends @ riotgames @ redmercy. The first afk game was for a promo that I failed more than 5 times because of the same AFKs, how should I really win?",2025-10-13 21:14:55,2025-10-13 21:15:00,168
7204,LeagueOfLegends,Neutral,"RhandlerR RhandlerR RhandlerR RhandlerR . First afk game was for promos, which I failed more than 5 times due to the same AFKs, how am I supposed to really win? please do tell. pic.twitter.com/ft7cS1XJw3",2025-10-13 21:14:55,2025-10-13 21:15:00,203
7204,LeagueOfLegends,Neutral,"3 RhandlerR RhandlerR RhandlerR RhandlerR . First afk game was for promos, which I failed more than 5 times due to the same AFKs, how am I supposed to really win? please do tell. pic.twitter.com/ft7cS1XJw3",2025-10-13 21:14:55,2025-10-13 21:15:00,205
7204,LeagueOfLegends,Neutral,to,2025-10-13 21:14:55,2025-10-13 21:15:00,2
7205,LeagueOfLegends,Neutral,@IISirPootnickII  computer having some issues may die at any point. Going to chance a steam anyway. Cant sign into steam so be playing some @LeagueOfLegends  while we keep trying to get on. twitch.tv/iisirpootnickii,2025-10-13 21:14:55,2025-10-13 21:15:00,217
7205,LeagueOfLegends,Neutral,"@ IISirPootnickII computer that has some problems can die at any point. Coincidentally, a steam anyway. Can't turn you into steam, so play a few @ LeagueOfLegends while we keep trying to get by. twitch.tv / iisirpootnickii",2025-10-13 21:14:55,2025-10-13 21:15:00,222
7205,LeagueOfLegends,Neutral,@ IIsirPootnickII computer having some issues may die at any point. Going to chance a steam anyway. Cant sign into steam so be playing some @ LeagueOfLegends while we keep trying to get on.,2025-10-13 21:14:55,2025-10-13 21:15:00,189
7205,LeagueOfLegends,Neutral,RhandlerR  computer having some issues may die at any point. Going to chance a steam anyway. Cant sign into steam so be playing some RhandlerR  while we keep trying to get on. twitch.tv/iisirpootnickii,2025-10-13 21:14:55,2025-10-13 21:15:00,203
7205,LeagueOfLegends,Neutral,via RhandlerR  computer having some issues may die at any point. Going to chance a steam anyway. Cant sign into steam so be playing some RhandlerR  while we keep trying to get on. twitch.tv/iisirpootnickii,2025-10-13 21:14:55,2025-10-13 21:15:00,207
7205,LeagueOfLegends,Neutral,can,2025-10-13 21:14:55,2025-10-13 21:15:00,3
7206,LeagueOfLegends,Negative,@riotgames @LeagueOfLegends The Fiddlesticks rework was more of a nerf. You just made him a lot weaker! His dark wind was perfect for his kit and u guys decided to replace it with a very weak skill! I'm so fucking disappointed!,2025-10-13 21:14:55,2025-10-13 21:15:00,227
7206,LeagueOfLegends,Negative,@ riotgames @ LeagueOfLegends The reworking of the fiddlesticks was more of a nerf. You just made it much weaker! Its dark wind was perfect for his kit and the guys decided to replace it with a very weak ability! I'm so damn disappointed!,2025-10-13 21:14:55,2025-10-13 21:15:00,238
7206,LeagueOfLegends,Negative,@ riotgames @ LeagueOfLegends The Fiddlesticks rework was more of a nerf. You just made him a lot weaker! His dark wind was perfect for his kit and u guys decided to replace it with a very weak skill! I'm so fucking disappointed!,2025-10-13 21:14:55,2025-10-13 21:15:00,229
7206,LeagueOfLegends,Negative,@riotgames @LeagueOfLegends The Fiddlesticks rework was half of a nerf. You just made half a game worse! His dark wind was perfect for his kit and u guys decided to replace it with a very weak skill! Everyone so fucking disappointed!,2025-10-13 21:14:55,2025-10-13 21:15:00,233
7206,LeagueOfLegends,Negative,@riotgames And @LeagueOfLegends The Fiddlesticks rework was more of a nerf. You just made him become a lot weaker! His own dark wind horn was perfect for using his own kit and u guys decided finally to replace it now with a very weak skill! I'm doing so fucking terribly disappointed!,2025-10-13 21:14:55,2025-10-13 21:15:00,284
7206,LeagueOfLegends,Negative,@riotgames @LeagueOfLegends 1 Fiddlesticks rework was more of a nerf. You guys took him a little weaker! His dark wind works perfect under this technique and u guys decided to replace it with a very weak skill! I'm so fucking disappointed!,2025-10-13 21:14:55,2025-10-13 21:15:00,239
7207,LeagueOfLegends,Negative,rakan is full fired of your shit,2025-10-13 21:14:55,2025-10-13 21:15:00,34
7207,LeagueOfLegends,Negative,Rakan is full of your shit,2025-10-13 21:14:55,2025-10-13 21:15:00,26
7207,LeagueOfLegends,Negative,rab is full fire of your shit,2025-10-13 21:14:55,2025-10-13 21:15:00,29
7207,LeagueOfLegends,Negative,rakan are full fired of your shit,2025-10-13 21:14:55,2025-10-13 21:15:00,33
7207,LeagueOfLegends,Negative,rakan is full of fired of your shit,2025-10-13 21:14:55,2025-10-13 21:15:00,35
7207,LeagueOfLegends,Negative,rakan is full fired or your shit,2025-10-13 21:14:55,2025-10-13 21:15:00,32
7208,LeagueOfLegends,Positive,Awesome!,2025-10-13 21:14:55,2025-10-13 21:15:00,8
7208,LeagueOfLegends,Positive,Awesome!,2025-10-13 21:14:55,2025-10-13 21:15:00,8
7208,LeagueOfLegends,Positive,Aha!,2025-10-13 21:14:55,2025-10-13 21:15:00,4
7208,LeagueOfLegends,Positive,Awesome!,2025-10-13 21:14:55,2025-10-13 21:15:00,8
7208,LeagueOfLegends,Positive,TV Awesome!,2025-10-13 21:14:55,2025-10-13 21:15:00,11
7208,LeagueOfLegends,Positive,that!,2025-10-13 21:14:55,2025-10-13 21:15:00,5
7209,LeagueOfLegends,Negative,A rubber is the real life QSS,2025-10-13 21:14:55,2025-10-13 21:15:00,31
7209,LeagueOfLegends,Negative,A rubber is real life QSS,2025-10-13 21:14:55,2025-10-13 21:15:00,25
7209,LeagueOfLegends,Negative,Rubber is real life QSS,2025-10-13 21:14:55,2025-10-13 21:15:00,23
7209,LeagueOfLegends,Negative,A rubber is still real life QSS,2025-10-13 21:14:55,2025-10-13 21:15:00,31
7209,LeagueOfLegends,Negative,A good rubber is the real life QSS,2025-10-13 21:14:55,2025-10-13 21:15:00,34
7209,LeagueOfLegends,Negative,A rubber is the real rubber QSS,2025-10-13 21:14:55,2025-10-13 21:15:00,31
7210,LeagueOfLegends,Irrelevant,"@riotgames @LeagueOfLegends whoever i should tag but can you actually get to banning actual toxic, frustrating, players? is it that hard to do? you guys are a million dollar company and yet you cant manage to do something about . the vile players that make this game unpleasant.",2025-10-13 21:14:55,2025-10-13 21:15:00,278
7210,LeagueOfLegends,Irrelevant,"@ riotgames @ LeagueOfLegends Whoever I should label, but can you actually get around to banning actual toxic, frustrating players? Is it that hard to do? You're a million dollar company and yet you can't do anything about it. The vile players who make this game uncomfortable.",2025-10-13 21:14:55,2025-10-13 21:15:00,277
7210,LeagueOfLegends,Irrelevant,"@ riotgames @ LeagueOfLegends: ever should I tag, but can you really get to the real toxic, disappointing, players? it's so hard to do? you guys are a million dollar company and yet you can't do anything with the nasty players that make this game unpleasant.",2025-10-13 21:14:55,2025-10-13 21:15:00,258
7210,LeagueOfLegends,Irrelevant,"@riotgames @LeagueOfLegends whoever i tag tag but can you actually get to banning actual toxic, frustrating, players? is it that hard to do? you guys run a million dollar company and yet you cant manage to do something about problematic or poor players that make this game unpleasant.",2025-10-13 21:14:55,2025-10-13 21:15:00,284
7210,LeagueOfLegends,Irrelevant,"@riotgames @LeagueOfLegends whoever i should tag but can you actually get to banning actual toxic, frustrating, players? which is of it that too hard to actually do? you guys are a million dollar gaming company worldwide and all yet you cant manage you to do that something about. Hate the vile players that make this game unpleasant.",2025-10-13 21:14:55,2025-10-13 21:15:00,334
7210,LeagueOfLegends,Irrelevant,"@riotgames @LeagueOfLegends whoever i must tag but can guys actually get to this actual toxic, frustrating, players? is it these hard must do? you guys are a million dollar company and yet you even manage even do something about. the vile actions that make this game great.",2025-10-13 21:14:55,2025-10-13 21:15:00,273
7211,LeagueOfLegends,Negative,Glad I didn't wake up early to get disappointed with League of Legends: Pokemon Edition.,2025-10-13 21:14:55,2025-10-13 21:15:00,88
7211,LeagueOfLegends,Negative,Glad I didn't wake up early to be disappointed by League of Legends: Pokemon Edition.,2025-10-13 21:14:55,2025-10-13 21:15:00,85
7211,LeagueOfLegends,Negative,I didn't wake up early to be disappointed in League of Legends: Pokemon.,2025-10-13 21:14:55,2025-10-13 21:15:00,72
7211,LeagueOfLegends,Negative,Glad I didn't wake up early to get disappointed with League & Legends: Pokemon Edition.,2025-10-13 21:14:55,2025-10-13 21:15:00,87
7211,LeagueOfLegends,Negative,Glad I didn't wake up pretty early to just get disappointed enough with League of Legends : A Pokemon Edition.,2025-10-13 21:14:55,2025-10-13 21:15:00,110
7211,LeagueOfLegends,Negative,Glad I didn't wake it early to get disappointed before League of Legends: Pokemon World.,2025-10-13 21:14:55,2025-10-13 21:15:00,88
7212,LeagueOfLegends,Neutral,HIGH ELO Best Champions TIER List - League of Legends Patch 10.14 zonestream.cx/?p=1714&feed_i… https://t.co/MY3pK4Kb7b,2025-10-13 21:14:55,2025-10-13 21:15:00,119
7212,LeagueOfLegends,Neutral,HIGH ELO Best Champions TIER List - League of Legends Patch 10.14 zonestream.cx /? p = 1714 & feed _ i... https: / / t.co / MY3pK4Kb7b,2025-10-13 21:14:55,2025-10-13 21:15:00,134
7212,LeagueOfLegends,Neutral,HIHELO Best Champions TList - League of Legends Patch 10.14 zonestream.cx /? p = 1714 & feed _ i...,2025-10-13 21:14:55,2025-10-13 21:15:00,99
7212,LeagueOfLegends,Neutral,HIGH ELO Best Champions Week 2017 - League of Legends Region 10.14 zonestream.cx/?p=1714&feed_i… https://t.co/MY3pK4Kb7b],2025-10-13 21:14:55,2025-10-13 21:15:00,121
7212,LeagueOfLegends,Neutral,HIGH ELO • Best defending Champions in TIER List - League Web of Legends Patch 1 10. 14 zonestream. view cx /? p = 1714 & feed _ by i … data https://t.co/MY3pK4Kb7b ],2025-10-13 21:14:55,2025-10-13 21:15:00,166
7212,LeagueOfLegends,Neutral,<unk> 5 Best Champions Patch 2008 - League Champion Legends Patch 10.14<unk>.cx/?p=1714&feed_i... https://t.co/MY3pK4Kb7b],2025-10-13 21:14:55,2025-10-13 21:15:00,122
7213,LeagueOfLegends,Negative,WTF,2025-10-13 21:14:55,2025-10-13 21:15:00,3
7213,LeagueOfLegends,Negative,nan,2025-10-13 21:14:55,2025-10-13 21:15:00,3
7213,LeagueOfLegends,Negative,WTF,2025-10-13 21:14:55,2025-10-13 21:15:00,3
7213,LeagueOfLegends,Negative,WTF,2025-10-13 21:14:55,2025-10-13 21:15:00,3
7213,LeagueOfLegends,Negative,current WTF,2025-10-13 21:14:55,2025-10-13 21:15:00,11
7213,LeagueOfLegends,Negative,it,2025-10-13 21:14:55,2025-10-13 21:15:00,2
7214,LeagueOfLegends,Positive,Feels good to own the belt yet again,2025-10-13 21:14:55,2025-10-13 21:15:00,36
7214,LeagueOfLegends,Positive,Feels good to own the belt again,2025-10-13 21:14:55,2025-10-13 21:15:00,32
7214,LeagueOfLegends,Positive,I feel good when I own a belt again,2025-10-13 21:14:55,2025-10-13 21:15:00,35
7214,LeagueOfLegends,Positive,Feels nice to own the belt yet again,2025-10-13 21:14:55,2025-10-13 21:15:00,36
7214,LeagueOfLegends,Positive,Feels it good to own the belt yet again,2025-10-13 21:14:55,2025-10-13 21:15:00,39
7214,LeagueOfLegends,Positive,Feels good to take the belt yet again,2025-10-13 21:14:55,2025-10-13 21:15:00,37
7215,LeagueOfLegends,Irrelevant,I have no idea what this is but is positive and it's about SuperM so...,2025-10-13 21:14:55,2025-10-13 21:15:00,71
7215,LeagueOfLegends,Irrelevant,"I have no idea what this is, but it's positive and it's about SuperM so...",2025-10-13 21:14:55,2025-10-13 21:15:00,74
7215,LeagueOfLegends,Irrelevant,I have no idea what this is but is positive and it's about SuperM so...,2025-10-13 21:14:55,2025-10-13 21:15:00,71
7215,LeagueOfLegends,Irrelevant,I have no idea what this is but is positive and it's from SuperM so...,2025-10-13 21:14:55,2025-10-13 21:15:00,70
7215,LeagueOfLegends,Irrelevant,I have actually no idea what this is exactly but is positive then and said it's about SuperM so...,2025-10-13 21:14:55,2025-10-13 21:15:00,98
7215,LeagueOfLegends,Irrelevant,I have no idea what he is for is positive and it's obviously SuperM so...,2025-10-13 21:14:55,2025-10-13 21:15:00,73
7216,LeagueOfLegends,Irrelevant,"Yassuo Shows a Perfect Example of High Level Thresh..In League of Legends..LoL Daily Moments Ep 1075 ift.tt/30E4MbG. . Yassuo Shows a Perfect Example of High Level Thresh..In League of Legends...Daily moments from streamers ep 1075(ftTyler1,Yassu… ift.tt/2LTOMy3 https://t.co/WS4fwfogfP",2025-10-13 21:14:55,2025-10-13 21:15:00,286
7216,LeagueOfLegends,Irrelevant,"Yassuo shows a perfect example of High Level Thresh.. In League of Legends.. LoL Daily Moments Ep 1075 ift.tt / 30E4MbG.. Yassuo shows a perfect example of High Level Thresh.. In League of Legends... Daily Moments from streamers ep 1075 (ftTyler1, Yassu... ift.tt / 2LTOMy3 https: / / t.co / WS4fwfogfP",2025-10-13 21:14:55,2025-10-13 21:15:00,302
7216,LeagueOfLegends,Irrelevant,Yassuo scores Perfect Example of High Level Treat.. In the League of Legends.. Daily Moments of the League of Legends Ep 1075 i.tt / 30E4MbG.. In the League of Legends.. Daily Moments of the League of Legends Ep 1075 i.tt / 30E4MbG.. In the League of Legends.. Daily Moments of the League of Legends Ep 1075 i.tt / 30E4MbG.. In the League of Legends.. Daily Moments of the League of Legends Ep 1075 i.tt / 30E4MbG..,2025-10-13 21:14:55,2025-10-13 21:15:00,415
7216,LeagueOfLegends,Irrelevant,"Yassuo Shows a Perfect Example of High Level Thresh..In League of Overwatch Daily Moments Ep 1075 th.tt/30E4MbG.. Yassuo Shows a Perfect Example of Top Level daily League and Dota moments from League ep 1075(ftTyler1,Yassu… th.tt/2LTOMy3 https://t.co/WS4fwfogfP]",2025-10-13 21:14:55,2025-10-13 21:15:00,262
7216,LeagueOfLegends,Irrelevant,"because Yassuo Shows a Perfect Example of High Level Monster Thresh.. In League of Rock Legends.. LoL Daily Moments Ep 1075 ift. v tt / 30E4MbG.. Yassuo Shows a More Perfect Example of High World Level Thresh.. In League of Legends... Daily reported moments from streamers... ep 1075 ( ftTyler1, Yassu … ift. v tt / 2LTOMy3 A https://t.co/WS4fwfogfP ]",2025-10-13 21:14:55,2025-10-13 21:15:00,351
7216,LeagueOfLegends,Irrelevant,"Yassuo Shows<unk> Perfect Example at High Level Energy..In League of Legends..LoL Daily instances Ep 104 ift.tt/30E4MbG.. Yassuo Has a Perfect Set off Middle Level Thresh..In League of Legends...Daily moments from streamers ep 1075(ftTyler1,Yassu... ift.tt/2LTOMy3 a]",2025-10-13 21:14:55,2025-10-13 21:15:00,267
7217,LeagueOfLegends,Neutral,"So, people loved the idea of a virtual idol as a Champion, but hated the fact that she has music based abilities? Geez, people can be idiots. https://t.co/vup2W4AMV9",2025-10-13 21:14:55,2025-10-13 21:15:00,165
7217,LeagueOfLegends,Neutral,"So people loved the idea of a virtual idol as a champion, but hated the fact that she has music-based skills? Geez, people can be morons. https: / / t.co / vup2W4AMV9",2025-10-13 21:14:55,2025-10-13 21:15:00,166
7217,LeagueOfLegends,Neutral,"So, people liked the idea of a virtual idol as Champion, but they hated the fact that she had abilities based on music?",2025-10-13 21:14:55,2025-10-13 21:15:00,119
7217,LeagueOfLegends,Neutral,"So, people loved their idea getting a virtual idol as a Champion, but just the fact that she has music based abilities? Geez, people can be idiots. https://t.co/vup2W4AMV9]",2025-10-13 21:14:55,2025-10-13 21:15:00,172
7217,LeagueOfLegends,Neutral,"So, people merely loved discovering the simple idea of releasing a virtual idol as a Global Champion, but hated the fact that she has music production based abilities? 30 Geez, people can be virtual idiots. https://t.co/vup2W4AMV9 ]",2025-10-13 21:14:55,2025-10-13 21:15:00,232
7217,LeagueOfLegends,Neutral,"So, everyone loved to idea of a virtual idol as a Champion, people hated the fact that she has music based abilities? Geez, people had be rude. https://t.co/vup2W4AMV9]",2025-10-13 21:14:55,2025-10-13 21:15:00,168
7218,LeagueOfLegends,Positive,AMAZING SYNERGY MOMENTS (Wombo Combo League of Legends) youtu.be/bx7B2InoYbc,2025-10-13 21:14:55,2025-10-13 21:15:00,78
7218,LeagueOfLegends,Positive,Amazing SYNERGY MOMENTS (Wombo Combo League of Legends) youtu.be / bx7B2InoYbc,2025-10-13 21:14:55,2025-10-13 21:15:00,78
7218,LeagueOfLegends,Positive,AMAZING SYNERGY MOMENTS (Wombo Combo Legends League) youtu.be / bx7B2InoYbc,2025-10-13 21:14:55,2025-10-13 21:15:00,75
7218,LeagueOfLegends,Positive,AMAZING SYNERGY MOMENTS in Combo League of Nations) drum.be/bx7B2InoYbc,2025-10-13 21:14:55,2025-10-13 21:15:00,71
7218,LeagueOfLegends,Positive,AMAZING ONE SYNERGY MOMENTS ( I Wombo Combo Captain League Day of Legends ) O youtu. ll be / a bx7B2InoYbc,2025-10-13 21:14:55,2025-10-13 21:15:00,106
7218,LeagueOfLegends,Positive,AMAZING SYNERGY package (Wombo Vista Caribbean and America) youtu.be/bx7B2InoYbc,2025-10-13 21:14:55,2025-10-13 21:15:00,80
7219,LeagueOfLegends,Positive,i was gonna watch ep7 with my sister but she's playing f*cking league of legends and now i've to wait till tomorrow to watch it im a disgrace,2025-10-13 21:14:55,2025-10-13 21:15:00,141
7219,LeagueOfLegends,Positive,I wanted to see ep7 with my sister but she plays a League of Legends and now I have to wait until tomorrow to see it in a disgrace,2025-10-13 21:14:55,2025-10-13 21:15:00,130
7219,LeagueOfLegends,Positive,i was gonna watch ep7 with my sister but she's playing f * cking league of hands and now i've to wait till tomorrow to watch it im a disgrace,2025-10-13 21:14:55,2025-10-13 21:15:00,141
7219,LeagueOfLegends,Positive,i was gonna watch ep7 with my sister but she's playing f*cking league of legends and now i've had wait till tomorrow to watch this … a disgrace,2025-10-13 21:14:55,2025-10-13 21:15:00,143
7219,LeagueOfLegends,Positive,i was once gonna watch ep7 with my idiot sister but she's playing f * both cking league of legends and now i'm ve taken to the wait till tomorrow to watch what it im a terrible disgrace,2025-10-13 21:14:55,2025-10-13 21:15:00,185
7219,LeagueOfLegends,Positive,i was gonna watch ep7 with me girlfriend but she's playing f*cking league of legends and now i've wanna wait up tomorrow to watch it in a disgrace,2025-10-13 21:14:55,2025-10-13 21:15:00,146
7220,LeagueOfLegends,Negative,velkoz i hate velkoz hes the worst champ to ever exist in league of legends thank you,2025-10-13 21:14:55,2025-10-13 21:15:00,85
7220,LeagueOfLegends,Negative,velkoz i hate velkoz hes the worst champ to ever exist in league of legends thank you,2025-10-13 21:14:55,2025-10-13 21:15:00,85
7220,LeagueOfLegends,Negative,velkoz i hate velkoz hes the worst champ to ever exist in the league of hands thank you,2025-10-13 21:14:55,2025-10-13 21:15:00,87
7220,LeagueOfLegends,Negative,velkoz i hate him hes the worst champ to ever exist in league of legends thank him,2025-10-13 21:14:55,2025-10-13 21:15:00,82
7220,LeagueOfLegends,Negative,velkoz i I hate velkoz hes the worst champ wrestler to ever exist in its league of legends say thank you,2025-10-13 21:14:55,2025-10-13 21:15:00,104
7220,LeagueOfLegends,Negative,velkoz i hate velkoz am the worst champ gonna ever exist in league of legends and you,2025-10-13 21:14:55,2025-10-13 21:15:00,85
7221,LeagueOfLegends,Negative,League of Legends is having issues since 9:13 PM BST. downdetector.co.uk/status/league-… RT if it's down for you as well,2025-10-13 21:14:55,2025-10-13 21:15:00,122
7221,LeagueOfLegends,Negative,League of Legends has been having problems since 9: 13pm. downdetector.co.uk / status / league-... RT if it's also down for you,2025-10-13 21:14:55,2025-10-13 21:15:00,127
7221,LeagueOfLegends,Negative,League of Legends has a problem from 21: 13 BST.,2025-10-13 21:14:55,2025-10-13 21:15:00,48
7221,LeagueOfLegends,Negative,League of Legends was having issues since 9:13 PM BST. Metro.co.uk/status/league-… and if it's down for you as well,2025-10-13 21:14:55,2025-10-13 21:15:00,115
7221,LeagueOfLegends,Negative,This League of Legends is having serious issues since 9 : 12 13 PM BST. downdetector. the co. uk / ratings status / league - … RT if it's down now for being you as well,2025-10-13 21:14:55,2025-10-13 21:15:00,168
7221,LeagueOfLegends,Negative,League of Legends be having issues from 9:13 PM BST. Official.co.uk/status/league-... RT Whether it's down for you depends what,2025-10-13 21:14:55,2025-10-13 21:15:00,127
7222,LeagueOfLegends,Negative,@EpicGames . @FortniteGame . FIX YOUR GAME ME AND MY FRIENDS FREEZE FOR NO REASON SEVERAL TIMES A DAY YOU CILENT IS WORST THAN THE LEAGUE OF LEGENDS CILENT,2025-10-13 21:14:55,2025-10-13 21:15:00,155
7222,LeagueOfLegends,Negative,@ EpicGames. @ FortniteGame. Put YOUR GAME ME AND MY FRIENDS FREEDOM FOR NO REASON VERY DAY WILL BE A DAY YOUR CILENT AS THE LEAGUE OF LEGENDS CILENT,2025-10-13 21:14:55,2025-10-13 21:15:00,149
7222,LeagueOfLegends,Negative,@ EpicGames. @ FenniteGame. FIX YOUR GAME ME and MY FRIENDS FREE FOR NO REASON SEVERAL TIMES A DAY YOU CILENT IS WORLD THE LEAGE OF LEGENDS CILENT,2025-10-13 21:14:55,2025-10-13 21:15:00,146
7222,LeagueOfLegends,Negative,@EpicGames MY @FortniteGame. FIX YOUR HOUSE ME<unk> MY FRIENDS UP FOR NO REASON SEVERAL TIMES AND DAY YOU CILENT IS WORST THAN THE LEAGUE OF LEGENDS CILENT,2025-10-13 21:14:55,2025-10-13 21:15:00,155
7222,LeagueOfLegends,Negative,@EpicGames. @FortniteGame. FIX YOUR TO GAME ME AND ME MY FRIENDS FREEZE FOR NO TO REASON TO SEVERAL OF TIMES A YOU DAY YOU NO CILENT IS IN WORST THAN ON THE LEAGUE AND OF LEGENDS CILENT,2025-10-13 21:14:55,2025-10-13 21:15:00,185
7222,LeagueOfLegends,Negative,G. @EpicGames. IN YOUR GAME ME AND MY FRIENDS WILL FOR NO REASON SEVERAL TIMES WILL DAY YOU US IN THAT HOW THE LEAGUE OF LEGENDS H,2025-10-13 21:14:55,2025-10-13 21:15:00,130
7223,LeagueOfLegends,Positive,I would die for kindred,2025-10-13 21:14:55,2025-10-13 21:15:00,23
7223,LeagueOfLegends,Positive,I would die for relatives,2025-10-13 21:14:55,2025-10-13 21:15:00,25
7223,LeagueOfLegends,Positive,I would die for kindred,2025-10-13 21:14:55,2025-10-13 21:15:00,23
7223,LeagueOfLegends,Positive,I also die for kindred,2025-10-13 21:14:55,2025-10-13 21:15:00,22
7223,LeagueOfLegends,Positive,I would rather die for kindred,2025-10-13 21:14:55,2025-10-13 21:15:00,30
7223,LeagueOfLegends,Positive,<unk> would die for kindred,2025-10-13 21:14:55,2025-10-13 21:15:00,27
7224,LeagueOfLegends,Negative,league of legends is a fucking plague upon humanity,2025-10-13 21:14:55,2025-10-13 21:15:00,51
7224,LeagueOfLegends,Negative,League of Legends is a damn plague on humanity,2025-10-13 21:14:55,2025-10-13 21:15:00,46
7224,LeagueOfLegends,Negative,The Arab League is a fucking plague on humanity,2025-10-13 21:14:55,2025-10-13 21:15:00,47
7224,LeagueOfLegends,Negative,league of legends is a fucking plague upon us,2025-10-13 21:14:55,2025-10-13 21:15:00,45
7224,LeagueOfLegends,Negative,league of power legends is a fucking plague upon humanity,2025-10-13 21:14:55,2025-10-13 21:15:00,57
7224,LeagueOfLegends,Negative,league of legends committed a fucking plague upon humanity,2025-10-13 21:14:55,2025-10-13 21:15:00,58
7225,LeagueOfLegends,Negative,The world if league of legends didn’t exist pic.twitter.com/CnsGMR4Uro,2025-10-13 21:14:55,2025-10-13 21:15:00,70
7225,LeagueOfLegends,Negative,The world if it wasn't for the League of Legends pic.twitter.com / CnsGMR4Uro,2025-10-13 21:14:55,2025-10-13 21:15:00,77
7225,LeagueOfLegends,Negative,The world if there were no Champions League pic.wikipedia.org / CGMR4Uro,2025-10-13 21:14:55,2025-10-13 21:15:00,72
7225,LeagueOfLegends,Negative,The world if league of legends didn’t exist pic.twitter.com/CnsGMR4Uro,2025-10-13 21:14:55,2025-10-13 21:15:00,70
7225,LeagueOfLegends,Negative,0 The world if league of legends didn’t exist pic.twitter.com/CnsGMR4Uro,2025-10-13 21:14:55,2025-10-13 21:15:00,72
7225,LeagueOfLegends,Negative,at,2025-10-13 21:14:55,2025-10-13 21:15:00,2
7226,LeagueOfLegends,Irrelevant,I played a game where a player had to go afk for the whole game because they took a fat shit during the load screen and the toilet started flooding and didn't notice until 15 mins into the game when their carpet under their feet started to get wet.. . LoL players aren't even human.,2025-10-13 21:14:55,2025-10-13 21:15:00,282
7226,LeagueOfLegends,Irrelevant,"I played a game where a player had to play the whole game because he got a fat shit during the loading process and the toilet started to flood and didn't notice it until 15 minutes after the game started, when the carpet under his feet got wet... LoL players are not even human.",2025-10-13 21:14:55,2025-10-13 21:15:00,278
7226,LeagueOfLegends,Irrelevant,I was playing a game in which a player had to go into oblivion for the whole game because they took greasy crap while loading the screen and the toilet started flooding and didn't notice until 15 minutes into the game when their carpet under their feet started to get wet... LoL players aren't even human.,2025-10-13 21:14:55,2025-10-13 21:15:00,305
7226,LeagueOfLegends,Irrelevant,I played a game where a player has to go afk for the whole week because they took a freaking shit during the load screen and Their toilet started flooding and didn't notice until 15 mins into them game when their carpet under their feet decided to get wet... LoL players aren't even human.,2025-10-13 21:14:55,2025-10-13 21:15:00,289
7226,LeagueOfLegends,Irrelevant,I played this a big game right where a player had to go afk for the whole game because they always took a fat shit during the load screen and all the toilet room started flooding and didn'g t not notice until 15 mins into the game when their carpet under their feet started to all get wet... but LoL players aren't even human.,2025-10-13 21:14:55,2025-10-13 21:15:00,326
7226,LeagueOfLegends,Irrelevant,ago experienced a game where a player had it go afk for the whole game because they said a fat shit bit the load off and the screen started flooding and didn't notice until 15 mins into the game but their ground under their feet started to get wet... LoL players aren't even allowed.,2025-10-13 21:14:55,2025-10-13 21:15:00,283
7227,LeagueOfLegends,Positive,"The most stupid reason to troll a @LeagueOfLegends game is \"My jungler never ganked me...\" If you permapush the lane against Riven as Teemo, how can someone gank you? Oddly enough, these type of players are usually toplaners",2025-10-13 21:14:55,2025-10-13 21:15:00,224
7227,LeagueOfLegends,Positive,"The stupidest reason to troll a @ LeagueOfLegends game is \"My jungle never teased me...\" If you're Teemo versus Riven, how can anyone annoy you? Oddly enough, these players are usually top laners",2025-10-13 21:14:55,2025-10-13 21:15:00,195
7227,LeagueOfLegends,Positive,"The stupidest reason to troll the @ LeagueOfLegends game is \"My friend has never trolled me...\" If you permapire a strip against Riven like Teemo, how can anyone troll you?",2025-10-13 21:14:55,2025-10-13 21:15:00,172
7227,LeagueOfLegends,Positive,"The really stupid reason YOU troll a mirror game is \"My jungler never ganked me...\" If you permapush the lane against Riven as Teemo, how can someone gank you? Oddly fair, these type of players are unknown toplaners",2025-10-13 21:14:55,2025-10-13 21:15:00,215
7227,LeagueOfLegends,Positive,"The most stupid reason why to troll a @LeagueOfLegends game is \" And My jungler never only ganked me... \" If you only permapush back the lane reference against Riven Point as Teemo, how can such someone gank you? com Oddly enough, these type of baseball players are usually toplaners",2025-10-13 21:14:55,2025-10-13 21:15:00,283
7227,LeagueOfLegends,Positive,"The most stupid excuse to troll a @LeagueOfLegends game has \"My city never ganked me...\" Unless you permapush the town from Riven of Teemo, how can anyone gank you? Oddly enough, these type of problems are usually toplaners",2025-10-13 21:14:55,2025-10-13 21:15:00,223
7228,LeagueOfLegends,Positive,I’m angry that I’m being advertised league of legends merch and I want to buy it,2025-10-13 21:14:55,2025-10-13 21:15:00,80
7228,LeagueOfLegends,Positive,I'm angry that I'm being advertised as League of Legends and I want to buy it,2025-10-13 21:14:55,2025-10-13 21:15:00,77
7228,LeagueOfLegends,Positive,I'm angry about being promoted to the Champions League and want to buy it,2025-10-13 21:14:55,2025-10-13 21:15:00,73
7228,LeagueOfLegends,Positive,I’m angry that I’m being advertised league of legends merchandise and I want personally buy it,2025-10-13 21:14:55,2025-10-13 21:15:00,94
7228,LeagueOfLegends,Positive,I also ’ m angry that I ’ » m now being advertised league of legends merch and decide I want to buy it,2025-10-13 21:14:55,2025-10-13 21:15:00,102
7228,LeagueOfLegends,Positive,I’m impressed that I’m being advertised like club legends merch and I want to buy it,2025-10-13 21:14:55,2025-10-13 21:15:00,84
7229,LeagueOfLegends,Irrelevant,I reacted to the,2025-10-13 21:14:55,2025-10-13 21:15:00,18
7229,LeagueOfLegends,Irrelevant,I reacted to the,2025-10-13 21:14:55,2025-10-13 21:15:00,16
7229,LeagueOfLegends,Irrelevant,I reacted to the fact that,2025-10-13 21:14:55,2025-10-13 21:15:00,26
7229,LeagueOfLegends,Irrelevant,I reacted to this,2025-10-13 21:14:55,2025-10-13 21:15:00,17
7229,LeagueOfLegends,Irrelevant,I reacted more to the,2025-10-13 21:14:55,2025-10-13 21:15:00,21
7229,LeagueOfLegends,Irrelevant,I take to the,2025-10-13 21:14:55,2025-10-13 21:15:00,13
7230,LeagueOfLegends,Positive,Wow! .,2025-10-13 21:14:55,2025-10-13 21:15:00,7
7230,LeagueOfLegends,Positive,Wow!.,2025-10-13 21:14:55,2025-10-13 21:15:00,5
7230,LeagueOfLegends,Positive,Wow!.,2025-10-13 21:14:55,2025-10-13 21:15:00,5
7230,LeagueOfLegends,Positive,Wow! --,2025-10-13 21:14:55,2025-10-13 21:15:00,7
7230,LeagueOfLegends,Positive,... Wow!.,2025-10-13 21:14:55,2025-10-13 21:15:00,9
7230,LeagueOfLegends,Positive,Wow!.,2025-10-13 21:14:55,2025-10-13 21:15:00,5
7231,LeagueOfLegends,Negative,I'D WHALE THE SHIT OUT OF THIS IF KOJIMA'S INVOLVED Y'ALL,2025-10-13 21:14:55,2025-10-13 21:15:00,57
7231,LeagueOfLegends,Negative,I'D WHALE THE SHIT OUT OF THIS IF KOJIMA'S INVOLVOLVED Y'ALL,2025-10-13 21:14:55,2025-10-13 21:15:00,60
7231,LeagueOfLegends,Negative,I'd WHALE the SHIT OUT OF THIS EIF KOJIMA'S INVOLVOLD Y'ALL,2025-10-13 21:14:55,2025-10-13 21:15:00,59
7231,LeagueOfLegends,Negative,I'D WHALE THE FACE OUT OF THIS IF KOJIMA'S INVOLVED IT'ALL,2025-10-13 21:14:55,2025-10-13 21:15:00,58
7231,LeagueOfLegends,Negative,I'D WHALE AS THE SHIT... OUT ME OF THIS IF KOJIMA'I S GO INVOLVED Y'LL ALL,2025-10-13 21:14:55,2025-10-13 21:15:00,74
7231,LeagueOfLegends,Negative,I'D WHALE IN D OUT OF IT IF KOJIMA'S THAT Y'ALL,2025-10-13 21:14:55,2025-10-13 21:15:00,47
7232,LeagueOfLegends,Positive,I finally got him. My golden boy. My toxic trash panda. My love. . . .,2025-10-13 21:14:55,2025-10-13 21:15:00,72
7232,LeagueOfLegends,Positive,Finally I got it. My golden boy. My poisonous garbage panda. My love....,2025-10-13 21:14:55,2025-10-13 21:15:00,72
7232,LeagueOfLegends,Positive,"My golden boy, my poisonous panda, my love...",2025-10-13 21:14:55,2025-10-13 21:15:00,45
7232,LeagueOfLegends,Positive,I finally got him. My golden boy. This toxic trash panda. My love..?.,2025-10-13 21:14:55,2025-10-13 21:15:00,69
7232,LeagueOfLegends,Positive,I I finally truly got him. My golden rich boy. My toxic trash panda. My true love....,2025-10-13 21:14:55,2025-10-13 21:15:00,85
7232,LeagueOfLegends,Positive,we have got him. My golden boy. My toxic trash panda. My happiness....,2025-10-13 21:14:55,2025-10-13 21:15:00,70
7233,LeagueOfLegends,Negative,I see why league of legends is gonna die,2025-10-13 21:14:55,2025-10-13 21:15:00,40
7233,LeagueOfLegends,Negative,I see why the League of Legends will die,2025-10-13 21:14:55,2025-10-13 21:15:00,40
7233,LeagueOfLegends,Negative,I can see why the Champions League is dying,2025-10-13 21:14:55,2025-10-13 21:15:00,43
7233,LeagueOfLegends,Negative,I see why league of rugby is gonna die,2025-10-13 21:14:55,2025-10-13 21:15:00,38
7233,LeagueOfLegends,Negative,I see why league king of legends is gonna die,2025-10-13 21:14:55,2025-10-13 21:15:00,45
7233,LeagueOfLegends,Negative,to see why league of legends is gonna die,2025-10-13 21:14:55,2025-10-13 21:15:00,41
7234,LeagueOfLegends,Positive,In honor of the super sweet VFX @Sirhaian did for,2025-10-13 21:14:55,2025-10-13 21:15:00,51
7234,LeagueOfLegends,Positive,In honor of the super sweet VFX tat @ Sirhaian for,2025-10-13 21:14:55,2025-10-13 21:15:00,50
7234,LeagueOfLegends,Positive,In honor of the super sweet VFX @ Henhayan made for,2025-10-13 21:14:55,2025-10-13 21:15:00,51
7234,LeagueOfLegends,Positive,In honor of the super sweet service @Sirhaian did for,2025-10-13 21:14:55,2025-10-13 21:15:00,53
7234,LeagueOfLegends,Positive,In honor of the first super sweet special VFX @Sirhaian it did for,2025-10-13 21:14:55,2025-10-13 21:15:00,66
7234,LeagueOfLegends,Positive,In some of the really sweet VFX @Sirhaian did for,2025-10-13 21:14:55,2025-10-13 21:15:00,49
7235,LeagueOfLegends,Negative,@LeagueOfLegends y'all should consider making icons to go with hextech skins. That would be a great addition!!,2025-10-13 21:14:55,2025-10-13 21:15:00,110
7235,LeagueOfLegends,Negative,@ LeagueOfLegends y'all should consider turning icons into Hextech skins. That would be a great addition!!,2025-10-13 21:14:55,2025-10-13 21:15:00,106
7235,LeagueOfLegends,Negative,@ LeagueOfLegends y'all should consider making its to go with hextech skins. That would be a great addition!!,2025-10-13 21:14:55,2025-10-13 21:15:00,109
7235,LeagueOfLegends,Negative,@LeagueOfLegends y'all should consider making icons to ship with hextech skins. That would be a great development,2025-10-13 21:14:55,2025-10-13 21:15:00,113
7235,LeagueOfLegends,Negative,@LeagueOfLegends... y'you all maybe should consider making icons to go with his hextech skins. That one would be a great addition!!,2025-10-13 21:14:55,2025-10-13 21:15:00,131
7235,LeagueOfLegends,Negative,@LeagueOfLegends y'all should consider making changes to go with hextech skins. That might be a tremendous opportunity,2025-10-13 21:14:55,2025-10-13 21:15:00,118
7236,LeagueOfLegends,Positive,"Hey . @riotgames.  I love your games dude. League of legends is one of my all time favorites games, I just love it. Any chance I could try Project A? Thanks :D",2025-10-13 21:14:55,2025-10-13 21:15:00,159
7236,LeagueOfLegends,Positive,"Hi. @ riotgames. I love your games buddy. League of Legends is one of my favorite games of all time, I just love it. Any chance I could try Project A? Thanks: D",2025-10-13 21:14:55,2025-10-13 21:15:00,160
7236,LeagueOfLegends,Positive,"Hey. @ riotgames. I love your games dude. League of Heds is one of my all time favorite games, I just love it. Any chance I could try Project A? Thanks: D",2025-10-13 21:14:55,2025-10-13 21:15:00,154
7236,LeagueOfLegends,Positive,"Hey. @riotgames.  sure love your games dude. League of legends is one of my all time favorites dude, I just love you. Got chance I could try Project A? Thanks :D",2025-10-13 21:14:55,2025-10-13 21:15:00,161
7236,LeagueOfLegends,Positive,"Hey. @riotgames. No I love your games dude. League of Death legends basketball is the one of my least all time favorites games, I really just love it. Any chance I still could try Project Agent A? Thanks : D",2025-10-13 21:14:55,2025-10-13 21:15:00,207
7236,LeagueOfLegends,Positive,"Hey. Rob. I love your games dude. League of legends is one be my full time game games, I just love everything. Any guys I could try Project A? Thanks :D",2025-10-13 21:14:55,2025-10-13 21:15:00,152
7237,LeagueOfLegends,Positive,"[.  LIVE] Let's face it, I'm addicted to League of Legends! twitch.tv/its_jackpot",2025-10-13 21:14:55,2025-10-13 21:15:00,84
7237,LeagueOfLegends,Positive,"[. LIVE] Let's face it, I'm addicted to League of Legends! twitch.tv / its _ jackpot",2025-10-13 21:14:55,2025-10-13 21:15:00,84
7237,LeagueOfLegends,Positive,"Let's face it, I'm in the League of Legends! tch.tv / its _ jackpot",2025-10-13 21:14:55,2025-10-13 21:15:00,67
7237,LeagueOfLegends,Positive,"[.  LIVE] Let's face it, I'm addicted to League of Legends! twitch.tv/its_jackpot",2025-10-13 21:14:55,2025-10-13 21:15:00,84
7237,LeagueOfLegends,Positive,"See [.  LIVE] Let's face it, I'm addicted to League of Legends! twitch.tv/its_jackpot",2025-10-13 21:14:55,2025-10-13 21:15:00,88
7237,LeagueOfLegends,Positive,<unk>,2025-10-13 21:14:55,2025-10-13 21:15:00,5
7238,LeagueOfLegends,Positive,So I was playing league of legends and smelled something burning... @RazerSupport pic.twitter.com/maIBQB5gRq,2025-10-13 21:14:55,2025-10-13 21:15:00,108
7238,LeagueOfLegends,Positive,So I played League of Legends and smelled something burning... @ RazerSupport pic.twitter.com / maIBQB5gRq,2025-10-13 21:14:55,2025-10-13 21:15:00,106
7238,LeagueOfLegends,Positive,So I was playing in the Masters League and smelled something burning... @ GenerSupport pic.fr / maIBQB5gRq,2025-10-13 21:14:55,2025-10-13 21:15:00,106
7238,LeagueOfLegends,Positive,So I was playing league of legends and smelled something burning... RhandlerR pic.twitter.com/maIBQB5gRq,2025-10-13 21:14:56,2025-10-13 21:15:00,104
7238,LeagueOfLegends,Positive,with So I was playing league of legends and smelled something burning... RhandlerR pic.twitter.com/maIBQB5gRq,2025-10-13 21:14:56,2025-10-13 21:15:00,109
7238,LeagueOfLegends,Positive,and,2025-10-13 21:14:56,2025-10-13 21:15:00,3
7239,LeagueOfLegends,Positive,Lmao I love this thread!,2025-10-13 21:14:56,2025-10-13 21:15:00,24
7239,LeagueOfLegends,Positive,Lmao I love this thread!,2025-10-13 21:14:56,2025-10-13 21:15:00,24
7239,LeagueOfLegends,Positive,Lmao I love this thread!,2025-10-13 21:14:56,2025-10-13 21:15:00,24
7239,LeagueOfLegends,Positive,Lmao we love this thread!,2025-10-13 21:14:56,2025-10-13 21:15:00,25
7239,LeagueOfLegends,Positive,Holy Lmao I love this thread!,2025-10-13 21:14:56,2025-10-13 21:15:00,29
7239,LeagueOfLegends,Positive,Lmao<unk> love this thread!,2025-10-13 21:14:56,2025-10-13 21:15:00,27
7240,LeagueOfLegends,Positive,These new Dragonmancer skins are straight fire (via @SamekStefan),2025-10-13 21:14:56,2025-10-13 21:15:00,67
7240,LeagueOfLegends,Positive,These new Dragonmancer skins are direct fire (via @ SamekStefan),2025-10-13 21:14:56,2025-10-13 21:15:00,64
7240,LeagueOfLegends,Positive,These new dragon skins are direct fire (via @ Sameko),2025-10-13 21:14:56,2025-10-13 21:15:00,53
7240,LeagueOfLegends,Positive,These new unicorn skins are straight fire (via @SamekStefan),2025-10-13 21:14:56,2025-10-13 21:15:00,60
7240,LeagueOfLegends,Positive,These two new special Dragonmancer skins are straight fire ( now via @SamekStefan),2025-10-13 21:14:56,2025-10-13 21:15:00,82
7240,LeagueOfLegends,Positive,two new Dragonmancer skins are straight fire (via an,2025-10-13 21:14:56,2025-10-13 21:15:00,52
7241,LeagueOfLegends,Negative,is the fact that my crush plays that shit enough of a reason to stop liking him?,2025-10-13 21:14:56,2025-10-13 21:15:00,80
7241,LeagueOfLegends,Negative,Is the fact that my crush plays so shitty reason enough not to like him anymore?,2025-10-13 21:14:56,2025-10-13 21:15:00,80
7241,LeagueOfLegends,Negative,Is the fact that I play shit enough reason to stop liking it?,2025-10-13 21:14:56,2025-10-13 21:15:00,61
7241,LeagueOfLegends,Negative,is the idea that my crush plays that shit enough of a reason to stop liking him?,2025-10-13 21:14:56,2025-10-13 21:15:00,80
7241,LeagueOfLegends,Negative,is even the simple fact that my crush plays that shit good enough of a reason to stop liking him?,2025-10-13 21:14:56,2025-10-13 21:15:00,97
7241,LeagueOfLegends,Negative,is the fact how my crush plays that shit enough of a reason to stop liking school?,2025-10-13 21:14:56,2025-10-13 21:15:00,82
7242,LeagueOfLegends,Irrelevant,Very.,2025-10-13 21:14:56,2025-10-13 21:15:00,5
7242,LeagueOfLegends,Irrelevant,Very.,2025-10-13 21:14:56,2025-10-13 21:15:00,5
7242,LeagueOfLegends,Irrelevant,Very.,2025-10-13 21:14:56,2025-10-13 21:15:00,5
7242,LeagueOfLegends,Irrelevant,Very.,2025-10-13 21:14:56,2025-10-13 21:15:00,5
7242,LeagueOfLegends,Irrelevant,The Very.,2025-10-13 21:14:56,2025-10-13 21:15:00,9
7242,LeagueOfLegends,Irrelevant,7.,2025-10-13 21:14:56,2025-10-13 21:15:00,2
7243,LeagueOfLegends,Neutral,@TwitchSupport Your solution for linking another account for League of Legends rewards doesn't work. I have claimed so many rewards for an incorrect account. pic.twitter.com/jsd8eXJEAT,2025-10-13 21:14:56,2025-10-13 21:15:00,184
7243,LeagueOfLegends,Neutral,@ TwitchSupport Your solution for linking another account for League of Legends rewards does not work. I have claimed so many rewards for the wrong account. pic.twitter.com / jsd8eXJEAT,2025-10-13 21:14:56,2025-10-13 21:15:00,185
7243,LeagueOfLegends,Neutral,@ tchSupport Your decision to create another Legends Rewards account is not working.,2025-10-13 21:14:56,2025-10-13 21:15:00,84
7243,LeagueOfLegends,Neutral,RhandlerR Your solution for linking another account for League of Legends rewards doesn't work. I have claimed so many rewards for an incorrect account. pic.twitter.com/jsd8eXJEAT,2025-10-13 21:14:56,2025-10-13 21:15:00,179
7243,LeagueOfLegends,Neutral,and RhandlerR Your solution for linking another account for League of Legends rewards doesn't work. I have claimed so many rewards for an incorrect account. pic.twitter.com/jsd8eXJEAT,2025-10-13 21:14:56,2025-10-13 21:15:00,183
7243,LeagueOfLegends,Neutral,<unk>,2025-10-13 21:14:56,2025-10-13 21:15:00,5
7244,LeagueOfLegends,Neutral,Nutz Factory opening soon!Going live with some  . twitch.tv/deezopnutz .,2025-10-13 21:14:56,2025-10-13 21:15:00,74
7244,LeagueOfLegends,Neutral,Nutz Factory opens soon! Go with some live. twitch.tv / deezopnutz.,2025-10-13 21:14:56,2025-10-13 21:15:00,67
7244,LeagueOfLegends,Neutral,The Factory is about to open! With some live. tch.tv / deezopn.,2025-10-13 21:14:56,2025-10-13 21:15:00,63
7244,LeagueOfLegends,Neutral,Nutz Factory opening soon!Going live with some  . twitch.tv/deezopnutz .,2025-10-13 21:14:56,2025-10-13 21:15:00,74
7244,LeagueOfLegends,Neutral,for Nutz Factory opening soon!Going live with some  . twitch.tv/deezopnutz .,2025-10-13 21:14:56,2025-10-13 21:15:00,78
7244,LeagueOfLegends,Neutral,What,2025-10-13 21:14:56,2025-10-13 21:15:00,4
7245,LeagueOfLegends,Neutral,10 BEST Champs To ONE-TRICK For EVERY ROLE |  . . Watch here:. tattlenews.com/timeline/leagu… https://t.co/bWxtAj5RdI,2025-10-13 21:14:56,2025-10-13 21:15:00,117
7245,LeagueOfLegends,Neutral,10 BEST CHAMPS TO ONE-TRICK FOR JEDY ROLE |.. See here:. tattlenews.com / timeline / leagu... https: / / t.co / bWxtAj5RdI,2025-10-13 21:14:56,2025-10-13 21:15:00,122
7245,LeagueOfLegends,Neutral,Смотрите здесь:. tatlenews.com / timeline / leagu... https: / / www.co / bWxtAj5RdI,2025-10-13 21:14:56,2025-10-13 21:15:00,83
7245,LeagueOfLegends,Neutral,10 BEST Champs THAT ONE-TRICK WITH EVERY WEEK | .. Watch here:. tattlenews.com/timeline/leagu… https://t.co/bWxtAj5RdI],2025-10-13 21:14:56,2025-10-13 21:15:00,119
7245,LeagueOfLegends,Neutral,10 BEST Champs ONE To ONE - NO TRICK AS For EVERY ROLE |.. 2012 Watch it here :. de tattlenews. au com / publishing timeline / ISBN leagu … https://t.co/bWxtAj5RdI ],2025-10-13 21:14:56,2025-10-13 21:15:00,165
7245,LeagueOfLegends,Neutral,36 full days of ONE-TRICK AND EVERY ROLE |.. Watch for:. tattlenews.com/timeline/leagu... &],2025-10-13 21:14:56,2025-10-13 21:15:00,92
7246,LeagueOfLegends,Negative,"i'm amazed at how many people play league of legends still and how toxic that game still is, it's honestly such a bad thing to play purely for the community alone",2025-10-13 21:14:56,2025-10-13 21:15:00,162
7246,LeagueOfLegends,Negative,"I'm amazed at how many people are still playing League of Legends and how toxic this game is still, it's honestly so bad just to play for the community",2025-10-13 21:14:56,2025-10-13 21:15:00,151
7246,LeagueOfLegends,Negative,"I'm amazed at how many people are still playing the Champions League and how toxic this game is so far, honestly it's so bad to play purely for the community alone",2025-10-13 21:14:56,2025-10-13 21:15:00,163
7246,LeagueOfLegends,Negative,"i'm amazed at that many fans play league of legends still and how toxic that game still is, it's honestly such a bad thing to have purely for the community alone",2025-10-13 21:14:56,2025-10-13 21:15:00,161
7246,LeagueOfLegends,Negative,"i'm amazed immensely at how many people just play league games of chess legends still... and how much toxic that stupid game still is, it's honestly such a bad thing to play purely for the community alone",2025-10-13 21:14:56,2025-10-13 21:15:00,204
7246,LeagueOfLegends,Negative,"i'm amazed at how many people play league of god still keep in common that game still is, if's honestly such a bad thing to play purely for the community alone",2025-10-13 21:14:56,2025-10-13 21:15:00,159
7247,LeagueOfLegends,Neutral,Im live just vibin with @AvnJay .  come have some fun with us!!.  . twitch.tv/blackclawkitty…,2025-10-13 21:14:56,2025-10-13 21:15:00,93
7247,LeagueOfLegends,Neutral,Im live vibin with @ AvnJay. Come and have fun with us!!.. twitch.tv / blackclawkitty...,2025-10-13 21:14:56,2025-10-13 21:15:00,88
7247,LeagueOfLegends,Neutral,"\"Live just vibes\" with @ AvnJay. Come have fun with us!!......... tch.tv / blackclawkitty...",2025-10-13 21:14:56,2025-10-13 21:15:00,92
7247,LeagueOfLegends,Neutral,Im live just vibin with RhandlerR .  come have some fun with us!!.  . twitch.tv/blackclawkitty…,2025-10-13 21:14:56,2025-10-13 21:15:00,95
7247,LeagueOfLegends,Neutral,to Im live just vibin with RhandlerR .  come have some fun with us!!.  . twitch.tv/blackclawkitty…,2025-10-13 21:14:56,2025-10-13 21:15:00,98
7247,LeagueOfLegends,Neutral,you,2025-10-13 21:14:56,2025-10-13 21:15:00,3
7248,LeagueOfLegends,Positive,My lovely fox 🦊,2025-10-13 21:14:56,2025-10-13 21:15:00,17
7248,LeagueOfLegends,Positive,My Lovely Fox,2025-10-13 21:14:56,2025-10-13 21:15:00,13
7248,LeagueOfLegends,Positive,My darling fox.,2025-10-13 21:14:56,2025-10-13 21:15:00,15
7248,LeagueOfLegends,Positive,My lovely fox es,2025-10-13 21:14:56,2025-10-13 21:15:00,16
7248,LeagueOfLegends,Positive,My lovely little fox [UNK],2025-10-13 21:14:56,2025-10-13 21:15:00,26
7248,LeagueOfLegends,Positive,most lovely fox <unk>,2025-10-13 21:14:56,2025-10-13 21:15:00,21
7249,LeagueOfLegends,Negative,I've never been this tierd in my entire life,2025-10-13 21:14:56,2025-10-13 21:15:00,46
7249,LeagueOfLegends,Negative,I've never been so beastly in my whole life,2025-10-13 21:14:56,2025-10-13 21:15:00,43
7249,LeagueOfLegends,Negative,I've never been like this in my entire life,2025-10-13 21:14:56,2025-10-13 21:15:00,43
7249,LeagueOfLegends,Negative,I've never been as tierd in my entire life,2025-10-13 21:14:56,2025-10-13 21:15:00,42
7249,LeagueOfLegends,Negative,Although I'm ve never been this tierd in my entire life,2025-10-13 21:14:56,2025-10-13 21:15:00,55
7249,LeagueOfLegends,Negative,I've hardly been this tierd in my entire life,2025-10-13 21:14:56,2025-10-13 21:15:00,45
7250,LeagueOfLegends,Positive,. Need.,2025-10-13 21:14:56,2025-10-13 21:15:00,8
7250,LeagueOfLegends,Positive,Necessity.,2025-10-13 21:14:56,2025-10-13 21:15:00,10
7250,LeagueOfLegends,Positive,Necessary.,2025-10-13 21:14:56,2025-10-13 21:15:00,10
7250,LeagueOfLegends,Positive,. 7.,2025-10-13 21:14:56,2025-10-13 21:15:00,4
7250,LeagueOfLegends,Positive,. The Need.,2025-10-13 21:14:56,2025-10-13 21:15:00,11
7250,LeagueOfLegends,Positive,. The.,2025-10-13 21:14:56,2025-10-13 21:15:00,6
7251,LeagueOfLegends,Irrelevant,Super happy to work with @WIHSesports to make this opportunity happen for students.,2025-10-13 21:14:56,2025-10-13 21:15:00,83
7251,LeagueOfLegends,Irrelevant,Super happy to work with @ WIHSesports to make this opportunity a reality for students.,2025-10-13 21:14:56,2025-10-13 21:15:00,87
7251,LeagueOfLegends,Irrelevant,I am excited to work with @ WIHSespi to make this opportunity a reality for students.,2025-10-13 21:14:56,2025-10-13 21:15:00,85
7251,LeagueOfLegends,Irrelevant,Super plan to work with @WIHSesports to make this opportunity happen for students.,2025-10-13 21:14:56,2025-10-13 21:15:00,82
7251,LeagueOfLegends,Irrelevant,Miss Super happy to work with @WIHSesports and to make this job opportunity happen for students.,2025-10-13 21:14:56,2025-10-13 21:15:00,96
7251,LeagueOfLegends,Irrelevant,Super happy to work with @WIHSesports I get this opportunity happen for students.,2025-10-13 21:14:56,2025-10-13 21:15:00,81
7252,LeagueOfLegends,Neutral,Got some,2025-10-13 21:14:56,2025-10-13 21:15:00,10
7252,LeagueOfLegends,Neutral,Got a few,2025-10-13 21:14:56,2025-10-13 21:15:00,9
7252,LeagueOfLegends,Neutral,Got some,2025-10-13 21:14:56,2025-10-13 21:15:00,8
7252,LeagueOfLegends,Neutral,Got cha,2025-10-13 21:14:56,2025-10-13 21:15:00,7
7252,LeagueOfLegends,Neutral,Got in some,2025-10-13 21:14:56,2025-10-13 21:15:00,11
7252,LeagueOfLegends,Neutral,Got It,2025-10-13 21:14:56,2025-10-13 21:15:00,6
7253,LeagueOfLegends,Irrelevant,He's the reason why I'm so addicted to LEAGUE OF LEGENDS .  . . Senpai Faker .  instagram.com/p/CAK5998jJm7/…,2025-10-13 21:14:56,2025-10-13 21:15:00,109
7253,LeagueOfLegends,Irrelevant,He is the reason I am so addicted to LEAGUE OF LEGENDS... Senpai Faker. instagram.com / p / CAK5998jJm7 /...,2025-10-13 21:14:56,2025-10-13 21:15:00,108
7253,LeagueOfLegends,Irrelevant,He's the reason why I'm so additional to LEAGUE OF LEGENDS... Senpai Faker. instagram.com / p / CAK5998jJm7 /...,2025-10-13 21:14:56,2025-10-13 21:15:00,112
7253,LeagueOfLegends,Irrelevant,He's the reason millennials teens so addicted to WORLD OF LEGENDS. .. Senpai..  instagram.com/p/CAK5998jJm7/…,2025-10-13 21:14:56,2025-10-13 21:15:00,109
7253,LeagueOfLegends,Irrelevant,He's therefore the reason why somehow I'd m so heavily addicted to LEAGUE I OF LEGENDS... Jeremy Senpai Faker. via instagram. as com / 03 p / 2 CAK5998jJm7 / …,2025-10-13 21:14:56,2025-10-13 21:15:00,159
7253,LeagueOfLegends,Irrelevant,He's the point why it'm very scared by LEAGUE OF LEGENDS... no 2. instagram.com/p/CAK5998jJm7/...,2025-10-13 21:14:56,2025-10-13 21:15:00,97
7254,LeagueOfLegends,Neutral,Check out my video!,2025-10-13 21:14:56,2025-10-13 21:15:00,21
7254,LeagueOfLegends,Neutral,Take a look at my video!,2025-10-13 21:14:56,2025-10-13 21:15:00,24
7254,LeagueOfLegends,Neutral,Watch my video!,2025-10-13 21:14:56,2025-10-13 21:15:00,15
7254,LeagueOfLegends,Neutral,Check out their video!,2025-10-13 21:14:56,2025-10-13 21:15:00,22
7254,LeagueOfLegends,Neutral,Check out via my video!,2025-10-13 21:14:56,2025-10-13 21:15:00,23
7254,LeagueOfLegends,Neutral,Check<unk> my video!,2025-10-13 21:14:56,2025-10-13 21:15:00,20
7255,LeagueOfLegends,Neutral,"Sharing some LoL stuff from the last years, cuz I've been dead on here. Next: Kai'sa from",2025-10-13 21:14:56,2025-10-13 21:15:00,91
7255,LeagueOfLegends,Neutral,I've shared some LoL stuff from the last few years because I was dead here. Next: Kai'sa from,2025-10-13 21:14:56,2025-10-13 21:15:00,93
7255,LeagueOfLegends,Neutral,"Sharing some things from the last few years, I'm dead here.",2025-10-13 21:14:56,2025-10-13 21:15:00,59
7255,LeagueOfLegends,Neutral,"Sharing some LoL stuff from our last years, cuz I've been lurking on here. Next: Kai'sa from",2025-10-13 21:14:56,2025-10-13 21:15:00,92
7255,LeagueOfLegends,Neutral,"15 Sharing some LoL stuff somewhere from the last thirty years, cuz I've been dead on here. Next : What Kai'sa said from",2025-10-13 21:14:56,2025-10-13 21:15:00,120
7255,LeagueOfLegends,Neutral,"Sharing some interesting stuff from the last week, cuz people've been dead since here. Next: Kai'sa from",2025-10-13 21:14:56,2025-10-13 21:15:00,104
7256,LeagueOfLegends,Neutral,After several mental breakdowns I proudly present you:. Flourish Gun Jhin (Immortal Journey Skinline) . A big shout out and many thanks to @unforjhinately and @IceSayu for helping me with the design and keeping me going.,2025-10-13 21:14:56,2025-10-13 21:15:00,222
7256,LeagueOfLegends,Neutral,After several mental breakdowns I proudly present you:. Flourish Gun Jhin (Immortal Journey Skinline). A big outcry and many thanks to @ unforjhinately and @ IceSayu for helping me design and keeping me going.,2025-10-13 21:14:56,2025-10-13 21:15:00,209
7256,LeagueOfLegends,Neutral,"After a few mental breakdowns, I'm proud to introduce you to:. Immel Journey Skinline. Big shout out and thanks to @ unforjhinately and @ IceSayu for helping me develop and keep me moving.",2025-10-13 21:14:56,2025-10-13 21:15:00,188
7256,LeagueOfLegends,Neutral,After several mental breakdowns to proudly present you:. A Gun shot (Immortal Journey Skinline). A big shout outs and many thanks to Jon and @unforjhinately for helping me with the design and keeping me going.,2025-10-13 21:14:56,2025-10-13 21:15:00,209
7256,LeagueOfLegends,Neutral,After taking several mental breakdowns I proudly present in you :. Flourish Gun Jhin ( Immortal Secret Journey Skinline ). In A big shout out and an many thanks offers to @unforjhinately itself and Thanks @IceSayu for helping me with the final design and keeping me cool going.,2025-10-13 21:14:56,2025-10-13 21:15:00,277
7256,LeagueOfLegends,Neutral,After several mental breakdowns I now present you:. Flourish Gun Jhin (Immortal Journey Skinline). Another quick shout home with many congratulations Julie @unforjhinately and @IceSayu for helping me with the design and keeping things going.,2025-10-13 21:14:56,2025-10-13 21:15:00,241
7257,LeagueOfLegends,Negative,"@LeagueOfLegends please, please, please fix your matchmaking and reports system, i just lost two promos because of turbo inters, checked their match history and they had inted hard before aswell, im talking like 0/16/5 or something on a top laner.",2025-10-13 21:14:56,2025-10-13 21:15:00,247
7257,LeagueOfLegends,Negative,"@ LeagueOfLegends please, please, please fix your playmaking and reporting system, I've just lost two promos due to turbo internals, check their game history and they've been hard at it before, talking like 0 / 16 / 5 or something on a top lantern.",2025-10-13 21:14:56,2025-10-13 21:15:00,248
7257,LeagueOfLegends,Negative,"@ LeagueOfLegends please, please, please fix your matchmaking and reports system, i just lost two promos because of turbo, checked their match history and they had intended hard before as well, im talking like 0 / 16 / 5 or something on a top laner.",2025-10-13 21:14:56,2025-10-13 21:15:00,249
7257,LeagueOfLegends,Negative,"@LeagueOfLegends please, please, please fix your matchmaking and reports system, i just lost two promos because you that inters, checked their match reports and they had inted them before aswell, im talking like 0/16/5 did something on a top laner.",2025-10-13 21:14:56,2025-10-13 21:15:00,248
7257,LeagueOfLegends,Negative,"@LeagueOfLegends please, please, please please fix your better matchmaking and reports support system, i just lost two promos because of turbo inters, checked on their match history and where they had inted hard before aswell, that im talking like 0 / 16 / or 5 or something else on that a table top laner.",2025-10-13 21:14:56,2025-10-13 21:15:00,306
7257,LeagueOfLegends,Negative,"@LeagueOfLegends please, please, please fix another matchmaking and reports system, i just did two promos because of your inters, after their support history and they had been hard before today, im talking at 0/16/5 about something on a top laner.",2025-10-13 21:14:56,2025-10-13 21:15:00,247
7258,LeagueOfLegends,Neutral,The SFL IS a league of Legends! @simulationfl,2025-10-13 21:14:56,2025-10-13 21:15:00,45
7258,LeagueOfLegends,Neutral,The SFL IS a league of legends! @ simulationfl,2025-10-13 21:14:56,2025-10-13 21:15:00,46
7258,LeagueOfLegends,Neutral,SFL IS a league of Legends! @ fallationfl,2025-10-13 21:14:56,2025-10-13 21:15:00,41
7258,LeagueOfLegends,Neutral,The SFL IS a league of hearts! @simulationfl,2025-10-13 21:14:56,2025-10-13 21:15:00,44
7258,LeagueOfLegends,Neutral,The SFL region IS a playable league of Legends! @simulationfl,2025-10-13 21:14:56,2025-10-13 21:15:00,61
7258,LeagueOfLegends,Neutral,of SFL IS a league on Legends! @simulationfl,2025-10-13 21:14:56,2025-10-13 21:15:00,44
7259,LeagueOfLegends,Neutral,"I'm excited to announce our partnership with @VolvicDE. The cooperation with Volvic is an exclamation mark in German esport. At the same time, it's an award for our success in @LeagueOfLegends and the tremendous efforts of our team and staff behind the scenes. Thank you! pic.twitter.com/c6eLixSdZK",2025-10-13 21:14:56,2025-10-13 21:15:00,298
7259,LeagueOfLegends,Neutral,"I am pleased to announce our partnership with @ VolvicDE. Working with Volvic is an exclamation point in German sport. At the same time, it is an award for our success in @ LeagueOfLegends and the enormous efforts of our team and staff behind the scenes. Thank you! pic.twitter.com / c6eLixSdZK",2025-10-13 21:14:56,2025-10-13 21:15:00,294
7259,LeagueOfLegends,Neutral,"I am pleased to announce our partnership with @ VolvicDE. Collaboration with Volvic is an exclamation mark in German sport. At the same time, it is an award for our success at @ LeagueOfLegends and the tremendous efforts of our team and staff behind the scenes. Thank you! pic.facebook.com / c6eLixSdZK",2025-10-13 21:14:56,2025-10-13 21:15:00,302
7259,LeagueOfLegends,Neutral,"I'm excited to announce our partnership with RhandlerR. The cooperation with Volvic is an exclamation mark in German esport. At the same time, it's an award for our success in RhandlerR and the tremendous efforts of our team and staff behind the scenes. Thank you! pic.twitter.com/c6eLixSdZK",2025-10-13 21:14:56,2025-10-13 21:15:00,291
7259,LeagueOfLegends,Neutral,"2008 I'm excited to announce our partnership with RhandlerR. The cooperation with Volvic is an exclamation mark in German esport. At the same time, it's an award for our success in RhandlerR and the tremendous efforts of our team and staff behind the scenes. Thank you! pic.twitter.com/c6eLixSdZK",2025-10-13 21:14:56,2025-10-13 21:15:00,296
7259,LeagueOfLegends,Neutral,be,2025-10-13 21:14:56,2025-10-13 21:15:00,2
7260,LeagueOfLegends,Neutral,Playing LoL then realizing you're actually not as mentally strong as you thought you were.,2025-10-13 21:14:56,2025-10-13 21:15:00,92
7260,LeagueOfLegends,Neutral,"When you play LoL, you realise that you're not actually as mentally strong as you thought.",2025-10-13 21:14:56,2025-10-13 21:15:00,90
7260,LeagueOfLegends,Neutral,"When you play LoL, you realize that you're not really as strong-minded as you thought.",2025-10-13 21:14:56,2025-10-13 21:15:00,86
7260,LeagueOfLegends,Neutral,Playing dumb then realizing you're actually not as mentally strong as you thought you were.,2025-10-13 21:14:56,2025-10-13 21:15:00,91
7260,LeagueOfLegends,Neutral,Playing LoL... then realizing you're actually not as mentally conscious strong as where you thought you were.,2025-10-13 21:14:56,2025-10-13 21:15:00,109
7260,LeagueOfLegends,Neutral,Playing nice then realizing you're actually not as mentally strong as you said you were.,2025-10-13 21:14:56,2025-10-13 21:15:00,88
7261,LeagueOfLegends,Positive,Malphite Shard of the Monolith is always a good pick.. . Attack: . . Defense: . . Magic: . . Difficulty: . . .,2025-10-13 21:14:56,2025-10-13 21:15:00,112
7261,LeagueOfLegends,Positive,Malphite shards of the monolith is always a good choice... Attack:.. Defense:... Magic:... Difficulty:...,2025-10-13 21:14:56,2025-10-13 21:15:00,105
7261,LeagueOfLegends,Positive,A Malfit Shard of Monolith is always a good choice... Attack:. Defense:. Magic:. Difficulty:...,2025-10-13 21:14:56,2025-10-13 21:15:00,95
7261,LeagueOfLegends,Positive,Malphite Shard of Skull Monolith is always a good pick... Attack:.. Armor:.. Magic:. ) Difficulty:...,2025-10-13 21:14:56,2025-10-13 21:15:00,101
7261,LeagueOfLegends,Positive,in Malphite Shard Art of War the Monolith is more always a good hard pick... Attack :.. Physical Defense :.. In Magic :.. Difficulty :...,2025-10-13 21:14:56,2025-10-13 21:15:00,137
7261,LeagueOfLegends,Positive,that Shard of Your Heart Not always a good design... Design:.. Defense:.. Magic:.. Materials:...,2025-10-13 21:14:56,2025-10-13 21:15:00,96
7262,LeagueOfLegends,Negative,BTW that wasn’t serious I hate this game,2025-10-13 21:14:56,2025-10-13 21:15:00,40
7262,LeagueOfLegends,Negative,BTW this was not serious I hate this game,2025-10-13 21:14:56,2025-10-13 21:15:00,41
7262,LeagueOfLegends,Negative,BTW that was not serious I hate this game,2025-10-13 21:14:56,2025-10-13 21:15:00,41
7262,LeagueOfLegends,Negative,BTW that wasn’t serious will hate this game,2025-10-13 21:14:56,2025-10-13 21:15:00,43
7262,LeagueOfLegends,Negative,Now BTW that wasn ’ t serious I hate this game game,2025-10-13 21:14:56,2025-10-13 21:15:00,51
7262,LeagueOfLegends,Negative,BTW that wasn’t serious I finished this game,2025-10-13 21:14:56,2025-10-13 21:15:00,44
7263,LeagueOfLegends,Neutral,OMG WT* TF DRAFTED TO ENEMY BASE ??,2025-10-13 21:14:56,2025-10-13 21:15:00,37
7263,LeagueOfLegends,Neutral,OMG WT * TF ENEMY BASE DEVELOPED??,2025-10-13 21:14:56,2025-10-13 21:15:00,34
7263,LeagueOfLegends,Neutral,OMG WT * TF DRAFTED TO ENEMY BASE???,2025-10-13 21:14:56,2025-10-13 21:15:00,36
7263,LeagueOfLegends,Neutral,OMG WT* TF DRAFTED TO ENEMY BASE BALL,2025-10-13 21:14:56,2025-10-13 21:15:00,37
7263,LeagueOfLegends,Neutral,OMG from WT * TF I DRAFTED You TO ENEMY I BASE??,2025-10-13 21:14:56,2025-10-13 21:15:00,48
7263,LeagueOfLegends,Neutral,H WT* TF DRAFTED A ENEMY<unk>??,2025-10-13 21:14:56,2025-10-13 21:15:00,31
7264,LeagueOfLegends,Irrelevant,"Permabanned, on my team or not he’s getting banned every game.",2025-10-13 21:14:56,2025-10-13 21:15:00,62
7264,LeagueOfLegends,Irrelevant,"Permanently, whether in my team or not, he gets suspended every game.",2025-10-13 21:14:56,2025-10-13 21:15:00,69
7264,LeagueOfLegends,Irrelevant,"Permabanned, on my team or not, he gets a ban every game.",2025-10-13 21:14:56,2025-10-13 21:15:00,57
7264,LeagueOfLegends,Irrelevant,"Permabanned, on my watch or not he’s getting banned every game.",2025-10-13 21:14:56,2025-10-13 21:15:00,63
7264,LeagueOfLegends,Irrelevant,"And Permabanned, except on seeing my team or not he ’ s getting banned every game.",2025-10-13 21:14:56,2025-10-13 21:15:00,82
7264,LeagueOfLegends,Irrelevant,"Permabanned, on my team I not from getting banned every game.",2025-10-13 21:14:56,2025-10-13 21:15:00,61
7265,LeagueOfLegends,Neutral,"I love League of Legends, but I hate playing the game.",2025-10-13 21:14:56,2025-10-13 21:15:00,54
7265,LeagueOfLegends,Neutral,I love League of Legends but I hate playing the game.,2025-10-13 21:14:56,2025-10-13 21:15:00,53
7265,LeagueOfLegends,Neutral,"I love Legends League, but I hate playing this game.",2025-10-13 21:14:56,2025-10-13 21:15:00,52
7265,LeagueOfLegends,Neutral,"I love League of Legends, but I hate playing every game.",2025-10-13 21:14:56,2025-10-13 21:15:00,56
7265,LeagueOfLegends,Neutral,"I love the League of Legends, but I hate playing the team game.",2025-10-13 21:14:56,2025-10-13 21:15:00,63
7265,LeagueOfLegends,Neutral,"I love League des Legends, damn I hate playing the game.",2025-10-13 21:14:56,2025-10-13 21:15:00,56
7266,LeagueOfLegends,Positive,favorite pastime league of legends...i knew i could trust this bxtch,2025-10-13 21:14:56,2025-10-13 21:15:00,68
7266,LeagueOfLegends,Positive,Favourite pastime League of Legends... I knew I could trust this Bxtch,2025-10-13 21:14:56,2025-10-13 21:15:00,70
7266,LeagueOfLegends,Positive,favorite league of pederasts... I knew I could trust this bkx,2025-10-13 21:14:56,2025-10-13 21:15:00,61
7266,LeagueOfLegends,Positive,favorite pastime league of legends...i knew i could trust this voice,2025-10-13 21:14:56,2025-10-13 21:15:00,68
7266,LeagueOfLegends,Positive,My favorite pastime league full of legends... Now i knew i could trust this bxtch,2025-10-13 21:14:56,2025-10-13 21:15:00,81
7266,LeagueOfLegends,Positive,favorite pastime league on men...i hope i could trust this bxtch,2025-10-13 21:14:56,2025-10-13 21:15:00,64
7267,LeagueOfLegends,Positive,Yuumi - super cool fucking cat. Braum - such a good person. Neeko - damn funny. Janna - she would take good care,2025-10-13 21:14:56,2025-10-13 21:15:00,112
7267,LeagueOfLegends,Positive,Yuumi - super cool damn cat. Baum - such a good person. Neeko - damn funny. Janna - she would watch out,2025-10-13 21:14:56,2025-10-13 21:15:00,103
7267,LeagueOfLegends,Positive,Juumi is a super cool fucking cat. Bako is such a good person. Neeco is devilishly funny.,2025-10-13 21:14:56,2025-10-13 21:15:00,89
7267,LeagueOfLegends,Positive,Yuumi - super cool cat cat. Braum - like a good person. Neeko - damn funny. Janna thought she would take good care,2025-10-13 21:14:56,2025-10-13 21:15:00,114
7267,LeagueOfLegends,Positive,Yuumi - super high cool... fucking talking cat. Braum - seems such a good person. Neeko - Too damn funny. Janna - she would probably take good care,2025-10-13 21:14:56,2025-10-13 21:15:00,147
7267,LeagueOfLegends,Positive,a - super good fucking cat. Braum - such a good person. Neeko - damn funny. Janna - really does take good from,2025-10-13 21:14:56,2025-10-13 21:15:00,110
7268,LeagueOfLegends,Neutral,"I remember watching this live and wondering who choreographed the dance. These four women are bloody incredible! If you want three minutes of goosebumps, watch this:",2025-10-13 21:14:56,2025-10-13 21:15:00,167
7268,LeagueOfLegends,Neutral,"I remember watching it live and wondering who choreographed the dance. These four women are just incredible! If you want to have three minutes of goosebumps, look at this:",2025-10-13 21:14:56,2025-10-13 21:15:00,171
7268,LeagueOfLegends,Neutral,"I remember watching it live and wondering who was dancing. These four women are bloody incredible! If you want three minutes of goosebumps, look at this:",2025-10-13 21:14:56,2025-10-13 21:15:00,153
7268,LeagueOfLegends,Neutral,"I remember watching this live and learning who choreographed the dance. These four women are bloody incredible! If ya want three minutes of goosebumps, grab this:",2025-10-13 21:14:56,2025-10-13 21:15:00,162
7268,LeagueOfLegends,Neutral,"How I can remember watching this woman live and wondering who choreographed the dance. These four women are so bloody incredible! If ever you want three minutes of goosebumps, just watch this :",2025-10-13 21:14:56,2025-10-13 21:15:00,193
7268,LeagueOfLegends,Neutral,"I remember watching this live and knowing who choreographed the dance. These four guys are bloody incredible! If I want three sets of fun, watch this:",2025-10-13 21:14:56,2025-10-13 21:15:00,150
7269,LeagueOfLegends,Neutral,Hi everyone! Here's my skin concept for Syndra! A demon from Spirit Blossom ! Hope you'll enjoy it! . . (+ I'll try to upload more drawings and less shitty post). .,2025-10-13 21:14:56,2025-10-13 21:15:00,166
7269,LeagueOfLegends,Neutral,Hi everyone! Here is my skin concept for Syndra! A demon from Spirit Blossom! Hope you like it!.. (+ I will try to upload more drawings and less crappy posts).,2025-10-13 21:14:56,2025-10-13 21:15:00,159
7269,LeagueOfLegends,Neutral,Hello everyone! Here's my skin concept for Sindra! A demon from Spirit Bissom! I hope you enjoy it!... (+ I'll try to upload more pictures and less crap post).,2025-10-13 21:14:56,2025-10-13 21:15:00,159
7269,LeagueOfLegends,Neutral,Hi everyone! Here's my skin concept for Syndra! The present from Spirit Blossom! Hope you'll enjoy it!.. (+ I'll try to upload actual artwork and less shitty post)..,2025-10-13 21:14:56,2025-10-13 21:15:00,165
7269,LeagueOfLegends,Neutral,Hi everyone! Here's this my official skin colour concept for Captain Syndra! A demon from Spirit Blossom! Hope anything you'll enjoy it!.. ( + I'd ll never try to upload more bad drawings... and less shitty post )..,2025-10-13 21:14:56,2025-10-13 21:15:00,215
7269,LeagueOfLegends,Neutral,<unk> All! this's my original concept for Syndra! Lady demon from Spirit Blossom! Hope you'll enjoyed it!.. (+ I'll need to upload more drawings and more shitty post)..,2025-10-13 21:14:56,2025-10-13 21:15:00,168
7270,LeagueOfLegends,Positive,[ . . .  @Benjongalong . . blogoflegends.com/2020/07/02/lea…,2025-10-13 21:14:56,2025-10-13 21:15:00,60
7270,LeagueOfLegends,Positive,@ Benjongalong.. blogoflegends.com / 2020 / 07 / 02 / lea...,2025-10-13 21:14:56,2025-10-13 21:15:00,60
7270,LeagueOfLegends,Positive,[... @ Benjongalong.. blogoflefress.com / 2020 / 07 / 02 / lea...,2025-10-13 21:14:56,2025-10-13 21:15:00,65
7270,LeagueOfLegends,Positive,[... <unk> g. blogoflegends.com/2020/07/02/lea…,2025-10-13 21:14:56,2025-10-13 21:15:00,47
7270,LeagueOfLegends,Positive,[... from @Benjongalong.. net blogoflegends. com / 2020 / 06 07 / 02 / in lea html …,2025-10-13 21:14:56,2025-10-13 21:15:00,84
7270,LeagueOfLegends,Positive,<unk>... fl.. sc.com/2020/07/02/lea...,2025-10-13 21:14:56,2025-10-13 21:15:00,38
7271,LeagueOfLegends,Neutral,after almost 10 years i finally changed my league of legends username holy god,2025-10-13 21:14:56,2025-10-13 21:15:00,78
7271,LeagueOfLegends,Neutral,after almost 10 years I finally changed my legendary name holy god,2025-10-13 21:14:56,2025-10-13 21:15:00,66
7271,LeagueOfLegends,Neutral,"After almost 10 years, I have finally changed my league of users, calling myself a holy god",2025-10-13 21:14:56,2025-10-13 21:15:00,91
7271,LeagueOfLegends,Neutral,after hacking 10 years i finally changed my league of legends username holy god,2025-10-13 21:14:56,2025-10-13 21:15:00,79
7271,LeagueOfLegends,Neutral,after this almost 10 years i finally independently changed my league of a legends username holy god,2025-10-13 21:14:56,2025-10-13 21:15:00,99
7271,LeagueOfLegends,Neutral,after maybe 10 years i finally changed my league super legends username holy god,2025-10-13 21:14:56,2025-10-13 21:15:00,80
7272,LeagueOfLegends,Negative,my dopamine receptors have been fucked by league of legends. i can no longer play a game unless it's competitive and it feels bad,2025-10-13 21:14:56,2025-10-13 21:15:00,129
7272,LeagueOfLegends,Negative,My dopamine receptors have been fucked by the League of Legends. I can no longer play a game unless it is competitive and it feels bad.,2025-10-13 21:14:56,2025-10-13 21:15:00,135
7272,LeagueOfLegends,Negative,I can no longer play the game until it is competitive and it feels bad,2025-10-13 21:14:56,2025-10-13 21:15:00,70
7272,LeagueOfLegends,Negative,my dopamine levels have bee fucked by league of legends. i can no longer play a game unless it's competitive and it feels bad,2025-10-13 21:14:56,2025-10-13 21:15:00,125
7272,LeagueOfLegends,Negative,my dopamine receptors have been fucked by any league of crime legends. i can no really longer play a game unless it's really competitive and suddenly it feels bad,2025-10-13 21:14:56,2025-10-13 21:15:00,162
7272,LeagueOfLegends,Negative,my TV receptors have been fucked by league of legends. i can no more play this game as all's competitive and it feels bad,2025-10-13 21:14:56,2025-10-13 21:15:00,121
7273,LeagueOfLegends,Positive,well i know from being on league of legends for so long its pointless to talk back to the trolls so i just agree with them and it pisses them off,2025-10-13 21:14:56,2025-10-13 21:15:00,145
7273,LeagueOfLegends,Positive,"Well, I know there's no point being in the League of Legends for so long, talking back to the trolls, so I just agree with them and it annoys them.",2025-10-13 21:14:56,2025-10-13 21:15:00,147
7273,LeagueOfLegends,Positive,well i know from being on league of hands for so long its banker to talk back to the troops so i just agree with them and it pisses them off,2025-10-13 21:14:56,2025-10-13 21:15:00,140
7273,LeagueOfLegends,Positive,well i know from being on league of legends for so long its pointless to talk back towards the trolls why i just agree with them unless it pisses them off,2025-10-13 21:14:56,2025-10-13 21:15:00,154
7273,LeagueOfLegends,Positive,pretty well i know from being on deep league outside of legends for so damn long its pointless having to talk back to the trolls... so i just agree with them and it pisses them off,2025-10-13 21:14:56,2025-10-13 21:15:00,180
7273,LeagueOfLegends,Positive,well i know from being on league of legends something so long its impossible to talk back to the reality so i just agree with them until it pisses others off,2025-10-13 21:14:56,2025-10-13 21:15:00,157
7274,LeagueOfLegends,Irrelevant,stop this is ILLEGAL,2025-10-13 21:14:56,2025-10-13 21:15:00,20
7274,LeagueOfLegends,Irrelevant,End of story.,2025-10-13 21:14:56,2025-10-13 21:15:00,13
7274,LeagueOfLegends,Irrelevant,Stop it ILLEGALLY,2025-10-13 21:14:56,2025-10-13 21:15:00,17
7274,LeagueOfLegends,Irrelevant,stop this as ILLEGAL,2025-10-13 21:14:56,2025-10-13 21:15:00,20
7274,LeagueOfLegends,Irrelevant,stop this is needed ILLEGAL,2025-10-13 21:14:56,2025-10-13 21:15:00,27
7274,LeagueOfLegends,Irrelevant,stop everything is ILLEGAL,2025-10-13 21:14:56,2025-10-13 21:15:00,26
7275,LeagueOfLegends,Negative,Disappointed tbh.,2025-10-13 21:14:56,2025-10-13 21:15:00,17
7275,LeagueOfLegends,Negative,Disappointed tbh.,2025-10-13 21:14:56,2025-10-13 21:15:00,17
7275,LeagueOfLegends,Negative,Disappointment tbh.,2025-10-13 21:14:56,2025-10-13 21:15:00,19
7275,LeagueOfLegends,Negative,Disappointed silence.,2025-10-13 21:14:56,2025-10-13 21:15:00,21
7275,LeagueOfLegends,Negative,7 Disappointed tbh.,2025-10-13 21:14:56,2025-10-13 21:15:00,19
7275,LeagueOfLegends,Negative,anyway tbh.,2025-10-13 21:14:56,2025-10-13 21:15:00,11
7276,LeagueOfLegends,Neutral,"Likes, please!!. Love LoL? Visit us: rivenastore.com.",2025-10-13 21:14:56,2025-10-13 21:15:00,55
7276,LeagueOfLegends,Neutral,"Likes, please!!. Love LoL? Visit us at: rivenastore.com.",2025-10-13 21:14:56,2025-10-13 21:15:00,56
7276,LeagueOfLegends,Neutral,Love LoL? Visit us: rivenastore.com.,2025-10-13 21:14:56,2025-10-13 21:15:00,36
7276,LeagueOfLegends,Neutral,"Likes, please!!. In LoL? Visit him: rivenastore.com.",2025-10-13 21:14:56,2025-10-13 21:15:00,52
7276,LeagueOfLegends,Neutral,"Likes, fuck please!!. Does Love LoL? Visit for us : rivenastore. at com.",2025-10-13 21:14:56,2025-10-13 21:15:00,72
7276,LeagueOfLegends,Neutral,"Likes, please!!. What not? Visit Official: rivenastore.com.",2025-10-13 21:14:56,2025-10-13 21:15:00,59
7277,LeagueOfLegends,Neutral,"League of Legends Ranked Promo Update:. . Today’s game included a Mordekaiser who died and then afk’d. Came back 10 mins later, died again and afk’d. Then came back a few mins later, flamed and then afk’d again . . We lost the game . . :)",2025-10-13 21:14:56,2025-10-13 21:15:00,238
7277,LeagueOfLegends,Neutral,"League of Legends Ranked Promo Update:... Today's game featured a Mordecemperor who died and then disappeared again. Came back 10 minutes later, died again and disappeared again. Came back a few minutes later, ignited and then resurfaced again... We lost the game...)",2025-10-13 21:14:56,2025-10-13 21:15:00,267
7277,LeagueOfLegends,Neutral,"League of Legends Ranking Promo:.. Today's game included Mordauser who died and then afk'd. Returned after 10 minutes, died again and afk'd. Then came back a few minutes later, flared up, and then afk'd again... We lost the game...:)",2025-10-13 21:14:56,2025-10-13 21:15:00,233
7277,LeagueOfLegends,Neutral,"League of Legends 3 Promo Update:.. Our game included the Mordekaiser who died and the afk’d. Came back 10 mins before, died again and afk’d. Then came back that few mins later, flamed and then afk’d again.. We lost every game.. :)",2025-10-13 21:14:56,2025-10-13 21:15:00,231
7277,LeagueOfLegends,Neutral,"League of Poker Legends Ranked Promo Update :.. Today ’ s game included a Mordekaiser who accidentally died and and then afk ’ d. Came fire back 10 14 mins time later, died back again and and afk ’ d. Then came back a few mins later, flamed and then afk ’ d again.. and We lost finishing the game.. : )",2025-10-13 21:14:56,2025-10-13 21:15:00,302
7277,LeagueOfLegends,Neutral,"League or Legends Ranked Promo game:.. The game featured one Mordekaiser who lit something then afk’d. Came home 10 mins later, died again and afk’d. Then coming back a few mins later, flamed and then afk’d again.. We stopped the game.. :)",2025-10-13 21:14:56,2025-10-13 21:15:00,239
7278,LeagueOfLegends,Neutral,. .,2025-10-13 21:14:56,2025-10-13 21:15:00,6
7278,LeagueOfLegends,Neutral,nan,2025-10-13 21:14:56,2025-10-13 21:15:00,3
7278,LeagueOfLegends,Neutral,...,2025-10-13 21:14:56,2025-10-13 21:15:00,3
7278,LeagueOfLegends,Neutral,. 6,2025-10-13 21:14:56,2025-10-13 21:15:00,3
7278,LeagueOfLegends,Neutral,..,2025-10-13 21:14:56,2025-10-13 21:15:00,2
7278,LeagueOfLegends,Neutral,..,2025-10-13 21:14:56,2025-10-13 21:15:00,2
7279,LeagueOfLegends,Negative,nan,2025-10-13 21:14:56,2025-10-13 21:15:00,3
7279,LeagueOfLegends,Negative,It is not the first time that the EU Commission has taken such a step.,2025-10-13 21:14:56,2025-10-13 21:15:00,70
7279,LeagueOfLegends,Negative,"At the same time, despite the fact that there are currently some 100 million people living below the poverty line, most of them do not have access to health services and do not have access to health care, while most of them do not have access to health care.",2025-10-13 21:14:56,2025-10-13 21:15:00,258
7279,LeagueOfLegends,Negative,nan,2025-10-13 21:14:56,2025-10-13 21:15:00,3
7279,LeagueOfLegends,Negative,nan,2025-10-13 21:14:56,2025-10-13 21:15:00,3
7279,LeagueOfLegends,Negative,nan,2025-10-13 21:14:56,2025-10-13 21:15:00,3
7280,LeagueOfLegends,Neutral,"[LIVE] . . Phantasy Star Online 2 [ Ship 3 is my home ship now ]. .  + UNBOXING the amazing, gorgeous @LogitechG 915 TKL! Omgawhed  . . twitch.tv/djtechlive. . Clash Tournament on @LeagueOfLegends later tonight https://t.co/rQ2oMV8Rey",2025-10-13 21:14:56,2025-10-13 21:15:00,234
7280,LeagueOfLegends,Neutral,"[LIVE]... Phantasy Star Online 2 [ship 3 is now my home ship].. + UNBOXING the amazing, wonderful @ LogitechG 915 TKL! Omgawhed... twitch.tv / djtechlive.. Clash Tournament on @ LeagueOfLegends later tonight https: / / t.co / rQ2oMV8Rey",2025-10-13 21:14:56,2025-10-13 21:15:00,236
7280,LeagueOfLegends,Neutral,[LIVE]. PhD Star Online 2 [Ship 3 is my home ship now]............................,2025-10-13 21:14:56,2025-10-13 21:15:00,82
7280,LeagueOfLegends,Neutral,"[LIVE] . . Phantasy Star Online 2 [ Ship 3 is my home ship now ]. .  + UNBOXING the amazing, gorgeous RhandlerR 915 TKL! Omgawhed  . . twitch.tv/djtechlive. . Clash Tournament on RhandlerR later tonight RhttpR]",2025-10-13 21:14:56,2025-10-13 21:15:00,210
7280,LeagueOfLegends,Neutral,"Source [LIVE] . . Phantasy Star Online 2 [ Ship 3 is my home ship now ]. .  + UNBOXING the amazing, gorgeous RhandlerR 915 TKL! Omgawhed  . . twitch.tv/djtechlive. . Clash Tournament on RhandlerR later tonight RhttpR]",2025-10-13 21:14:56,2025-10-13 21:15:00,217
7280,LeagueOfLegends,Neutral,was,2025-10-13 21:14:56,2025-10-13 21:15:00,3
7281,LeagueOfLegends,Negative,This doesn't even make sense,2025-10-13 21:14:56,2025-10-13 21:15:00,28
7281,LeagueOfLegends,Negative,That doesn't even make sense,2025-10-13 21:14:56,2025-10-13 21:15:00,28
7281,LeagueOfLegends,Negative,It doesn't even make sense,2025-10-13 21:14:56,2025-10-13 21:15:00,26
7281,LeagueOfLegends,Negative,This doesn't always make sense,2025-10-13 21:14:56,2025-10-13 21:15:00,30
7281,LeagueOfLegends,Negative,This doesn't even fully make sense,2025-10-13 21:14:56,2025-10-13 21:15:00,34
7281,LeagueOfLegends,Negative,This doesn't even make a,2025-10-13 21:14:56,2025-10-13 21:15:00,24
7282,LeagueOfLegends,Positive,star guardians have incredibly messy sleep schedules.  . . rt please so i don't flop :') pic.twitter.com/DINBJst1Zz,2025-10-13 21:14:56,2025-10-13 21:15:00,115
7282,LeagueOfLegends,Positive,Star guards have incredibly chaotic sleep schedules... rt please so I don't flop: ') pic.twitter.com / DINBJst1Zz,2025-10-13 21:14:56,2025-10-13 21:15:00,113
7282,LeagueOfLegends,Positive,Star Guards have an incredibly busy sleep schedule... Please so I don't burst: ') pic.facebook.com / DINBJst1Zz,2025-10-13 21:14:56,2025-10-13 21:15:00,111
7282,LeagueOfLegends,Positive,star guardians have incredibly messy sleep schedules.  . . rt please so i don't flop :') pic.twitter.com/DINBJst1Zz,2025-10-13 21:14:56,2025-10-13 21:15:00,115
7282,LeagueOfLegends,Positive,W star guardians have incredibly messy sleep schedules.  . . rt please so i don't flop :') pic.twitter.com/DINBJst1Zz,2025-10-13 21:14:56,2025-10-13 21:15:00,117
7282,LeagueOfLegends,Positive,It,2025-10-13 21:14:56,2025-10-13 21:15:00,2
7283,LeagueOfLegends,Neutral,"I fanart @seradotwav ,she is so beautiful like Zoe  >< . .",2025-10-13 21:14:56,2025-10-13 21:15:00,60
7283,LeagueOfLegends,Neutral,"I fanart @ seradotwav, she's as beautiful as Zoe > <.",2025-10-13 21:14:56,2025-10-13 21:15:00,53
7283,LeagueOfLegends,Neutral,"I'm a fan of @ seradotwav, she's as beautiful as Zoe.",2025-10-13 21:14:56,2025-10-13 21:15:00,53
7283,LeagueOfLegends,Neutral,"I fanart @seradotwav,she is so beautiful like Zoe  >< r.",2025-10-13 21:14:56,2025-10-13 21:15:00,56
7283,LeagueOfLegends,Neutral,"I fanart to @seradotwav, she is always so beautiful like as Zoe > <..",2025-10-13 21:14:56,2025-10-13 21:15:00,69
7283,LeagueOfLegends,Neutral,"created fanart @seradotwav,she is just beautiful<unk> Zoe ><..",2025-10-13 21:14:56,2025-10-13 21:15:00,62
7284,LeagueOfLegends,Neutral,Check out my video!,2025-10-13 21:14:56,2025-10-13 21:15:00,21
7284,LeagueOfLegends,Neutral,Take a look at my video!,2025-10-13 21:14:56,2025-10-13 21:15:00,24
7284,LeagueOfLegends,Neutral,Watch my video!,2025-10-13 21:14:56,2025-10-13 21:15:00,15
7284,LeagueOfLegends,Neutral,Check here my video!,2025-10-13 21:14:56,2025-10-13 21:15:00,20
7284,LeagueOfLegends,Neutral,Check out my upcoming video!,2025-10-13 21:14:56,2025-10-13 21:15:00,28
7284,LeagueOfLegends,Neutral,Check Back my video!,2025-10-13 21:14:56,2025-10-13 21:15:00,20
7285,LeagueOfLegends,Negative,damn just want my 100lp back can’t have shit in league of legends,2025-10-13 21:14:56,2025-10-13 21:15:00,65
7285,LeagueOfLegends,Negative,I just want my 100lp back to have no shit in the League of Legends,2025-10-13 21:14:56,2025-10-13 21:15:00,66
7285,LeagueOfLegends,Negative,damn just want my 100lp back can't have shit in league of hands,2025-10-13 21:14:56,2025-10-13 21:15:00,63
7285,LeagueOfLegends,Negative,damn just want my 100lp back can’t have shit in head of legends,2025-10-13 21:14:56,2025-10-13 21:15:00,63
7285,LeagueOfLegends,Negative,damn just want back my big 100lp back can ’ t have shit in league of rock legends,2025-10-13 21:14:56,2025-10-13 21:15:00,81
7285,LeagueOfLegends,Negative,just just want my 100lp back can’t have shit so league of legends,2025-10-13 21:14:56,2025-10-13 21:15:00,65
7286,LeagueOfLegends,Negative,Fucking HATE LEAGUE OF LEGENDS,2025-10-13 21:14:56,2025-10-13 21:15:00,30
7286,LeagueOfLegends,Negative,Damn HATE LEAGUE OF LEGENDS,2025-10-13 21:14:56,2025-10-13 21:15:00,27
7286,LeagueOfLegends,Negative,Fucking HATE LEAGUE OF LEGENDS,2025-10-13 21:14:56,2025-10-13 21:15:00,30
7286,LeagueOfLegends,Negative,Fucking THE LEAGUE OF LEGENDS,2025-10-13 21:14:56,2025-10-13 21:15:00,29
7286,LeagueOfLegends,Negative,Fucking HATE LEAGUE ONE OF TO LEGENDS,2025-10-13 21:14:56,2025-10-13 21:15:00,37
7286,LeagueOfLegends,Negative,Fucking T LEAGUE G LEGENDS,2025-10-13 21:14:56,2025-10-13 21:15:00,26
7287,LeagueOfLegends,Positive,Ashe the Frost Archer is almost as strong as Draven.. . Attack: . . Defense: . . Magic: . . Difficulty: . . .,2025-10-13 21:14:56,2025-10-13 21:15:00,111
7287,LeagueOfLegends,Positive,Ashe the Frost Archer is almost as strong as Draven... Attack:.. Defense:... Magic:... Difficulty:...,2025-10-13 21:14:56,2025-10-13 21:15:00,101
7287,LeagueOfLegends,Positive,Ash the Frosty Archer is almost as strong as Draven.. Attack:. Defense:. Magic:. Difficulty:...,2025-10-13 21:14:56,2025-10-13 21:15:00,95
7287,LeagueOfLegends,Positive,Ashe the Frost Archer is almost as strong as Draven... Attack:.. Technique:?. Magic:.. Offense:...,2025-10-13 21:14:56,2025-10-13 21:15:00,98
7287,LeagueOfLegends,Positive,Ashe or the Frost Archer is sometimes almost half as incredibly strong as Dragon Draven... Combat Attack :.. Defense :.. Magic :..... Difficulty :...,2025-10-13 21:14:56,2025-10-13 21:15:00,149
7287,LeagueOfLegends,Positive,and the Frost Archer is written as much on I... Attack:.. Defense:.. Song:.. Combat:...,2025-10-13 21:14:56,2025-10-13 21:15:00,87
7288,LeagueOfLegends,Neutral,Fuck this. Listen to me: FUCK. THIS. Tons of fucking IP you were REQUIRED to spend just for stats or you couldn't play the game well. Nothing more. Thank Phreak for the new runes,2025-10-13 21:14:56,2025-10-13 21:15:00,178
7288,LeagueOfLegends,Neutral,"Listen to me: FICK. THIS. Tons of damn IP that you just had to spend on statistics, otherwise you couldn't play the game well. No more. Thanks Phreak for the new runes.",2025-10-13 21:14:56,2025-10-13 21:15:00,168
7288,LeagueOfLegends,Neutral,Fuck this. Listen to me: FUCK. THIS. Tons of fucking IP you were REQUIRED to spend just for stats or you couldn't play the game well. Nothing more. Thank Pheak for the new runs,2025-10-13 21:14:56,2025-10-13 21:15:00,176
7288,LeagueOfLegends,Neutral,Fuck this. Listen... me: FUCK. THIS. Tons of fucking IP you were REQUIRED – spend just for stats or you couldn't play the game afterwards. Nothing more. Thank Phreak for the new runes,2025-10-13 21:14:56,2025-10-13 21:15:00,183
7288,LeagueOfLegends,Neutral,48 Fuck this. Listen to for me : FUCK. THIS. Tons of fucking IP you were REQUIRED had to spend that just for stats of or so you couldn't always play the game well. 4 Nothing more. Thank that Phreak again for the new runes,2025-10-13 21:14:56,2025-10-13 21:15:00,221
7288,LeagueOfLegends,Neutral,Fuck this. Listen to me: FUCK. THIS. Tons of lost IP you just REQUIRED to lose just for stats or you couldn't play but fuck anything. Nothing happened. Thank Phreak for the new runes,2025-10-13 21:14:56,2025-10-13 21:15:00,182
7289,LeagueOfLegends,Neutral,made a smol little piece to celebrate my team's victory in being in the top 3 of Clash for @LeagueOfLegends .  pic.twitter.com/VLYISfScqt,2025-10-13 21:14:56,2025-10-13 21:15:00,137
7289,LeagueOfLegends,Neutral,made a little smooch to celebrate my team's victory in the Top 3 of Clash for @ LeagueOfLegends. pic.twitter.com / VLYISfScqt,2025-10-13 21:14:56,2025-10-13 21:15:00,125
7289,LeagueOfLegends,Neutral,made a little piece of pitch to celebrate my team's victory in the top 3 Clash for @ LeagueOfLegends. pic.facebook.com / VLYISfScqt,2025-10-13 21:14:56,2025-10-13 21:15:00,131
7289,LeagueOfLegends,Neutral,made a smol little piece to celebrate my team's victory in being in the top 3 of Clash for RhandlerR .  pic.twitter.com/VLYISfScqt,2025-10-13 21:14:56,2025-10-13 21:15:00,130
7289,LeagueOfLegends,Neutral,or made a smol little piece to celebrate my team's victory in being in the top 3 of Clash for RhandlerR .  pic.twitter.com/VLYISfScqt,2025-10-13 21:14:56,2025-10-13 21:15:00,133
7289,LeagueOfLegends,Neutral,the,2025-10-13 21:14:56,2025-10-13 21:15:00,3
7290,LeagueOfLegends,Neutral,"Loltober day 10- favorite duo:. . I didn't understood that well so i decided to Go with my favorite combo in the game, poppy+trundle :^). .  .",2025-10-13 21:14:56,2025-10-13 21:15:00,144
7290,LeagueOfLegends,Neutral,"LolOctober Day 10 - Favorite Duo:... I did not understand this so well, so I chose my favorite combo in the game, Poppy + Trundle: ^)..",2025-10-13 21:14:56,2025-10-13 21:15:00,135
7290,LeagueOfLegends,Neutral,"LolOctober day 10- favorite duet:... I did not understand that so i decided to Go with my favorite combo in the game, pfbly + trundle: ^)....",2025-10-13 21:14:56,2025-10-13 21:15:00,141
7290,LeagueOfLegends,Neutral,"Loltober day<unk>- favorite duo:.. He didn't understood very well so i decided to Go with my favorite combo in the game, poppy+trundle :^). / .",2025-10-13 21:14:56,2025-10-13 21:15:00,143
7290,LeagueOfLegends,Neutral,"Loltober day number 10 - favorite duo :.. I didn't always understood half that sentence well so i I decided to Go with i my most favorite combo in the final game, now poppy + trundle : ^ )...",2025-10-13 21:14:56,2025-10-13 21:15:00,191
7290,LeagueOfLegends,Neutral,"<unk> day 7- favorite duo:.. Mine do't hang that well so i decided to Go play my favorite combo in my game, poppy+trundle :<unk>)...",2025-10-13 21:14:56,2025-10-13 21:15:00,132
7291,LeagueOfLegends,Negative,@LeagueOfLegends ya know poppy bug killing the game right now right? disable that shit,2025-10-13 21:14:56,2025-10-13 21:15:00,86
7291,LeagueOfLegends,Negative,@ LeagueOfLegends ya know poppy bug killing the game right now?,2025-10-13 21:14:56,2025-10-13 21:15:00,63
7291,LeagueOfLegends,Negative,@ LeagueOfLegends ya know py bug killing the game right now right? disable that shit,2025-10-13 21:14:56,2025-10-13 21:15:00,84
7291,LeagueOfLegends,Negative,@LeagueOfLegends ya know poppy bug killing the industry right now right? disable that shit,2025-10-13 21:14:56,2025-10-13 21:15:00,90
7291,LeagueOfLegends,Negative,@LeagueOfLegends ya know no poppy bug killing the game right for now again right? Hell disable that shit,2025-10-13 21:14:56,2025-10-13 21:15:00,104
7291,LeagueOfLegends,Negative,that ya know poppy bug killing the game right now right? disable that now,2025-10-13 21:14:56,2025-10-13 21:15:00,73
7292,LeagueOfLegends,Neutral,Twitch.tv/1trickporo. LIVE 6pm AEST. IT'S GONG TIME!.,2025-10-13 21:14:56,2025-10-13 21:15:00,55
7292,LeagueOfLegends,Neutral,Twitch.tv / 1trickporo. LIVE 6pm AEST. ES GONG TIME!.,2025-10-13 21:14:56,2025-10-13 21:15:00,53
7292,LeagueOfLegends,Neutral,TV / 1trickporo. LIVE 6pm AEST. IT'S GONG TIME!.,2025-10-13 21:14:56,2025-10-13 21:15:00,48
7292,LeagueOfLegends,Neutral,Twitch.tv/1trickporo. LIVE 500 PT. IT'S GONG TIME!.,2025-10-13 21:14:56,2025-10-13 21:15:00,51
7292,LeagueOfLegends,Neutral,Twitch. tv / via 1trickporo. AS LIVE 6pm P AEST. ONE IT'D S AND GONG TIME!.,2025-10-13 21:14:56,2025-10-13 21:15:00,75
7292,LeagueOfLegends,Neutral,mine.tv/1trickporo. LIVE IT 8. IT'S GONG TIME!.,2025-10-13 21:14:56,2025-10-13 21:15:00,47
7293,LeagueOfLegends,Positive,Getting down on some hecka-gaming via the amazing world of League of Legends!. . Thirsty Thursdays - Let's SLAM!! [!COMMANDS][!MURICA]. . twitch.tv/Shawaine,2025-10-13 21:14:56,2025-10-13 21:15:00,156
7293,LeagueOfLegends,Positive,Down from Hecka-Gaming through the fantastic world of League of Legends!.. Thirsty Thursday - Let's SLAM!! [! COMMANDS] [! MURICA].. twitch.tv / Shawaine,2025-10-13 21:14:56,2025-10-13 21:15:00,153
7293,LeagueOfLegends,Positive,Engaging in some haka-gambling through the amazing world of League of Legends!... Thursday's Thirst - Let's SLAM!! [! COMMANDS] [! MURICA].................................................................................................................................,2025-10-13 21:14:56,2025-10-13 21:15:00,267
7293,LeagueOfLegends,Positive,Getting down on some hecka-gaming via the amazing world of League of Legends!. . Thirsty Thursdays - Let's SLAM!! [!COMMANDS][!MURICA]. . twitch.tv/Shawaine,2025-10-13 21:14:56,2025-10-13 21:15:00,156
7293,LeagueOfLegends,Positive,or Getting down on some hecka-gaming via the amazing world of League of Legends!. . Thirsty Thursdays - Let's SLAM!! [!COMMANDS][!MURICA]. . twitch.tv/Shawaine,2025-10-13 21:14:56,2025-10-13 21:15:00,159
7293,LeagueOfLegends,Positive,at,2025-10-13 21:14:56,2025-10-13 21:15:00,2
7294,LeagueOfLegends,Neutral,Check out my video!,2025-10-13 21:14:56,2025-10-13 21:15:00,21
7294,LeagueOfLegends,Neutral,Take a look at my video!,2025-10-13 21:14:56,2025-10-13 21:15:00,24
7294,LeagueOfLegends,Neutral,Watch my video!,2025-10-13 21:14:56,2025-10-13 21:15:00,15
7294,LeagueOfLegends,Neutral,Check out new video!,2025-10-13 21:14:56,2025-10-13 21:15:00,20
7294,LeagueOfLegends,Neutral,Check out of my video!,2025-10-13 21:14:56,2025-10-13 21:15:00,22
7294,LeagueOfLegends,Neutral,Check<unk> my video!,2025-10-13 21:14:56,2025-10-13 21:15:00,20
7295,LeagueOfLegends,Irrelevant,do not make the same mistake i have made...my brain is leaking through my nose,2025-10-13 21:14:56,2025-10-13 21:15:00,78
7295,LeagueOfLegends,Irrelevant,Don't make the same mistake I made... my brain seeps through my nose,2025-10-13 21:14:56,2025-10-13 21:15:00,68
7295,LeagueOfLegends,Irrelevant,don't make the same mistake I made... my brain seeps through my nose,2025-10-13 21:14:56,2025-10-13 21:15:00,68
7295,LeagueOfLegends,Irrelevant,do not make the same mistake i have made...my brain is leaking through my bra,2025-10-13 21:14:56,2025-10-13 21:15:00,77
7295,LeagueOfLegends,Irrelevant,to don't make the same same mistake i really have made... my brain is leaking through my nose,2025-10-13 21:14:56,2025-10-13 21:15:00,93
7295,LeagueOfLegends,Irrelevant,do not make the same mistake i have made...my water was leaking through a nose,2025-10-13 21:14:56,2025-10-13 21:15:00,78
7297,LeagueOfLegends,Negative,League of legends sucks.,2025-10-13 21:14:56,2025-10-13 21:15:00,24
7297,LeagueOfLegends,Negative,League of Legends sucks.,2025-10-13 21:14:56,2025-10-13 21:15:00,24
7297,LeagueOfLegends,Negative,The League of Gentlemen sucks.,2025-10-13 21:14:56,2025-10-13 21:15:00,30
7297,LeagueOfLegends,Negative,League of legends<unk>.,2025-10-13 21:14:56,2025-10-13 21:15:00,23
7297,LeagueOfLegends,Negative,League of light legends sucks.,2025-10-13 21:14:57,2025-10-13 21:15:00,30
7297,LeagueOfLegends,Negative,League Hockey legends sucks.,2025-10-13 21:14:57,2025-10-13 21:15:00,28
7298,LeagueOfLegends,Negative,"the way ur ranked system works is fucking ATROCIOUS, HORRENDOUS, DISGUSTING, PERPLEXING, AND BAFFLING. WHY PUT ME AGAINST GOLDS WHEN MY RANK IS BRONZE 3. HOW AM I SUPPOSED TO CLIMB WHEN I'M GOING PEOPLE THAT ARENT MY RANK? @LeagueOfLegends",2025-10-13 21:14:57,2025-10-13 21:15:00,239
7298,LeagueOfLegends,Negative,"The way our ranking system works is damned ATROZIO, HORRENDOUS, DISGUSTING, PERPLEXING and BAFFLING. WHY TO GOLD ME AGAINST IF MY RANK IS BRONZE 3. HOW HAVE I CLOSED IF I PEOPLE THAT I COME MY RANK? @ LeagueOfLegends",2025-10-13 21:14:57,2025-10-13 21:15:00,216
7298,LeagueOfLegends,Negative,WHY ARE I AGAINST GOLD WHEN MY RANK BRONZE 3. HOW do I SUPPORT A CLIMB WHEN I go PEOPLE WHAT ARE MY RANK? @ LeagueOfLegends,2025-10-13 21:14:57,2025-10-13 21:15:00,123
7298,LeagueOfLegends,Negative,"the way ur ranked system works is fucking ATROCIOUS, HORRENDOUS, DISGUSTING, PERPLEXING, AND BAFFLING. WHY START ME AGAINST GOLDS WHEN LAST TYPE IS BRONZE CLASS. WHAT AM I PAY BY CLIMB WHEN I'M GOING TO THAT ARENT MY RANK? @LeagueOfLegends",2025-10-13 21:14:57,2025-10-13 21:15:00,239
7298,LeagueOfLegends,Negative,"That the way an ur ranked system works is fucking ATROCIOUS, but HORRENDOUS, DISGUSTING, But PERPLEXING, AND BAFFLING. 1 WHY PUT ME AGAINST GOLDS IS WHEN much MY RANK IS AT BRONZE 3. HOW AM I SUPPOSED TO CLIMB WHEN that I'M GOING PEOPLE THAT WHO ARENT MY RANK? @LeagueOfLegends",2025-10-13 21:14:57,2025-10-13 21:15:00,277
7298,LeagueOfLegends,Negative,"the ways ur ranked system works is HOW ATROCIOUS, HORRENDOUS, DISGUSTING, PERPLEXING, AND SO. CAN I ME IN GOLDS WHEN MY RANK IS BRONZE ONLY. HOW AM I SUPPOSED TO CLIMB THAT THAT'M GOING IN THAT ARENT MY RANK? @LeagueOfLegends",2025-10-13 21:14:57,2025-10-13 21:15:00,225
7299,LeagueOfLegends,Irrelevant,Congratulations to our very own @JulienMid and @Value247 for being selected on Team @Yassuo for the upcoming League of Legends Twitch Rivals! . . . Will Value secure the three-peat? Will Julien pick up his first championship? Find out next week! . . .,2025-10-13 21:14:57,2025-10-13 21:15:00,253
7299,LeagueOfLegends,Irrelevant,Congratulations to our own @ JulienMid and @ Value247 who have been selected on Team @ Yassuo for the upcoming League of Legends Twitch Rivals!... Will Value secure the three-peat? Will Julien win his first championship? Find out next week!..,2025-10-13 21:14:57,2025-10-13 21:15:00,242
7299,LeagueOfLegends,Irrelevant,Congratulations to our own @ JulienMid and @ Value247 for being selected by @ Yassuo for the upcoming League of Legends and Rivals!.. Can Value secure a triple pit stop? Can Julien win his first championship? Find out next week!..,2025-10-13 21:14:57,2025-10-13 21:15:00,230
7299,LeagueOfLegends,Irrelevant,Congratulations to our very own @JulienMid and @Value247 for were selected on Team @Yassuo for the upcoming League of Legends Twitch Awards!... Will Value secure the three-peat? Will Julien wrap up his ninth championship? Find out all week!...,2025-10-13 21:14:57,2025-10-13 21:15:00,243
7299,LeagueOfLegends,Irrelevant,Congratulations to our very own @JulienMid and their @Value247 for being selected on Team @Yassuo for the now upcoming Legends League... of Legends Twitch Rivals!... Will Value secure the three - peat? And Will Julien pick up again his first WWE championship? Find him out the next damn week!...,2025-10-13 21:14:57,2025-10-13 21:15:00,295
7299,LeagueOfLegends,Irrelevant,Congratulations to those very good guys and @JulienMid for being selected in Team @Value247 for the upcoming Tournament of Legends or Rivals!... Will Jessica secure the three-peat? Will Julien pick in his first championship? Ask them next week!...,2025-10-13 21:14:57,2025-10-13 21:15:00,247
7300,LeagueOfLegends,Negative,@LeagueOfLegends if these changes to the items hit the live servers i am done after 6 years with the game. These changes are exactely like what Epic did to Fortnite. I am sure there are many other players agreeing with me. Tested pbe myself and it was horrible and a full disaster,2025-10-13 21:14:57,2025-10-13 21:15:00,280
7300,LeagueOfLegends,Negative,"@ LeagueOfLegends When these changes to items affect the live servers, I'm done with the game after 6 years. These changes are very similar to what Epic Fortnite did. I'm sure there are many other players who agree with me.",2025-10-13 21:14:57,2025-10-13 21:15:00,223
7300,LeagueOfLegends,Negative,"@ LeagueOfLegends, if these changes to the elements get to live servers, I'll do it in 6 years with the game. These changes are exactly what Epic did with Onyte. I'm sure there are many other players who agree with me.",2025-10-13 21:14:57,2025-10-13 21:15:00,218
7300,LeagueOfLegends,Negative,@LeagueOfLegends if stupid changes to the game hit the major servers i become done after 6 years with the game. These changes are exactely like what Epic did to Fortnite. I am sure ther are many other players agreeing with me. Tested pbe myself and it was horrible and almost full disaster,2025-10-13 21:14:57,2025-10-13 21:15:00,289
7300,LeagueOfLegends,Negative,Contact @LeagueOfLegends if these changes to the new items hit the live virtual servers i am done after 6 years with the game. Also These unique changes are exactely like what Epic did to Fortnite. I am fairly sure there are many other players agreeing with this me. Tested pbe for myself and it was horrible and about a full game disaster,2025-10-13 21:14:57,2025-10-13 21:15:00,339
7300,LeagueOfLegends,Negative,"@LeagueOfLegends has any changes to the model hit the last page i am done my 6 years with the game. These changes are exactely like what Epic did to Fortnite. I am sure there are 50,000 other players agreeing with me. Tested on myself and it was horrible and a computer disaster",2025-10-13 21:14:57,2025-10-13 21:15:00,278
7301,LeagueOfLegends,Neutral,is league of legends finally illegal?,2025-10-13 21:14:57,2025-10-13 21:15:00,37
7301,LeagueOfLegends,Neutral,Is League of Legends finally illegal?,2025-10-13 21:14:57,2025-10-13 21:15:00,37
7301,LeagueOfLegends,Neutral,Is the Champions League finally illegal?,2025-10-13 21:14:57,2025-10-13 21:15:00,40
7301,LeagueOfLegends,Neutral,is league of lawyers finally illegal?,2025-10-13 21:14:57,2025-10-13 21:15:00,37
7301,LeagueOfLegends,Neutral,is league of old legends finally illegal?,2025-10-13 21:14:57,2025-10-13 21:15:00,41
7301,LeagueOfLegends,Neutral,is league of legends football illegal?,2025-10-13 21:14:57,2025-10-13 21:15:00,38
7302,LeagueOfLegends,Neutral,Top Best Laptop For League of Legends. . toptechstuff.com/best-laptop-fo…,2025-10-13 21:14:57,2025-10-13 21:15:00,73
7302,LeagueOfLegends,Neutral,Top Best Laptop For League of Legends.. toptechstuff.com / best-laptop-fo...,2025-10-13 21:14:57,2025-10-13 21:15:00,76
7302,LeagueOfLegends,Neutral,Top Best / top For League of Legends... toptechstuff.com / best-laptop-best...,2025-10-13 21:14:57,2025-10-13 21:15:00,78
7302,LeagueOfLegends,Neutral,Top Best Laptop For Game of Legends..<unk>.com/best-laptop-fo…,2025-10-13 21:14:57,2025-10-13 21:15:00,62
7302,LeagueOfLegends,Neutral,Top Best Laptop Buy For League League of Legends.. on toptechstuff. com / best - brand laptop - fo html …,2025-10-13 21:14:57,2025-10-13 21:15:00,105
7302,LeagueOfLegends,Neutral,Top Flat Ball For League of Legends.. net.com/best-laptop-fo...,2025-10-13 21:14:57,2025-10-13 21:15:00,63
7303,LeagueOfLegends,Negative,Just faced the Blindness status in,2025-10-13 21:14:57,2025-10-13 21:15:00,36
7303,LeagueOfLegends,Negative,Confronted only with the blindness status,2025-10-13 21:14:57,2025-10-13 21:15:00,41
7303,LeagueOfLegends,Negative,Simply faced with the status of blindness in,2025-10-13 21:14:57,2025-10-13 21:15:00,44
7303,LeagueOfLegends,Negative,Just under the Blindness status in,2025-10-13 21:14:57,2025-10-13 21:15:00,34
7303,LeagueOfLegends,Negative,Just faced for the Blindness status in,2025-10-13 21:14:57,2025-10-13 21:15:00,38
7303,LeagueOfLegends,Negative,Just faced with Blindness status in,2025-10-13 21:14:57,2025-10-13 21:15:00,35
7304,LeagueOfLegends,Positive,Nonbinary and very tired usually but this is still the best league of legends art tbh.,2025-10-13 21:14:57,2025-10-13 21:15:00,86
7304,LeagueOfLegends,Positive,"Not binary and very tired usually, but this is still the best league of legends art tbh.",2025-10-13 21:14:57,2025-10-13 21:15:00,88
7304,LeagueOfLegends,Positive,"Nonbinary and very tired usually, but it is still the best league of modern art tbh.",2025-10-13 21:14:57,2025-10-13 21:15:00,84
7304,LeagueOfLegends,Positive,Nonbinary and very tired usually but this is still probably best league of legends art tbh.,2025-10-13 21:14:57,2025-10-13 21:15:00,91
7304,LeagueOfLegends,Positive,Nonbinary and very tired usually not but this is still the best playing league of the legends art in tbh.,2025-10-13 21:14:57,2025-10-13 21:15:00,105
7304,LeagueOfLegends,Positive,13 and very tired usually but music is still really best league of legends art tbh.,2025-10-13 21:14:57,2025-10-13 21:15:00,83
7305,LeagueOfLegends,Positive,Loving these pro scrims incentives,2025-10-13 21:14:57,2025-10-13 21:15:00,36
7305,LeagueOfLegends,Positive,Love these incentives per scrims,2025-10-13 21:14:57,2025-10-13 21:15:00,32
7305,LeagueOfLegends,Positive,Loyalty to these arguments stimulates,2025-10-13 21:14:57,2025-10-13 21:15:00,37
7305,LeagueOfLegends,Positive,Loving these pro<unk> incentives,2025-10-13 21:14:57,2025-10-13 21:15:00,32
7305,LeagueOfLegends,Positive,To Loving these pro scrims incentives,2025-10-13 21:14:57,2025-10-13 21:15:00,37
7305,LeagueOfLegends,Positive,Loving California pro scrims incentives,2025-10-13 21:14:57,2025-10-13 21:15:00,39
7306,LeagueOfLegends,Neutral,@IngameLeader is a social enterprise that uses esports to help at-risk-youth 'get off the streets' & improve their mental health 🥰 - Throw some love their way by following them!,2025-10-13 21:14:57,2025-10-13 21:15:00,180
7306,LeagueOfLegends,Neutral,"@ IngameLeader is a social enterprise that helps vulnerable young people \"get off the streets\" and improve their mental health - throw a few loved ones their way by following them!",2025-10-13 21:14:57,2025-10-13 21:15:00,180
7306,LeagueOfLegends,Neutral,"@ IngameLeader is a social enterprise that uses espionage to help at-risk youth \"get off the streets\" and improve their mental health.",2025-10-13 21:14:57,2025-10-13 21:15:00,134
7306,LeagueOfLegends,Neutral,@IngameLeader - a social enterprise that uses esports to help at-risk-youth 'get off the streets' & improve their mental health 🥰 - And some love their ways without following them!,2025-10-13 21:14:57,2025-10-13 21:15:00,180
7306,LeagueOfLegends,Neutral,@IngameLeader is today a social enterprise platform that often uses esports education to help at - risk - youth'get kicked off the streets'& improve their mental internal health [UNK] - Throw some love their way by following amongst them!,2025-10-13 21:14:57,2025-10-13 21:15:00,238
7306,LeagueOfLegends,Neutral,@IngameLeader is a social network that uses esports to encourage at-risk-youth 'get to the streets' & increase their mental health <unk> - Throw Your love their way by sponsoring them!,2025-10-13 21:14:57,2025-10-13 21:15:00,184
7307,LeagueOfLegends,Irrelevant,It still feels so unreal for me but we made it. Gg @SINNERS_ESPORTS,2025-10-13 21:14:57,2025-10-13 21:15:00,67
7307,LeagueOfLegends,Irrelevant,"It still feels so unreal to me, but we made it. Gg @ SINNERS _ ESPORTS",2025-10-13 21:14:57,2025-10-13 21:15:00,70
7307,LeagueOfLegends,Irrelevant,"I still think it's unreal, but we did. Gg @ SINNERS _ ORTS",2025-10-13 21:14:57,2025-10-13 21:15:00,58
7307,LeagueOfLegends,Irrelevant,It still feels so unreal for me but i made it. Gg @SINNERS_ESPORTS,2025-10-13 21:14:57,2025-10-13 21:15:00,66
7307,LeagueOfLegends,Irrelevant,It still feels so unreal seeing for me anymore but we made it. Gg a @SINNERS_ESPORTS,2025-10-13 21:14:57,2025-10-13 21:15:00,84
7307,LeagueOfLegends,Irrelevant,It still feels so unreal for adults but but made it. Gg @SINNERS_ESPORTS,2025-10-13 21:14:57,2025-10-13 21:15:00,72
7308,LeagueOfLegends,Neutral,wow my bro rlly is being a piss baby and disconecting everyone else's internet with selfishnet bc he can't play league of legends huh,2025-10-13 21:14:57,2025-10-13 21:15:00,133
7308,LeagueOfLegends,Neutral,wow my bro rlly is a piss baby and discounts the internet of everyone else with selfish web bc he can not play League of Legends huh,2025-10-13 21:14:57,2025-10-13 21:15:00,132
7308,LeagueOfLegends,Neutral,wow my bro rlly is being a piss baby and disconnecting everyone's internet with selfishnet bc he can't play league of hugs huh,2025-10-13 21:14:57,2025-10-13 21:15:00,126
7308,LeagueOfLegends,Neutral,wow my bro rlly is being a piss<unk> and disconecting people else's internet with selfishnet bc he can't play league against legends huh,2025-10-13 21:14:57,2025-10-13 21:15:00,136
7308,LeagueOfLegends,Neutral,wow my bro b rlly dad is being a complete piss baby ass and disconecting everyone else's popular internet conversation with selfishnet bc he can't play this league of legends huh,2025-10-13 21:14:57,2025-10-13 21:15:00,178
7308,LeagueOfLegends,Neutral,wow my bro rlly is being this piss baby and taking everyone girlfriend's time with selfishnet bc he can't play house of legends huh,2025-10-13 21:14:57,2025-10-13 21:15:00,131
7309,LeagueOfLegends,Positive,Yo @RiotSupport sure u did not want to release Yone a few years ago?. Cause Yone is dabbing while running with Homeguards.. .  .  .,2025-10-13 21:14:57,2025-10-13 21:15:00,133
7309,LeagueOfLegends,Positive,Yo @ RiotSupport sure you didn't want to release Yone a few years ago?. Because Yone dabs while walking with Homeguards...,2025-10-13 21:14:57,2025-10-13 21:15:00,122
7309,LeagueOfLegends,Positive,Yo @ RiotSupport sure u didn't want to release Yone a few years ago?.,2025-10-13 21:14:57,2025-10-13 21:15:00,69
7309,LeagueOfLegends,Positive,Yo @RiotSupport sure u did not want to release Yone a few moment ago?. Cause Yone is dabbing while reading his Homeguards... . .,2025-10-13 21:14:57,2025-10-13 21:15:00,128
7309,LeagueOfLegends,Positive,No Yo @RiotSupport sure when u You did not want to release Yone a full few years just ago?. Cause now Yone is dabbing while running with The Homeguards.....,2025-10-13 21:14:57,2025-10-13 21:15:00,156
7309,LeagueOfLegends,Positive,the @RiotSupport sure u might not want to release Yone a few levels but?. Cause Yone kept dabbing while running with an.....,2025-10-13 21:14:57,2025-10-13 21:15:00,124
7310,LeagueOfLegends,Positive,"@KDA_MUSIC x WINX CLUB - ALL OUT. . FINALLY, THE SERIES IS NOW FINISHED. I had so much fun doing all four of them, I'm planning to get all of the skins as soon as they get released. this comeback will be a banger for sure. Hopefully y'all like this!",2025-10-13 21:14:57,2025-10-13 21:15:00,251
7310,LeagueOfLegends,Positive,"@ KDA _ MUSIC x WINX CLUB - EVERYTHING OFF.. FINALLY, THE SERIES IS FINAL NOW. I had so much fun doing all four of them, I plan to get all skins as soon as they are released. this comeback is sure to be a blast. Hopefully everyone will!",2025-10-13 21:14:57,2025-10-13 21:15:00,236
7310,LeagueOfLegends,Positive,"@ KDA _ MUSIC x WINX CLUB - ALL OUT.. FINALLY, THE SERGS IS NOW FINISHED. I had so much fun doing all of them, I'm planning to get all of the skins as soon as they get ased. this comeback will be a banger for sure. Hope y'all like this!",2025-10-13 21:14:57,2025-10-13 21:15:00,236
7310,LeagueOfLegends,Positive,"@KDA_MUSIC<unk> WINX CLUB ITS ALL OUT.<unk> FINALLY, THE SERIES IS NOW FINISHED. I had so much fun doing all four of them, I'm going will get all of our skins as soon as they get released. this comeback will be a banger for sure. Hopefully y'all like this!",2025-10-13 21:14:57,2025-10-13 21:15:00,256
7310,LeagueOfLegends,Positive,"@KDA_MUSIC 1 x WINX CLUB - ALL OUT.. FINALLY, AS THE SERIES IS NOW FINISHED. Now I had quite so much fun doing all four sets of them, I'm planning just to even get all of him the skins as soon as they get released. this comeback will still be a party banger for sure. Hopefully y'all like this!",2025-10-13 21:14:57,2025-10-13 21:15:00,294
7310,LeagueOfLegends,Positive,"<unk> x WINX CLUB - ALL OUT.. FINALLY, THE M AND NOW FINISHED. I had so thoroughly fun reviewing all four of them, I'm planning to get all of the skins as soon as both are released. this comeback will complete the banger for many. Hopefully y'all like this!",2025-10-13 21:14:57,2025-10-13 21:15:00,257
7311,LeagueOfLegends,Negative,worse than playing league of legends 7 straight hours,2025-10-13 21:14:57,2025-10-13 21:15:00,53
7311,LeagueOfLegends,Negative,Worse than playing League of Legends for 7 hours in a row,2025-10-13 21:14:57,2025-10-13 21:15:00,57
7311,LeagueOfLegends,Negative,worse than playing in the league seven hours in a row,2025-10-13 21:14:57,2025-10-13 21:15:00,53
7311,LeagueOfLegends,Negative,worse than playing league of legends 7 straight years,2025-10-13 21:14:57,2025-10-13 21:15:00,53
7311,LeagueOfLegends,Negative,Not worse than playing league of legends 7 straight hours,2025-10-13 21:14:57,2025-10-13 21:15:00,57
7311,LeagueOfLegends,Negative,worse than playing league of legends 7 60 hours,2025-10-13 21:14:57,2025-10-13 21:15:00,47
7312,LeagueOfLegends,Positive,In just over an hour it will be my favorite day of the year. League of Legends Worlds Finals. This is it. This is what I’ve been waiting all of 2020 for. All my hopes for this year having a decent end are riding on this game in 7 hours,2025-10-13 21:14:57,2025-10-13 21:15:00,235
7312,LeagueOfLegends,Positive,"In just over an hour, it will be my favorite day of the year. League of Legends Worlds Finals. That's it. That's what I've been waiting for all year 2020. All my hopes for a decent finish this year are pinned on this game in 7 hours.",2025-10-13 21:14:57,2025-10-13 21:15:00,233
7312,LeagueOfLegends,Positive,"In an hour, it will be my favorite day of the year. League of Legends World Final. That's all. That's what I've been waiting for all of 2020.",2025-10-13 21:14:57,2025-10-13 21:15:00,141
7312,LeagueOfLegends,Positive,In about over and hour it will be my favorite day of the year. League of Legends Weekend Finals. This is it. This is what I’ve started waiting all of 2020 for. All my hopes for this year being a decent end are riding on this game in 7 hours,2025-10-13 21:14:57,2025-10-13 21:15:00,240
7312,LeagueOfLegends,Positive,In just over an hour it likely will really be my favorite day of off the year. League of Basketball Legends 2014 Worlds Finals. This is totally it. This is what I ’ ve been waiting nearly all of 2020 for. All my hopes for playing this year having a pretty decent front end are riding on this game in 7 hours,2025-10-13 21:14:57,2025-10-13 21:15:00,307
7312,LeagueOfLegends,Positive,In just over an hour it gonna be my favorite day of the year. League of Legends Worlds Finals. This is it. This what I had been waiting all of 2020 for. All my hopes for a year having a decent end are riding on this night in 1<unk>,2025-10-13 21:14:57,2025-10-13 21:15:00,231
7313,LeagueOfLegends,Neutral,Ever heared the legendary tale of the Korean Grandmaster support Teemo? @LeagueOfLegends . Streaming live at:. twitch.tv/exploreforce. .,2025-10-13 21:14:57,2025-10-13 21:15:00,138
7313,LeagueOfLegends,Neutral,Ever heard the legendary story of Korean grandmaster Teemo? @ LeagueOfLegends. Live streaming at. twitch.tv / exploreforce.,2025-10-13 21:14:57,2025-10-13 21:15:00,123
7313,LeagueOfLegends,Neutral,Ever heated up the legendary tale of support for Korean grandmaster Teemo? @ LeagueOfLegends. Live stream at. tch.tv / exploreforce.,2025-10-13 21:14:57,2025-10-13 21:15:00,132
7313,LeagueOfLegends,Neutral,Ever heared the legendary tale of the Korean Grandmaster support Teemo? RhandlerR . Streaming live at:. twitch.tv/exploreforce. .,2025-10-13 21:14:57,2025-10-13 21:15:00,131
7313,LeagueOfLegends,Neutral,The Ever heared the legendary tale of the Korean Grandmaster support Teemo? RhandlerR . Streaming live at:. twitch.tv/exploreforce. .,2025-10-13 21:14:57,2025-10-13 21:15:00,135
7313,LeagueOfLegends,Neutral,is,2025-10-13 21:14:57,2025-10-13 21:15:00,2
7314,LeagueOfLegends,Neutral,"Guys seriously start realizing league of legends is a TEAMGAME and it starts in champ selection, even in SoloQueue.. . Talking about the hovered picks and teamcomps is not toxic, not uncalled for & not stupid, and you cant say \"let him play what he wants or dodge\" cuz thats stupid",2025-10-13 21:14:57,2025-10-13 21:15:00,281
7314,LeagueOfLegends,Neutral,"Guys are starting to seriously realize that League of Legends is a TEAM GAME and it starts in Champions selection, even in SoloQueue... Talking about the pending picks and team comps is not toxic, not inappropriate and not stupid, and you can't say \"let him play what he wants or dodge\" because that's stupid.",2025-10-13 21:14:57,2025-10-13 21:15:00,309
7314,LeagueOfLegends,Neutral,"Guys are seriously starting to understand that the Champions League is a TEAMHEAM, and it starts with the selection of players, even at Celtic. Talk about savvy picks and teams is not toxic, not for nothing and not stupid, and you can't say \"let him play what he wants or evade\" because it's stupid.",2025-10-13 21:14:57,2025-10-13 21:15:00,299
7314,LeagueOfLegends,Neutral,"Guys your start your league of four is a TEAMGAME and it starts during champ selection, even in SoloQueue.. … Talking about having hovered picks and teamcomps is not toxic, not uncalled for & not stupid, and you cant say \"let him play what he wants or dodge\" cuz thats stupid",2025-10-13 21:14:57,2025-10-13 21:15:00,275
7314,LeagueOfLegends,Neutral,"Guys seriously start realizing league of legends is a stupid TEAMGAME bet and it starts in champ selection, even finishes in Celebrity SoloQueue... Talking about the various hovered picks and teamcomps just is not toxic, not even uncalled for & not stupid, and you cant say \" let him play what type he wants or even dodge \" cuz thats freaking stupid",2025-10-13 21:14:57,2025-10-13 21:15:00,349
7314,LeagueOfLegends,Neutral,"seriously seriously are realizing league of legends is a TEAMGAME and also starts in champ selection, even after SoloQueue... Talking about the hovered picks and teamcomps is not toxic, and uncalled for is not stupid, simply you cant say \"let him play and Michael wants or die\" cuz thats stupid",2025-10-13 21:14:57,2025-10-13 21:15:00,294
7315,LeagueOfLegends,Neutral,Ranked Gold 2 support main league of legends Twitch.tv/Trixmegistus,2025-10-13 21:14:57,2025-10-13 21:15:00,67
7315,LeagueOfLegends,Neutral,Ranking Gold 2 supports the League of Legends Twitch.tv / Trixmegistus,2025-10-13 21:14:57,2025-10-13 21:15:00,70
7315,LeagueOfLegends,Neutral,"\"Gold-2\" in the Italian Premier League tch.tv / Trixmegistus",2025-10-13 21:14:57,2025-10-13 21:15:00,60
7315,LeagueOfLegends,Neutral,Ranked Gold 2 support main league of legends Hearthstone.tv/Trixmegistus,2025-10-13 21:14:57,2025-10-13 21:15:00,72
7315,LeagueOfLegends,Neutral,2008 Ranked as Gold 2 support main American league of legends Twitch. tv / 2 Trixmegistus,2025-10-13 21:14:57,2025-10-13 21:15:00,89
7315,LeagueOfLegends,Neutral,Ranked NO 2 on main league of legends and.tv/Trixmegistus,2025-10-13 21:14:57,2025-10-13 21:15:00,57
7316,LeagueOfLegends,Positive,My neon princess . . . I am happy with the old photo and am already making a new Akali costume.. .,2025-10-13 21:14:57,2025-10-13 21:15:00,100
7316,LeagueOfLegends,Positive,My neon princess... I'm happy with the old photo and I'm already making a new Akali costume...,2025-10-13 21:14:57,2025-10-13 21:15:00,94
7316,LeagueOfLegends,Positive,My neon... I'm happy with the old photo and I'm already making a new Akali suit..,2025-10-13 21:14:57,2025-10-13 21:15:00,81
7316,LeagueOfLegends,Positive,My neon princess... I am happy with the old photo and am already on this new Akali costume...,2025-10-13 21:14:57,2025-10-13 21:15:00,93
7316,LeagueOfLegends,Positive,My neon princess... I so am fully happy now with the old photo moment and am already making a new super Akali costume...,2025-10-13 21:14:57,2025-10-13 21:15:00,120
7316,LeagueOfLegends,Positive,My cute princess... I am happy with the below photo and was already making a pretty Akali costume...,2025-10-13 21:14:57,2025-10-13 21:15:00,100
7317,LeagueOfLegends,Positive,"Day ten of playing League of Legends. My wife left me, my kids have disappeared, but I can now flash master on Caitlyn. Life is good",2025-10-13 21:14:57,2025-10-13 21:15:00,132
7317,LeagueOfLegends,Positive,"Day ten of the League of Legends game. My wife has left me, my children have disappeared, but I can now flash at Caitlyn. Life is good.",2025-10-13 21:14:57,2025-10-13 21:15:00,135
7317,LeagueOfLegends,Positive,"Tenth day of Legends League. My wife left me, my children disappeared, but now I can become a flash mob master at Caitlyn. Life is good",2025-10-13 21:14:57,2025-10-13 21:15:00,135
7317,LeagueOfLegends,Positive,"Day ten of playing League of Brothers. My wife left me, my kids have disappeared, but Ben can use flash master on Caitlyn. Life is good",2025-10-13 21:14:57,2025-10-13 21:15:00,135
7317,LeagueOfLegends,Positive,"Day ten of playing League Game of Legends. 3 My wife had left me, my kids might have disappeared, but... I can now flash master on me Caitlyn. Life is good",2025-10-13 21:14:57,2025-10-13 21:15:00,155
7317,LeagueOfLegends,Positive,"Day ten of playing League of Legends. My body loves me, my kids have disappeared, but I can now become master at Caitlyn. Life is good",2025-10-13 21:14:57,2025-10-13 21:15:00,134
7318,LeagueOfLegends,Negative,playing league of legends on your own must be one my worst ideas,2025-10-13 21:14:57,2025-10-13 21:15:00,64
7318,LeagueOfLegends,Negative,Playing the League of Legends alone must be one of my worst ideas,2025-10-13 21:14:57,2025-10-13 21:15:00,65
7318,LeagueOfLegends,Negative,Playing in the Champions League on my own should be one of my worst ideas,2025-10-13 21:14:57,2025-10-13 21:15:00,73
7318,LeagueOfLegends,Negative,playing league with legends on your own must be one my worst ideas,2025-10-13 21:14:57,2025-10-13 21:15:00,66
7318,LeagueOfLegends,Negative,playing my league of legends on your goddamn own must be one my worst ideas,2025-10-13 21:14:57,2025-10-13 21:15:00,75
7318,LeagueOfLegends,Negative,playing armies of legends on your own must remain one my worst ideas,2025-10-13 21:14:57,2025-10-13 21:15:00,68
7319,LeagueOfLegends,Irrelevant,Been awhile to see a Korean ad without using Jondaemal . .,2025-10-13 21:14:57,2025-10-13 21:15:00,58
7319,LeagueOfLegends,Irrelevant,It's been a while since I've seen a Korean commercial without Jondaemal.,2025-10-13 21:14:57,2025-10-13 21:15:00,72
7319,LeagueOfLegends,Irrelevant,It took a while to see the Korean ad without using Jondaemal.,2025-10-13 21:14:57,2025-10-13 21:15:00,61
7319,LeagueOfLegends,Irrelevant,Been awhile to see a Korean ad without using Jondaemal ot.,2025-10-13 21:14:57,2025-10-13 21:15:00,58
7319,LeagueOfLegends,Irrelevant,But Been missing awhile to see a Korean ad without using Jondaemal..,2025-10-13 21:14:57,2025-10-13 21:15:00,68
7319,LeagueOfLegends,Irrelevant,Been awhile to see a job ad designed using Jondaemal..,2025-10-13 21:14:57,2025-10-13 21:15:00,54
7320,LeagueOfLegends,Positive,Amazing,2025-10-13 21:14:57,2025-10-13 21:15:00,7
7320,LeagueOfLegends,Positive,Astonishing,2025-10-13 21:14:57,2025-10-13 21:15:00,11
7320,LeagueOfLegends,Positive,Amazing,2025-10-13 21:14:57,2025-10-13 21:15:00,7
7320,LeagueOfLegends,Positive,Amazing,2025-10-13 21:14:57,2025-10-13 21:15:00,7
7320,LeagueOfLegends,Positive,How Amazing,2025-10-13 21:14:57,2025-10-13 21:15:00,11
7320,LeagueOfLegends,Positive,Amazing,2025-10-13 21:14:57,2025-10-13 21:15:00,7
7321,LeagueOfLegends,Irrelevant,"You already know what time it is, LEague of legends grind. Come watch your fav streamer now live ;) twitch.tv/warpten44",2025-10-13 21:14:57,2025-10-13 21:15:00,119
7321,LeagueOfLegends,Irrelevant,You already know what time it is to grind League of Legends. Watch your favorite streamer live now;) twitch.tv / warpten44,2025-10-13 21:14:57,2025-10-13 21:15:00,122
7321,LeagueOfLegends,Irrelevant,"You already know what time it is, LOVE GOODS. Come watch your favorite street now live;) tch.tv / warpten44",2025-10-13 21:14:57,2025-10-13 21:15:00,107
7321,LeagueOfLegends,Irrelevant,"You already know what time it is, LEague of legends grind. Come watch your fav streamer now live ;) twitch.tv/warpten44",2025-10-13 21:14:57,2025-10-13 21:15:00,119
7321,LeagueOfLegends,Irrelevant,"and You already know what time it is, LEague of legends grind. Come watch your fav streamer now live ;) twitch.tv/warpten44",2025-10-13 21:14:57,2025-10-13 21:15:00,123
7321,LeagueOfLegends,Irrelevant,is,2025-10-13 21:14:57,2025-10-13 21:15:00,2
7322,LeagueOfLegends,Neutral,this song sounds like it could be made into a league of legends mv ... i would like to see it .  pic.twitter.com/YDPytVtHrX,2025-10-13 21:14:57,2025-10-13 21:15:00,123
7322,LeagueOfLegends,Neutral,This song sounds like it could be turned into a League of Legends mv... I'd love to see it. pic.twitter.com / YDPytVtHrX,2025-10-13 21:14:57,2025-10-13 21:15:00,120
7322,LeagueOfLegends,Neutral,this song sounds like it could be made in a league of hands mv... i would like to see it. pic.wikipedia.org / YDPytVtHrX,2025-10-13 21:14:57,2025-10-13 21:15:00,120
7322,LeagueOfLegends,Neutral,this song sounds like it could be made into a league of legends mv ... i would like to see it .  pic.twitter.com/YDPytVtHrX,2025-10-13 21:14:57,2025-10-13 21:15:00,123
7322,LeagueOfLegends,Neutral,Radio this song sounds like it could be made into a league of legends mv ... i would like to see it .  pic.twitter.com/YDPytVtHrX,2025-10-13 21:14:57,2025-10-13 21:15:00,129
7322,LeagueOfLegends,Neutral,to,2025-10-13 21:14:57,2025-10-13 21:15:00,2
7323,LeagueOfLegends,Neutral,Check out my video!,2025-10-13 21:14:57,2025-10-13 21:15:00,21
7323,LeagueOfLegends,Neutral,Take a look at my video!,2025-10-13 21:14:57,2025-10-13 21:15:00,24
7323,LeagueOfLegends,Neutral,Watch my video!,2025-10-13 21:14:57,2025-10-13 21:15:00,15
7323,LeagueOfLegends,Neutral,Check out my interview!,2025-10-13 21:14:57,2025-10-13 21:15:00,23
7323,LeagueOfLegends,Neutral,Check out in my video!,2025-10-13 21:14:57,2025-10-13 21:15:00,22
7323,LeagueOfLegends,Neutral,Check out that video!,2025-10-13 21:14:57,2025-10-13 21:15:00,21
7324,LeagueOfLegends,Negative,@riotgames @LeagueOfLegends Wtf?? He's proud of being a fucking asshole? And you allow this? . Ban this idiot or really FUCK YOU @riotgames he knows we won't be punished bc of that. How shitty ypur game have to be for that? pic.twitter.com/0EBS6GHroO,2025-10-13 21:14:57,2025-10-13 21:15:00,250
7324,LeagueOfLegends,Negative,@ riotgames @ LeagueOfLegends Wtf?? He prides himself on being a fucking asshole? and you let that happen? Ban this idiot or FUCK YOU REALLY @ riotgames he knows we won't be punished bc for it. How shitty ypur game must be for that? pic.twitter.com / 0EBS6GHroO,2025-10-13 21:14:57,2025-10-13 21:15:00,261
7324,LeagueOfLegends,Negative,@ riotgames @ LeagueOfLegends Wtf?? He's proud of being a fucking asshole? And you allow this?. Ban this idiot or really FUCK YOU @ riotgames he know we won't be punished bc of that.,2025-10-13 21:14:57,2025-10-13 21:15:00,182
7324,LeagueOfLegends,Negative,RhandlerR RhandlerR Wtf?? He's proud of being a fucking asshole? And you allow this? . Ban this idiot or really FUCK YOU RhandlerR he knows we won't be punished bc of that. How shitty ypur game have to be for that? pic.twitter.com/0EBS6GHroO,2025-10-13 21:14:57,2025-10-13 21:15:00,241
7324,LeagueOfLegends,Negative,The RhandlerR RhandlerR Wtf?? He's proud of being a fucking asshole? And you allow this? . Ban this idiot or really FUCK YOU RhandlerR he knows we won't be punished bc of that. How shitty ypur game have to be for that? pic.twitter.com/0EBS6GHroO,2025-10-13 21:14:57,2025-10-13 21:15:00,245
7324,LeagueOfLegends,Negative,<unk>,2025-10-13 21:14:57,2025-10-13 21:15:00,5
7325,LeagueOfLegends,Positive,Bro new fiddlesticks is exactly what i envision those horror like characters look like. GG @LeagueOfLegends  Good stuff,2025-10-13 21:14:57,2025-10-13 21:15:00,119
7325,LeagueOfLegends,Positive,Bro new fiddlesticks is exactly what I imagine these ghastly characters to be. @ LeagueOfLegends Good stuff,2025-10-13 21:14:57,2025-10-13 21:15:00,107
7325,LeagueOfLegends,Positive,Bro new fiddlesticks is exactly what i imagine those horror like characters look like. GG @ LeagueOfLegends Good stuff,2025-10-13 21:14:57,2025-10-13 21:15:00,118
7325,LeagueOfLegends,Positive,Bro new fiddlesticks is exactly who i envision those horror like characters playing like. GG @LeagueOfLegends  Good stuff,2025-10-13 21:14:57,2025-10-13 21:15:00,121
7325,LeagueOfLegends,Positive,Bro and new fiddlesticks is exactly what i normally envision those horror horror like characters look... like. B GG @LeagueOfLegends Good stuff,2025-10-13 21:14:57,2025-10-13 21:15:00,143
7325,LeagueOfLegends,Positive,Bro new man is what what i envision those horror like characters look like. GG @LeagueOfLegends for stuff,2025-10-13 21:14:57,2025-10-13 21:15:00,105
7326,LeagueOfLegends,Positive,Top 4:. League of Legends. Counter Strike - 1.6 e GO. Runescape. Fifa,2025-10-13 21:14:57,2025-10-13 21:15:00,69
7326,LeagueOfLegends,Positive,Top 4:. League of Legends. Counter Strike - 1.6 e GO. Runescape. Fifa,2025-10-13 21:14:57,2025-10-13 21:15:00,69
7326,LeagueOfLegends,Positive,Top 4:. League of Legends. CoStrike - 1.6 e GO. Runescape. Fifa,2025-10-13 21:14:57,2025-10-13 21:15:00,63
7326,LeagueOfLegends,Positive,Top 10:. League of Legends. Counter Strike - 1.6 e 3. Runescape. Fifa,2025-10-13 21:14:57,2025-10-13 21:15:00,69
7326,LeagueOfLegends,Positive,League Top 4 :. Japanese League League of Rock Legends. Counter Strike - 1. 6 e GO. Runescape. Fifa,2025-10-13 21:14:57,2025-10-13 21:15:00,99
7326,LeagueOfLegends,Positive,Top 40:. War of Legends. Next strike - 1.6 e GO. Runescape. Fifa,2025-10-13 21:14:57,2025-10-13 21:15:00,64
7327,LeagueOfLegends,Neutral,"Call of the Mountain LoR Card Impressions: Freljord (Behold, Face of the Old Ones, and More) .  Mobalytics",2025-10-13 21:14:57,2025-10-13 21:15:00,108
7327,LeagueOfLegends,Neutral,"Call of the Mountain LoR Card Impressions: Freljord (see, the face of the old and more).",2025-10-13 21:14:57,2025-10-13 21:15:00,88
7327,LeagueOfLegends,Neutral,"Call of the Mountain LoR Card Impressions: Freljord (Freljord, Face of the Old Ones and more).",2025-10-13 21:14:57,2025-10-13 21:15:00,94
7327,LeagueOfLegends,Neutral,"Call in the Bell LoR Card Impressions: Freljord (Behold, Face hold the Old Ones, and More).  Mobalytics",2025-10-13 21:14:57,2025-10-13 21:15:00,103
7327,LeagueOfLegends,Neutral,"Call of Magic the Mountain LoR Card Impressions : Freljord ( Behold, Face Tell of the Four Old Lost Ones, This and More ). Adobe Mobalytics",2025-10-13 21:14:57,2025-10-13 21:15:00,139
7327,LeagueOfLegends,Neutral,"Call on the Mountain LoR Design Impressions: Freljord (Behold, Available in Very Old Ones, and More). Mobalytics",2025-10-13 21:14:57,2025-10-13 21:15:00,112
7328,LeagueOfLegends,Positive,Bard the Wandering Caretaker is always a good pick.. . Attack: . . Defense: . . Magic: . . Difficulty: . . .,2025-10-13 21:14:57,2025-10-13 21:15:00,110
7328,LeagueOfLegends,Positive,Bard the wandering janitor is always a good choice... Attack:... Defense:... Magic:... Difficulty:...,2025-10-13 21:14:57,2025-10-13 21:15:00,101
7328,LeagueOfLegends,Positive,Bard karate player is always good at picking... Attack:. Defense:. Magic:. Difficulty:.,2025-10-13 21:14:57,2025-10-13 21:15:00,87
7328,LeagueOfLegends,Positive,Bard the Wandering Caretaker n always a good sign. Attack:.. Defense:.. Magic:. [ Difficulty:...,2025-10-13 21:14:57,2025-10-13 21:15:00,96
7328,LeagueOfLegends,Positive,this Bard is the Wandering Caretaker But is like always being a perfectly good pick... Attack :.. Defense :..... Magic :.. Difficulty :...,2025-10-13 21:14:57,2025-10-13 21:15:00,138
7328,LeagueOfLegends,Positive,Bear meets Angry Caretaker is always another good pick... Science:.. Combat:.. Magic:.. Law:...,2025-10-13 21:14:57,2025-10-13 21:15:00,95
7329,LeagueOfLegends,Neutral,"CGA do the unthinkable - AGAIN. They move up to sole possession of 2nd place, and leave SG and DFM to pick up the pieces in their wake for our last game of the day. GAME. ON.",2025-10-13 21:14:57,2025-10-13 21:15:00,176
7329,LeagueOfLegends,Neutral,CGA do the unthinkable - AGAINST. They rise to the sole possession of 2nd place and leave SG and DFM to pick up the pieces in their wake for our last game of the day. GAME. ON.,2025-10-13 21:14:57,2025-10-13 21:15:00,176
7329,LeagueOfLegends,Neutral,"CGA do the unthinkable - AGAIN. They move to sole possession of second place, and leave and to pick up the pieces in their wake for our last game of the day. GAME. ON.",2025-10-13 21:14:57,2025-10-13 21:15:00,167
7329,LeagueOfLegends,Neutral,"CGA do the unthinkable.... AGAIN. They move up to sole contenders for 2nd place, and leave SG and DFM to pick up the pieces in their wake for our last game of the day. STEP. ON.",2025-10-13 21:14:57,2025-10-13 21:15:00,177
7329,LeagueOfLegends,Neutral,"and CGA do the unthinkable - AGAIN. They move up to sole in possession of final 2nd place, Dallas and I leave SG and DFM there to basically pick up the pieces in their wake for in our last game of win the day. GAME. AND ON.",2025-10-13 21:14:57,2025-10-13 21:15:00,223
7329,LeagueOfLegends,Neutral,"CGA do their same - AGAIN. They move up to sole possession at 2nd place, and leave SG and DFM to work away the pieces in their place for our last game of the day. SO. ON.",2025-10-13 21:14:57,2025-10-13 21:15:00,170
7330,LeagueOfLegends,Neutral,I don't know but Hylissang looks kind of unfortunate in the last Fnatic Games..,2025-10-13 21:14:57,2025-10-13 21:15:00,81
7330,LeagueOfLegends,Neutral,"I don't know, but Hylissang looks kind of unhappy in the last Fnatic Games.",2025-10-13 21:14:57,2025-10-13 21:15:00,75
7330,LeagueOfLegends,Neutral,"I don't know, but Hylissang looks bad at the last Fnatic Games.",2025-10-13 21:14:57,2025-10-13 21:15:00,63
7330,LeagueOfLegends,Neutral,I don't know but Hylissang looks kind of unfortunate in the 2014 Fnatic Games..,2025-10-13 21:14:57,2025-10-13 21:15:00,79
7330,LeagueOfLegends,Neutral,I don't exactly know but Hylissang even looks kind of as unfortunate in the very last Fnatic Games..,2025-10-13 21:14:57,2025-10-13 21:15:00,100
7330,LeagueOfLegends,Neutral,I don't forget but Hylissang look kind of unfortunate for the last Fnatic Games..,2025-10-13 21:14:57,2025-10-13 21:15:00,81
7331,LeagueOfLegends,Negative,"I want to report a racist who use filthy racism words to bully me in League of Legends game. This person's ID is \"Gotcha uWu xD\". I need chat history to keep this up, but",2025-10-13 21:14:57,2025-10-13 21:15:00,172
7331,LeagueOfLegends,Negative,"I want to report a racist who uses vile racist words to harass me in the League of Legends game. That person's ID is \"Gotcha uWu xD.\"",2025-10-13 21:14:57,2025-10-13 21:15:00,133
7331,LeagueOfLegends,Negative,"I want to report a racist who uses dirty racist words to intimidate me in a League of Legends game. The person's identifier is \"Gotcha uWu xD.\"",2025-10-13 21:14:57,2025-10-13 21:15:00,143
7331,LeagueOfLegends,Negative,"I want people report a racist who use filthy racism words to tag me in League By Legends game. This person's ID was \"Gotcha uWu xD\". I need chat history to keep this up, but",2025-10-13 21:14:57,2025-10-13 21:15:00,173
7331,LeagueOfLegends,Negative,"I want to report a racist bastard who use filthy racism with words to bully off me in League of Legends FC game. This person'es s ID is \" Gotcha uWu xD \". I also need the chat history there to really keep this up, but",2025-10-13 21:14:57,2025-10-13 21:15:00,217
7331,LeagueOfLegends,Negative,"I want to report a racist has done filthy phone tactics to bully me in League of Legends game. This person's ID is \"Gotcha uWu 0\". I need chat history and keep this up, just",2025-10-13 21:14:57,2025-10-13 21:15:00,173
7332,LeagueOfLegends,Negative,i fucking hate league of legends its such a shit game,2025-10-13 21:14:57,2025-10-13 21:15:00,53
7332,LeagueOfLegends,Negative,i fucking hate league of legends its such a shit game,2025-10-13 21:14:57,2025-10-13 21:15:00,53
7332,LeagueOfLegends,Negative,i fucking hate league of founders its such a shit game,2025-10-13 21:14:57,2025-10-13 21:15:00,54
7332,LeagueOfLegends,Negative,i fucking hate league of legends its such a shit game,2025-10-13 21:14:57,2025-10-13 21:15:00,53
7332,LeagueOfLegends,Negative,i fucking hate whatever league of legends its such a shit and game,2025-10-13 21:14:57,2025-10-13 21:15:00,66
7332,LeagueOfLegends,Negative,i fucking hate league of legends does such a shit game,2025-10-13 21:14:57,2025-10-13 21:15:00,54
7333,LeagueOfLegends,Positive,INDIVIDUALLY COLORED BORDERS??? This skin line is dope af wow,2025-10-13 21:14:57,2025-10-13 21:15:00,61
7333,LeagueOfLegends,Positive,INDIVIDUAL COLORED LIMITS??? This skin cut is dope af wow,2025-10-13 21:14:57,2025-10-13 21:15:00,57
7333,LeagueOfLegends,Positive,INDIVIDJALI COLORIDE BORDERS??? This skin line is doping,2025-10-13 21:14:57,2025-10-13 21:15:00,56
7333,LeagueOfLegends,Positive,INDIVIDUALLY COLORED BORDERS??? This skin line looks dope af wow,2025-10-13 21:14:57,2025-10-13 21:15:00,64
7333,LeagueOfLegends,Positive,INDIVIDUALLY COLORED BORDERS??? 0 This a skin and line is in dope af a wow,2025-10-13 21:14:57,2025-10-13 21:15:00,74
7333,LeagueOfLegends,Positive,INDIVIDUALLY COLORED BORDERS??? This skin cancer adds an af wow,2025-10-13 21:14:57,2025-10-13 21:15:00,63
7334,LeagueOfLegends,Negative,I fucking hate video games,2025-10-13 21:14:57,2025-10-13 21:15:00,26
7334,LeagueOfLegends,Negative,I fucking hate video games,2025-10-13 21:14:57,2025-10-13 21:15:00,26
7334,LeagueOfLegends,Negative,I fucking hate video games,2025-10-13 21:14:57,2025-10-13 21:15:00,26
7334,LeagueOfLegends,Negative,I fucking dislike video games,2025-10-13 21:14:57,2025-10-13 21:15:00,29
7334,LeagueOfLegends,Negative,I fucking hate the video games,2025-10-13 21:14:57,2025-10-13 21:15:00,30
7334,LeagueOfLegends,Negative,I fucking DO video games,2025-10-13 21:14:57,2025-10-13 21:15:00,24
7335,LeagueOfLegends,Irrelevant,@laurelamandaaa ur such a geek wow 🤓,2025-10-13 21:14:57,2025-10-13 21:15:00,36
7335,LeagueOfLegends,Irrelevant,@ laurelamandaaa ur such a geek wow?,2025-10-13 21:14:57,2025-10-13 21:15:00,36
7335,LeagueOfLegends,Irrelevant,@ laurelamandaaa ur such a geek wow!,2025-10-13 21:14:57,2025-10-13 21:15:00,36
7335,LeagueOfLegends,Irrelevant,@laurelamandaaa ur such a character wow 🤓,2025-10-13 21:14:57,2025-10-13 21:15:00,41
7335,LeagueOfLegends,Irrelevant,@laurelamandaaa to ur to such a geek wow [UNK],2025-10-13 21:14:57,2025-10-13 21:15:00,46
7335,LeagueOfLegends,Irrelevant,@laurelamandaaa ur such a great wow <unk>,2025-10-13 21:14:57,2025-10-13 21:15:00,41
7336,LeagueOfLegends,Irrelevant,"Me, when I realize you will die faster cause you are fat pic.twitter.com/ea3IFXiwSK",2025-10-13 21:14:57,2025-10-13 21:15:00,83
7336,LeagueOfLegends,Irrelevant,Me when I realize you're going to die faster because you're fat pic.twitter.com / ea3IFXiwSK,2025-10-13 21:14:57,2025-10-13 21:15:00,92
7336,LeagueOfLegends,Irrelevant,"Me, when I realize you will die faster cause you are fat pic.wikipedia.org / ea3IFXiwSK",2025-10-13 21:14:57,2025-10-13 21:15:00,87
7336,LeagueOfLegends,Irrelevant,"Me, when I realize you will die faster cause you are fat pic.twitter.com/ea3IFXiwSK",2025-10-13 21:14:57,2025-10-13 21:15:00,83
7336,LeagueOfLegends,Irrelevant,"2010 Me, when I realize you will die faster cause you are fat pic.twitter.com/ea3IFXiwSK",2025-10-13 21:14:57,2025-10-13 21:15:00,88
7336,LeagueOfLegends,Irrelevant,a,2025-10-13 21:14:57,2025-10-13 21:15:00,1
7337,LeagueOfLegends,Positive,Playing league of legends while listening to Hi High. Feeling: awesome.,2025-10-13 21:14:57,2025-10-13 21:15:00,71
7337,LeagueOfLegends,Positive,Playing League of Legends while listening to Hi High. Feeling: awesome.,2025-10-13 21:14:57,2025-10-13 21:15:00,71
7337,LeagueOfLegends,Positive,"Playing in the Champions League, listening to Hee Hai. The feeling: amazing.",2025-10-13 21:14:57,2025-10-13 21:15:00,76
7337,LeagueOfLegends,Positive,Playing lots of legends while listening to Hi High. Feeling: awesome.,2025-10-13 21:14:57,2025-10-13 21:15:00,69
7337,LeagueOfLegends,Positive,Playing league of legends while also listening to Hi High. My Feeling : awesome.,2025-10-13 21:14:57,2025-10-13 21:15:00,80
7337,LeagueOfLegends,Positive,Playing league with legends is listening to Hi High. Feeling: awesome.,2025-10-13 21:14:57,2025-10-13 21:15:00,70
7338,LeagueOfLegends,Negative,yeah for example league of legends devs work rly hard to give us the most quality mental illnesses they can with their shitty fucking ideas,2025-10-13 21:14:57,2025-10-13 21:15:00,139
7338,LeagueOfLegends,Negative,"yeah, for example League of Legends developers are working hard to give us the highest quality mental illnesses they can have with their crappy damn ideas.",2025-10-13 21:14:57,2025-10-13 21:15:00,155
7338,LeagueOfLegends,Negative,"For example, they work hard to give us the best mental health services they can, with their crap fucking ideas.",2025-10-13 21:14:57,2025-10-13 21:15:00,111
7338,LeagueOfLegends,Negative,yeah for example league u legends devs work rly hard to give us the most quality mental illnesses they know with their shitty fucking ideas,2025-10-13 21:14:57,2025-10-13 21:15:00,139
7338,LeagueOfLegends,Negative,yeah for example a league team of legends devs work rly hard to give us some the most quality mental skin illnesses they can start with paying their shitty fucking ideas,2025-10-13 21:14:57,2025-10-13 21:15:00,169
7338,LeagueOfLegends,Negative,yeah for example league club legends devs work rly hard to give us the most quality mental illnesses they own with their idiot dumb ideas,2025-10-13 21:14:57,2025-10-13 21:15:00,137
7339,LeagueOfLegends,Negative,"@LeagueOfLegends There was an error in the transfer of the code for the Mordekaiser Dark Star skin. You can't redeem it, the code was given to me in an EUW Twitch giveaway. I belong to the LAS server. Please let me redeem the skin.",2025-10-13 21:14:57,2025-10-13 21:15:00,231
7339,LeagueOfLegends,Negative,"@ LeagueOfLegends There was an error in the transmission of the code for the Mordekaiser Dark Star skin. You cannot redeem it, the code was given to me in an EUW Twitch competition. I belong to the LAS server. Please let me redeem the skin.",2025-10-13 21:14:57,2025-10-13 21:15:00,240
7339,LeagueOfLegends,Negative,"@ LeagueOfLegends There was an error in the transfer of the Mordaiser Dark Star skin code. It cannot be redeemed, the code was given to me as a gift. I belong to the LAS server. Please allow me to redeem the skin.",2025-10-13 21:14:57,2025-10-13 21:15:00,213
7339,LeagueOfLegends,Negative,"@LeagueOfLegends There was an error in the transfer of the code in the Mordekaiser Dark Star skin. I can't redeem ticket, the code was given to me in an EUW exclusive giveaway. Tickets belong to the LAS server. Please let me redeem the skin.",2025-10-13 21:14:57,2025-10-13 21:15:00,241
7339,LeagueOfLegends,Negative,"@LeagueOfLegends There always was an error in the code transfer of the code for purchasing the original Mordekaiser Dark Star skin. You can't simply redeem it, the code itself was given to me in exactly an EUW Twitch giveaway. I belong to the LAS file server. Please let... me redeem the human skin.",2025-10-13 21:14:57,2025-10-13 21:15:00,299
7339,LeagueOfLegends,Negative,"@LeagueOfLegends There was an errors in the transfer of the code for the Dark Diamond Gray skin. Anyone can't fix it, the code been given to me in an official Twitch giveaway. Its belong to the LAS server. Please let me redeem the skin.",2025-10-13 21:14:57,2025-10-13 21:15:00,236
7340,LeagueOfLegends,Positive,i know this is the perfect time to sit home and make music but honestly all i’ve been doing during quarantine is play maplestory and league of legends,2025-10-13 21:14:57,2025-10-13 21:15:00,150
7340,LeagueOfLegends,Positive,"I know this is the perfect time to sit at home and make music, but honestly all I did during quarantine was play Maple History and League of Legends.",2025-10-13 21:14:57,2025-10-13 21:15:00,149
7340,LeagueOfLegends,Positive,"I know it's the perfect time to sit at home and make music, but, to be honest, all I do during quarantine is play maplestory and league of stars.",2025-10-13 21:14:57,2025-10-13 21:15:00,145
7340,LeagueOfLegends,Positive,i know this is the perfect time to sit home and make music but literally all i’ve tried doing during quarantine is play maplestory and dreaming of legends,2025-10-13 21:14:57,2025-10-13 21:15:00,154
7340,LeagueOfLegends,Positive,i know this day is the perfect time to sit by home and make some music but honestly all what i would ’ ve been doing during quarantine months is play maplestory concerts and league of legends,2025-10-13 21:14:57,2025-10-13 21:15:00,191
7340,LeagueOfLegends,Positive,i know this is the perfect time to arrive home and make music so sadly something i’ve been doing during quarantine is play maplestory and league match legends,2025-10-13 21:14:57,2025-10-13 21:15:00,158
7341,LeagueOfLegends,Positive,Baby you are so handsome please marry me,2025-10-13 21:14:57,2025-10-13 21:15:00,42
7341,LeagueOfLegends,Positive,"Baby you are so beautiful, please marry me",2025-10-13 21:14:57,2025-10-13 21:15:00,42
7341,LeagueOfLegends,Positive,"Baby, you're so beautiful, please marry me",2025-10-13 21:14:57,2025-10-13 21:15:00,42
7341,LeagueOfLegends,Positive,Baby you are so handsome please tease me,2025-10-13 21:14:57,2025-10-13 21:15:00,40
7341,LeagueOfLegends,Positive,Baby you are always so handsome please marry me,2025-10-13 21:14:57,2025-10-13 21:15:00,47
7341,LeagueOfLegends,Positive,Baby you are so handsome please marry lovely,2025-10-13 21:14:57,2025-10-13 21:15:00,44
7342,LeagueOfLegends,Positive,this is the absolute FUNNIEST interaction I’ve ever seen on League of Legends pic.twitter.com/NsWyuMdVrX,2025-10-13 21:14:57,2025-10-13 21:15:00,104
7342,LeagueOfLegends,Positive,This is the FUNNIEST interaction I've ever seen on League of Legends pic.twitter.com / NsWyuMdVrX,2025-10-13 21:14:57,2025-10-13 21:15:00,97
7342,LeagueOfLegends,Positive,this is the absolute FUNNIEST interaction I've ever seen on League of Legends pic.com / NsWyuMdVrX,2025-10-13 21:14:57,2025-10-13 21:15:00,98
7342,LeagueOfLegends,Positive,this is the absolute FUNNIEST interaction I’ve ever seen on League of Legends pic.twitter.com/NsWyuMdVrX,2025-10-13 21:14:57,2025-10-13 21:15:00,104
7342,LeagueOfLegends,Positive,org this is the absolute FUNNIEST interaction I’ve ever seen on League of Legends pic.twitter.com/NsWyuMdVrX,2025-10-13 21:14:57,2025-10-13 21:15:00,108
7342,LeagueOfLegends,Positive,of,2025-10-13 21:14:57,2025-10-13 21:15:00,2
7343,LeagueOfLegends,Neutral,Check out my video!,2025-10-13 21:14:57,2025-10-13 21:15:00,21
7343,LeagueOfLegends,Neutral,Take a look at my video!,2025-10-13 21:14:57,2025-10-13 21:15:00,24
7343,LeagueOfLegends,Neutral,Watch my video!,2025-10-13 21:14:57,2025-10-13 21:15:00,15
7343,LeagueOfLegends,Neutral,Check out his video!,2025-10-13 21:14:57,2025-10-13 21:15:00,20
7343,LeagueOfLegends,Neutral,Check out my awesome video!,2025-10-13 21:14:57,2025-10-13 21:15:00,27
7343,LeagueOfLegends,Neutral,Check on my video!,2025-10-13 21:14:57,2025-10-13 21:15:00,18
7344,LeagueOfLegends,Neutral,Check out my video!  .,2025-10-13 21:14:57,2025-10-13 21:15:00,24
7344,LeagueOfLegends,Neutral,Take a look at my video!.,2025-10-13 21:14:57,2025-10-13 21:15:00,25
7344,LeagueOfLegends,Neutral,Watch my video!.,2025-10-13 21:14:57,2025-10-13 21:15:00,16
7344,LeagueOfLegends,Neutral,Check out their video! .,2025-10-13 21:14:57,2025-10-13 21:15:00,24
7344,LeagueOfLegends,Neutral,and Check out my video!.,2025-10-13 21:14:57,2025-10-13 21:15:00,24
7344,LeagueOfLegends,Neutral,Check out all video!.,2025-10-13 21:14:57,2025-10-13 21:15:00,21
7345,LeagueOfLegends,Negative,omg please . . the toxicity in league needs to fucking stop its going too far,2025-10-13 21:14:57,2025-10-13 21:15:00,77
7345,LeagueOfLegends,Negative,omg please.. the toxicity in the league needs to stop going too far,2025-10-13 21:14:57,2025-10-13 21:15:00,67
7345,LeagueOfLegends,Negative,omg please... the toxicity in the league needs to fucking stop its going too far,2025-10-13 21:14:57,2025-10-13 21:15:00,80
7345,LeagueOfLegends,Negative,omg please.. the toxicity in league needs to be stop its going too far,2025-10-13 21:14:57,2025-10-13 21:15:00,70
7345,LeagueOfLegends,Negative,omg please.. the toxicity unit in league needs everyone to fucking stop already its going too far,2025-10-13 21:14:57,2025-10-13 21:15:00,97
7345,LeagueOfLegends,Negative,omg please.. more carnage in league sports to fucking stop its going too far,2025-10-13 21:14:57,2025-10-13 21:15:00,76
7346,LeagueOfLegends,Negative,im ded tired-.,2025-10-13 21:14:57,2025-10-13 21:15:00,16
7346,LeagueOfLegends,Negative,I'm tired.,2025-10-13 21:14:57,2025-10-13 21:15:00,10
7346,LeagueOfLegends,Negative,im ded tired-.,2025-10-13 21:14:57,2025-10-13 21:15:00,14
7346,LeagueOfLegends,Negative,im ded<unk>-.,2025-10-13 21:14:57,2025-10-13 21:15:00,13
7346,LeagueOfLegends,Negative,That im ded tired -.,2025-10-13 21:14:57,2025-10-13 21:15:00,20
7346,LeagueOfLegends,Negative,im ded Switzerland-.,2025-10-13 21:14:57,2025-10-13 21:15:00,20
7347,LeagueOfLegends,Neutral,Incredible Getaway ft. lorenzobaby777  . . .  medal.tv/clips/22899689…,2025-10-13 21:14:57,2025-10-13 21:15:00,70
7347,LeagueOfLegends,Neutral,Incredible timeout ft. lorenzobaby777... medal.tv / clips / 22899689...,2025-10-13 21:14:57,2025-10-13 21:15:00,71
7347,LeagueOfLegends,Neutral,An incredible escape. lorcobaby777... medal.tv / clips / 22899689...,2025-10-13 21:14:57,2025-10-13 21:15:00,68
7347,LeagueOfLegends,Neutral,Incredible Getaway ft. lorenzobaby777 .??  medal.tv/clips/22899689…,2025-10-13 21:14:57,2025-10-13 21:15:00,67
7347,LeagueOfLegends,Neutral,As Incredible for Getaway ft. lorenzobaby777... about medal. info tv / clips / ISO 22899689... …,2025-10-13 21:14:57,2025-10-13 21:15:00,96
7347,LeagueOfLegends,Neutral,3 20 ft. lorenzobaby777... at.tv/clips/22899689...,2025-10-13 21:14:57,2025-10-13 21:15:00,50
7348,LeagueOfLegends,Negative,@LeagueOfLegends  fuck you,2025-10-13 21:14:57,2025-10-13 21:15:00,26
7348,LeagueOfLegends,Negative,@ LeagueOfLegends,2025-10-13 21:14:57,2025-10-13 21:15:00,17
7348,LeagueOfLegends,Negative,@ LeagueOfLegends fuck you,2025-10-13 21:14:57,2025-10-13 21:15:00,26
7348,LeagueOfLegends,Negative,@LeagueOfLegends <unk> you,2025-10-13 21:14:57,2025-10-13 21:15:00,26
7348,LeagueOfLegends,Negative,@LeagueOfLegends fuck about you,2025-10-13 21:14:57,2025-10-13 21:15:00,31
7348,LeagueOfLegends,Negative,saying fuck you,2025-10-13 21:14:57,2025-10-13 21:15:00,15
7349,LeagueOfLegends,Positive,"My games crew had a League of legends clash yesterday, and this is how all of my texting apps looked like.. I love these assholes xD pic.twitter.com/NT3CfSlteN",2025-10-13 21:14:57,2025-10-13 21:15:00,159
7349,LeagueOfLegends,Positive,"My gaming crew had a battle of legends yesterday, and that's what all my SMS apps looked like.. I love these assholes xD pic.twitter.com / NT3CfSlteN",2025-10-13 21:14:57,2025-10-13 21:15:00,149
7349,LeagueOfLegends,Positive,My playing teams faced off in the Champions League yesterday and that's what all my text apps looked like.. I like these assholes xD pic.wikipedia.com / NT3CfSlteN,2025-10-13 21:14:57,2025-10-13 21:15:00,163
7349,LeagueOfLegends,Positive,"My games crew had a League of legends clash yesterday, and this is how all of my texting apps looked like.. I love these assholes xD pic.twitter.com/NT3CfSlteN",2025-10-13 21:14:57,2025-10-13 21:15:00,159
7349,LeagueOfLegends,Positive,"CD My games crew had a League of legends clash yesterday, and this is how all of my texting apps looked like.. I love these assholes xD pic.twitter.com/NT3CfSlteN",2025-10-13 21:14:57,2025-10-13 21:15:00,162
7349,LeagueOfLegends,Positive,We,2025-10-13 21:14:57,2025-10-13 21:15:00,2
7350,LeagueOfLegends,Positive,Day 13 : Firecracker Aurelion Sol. I really like this idea ! Hope we will see something like this one day !. . Prompt by @EraiViolett. .,2025-10-13 21:14:57,2025-10-13 21:15:00,138
7350,LeagueOfLegends,Positive,Day 13: Firecracker Aurelion Sol. I really like this idea! Hopefully we will see something like this one day!.. Prompted by @ EraiViolett.,2025-10-13 21:14:57,2025-10-13 21:15:00,138
7350,LeagueOfLegends,Positive,Day 13: Firecracker Aurelion Sol. I really like this idea! Hope we will see something like this one day!... Prompt by @ EraiViolett...,2025-10-13 21:14:57,2025-10-13 21:15:00,134
7350,LeagueOfLegends,Positive,Day 13 : Firecracker Aurelion Sol. X sure like this idea! Hope we will see something like this one day!.. Text by @EraiViolett..,2025-10-13 21:14:57,2025-10-13 21:15:00,128
7350,LeagueOfLegends,Positive,Day of 13 : Firecracker Aurelion Sol. Now I would really like this idea! Hope we kids will still see something more like even this one day!.. Prompt by @EraiViolett..,2025-10-13 21:14:57,2025-10-13 21:15:00,166
7350,LeagueOfLegends,Positive,Day 13 : An Aurelion Sol. I really enjoyed its stuff! Hope we will see something with this all day!.. Prompt by @EraiViolett..,2025-10-13 21:14:57,2025-10-13 21:15:00,126
7351,LeagueOfLegends,Positive,Teamwork at its finest  . . .  medal.tv/clips/20350038…,2025-10-13 21:14:57,2025-10-13 21:15:00,55
7351,LeagueOfLegends,Positive,Teamwork at its best... medal.tv / clips / 20350038...,2025-10-13 21:14:57,2025-10-13 21:15:00,54
7351,LeagueOfLegends,Positive,... medal.tv / clips / 20350038...,2025-10-13 21:14:57,2025-10-13 21:15:00,34
7351,LeagueOfLegends,Positive,Teamwork in its finest <unk>..  medal.tv/clips/20350038…,2025-10-13 21:14:57,2025-10-13 21:15:00,56
7351,LeagueOfLegends,Positive,Teamwork at even its extremely finest... medal. tv / clips / 20350038 1 …,2025-10-13 21:14:57,2025-10-13 21:15:00,73
7351,LeagueOfLegends,Positive,Teamwork at work most... see.tv/clips/20350038...,2025-10-13 21:14:57,2025-10-13 21:15:00,49
7352,LeagueOfLegends,Negative,Aphelios gets a 223% ban rate in League of Legends tournament championofgames.com/aphelios-gets-…,2025-10-13 21:14:57,2025-10-13 21:15:00,97
7352,LeagueOfLegends,Negative,Aphelios receives a 223% ban rate at League of Legends tournament championofgames.com / aphelios-gets-...,2025-10-13 21:14:57,2025-10-13 21:15:00,105
7352,LeagueOfLegends,Negative,Aphelios receives 223% ban rate in League of Legends tournament championofgames.com / aphelios-gets-...,2025-10-13 21:14:57,2025-10-13 21:15:00,103
7352,LeagueOfLegends,Negative,Aphelios got a 223% ban<unk> in League of Legends tournament championofgames.com/aphelios-gets-…,2025-10-13 21:14:57,2025-10-13 21:15:00,96
7352,LeagueOfLegends,Negative,Aphelios gets through a perfect 223 % tournament ban rate and in League of Legends 2008 tournament championofgames. com / aphelios - gets - beat …,2025-10-13 21:14:57,2025-10-13 21:15:00,146
7352,LeagueOfLegends,Negative,Aphelios showed a 223% a<unk> in Masters of Legends tournament championofgames.com/aphelios-gets-...,2025-10-13 21:14:57,2025-10-13 21:15:00,100
7353,LeagueOfLegends,Neutral,I'd rather die than be carried on the head! - Cola lá e bora jogar junto! twitch.tv/francis_eureka. @VALORANTBrasil,2025-10-13 21:14:57,2025-10-13 21:15:00,117
7353,LeagueOfLegends,Neutral,I'd rather die than be carried upside down! - Cola lá e bora jogar junto! twitch.tv / francis _ eureka. @ VALORANTBrasil,2025-10-13 21:14:57,2025-10-13 21:15:00,120
7353,LeagueOfLegends,Neutral,I'd rather die than be carried on the head! - Cola lá e bora jogar junto!!! tch.tv / francis _ eureka. @ VALORANTBrasil,2025-10-13 21:14:57,2025-10-13 21:15:00,119
7353,LeagueOfLegends,Neutral,I'd rather die than be carried on the head! - Cola lá e bora jogar junto! twitch.tv/francis_eureka. RhandlerR,2025-10-13 21:14:57,2025-10-13 21:15:00,111
7353,LeagueOfLegends,Neutral,as I'd rather die than be carried on the head! - Cola lá e bora jogar junto! twitch.tv/francis_eureka. RhandlerR,2025-10-13 21:14:57,2025-10-13 21:15:00,114
7353,LeagueOfLegends,Neutral,in,2025-10-13 21:14:57,2025-10-13 21:15:00,2
7354,LeagueOfLegends,Irrelevant,"Yesterday our OCE @LeagueOfLegends streamers for @WWF_Australia night raised $1,126 to go directly towards helping wildlife affected by the bushfires. . THANK YOU to everyone who donated for their generosity & to all the other streamers who got involved. . . .  You're all legends .  https://t.co/DAdiiyWGg0",2025-10-13 21:14:57,2025-10-13 21:15:00,307
7354,LeagueOfLegends,Irrelevant,"Yesterday, our OCE @ LeagueOfLegends streamers raised $1,126 for the night of @ WWF _ Australia to directly help wildlife affected by the bushfires.... THANK YOU to everyone who has donated for their generosity and to all the other streamers who have been involved.... You are all legends. https: / / t.co / DAdiiyWGg0",2025-10-13 21:14:57,2025-10-13 21:15:00,318
7354,LeagueOfLegends,Irrelevant,"Yesterday, our OCE @ LeagueOfLegends streamers overnight @ WD _ Australia raised $1,126 to directly help wildlife affected by wildfires... THANK everyone who donated for their generosity and all the other streamers who took part... You are all good guys.",2025-10-13 21:14:57,2025-10-13 21:15:00,254
7354,LeagueOfLegends,Irrelevant,"Yesterday our OCE @LeagueOfLegends streamers for @WWF_Australia night raised $1,126 and go directly towards helping wildlife affected during the bushfires.. THANK YOU to everyone whose donated for their generosity & to all the other streamers who joined involved.???.???  You're all legends.  https://t.co/DAdiiyWGg0]",2025-10-13 21:14:57,2025-10-13 21:15:00,317
7354,LeagueOfLegends,Irrelevant,"10 Yesterday our OCE @LeagueOfLegends streamers for @WWF_Australia night raised $ 1, 126 to go directly towards helping wildlife affected particularly by the bushfires.. I THANK YOU talk to everyone together who donated for All their generosity & to all the other good streamers who somehow got... involved.... like You're all legends. https://t.co/DAdiiyWGg0 ]",2025-10-13 21:14:57,2025-10-13 21:15:00,361
7354,LeagueOfLegends,Irrelevant,"Yesterday our OCE @LeagueOfLegends streamers and @WWF_Australia night won $1,126 to go back towards helping wildlife affected by the bushfires.. THANK YOU to everyone having pledged for our generosity and also everyone the other streamers who got lucky.... You're all legends. https://t.co/DAdiiyWGg0]",2025-10-13 21:14:57,2025-10-13 21:15:00,301
7355,LeagueOfLegends,Negative,[ . . . @joshetyler . . blogoflegends.com/2020/07/23/lea…,2025-10-13 21:14:57,2025-10-13 21:15:00,57
7355,LeagueOfLegends,Negative,[... @ joshetyler.. blogoflegends.com / 2020 / 07 / 23 / lea...,2025-10-13 21:14:57,2025-10-13 21:15:00,63
7355,LeagueOfLegends,Negative,[... @ joshetyler.. blogofle.com / 2020 / 07 / 23 / lea...,2025-10-13 21:14:57,2025-10-13 21:15:00,58
7355,LeagueOfLegends,Negative,[... http NE. blogoflegends.com/2020/07/23/lea…,2025-10-13 21:14:57,2025-10-13 21:15:00,47
7355,LeagueOfLegends,Negative,[... @joshetyler.. e blogoflegends. com / 07 2020 / 02 07 / 2010 23 / lea » …,2025-10-13 21:14:57,2025-10-13 21:15:00,77
7355,LeagueOfLegends,Negative,5... “.. on.com/2020/07/23/lea...,2025-10-13 21:14:57,2025-10-13 21:15:00,33
7356,LeagueOfLegends,Irrelevant,"Really pleased to see moves like this from tournament organisers, especially our own @theNUEL. This aligns with our push for diversity within @warwickesports, and I hope we can help in making esports a better place for women!",2025-10-13 21:14:57,2025-10-13 21:15:00,225
7356,LeagueOfLegends,Irrelevant,"I'm really pleased with such moves from tournament organisers, particularly our own @ theNUEL, which is in line with our push for diversity within @ warwickesports and I hope we can help make sport a better place for women!",2025-10-13 21:14:57,2025-10-13 21:15:00,223
7356,LeagueOfLegends,Irrelevant,"Great to see such moves from tournament organisers, especially our own @ theNUEL. This is in line with our commitment to diversity within @ warwickespace and I hope we can help make espace a better place for women!",2025-10-13 21:14:57,2025-10-13 21:15:00,214
7356,LeagueOfLegends,Irrelevant,"Really pleased to note moves like this from tournament organisers, especially the own @theNUEL. This aligns with her push for diversity within Overwatch, and I hope we can help in making esports a better place for women!",2025-10-13 21:14:57,2025-10-13 21:15:00,220
7356,LeagueOfLegends,Irrelevant,"Really pleased to see moves like like this came from these tournament organisers, especially our very own @theNUEL. This aligns together with our ongoing push for diversity within @warwickesports, and and I truly hope this we can help in making esports a way better place for women!",2025-10-13 21:14:57,2025-10-13 21:15:00,282
7356,LeagueOfLegends,Irrelevant,"Really pleased with include moves like this from tournament organisers, and our own mum. This aligns with our push for diversity within @theNUEL, and I hope we can help in promoting esports that better game for women!",2025-10-13 21:14:57,2025-10-13 21:15:00,217
7357,LeagueOfLegends,Positive,Bravo @riotgames always know how to get me hyped for the @LeagueOfLegends ranked season super excited.,2025-10-13 21:14:57,2025-10-13 21:15:00,103
7357,LeagueOfLegends,Positive,Bravo @ riotgames always knows how to make me super exciting for the @ LeagueOfLegends leaderboard.,2025-10-13 21:14:57,2025-10-13 21:15:00,99
7357,LeagueOfLegends,Positive,Bravo @ riotgames always know how to make me believe that the @ LeagueOfLegends season with the ratings is super excited.,2025-10-13 21:14:57,2025-10-13 21:15:00,121
7357,LeagueOfLegends,Positive,Bravo @riotgames always know how to get me prepared for the @LeagueOfLegends ranked season super event.,2025-10-13 21:14:57,2025-10-13 21:15:00,103
7357,LeagueOfLegends,Positive,You Bravo @riotgames always know how to get us me hyped Up for like the @LeagueOfLegends ranked season super very excited.,2025-10-13 21:14:57,2025-10-13 21:15:00,122
7357,LeagueOfLegends,Positive,Bravo @riotgames always know how to get me hyped for the high ranked season 7 team.,2025-10-13 21:14:57,2025-10-13 21:15:00,83
7358,LeagueOfLegends,Neutral,Champions in Season 2020 | Dev Video - League of Legends. reportzone.net/champions-in-s…,2025-10-13 21:14:57,2025-10-13 21:15:00,88
7358,LeagueOfLegends,Neutral,Champions in Season 2020 | Dev Video - League of Legends. reportzone.net / champions-in-s...,2025-10-13 21:14:57,2025-10-13 21:15:00,92
7358,LeagueOfLegends,Neutral,Champions in 2020 / Dev Video - League of League of League reporteone.net / champions-in-s...,2025-10-13 21:14:57,2025-10-13 21:15:00,93
7358,LeagueOfLegends,Neutral,Champions in Season Seven | Dev Video - League Class Legends. reportzone.net/champions-in-s…,2025-10-13 21:14:57,2025-10-13 21:15:00,92
7358,LeagueOfLegends,Neutral,Champions in Gold Season 1 2020 | PlayStation Dev Video - League of Legends. reportzone. net / champions - in - s …,2025-10-13 21:14:57,2025-10-13 21:15:00,115
7358,LeagueOfLegends,Neutral,Champions 1 May 2020 | Live Video - League for Legends. reportzone.net/champions-in-s...,2025-10-13 21:14:57,2025-10-13 21:15:00,88
7359,LeagueOfLegends,Negative,league of legends to me is the one toxic ex I keep going back to eventho I know it's a waste of time and is killing my productivity,2025-10-13 21:14:57,2025-10-13 21:15:00,131
7359,LeagueOfLegends,Negative,League of Legends is for me the one toxic ex that I keep returning to Eventho. I know it's a waste of time and destroys my productivity.,2025-10-13 21:14:57,2025-10-13 21:15:00,136
7359,LeagueOfLegends,Negative,I know it's a waste of time and kills my productivity.,2025-10-13 21:14:57,2025-10-13 21:15:00,54
7359,LeagueOfLegends,Negative,league of legends to me is the one toxic ex I keep going back to like you know it's a waste of time and potentially killing my productivity,2025-10-13 21:14:57,2025-10-13 21:15:00,139
7359,LeagueOfLegends,Negative,league of legends to me is the one toxic ex I cannot keep going back to eventho I did know but it'R s a waste back of time and is killing up my productivity,2025-10-13 21:14:57,2025-10-13 21:15:00,156
7359,LeagueOfLegends,Negative,league from legends to these is the one toxic ex I keep going back to eventho I know it's a waste of gas and is killing off productivity,2025-10-13 21:14:57,2025-10-13 21:15:00,136
7360,LeagueOfLegends,Negative,i dont even feel like this playing fucking league of legends,2025-10-13 21:14:57,2025-10-13 21:15:00,60
7360,LeagueOfLegends,Negative,I don't even feel like this damn league of legends is playing,2025-10-13 21:14:57,2025-10-13 21:15:00,61
7360,LeagueOfLegends,Negative,I don't even feel like this fucking league of stars,2025-10-13 21:14:57,2025-10-13 21:15:00,51
7360,LeagueOfLegends,Negative,i dont even feel like this playing fucking league of soccer,2025-10-13 21:14:57,2025-10-13 21:15:00,59
7360,LeagueOfLegends,Negative,i dont not even feel like this playing fucking league team of legends,2025-10-13 21:14:57,2025-10-13 21:15:00,69
7360,LeagueOfLegends,Negative,i dont I feel like this this fucking league of legends,2025-10-13 21:14:57,2025-10-13 21:15:00,54
7361,LeagueOfLegends,Irrelevant,"// Christ. Sona with FOOD is the quality content I need in my life. Bless you, human person.",2025-10-13 21:14:57,2025-10-13 21:15:00,92
7361,LeagueOfLegends,Irrelevant,"/ / Christ. Sona with FOOD is the high quality content I need in my life. Bless you, man.",2025-10-13 21:14:57,2025-10-13 21:15:00,89
7361,LeagueOfLegends,Irrelevant,"/ / Christ. Sona with FOOD is the quality content I need in my life. Bless you, human person.",2025-10-13 21:14:57,2025-10-13 21:15:00,93
7361,LeagueOfLegends,Irrelevant,"// Yeah. Sona FREE FOOD is the quality content I need in my life. Bless you, human person.",2025-10-13 21:14:57,2025-10-13 21:15:00,90
7361,LeagueOfLegends,Irrelevant,"/ / Sweet Christ. Sona along with FOOD is the quality content I so need in my life. Bless me you, the human person.",2025-10-13 21:14:57,2025-10-13 21:15:00,115
7361,LeagueOfLegends,Irrelevant,"// Christ. ONLY with FOOD is any real content I need in my life. Bless you, human sacrifice.",2025-10-13 21:14:58,2025-10-13 21:15:00,92
7362,LeagueOfLegends,Irrelevant,GG und fucking well played!,2025-10-13 21:14:58,2025-10-13 21:15:00,27
7362,LeagueOfLegends,Irrelevant,GG and damn well played!,2025-10-13 21:14:58,2025-10-13 21:15:00,24
7362,LeagueOfLegends,Irrelevant,GG und fucking well played!,2025-10-13 21:14:58,2025-10-13 21:15:00,27
7362,LeagueOfLegends,Irrelevant,GG und fucking well play!,2025-10-13 21:14:58,2025-10-13 21:15:00,25
7362,LeagueOfLegends,Irrelevant,GG und fucking well... played!,2025-10-13 21:14:58,2025-10-13 21:15:00,30
7362,LeagueOfLegends,Irrelevant,GG und fucking been played!,2025-10-13 21:14:58,2025-10-13 21:15:00,27
7363,LeagueOfLegends,Negative,"@LeagueOfLegends Please don't change Quinn's hair to brown. It's been purple since her release. Why would you suddenly want to change it now 7 years later? If it was a full visual update I would understand, but changing *just* her hair colour for no reason sucks for Quinn mains. pic.twitter.com/ckLZ1RUSL1",2025-10-13 21:14:58,2025-10-13 21:15:00,306
7363,LeagueOfLegends,Negative,"@ LeagueOfLegends Please don't change Quinn's hair to brown. Since its release it's purple. Why do you suddenly want to change it 7 years later? If it was a full visual update, I would understand, but changing her hair color for no reason * just * annoys Quinn. pic.twitter.com / ckLZ1RUSL1",2025-10-13 21:14:58,2025-10-13 21:15:00,290
7363,LeagueOfLegends,Negative,@ LeagueOfLegends Please don't change Quinn's hair to brown. They've been purple since her release.,2025-10-13 21:14:58,2025-10-13 21:15:00,99
7363,LeagueOfLegends,Negative,"RhandlerR Please don't change Quinn's hair to brown. It's been purple since her release. Why would you suddenly want to change it now 7 years later? If it was a full visual update I would understand, but changing *just* her hair colour for no reason sucks for Quinn mains. pic.twitter.com/ckLZ1RUSL1",2025-10-13 21:14:58,2025-10-13 21:15:00,299
7363,LeagueOfLegends,Negative,"The RhandlerR Please don't change Quinn's hair to brown. It's been purple since her release. Why would you suddenly want to change it now 7 years later? If it was a full visual update I would understand, but changing *just* her hair colour for no reason sucks for Quinn mains. pic.twitter.com/ckLZ1RUSL1",2025-10-13 21:14:58,2025-10-13 21:15:00,303
7363,LeagueOfLegends,Negative,The,2025-10-13 21:14:58,2025-10-13 21:15:00,3
7364,LeagueOfLegends,Irrelevant,"Congratulations to advisor TJ Boriello and our eSports team, Jonas Azhak, Justin Hunka, Hrushi Mewada, Simon Pucino, Luay Salem, Joseph Scarpulla, Tristan Soriano, for making it to League of Legends Championship match tomorrow @ 4:00pm!",2025-10-13 21:14:58,2025-10-13 21:15:00,238
7364,LeagueOfLegends,Irrelevant,"Congratulations to consultant TJ Boriello and our eSports team, Jonas Azhak, Justin Hunka, Hrushi Mewada, Simon Pucino, Luay Salem, Joseph Scarpulla, Tristan Soriano, who made it to the League of Legends championship game tomorrow at 4 pm!",2025-10-13 21:14:58,2025-10-13 21:15:00,239
7364,LeagueOfLegends,Irrelevant,"Congratulations to Counselor TJ Boriello and our eSports team, Jonas Ajak, Justin Ha, Pear Mevada, Simon Puccino, Luai Salem, Joseph Scarpulla, Tristan Soriano, on reaching the League of Legends Championship tomorrow at 4: 00 PM!",2025-10-13 21:14:58,2025-10-13 21:15:00,229
7364,LeagueOfLegends,Irrelevant,"Congratulations to Chairman TJ Boriello and our eSports team, Jonas Azhak, Justin Hunka, Hrushi Mewada, Simon Pucino, Paul Wang, Dan Scarpulla, Tristan Soriano, for making up to League of Hawaii Championship match tomorrow @ 4:00pm!",2025-10-13 21:14:58,2025-10-13 21:15:00,232
7364,LeagueOfLegends,Irrelevant,"2018 Congratulations to advisor TJ Boriello and our eSports production team, Jonas Michael Azhak, Justin Di Hunka, and Hrushi Richard Mewada, Simon Pucino, Luay Salem, Joseph Scarpulla, Tristan Maria Soriano, for making it to League of Legends Championship match day tomorrow @ Sunday 4 : 20 00pm!",2025-10-13 21:14:58,2025-10-13 21:15:00,297
7364,LeagueOfLegends,Irrelevant,"Congratulations the Captain TJ Boriello & his eSports team, Jonas Azhak, Justin Hunka, Hrushi Mewada, Simon Gomez, Luay Cruz, Joseph Cabrera, Guillermo Torres, for making it to Code of Legends Championship match tomorrow @ 4:00pm!",2025-10-13 21:14:58,2025-10-13 21:15:00,230
7365,LeagueOfLegends,Neutral,Check out my video!,2025-10-13 21:14:58,2025-10-13 21:15:00,21
7365,LeagueOfLegends,Neutral,Take a look at my video!,2025-10-13 21:14:58,2025-10-13 21:15:00,24
7365,LeagueOfLegends,Neutral,Watch my video!,2025-10-13 21:14:58,2025-10-13 21:15:00,15
7365,LeagueOfLegends,Neutral,Check out my playlist!,2025-10-13 21:14:58,2025-10-13 21:15:00,22
7365,LeagueOfLegends,Neutral,Check it out my video!,2025-10-13 21:14:58,2025-10-13 21:15:00,22
7365,LeagueOfLegends,Neutral,Check out your video!,2025-10-13 21:14:58,2025-10-13 21:15:00,21
7366,LeagueOfLegends,Negative,"the implication that seraphine has witnessed jopping by superm and thus superm are officially part of league of legends lore,,, i cant do this anymore only in 2020 would something as absurd as fucking jopping make it into the carefully constructed lore of a billion dollar game",2025-10-13 21:14:58,2025-10-13 21:15:00,277
7366,LeagueOfLegends,Negative,"the implication that seraphin has witnessed how superm and thus superm are officially part of the League of Legends traditions, I can't do that until 2020, would make something as absurd as fucking jopping it into the carefully constructed lorry of a billion-dollar game",2025-10-13 21:14:58,2025-10-13 21:15:00,270
7366,LeagueOfLegends,Negative,"The implication that the seraphine witnessed the juggling of the superman, and thus the superman is officially in the Superman league, I won't be able to do it again until 2020 if something as absurd as juggling gets into a billion-dollar carefully thought-out game.",2025-10-13 21:14:58,2025-10-13 21:15:00,266
7366,LeagueOfLegends,Negative,"the implication has seraphine actually witnessed jopping by superm and thus superm are officially part of league of legends lore,,, i cant do anything anymore only in 2020 would something as absurd as fucking jopping makes it into the loosely constructed lore of a billion dollar game",2025-10-13 21:14:58,2025-10-13 21:15:00,284
7366,LeagueOfLegends,Negative,"the implication that seraphine God has witnessed jopping followed by superm and thus superm that are officially part of league one of funny legends human lore,,, but i cant do this anymore only in 2020 would suppose something as nearly absurd as fucking about jopping make it into the carefully constructed lore of a billion dollar game",2025-10-13 21:14:58,2025-10-13 21:15:00,336
7366,LeagueOfLegends,Negative,"the fact that seraphine bears witnessed jopping by superm and thus superm are never part to league of legends lore,,, i cant argue this again not in 2020 would something as absurd as fucking jopping make it onto the carefully hidden lore of a billion dollar game",2025-10-13 21:14:58,2025-10-13 21:15:00,262
7367,LeagueOfLegends,Negative,"Attention: due to fear of getting coronavirus I will not be having a girlfriend at this time. that is the only reason! Please do not believe rumors that I am a \"league of legends player\" or \"ugly\"",2025-10-13 21:14:58,2025-10-13 21:15:00,196
7367,LeagueOfLegends,Negative,"Attention: for fear of the coronavirus, I will not have a girlfriend at this time. this is the only reason! Please do not believe rumors that I am a \"legend player\" or \"ugly.\"",2025-10-13 21:14:58,2025-10-13 21:15:00,175
7367,LeagueOfLegends,Negative,"Please don't believe the rumors that I'm a \"Champions League player\" or \"ugly\" because I'm afraid I won't have a girlfriend at the time.",2025-10-13 21:14:58,2025-10-13 21:15:00,136
7367,LeagueOfLegends,Negative,"Attention: due to fear of getting coronavirus you will not be having a girlfriend at this time. that is the only reason! Please do never believe rumors that I am a \"league of legends player\" meaning \"ugly\"",2025-10-13 21:14:58,2025-10-13 21:15:00,205
7367,LeagueOfLegends,Negative,"Get Attention : Maybe due to fear of also getting coronavirus vaccine I will not be having a pregnant girlfriend at this time. Testing that explanation is the second only reason! Please don't believe rumors that I am a \" baseball league of legends player \" or \" ugly \"",2025-10-13 21:14:58,2025-10-13 21:15:00,268
7367,LeagueOfLegends,Negative,"Attention: due to my either getting coronavirus or will not be getting a girlfriend all this time. that is the only reason! Please do not believe rumors that I am a \"league level legends player\" that \"ugly\"",2025-10-13 21:14:58,2025-10-13 21:15:00,206
7368,LeagueOfLegends,Negative,Nobody asked for fuckin pokemon league of legends.... I am heart broken beyond repair,2025-10-13 21:14:58,2025-10-13 21:15:00,85
7368,LeagueOfLegends,Negative,No one asked about the damn Pokemon League of Legends.... I'm heartbroken and beyond repair.,2025-10-13 21:14:58,2025-10-13 21:15:00,92
7368,LeagueOfLegends,Negative,No one asked for a fucking Pokémon Champions League... Heart broken beyond belief,2025-10-13 21:14:58,2025-10-13 21:15:00,81
7368,LeagueOfLegends,Negative,Nobody asked for fuckin pokemon out of legends.... I am heart broken beyond repair,2025-10-13 21:14:58,2025-10-13 21:15:00,82
7368,LeagueOfLegends,Negative,Nobody asked for any fuckin pokemon league of legends.... I too am heart broken up beyond any repair,2025-10-13 21:14:58,2025-10-13 21:15:00,100
7368,LeagueOfLegends,Negative,Nobody asked my fuckin pokemon league business legends.... I am heart sick beyond repair,2025-10-13 21:14:58,2025-10-13 21:15:00,88
7369,LeagueOfLegends,Neutral,Tencent is clearly the actual story here lol. Did trump just ban League of Legends?,2025-10-13 21:14:58,2025-10-13 21:15:00,83
7369,LeagueOfLegends,Neutral,Tencent is clearly the real story here lol. Did trump just ban League of Legends?,2025-10-13 21:14:58,2025-10-13 21:15:00,81
7369,LeagueOfLegends,Neutral,Tencent is certainly a relevant story in this case lol. Did Trump just ban Legends League?,2025-10-13 21:14:58,2025-10-13 21:15:00,90
7369,LeagueOfLegends,Neutral,Tencent is clearly the actual story here lol. Did trump really ban League of Legends?,2025-10-13 21:14:58,2025-10-13 21:15:00,85
7369,LeagueOfLegends,Neutral,Tencent is still clearly the still actual only story here lol. Did trump just ban League of Three Legends?,2025-10-13 21:14:58,2025-10-13 21:15:00,106
7369,LeagueOfLegends,Neutral,Tencent Was clearly a actual story here lol. Did someone just ban League of Legends?,2025-10-13 21:14:58,2025-10-13 21:15:00,84
7370,LeagueOfLegends,Negative,man gets tilted because riot servers ruin his competitive league of legends experience twitch.tv/buzzoce,2025-10-13 21:14:58,2025-10-13 21:15:00,104
7370,LeagueOfLegends,Negative,Man tipped for ruining his competitive League of Legends experience twitch.tv / buzzoce,2025-10-13 21:14:58,2025-10-13 21:15:00,87
7370,LeagueOfLegends,Negative,man gets a tilt because a server revolt destroys his competitive league of experiments. tch.tv / buzzoce,2025-10-13 21:14:58,2025-10-13 21:15:00,104
7370,LeagueOfLegends,Negative,man gets tilted because riot servers ruin his competitive league of legends experience twitch.tv/buzzoce,2025-10-13 21:14:58,2025-10-13 21:15:00,104
7370,LeagueOfLegends,Negative,with man gets tilted because riot servers ruin his competitive league of legends experience twitch.tv/buzzoce,2025-10-13 21:14:58,2025-10-13 21:15:00,109
7370,LeagueOfLegends,Negative,What,2025-10-13 21:14:58,2025-10-13 21:15:00,4
7371,LeagueOfLegends,Neutral,Lifetime RP Rewards (Allegedly) Awesome | League of Legends News | TradeChat zonestream.cx/lifetime-rp-re…... https://t.co/wUSRsxv2qO,2025-10-13 21:14:58,2025-10-13 21:15:00,133
7371,LeagueOfLegends,Neutral,Lifetime RP rewards (supposedly) Awesome | League of Legends News | TradeChat zonestream.cx / lifetime-rp-re...... https: / / t.co / wUSRsxv2qO,2025-10-13 21:14:58,2025-10-13 21:15:00,143
7371,LeagueOfLegends,Neutral,LiveRP Rewards () Africa League of Legends News - TradeChat zonestream.cx / lifetime-rp-re......,2025-10-13 21:14:58,2025-10-13 21:15:00,96
7371,LeagueOfLegends,Neutral,Lifetime Radar Rewards (Allegedly) Awesome New League of Legends News | TradeChat zonestream.cx/lifetime-rp-re…....],2025-10-13 21:14:58,2025-10-13 21:15:00,116
7371,LeagueOfLegends,Neutral,Lifetime RP Entertainment Rewards ( Allegedly ) is Awesome | TNT League of Legends Entertainment News | ABC TradeChat zonestream. t cx / end lifetime - rp - re... …... post https://t.co/wUSRsxv2qO ],2025-10-13 21:14:58,2025-10-13 21:15:00,198
7371,LeagueOfLegends,Neutral,<unk> RP<unk> (Allegedly) • | League One Central News | TradeChat Twitter.cx/lifetime-rp-re...... ‘],2025-10-13 21:14:58,2025-10-13 21:15:00,100
7372,LeagueOfLegends,Neutral,GUESS WHOS BACK IN THE GYM TOMORROW. LIVE 6pm AEST. twitch.tv/1trickporo. Discord: discord.gg/pbnfG2.,2025-10-13 21:14:58,2025-10-13 21:15:00,103
7372,LeagueOfLegends,Neutral,GUESS WHOS BACK IN THE GYM TOMORROW. LIVE 6pm AEST. twitch.tv / 1trickporo. Discord: discord.gg / pbnfG2.,2025-10-13 21:14:58,2025-10-13 21:15:00,105
7372,LeagueOfLegends,Neutral,LIVE 18.00 AEST. tch.tv / 1trickporo. Discord: discord.gg / pbnfG2.,2025-10-13 21:14:58,2025-10-13 21:15:00,67
7372,LeagueOfLegends,Neutral,GUESS WHOS BACK IN THE GYM TOMORROW. LIVE 6pm AEST. twitch.tv/1trickporo. Discord: discord.gg/pbnfG2.,2025-10-13 21:14:58,2025-10-13 21:15:00,103
7372,LeagueOfLegends,Neutral,Radio GUESS WHOS BACK IN THE GYM TOMORROW. LIVE 6pm AEST. twitch.tv/1trickporo. Discord: discord.gg/pbnfG2.,2025-10-13 21:14:58,2025-10-13 21:15:00,109
7372,LeagueOfLegends,Neutral,You,2025-10-13 21:14:58,2025-10-13 21:15:00,3
7373,LeagueOfLegends,Negative,@LeagueOfLegends why does warring kingdoms xin zhao not have a horse? pic.twitter.com/4PoLxzC2d6,2025-10-13 21:14:58,2025-10-13 21:15:00,96
7373,LeagueOfLegends,Negative,@ LeagueOfLegends Why does warring kingdoms xin zhao not have a horse? pic.twitter.com / 4PoLxzC2d6,2025-10-13 21:14:58,2025-10-13 21:15:00,99
7373,LeagueOfLegends,Negative,@ LeagueOfLegends why don't the warring kingdoms of Xin Zhao have a horse? pic.wikipedia.org / 4PoLxzC2d6,2025-10-13 21:14:58,2025-10-13 21:15:00,105
7373,LeagueOfLegends,Negative,RhandlerR why does warring kingdoms xin zhao not have a horse? pic.twitter.com/4PoLxzC2d6,2025-10-13 21:14:58,2025-10-13 21:15:00,89
7373,LeagueOfLegends,Negative,v RhandlerR why does warring kingdoms xin zhao not have a horse? pic.twitter.com/4PoLxzC2d6,2025-10-13 21:14:58,2025-10-13 21:15:00,91
7373,LeagueOfLegends,Negative,there,2025-10-13 21:14:58,2025-10-13 21:15:00,5
7374,LeagueOfLegends,Positive,It's that time again! More ranked League of Legends! Follow the progress @ twitch.tv/thvandy,2025-10-13 21:14:58,2025-10-13 21:15:00,94
7374,LeagueOfLegends,Positive,It's that time again! League of Legends! Follow the progress @ twitch.tv / thvandy,2025-10-13 21:14:58,2025-10-13 21:15:00,82
7374,LeagueOfLegends,Positive,Follow the progress of League of Legends again @ tch.tv / thvandy,2025-10-13 21:14:58,2025-10-13 21:15:00,65
7374,LeagueOfLegends,Positive,It's that time again! More ranked League of Legends! Follow the progress @ twitch.tv/thvandy,2025-10-13 21:14:58,2025-10-13 21:15:00,94
7374,LeagueOfLegends,Positive,on It's that time again! More ranked League of Legends! Follow the progress @ twitch.tv/thvandy,2025-10-13 21:14:58,2025-10-13 21:15:00,97
7374,LeagueOfLegends,Positive,a,2025-10-13 21:14:58,2025-10-13 21:15:00,1
7375,LeagueOfLegends,Negative,"@LeagueOfLegends @riotgames Am I the only one who, since the patch, has a problem with sensitivity of mouse on MAC OS ? it is very frustrating since I didnt chance my setup, yet everything feels different. Do you have any idea ?",2025-10-13 21:14:58,2025-10-13 21:15:00,228
7375,LeagueOfLegends,Negative,"@ LeagueOfLegends @ riotgames Am I the only one who has a problem with the sensitivity of the mouse on MAC OS since the patch? It's very frustrating because I didn't choose my setup randomly, but everything feels different. Do you have a clue?",2025-10-13 21:14:58,2025-10-13 21:15:00,243
7375,LeagueOfLegends,Negative,"@ LeagueOfLegends @ riotgames Am I the only one who, since the patch, has had problems with mouse sensitivity on MAC OS?",2025-10-13 21:14:58,2025-10-13 21:15:00,120
7375,LeagueOfLegends,Negative,"@LeagueOfLegends @riotgames Am I your only one who, after the patch, has a problem with sensitivity of mouse or MAC OS? it<unk> very frustrating as I didnt chance my setup, yet everything feels different. Do you have any idea?",2025-10-13 21:14:58,2025-10-13 21:15:00,226
7375,LeagueOfLegends,Negative,"16 @LeagueOfLegends @riotgames Am I the only one present who, ever since the patch, has a problem with sensitivity of mouse on MAC OS? it is very frustrating though since I didnt chance anything my little setup, yet... everything feels different. 3 Do do you have that any idea?",2025-10-13 21:14:58,2025-10-13 21:15:00,278
7375,LeagueOfLegends,Negative,"@LeagueOfLegends Q Am I the only one who, since the patch, have a trouble with sensitivity of mouse or MAC keyboard? it gets very frustrating since I didnt know my setup, yet everything fits different. Do you have any idea?",2025-10-13 21:14:58,2025-10-13 21:15:00,223
7376,LeagueOfLegends,Negative,HOLY SHIT WHAT WORLD ARE WE IN?!,2025-10-13 21:14:58,2025-10-13 21:15:00,32
7376,LeagueOfLegends,Negative,HOLY SHOTS WHAT ARE WE IN WE?!,2025-10-13 21:14:58,2025-10-13 21:15:00,30
7376,LeagueOfLegends,Negative,HOLI SHIT WHAT IN THE WORLD?!,2025-10-13 21:14:58,2025-10-13 21:15:00,29
7376,LeagueOfLegends,Negative,HOLY SHIT WHAT WORLD WHO WE IN?!,2025-10-13 21:14:58,2025-10-13 21:15:00,32
7376,LeagueOfLegends,Negative,42 HOLY SHIT WHAT WORLD I ARE WE getting IN?!,2025-10-13 21:14:58,2025-10-13 21:15:00,45
7376,LeagueOfLegends,Negative,HOLY BUSINESS WHAT WORLD ARE WE<unk>?!,2025-10-13 21:14:58,2025-10-13 21:15:00,38
7377,LeagueOfLegends,Irrelevant,"Scratch that, cancelled as well. .",2025-10-13 21:14:58,2025-10-13 21:15:00,35
7377,LeagueOfLegends,Irrelevant,"Scratch that, cancel it.",2025-10-13 21:14:58,2025-10-13 21:15:00,24
7377,LeagueOfLegends,Irrelevant,"Scrape it, cancel it too...",2025-10-13 21:14:58,2025-10-13 21:15:00,27
7377,LeagueOfLegends,Irrelevant,"Scratch Bowl, cancelled as well..",2025-10-13 21:14:58,2025-10-13 21:15:00,33
7377,LeagueOfLegends,Irrelevant,"and Scratch that, cancelled off as well..",2025-10-13 21:14:58,2025-10-13 21:15:00,41
7377,LeagueOfLegends,Irrelevant,"Scratch that, cancelled as expected..",2025-10-13 21:14:58,2025-10-13 21:15:00,37
7378,LeagueOfLegends,Irrelevant,tweeting this because i lost $200 on the stock market game on my phone.... going through a lot rn .,2025-10-13 21:14:58,2025-10-13 21:15:00,100
7378,LeagueOfLegends,Irrelevant,I'm tweeting this because I lost $200 on the stock market on my phone... and have been through a lot.,2025-10-13 21:14:58,2025-10-13 21:15:00,101
7378,LeagueOfLegends,Irrelevant,twitter is because I lost $200 on the stock market on my phone.... went through a lot.,2025-10-13 21:14:58,2025-10-13 21:15:00,86
7378,LeagueOfLegends,Irrelevant,tweeting this because i lost $200 on the stock market game on a phone.... going through this lot rn.,2025-10-13 21:14:58,2025-10-13 21:15:00,100
7378,LeagueOfLegends,Irrelevant,tweeting this happened because i lost $ 200 on calling the stock to market game on about my phone.... going through nearly a lot rn.,2025-10-13 21:14:58,2025-10-13 21:15:00,132
7378,LeagueOfLegends,Irrelevant,tweeting below that i missed $200 on the stock market game on my phone.... going through this lot rn.,2025-10-13 21:14:58,2025-10-13 21:15:00,101
7379,LeagueOfLegends,Neutral,I actually want to play Pokémon league of legends so badly holy shit I wish there was a voice chat so I can call everyone racisal slurs while we’re losing just like in the actual League or Legends,2025-10-13 21:14:58,2025-10-13 21:15:00,196
7379,LeagueOfLegends,Neutral,I actually want to play a Pokémon League of Legends that is so bad holy shit that I wish there was a voice chat so I can call everyone racist slurs while we're losing just like in the league or the Legends.,2025-10-13 21:14:58,2025-10-13 21:15:00,206
7379,LeagueOfLegends,Neutral,I actually want to play Pokémon League so bad that I wish there was a voice chat so I could call everyone racist abuse while we're losing like in a real league or Pokémon League,2025-10-13 21:14:58,2025-10-13 21:15:00,177
7379,LeagueOfLegends,Neutral,I actually want to play Pokémon league of legends so badly holy sometimes I wish there was this voice chat so I can call everyone actual slurs while we’re losing just barely in the actual League or Legends,2025-10-13 21:14:58,2025-10-13 21:15:00,205
7379,LeagueOfLegends,Neutral,While I might actually want to help play Pokémon racing league of legends so badly holy shit I wish there was a voice chat so that I can call everyone its racisal slurs while we ’ re losing experience just like in both the actual Legends League or Legends,2025-10-13 21:14:58,2025-10-13 21:15:00,255
7379,LeagueOfLegends,Neutral,I actually make them play Pokemon league of legends so badly holy shit I forgot he was a voice chat so I can spar everyone racisal slurs while we’re losing just points in some actual League or Legends,2025-10-13 21:14:58,2025-10-13 21:15:00,200
7380,LeagueOfLegends,Neutral,Check out my video!,2025-10-13 21:14:58,2025-10-13 21:15:00,21
7380,LeagueOfLegends,Neutral,Take a look at my video!,2025-10-13 21:14:58,2025-10-13 21:15:00,24
7380,LeagueOfLegends,Neutral,Watch my video!,2025-10-13 21:14:58,2025-10-13 21:15:00,15
7380,LeagueOfLegends,Neutral,Check out my slideshow!,2025-10-13 21:14:58,2025-10-13 21:15:00,23
7380,LeagueOfLegends,Neutral,... Check out my video!,2025-10-13 21:14:58,2025-10-13 21:15:00,23
7380,LeagueOfLegends,Neutral,pulled out my video!,2025-10-13 21:14:58,2025-10-13 21:15:00,20
7381,LeagueOfLegends,Neutral,Miss Fortune vs Tahm Kench - league-of-hentai.com/miss-fortune-v…. .,2025-10-13 21:14:58,2025-10-13 21:15:00,70
7381,LeagueOfLegends,Neutral,Miss Fortune vs Tahm Kench - league-of-hentai.com / miss-fortune-v.....,2025-10-13 21:14:58,2025-10-13 21:15:00,71
7381,LeagueOfLegends,Neutral,Miss Foundation vs Femme Kench - league-of-hentai.com / miss-fortune-v.....,2025-10-13 21:14:58,2025-10-13 21:15:00,75
7381,LeagueOfLegends,Neutral,Miss Fortune vs Tahm<unk> - courtesy-of-hentai.com/miss-fortune-v…..,2025-10-13 21:14:58,2025-10-13 21:15:00,68
7381,LeagueOfLegends,Neutral,2016 Miss Fortune Taylor vs Tahm Kench - v league - of - hentai. per com / miss - fortune - v …..,2025-10-13 21:14:58,2025-10-13 21:15:00,97
7381,LeagueOfLegends,Neutral,of Fortune vs K Da - Date-of-hentai.com/miss-fortune-v.....,2025-10-13 21:14:58,2025-10-13 21:15:00,59
7382,LeagueOfLegends,Neutral,Check out my video!,2025-10-13 21:14:58,2025-10-13 21:15:00,21
7382,LeagueOfLegends,Neutral,Take a look at my video!,2025-10-13 21:14:58,2025-10-13 21:15:00,24
7382,LeagueOfLegends,Neutral,Watch my video!,2025-10-13 21:14:58,2025-10-13 21:15:00,15
7382,LeagueOfLegends,Neutral,Check out my photos!,2025-10-13 21:14:58,2025-10-13 21:15:00,20
7382,LeagueOfLegends,Neutral,Check out my DJ video!,2025-10-13 21:14:58,2025-10-13 21:15:00,22
7382,LeagueOfLegends,Neutral,Check out its video!,2025-10-13 21:14:58,2025-10-13 21:15:00,20
7383,LeagueOfLegends,Negative,"league of legends sucks, play rogue company! Way better!!",2025-10-13 21:14:58,2025-10-13 21:15:00,57
7383,LeagueOfLegends,Negative,"League of Legends sucks, play rogue company! Far better!!",2025-10-13 21:14:58,2025-10-13 21:15:00,57
7383,LeagueOfLegends,Negative,"лига отсосов, играй в разбойничу компания!!!!!!!!!!!!!!!!!!!!!!!!!!!!!!!!!!!!!!!!!!!!!!!!!!!!!!!!!!!!!!!!!!!!!!!!!!!!!!!!!!!!!!!!!!!!!!!!!!!!!!!!!!!!!!!!!!!!!!!!!!!!!!!!!!!!",2025-10-13 21:14:58,2025-10-13 21:15:00,173
7383,LeagueOfLegends,Negative,"league of legends guys, play rogue company! Way better!!",2025-10-13 21:14:58,2025-10-13 21:15:00,56
7383,LeagueOfLegends,Negative,"league of legends sucks, to play rogue company! What Way better!!",2025-10-13 21:14:58,2025-10-13 21:15:00,65
7383,LeagueOfLegends,Negative,"league of legends and, play rogue company! Even better!!",2025-10-13 21:14:58,2025-10-13 21:15:00,56
7384,LeagueOfLegends,Positive,League of Legends taught me to come to terms with my own disappointing third novel,2025-10-13 21:14:58,2025-10-13 21:15:00,82
7384,LeagueOfLegends,Positive,League of Legends has taught me to process my own disappointing third novel,2025-10-13 21:14:58,2025-10-13 21:15:00,75
7384,LeagueOfLegends,Positive,League of Legends taught me to come to terms with my own disappointing third novel,2025-10-13 21:14:58,2025-10-13 21:15:00,82
7384,LeagueOfLegends,Positive,League of Legends taught me to come to terms with my utterly disappointing third novel,2025-10-13 21:14:58,2025-10-13 21:15:00,86
7384,LeagueOfLegends,Positive,League Realm of Legends taught me to come to terms with my own disappointing upcoming third published novel,2025-10-13 21:14:58,2025-10-13 21:15:00,107
7384,LeagueOfLegends,Positive,<unk> Among Legends taught me to come to terms with my own disappointing third novel,2025-10-13 21:14:58,2025-10-13 21:15:00,84
7385,LeagueOfLegends,Negative,Tbh looking at all these talented dudes and how low their sub count is makes me really uncomfortable...,2025-10-13 21:14:58,2025-10-13 21:15:00,103
7385,LeagueOfLegends,Negative,"Tbh, when I look at all these talented guys and how low their numbers are, I really feel uncomfortable...",2025-10-13 21:14:58,2025-10-13 21:15:00,105
7385,LeagueOfLegends,Negative,Tbh looking at all these talented guys and how low their number makes me really uncomfortable...,2025-10-13 21:14:58,2025-10-13 21:15:00,96
7385,LeagueOfLegends,Negative,Tbh looking to all these talented dudes and just low their sub count is makes me really uncomfortable...,2025-10-13 21:14:58,2025-10-13 21:15:00,104
7385,LeagueOfLegends,Negative,Tbh just looking at all of these talented dudes and seeing how low their sub count truly is makes me really uncomfortable...,2025-10-13 21:14:58,2025-10-13 21:15:00,124
7385,LeagueOfLegends,Negative,Tbh looking into all these talented musicians and how low their sub count is makes me really wonder...,2025-10-13 21:14:58,2025-10-13 21:15:00,102
7386,LeagueOfLegends,Positive,"great stream, today. thank you all for coming out for the first ever League of Legends stream. gonna be doing that a lot more now.",2025-10-13 21:14:58,2025-10-13 21:15:00,130
7386,LeagueOfLegends,Positive,"great stream, today. Thank you all for coming out for the first League of Legends stream. I will do that much more now.",2025-10-13 21:14:58,2025-10-13 21:15:00,119
7386,LeagueOfLegends,Positive,"great stream, today. thank you all for coming out for the first ever League of Legends stream. gonna be doing that a lot more now.",2025-10-13 21:14:58,2025-10-13 21:15:00,130
7386,LeagueOfLegends,Positive,"great stream, today. thank you all for coming out for the first successful League of Legends stream. gonna try doing that a lot more now.",2025-10-13 21:14:58,2025-10-13 21:15:00,137
7386,LeagueOfLegends,Positive,"great athletic stream, today. thank you you all for... coming out for the first ever League of Eastern Legends stream. are gonna be doing that a lot more now.",2025-10-13 21:14:58,2025-10-13 21:15:00,158
7386,LeagueOfLegends,Positive,"the stream, today. thank you all about coming out for the first ever League of Legends stream. better be on that a lot more now.",2025-10-13 21:14:58,2025-10-13 21:15:00,128
7387,LeagueOfLegends,Neutral,Check out my video!,2025-10-13 21:14:58,2025-10-13 21:15:00,21
7387,LeagueOfLegends,Neutral,Take a look at my video!,2025-10-13 21:14:58,2025-10-13 21:15:00,24
7387,LeagueOfLegends,Neutral,Watch my video!,2025-10-13 21:14:58,2025-10-13 21:15:00,15
7387,LeagueOfLegends,Neutral,Check out my portfolio!,2025-10-13 21:14:58,2025-10-13 21:15:00,23
7387,LeagueOfLegends,Neutral,Check out my daily video!,2025-10-13 21:14:58,2025-10-13 21:15:00,25
7387,LeagueOfLegends,Neutral,Check out my photos!,2025-10-13 21:14:58,2025-10-13 21:15:00,20
7388,LeagueOfLegends,Positive,6 game loss streak baby I love league of legends,2025-10-13 21:14:58,2025-10-13 21:15:00,48
7388,LeagueOfLegends,Positive,6-game losing streak Baby I Love League of Legends,2025-10-13 21:14:58,2025-10-13 21:15:00,50
7388,LeagueOfLegends,Positive,"A 6-game losing streak, I love the Champions League",2025-10-13 21:14:58,2025-10-13 21:15:00,51
7388,LeagueOfLegends,Positive,6 game loss streak and I love league of legends,2025-10-13 21:14:58,2025-10-13 21:15:00,47
7388,LeagueOfLegends,Positive,6 game winning loss streak baby guy I love league of legends,2025-10-13 21:14:58,2025-10-13 21:15:00,60
7388,LeagueOfLegends,Positive,6 game loss streak baby I mean league of legends,2025-10-13 21:14:58,2025-10-13 21:15:00,48
7389,LeagueOfLegends,Neutral,"Had a thought, kbm players use to  play  league of legends before fortnite the fucking neeks .",2025-10-13 21:14:58,2025-10-13 21:15:00,95
7389,LeagueOfLegends,Neutral,Had a thought to use kbm players to play League of Legends before fortnightly the damn nephews.,2025-10-13 21:14:58,2025-10-13 21:15:00,95
7389,LeagueOfLegends,Neutral,"We thought about what the players use to play in the Champions League, before forging fucking nudists.",2025-10-13 21:14:58,2025-10-13 21:15:00,102
7389,LeagueOfLegends,Neutral,"Had a thought, most players use to  play  league the legends before fortnite the fucking neeks.",2025-10-13 21:14:58,2025-10-13 21:15:00,95
7389,LeagueOfLegends,Neutral,"Had a thought, 3 kbm The players too use to always play league of legends before fortnite the fucking neeks.",2025-10-13 21:14:58,2025-10-13 21:15:00,108
7389,LeagueOfLegends,Neutral,"Had a thought, kbm will use to give league to legends before when the fucking neeks.",2025-10-13 21:14:58,2025-10-13 21:15:00,84
7390,LeagueOfLegends,Positive,Played for years cant say it was anything that luck that kept me from being punished lmfao,2025-10-13 21:14:58,2025-10-13 21:15:00,90
7390,LeagueOfLegends,Positive,Played for years can not say that it was something lucky that prevented me from being punished. lmfao,2025-10-13 21:14:58,2025-10-13 21:15:00,101
7390,LeagueOfLegends,Positive,Played for years cant say it was anything that luck that kept me from being punished lmfao,2025-10-13 21:14:58,2025-10-13 21:15:00,90
7390,LeagueOfLegends,Positive,Played for years cant say it was anything that luck that saved me from being blocked lmfao,2025-10-13 21:14:58,2025-10-13 21:15:00,90
7390,LeagueOfLegends,Positive,Played for years cant we say it was anything that I luck that kept with me from being soon punished lmfao,2025-10-13 21:14:58,2025-10-13 21:15:00,105
7390,LeagueOfLegends,Positive,Played for years cant say it was anything that failed that kept in for being punished lmfao,2025-10-13 21:14:58,2025-10-13 21:15:00,91
7391,LeagueOfLegends,Irrelevant,we need to stop this propaganda,2025-10-13 21:14:58,2025-10-13 21:15:00,31
7391,LeagueOfLegends,Irrelevant,We must stop this propaganda,2025-10-13 21:14:58,2025-10-13 21:15:00,28
7391,LeagueOfLegends,Irrelevant,we must stop this propaganda,2025-10-13 21:14:58,2025-10-13 21:15:00,28
7391,LeagueOfLegends,Irrelevant,we need to stop creating propaganda,2025-10-13 21:14:58,2025-10-13 21:15:00,35
7391,LeagueOfLegends,Irrelevant,we need to stop behind this propaganda,2025-10-13 21:14:58,2025-10-13 21:15:00,38
7391,LeagueOfLegends,Irrelevant,we supposed to stop this propaganda,2025-10-13 21:14:58,2025-10-13 21:15:00,35
7392,LeagueOfLegends,Negative,League of Legends is having issues since 1:35 AM EDT. downdetector.com/status/league-… RT if it's down for you as well,2025-10-13 21:14:58,2025-10-13 21:15:00,120
7392,LeagueOfLegends,Negative,League of Legends has been out since 1: 35am. downdetector.com / status / league-... RT even if it's down for you,2025-10-13 21:14:58,2025-10-13 21:15:00,113
7392,LeagueOfLegends,Negative,"League of Legends is in trouble from 1: 35am EDT. downloadsor.com / status / league-... RT if it doesn't work for you, too.",2025-10-13 21:14:58,2025-10-13 21:15:00,123
7392,LeagueOfLegends,Negative,League of Legends is having issues since 1:35 AM EDT. downdetector.com/status/league-… Check if it's down for longer as<unk>,2025-10-13 21:14:58,2025-10-13 21:15:00,124
7392,LeagueOfLegends,Negative,... League of Legends is having ratings issues continuously since 1 : 35 AM to EDT. downdetector. de com / status / league - … RT if it's written down for you as being well,2025-10-13 21:14:58,2025-10-13 21:15:00,172
7392,LeagueOfLegends,Negative,League of Legends has having issues since 1:35 AM EDT. downdetector.com/status/league-... RT if someone's sensitive for this then well,2025-10-13 21:14:58,2025-10-13 21:15:00,134
7393,LeagueOfLegends,Positive,No i like u motherfucker now kiss me,2025-10-13 21:14:58,2025-10-13 21:15:00,36
7393,LeagueOfLegends,Positive,No i like u motherfucker now kiss me,2025-10-13 21:14:58,2025-10-13 21:15:00,36
7393,LeagueOfLegends,Positive,No i like u motherfucker now kiss me,2025-10-13 21:14:58,2025-10-13 21:15:00,36
7393,LeagueOfLegends,Positive,No i better u motherfucker now kiss me,2025-10-13 21:14:58,2025-10-13 21:15:00,38
7393,LeagueOfLegends,Positive,No i you like do u motherfucker now kiss me,2025-10-13 21:14:58,2025-10-13 21:15:00,43
7393,LeagueOfLegends,Positive,No i can u motherfucker now kiss me,2025-10-13 21:14:58,2025-10-13 21:15:00,35
7394,LeagueOfLegends,Neutral,@lilbabyadrian is live once again playing some LoL make sure to check it out. This man streams won’t disappoint! twitch.tv/spflow .,2025-10-13 21:14:58,2025-10-13 21:15:00,133
7394,LeagueOfLegends,Neutral,@ lilbabyadrian is back live and playing some LoL songs. This man stream will not disappoint you! twitch.tv / spflow.,2025-10-13 21:14:58,2025-10-13 21:15:00,117
7394,LeagueOfLegends,Neutral,"@ lilbabyadrian is playing some LoL live again, be sure to check.",2025-10-13 21:14:58,2025-10-13 21:15:00,65
7394,LeagueOfLegends,Neutral,RhandlerR is live once again playing some LoL make sure to check it out. This man streams won’t disappoint! twitch.tv/spflow .,2025-10-13 21:14:58,2025-10-13 21:15:00,128
7394,LeagueOfLegends,Neutral,see RhandlerR is live once again playing some LoL make sure to check it out. This man streams won’t disappoint! twitch.tv/spflow .,2025-10-13 21:14:58,2025-10-13 21:15:00,132
7394,LeagueOfLegends,Neutral,do,2025-10-13 21:14:58,2025-10-13 21:15:00,2
7395,LeagueOfLegends,Irrelevant,ranked en silver c tipar,2025-10-13 21:14:58,2025-10-13 21:15:00,24
7395,LeagueOfLegends,Irrelevant,Rank en Silver c tipar,2025-10-13 21:14:58,2025-10-13 21:15:00,22
7395,LeagueOfLegends,Irrelevant,takes a silver position with a typeface,2025-10-13 21:14:58,2025-10-13 21:15:00,39
7395,LeagueOfLegends,Irrelevant,ranked en silver de tipar,2025-10-13 21:14:58,2025-10-13 21:15:00,25
7395,LeagueOfLegends,Irrelevant,ranked en silver c tipar,2025-10-13 21:14:58,2025-10-13 21:15:00,24
7395,LeagueOfLegends,Irrelevant,ranked en silver c<unk>,2025-10-13 21:14:58,2025-10-13 21:15:00,23
7396,LeagueOfLegends,Positive,sometimes league of legends bugs are a blessing in disguise. @darryl_ty pic.twitter.com/jO45uFhhIO,2025-10-13 21:14:58,2025-10-13 21:15:00,98
7396,LeagueOfLegends,Positive,sometimes League of Legends mistakes are a blessing in disguise. @ darryl _ ty pic.twitter.com / jO45uFhhIO,2025-10-13 21:14:58,2025-10-13 21:15:00,107
7396,LeagueOfLegends,Positive,@ darryl _ ty pic.su / jO45uFhhIO,2025-10-13 21:14:58,2025-10-13 21:15:00,33
7396,LeagueOfLegends,Positive,sometimes league of legends bugs are a blessing in disguise. RhandlerR pic.twitter.com/jO45uFhhIO,2025-10-13 21:14:58,2025-10-13 21:15:00,97
7396,LeagueOfLegends,Positive,Radio sometimes league of legends bugs are a blessing in disguise. RhandlerR pic.twitter.com/jO45uFhhIO,2025-10-13 21:14:58,2025-10-13 21:15:00,103
7396,LeagueOfLegends,Positive,is,2025-10-13 21:14:58,2025-10-13 21:15:00,2
7397,LeagueOfLegends,Positive,Coven Morgana owl transformation.  I'm so excited about her new skin . . @lol_es @LeagueOfLegends,2025-10-13 21:14:58,2025-10-13 21:15:00,99
7397,LeagueOfLegends,Positive,Coven Morgana owl transformation. I'm so excited about her new skin.. @ lol _ es @ LeagueOfLegends,2025-10-13 21:14:58,2025-10-13 21:15:00,98
7397,LeagueOfLegends,Positive,I'm so excited about her new skin... @ lol _ es @ LeagueOfLegends,2025-10-13 21:14:58,2025-10-13 21:15:00,65
7397,LeagueOfLegends,Positive,Coven Morgana owl skin.  I'm so excited about her new skin. Source @lol_es @LeagueOfLegends,2025-10-13 21:14:58,2025-10-13 21:15:00,91
7397,LeagueOfLegends,Positive,Coven 1 Morgana An owl during transformation. I'm so excited about learning her new skin.. @lol_es not @LeagueOfLegends,2025-10-13 21:14:58,2025-10-13 21:15:00,119
7397,LeagueOfLegends,Positive,Coven Morgana mirror transformation. I'm so excited over this new look.. @lol_es @LeagueOfLegends,2025-10-13 21:14:58,2025-10-13 21:15:00,97
7398,LeagueOfLegends,Positive,Playing  . :D,2025-10-13 21:14:58,2025-10-13 21:15:00,13
7398,LeagueOfLegends,Positive,Playing.: D,2025-10-13 21:14:58,2025-10-13 21:15:00,11
7398,LeagueOfLegends,Positive,Playing.: D,2025-10-13 21:14:58,2025-10-13 21:15:00,11
7398,LeagueOfLegends,Positive,Playing <unk> :D,2025-10-13 21:14:58,2025-10-13 21:15:00,16
7398,LeagueOfLegends,Positive,Right Playing. : D,2025-10-13 21:14:58,2025-10-13 21:15:00,18
7398,LeagueOfLegends,Positive,well. :D,2025-10-13 21:14:58,2025-10-13 21:15:00,8
7399,LeagueOfLegends,Positive,this actually made me scream,2025-10-13 21:14:58,2025-10-13 21:15:00,28
7399,LeagueOfLegends,Positive,That actually made me scream,2025-10-13 21:14:58,2025-10-13 21:15:00,28
7399,LeagueOfLegends,Positive,this actually made me scream,2025-10-13 21:14:58,2025-10-13 21:15:00,28
7399,LeagueOfLegends,Positive,this kid made me scream,2025-10-13 21:14:58,2025-10-13 21:15:00,23
7399,LeagueOfLegends,Positive,this actually made me not scream,2025-10-13 21:14:58,2025-10-13 21:15:00,32
7399,LeagueOfLegends,Positive,this actually made myself scream,2025-10-13 21:14:58,2025-10-13 21:15:00,32
7400,LeagueOfLegends,Negative,stop playing league of legends and maybe youll find a fucking girlfriend you fucking nerd,2025-10-13 21:14:58,2025-10-13 21:15:00,89
7400,LeagueOfLegends,Negative,Stop playing League of Legends and maybe find a fucking girlfriend you fucking nerd,2025-10-13 21:14:58,2025-10-13 21:15:00,83
7400,LeagueOfLegends,Negative,Stop playing Champions League and maybe you'll find your fucking girlfriend with whom you fucking fucking nerves,2025-10-13 21:14:58,2025-10-13 21:15:00,112
7400,LeagueOfLegends,Negative,stop playing videos of legends and maybe youll find a fucking girlfriend you fucking nerd,2025-10-13 21:14:58,2025-10-13 21:15:00,89
7400,LeagueOfLegends,Negative,stop playing league of legends and and maybe youll find a nice fucking girlfriend woman you fucking nerd,2025-10-13 21:14:58,2025-10-13 21:15:00,104
7400,LeagueOfLegends,Negative,stop playing league of legends and hopefully they find a fucking girlfriend you fucking nerd,2025-10-13 21:14:58,2025-10-13 21:15:00,92
7401,LeagueOfLegends,Neutral,Check out my video!,2025-10-13 21:14:58,2025-10-13 21:15:00,21
7401,LeagueOfLegends,Neutral,Take a look at my video!,2025-10-13 21:14:58,2025-10-13 21:15:00,24
7401,LeagueOfLegends,Neutral,Watch my video!,2025-10-13 21:14:58,2025-10-13 21:15:00,15
7401,LeagueOfLegends,Neutral,Check out my podcast!,2025-10-13 21:14:58,2025-10-13 21:15:00,21
7401,LeagueOfLegends,Neutral,″ Check out my video!,2025-10-13 21:14:58,2025-10-13 21:15:00,21
7401,LeagueOfLegends,Neutral,act out my video!,2025-10-13 21:14:58,2025-10-13 21:15:00,17
7402,LeagueOfLegends,Neutral,"As the Official Enterprise Networking Partner of League of Legends Esports, Cisco is committed to powering the future of",2025-10-13 21:14:58,2025-10-13 21:15:00,122
7402,LeagueOfLegends,Neutral,"As an Official Enterprise Networking Partner of League of Legends Esports, Cisco is committed to the future of",2025-10-13 21:14:58,2025-10-13 21:15:00,110
7402,LeagueOfLegends,Neutral,"As the official corporate network of the Legends Esports League, Cisco is committed to developing the company's future.",2025-10-13 21:14:58,2025-10-13 21:15:00,119
7402,LeagueOfLegends,Neutral,"As the Official Enterprise Networking Partner FOR League of Legends Esports, Cisco is committed to powering the power of",2025-10-13 21:14:58,2025-10-13 21:15:00,120
7402,LeagueOfLegends,Neutral,"As the Official Business Enterprise And Networking Partner of Tag League World of Legends Esports, Cisco Technologies is committed to powering the future of",2025-10-13 21:14:58,2025-10-13 21:15:00,156
7402,LeagueOfLegends,Neutral,"As the Official Enterprise Networking Company of League of Premier Esports, Cisco is committed to protecting the future of",2025-10-13 21:14:58,2025-10-13 21:15:00,122
7403,LeagueOfLegends,Irrelevant,then why the fuck is the entire smite community SO DAMN HORNY,2025-10-13 21:14:58,2025-10-13 21:15:00,61
7403,LeagueOfLegends,Irrelevant,then why the hell is the entire community SO DAMN HORNY,2025-10-13 21:14:58,2025-10-13 21:15:00,55
7403,LeagueOfLegends,Irrelevant,So why the fuck has society as a whole?,2025-10-13 21:14:58,2025-10-13 21:15:00,39
7403,LeagueOfLegends,Irrelevant,then why the fuck is the entire smite community SO DAMN HORNY,2025-10-13 21:14:58,2025-10-13 21:15:00,61
7403,LeagueOfLegends,Irrelevant,No then why the fuck crazy is the entire smite community SO DAMN ME HORNY,2025-10-13 21:14:58,2025-10-13 21:15:00,73
7403,LeagueOfLegends,Irrelevant,then why the fuck is the entire smite for THE DAMN HORNY,2025-10-13 21:14:58,2025-10-13 21:15:00,56
7404,LeagueOfLegends,Negative,@riotgames @LeagueOfLegends . 13 times today off role. BIG FUCKING GOOD COMPANY,2025-10-13 21:14:58,2025-10-13 21:15:00,79
7404,LeagueOfLegends,Negative,@ riotgames @ LeagueOfLegends. Today 13 times away from the role. BIG FICKING GOOD COMPANY,2025-10-13 21:14:58,2025-10-13 21:15:00,90
7404,LeagueOfLegends,Negative,@ riotgames @ LeagueOfLegends. 13 times today out of character.,2025-10-13 21:14:58,2025-10-13 21:15:00,63
7404,LeagueOfLegends,Negative,@riotgames @LeagueOfLegends. 13 times today off role. BIG O GOOD COMPANY,2025-10-13 21:14:58,2025-10-13 21:15:00,72
7404,LeagueOfLegends,Negative,A @riotgames @LeagueOfLegends. 13 times that today play off their role. BIG FUCKING AND GOOD COMPANY,2025-10-13 21:14:58,2025-10-13 21:15:00,100
7404,LeagueOfLegends,Negative,@riotgames @LeagueOfLegends. at times cast off role. BIG WEST NEW COMPANY,2025-10-13 21:14:58,2025-10-13 21:15:00,73
7405,LeagueOfLegends,Neutral,Legends of Runeterra - Master. Teamfight Tactics - Master. League of Legends - Gold 2. . I guess I'm just bad at skill-based games.  pic.twitter.com/WNSy8QaGL6,2025-10-13 21:14:58,2025-10-13 21:15:00,159
7405,LeagueOfLegends,Neutral,Legends of Runeterra - Master. Teamfight Tactics - Master. League of Legends - Gold 2.. I guess I'm just bad at skill games. pic.twitter.com / WNSy8QaGL6,2025-10-13 21:14:58,2025-10-13 21:15:00,153
7405,LeagueOfLegends,Neutral,Legends of Runeterra - Master. Fight Tactics - Master. League of Legends - Gold 2.,2025-10-13 21:14:58,2025-10-13 21:15:00,82
7405,LeagueOfLegends,Neutral,Legends of Runeterra - Master. Teamfight Tactics - Master. League of Legends - Gold 2. . I guess I'm just bad at skill-based games.  pic.twitter.com/WNSy8QaGL6,2025-10-13 21:14:58,2025-10-13 21:15:00,159
7405,LeagueOfLegends,Neutral,CS Legends of Runeterra - Master. Teamfight Tactics - Master. League of Legends - Gold 2. . I guess I'm just bad at skill-based games.  pic.twitter.com/WNSy8QaGL6,2025-10-13 21:14:58,2025-10-13 21:15:00,162
7405,LeagueOfLegends,Neutral,we,2025-10-13 21:14:58,2025-10-13 21:15:00,2
7406,LeagueOfLegends,Positive,i have just dreamed i was playing league of legends with korone and i was playing support shaco with a controller.........it was so vivid..............,2025-10-13 21:14:58,2025-10-13 21:15:00,151
7406,LeagueOfLegends,Positive,I just dreamed of playing League of Legends with Korone and playing with a controller... it was so vibrant...,2025-10-13 21:14:58,2025-10-13 21:15:00,109
7406,LeagueOfLegends,Positive,I just dreamed of playing in the Champions League with and I played in the support area with....... it was so bright.......,2025-10-13 21:14:58,2025-10-13 21:15:00,123
7406,LeagueOfLegends,Positive,i have always dreamed i was playing league of legends with korone and i was playing support shaco with a controller.........it felt so surreal,2025-10-13 21:14:58,2025-10-13 21:15:00,142
7406,LeagueOfLegends,Positive,i i may have just dreamed i was playing league rugby of military legends with korone and somehow i e was already playing support chess shaco game with a chess controller......... it was so vivid..............,2025-10-13 21:14:58,2025-10-13 21:15:00,208
7406,LeagueOfLegends,Positive,i have ever dreamed i are scoring league of house with korone today i remember playing support shaco with that controller.........it looks so vivid..............,2025-10-13 21:14:58,2025-10-13 21:15:00,161
7407,LeagueOfLegends,Positive,i think i can officially say i am addicted to,2025-10-13 21:14:58,2025-10-13 21:15:00,47
7407,LeagueOfLegends,Positive,I think I can officially say that I'm addicted to,2025-10-13 21:14:58,2025-10-13 21:15:00,49
7407,LeagueOfLegends,Positive,I think I can officially say that I am an adjunct to,2025-10-13 21:14:58,2025-10-13 21:15:00,52
7407,LeagueOfLegends,Positive,i suppose i can officially say i am addicted to,2025-10-13 21:14:58,2025-10-13 21:15:00,47
7407,LeagueOfLegends,Positive,i never think i can ever officially say i am addicted to,2025-10-13 21:14:58,2025-10-13 21:15:00,56
7407,LeagueOfLegends,Positive,i think i could just say i am addicted to,2025-10-13 21:14:58,2025-10-13 21:15:00,41
7408,LeagueOfLegends,Positive,fans: LCK? finally some good league of legends. DWG: we are about to show you a pro gamer move,2025-10-13 21:14:58,2025-10-13 21:15:00,94
7408,LeagueOfLegends,Positive,Fans: LCK? finally a good League of Legends.,2025-10-13 21:14:58,2025-10-13 21:15:00,44
7408,LeagueOfLegends,Positive,Fans: Champions League? at last some good Champions League. DVG: we're going to show a pro move.,2025-10-13 21:14:58,2025-10-13 21:15:00,96
7408,LeagueOfLegends,Positive,fans: what? finally some good league of legends. DWG: we are about do show you a pro gamer move,2025-10-13 21:14:58,2025-10-13 21:15:00,95
7408,LeagueOfLegends,Positive,The fans : LCK? finally some good league bunch of legends. DWG : we who are about about to show you a pro gamer to move,2025-10-13 21:14:58,2025-10-13 21:15:00,119
7408,LeagueOfLegends,Positive,fans: LCK? finally some good league of legends. DWG: folks are about to show us a major wrestling move,2025-10-13 21:14:58,2025-10-13 21:15:00,102
7409,LeagueOfLegends,Neutral,Thinking about doing some gameplay videos showcasing my Anivia through the ranks of elo hell..🤔. . .,2025-10-13 21:14:58,2025-10-13 21:15:00,102
7409,LeagueOfLegends,Neutral,When I think about making some gameplay videos that take my Anivia through the ranks of hell...,2025-10-13 21:14:58,2025-10-13 21:15:00,95
7409,LeagueOfLegends,Neutral,Reflecting on making a few game videos showing my Anivia through the ranks of elo-hell.,2025-10-13 21:14:58,2025-10-13 21:15:00,87
7409,LeagueOfLegends,Neutral,Thinking about doing some gameplay videos showcasing my Anivia dodging various ranks of elo hell..🤔...,2025-10-13 21:14:58,2025-10-13 21:15:00,102
7409,LeagueOfLegends,Neutral,Thinking straight about finally doing again some gameplay videos showcasing my Anivia through in the deep ranks of elo hell.. [UNK]...,2025-10-13 21:14:58,2025-10-13 21:15:00,134
7409,LeagueOfLegends,Neutral,dream about posting some gameplay videos showcasing my Anivia through the ranks this elo hell..<unk>...,2025-10-13 21:14:58,2025-10-13 21:15:00,103
7410,LeagueOfLegends,Irrelevant,"@MarquetteStangs Week One eMustang League of Legends Results!  They won their first match, Yes!! Thanks to all our team members, our student leader Rohith, and our mentor @clerkie @playvs . League of Legends 1-0",2025-10-13 21:14:58,2025-10-13 21:15:00,211
7410,LeagueOfLegends,Irrelevant,"@ MarquetteStangs Week One eMustang League of Legends Results! They won their first game, Yes!! Thanks to all our team members, our student leader Rohith and our mentor @ clerkie @ playvs. League of Legends 1-0",2025-10-13 21:14:58,2025-10-13 21:15:00,210
7410,LeagueOfLegends,Irrelevant,"@ MarquetteStangs Week One eMustang League of Legends Results! They won their first match, yes!! Thanks to all members of our team, our student leader Rohit and our mentor @ clenie @ playvs. League of Legends 1-0",2025-10-13 21:14:58,2025-10-13 21:15:00,212
7410,LeagueOfLegends,Irrelevant,"@MarquetteStangs Week One eMustang League of Legends Results! <unk> won their first match, Yes!! Thanks to all our team members, many student leader students, and our mentor group @clerkie. League 2 Legends 1-0",2025-10-13 21:14:58,2025-10-13 21:15:00,210
7410,LeagueOfLegends,Irrelevant,"from @MarquetteStangs Week One eMustang Champions League Game of Legends Results! They won their entire first match, Yes!! Thanks to all our creative team being members, and our student leader Jim Rohith, and our mentor @clerkie as @playvs. League of Legends lost 1 - 0",2025-10-13 21:14:58,2025-10-13 21:15:00,269
7410,LeagueOfLegends,Irrelevant,"@MarquetteStangs Week 1 eMustang Game of Legends Results! They won their favorite match, Yes!! Thanks to all our team members, the student member Rohith, to our team @clerkie @playvs. League of Lad 1-0",2025-10-13 21:14:58,2025-10-13 21:15:00,201
7411,LeagueOfLegends,Positive,This is pretty fun guy to watch if any of you are bored,2025-10-13 21:14:58,2025-10-13 21:15:00,55
7411,LeagueOfLegends,Positive,That's a pretty funny guy to watch when any of you are bored,2025-10-13 21:14:58,2025-10-13 21:15:00,60
7411,LeagueOfLegends,Positive,This is pretty fun guy to watch if any of you are bored,2025-10-13 21:14:58,2025-10-13 21:15:00,55
7411,LeagueOfLegends,Positive,This is pretty fun guy to watch if any of y are bored,2025-10-13 21:14:58,2025-10-13 21:15:00,53
7411,LeagueOfLegends,Positive,This is pretty a fun guy to watch if any of you are particularly bored,2025-10-13 21:14:58,2025-10-13 21:15:00,70
7411,LeagueOfLegends,Positive,This is pretty fun guy to meet if any of you are bored,2025-10-13 21:14:58,2025-10-13 21:15:00,54
7412,LeagueOfLegends,Positive,Bundle of Draven The Glorious Executioner Weapons Keychains. .  . . Retweet if you like! https://t.co/AS9jKG36UV,2025-10-13 21:14:58,2025-10-13 21:15:00,112
7412,LeagueOfLegends,Positive,Bundle of Draven The Glorious Hangman Weapons keychain.... Retweet if you like! https: / / t.co / AS9jKG36UV,2025-10-13 21:14:58,2025-10-13 21:15:00,108
7412,LeagueOfLegends,Positive,Bundle of Draven The Glorious Executive Weapons Keychains.... Retweet if you like! https: / / www.co / AS9jKG36UV,2025-10-13 21:14:58,2025-10-13 21:15:00,113
7412,LeagueOfLegends,Positive,Bundle of Draven The Glorious Executioner Weapons Keychains.. .. Retweet if ya want! https://t.co/AS9jKG36UV],2025-10-13 21:14:58,2025-10-13 21:15:00,109
7412,LeagueOfLegends,Positive,Bundle Army of Draven The Glorious First Executioner Weapons And Keychains.... and Retweet there if you do like! at https://t.co/AS9jKG36UV ],2025-10-13 21:14:58,2025-10-13 21:15:00,141
7412,LeagueOfLegends,Positive,Bundle is Everything The Glorious Executioner Has Keychains.... Retweet and you like! •],2025-10-13 21:14:58,2025-10-13 21:15:00,88
7413,LeagueOfLegends,Negative,Starting to hate this game,2025-10-13 21:14:58,2025-10-13 21:15:00,28
7413,LeagueOfLegends,Negative,Start to hate this game,2025-10-13 21:14:58,2025-10-13 21:15:00,23
7413,LeagueOfLegends,Negative,Start Hating This Game,2025-10-13 21:14:58,2025-10-13 21:15:00,22
7413,LeagueOfLegends,Negative,Starting to hate this quiz,2025-10-13 21:14:58,2025-10-13 21:15:00,26
7413,LeagueOfLegends,Negative,3 Starting to hate this game,2025-10-13 21:14:58,2025-10-13 21:15:00,28
7413,LeagueOfLegends,Negative,Starting to hate video game,2025-10-13 21:14:58,2025-10-13 21:15:00,27
7414,LeagueOfLegends,Neutral,"I’m not a fan of any region or team, I am just a fan of whoever is playing the best League of Legends in the world. And right now, that just happens to be Team Solo Mid. SILVER SCRAPES HYPE!!",2025-10-13 21:14:58,2025-10-13 21:15:00,191
7414,LeagueOfLegends,Neutral,"I'm not a fan of any region or team, I'm just a fan of who plays the best league of legends in the world, and at the moment it just happens to be Team Solo Mid. SILVER SCRAPES HYPE!!",2025-10-13 21:14:58,2025-10-13 21:15:00,182
7414,LeagueOfLegends,Neutral,"I'm not a fan of any region or team, I'm just a fan of the fact that has ever played in the best League of Legends in the world. And now it's just Solo Mead's team. SILVER SCPES HYPE!!",2025-10-13 21:14:58,2025-10-13 21:15:00,184
7414,LeagueOfLegends,Neutral,"I’m not a fan of any region or team, I am just a fan of whoever currently playing the best League of Legends on the world. Or straight off, that just happens to be Team Solo Mid. SILVER SCRAPES HYPE!!",2025-10-13 21:14:58,2025-10-13 21:15:00,200
7414,LeagueOfLegends,Neutral,"I ’ m not a fan of winning any region one or no team, here I am just a fan of beating whoever is playing the best fantasy League of Legends in the real world. And now right now, that just happens to be Team Solo the Mid. SILVER YOU SCRAPES HYPE!!",2025-10-13 21:14:58,2025-10-13 21:15:00,246
7414,LeagueOfLegends,Neutral,"I’m not a focus on any person or team, I am just a fan of whoever is performing the best League of Legends for the world. And right now, that is happens To be Team Solo 8. SILVER SCRAPES HYPE!!",2025-10-13 21:14:58,2025-10-13 21:15:00,193
7415,LeagueOfLegends,Neutral,"October is bringing a great vibe, great music and even better times. Steady on the grind, deep cut, enjoy! cut, enjoy! . twitch.tv/harrisonwiley.",2025-10-13 21:14:58,2025-10-13 21:15:00,147
7415,LeagueOfLegends,Neutral,"October brings a great atmosphere, great music and even better times. Constantly on the ground, deep cut, enjoy! cut, enjoy!. twitch.tv / harrisonwiley.",2025-10-13 21:14:58,2025-10-13 21:15:00,152
7415,LeagueOfLegends,Neutral,"October brings great mood, great music and even better times. Get down to the grind, deep cut, enjoy! cut, enjoy!.",2025-10-13 21:14:58,2025-10-13 21:15:00,114
7415,LeagueOfLegends,Neutral,"October is bringing a great vibe, great music and even better times. Steady on the grind, deep cut, enjoy! cut, enjoy! . twitch.tv/harrisonwiley.",2025-10-13 21:14:58,2025-10-13 21:15:00,147
7415,LeagueOfLegends,Neutral,"CD October is bringing a great vibe, great music and even better times. Steady on the grind, deep cut, enjoy! cut, enjoy! . twitch.tv/harrisonwiley.",2025-10-13 21:14:58,2025-10-13 21:15:00,150
7415,LeagueOfLegends,Neutral,you,2025-10-13 21:14:58,2025-10-13 21:15:00,3
7416,LeagueOfLegends,Neutral,i wish RageQuitters on,2025-10-13 21:14:58,2025-10-13 21:15:00,24
7416,LeagueOfLegends,Neutral,I wish RageQuitters on,2025-10-13 21:14:58,2025-10-13 21:15:00,22
7416,LeagueOfLegends,Neutral,i wish RageQuitters on,2025-10-13 21:14:58,2025-10-13 21:15:00,22
7416,LeagueOfLegends,Neutral,i wish them on,2025-10-13 21:14:58,2025-10-13 21:15:00,14
7416,LeagueOfLegends,Neutral,i wish on RageQuitters on,2025-10-13 21:14:58,2025-10-13 21:15:00,25
7416,LeagueOfLegends,Neutral,i wish flowers on,2025-10-13 21:14:58,2025-10-13 21:15:00,17
7417,LeagueOfLegends,Irrelevant,Because being just angry or just fucking weird isn’t enough for me.,2025-10-13 21:14:58,2025-10-13 21:15:00,67
7417,LeagueOfLegends,Irrelevant,Because it's not enough for me to just be angry or damn funny.,2025-10-13 21:14:58,2025-10-13 21:15:00,62
7417,LeagueOfLegends,Irrelevant,Because just getting angry or just fucking weird is not enough for me.,2025-10-13 21:14:58,2025-10-13 21:15:00,70
7417,LeagueOfLegends,Irrelevant,Because being just hot or just fucking weird isn’t enough for me.,2025-10-13 21:14:58,2025-10-13 21:15:00,65
7417,LeagueOfLegends,Irrelevant,Because being just fucking angry or even just fucking weird isn ’ t enough power for me.,2025-10-13 21:14:58,2025-10-13 21:15:00,88
7417,LeagueOfLegends,Irrelevant,Because being totally angry or just fucking weird isn’t there for me.,2025-10-13 21:14:58,2025-10-13 21:15:00,69
7418,LeagueOfLegends,Neutral,Check out my video!,2025-10-13 21:14:58,2025-10-13 21:15:00,21
7418,LeagueOfLegends,Neutral,Take a look at my video!,2025-10-13 21:14:58,2025-10-13 21:15:00,24
7418,LeagueOfLegends,Neutral,Watch my video!,2025-10-13 21:14:58,2025-10-13 21:15:00,15
7418,LeagueOfLegends,Neutral,Check out that video!,2025-10-13 21:14:58,2025-10-13 21:15:00,21
7418,LeagueOfLegends,Neutral,» Check out my video!,2025-10-13 21:14:58,2025-10-13 21:15:00,21
7418,LeagueOfLegends,Neutral,Check out the video!,2025-10-13 21:14:58,2025-10-13 21:15:00,20
7419,LeagueOfLegends,Neutral,"Hi! I'm ash, we multi-ship in this house. . . I like makeup, crying, eating, writing, league of legends and throwing my love at people.. . AO3. : archiveofourown.org/users/SimpleSa…. . CC. : curiouscat.me/SimpleSalsa_ https://t.co/5hFEpr1lj2",2025-10-13 21:14:58,2025-10-13 21:15:00,241
7419,LeagueOfLegends,Neutral,"Hello! I am ashes, we ship several ships in this house... I like makeup, crying, eating, writing, League of Legends and throwing my love at people... AO3.: archiveofourown.org / users / SimpleSa..... CC.: curiouscat.me / SimpleSalsa _ https: / / t.co / 5hFEpr1lj2",2025-10-13 21:14:58,2025-10-13 21:15:00,263
7419,LeagueOfLegends,Neutral,"Hi! I'm ash, we multiship in this house... I like makeup, crying, eating, writing, league of hands and throwing my love to people... AO3.: archiveofourof.org / users / SimpleSa..... CC.: curiouscat.me / SimpleSalsa _ https: / / Fenco / 5hFEpr1lj2",2025-10-13 21:14:58,2025-10-13 21:15:00,246
7419,LeagueOfLegends,Neutral,"Hi! I'm ash, we multi-ship in this house. I.. Must hate makeup, crying, eating, writing, league of legends and throwing my love at people... CC. http archiveofourown.org/users/SimpleSa….. CC. { curiouscat.me/SimpleSalsa_ https://t.co/5hFEpr1lj2]",2025-10-13 21:14:58,2025-10-13 21:15:00,245
7419,LeagueOfLegends,Neutral,"Hi! I'en m ash, we multi - year ship in at this house... I also like makeup, crying, eating, writing, middle league racing of legends making and always throwing my love at people... AO3. : archiveofourown. org org / users / SimpleSa ….. CC. : with curiouscat. me / SimpleSalsa _ https://t.co/5hFEpr1lj2 ]",2025-10-13 21:14:58,2025-10-13 21:15:00,304
7419,LeagueOfLegends,Neutral,"there! I'm ash, we take-ship of this house... I like running, shoes, eating, writing, league of legends and all my of my life... AO3. : blog.org/users/SimpleSa..... CC. : curiouscat.me/SimpleSalsa_ https://t.co/5hFEpr1lj2]",2025-10-13 21:14:58,2025-10-13 21:15:00,222
7420,LeagueOfLegends,Irrelevant,"no, but my league of legends nickname is .  namu, there's an old reason behind it but i loved the word when i learned it so here we are",2025-10-13 21:14:58,2025-10-13 21:15:00,135
7420,LeagueOfLegends,Irrelevant,"no, but my nickname is League of Legends. namu, there's an old reason behind it, but i loved the word when i learned it, so here we are",2025-10-13 21:14:58,2025-10-13 21:15:00,135
7420,LeagueOfLegends,Irrelevant,"No, but my nickname is the League of Gentlemen. There is an old reason behind this, but I liked the word when I learned it, so here we are.",2025-10-13 21:14:58,2025-10-13 21:15:00,139
7420,LeagueOfLegends,Irrelevant,"no, but my league of legends nickname is.  namu, there's really old reason behind it but i loved the word moment l learned it so here we are",2025-10-13 21:14:58,2025-10-13 21:15:00,140
7420,LeagueOfLegends,Irrelevant,"no, but my league of legends the nickname is. namu, or there's an old reason behind mentioning it but i loved using the word when i learned it so here on we go are",2025-10-13 21:14:58,2025-10-13 21:15:00,163
7420,LeagueOfLegends,Irrelevant,"no, but that league of legends nickname is. namu, there's the old reason behind it but i changed the story when i learned it thus here we are",2025-10-13 21:14:58,2025-10-13 21:15:00,141
7421,LeagueOfLegends,Positive,Omg my Dreamcatcher x League of legends crumbs .  btw Seraphine you have a good taste .,2025-10-13 21:14:58,2025-10-13 21:15:00,88
7421,LeagueOfLegends,Positive,Omg my Dreamcatcher x League of Legends is crumbling.,2025-10-13 21:14:58,2025-10-13 21:15:00,53
7421,LeagueOfLegends,Positive,Omg my Dreamcatcher x League of Federals cruises.,2025-10-13 21:14:58,2025-10-13 21:15:00,49
7421,LeagueOfLegends,Positive,Omg my Dreamcatcher x 100 of legends crumbs.  btw Seraphine you have really good taste.,2025-10-13 21:14:58,2025-10-13 21:15:00,87
7421,LeagueOfLegends,Positive,Omg my damn Dreamcatcher x X League King of legends is crumbs. btw Seraphine believe you have a good taste.,2025-10-13 21:14:58,2025-10-13 21:15:00,107
7421,LeagueOfLegends,Positive,Omg my beloved x League of legends song. Thanks Seraphine you have a good go.,2025-10-13 21:14:58,2025-10-13 21:15:00,77
7422,LeagueOfLegends,Neutral,"I edited this a while ago, I really have to get back into editing, it’s pretty fun when the motivations hit! . .",2025-10-13 21:14:58,2025-10-13 21:15:00,114
7422,LeagueOfLegends,Neutral,"I worked on it some time ago, I really need to get back into it, it's quite fun when the motivation kicks in!.",2025-10-13 21:14:58,2025-10-13 21:15:00,110
7422,LeagueOfLegends,Neutral,"I edited it some time ago, I really have to go back to edification, it's quite fun when the motivation hits!...",2025-10-13 21:14:58,2025-10-13 21:15:00,111
7422,LeagueOfLegends,Neutral,"I edited this a while ago, I really have to get on into editing, it’s pretty fun when the motivations hit!.<unk>",2025-10-13 21:14:58,2025-10-13 21:15:00,112
7422,LeagueOfLegends,Neutral,"I very edited up this a while ago, I do really have to get back into editing, because it ’ don s pretty fun when the motivations hit!..",2025-10-13 21:14:58,2025-10-13 21:15:00,135
7422,LeagueOfLegends,Neutral,"I edited this a while Back, I really have to get back into photography, it’s pretty fun when the breaks hit!..",2025-10-13 21:14:58,2025-10-13 21:15:00,110
7423,LeagueOfLegends,Positive,It was all worth it . (. ω. (.  ).,2025-10-13 21:14:58,2025-10-13 21:15:00,37
7423,LeagueOfLegends,Positive,It was worth it. (...).,2025-10-13 21:14:58,2025-10-13 21:15:00,23
7423,LeagueOfLegends,Positive,It was all worth it.,2025-10-13 21:14:58,2025-10-13 21:15:00,20
7423,LeagueOfLegends,Positive,"It was all worth it. (.,. (.  ).",2025-10-13 21:14:58,2025-10-13 21:15:00,32
7423,LeagueOfLegends,Positive,It was then all worth doing it. (. ω. (. ).,2025-10-13 21:14:58,2025-10-13 21:15:00,43
7423,LeagueOfLegends,Positive,I was all in it. (. <unk>. (. ).,2025-10-13 21:14:58,2025-10-13 21:15:00,32
7424,LeagueOfLegends,Negative,@LeagueOfLegends @Zeitnotlol.  twitter.com/DumbledogeLoL. . Is homophobia not a crime for u guyz? Or u just want to sell skins and dont care about your employees?,2025-10-13 21:14:58,2025-10-13 21:15:00,162
7424,LeagueOfLegends,Negative,@ LeagueOfLegends @ Zeitnotlol. twitter.com / DumbledogeLoL.. Is homophobia not a crime for u guyz? Or do we just want to sell skins and not care about our employees?,2025-10-13 21:14:58,2025-10-13 21:15:00,166
7424,LeagueOfLegends,Negative,@ LeagueOfLegends @ frednol. freedom.com / DumbledogeLoL. Isn't homophobia a crime for u guyz? Or does u just want to sell skins and don't care about their employees?,2025-10-13 21:14:58,2025-10-13 21:15:00,166
7424,LeagueOfLegends,Negative,RhandlerR RhandlerR.  twitter.com/DumbledogeLoL. . Is homophobia not a crime for u guyz? Or u just want to sell skins and dont care about your employees?,2025-10-13 21:14:58,2025-10-13 21:15:00,153
7424,LeagueOfLegends,Negative,and RhandlerR RhandlerR.  twitter.com/DumbledogeLoL. . Is homophobia not a crime for u guyz? Or u just want to sell skins and dont care about your employees?,2025-10-13 21:14:58,2025-10-13 21:15:00,157
7424,LeagueOfLegends,Negative,of,2025-10-13 21:14:58,2025-10-13 21:15:00,2
7425,LeagueOfLegends,Irrelevant,"Round 1: Most Iconic Plays at Worlds Bracket  . . \"DELETED...and G2 are ACED!\" (2016). . . . . \"The greatest team in the history of League of Legends, taken down by the greatest team Europe has ever produced!\" (2019)",2025-10-13 21:14:58,2025-10-13 21:15:00,216
7425,LeagueOfLegends,Irrelevant,"Round 1: Most Iconic Plays in World Bracket.... \"DELETED... and G2 are ACED!\" (2016)... \"The greatest team in the history of League of Legends, dismantled by the greatest team that Europe has ever produced!\" (2019)",2025-10-13 21:14:58,2025-10-13 21:15:00,214
7425,LeagueOfLegends,Irrelevant,"Round 1: The most iconic game at the Bradley Worlds. \"DELETED... and G2 are ACED!\" (2016). \"The greatest team in the history of the League of Legends, crushed by the greatest team Europe has ever produced!\" (2019)",2025-10-13 21:14:58,2025-10-13 21:15:00,213
7425,LeagueOfLegends,Irrelevant,"Round 1: 13 Iconic Plays at Worlds Bracket .. \"DELETED...and G2 are BACK!\" (2016)..... \"The greatest team writing the history of League o Legends, taken down by the greatest team Overwatch has ever produced!\" (2019)",2025-10-13 21:14:58,2025-10-13 21:15:00,215
7425,LeagueOfLegends,Irrelevant,"Second Round of 1 : Most Iconic Plays at Team Worlds Bracket.. \" DELETED... and G2 are ACED! \" ( July 2016 )..... \" The greatest team eliminated in the history pages of League of Legends, now taken down by the greatest British team as Europe has even ever produced! \" ( 2019 )",2025-10-13 21:14:58,2025-10-13 21:15:00,276
7425,LeagueOfLegends,Irrelevant,"Round 1: Most Iconic Champions at Worlds Bracket.. \"DELETED...and G2 are ACED!\" (2016)..... \"The greatest team throughout the history of US of E, taken away by a greatest team we not previously had!\" (2019)",2025-10-13 21:14:59,2025-10-13 21:15:00,206
7426,LeagueOfLegends,Neutral,the police just interrupted my league of legends game this should be illegal,2025-10-13 21:14:59,2025-10-13 21:15:00,76
7426,LeagueOfLegends,Neutral,"The police have just stopped my Legends game, it should be illegal",2025-10-13 21:14:59,2025-10-13 21:15:00,66
7426,LeagueOfLegends,Neutral,"The police just interrupted my Champions League game, it must be illegal",2025-10-13 21:14:59,2025-10-13 21:15:00,72
7426,LeagueOfLegends,Neutral,the police just interrupted my league of legends game this should be something,2025-10-13 21:14:59,2025-10-13 21:15:00,78
7426,LeagueOfLegends,Neutral,the police just interrupted my and league of legends game this day should be illegal,2025-10-13 21:14:59,2025-10-13 21:15:00,84
7426,LeagueOfLegends,Neutral,the police car interrupted the league of legends game this should be illegal,2025-10-13 21:14:59,2025-10-13 21:15:00,76
7427,LeagueOfLegends,Irrelevant,@vgdunkey unlucky.,2025-10-13 21:14:59,2025-10-13 21:15:00,18
7427,LeagueOfLegends,Irrelevant,@ vgdunkey is unlucky.,2025-10-13 21:14:59,2025-10-13 21:15:00,22
7427,LeagueOfLegends,Irrelevant,@ vgeney is a lucky man.,2025-10-13 21:14:59,2025-10-13 21:15:00,24
7427,LeagueOfLegends,Irrelevant,@vgdunkey<unk>.,2025-10-13 21:14:59,2025-10-13 21:15:00,15
7427,LeagueOfLegends,Irrelevant,@vgdunkey the unlucky.,2025-10-13 21:14:59,2025-10-13 21:15:00,22
7427,LeagueOfLegends,Irrelevant,@vgdunkey<unk>.,2025-10-13 21:14:59,2025-10-13 21:15:00,15
7428,LeagueOfLegends,Negative,"Faders are a problem, people who can't stand to battle, win or lose, shouldn't play, it hurts the game. . . \"Riot plans to improve detection for griefers and “mitigate harm” to affected League of Legends players.\". . dotesports.com/league-of-lege…",2025-10-13 21:14:59,2025-10-13 21:15:00,247
7428,LeagueOfLegends,Negative,"Faders are a problem, people who can't bear to fight, win or lose should not play, it hurts the game. \"Riot plans to improve the detection of mourners and\" reduce the damage to affected League of Legends players. \"dotesports.com / league-of-lege...",2025-10-13 21:14:59,2025-10-13 21:15:00,248
7428,LeagueOfLegends,Negative,"Fathers are a problem, people who can't fight, win or lose, shouldn't play, it hurts the game... \"The riot plans to improve conditions for fans and\" harm \"the injured League of Legends players...\" dotesports.com / league-of-ledge...",2025-10-13 21:14:59,2025-10-13 21:15:00,232
7428,LeagueOfLegends,Negative,"Faders are a threat, people who can't stand to battle, win or lose, disrupting play, which hurts the game.. 4 \"Riot plans to improve detection against griefers and “mitigate harm” to affected League of Legends players.\"..<unk>.com/league-of-lege…",2025-10-13 21:14:59,2025-10-13 21:15:00,246
7428,LeagueOfLegends,Negative,"Faders there are a constant problem, people who can't stand to battle, should win or lose, shouldn't play, it hurts changing the playing game... \" Riot Force plans try to improve detection for griefers and can “ mitigate harm ” to affected future League of Legends Legends players. \".. dotesports. com / league - of - lege …",2025-10-13 21:14:59,2025-10-13 21:15:00,324
7428,LeagueOfLegends,Negative,"Faders are a fantasy, men who can't work to battle, win and lose, shouldn't be, this hurts a game... \"Riot plans to customize coverage for griefers and “mitigate harm” by affected League of Legends players.\".. dotesports.com/league-of-lege...",2025-10-13 21:14:59,2025-10-13 21:15:00,242
7429,LeagueOfLegends,Neutral,Check out my video!,2025-10-13 21:14:59,2025-10-13 21:15:00,21
7429,LeagueOfLegends,Neutral,Take a look at my video!,2025-10-13 21:14:59,2025-10-13 21:15:00,24
7429,LeagueOfLegends,Neutral,Watch my video!,2025-10-13 21:14:59,2025-10-13 21:15:00,15
7429,LeagueOfLegends,Neutral,Check out my videos!,2025-10-13 21:14:59,2025-10-13 21:15:00,20
7429,LeagueOfLegends,Neutral,Check that out my video!,2025-10-13 21:14:59,2025-10-13 21:15:00,24
7429,LeagueOfLegends,Neutral,find out my video!,2025-10-13 21:14:59,2025-10-13 21:15:00,18
7430,LeagueOfLegends,Irrelevant,About to go live with some  .  . twitch.tv/john_bon_pony,2025-10-13 21:14:59,2025-10-13 21:15:00,56
7430,LeagueOfLegends,Irrelevant,Soon we will go live with some.. twitch.tv / john _ bon _ pony,2025-10-13 21:14:59,2025-10-13 21:15:00,62
7430,LeagueOfLegends,Irrelevant,About living with some... tch.tv / j _ bon _ pony,2025-10-13 21:14:59,2025-10-13 21:15:00,49
7430,LeagueOfLegends,Irrelevant,About to go live with some  .  . twitch.tv/john_bon_pony,2025-10-13 21:14:59,2025-10-13 21:15:00,56
7430,LeagueOfLegends,Irrelevant,or About to go live with some  .  . twitch.tv/john_bon_pony,2025-10-13 21:14:59,2025-10-13 21:15:00,59
7430,LeagueOfLegends,Irrelevant,I,2025-10-13 21:14:59,2025-10-13 21:15:00,1
7431,LeagueOfLegends,Positive,"I can't believe i'm saying this but, League of Legends is kind of the best game i've ever played. I'ts sort of like it was created by Steve Jobs.",2025-10-13 21:14:59,2025-10-13 21:15:00,145
7431,LeagueOfLegends,Positive,"I can't believe I'm saying this, but League of Legends is something of the best game I've ever played.",2025-10-13 21:14:59,2025-10-13 21:15:00,102
7431,LeagueOfLegends,Positive,"I can't believe i'm saying this but, League of Legends is kind of the best game i've ever played. I'm sort of like it was created by Steve Jobs.",2025-10-13 21:14:59,2025-10-13 21:15:00,144
7431,LeagueOfLegends,Positive,"I can't believe i'm saying it already, League of Legends is kind of the best game i've ever played. I'ts sort of sorry it was created by Steve Jobs.",2025-10-13 21:14:59,2025-10-13 21:15:00,148
7431,LeagueOfLegends,Positive,"for I can't totally believe what i'm saying this but, League of Country Legends is kind of the 4th best game i've ever played. The I'ts sort feel of like it was created by Steve Steve Jobs.",2025-10-13 21:14:59,2025-10-13 21:15:00,189
7431,LeagueOfLegends,Positive,"I can't think i'm saying this but, League of Legends is kind of the favourite game i've ever played. I'ts sort my feel the was created on Steve Jobs.",2025-10-13 21:14:59,2025-10-13 21:15:00,149
7432,LeagueOfLegends,Neutral,league of legends honestly makes me depressed as shit i cant believe i still play this trash game,2025-10-13 21:14:59,2025-10-13 21:15:00,97
7432,LeagueOfLegends,Neutral,League of Legends honestly makes me depressed because I can't believe I'm still playing this trash game,2025-10-13 21:14:59,2025-10-13 21:15:00,103
7432,LeagueOfLegends,Neutral,"The Champions League, to be honest, depresses me like crap I can't believe I'm still playing this thrash game",2025-10-13 21:14:59,2025-10-13 21:15:00,109
7432,LeagueOfLegends,Neutral,league of legends honestly makes me depressed as christ i cant believe i still play this trash game,2025-10-13 21:14:59,2025-10-13 21:15:00,99
7432,LeagueOfLegends,Neutral,league of black legends honestly love makes inside me depressed as shit i cant believe i still play this trash game,2025-10-13 21:14:59,2025-10-13 21:15:00,115
7432,LeagueOfLegends,Neutral,league of games honestly leave me depressed in shit i cant believe i still play this trash game,2025-10-13 21:14:59,2025-10-13 21:15:00,95
7433,LeagueOfLegends,Neutral,So good I had to share! Check out all the items I'm loving on @Poshmarkapp from @ShopAngryKitty,2025-10-13 21:14:59,2025-10-13 21:15:00,97
7433,LeagueOfLegends,Neutral,So good I had to share! Check out all the items I love on @ Poshmarkapp by @ ShopAngryKitty,2025-10-13 21:14:59,2025-10-13 21:15:00,91
7433,LeagueOfLegends,Neutral,So good I had to share! Check out all the items I'm loving on @ Poshmarkapp from @ ShopAngryKitty,2025-10-13 21:14:59,2025-10-13 21:15:00,97
7433,LeagueOfLegends,Neutral,So good I had to download! Check out all the articles I'm loving on @Poshmarkapp from @ShopAngryKitty,2025-10-13 21:14:59,2025-10-13 21:15:00,101
7433,LeagueOfLegends,Neutral,So good I so had to somehow share! Check out all about the items I'll m ever loving on @Poshmarkapp from @ShopAngryKitty,2025-10-13 21:14:59,2025-10-13 21:15:00,120
7433,LeagueOfLegends,Neutral,So good I had to buy! Check out all my items I'm finding on @Poshmarkapp from @ShopAngryKitty,2025-10-13 21:14:59,2025-10-13 21:15:00,93
7434,LeagueOfLegends,Neutral,Pool Party Caitlyn .  . So excited to finally have some summer photos!  . . . : Chris Cucufate pic.twitter.com/GhiCW12nmt,2025-10-13 21:14:59,2025-10-13 21:15:00,121
7434,LeagueOfLegends,Neutral,Pool party Caitlyn.. So excited to finally have some summer photos!...: Chris Cucufate pic.twitter.com / GhiCW12nmt,2025-10-13 21:14:59,2025-10-13 21:15:00,115
7434,LeagueOfLegends,Neutral,Pool Party Caitlyn... so excited to finally get some summer photos!...: Chris Cucufate pic.freedom / GhiCW12n,2025-10-13 21:14:59,2025-10-13 21:15:00,109
7434,LeagueOfLegends,Neutral,Pool Party Caitlyn .  . So excited to finally have some summer photos!  . . . : Chris Cucufate pic.twitter.com/GhiCW12nmt,2025-10-13 21:14:59,2025-10-13 21:15:00,121
7434,LeagueOfLegends,Neutral,2015 Pool Party Caitlyn .  . So excited to finally have some summer photos!  . . . : Chris Cucufate pic.twitter.com/GhiCW12nmt,2025-10-13 21:14:59,2025-10-13 21:15:00,126
7434,LeagueOfLegends,Neutral,to,2025-10-13 21:14:59,2025-10-13 21:15:00,2
7435,LeagueOfLegends,Neutral,"THIS IS THE HIGHEST COMPLEMENT I HAVE EVER RECEIVED, THANK YOU MUCH DUDE.. Home said thought it was @Sneaky and I'm fucking honored af. .",2025-10-13 21:14:59,2025-10-13 21:15:00,139
7435,LeagueOfLegends,Neutral,"This is the highest compliment I've ever received, THANK YOU MUCH DUDE.. Home said it was @ Sneaky and I'm damn honored af.",2025-10-13 21:14:59,2025-10-13 21:15:00,123
7435,LeagueOfLegends,Neutral,!!!!!!!!!!!!!!!!!!!!!!!!!!!!!!!!!!!!!!!!!!!!!!!!!!!!!!!!!!!!!!!!!!!!!!!!!!!!!!!!!!!!!!!!!!!!!!!!!!!!!!!!!!!!!!!!!!!!!!!!!!!!!!!!!!!!!,2025-10-13 21:14:59,2025-10-13 21:15:00,133
7435,LeagueOfLegends,Neutral,"THIS IS THE ONE DAY I HAVE EVER RECEIVED, THANK YOU TO DUDE.. Home said thought it was @Sneaky and I'm fucking honored af..",2025-10-13 21:14:59,2025-10-13 21:15:00,123
7435,LeagueOfLegends,Neutral,"THIS WHO IS THE HIGHEST COMPLEMENT If I HAVE EVER AND RECEIVED, THANK YOU GO MUCH A DUDE.. Home never said thought at it I was @Sneaky and this I'm fucking this honored af..",2025-10-13 21:14:59,2025-10-13 21:15:00,173
7435,LeagueOfLegends,Neutral,"YOU W THE HIGHEST YOUR MAY HAVE EVER RECEIVED, THANK THIS MUCH DUDE.. You said thought it was @Sneaky and so'm fucking honored af..",2025-10-13 21:14:59,2025-10-13 21:15:00,131
7436,LeagueOfLegends,Negative,today is a bad day for league of legends,2025-10-13 21:14:59,2025-10-13 21:15:00,40
7436,LeagueOfLegends,Negative,Today is a bad day for the League of Legends,2025-10-13 21:14:59,2025-10-13 21:15:00,44
7436,LeagueOfLegends,Negative,Today is a bad day for the Champions League,2025-10-13 21:14:59,2025-10-13 21:15:00,43
7436,LeagueOfLegends,Negative,today is a bad day RIP league of legends,2025-10-13 21:14:59,2025-10-13 21:15:00,40
7436,LeagueOfLegends,Negative,today is a bad day for my league of legends,2025-10-13 21:14:59,2025-10-13 21:15:00,43
7436,LeagueOfLegends,Negative,today is a glorious day for league of legends,2025-10-13 21:14:59,2025-10-13 21:15:00,45
7437,LeagueOfLegends,Negative,loading screen won't end :(,2025-10-13 21:14:59,2025-10-13 21:15:00,29
7437,LeagueOfLegends,Negative,The loading screen will not end: (,2025-10-13 21:14:59,2025-10-13 21:15:00,34
7437,LeagueOfLegends,Negative,Screen loading will not end: (,2025-10-13 21:14:59,2025-10-13 21:15:00,30
7437,LeagueOfLegends,Negative,loading screen won't open :(,2025-10-13 21:14:59,2025-10-13 21:15:00,28
7437,LeagueOfLegends,Negative,loading a screen won't end : (,2025-10-13 21:14:59,2025-10-13 21:15:00,30
7437,LeagueOfLegends,Negative,loading screen does't end :(,2025-10-13 21:14:59,2025-10-13 21:15:00,28
7438,LeagueOfLegends,Negative,Easy Birthday Games!. .,2025-10-13 21:14:59,2025-10-13 21:15:00,25
7438,LeagueOfLegends,Negative,Easy Birthday Games!..,2025-10-13 21:14:59,2025-10-13 21:15:00,22
7438,LeagueOfLegends,Negative,Easy Birthday Games!..,2025-10-13 21:14:59,2025-10-13 21:15:00,22
7438,LeagueOfLegends,Negative,Easy Birthday Gifts.,2025-10-13 21:14:59,2025-10-13 21:15:00,20
7438,LeagueOfLegends,Negative,Easy Birthday Game Games!..,2025-10-13 21:14:59,2025-10-13 21:15:00,27
7438,LeagueOfLegends,Negative,Easy Mental Games!..,2025-10-13 21:14:59,2025-10-13 21:15:00,20
7439,LeagueOfLegends,Negative,Why are all the runes scuffed?. Give me back my LP rito! . . @riotgames @LeagueOfLegends,2025-10-13 21:14:59,2025-10-13 21:15:00,88
7439,LeagueOfLegends,Negative,Why are all runes scraped off?.. give me my LP back!.. @ riotgames @ LeagueOfLegends,2025-10-13 21:14:59,2025-10-13 21:15:00,84
7439,LeagueOfLegends,Negative,Why are all the rues scuffed?. Give me back my LP rito!.. @ riotgames @ LeagueOfLegends,2025-10-13 21:14:59,2025-10-13 21:15:00,87
7439,LeagueOfLegends,Negative,Why got all the runes scuffed?. Give everything back my LP rito!.. @riotgames @LeagueOfLegends,2025-10-13 21:14:59,2025-10-13 21:15:00,94
7439,LeagueOfLegends,Negative,23 Why else are all the runes being scuffed?. Give and me back my LP rito!.. @riotgames To @LeagueOfLegends,2025-10-13 21:14:59,2025-10-13 21:15:00,107
7439,LeagueOfLegends,Negative,Why only even those runes scuffed?. Give me back my LP rito!.. Free @riotgames,2025-10-13 21:14:59,2025-10-13 21:15:00,78
7440,LeagueOfLegends,Neutral,This Match Describes Season 10 Perfectly .  . youtu.be/EWDSndvH014,2025-10-13 21:14:59,2025-10-13 21:15:00,66
7440,LeagueOfLegends,Neutral,This match perfectly describes season 10.. youtu.be / EWDSndvH014,2025-10-13 21:14:59,2025-10-13 21:15:00,65
7440,LeagueOfLegends,Neutral,This match perfectly describes the 10th season.. youtu.be / EWDSn014,2025-10-13 21:14:59,2025-10-13 21:15:00,68
7440,LeagueOfLegends,Neutral,This Match Describes Round 10 Perfectly. . a.be/EWDSndvH014,2025-10-13 21:14:59,2025-10-13 21:15:00,59
7440,LeagueOfLegends,Neutral,Save This Match Describes Season ending 10 with Perfectly.. in youtu. be / EWDSndvH014,2025-10-13 21:14:59,2025-10-13 21:15:00,86
7440,LeagueOfLegends,Neutral,This Make Work Season 10 Perfectly.. from.be/EWDSndvH014,2025-10-13 21:14:59,2025-10-13 21:15:00,56
7441,LeagueOfLegends,Neutral,Hmmm Top lane Scion mad at me (Voli Bear) cause he did a bit more damage than me (jungle). lol,2025-10-13 21:14:59,2025-10-13 21:15:00,96
7441,LeagueOfLegends,Neutral,Hmmm upper lane Scion angry with me (Voli Bear) because he did a little more damage than me (Jungle). lol,2025-10-13 21:14:59,2025-10-13 21:15:00,105
7441,LeagueOfLegends,Neutral,Home Top lane Scion made at me (Voli Bear) cause he did a bit more damage than me (jungle). lol,2025-10-13 21:14:59,2025-10-13 21:15:00,95
7441,LeagueOfLegends,Neutral,Hmmm a lane Scion mad at me (Voli Bear) cause Zed did a bit more damage than me (jungle). lol,2025-10-13 21:14:59,2025-10-13 21:15:00,93
7441,LeagueOfLegends,Neutral,Hmmm Top lane you Scion mad things at little me ( Voli Bear ) cause he did really a bit more structural damage than me ( jungle ). lol,2025-10-13 21:14:59,2025-10-13 21:15:00,134
7441,LeagueOfLegends,Neutral,Hmmm Top lane gets mad at me (Voli water) cause he did quite bit more damage than his (jungle). lol,2025-10-13 21:14:59,2025-10-13 21:15:00,99
7442,LeagueOfLegends,Irrelevant,Thanks for the mention DragonesAcecho.,2025-10-13 21:14:59,2025-10-13 21:15:00,40
7442,LeagueOfLegends,Irrelevant,Thanks for mentioning DragonesAcecho.,2025-10-13 21:14:59,2025-10-13 21:15:00,37
7442,LeagueOfLegends,Irrelevant,Thanks for mentioning DragonesAcecho.,2025-10-13 21:14:59,2025-10-13 21:15:00,37
7442,LeagueOfLegends,Irrelevant,Thanks and the mention DragonesAcecho.,2025-10-13 21:14:59,2025-10-13 21:15:00,38
7442,LeagueOfLegends,Irrelevant,Thanks for the next mention after DragonesAcecho.,2025-10-13 21:14:59,2025-10-13 21:15:00,49
7442,LeagueOfLegends,Irrelevant,Thanks for the mention<unk>.,2025-10-13 21:14:59,2025-10-13 21:15:00,28
7443,LeagueOfLegends,Neutral,"Playing solo Q ranked, my ADC picked Xayah and I went Rakan, both have SG skins, this is either gonna go really bad or really good.",2025-10-13 21:14:59,2025-10-13 21:15:00,133
7443,LeagueOfLegends,Neutral,"I played Solo Q, my ADC chose Xayah and I went to Rakan, both have SG skins, it's either going to be really bad or really good.",2025-10-13 21:14:59,2025-10-13 21:15:00,127
7443,LeagueOfLegends,Neutral,"Playing Q solo, my ADC picked Xayah and I went Rakan, both have good skin, it's either going very bad or really good.",2025-10-13 21:14:59,2025-10-13 21:15:00,117
7443,LeagueOfLegends,Neutral,"Playing solo Q ranked, my ADC picked Xayah and I went Rakan, both have SG skins, this is either gonna go totally bad and kinda good.",2025-10-13 21:14:59,2025-10-13 21:15:00,132
7443,LeagueOfLegends,Neutral,"Playing my solo Q ranked, my ADC picked Xayah and I all went for Rakan, both have SG skins, here this is so either gonna go really bad or so really fucking good.",2025-10-13 21:14:59,2025-10-13 21:15:00,161
7443,LeagueOfLegends,Neutral,"Playing solo versus ranked, my ADC came Xayah and I went Rakan, both at SG 8, this is either gonna go really bad vs really good.",2025-10-13 21:14:59,2025-10-13 21:15:00,128
7444,LeagueOfLegends,Irrelevant,League of Legends’ latest champion is a colorful pop star smartrobotics.com.ng/2020/10/13/lea…,2025-10-13 21:14:59,2025-10-13 21:15:00,94
7444,LeagueOfLegends,Irrelevant,"League of Legends \"newest champion is a colorful pop star smartrobotics.com. ng / 2020 / 10 / 13 / lea...",2025-10-13 21:14:59,2025-10-13 21:15:00,105
7444,LeagueOfLegends,Irrelevant,League of Legends's latest champion is a colorful pop star smartrobotics.com.ng / 2020 / 10 / 13 / lea...,2025-10-13 21:14:59,2025-10-13 21:15:00,105
7444,LeagueOfLegends,Irrelevant,League of Champions latest champion is a new user smartrobotics.com.ng/2020/10/13/lea…,2025-10-13 21:14:59,2025-10-13 21:15:00,86
7444,LeagueOfLegends,Irrelevant,League of Baseball Legends Series ’ latest champion is a colorful pop rock star smartrobotics. com. ng / 2020 / May 10 / 2017 13 / lea …,2025-10-13 21:14:59,2025-10-13 21:15:00,136
7444,LeagueOfLegends,Irrelevant,League of Legends’ latest feature is the colorful painting by smartrobotics.com.ng/2020/10/13/lea...,2025-10-13 21:14:59,2025-10-13 21:15:00,100
7445,LeagueOfLegends,Neutral,.@wandakunpls @Sirhaian Can I just say how fucking much I love Videogames at this point ? I mean its soo insane how @LeagueOfLegends just posts one picture of something we dont really know what it is and now we are trying to understand it and picking the pieces together :D,2025-10-13 21:14:59,2025-10-13 21:15:00,273
7445,LeagueOfLegends,Neutral,". @ wandakunpls @ Sirhaian Can I just say how damn much I love video games at this point? I mean, it's soo crazy how @ LeagueOfLegends just posts a picture of something we don't really know what it is, and now we're trying to understand it and put the pieces together: D",2025-10-13 21:14:59,2025-10-13 21:15:00,270
7445,LeagueOfLegends,Neutral,I mean how @ wandapls @ Henhayan just posts one photo of something we don't really know what it is and now we're trying to figure it out and put the pieces together: D,2025-10-13 21:14:59,2025-10-13 21:15:00,167
7445,LeagueOfLegends,Neutral,.@wandakunpls @Sirhaian!! I completely reiterate how fucking much I love Photoshop at this point? I mean how soo insane how @LeagueOfLegends just posts one picture of something we dont really know what it is and now we are trying to understand it by picking the pieces together :D,2025-10-13 21:14:59,2025-10-13 21:15:00,280
7445,LeagueOfLegends,Neutral,. R @wandakunpls @Sirhaian Can I just say that how fucking much I love Videogames at to this point? I mean what its soo m insane how @LeagueOfLegends just posts one picture... of something we dont really know what it actually is about and now we are trying to understand it more and picking the pieces together : B D,2025-10-13 21:14:59,2025-10-13 21:15:00,316
7445,LeagueOfLegends,Neutral,.@wandakunpls @Sirhaian Can he just mention that fuck much I love Videogames at this point? I fuck its damn insane how @LeagueOfLegends just posts one picture of something we dont really and what it comprises and now we time trying to understand that and picking the pieces together :D,2025-10-13 21:14:59,2025-10-13 21:15:00,285
7446,LeagueOfLegends,Negative,My League of Legends started having FPS spikes two days ago. Is this a sign I should stop playing?,2025-10-13 21:14:59,2025-10-13 21:15:00,98
7446,LeagueOfLegends,Negative,My League of Legends has had FPS spikes for the past two days. Is this a sign that I should stop playing?,2025-10-13 21:14:59,2025-10-13 21:15:00,105
7446,LeagueOfLegends,Negative,My League of Legends started having problems with FPS two days ago. Is this a sign that I should stop playing?,2025-10-13 21:14:59,2025-10-13 21:15:00,110
7446,LeagueOfLegends,Negative,My Dominion of Kings started having FPS spikes two days ago. Is this a sign I should stop playing?,2025-10-13 21:14:59,2025-10-13 21:15:00,98
7446,LeagueOfLegends,Negative,2 My League Championship of Legends started having FPS spikes two damn days ago. Is this a sign I should not stop playing?,2025-10-13 21:14:59,2025-10-13 21:15:00,122
7446,LeagueOfLegends,Negative,that City of Legends started having FPS spikes two days ago. Is this the sign I should stop playing?,2025-10-13 21:14:59,2025-10-13 21:15:00,100
7447,LeagueOfLegends,Negative,Not my gunblade pic.twitter.com/Gfk7wn5BoW,2025-10-13 21:14:59,2025-10-13 21:15:00,42
7447,LeagueOfLegends,Negative,Not my gunblade pic.twitter.com / Gfk7wn5BoW,2025-10-13 21:14:59,2025-10-13 21:15:00,44
7447,LeagueOfLegends,Negative,Not my gunblade pic.wikipedia.org / Gfk75BoW,2025-10-13 21:14:59,2025-10-13 21:15:00,44
7447,LeagueOfLegends,Negative,Not my gunblade pic.twitter.com/Gfk7wn5BoW,2025-10-13 21:14:59,2025-10-13 21:15:00,42
7447,LeagueOfLegends,Negative,See Not my gunblade pic.twitter.com/Gfk7wn5BoW,2025-10-13 21:14:59,2025-10-13 21:15:00,46
7447,LeagueOfLegends,Negative,had,2025-10-13 21:14:59,2025-10-13 21:15:00,3
7448,LeagueOfLegends,Negative,why do games always have to make the ugliest most annoying male characters and just add the Playboy Trait to them and all of you fall for it stop making me look at mirage apexlegends and sett leagueoflegends FUCK its so annoying,2025-10-13 21:14:59,2025-10-13 21:15:00,228
7448,LeagueOfLegends,Negative,"Why do games always have to make the ugliest annoying male characters and just add the Playboy feature to them and you all fall for it, stop making me look so annoying on mirage aphorisms and sett leagueoflegends FUCK its",2025-10-13 21:14:59,2025-10-13 21:15:00,221
7448,LeagueOfLegends,Negative,"Why games should always make the most annoying male characters and just add Playboy Trait to them and you all fall for it, stop making me look at mirage apexes and setlist legeophlegendas FUCK it so irritatingly",2025-10-13 21:14:59,2025-10-13 21:15:00,211
7448,LeagueOfLegends,Negative,why do games always have to make the ugliest most annoying male characters and just add the Playboy title to them and all of you died for it stop making me angry at this land and sett leagueoflegends FUCK its so annoying,2025-10-13 21:14:59,2025-10-13 21:15:00,220
7448,LeagueOfLegends,Negative,why men do games always have to make the 2 ugliest most annoying male characters look and just plain add the Playboy Trait figure to them and all sort of when you fall for it stop making let me look at mirage and apexlegends below and sett leagueoflegends FUCK its so annoying,2025-10-13 21:14:59,2025-10-13 21:15:00,276
7448,LeagueOfLegends,Negative,why do games always have to involve the ugliest fucking fucking anime characters and sometimes add out Playboy Trait to them because all games you fall for that stop making me look at mirage apexlegends and sett leagueoflegends FUCK its so annoying,2025-10-13 21:14:59,2025-10-13 21:15:00,248
7449,LeagueOfLegends,Negative,"hey @riotgames  // @LeagueOfLegends  , you sanction a bunch of \"toxic playesr\"  , but you are avoiding troll players. . can you shared us an explanation... or maybe you are same as  . .",2025-10-13 21:14:59,2025-10-13 21:15:00,187
7449,LeagueOfLegends,Negative,"hey @ riotgames / / @ LeagueOfLegends, you sanction some \"toxic gamesR,\" but you avoid troll players... can you give us an explanation... or maybe you are the same.",2025-10-13 21:14:59,2025-10-13 21:15:00,164
7449,LeagueOfLegends,Negative,"hey @ riotgames / / @ LeagueOfLegends, you sanction a bunch of \"toxic playesr,\" but you are avoiding troll players.. can you share us an explanation... or maybe you are the same as...",2025-10-13 21:14:59,2025-10-13 21:15:00,183
7449,LeagueOfLegends,Negative,"hey @riotgames  // @LeagueOfLegends , you sanction a rather more \"toxic playesr\" , but you are avoiding those players.. can you shared us the explanation... or maybe you are same as ..",2025-10-13 21:14:59,2025-10-13 21:15:00,184
7449,LeagueOfLegends,Negative,"hey @riotgames / / here @LeagueOfLegends, you sanction us a bunch of \" dangerously toxic playesr \", but you certainly are avoiding troll by players.. never can you shared with us an explanation... or maybe then you really are working same as..",2025-10-13 21:14:59,2025-10-13 21:15:00,243
7449,LeagueOfLegends,Negative,"hey @riotgames // @LeagueOfLegends, you become a much more \"toxic playesr\", plus you are all troll players.. can you shared us an exchange... or maybe it are same guy..",2025-10-13 21:14:59,2025-10-13 21:15:00,168
7450,LeagueOfLegends,Irrelevant,Cosplay is way more intimidating and cuter than the character,2025-10-13 21:14:59,2025-10-13 21:15:00,61
7450,LeagueOfLegends,Irrelevant,Cosplay is much more intimidating and sweeter than the character,2025-10-13 21:14:59,2025-10-13 21:15:00,64
7450,LeagueOfLegends,Irrelevant,Cosplay is much more intimidating and cute than the character,2025-10-13 21:14:59,2025-10-13 21:15:00,61
7450,LeagueOfLegends,Irrelevant,Cosplay is way more intense and cuter than the character,2025-10-13 21:14:59,2025-10-13 21:15:00,56
7450,LeagueOfLegends,Irrelevant,Cosplay is way more intimidating bigger and cuter than in the character,2025-10-13 21:14:59,2025-10-13 21:15:00,71
7450,LeagueOfLegends,Irrelevant,scene is way more intimidating and cuter than the character,2025-10-13 21:14:59,2025-10-13 21:15:00,59
7451,LeagueOfLegends,Irrelevant,oh shoot i've fallen victim to this virus and my pc has been over-run with salt and rakan skins,2025-10-13 21:14:59,2025-10-13 21:15:00,95
7451,LeagueOfLegends,Irrelevant,oh shoot I fell victim to this virus and my PC was overrun with salt and rocket skins,2025-10-13 21:14:59,2025-10-13 21:15:00,85
7451,LeagueOfLegends,Irrelevant,oh shoot me I was a victim of this virus and my computer was full of salt and rubble,2025-10-13 21:14:59,2025-10-13 21:15:00,84
7451,LeagueOfLegends,Irrelevant,oh shoot i've popped in to this virus and my pc has been over-run with salt and rakan skins,2025-10-13 21:14:59,2025-10-13 21:15:00,91
7451,LeagueOfLegends,Irrelevant,oh shoot that i'm ve fallen victim to this virus before and my pc C has been over - run hot with salt and rakan skins,2025-10-13 21:14:59,2025-10-13 21:15:00,117
7451,LeagueOfLegends,Irrelevant,oh well i've hit victim in super virus and my pc has been over-run with salt and rakan skins,2025-10-13 21:14:59,2025-10-13 21:15:00,92
7452,LeagueOfLegends,Neutral,@riotgames @LeagueOfLegends man I’m so glad you ban “toxic chat” but you sure don’t ban people who literally get into game and leave afk. That’s the true toxicity. Loses lane gets killed twice no commas and disconnects entirely before 15 mins. Level 30 and gets place in gold game pic.twitter.com/KrPx9Qe4EF,2025-10-13 21:14:59,2025-10-13 21:15:00,307
7452,LeagueOfLegends,Neutral,"@ riotgames @ LeagueOfLegends man I'm so glad you're banning \"toxic chat,\" but you definitely shouldn't ban people who literally come into the game and leave it. That's the true toxicity. Lost Lane gets killed twice without quotes and splits completely before 15 minutes. Level 30 and gets a seat in the gold game pic.twitter.com / KrPx9Qe4EF",2025-10-13 21:14:59,2025-10-13 21:15:00,342
7452,LeagueOfLegends,Neutral,"@ riotgames @ LeagueOfLegends man I'm so glad you ban \"toxic chat\" but you sure not ban people that literally get into game and leave afk. That's the true toxicity.",2025-10-13 21:14:59,2025-10-13 21:15:00,164
7452,LeagueOfLegends,Neutral,RhandlerR RhandlerR man I’m so glad you ban “toxic chat” but you sure don’t ban people who literally get into game and leave afk. That’s the true toxicity. Loses lane gets killed twice no commas and disconnects entirely before 15 mins. Level 30 and gets place in gold game pic.twitter.com/KrPx9Qe4EF,2025-10-13 21:14:59,2025-10-13 21:15:00,299
7452,LeagueOfLegends,Neutral,DB RhandlerR RhandlerR man I’m so glad you ban “toxic chat” but you sure don’t ban people who literally get into game and leave afk. That’s the true toxicity. Loses lane gets killed twice no commas and disconnects entirely before 15 mins. Level 30 and gets place in gold game pic.twitter.com/KrPx9Qe4EF,2025-10-13 21:14:59,2025-10-13 21:15:00,302
7452,LeagueOfLegends,Neutral,of,2025-10-13 21:14:59,2025-10-13 21:15:00,2
7453,LeagueOfLegends,Neutral,This episode of Hell's Kitchen will always be my favorite. .,2025-10-13 21:14:59,2025-10-13 21:15:00,63
7453,LeagueOfLegends,Neutral,This episode of Hell's Kitchen will always be my favourite.,2025-10-13 21:14:59,2025-10-13 21:15:00,59
7453,LeagueOfLegends,Neutral,This episode of Kitchen Hell will always be my favorite...,2025-10-13 21:14:59,2025-10-13 21:15:00,58
7453,LeagueOfLegends,Neutral,This episode of Hell's Kitchen will always be my favorite. —,2025-10-13 21:14:59,2025-10-13 21:15:00,60
7453,LeagueOfLegends,Neutral,This first episode of Hell's Kitchen will nearly always be my favorite..,2025-10-13 21:14:59,2025-10-13 21:15:00,72
7453,LeagueOfLegends,Neutral,This episode by Hell's Kitchen will always be my thing..,2025-10-13 21:14:59,2025-10-13 21:15:00,56
7454,LeagueOfLegends,Neutral,League of Legends announcer packs delayed due to coronavirus .  Dot Esports,2025-10-13 21:14:59,2025-10-13 21:15:00,77
7454,LeagueOfLegends,Neutral,League of Legends Announcer Packs Delayed Due to Coronavirus. Dot Esports,2025-10-13 21:14:59,2025-10-13 21:15:00,73
7454,LeagueOfLegends,Neutral,League of Legends announcer delayed by coronavirus,2025-10-13 21:14:59,2025-10-13 21:15:00,50
7454,LeagueOfLegends,Neutral,League of Legends announcer packs delayed related to coronavirus.  Dot Esports,2025-10-13 21:14:59,2025-10-13 21:15:00,78
7454,LeagueOfLegends,Neutral,The League of Legends announcer pitch packs delayed due to coronavirus. Radio Dot Esports,2025-10-13 21:14:59,2025-10-13 21:15:00,89
7454,LeagueOfLegends,Neutral,League for Legends announcer packs delayed according to coronavirus. Dot Esports,2025-10-13 21:14:59,2025-10-13 21:15:00,80
7455,LeagueOfLegends,Irrelevant,Welcome 🤗,2025-10-13 21:14:59,2025-10-13 21:15:00,9
7455,LeagueOfLegends,Irrelevant,Welcome message,2025-10-13 21:14:59,2025-10-13 21:15:00,15
7455,LeagueOfLegends,Irrelevant,Welcome!,2025-10-13 21:14:59,2025-10-13 21:15:00,8
7455,LeagueOfLegends,Irrelevant,Welcome!,2025-10-13 21:14:59,2025-10-13 21:15:00,8
7455,LeagueOfLegends,Irrelevant,Everyone Welcome [UNK],2025-10-13 21:14:59,2025-10-13 21:15:00,22
7455,LeagueOfLegends,Irrelevant,2013 <unk>,2025-10-13 21:14:59,2025-10-13 21:15:00,10
7456,LeagueOfLegends,Neutral,West had a bit of hope for a good playoff finish but it’s slowly dying with @G2esports getting worse with every game. At least NA is getting a few wins ).,2025-10-13 21:14:59,2025-10-13 21:15:00,156
7456,LeagueOfLegends,Neutral,"West had a little hope of a good playoff result, but it's dying slowly as @ G2esports gets worse with each game.",2025-10-13 21:14:59,2025-10-13 21:15:00,112
7456,LeagueOfLegends,Neutral,"West had little hope of a good playoff finish, but he is slowly dying with @ G2espa getting worse with every game - at least gets a few wins).",2025-10-13 21:14:59,2025-10-13 21:15:00,142
7456,LeagueOfLegends,Neutral,West had a bit of juice for a good playoff finish but it’s slowly dying with @G2esports getting worse with every game. At least Green is getting their few wins ).,2025-10-13 21:14:59,2025-10-13 21:15:00,162
7456,LeagueOfLegends,Neutral,The West had a bit bit of any hope for a good playoff finish but it ’ s slowly dying with @G2esports getting progressively worse with every game. At least its NA is getting but a few wins ).,2025-10-13 21:14:59,2025-10-13 21:15:00,190
7456,LeagueOfLegends,Neutral,West had a month of hope at getting good trophy finish but started slowly dying with @G2esports getting worse with your game. At least NA is getting a few wins ).,2025-10-13 21:14:59,2025-10-13 21:15:00,162
7457,LeagueOfLegends,Neutral,nan,2025-10-13 21:14:59,2025-10-13 21:15:00,3
7457,LeagueOfLegends,Neutral,It is not the first time that the EU Commission has taken such a step.,2025-10-13 21:14:59,2025-10-13 21:15:00,70
7457,LeagueOfLegends,Neutral,"At the same time, despite the fact that there are currently some 100 million people living below the poverty line, most of them do not have access to health services and do not have access to health care, while most of them do not have access to health care.",2025-10-13 21:14:59,2025-10-13 21:15:00,258
7457,LeagueOfLegends,Neutral,nan,2025-10-13 21:14:59,2025-10-13 21:15:00,3
7457,LeagueOfLegends,Neutral,nan,2025-10-13 21:14:59,2025-10-13 21:15:00,3
7457,LeagueOfLegends,Neutral,nan,2025-10-13 21:14:59,2025-10-13 21:15:00,3
7458,LeagueOfLegends,Positive,Nothing like getting two leavers in the game that would have promoted you. I love league of legends. 🤡,2025-10-13 21:14:59,2025-10-13 21:15:00,102
7458,LeagueOfLegends,Positive,I love the League of Legends.,2025-10-13 21:14:59,2025-10-13 21:15:00,29
7458,LeagueOfLegends,Positive,I love the Champions League.,2025-10-13 21:14:59,2025-10-13 21:15:00,28
7458,LeagueOfLegends,Positive,Nothing like getting two leavers in the game AFTER they have promoted you. I love league of legends. 🤡,2025-10-13 21:14:59,2025-10-13 21:15:00,102
7458,LeagueOfLegends,Positive,Nothing like almost getting two leavers in the college game that would have promoted you. I simply love our league of legends. [UNK],2025-10-13 21:14:59,2025-10-13 21:15:00,132
7458,LeagueOfLegends,Positive,not like getting two leavers in this game than would have promoted you. I love league of legends. <unk>,2025-10-13 21:14:59,2025-10-13 21:15:00,103
7459,LeagueOfLegends,Neutral,I made some nerd virgin on league of legends listen to Gulch and they said it hurt their ears and I called them weak,2025-10-13 21:14:59,2025-10-13 21:15:00,116
7459,LeagueOfLegends,Neutral,I got a nerd maiden in the League of Legends to listen to Gulch and they said it hurt her ears and I called her weak.,2025-10-13 21:14:59,2025-10-13 21:15:00,117
7459,LeagueOfLegends,Neutral,I made the girls listen to Gulch and they said it hurt their ears and I called them weak,2025-10-13 21:14:59,2025-10-13 21:15:00,88
7459,LeagueOfLegends,Neutral,I made some nerd virgin on league of legends listen to Gulch and they said it hurt like ears and I called it weak,2025-10-13 21:14:59,2025-10-13 21:15:00,113
7459,LeagueOfLegends,Neutral,I made them some nerd virgin on that league of legends listen to Gulch and they all said it hurt to their ears and I called them that weak,2025-10-13 21:14:59,2025-10-13 21:15:00,138
7459,LeagueOfLegends,Neutral,I made some nerd virgin on league of legends listen for this and they said it raised new ears and I called them weak,2025-10-13 21:14:59,2025-10-13 21:15:00,116
7460,LeagueOfLegends,Irrelevant,"how can u just sit there and tweet negative shit like this all day my god. it's not even just the league stuff, they tweet about other shit mostly negatively as well",2025-10-13 21:14:59,2025-10-13 21:15:00,165
7460,LeagueOfLegends,Irrelevant,"How can you just sit there and tweet negative shit all day long, my God. It's not just the league stuff, they tweet about other shit as well, mostly negative.",2025-10-13 21:14:59,2025-10-13 21:15:00,158
7460,LeagueOfLegends,Irrelevant,"how can I just sit there and tweet negative crap like it's my goalie all day, it's not even just the league stuff, they tweet about other crap mostly negative as well",2025-10-13 21:14:59,2025-10-13 21:15:00,166
7460,LeagueOfLegends,Irrelevant,"how can u just sit there and retweet negative shit like this all day my god. it's shit even just the league stuff, they tweet about fan shit mostly negatively as well",2025-10-13 21:14:59,2025-10-13 21:15:00,166
7460,LeagueOfLegends,Irrelevant,"how can u always just sit there and tweet for negative shit like this all day my god. it's s not even some just the league stuff, but they tweet about nothing other than shit mostly negatively as well",2025-10-13 21:14:59,2025-10-13 21:15:00,200
7460,LeagueOfLegends,Irrelevant,"how can u just lay there and tweet negative shit called this all day my god. it's really about just the league stuff, they tweet about other shit mostly negatively oh well",2025-10-13 21:14:59,2025-10-13 21:15:00,171
7461,LeagueOfLegends,Positive,something about lulu from league of legends that makes me so emotional....,2025-10-13 21:14:59,2025-10-13 21:15:00,74
7461,LeagueOfLegends,Positive,Something about Lulu from the League of Legends that makes me so emotional....,2025-10-13 21:14:59,2025-10-13 21:15:00,78
7461,LeagueOfLegends,Positive,There's something about Lulu from the Champions League that makes me so emotional....,2025-10-13 21:14:59,2025-10-13 21:15:00,85
7461,LeagueOfLegends,Positive,something about lulu from years of legends that makes me so emotional....,2025-10-13 21:14:59,2025-10-13 21:15:00,73
7461,LeagueOfLegends,Positive,something about lulu from some league of legends that makes for me just so emotional....,2025-10-13 21:14:59,2025-10-13 21:15:00,88
7461,LeagueOfLegends,Positive,something about lulu from league show legends that makes him so emotional....,2025-10-13 21:14:59,2025-10-13 21:15:00,77
7462,LeagueOfLegends,Negative,"52 CS in 27 minutes is thrash, Iron 4 vibes",2025-10-13 21:14:59,2025-10-13 21:15:00,43
7462,LeagueOfLegends,Negative,"52 CS in 27 minutes is Thrash, Iron 4 Vibes",2025-10-13 21:14:59,2025-10-13 21:15:00,43
7462,LeagueOfLegends,Negative,"52 CS in 27 minutes is thrash, Iron 4 vibrations",2025-10-13 21:14:59,2025-10-13 21:15:00,48
7462,LeagueOfLegends,Negative,"52 CS at 27 minutes is thrash, Iron 4 vibes",2025-10-13 21:14:59,2025-10-13 21:15:00,43
7462,LeagueOfLegends,Negative,"52 D CS in 27 minutes is the thrash, Iron 4 vibes",2025-10-13 21:14:59,2025-10-13 21:15:00,49
7462,LeagueOfLegends,Negative,"52 guys in 48 minutes is thrash, Iron 4 vibes",2025-10-13 21:14:59,2025-10-13 21:15:00,45
7463,LeagueOfLegends,Neutral,Check out my video!,2025-10-13 21:14:59,2025-10-13 21:15:00,21
7463,LeagueOfLegends,Neutral,Take a look at my video!,2025-10-13 21:14:59,2025-10-13 21:15:00,24
7463,LeagueOfLegends,Neutral,Watch my video!,2025-10-13 21:14:59,2025-10-13 21:15:00,15
7463,LeagueOfLegends,Neutral,Check out his video!,2025-10-13 21:14:59,2025-10-13 21:15:00,20
7463,LeagueOfLegends,Neutral,Check again out my video!,2025-10-13 21:14:59,2025-10-13 21:15:00,25
7463,LeagueOfLegends,Neutral,Check out our video!,2025-10-13 21:14:59,2025-10-13 21:15:00,20
7464,LeagueOfLegends,Positive,so glad Korean League of Legends is back on our screens. The first series has already been better than all the LCS/LEC games so far,2025-10-13 21:14:59,2025-10-13 21:15:00,131
7464,LeagueOfLegends,Positive,So glad Korean League of Legends is back on our screens. The first series was already better than all previous LCS / LEC games,2025-10-13 21:14:59,2025-10-13 21:15:00,126
7464,LeagueOfLegends,Positive,so happy that the Korean League of Legends is back on our screens. The first series has already been better than all the LCS / LEC games so far,2025-10-13 21:14:59,2025-10-13 21:15:00,143
7464,LeagueOfLegends,Positive,so glad Korean League B Legends is back on our screens. The first series has already progressed better than all the LCS/LEC games so far,2025-10-13 21:14:59,2025-10-13 21:15:00,136
7464,LeagueOfLegends,Positive,Just so glad The Korean League of Legends is back on on our view screens. The first series has already somehow been better than virtually all the LCS / LEC games so far,2025-10-13 21:14:59,2025-10-13 21:15:00,168
7464,LeagueOfLegends,Positive,so happy Korean Knights of Mad is back on our screens. The first series has already been better than all the LCS/LEC games this far,2025-10-13 21:14:59,2025-10-13 21:15:00,131
7465,LeagueOfLegends,Negative,Like a losing league of legends game chat,2025-10-13 21:14:59,2025-10-13 21:15:00,41
7465,LeagueOfLegends,Negative,Like a lost league of legends,2025-10-13 21:14:59,2025-10-13 21:15:00,29
7465,LeagueOfLegends,Negative,Like a losing league of game chats,2025-10-13 21:14:59,2025-10-13 21:15:00,34
7465,LeagueOfLegends,Negative,Like a losing league of legends live chat,2025-10-13 21:14:59,2025-10-13 21:15:00,41
7465,LeagueOfLegends,Negative,« Like a losing league of legends game chat,2025-10-13 21:14:59,2025-10-13 21:15:00,43
7465,LeagueOfLegends,Negative,Like a losing league of virtual game chat,2025-10-13 21:14:59,2025-10-13 21:15:00,41
7466,LeagueOfLegends,Neutral,I need a healslut to duo ranked with in league of legends. I’m so tired of these random ass teammates. It will be fun. Just keep me healed like the dumb whore you are.,2025-10-13 21:14:59,2025-10-13 21:15:00,167
7466,LeagueOfLegends,Neutral,I need a healthy bitch to duel with her in the League of Legends. I'm so tired of these arbitrary ass teammates. It's going to be fun. Just keep me healed like the stupid whore you are.,2025-10-13 21:14:59,2025-10-13 21:15:00,185
7466,LeagueOfLegends,Neutral,I'm so tired of these random ass teammates. It's going to be fun. Just keep me on my toes like the dumb whore you are.,2025-10-13 21:14:59,2025-10-13 21:15:00,118
7466,LeagueOfLegends,Neutral,I need a healslut to duo ranked with that league of legends. I’m so fond of playing random ass teammates. It will be fun. Just keep me healed like the dumb whore some are.,2025-10-13 21:14:59,2025-10-13 21:15:00,171
7466,LeagueOfLegends,Neutral,So I need a healslut to duo ranked with in his league of soccer legends. I ’ because m so tired of these random tough ass teammates. It will be fun. Just... keep me healed like the dumb whore when you really are.,2025-10-13 21:14:59,2025-10-13 21:15:00,212
7466,LeagueOfLegends,Neutral,I had my healslut romance duo ranked with in league of legends. I’m so tired fighting these random cold teammates. It will be fun. Just get me healed like the dumb whore you are.,2025-10-13 21:14:59,2025-10-13 21:15:00,178
7467,LeagueOfLegends,Positive,Genuinely screamed after hitting this double kill. .  . @TwitchReTweets @riotgames @lolesports @LeagueOfLegends https://t.co/ETsI6GpENu,2025-10-13 21:14:59,2025-10-13 21:15:00,135
7467,LeagueOfLegends,Positive,Real shouted after he hit that double kill... @ TwitchReTweets @ riotgames @ lolesports @ LeagueOfLegends https: / / t.co / ETsI6GpENu,2025-10-13 21:14:59,2025-10-13 21:15:00,134
7467,LeagueOfLegends,Positive,Sincere shout after being hit by this double blow... @ tchRefests @ riotgames @ lolesp @ LeagueOfLegends https: / / co / ETsI6GpENu,2025-10-13 21:14:59,2025-10-13 21:15:00,131
7467,LeagueOfLegends,Positive,"Genuinely screamed after hitting my double kill. \"[ . @TwitchReTweets @riotgames @lolesports @LeagueOfLegends https://t.co/ETsI6GpENu]",2025-10-13 21:14:59,2025-10-13 21:15:00,134
7467,LeagueOfLegends,Positive,Genuinely they screamed as after my hitting this stunning double kill... @TwitchReTweets... @riotgames @lolesports... @LeagueOfLegends https://t.co/ETsI6GpENu ],2025-10-13 21:14:59,2025-10-13 21:15:00,160
7467,LeagueOfLegends,Positive,Genuinely styling after myself this jack I... @TwitchReTweets • @riotgames @lolesports https://t.co/ETsI6GpENu],2025-10-13 21:14:59,2025-10-13 21:15:00,111
7468,LeagueOfLegends,Negative,"How can it be that in one single match an enemy ints and feeds us but we loose because we have 3 inters.. . League of legends has very well deserve the title of \"The worst gaming experience ever\"",2025-10-13 21:14:59,2025-10-13 21:15:00,195
7468,LeagueOfLegends,Negative,"How can it be that in a single game an enemy hits us and feeds us, but we lose because we have 3 points... League of Legends has earned the title \"The Worst Gaming Experience Ever.\"",2025-10-13 21:14:59,2025-10-13 21:15:00,181
7468,LeagueOfLegends,Negative,"How can it happen that in one match the enemy presses and feeds us and we lose because we have 3 points... The Champions League has deservedly earned the title of \"The Worst Game Experience in History\"",2025-10-13 21:14:59,2025-10-13 21:15:00,201
7468,LeagueOfLegends,Negative,"How can it be that in one single match an enemy ints and feeds us but we loose because we have 3 losses. League of legends has quite well deserve this tag of \"The worst gaming experience ever\"",2025-10-13 21:14:59,2025-10-13 21:15:00,192
7468,LeagueOfLegends,Negative,"How can whatever it be that in the one brilliant single match an enemy ints and feeds push us back but we come loose because we have our 3 inters... League of legends has very well deserve the title of \" The 50th worst gaming experience ever ever \"",2025-10-13 21:14:59,2025-10-13 21:15:00,248
7468,LeagueOfLegends,Negative,"How should it be that in one single match an enemy gain an feeds us but us loose because we have 3 inters... League 4 legends has quite well gained the title of \"The worst gaming experience ever\"",2025-10-13 21:14:59,2025-10-13 21:15:00,195
7469,LeagueOfLegends,Positive,I LOVE THIS .,2025-10-13 21:14:59,2025-10-13 21:15:00,14
7469,LeagueOfLegends,Positive,I love that.,2025-10-13 21:14:59,2025-10-13 21:15:00,12
7469,LeagueOfLegends,Positive,I LOVE IT.,2025-10-13 21:14:59,2025-10-13 21:15:00,10
7469,LeagueOfLegends,Positive,I DID THIS.,2025-10-13 21:14:59,2025-10-13 21:15:00,11
7469,LeagueOfLegends,Positive,How I LOVE THIS.,2025-10-13 21:14:59,2025-10-13 21:15:00,16
7469,LeagueOfLegends,Positive,ID LOVE THIS.,2025-10-13 21:14:59,2025-10-13 21:15:00,13
7470,LeagueOfLegends,Neutral,I haven’t posted today so I just want to let you all know I’ve been working all day makin cash money and now I’m relaxing getting my hair done before streaming all week,2025-10-13 21:14:59,2025-10-13 21:15:00,170
7470,LeagueOfLegends,Neutral,"I didn't post today, so I want you all to know I've been working all day for cash and now I'm relaxing before I can stream all week.",2025-10-13 21:14:59,2025-10-13 21:15:00,132
7470,LeagueOfLegends,Neutral,"I didn't post today, so I just want you all to know I worked all day makin cash and now I relax doing my hair before streaming all week",2025-10-13 21:14:59,2025-10-13 21:15:00,135
7470,LeagueOfLegends,Neutral,I haven’t posted anything so I do want to let you all know I’ve been working all day earning cash money and now I’m relaxing getting my rest done before streaming all week,2025-10-13 21:14:59,2025-10-13 21:15:00,171
7470,LeagueOfLegends,Neutral,I haven ’ t posted today so I just want to come let to you you all know because I ’ ve been working all day makin cash money already and now I ’ just m relaxing and getting my hair done right before streaming all week,2025-10-13 21:14:59,2025-10-13 21:15:00,217
7470,LeagueOfLegends,Neutral,probably haven’t posted shit so I just forgot to let you all know I’ve been working all day makin cash today and now I’m relaxing and my hair done before streaming all night,2025-10-13 21:14:59,2025-10-13 21:15:00,173
7471,LeagueOfLegends,Neutral,"League of Legends (Feeling a little depressed atm, so no cam) twitch.tv/gamezor",2025-10-13 21:14:59,2025-10-13 21:15:00,79
7471,LeagueOfLegends,Neutral,"League of Legends (I feel a bit depressed, so no cam) twitch.tv / gamezor",2025-10-13 21:14:59,2025-10-13 21:15:00,73
7471,LeagueOfLegends,Neutral,"League of Legends (Feeling a bit depressed atm, so no camera) - tch.tv / gamezor",2025-10-13 21:14:59,2025-10-13 21:15:00,80
7471,LeagueOfLegends,Neutral,"League of Legends (Feeling a little depressed atm, so no cam) twitch.tv/gamezor",2025-10-13 21:14:59,2025-10-13 21:15:00,79
7471,LeagueOfLegends,Neutral,"1 League of Legends (Feeling a little depressed atm, so no cam) twitch.tv/gamezor",2025-10-13 21:14:59,2025-10-13 21:15:00,81
7471,LeagueOfLegends,Neutral,that,2025-10-13 21:14:59,2025-10-13 21:15:00,4
7472,LeagueOfLegends,Negative,I feel attacked,2025-10-13 21:14:59,2025-10-13 21:15:00,15
7472,LeagueOfLegends,Negative,I feel attacked,2025-10-13 21:14:59,2025-10-13 21:15:00,15
7472,LeagueOfLegends,Negative,I feel like I've been attacked,2025-10-13 21:14:59,2025-10-13 21:15:00,30
7472,LeagueOfLegends,Negative,I was attacked,2025-10-13 21:14:59,2025-10-13 21:15:00,14
7472,LeagueOfLegends,Negative,I could feel attacked,2025-10-13 21:14:59,2025-10-13 21:15:00,21
7472,LeagueOfLegends,Negative,I feel so,2025-10-13 21:14:59,2025-10-13 21:15:00,9
7473,LeagueOfLegends,Neutral,"Easy Penta, follow by triple on their spawn, best jayce pt coming for u. . Check out my video!",2025-10-13 21:14:59,2025-10-13 21:15:00,96
7473,LeagueOfLegends,Neutral,"Easy Penta, followed by Triple on her spawn, best jayce pt come for u. Watch my video!",2025-10-13 21:14:59,2025-10-13 21:15:00,86
7473,LeagueOfLegends,Neutral,"Easy Penta, follow by three on their won, best jayce pt coming for u... Watch my video!",2025-10-13 21:14:59,2025-10-13 21:15:00,87
7473,LeagueOfLegends,Neutral,"Easy Penta, follow them triple on their spawn, best jayce pt coming for her.. Check out my video!",2025-10-13 21:14:59,2025-10-13 21:15:00,97
7473,LeagueOfLegends,Neutral,"Easy Penta, follow by triple on their spawn, best possible jayce mate pt 2 coming for u.. Long Check out my home video!",2025-10-13 21:14:59,2025-10-13 21:15:00,119
7473,LeagueOfLegends,Neutral,"Easy Penta, follow by triple beating their spawn, first jayce pt ever for u.. checking out my video!",2025-10-13 21:14:59,2025-10-13 21:15:00,100
7474,LeagueOfLegends,Positive,zoe is totally healthy and does not deserve the hate and the insane amount of nerfs,2025-10-13 21:14:59,2025-10-13 21:15:00,83
7474,LeagueOfLegends,Positive,Zoe is perfectly healthy and does not deserve the hate and the insane amount of nerves,2025-10-13 21:14:59,2025-10-13 21:15:00,86
7474,LeagueOfLegends,Positive,Zoe is perfectly healthy and does not deserve hatred and countless nerves,2025-10-13 21:14:59,2025-10-13 21:15:00,73
7474,LeagueOfLegends,Positive,zoe is totally unfair and does not deserve the hate and the insane amount of nerfs,2025-10-13 21:14:59,2025-10-13 21:15:00,82
7474,LeagueOfLegends,Positive,zoe is totally not healthy and who does therefore not deserve the hate and the insane amount of nerfs,2025-10-13 21:14:59,2025-10-13 21:15:00,101
7474,LeagueOfLegends,Positive,zoe was totally healthy and does not deserve the hate and the insane teenagers in nerfs,2025-10-13 21:14:59,2025-10-13 21:15:00,87
7475,LeagueOfLegends,Neutral,Riot be like “oh well you lost. -28 LP”,2025-10-13 21:14:59,2025-10-13 21:15:00,39
7475,LeagueOfLegends,Neutral,"Riot is like, \"Oh good, you lost.\" -28 LP",2025-10-13 21:14:59,2025-10-13 21:15:00,41
7475,LeagueOfLegends,Neutral,"The riot will be like, \"Oh, well, you lost.\" -28 LP \"",2025-10-13 21:14:59,2025-10-13 21:15:00,53
7475,LeagueOfLegends,Neutral,Riot be like... well you lost. -28 LP”,2025-10-13 21:14:59,2025-10-13 21:15:00,38
7475,LeagueOfLegends,Neutral,Riot be like “ oh well you lost. - Hendrix 28 March LP ”,2025-10-13 21:14:59,2025-10-13 21:15:00,56
7475,LeagueOfLegends,Neutral,Riot be like “oh<unk> much lost. -28 LP”,2025-10-13 21:14:59,2025-10-13 21:15:00,40
7476,LeagueOfLegends,Neutral,"I don't have a shortstack problem, I can quit posting yordles anytime I want.. .",2025-10-13 21:14:59,2025-10-13 21:15:00,82
7476,LeagueOfLegends,Neutral,"I don't have a shortstack problem, I can stop posting yordles whenever I want...",2025-10-13 21:14:59,2025-10-13 21:15:00,80
7476,LeagueOfLegends,Neutral,"I don't have a shortstack problem, I can quit posting yordles anytime I want...",2025-10-13 21:14:59,2025-10-13 21:15:00,79
7476,LeagueOfLegends,Neutral,"I don't have my shortstack problem, I can begin posting yordles anytime I want...",2025-10-13 21:14:59,2025-10-13 21:15:00,81
7476,LeagueOfLegends,Neutral,"I don'T t have a nasty shortstack shooting problem, I can quit by posting yordles anytime I want...",2025-10-13 21:14:59,2025-10-13 21:15:00,99
7476,LeagueOfLegends,Neutral,"I don't have her shortstack problem, I can try posting yordles that I will...",2025-10-13 21:14:59,2025-10-13 21:15:00,77
7477,LeagueOfLegends,Negative,@LeagueOfLegends I can't connect to friends list and I can't add people to my lobbies,2025-10-13 21:14:59,2025-10-13 21:15:00,85
7477,LeagueOfLegends,Negative,@ LeagueOfLegends I can't connect to the friends list and I can't add people to my lobbies.,2025-10-13 21:14:59,2025-10-13 21:15:00,91
7477,LeagueOfLegends,Negative,@ LeagueOfLegends I can't connect to friends list and I can't add people to my lobbies,2025-10-13 21:14:59,2025-10-13 21:15:00,86
7477,LeagueOfLegends,Negative,@LeagueOfLegends IM can't connect to friends offline and I can't add people to my lobbies,2025-10-13 21:14:59,2025-10-13 21:15:00,89
7477,LeagueOfLegends,Negative,@LeagueOfLegends I can't literally connect to friends list anymore and I can'′ t add people to across my lobbies,2025-10-13 21:14:59,2025-10-13 21:15:00,112
7477,LeagueOfLegends,Negative,@LeagueOfLegends I can't connect your my list and I can't add people of my lobbies,2025-10-13 21:14:59,2025-10-13 21:15:00,82
7478,LeagueOfLegends,Neutral,Watch me playing some ranked games and give me love because I’m shit.,2025-10-13 21:14:59,2025-10-13 21:15:00,70
7478,LeagueOfLegends,Neutral,Watch me play some leaderboards and give me love because I'm shit.,2025-10-13 21:14:59,2025-10-13 21:15:00,66
7478,LeagueOfLegends,Neutral,Watch me play ratings games and give me love because I'm crap.,2025-10-13 21:14:59,2025-10-13 21:15:00,62
7478,LeagueOfLegends,Neutral,Watch me playing some ranked games and give them love because I’m shit.,2025-10-13 21:14:59,2025-10-13 21:15:00,71
7478,LeagueOfLegends,Neutral,Watch me playing them some ranked games and even give me fake love because I ’ m shit.,2025-10-13 21:14:59,2025-10-13 21:15:00,86
7478,LeagueOfLegends,Neutral,Watch me miss some ranked games and give me love because I’m winning.,2025-10-13 21:14:59,2025-10-13 21:15:00,69
7479,LeagueOfLegends,Neutral,Happy Birthday to Brave! 11th 12/6/2020. 12/6/2009-12/6/2020.,2025-10-13 21:14:59,2025-10-13 21:15:00,63
7479,LeagueOfLegends,Neutral,Happy Birthday to Brave! 11. 12 / 6 / 2020. 12 / 6 / 2009-12 / 6 / 2020.,2025-10-13 21:14:59,2025-10-13 21:15:00,72
7479,LeagueOfLegends,Neutral,Happy Birthday to Brave! 11th 12 / 6 / 2020. 12 / 6 / 2009-12 / 6 / 2020.,2025-10-13 21:14:59,2025-10-13 21:15:00,73
7479,LeagueOfLegends,Neutral,Happy Birthday to Brave! 11th 6/6/2020. 13/6/2009-12/6/2020.,2025-10-13 21:14:59,2025-10-13 21:15:00,60
7479,LeagueOfLegends,Neutral,Happy Birthday to All Brave! 11th 12 / 2013 6 / 2020. 12 / 6 / 2009 - 12 / 2011 6 / 2009 2020.,2025-10-13 21:14:59,2025-10-13 21:15:00,94
7479,LeagueOfLegends,Neutral,see Little Miss Ashley! 11th 12/6/2020. 12/6/2009-12/6/2020.,2025-10-13 21:14:59,2025-10-13 21:15:00,60
7480,LeagueOfLegends,Negative,URF is NOT Fun At All | League of Legends youtu.be/2oudiErJE_A via @YouTube,2025-10-13 21:14:59,2025-10-13 21:15:00,75
7480,LeagueOfLegends,Negative,URF is not fun at all | League of Legends youtu.be / 2oudiErJE _ A via @ YouTube,2025-10-13 21:14:59,2025-10-13 21:15:00,80
7480,LeagueOfLegends,Negative,"URF is NOT Fun At All \"League of Legends youtu.be / 2oudiErJE _ A via @ YouTube",2025-10-13 21:14:59,2025-10-13 21:15:00,79
7480,LeagueOfLegends,Negative,URF is NOT Fun after All | League of Cups youtu.be/2oudiErJE_A via @YouTube,2025-10-13 21:14:59,2025-10-13 21:15:00,75
7480,LeagueOfLegends,Negative,URF is NOT Fun At After All | Power League Hall of Legends youtu. be / With 2oudiErJE _ A review via Facebook @YouTube,2025-10-13 21:14:59,2025-10-13 21:15:00,118
7480,LeagueOfLegends,Negative,URF is NOT an Find All | League 5 Legends youtu.be/2oudiErJE_A via a,2025-10-13 21:14:59,2025-10-13 21:15:00,68
7481,LeagueOfLegends,Positive,Gaming just got killer!. . . LIVE NOW: League of Legends. . . killersquad.net/live/twitch_li…,2025-10-13 21:14:59,2025-10-13 21:15:00,93
7481,LeagueOfLegends,Positive,... LIVE NOW: League of Legends... killersquad.net / live / twitch _ li...,2025-10-13 21:14:59,2025-10-13 21:15:00,74
7481,LeagueOfLegends,Positive,Gaming just got killer!... LIVE NOW: League of Legends... killersquad.net / live / Freddie _ li...,2025-10-13 21:14:59,2025-10-13 21:15:00,98
7481,LeagueOfLegends,Positive,Gaming just got killer!.. AND RIGHT NOW: League of Legends... killersquad.net/live/twitch_li…,2025-10-13 21:14:59,2025-10-13 21:15:00,93
7481,LeagueOfLegends,Positive,Jet Gaming now just got killer!... LIVE TV NOW : Justice League of Legends... killersquad. or net / live / twitch _ p li …,2025-10-13 21:14:59,2025-10-13 21:15:00,122
7481,LeagueOfLegends,Positive,Gaming just got killer!... LIVE Saga: 61 Days 2... free.net/live/twitch_li...,2025-10-13 21:14:59,2025-10-13 21:15:00,77
7482,LeagueOfLegends,Irrelevant,Best assistant coach ever,2025-10-13 21:14:59,2025-10-13 21:15:00,25
7482,LeagueOfLegends,Irrelevant,Best assistant coach of all time,2025-10-13 21:14:59,2025-10-13 21:15:00,32
7482,LeagueOfLegends,Irrelevant,Best assistant coach in history,2025-10-13 21:14:59,2025-10-13 21:15:00,31
7482,LeagueOfLegends,Irrelevant,Best defensive coach ever,2025-10-13 21:14:59,2025-10-13 21:15:00,25
7482,LeagueOfLegends,Irrelevant,• Best assistant coach ever,2025-10-13 21:14:59,2025-10-13 21:15:00,27
7482,LeagueOfLegends,Irrelevant,Best assistant manager ever,2025-10-13 21:14:59,2025-10-13 21:15:00,27
7483,LeagueOfLegends,Neutral,Avril Lavigne and league of legends I’m down bad dawg,2025-10-13 21:14:59,2025-10-13 21:15:00,53
7483,LeagueOfLegends,Neutral,Avril Lavigne and League of Legends I'm down bad dawg,2025-10-13 21:14:59,2025-10-13 21:15:00,53
7483,LeagueOfLegends,Neutral,Avril Lavigne and the League of Gentlemen,2025-10-13 21:14:59,2025-10-13 21:15:00,41
7483,LeagueOfLegends,Neutral,Avril Lavigne and league of legends I’m really bad dawg,2025-10-13 21:14:59,2025-10-13 21:15:00,55
7483,LeagueOfLegends,Neutral,Avril Lavigne and league of world legends I ’ he m wearing down bad dawg,2025-10-13 21:14:59,2025-10-13 21:15:00,72
7483,LeagueOfLegends,Neutral,Avril Lavigne and lots of magic I’m down bad dawg,2025-10-13 21:14:59,2025-10-13 21:15:00,49
7484,LeagueOfLegends,Negative,i hate league of legends :D pic.twitter.com/tWKakWY8Ab,2025-10-13 21:14:59,2025-10-13 21:15:00,54
7484,LeagueOfLegends,Negative,I hate League of Legends: D pic.twitter.com / tWKakWY8Ab,2025-10-13 21:14:59,2025-10-13 21:15:00,56
7484,LeagueOfLegends,Negative,I hate the Champions League: D pic.wikipedia.org / tWKakWY8G,2025-10-13 21:14:59,2025-10-13 21:15:00,60
7484,LeagueOfLegends,Negative,i hate league of legends :D pic.twitter.com/tWKakWY8Ab,2025-10-13 21:14:59,2025-10-13 21:15:00,54
7484,LeagueOfLegends,Negative,to i hate league of legends :D pic.twitter.com/tWKakWY8Ab,2025-10-13 21:14:59,2025-10-13 21:15:00,57
7484,LeagueOfLegends,Negative,I,2025-10-13 21:14:59,2025-10-13 21:15:00,1
7485,LeagueOfLegends,Neutral,Who killed Rakan?!. .,2025-10-13 21:14:59,2025-10-13 21:15:00,23
7485,LeagueOfLegends,Neutral,Who killed Rakan?!..,2025-10-13 21:14:59,2025-10-13 21:15:00,20
7485,LeagueOfLegends,Neutral,Who killed Rakan?!.,2025-10-13 21:14:59,2025-10-13 21:15:00,19
7485,LeagueOfLegends,Neutral,Who killed me..,2025-10-13 21:14:59,2025-10-13 21:15:00,15
7485,LeagueOfLegends,Neutral,in Who killed Rakan?!..,2025-10-13 21:14:59,2025-10-13 21:15:00,23
7485,LeagueOfLegends,Neutral,Who killed Scott?!..,2025-10-13 21:14:59,2025-10-13 21:15:00,20
7486,LeagueOfLegends,Neutral,You have no idea how ready I am for this. Give me Twisted Fate!,2025-10-13 21:14:59,2025-10-13 21:15:00,65
7486,LeagueOfLegends,Neutral,No idea how ready I am for this. Give me Twisted Fate!,2025-10-13 21:14:59,2025-10-13 21:15:00,54
7486,LeagueOfLegends,Neutral,You have no idea how ready I am for it.,2025-10-13 21:14:59,2025-10-13 21:15:00,39
7486,LeagueOfLegends,Neutral,You have no idea that ready I am for this. Give me Twisted Fate!,2025-10-13 21:14:59,2025-10-13 21:15:00,64
7486,LeagueOfLegends,Neutral,You have no idea how damn ready I am for this. Give me me your Twisted Fate!,2025-10-13 21:14:59,2025-10-13 21:15:00,76
7486,LeagueOfLegends,Neutral,You really no idea how ready I am for this. Give me Twisted Fate!,2025-10-13 21:14:59,2025-10-13 21:15:00,65
7487,LeagueOfLegends,Irrelevant,"For the first time in months, my power went out. Thus, I lost 2-1 to Deus San. Sad to lose like this. Oh well.",2025-10-13 21:14:59,2025-10-13 21:15:00,110
7487,LeagueOfLegends,Irrelevant,For the first time in months I ran out of strength. So I lost 2: 1 against Deus San. Sad to lose like that.,2025-10-13 21:14:59,2025-10-13 21:15:00,107
7487,LeagueOfLegends,Irrelevant,So I lost 2-1 to Deus San. It's sad to lose like that.,2025-10-13 21:14:59,2025-10-13 21:15:00,54
7487,LeagueOfLegends,Irrelevant,"For the first time five months, my power went out. Thus, I lost 2-1 to Pa San. Sad to think like this. Oh well.",2025-10-13 21:14:59,2025-10-13 21:15:00,111
7487,LeagueOfLegends,Irrelevant,"For today the only first time in months, my power screen went entirely out. Thus, I lost 2 - 1 to Deus San. Sad enough to lose in like this. Oh well.",2025-10-13 21:14:59,2025-10-13 21:15:00,149
7487,LeagueOfLegends,Irrelevant,"be the first time during months, my power burned out. Thus, I lost 2-1 to Deus San. Sad to lose like this. Oh wait.",2025-10-13 21:14:59,2025-10-13 21:15:00,115
7488,LeagueOfLegends,Positive,[Community]. . With the skin hype leveling out I think it’s a good time to mention that Zoe will be added next mont.... . by u/that-one-joestar. .  . reddit.com/r/zoemains/com…,2025-10-13 21:14:59,2025-10-13 21:15:00,176
7488,LeagueOfLegends,Positive,"[Community]... After the skin hype settles down, I think it's a good time to mention that Zoe will be added next month..... by u / that-one-joestar... reddit.com / r / zoemains / com...",2025-10-13 21:14:59,2025-10-13 21:15:00,185
7488,LeagueOfLegends,Positive,"[Community]. With skin flattening, I think it's time to mention that Zoe will be added next month.... u / that-one-joestar.. reddit.com / r / zoemains / com...",2025-10-13 21:14:59,2025-10-13 21:15:00,159
7488,LeagueOfLegends,Positive,[Community].. With her skin hype leveling out a think it’s a good time to add that Zoe e be added further mont..... by u/that-one-joestar.. . reddit.com/r/zoemains/com…,2025-10-13 21:14:59,2025-10-13 21:15:00,168
7488,LeagueOfLegends,Positive,[ Community ].. With the skin care hype now leveling out I actually think it ’ · s a good time to first mention maybe that next Zoe will be an added next mont..... by u / that - one - joestar... in reddit. com / r / zoemains / com page …,2025-10-13 21:14:59,2025-10-13 21:15:00,237
7488,LeagueOfLegends,Positive,[Community].. With the TV hype leveling off I think for a perfect time me declare that Jessica may be our next mont..... your u/that-one-joestar... reddit.com/r/zoemains/com...,2025-10-13 21:14:59,2025-10-13 21:15:00,176
7489,LeagueOfLegends,Positive,Good times. 🤣,2025-10-13 21:14:59,2025-10-13 21:15:00,13
7489,LeagueOfLegends,Positive,Good times.,2025-10-13 21:14:59,2025-10-13 21:15:00,11
7489,LeagueOfLegends,Positive,Good times.,2025-10-13 21:14:59,2025-10-13 21:15:00,11
7489,LeagueOfLegends,Positive,Good times. ***,2025-10-13 21:14:59,2025-10-13 21:15:00,15
7489,LeagueOfLegends,Positive,Good in times. [UNK],2025-10-13 21:14:59,2025-10-13 21:15:00,20
7489,LeagueOfLegends,Positive,Good Life. <unk>,2025-10-13 21:14:59,2025-10-13 21:15:00,16
7490,LeagueOfLegends,Irrelevant,@redmercy Happy birthday.,2025-10-13 21:14:59,2025-10-13 21:15:00,25
7490,LeagueOfLegends,Irrelevant,@ redmercy Happy Birthday.,2025-10-13 21:14:59,2025-10-13 21:15:00,26
7490,LeagueOfLegends,Irrelevant,@ redmercy Happy birthday.,2025-10-13 21:14:59,2025-10-13 21:15:00,26
7490,LeagueOfLegends,Irrelevant,@redmercy<unk> birthday.,2025-10-13 21:14:59,2025-10-13 21:15:00,24
7490,LeagueOfLegends,Irrelevant,@redmercy and Happy birthday.,2025-10-13 21:14:59,2025-10-13 21:15:00,29
7490,LeagueOfLegends,Irrelevant,@redmercy Happy Free.,2025-10-13 21:14:59,2025-10-13 21:15:00,21
7491,LeagueOfLegends,Neutral,"oh fuck I just realized. . if a League of Legends Champion gets into smash, there's a relatively high chance it'll be Yasuo .  FUCK",2025-10-13 21:14:59,2025-10-13 21:15:00,131
7491,LeagueOfLegends,Neutral,"Oh fuck, I just noticed that... when a champion of the League of Legends gets into trouble, the probability is relatively high that it will be Yasuo. Fuck",2025-10-13 21:14:59,2025-10-13 21:15:00,154
7491,LeagueOfLegends,Neutral,"oh fuck I just realized... if a League of Legends Champion gets into smash, there's a relatively high chance it's Yasuo. FUCK",2025-10-13 21:14:59,2025-10-13 21:15:00,125
7491,LeagueOfLegends,Neutral,"oh no I just checked.. if a League of Legends Champion gets into smash, there's a dangerously high chance it'll be Yasuo.  FUCK",2025-10-13 21:14:59,2025-10-13 21:15:00,127
7491,LeagueOfLegends,Neutral,"oh fuck yeah I just realized.. if a future League of Evil Legends Champion gets into smash, there's also a pretty relatively high high chance it'll be Yasuo. Chapter FUCK",2025-10-13 21:14:59,2025-10-13 21:15:00,170
7491,LeagueOfLegends,Neutral,"and fuck I just realized.. Since a League of Legends Champion gets into town, there's a pretty high chance it'll be Mr. FUCK",2025-10-13 21:14:59,2025-10-13 21:15:00,124
7492,LeagueOfLegends,Neutral,watched my brother play league and i rly like the wig guy.,2025-10-13 21:14:59,2025-10-13 21:15:00,60
7492,LeagueOfLegends,Neutral,Watching my brother play league and I liked the wig man.,2025-10-13 21:15:00,2025-10-13 21:15:00,56
