ID,Topic,Sentiment,Text,Timestamp,IngestedAt,TextLength
8844,Nvidia,Positive,mind trucking is the next frontier for,2025-10-13 21:11:10,2025-10-13 21:11:20,38
8845,Nvidia,Positive,Nvidia 3090 day be like .. oh BROKEN again !! pic.twitter.com/1uKlAwQuxD,2025-10-13 21:11:10,2025-10-13 21:11:20,72
8845,Nvidia,Positive,Nvidia 3090 day be like.. oh BROKEN again!! pic.twitter.com / 1uKlAwQuxD,2025-10-13 21:11:10,2025-10-13 21:11:20,72
8845,Nvidia,Positive,Nvidia 3090 day be like.. oh BROKEN again!! pic.wikipedia.org / 1uKlAwQuxD,2025-10-13 21:11:10,2025-10-13 21:11:20,74
8845,Nvidia,Positive,Nvidia 3090 day be like .. oh BROKEN again !! pic.twitter.com/1uKlAwQuxD,2025-10-13 21:11:10,2025-10-13 21:11:20,72
8845,Nvidia,Positive,and Nvidia 3090 day be like .. oh BROKEN again !! pic.twitter.com/1uKlAwQuxD,2025-10-13 21:11:10,2025-10-13 21:11:20,76
8845,Nvidia,Positive,is,2025-10-13 21:11:10,2025-10-13 21:11:20,2
8846,Nvidia,Neutral,New video on now go check it out here we go again its terrifying. visage youtu.be/O4BLsMOEiGA via @YouTube.,2025-10-13 21:11:10,2025-10-13 21:11:20,109
8846,Nvidia,Neutral,New video on now go check it out here we go again his fear. visage youtu.be / O4BLsMOEiGA via @ YouTube.,2025-10-13 21:11:10,2025-10-13 21:11:20,104
8846,Nvidia,Neutral,New video on now go check it out here we go again its terrifying. vienciyoutu.be / O4BLsMOEiGA via @ YouTube.,2025-10-13 21:11:10,2025-10-13 21:11:20,109
8846,Nvidia,Neutral,New post on now go check it out here we go again its incredible. visage ly.be/O4BLsMOEiGA via @YouTube.,2025-10-13 21:11:10,2025-10-13 21:11:20,103
8846,Nvidia,Neutral,With New video on now please go check it stuff out from here if we still go again its terrifying. Now visage youtu. be / O4BLsMOEiGA via @YouTube.,2025-10-13 21:11:10,2025-10-13 21:11:20,146
8846,Nvidia,Neutral,New thing on now Please check it out here we disagree again its terrifying. visage upload.be/O4BLsMOEiGA at @YouTube.,2025-10-13 21:11:10,2025-10-13 21:11:20,117
8847,Nvidia,Negative,"New NVidia 30(70,80 and 90) drops the USB-C VR VirtualLink (not so good for quest) pic.twitter.com/QuZXeYjHvW",2025-10-13 21:11:10,2025-10-13 21:11:20,109
8847,Nvidia,Negative,New NVidia 30 (70.80 and 90) depots the USB-C VR VirtualLink (not so good for Quest) pic.twitter.com / QuZXeYjHvW,2025-10-13 21:11:10,2025-10-13 21:11:20,113
8847,Nvidia,Negative,New NVidia 30 (780 and 90) resets VirtualLink (not very good for quest) pic.fm / QuZXeYjHvW,2025-10-13 21:11:10,2025-10-13 21:11:20,91
8847,Nvidia,Negative,"New NVidia 30(70,80 and 90) drops the USB-C VR VirtualLink (not so good for quest) pic.twitter.com/QuZXeYjHvW",2025-10-13 21:11:10,2025-10-13 21:11:20,109
8847,Nvidia,Negative,"2013 New NVidia 30(70,80 and 90) drops the USB-C VR VirtualLink (not so good for quest) pic.twitter.com/QuZXeYjHvW",2025-10-13 21:11:10,2025-10-13 21:11:20,114
8847,Nvidia,Negative,are,2025-10-13 21:11:10,2025-10-13 21:11:20,3
8848,Nvidia,Neutral,The Nvidia MX450 has 896 cores and goes as low as 12W.. reddit.com/r/hardware/com…,2025-10-13 21:11:10,2025-10-13 21:11:20,82
8848,Nvidia,Neutral,The Nvidia MX450 has 896 cores and ranges up to 12W.. reddit.com / r / hardware / com...,2025-10-13 21:11:10,2025-10-13 21:11:20,88
8848,Nvidia,Neutral,The Nvidia MX450 has 896 cores and goes as low as 12W.. reddit.com / r / hardware / com...,2025-10-13 21:11:10,2025-10-13 21:11:20,90
8848,Nvidia,Neutral,The Nvidia MX450 has 896 cores and goes as well is 12W.. reddit.com/r/hardware/com…,2025-10-13 21:11:10,2025-10-13 21:11:20,83
8848,Nvidia,Neutral,The Intel Nvidia MX450 has 896 cores and goes as as low as 12W.. see reddit. com / v r / old hardware / com page …,2025-10-13 21:11:10,2025-10-13 21:11:20,114
8848,Nvidia,Neutral,The Pro MX450 has 896 W but goes a low as 12W.. More.com/r/hardware/com...,2025-10-13 21:11:10,2025-10-13 21:11:20,74
8849,Nvidia,Neutral,Activision GeForce Now Issue Was Due To “Misunderstanding” Says Nvidia 24newsorder.com/activision-gef… https://t.co/3o6Zc9nqko,2025-10-13 21:11:10,2025-10-13 21:11:20,126
8849,Nvidia,Neutral,"The current issue of Activision GeForce was based on \"misunderstandings,\" says Nvidia 24newsorder.com / activision-gef... https: / / t.co / 3o6Zc9nqko",2025-10-13 21:11:10,2025-10-13 21:11:20,150
8849,Nvidia,Neutral,"Africa GeForce Now Issue Was Due To \"Misunderstanding\" Says Nvidia 24newsorder.com / action-gef... https: / / www.co / 3o6Zc9nqko",2025-10-13 21:11:10,2025-10-13 21:11:20,129
8849,Nvidia,Neutral,Activision EV Network Issue Was Due Over “Misunderstanding” Says Nvidia 24newsorder.com/activision-gef… https://t.co/3o6Zc9nqko],2025-10-13 21:11:10,2025-10-13 21:11:20,128
8849,Nvidia,Neutral,To Activision GeForce In Now Issue 1 Was it Due Out To “ Misunderstanding That ” Says Nvidia 24newsorder. com / by activision - gef... … https://t.co/3o6Zc9nqko ],2025-10-13 21:11:10,2025-10-13 21:11:20,162
8849,Nvidia,Neutral,Cinema GeForce 1: 82<unk> Due To Review Says Nvidia 24newsorder.com/activision-gef... only],2025-10-13 21:11:10,2025-10-13 21:11:20,91
8850,Nvidia,Neutral,Report: Nvidia Approached Arm About Acquisition tomshardware.com/news/report-nv…,2025-10-13 21:11:10,2025-10-13 21:11:20,80
8850,Nvidia,Neutral,Report: Nvidia approached Arm over takeover tomshardware.com / news / report-nv...,2025-10-13 21:11:10,2025-10-13 21:11:20,82
8850,Nvidia,Neutral,Report: Nvidia nears acquisition of tomshardware.com / news / report-nv...,2025-10-13 21:11:10,2025-10-13 21:11:20,74
8850,Nvidia,Neutral,Report: Nvidia Approached To<unk> Acquisition tomshardware.com/news/report-nv…,2025-10-13 21:11:10,2025-10-13 21:11:20,78
8850,Nvidia,Neutral,News Report : The Nvidia Current Approached Arm About Acquisition tomshardware. com / news / report - e nv html …,2025-10-13 21:11:10,2025-10-13 21:11:20,113
8850,Nvidia,Neutral,Report: Nvidia joins developer board Acquisition tomshardware.com/news/report-nv...,2025-10-13 21:11:10,2025-10-13 21:11:20,83
8851,Nvidia,Neutral,Nvidia’s data centre biz tops gaming as lead revenue source – and it should enjoy being king while it lasts anith.com/nvidias-data-c…,2025-10-13 21:11:10,2025-10-13 21:11:20,133
8851,Nvidia,Neutral,Nvidia's data centre is the main source of revenue for games - and it should enjoy being king for as long as it takes anith.com / nvidia-data-c...,2025-10-13 21:11:10,2025-10-13 21:11:20,146
8851,Nvidia,Neutral,Nvidia's data center biz tops gaming as a lead revenue source - and it should enjoy being king while it lasts anith.com / nvidias-data-c...,2025-10-13 21:11:10,2025-10-13 21:11:20,139
8851,Nvidia,Neutral,Nvidia’s data centre biz tops gaming as lead data source – and Nvidia best enjoy being king while it lasts Amazon.com/nvidias-data-c…,2025-10-13 21:11:10,2025-10-13 21:11:20,133
8851,Nvidia,Neutral,Nvidia ’ s national data centre biz tops gaming as its lead its revenue source over – and it even should enjoy being its king while long it lasts anith. com / nvidias - data - c …,2025-10-13 21:11:10,2025-10-13 21:11:20,179
8851,Nvidia,Neutral,<unk> data centre biz your poker players second revenue source – and it should enjoy being king while that lasts anith.com/nvidias-data-c...,2025-10-13 21:11:10,2025-10-13 21:11:20,140
8852,Nvidia,Negative,A company that has the ability to design and produce a top of the line graphics card also has the ability to forecast demand. Nvidia selling out instantly was planned to generate a feeling of scarcity and thus artificially increase demand. It's deceitful.,2025-10-13 21:11:10,2025-10-13 21:11:20,255
8852,Nvidia,Negative,"A company capable of designing and manufacturing a world-class graphics card also has the ability to predict demand, and the immediate sell-off of Nvidia was planned to create a sense of scarcity, artificially boosting demand.",2025-10-13 21:11:10,2025-10-13 21:11:20,226
8852,Nvidia,Negative,A company with the ability to design and produce top-notch graphics cards also has the ability to predict demand.,2025-10-13 21:11:10,2025-10-13 21:11:20,113
8852,Nvidia,Negative,A company that has the ability to design and produce a top for the line graphics card also has potential ability to forecast demand. Nvidia selling out instantly was planned to generate a sense of scarcity and thus artificially drive demand. It's deceitful.,2025-10-13 21:11:10,2025-10-13 21:11:20,257
8852,Nvidia,Negative,A leading company that has the ability of to properly design and produce a top of the line graphics card also has the precise ability available to forecast demand. Save Nvidia and selling out instantly was just planned to generate a greater feeling of scarcity and thus artificially increase the demand. It's deceitful.,2025-10-13 21:11:10,2025-10-13 21:11:20,319
8852,Nvidia,Negative,A company that has the ability to develop and manufacture a state of the line graphics card also has the ability to dictate demand. Nvidia gave out instantly was planned to generate a feeling of scarcity and eventually eventually increase demand. It's deceitful.,2025-10-13 21:11:10,2025-10-13 21:11:20,262
8853,Nvidia,Positive,"Exciting news!! I'm finally upgrading my gaming PC. Intel Core™ i9-9900KF, ASUS Prime Z390-A, 32 Gigs of G.Skill TridentZ DDR4 4266 on the way! Will take over a month to get everything in, but I'm really hyped. Eyeballing those 30 series Nvidia cards, VR, and new monitors too! https://t.co/OFtI1W1KyS",2025-10-13 21:11:10,2025-10-13 21:11:20,301
8853,Nvidia,Positive,"Exciting news!! I am finally upgrading my gaming PC. Intel Core ™ i9-9900KF, ASUS Prime Z390-A, 32 gigs G.Skill TridentZ DDR4 4266 on the road! Will take over a month to get it all in, but I am really hyped.",2025-10-13 21:11:10,2025-10-13 21:11:20,207
8853,Nvidia,Positive,"Exciting news!! I'm finally working on my gaming PC. Intel Core ™ i9-9900KF, ASUS Prime Z390-A, 32-inch G.Skill Tribune Z DDR4 4266 on the way! It will take more than a month to get everything, but I'm really shocked.",2025-10-13 21:11:10,2025-10-13 21:11:20,217
8853,Nvidia,Positive,"Exciting news!! Been finally upgrading my gaming PC. Intel Core™ i9-9900KF, Optimus Prime Z390-A, 32 Gigs Intel G.Skill TridentZ DDR4 4266 leading the way! Will take around a month to pull everything in, but I'm really hyped. Eyeballing those 30 series Nvidia cards, VR, awesome new accessories too! https://t.co/OFtI1W1KyS]",2025-10-13 21:11:10,2025-10-13 21:11:20,324
8853,Nvidia,Positive,"Exciting news!! I'm finally upgrading with my popular gaming PC. Intel [UNK] i9 - 2 9900KF, Super ASUS Prime ST Z390 - A, 32 3 Gigs of G. 5 Skill TridentZ or DDR4 4266 on the way! Will take over about a month to get everything in, but I'm really hyped. By Eyeballing those 30 series Nvidia cards, VR, and new monitors too! https://t.co/OFtI1W1KyS ]",2025-10-13 21:11:10,2025-10-13 21:11:20,348
8853,Nvidia,Positive,"Exciting Site Like'm finally upgrading my gaming PC. Power CoreTM i9-9900KF, ASUS Prime Z390-A, 32 Gigs of G.Skill TridentZ DDR4 4266 on the way! Will take me next month and throw everything in, but I'm really hyped. Eyeballing those new series Nvidia 5, VR, and new WiFi too! https://t.co/OFtI1W1KyS]",2025-10-13 21:11:10,2025-10-13 21:11:20,301
8854,Nvidia,Negative,any updates on the new Nvidia driver? do i make the switch yet or is it still shit?,2025-10-13 21:11:10,2025-10-13 21:11:20,83
8854,Nvidia,Negative,any updates on the new Nvidia driver? do I make the switch already or is it still shit?,2025-10-13 21:11:10,2025-10-13 21:11:20,87
8854,Nvidia,Negative,any updates on the new Nvidia driver? do i make the switch yet or is it still shit?,2025-10-13 21:11:10,2025-10-13 21:11:20,83
8854,Nvidia,Negative,any updates on the new Nvidia driver? do i make the announcement soon or is it still shit?,2025-10-13 21:11:10,2025-10-13 21:11:20,90
8854,Nvidia,Negative,have any updates on reaching the new Nvidia driver? do s i make the connection switch yet or is it still shit?,2025-10-13 21:11:10,2025-10-13 21:11:20,110
8854,Nvidia,Negative,any feedback on that new Nvidia driver? do i make the switch again or is it still shit?,2025-10-13 21:11:10,2025-10-13 21:11:20,87
8855,Nvidia,Positive,*Prices of Nvidia GeForce GTX 20 series are going down*. . Me: pic.twitter.com/0QlOjg3UrS,2025-10-13 21:11:10,2025-10-13 21:11:20,89
8855,Nvidia,Positive,* The prices of the Nvidia GeForce GTX 20 series are falling *. I: pic.twitter.com / 0QlOjg3UrS,2025-10-13 21:11:10,2025-10-13 21:11:20,95
8855,Nvidia,Positive,* The prizes of the Nvidia GeForce X 20 series fall *............................................................................................................................................................................,2025-10-13 21:11:10,2025-10-13 21:11:20,225
8855,Nvidia,Positive,*Prices of Nvidia GeForce GTX 20 series are going down*. . Me: pic.twitter.com/0QlOjg3UrS,2025-10-13 21:11:10,2025-10-13 21:11:20,89
8855,Nvidia,Positive,1 *Prices of Nvidia GeForce GTX 20 series are going down*. . Me: pic.twitter.com/0QlOjg3UrS,2025-10-13 21:11:10,2025-10-13 21:11:20,91
8855,Nvidia,Positive,all,2025-10-13 21:11:10,2025-10-13 21:11:20,3
8856,Nvidia,Positive,"so many exciting announcements from @nvidia today! can't wait for the performance improvements coming with the next driver, nvidia broadcast, and of course the",2025-10-13 21:11:10,2025-10-13 21:11:20,161
8856,Nvidia,Positive,"so many exciting announcements from @ nvidia today! I can't wait for the performance improvements that come with the next driver, the nvidia transfer and of course the",2025-10-13 21:11:10,2025-10-13 21:11:20,167
8856,Nvidia,Positive,"so many exciting announcements from @ nvidia today! can't wait for the performance improvements that will come with the next driver, nvidia broadcast, and of course,",2025-10-13 21:11:10,2025-10-13 21:11:20,165
8856,Nvidia,Positive,"so many exciting announcements from GeForce today! can't wait for the performance improvements coming to the next driver, nvidia broadcast, and of course NVIDIA",2025-10-13 21:11:10,2025-10-13 21:11:20,160
8856,Nvidia,Positive,"so many huge exciting announcements from @nvidia today! can't t wait for seeing the full performance improvements coming with us the very next driver, nvidia broadcast, and of course only the",2025-10-13 21:11:10,2025-10-13 21:11:20,191
8856,Nvidia,Positive,"so many exciting announcements from @nvidia today! can't say for these performance improvements coming with the next tube, nvidia broadcast, and even now the",2025-10-13 21:11:10,2025-10-13 21:11:20,157
8857,Nvidia,Positive,Watching NVIDIA position itself as not just a leading hardware manufacturer but also providing meaningful software to consumers is a remarkable thing of beauty. What an incredibly lead company with clear focus and goals. Well done @nvidia.,2025-10-13 21:11:10,2025-10-13 21:11:20,239
8857,Nvidia,Positive,"Watching NVIDIA not only position itself as a leading hardware manufacturer, but also provide consumers with meaningful software is a remarkable thing of beauty. What an incredible leader with a clear focus and clear goals. Well done @ nvidia.",2025-10-13 21:11:10,2025-10-13 21:11:20,243
8857,Nvidia,Positive,"Watching NVIDIA position itself not only as a leading hardware manufacturer, but also as a provider of intelligent software to consumers is remarkable.",2025-10-13 21:11:10,2025-10-13 21:11:20,151
8857,Nvidia,Positive,Watching NVIDIA position itself into not just a leading hardware manufacturer but also providing meaningful value to consumers is a remarkable thing of beauty. What an incredibly lead company with shared focus and goals. How done @nvidia.,2025-10-13 21:11:10,2025-10-13 21:11:20,238
8857,Nvidia,Positive,Watching NVIDIA position itself as having not just a leading hardware manufacturer but by also providing meaningful software to consumers is often a remarkable thing of such beauty. What an incredibly lead industrial company with clear design focus and ambitious goals. Another Well enough done @nvidia.,2025-10-13 21:11:10,2025-10-13 21:11:20,303
8857,Nvidia,Positive,Watching NVIDIA position herself outside only being a leading mobile manufacturer but also providing meaningful software to consumers is a remarkable thing of beauty. What an incredibly intelligent company with clear focus and goals. Well done @nvidia.,2025-10-13 21:11:10,2025-10-13 21:11:20,252
8858,Nvidia,Negative,i just had a freakout moment because @nvidia new drivers fucking suck and wouldnt let me go fullscreen. turns out after 6 whole hours of searching i found out they changed the aspect ratio and it wasnt set to fullscreen.. fix your shit @NVIDIAGeForce,2025-10-13 21:11:10,2025-10-13 21:11:20,250
8858,Nvidia,Negative,i just had a freak moment because @ nvidia new drivers suck fuck and do not let me go in fullscreen mode. after 6 whole hours searching i found that they had changed the aspect ratio and it was not set to fullscreen mode.. fix your shit @ NVIDIAGeForce,2025-10-13 21:11:10,2025-10-13 21:11:20,252
8858,Nvidia,Negative,i just had a freakout moment because @ nvidia new drivers fucking suck and wouldn't let me go fullscreen. turns out after 6 whole hours of searching i found out they changed the aspect ratio and it wasn't set to fullscreen.. fix your shit @ NVIDIAGeForce,2025-10-13 21:11:10,2025-10-13 21:11:20,254
8858,Nvidia,Negative,i just had a freakout moment all @nvidia new drivers fucking suck and wouldnt let me go fullscreen. turns out after 6 plus hours of searching i found out they changed the aspect ratio after it is set to Always fix your shit @NVIDIAGeForce,2025-10-13 21:11:10,2025-10-13 21:11:20,238
8858,Nvidia,Negative,i just had had a huge freakout moment because @nvidia means new drivers fucking suck and i wouldnt let show me even go fullscreen. turns out after 6 whole hours worth of searching i found out they changed the aspect ratio and since it wasnt even set to live fullscreen.. fix your shit @NVIDIAGeForce,2025-10-13 21:11:10,2025-10-13 21:11:20,299
8858,Nvidia,Negative,i first had the freakout moment because @nvidia new drivers totally suck its wouldnt let everything go fullscreen. turns out after 6 whole hours of work i found out they changed the aspect switch because it gets set to fullscreen.. fix your shit @NVIDIAGeForce,2025-10-13 21:11:10,2025-10-13 21:11:20,260
8859,Nvidia,Positive,Fuck everything except Nvidia GeForce RTX 2080 Ti.,2025-10-13 21:11:10,2025-10-13 21:11:20,50
8859,Nvidia,Positive,Fuck everything except Nvidia GeForce RTX 2080 Ti.,2025-10-13 21:11:10,2025-10-13 21:11:20,50
8859,Nvidia,Positive,Fuck everything but Nvidia GeForce X 2080 Ti.,2025-10-13 21:11:10,2025-10-13 21:11:20,45
8859,Nvidia,Positive,Fuck everything except Nvidia GeForce RTX 80 Ti.,2025-10-13 21:11:10,2025-10-13 21:11:20,48
8859,Nvidia,Positive,Fuck everything ever except the Nvidia GeForce RTX 2080 and Ti.,2025-10-13 21:11:10,2025-10-13 21:11:20,63
8859,Nvidia,Positive,Fuck everything except Nvidia HD RTX 2080 000.,2025-10-13 21:11:10,2025-10-13 21:11:20,46
8860,Nvidia,Negative,How Did Nvidia Make Something THIS Insane?!? youtu.be/ZlhWzpyiiFY,2025-10-13 21:11:10,2025-10-13 21:11:20,65
8860,Nvidia,Negative,How did Nvidia drive this crazy?!? youtu.be / ZlhWzpyiiFY,2025-10-13 21:11:10,2025-10-13 21:11:20,57
8860,Nvidia,Negative,How did Nvidia do something like this?!? youtu.be / ZlhWzpyiiFY,2025-10-13 21:11:10,2025-10-13 21:11:20,63
8860,Nvidia,Negative,How could Nvidia Imagine Something THIS Insane?!? youtu.be/ZlhWzpyiiFY,2025-10-13 21:11:10,2025-10-13 21:11:20,70
8860,Nvidia,Negative,Like How Bad Did Nvidia Not Make Something THIS of Insane?!? What youtu. u be / ZlhWzpyiiFY,2025-10-13 21:11:10,2025-10-13 21:11:20,91
8860,Nvidia,Negative,You CAN Nvidia Make Love THAT Insane?!? youtu.be/ZlhWzpyiiFY,2025-10-13 21:11:10,2025-10-13 21:11:20,60
8861,Nvidia,Positive,"@Activision after the new 30 Gb patch COD MW crashs in each game and I return to the destop- without any error report.. For that I paid 50$. And even before I had this, but cleaning Nvidia CV folder was helping.But now nothing fix it every game that issue its unplayable. WTF https://t.co/yfYI5mmuia",2025-10-13 21:11:10,2025-10-13 21:11:20,299
8861,Nvidia,Positive,"@ Activision after the new 30 GB patch COD MW crashes in every game and I return to Destop- without error report.. For that I paid $50. And even before I had that, cleaning the Nvidia CV folder helped me. But now it is no longer possible to fix every game that is unplayable. WTF https: / / t.co / yfYI5mmuia",2025-10-13 21:11:10,2025-10-13 21:11:20,308
8861,Nvidia,Positive,"@ Afvision after the new 30GB patch COD MW breaks down in every game and I return to the desktop - without any error messages.. I paid $50 for it. And even before I had it, cleaning Nvidia's resume folder was useful. But now nothing will fix it every game that gives it out unreproducible.",2025-10-13 21:11:10,2025-10-13 21:11:20,289
8861,Nvidia,Positive,"@Activision after the new 16 Gb patch COD MW crashs in each game and I return to the destop- without user error report.. For that I paid :) And even before games had this, but cleaning Nvidia CV s never helping.But now nothing fix it every game that issue its issue. WTF https://t.co/yfYI5mmuia]",2025-10-13 21:11:10,2025-10-13 21:11:20,295
8861,Nvidia,Positive,"@Activision after the new 30 10 Gb patch COD MW that crashs in each Flash game I and I return here to the destop - without finding any error report.. For info that I paid 50 $. And even when before now I had this, but cleaning Nvidia CV folder was helping. But now nothing can fix it every game that issue its unplayable. WTF https://t.co/yfYI5mmuia ]",2025-10-13 21:11:10,2025-10-13 21:11:20,351
8861,Nvidia,Positive,"@Activision and the new 30 Gb vs COD MW crashs in every game and I return to the destop- without any error report.. For that I paid 50$. And only when I had this, installing using Nvidia CV folder was helping.But now nothing fix it every game that issue its problems. WTF a]",2025-10-13 21:11:10,2025-10-13 21:11:20,274
8862,Nvidia,Positive,All these cool Nvidia things and I can't use any of them cause I don't have an RTX card .,2025-10-13 21:11:10,2025-10-13 21:11:20,90
8862,Nvidia,Positive,I can't use all these cool Nvidia stuff because I don't have an RTX card.,2025-10-13 21:11:10,2025-10-13 21:11:20,73
8862,Nvidia,Positive,All these cool Nvidia things and I can't use any of them because I don't have a card.,2025-10-13 21:11:10,2025-10-13 21:11:20,85
8862,Nvidia,Positive,All these cool Nvidia things and I can't use any of them cause I still have an RTX card.,2025-10-13 21:11:10,2025-10-13 21:11:20,88
8862,Nvidia,Positive,All these cool Nvidia things lie and I desperately can't use any one of them cause I don't have all an RTX and card.,2025-10-13 21:11:10,2025-10-13 21:11:20,116
8862,Nvidia,Positive,these these cool Nvidia things and we don't use any of them cause I just't have an RTX card.,2025-10-13 21:11:10,2025-10-13 21:11:20,92
8863,Nvidia,Neutral,"Great article from @hboelman on \"Running a GPU enabled Azure Custom Vision Docker container on a Nvidia Jetson Nano\". Create custom  . . Stay tuned, something like this for DeepStream could be coming soon =). . medium.com/microsoftazure…",2025-10-13 21:11:10,2025-10-13 21:11:20,237
8863,Nvidia,Neutral,"Great article by @ hboelman on \"Running a GPU enabled Azure Custom Vision Docker container on a Nvidia Jetson Nano.\" Custom create.. Stay tuned, something like this could be coming soon for DeepStream =).. medium.com / microsoftazure...",2025-10-13 21:11:10,2025-10-13 21:11:20,236
8863,Nvidia,Neutral,"Great article from @ hboelman on \"Running a GPU enabled Azure Custom Vision Docker container on a Nvidia Jetson Nano.\" Create custom... Stay tuned, something like this for DeepStream could be coming soon =)... medium.com / microsoftazure...",2025-10-13 21:11:10,2025-10-13 21:11:20,240
8863,Nvidia,Neutral,"Great article on @hboelman on \"Running Azure GPU Ready Azure Custom Vision Docker container on a Nvidia Cloud Nano\". Create custom .. Stay tuned, something like this for DeepStream could be coming soon \".. medium.com/microsoftazure…",2025-10-13 21:11:10,2025-10-13 21:11:20,232
8863,Nvidia,Neutral,"Great new article from @hboelman on \" Running a Linux GPU enabled Azure Custom Windows Vision Network Docker container on a Nvidia Digital Jetson Nano \". Create custom.. Stay tuned, something like this container for DeepStream could be coming soon = ).. Use medium. like com / microsoftazure... …",2025-10-13 21:11:10,2025-10-13 21:11:20,296
8863,Nvidia,Neutral,"Great comment from VMware on \"Running a GPU with Azure Custom Digital Image container on a Nvidia Jetson laptop\". Create custom.. Stay young, something titled THAT on DeepStream could be coming soon =).. medium.com/microsoftazure...",2025-10-13 21:11:10,2025-10-13 21:11:20,232
8864,Nvidia,Negative,torch.cuda.is_available() False after a fresh installation of drivers and cuda askubuntu.com/questions/1277…,2025-10-13 21:11:10,2025-10-13 21:11:20,110
8864,Nvidia,Negative,torch.cuda.is _ available () Incorrect after reinstalling drivers and cuda askubuntu.com / questions / 1277...,2025-10-13 21:11:10,2025-10-13 21:11:20,110
8864,Nvidia,Negative,torch.cuda.is _ available () False after a fresh installation of drivers and cuda askubuntu.com / questions / 1277...,2025-10-13 21:11:10,2025-10-13 21:11:20,117
8864,Nvidia,Negative,torch.cuda.is_available() False If conducting fresh installation without drivers and cuda askubuntu.com/questions/1277…,2025-10-13 21:11:10,2025-10-13 21:11:20,119
8864,Nvidia,Negative,torch. org cuda. is _ available ( ) Notes False after undergoing a fresh installation List of drivers and cuda askubuntu. ca com / questions / 1277 html …,2025-10-13 21:11:10,2025-10-13 21:11:20,154
8864,Nvidia,Negative,like.cuda.is_available() even after a fresh installation to drivers and settings with.com/questions/1277...,2025-10-13 21:11:10,2025-10-13 21:11:20,107
8865,Nvidia,Positive,"Shiny new HPC software dev kit. Interesting that Gaussian, GROMACS and VASP have already jumped on this.",2025-10-13 21:11:10,2025-10-13 21:11:20,104
8865,Nvidia,Positive,"Interestingly, Gaussian, GROMACS and VASP have already jumped on the bandwagon.",2025-10-13 21:11:10,2025-10-13 21:11:20,79
8865,Nvidia,Positive,"Interestingly, Guskov, GROMAKS and VASP have already jumped on it.",2025-10-13 21:11:10,2025-10-13 21:11:20,66
8865,Nvidia,Positive,"Shiny Ubuntu HPC software dev kit. Interesting that Gaussian, GROMACS and VASP have already jumped on it.",2025-10-13 21:11:10,2025-10-13 21:11:20,105
8865,Nvidia,Positive,"Shiny green new HPC core software dev kit. Interesting that new Gaussian, GROMACS software and early VASP have already probably jumped on this.",2025-10-13 21:11:10,2025-10-13 21:11:20,143
8865,Nvidia,Positive,"Shiny local computer memory dev kit. Interesting that Gaussian, GROMACS and VASP have already jumped towards this.",2025-10-13 21:11:10,2025-10-13 21:11:20,114
8866,Nvidia,Neutral,"As a journalist this is one of coolest corporate messages I've seen ... a new meaning to the meme \"I am AI\" -- youtu.be/e2_hsjpTi4w @NVIDIA",2025-10-13 21:11:10,2025-10-13 21:11:20,141
8866,Nvidia,Neutral,"As a journalist, this is one of the coolest corporate messages I've ever seen... a new meaning of the \"I'm AI\" meme -- youtu.be / e2 _ hsjpTi4w @ NVIDIA",2025-10-13 21:11:10,2025-10-13 21:11:20,152
8866,Nvidia,Neutral,"As a journalist, this is one of the coolest corporate messages I've seen... the new meaning of the \"I'm AI\" meme -- youtu.be / e2 _ hsjpTi4w @ NVIDIA",2025-10-13 21:11:10,2025-10-13 21:11:20,149
8866,Nvidia,Neutral,"As a journalist this becomes one of coolest corporate messages best seen applying a new meaning to the slogan \"I am AI\" -- youtu.be/e2_hsjpTi4w @NVIDIA",2025-10-13 21:11:10,2025-10-13 21:11:20,151
8866,Nvidia,Neutral,"11 As regards a journalist himself this is one of coolest marketing corporate messages I've never seen... a new social meaning begins to have the meme \" I truly am AI \" - - youtu. be / e2 _ 4 hsjpTi4w @NVIDIA",2025-10-13 21:11:10,2025-10-13 21:11:20,208
8866,Nvidia,Neutral,"Being a CEO this is one my coolest corporate messages I've known... a whole meaning to that statement \"I am AI\" -- on.be/e2_hsjpTi4w @NVIDIA",2025-10-13 21:11:10,2025-10-13 21:11:20,140
8867,Nvidia,Negative,So the nvidia 3080 launch is a fucking shambles :),2025-10-13 21:11:10,2025-10-13 21:11:20,50
8867,Nvidia,Negative,So the launch of nvidia 3080 is a damn mess:),2025-10-13 21:11:10,2025-10-13 21:11:20,45
8867,Nvidia,Negative,So the launch of nvidia 3080 is fucking chatter:),2025-10-13 21:11:10,2025-10-13 21:11:20,49
8867,Nvidia,Negative,So the nvidia 3080 launch is a major shambles :),2025-10-13 21:11:10,2025-10-13 21:11:20,48
8867,Nvidia,Negative,So the nvidia 3080 Linux launch is of a shit fucking shambles : ),2025-10-13 21:11:10,2025-10-13 21:11:20,65
8867,Nvidia,Negative,So far nvidia 3080 launch as a fucking shambles :),2025-10-13 21:11:10,2025-10-13 21:11:20,50
8868,Nvidia,Positive,Great video from @HarrisHeller on the newest feature @NVIDIAGeForce  has brought to us.. . I’ll definitely be testing it out and utilizing it in my streams. . NVIDIA BROADCAST IS FINALLY HERE!! youtu.be/u1f2j4MyjUw via @YouTube,2025-10-13 21:11:10,2025-10-13 21:11:20,227
8868,Nvidia,Positive,Great video from @ HarrisHeller about the newest feature of @ NVIDIAGeForce brought it to us... I will definitely test it and use it in my streams... NVIDIA BROADCAST IS FINALLY HERE!! youtu.be / u1f2j4MyjUw via @ YouTube,2025-10-13 21:11:10,2025-10-13 21:11:20,221
8868,Nvidia,Positive,Great video from @ HarrisHeller on the newest feature @ NVIDIAGeForce has brought to us... I'll definitely be testing it out and utilizing it in my streams... NVIDIA BROADCAST IS FINALLY E!! youtu.be / u1f2j4MyjUw via @ YouTube,2025-10-13 21:11:10,2025-10-13 21:11:20,227
8868,Nvidia,Positive,Great video from Max on one great feature @HarrisHeller  has brought to us... I’ll definitely be testing its out and utilizing it in my product. – NVIDIA BROADCAST IS FINALLY HERE!! youtu.be/u1f2j4MyjUw via @NVIDIAGeForce,2025-10-13 21:11:10,2025-10-13 21:11:20,221
8868,Nvidia,Positive,Great video from @HarrisHeller on the latest newest feature @NVIDIAGeForce has brought to us... I ’ ll definitely soon be testing it these out and started utilizing us it too in my streams.. NVIDIA AND BROADCAST IS FINALLY HERE!! youtu. would be / s u1f2j4MyjUw via visit @YouTube,2025-10-13 21:11:10,2025-10-13 21:11:20,280
8868,Nvidia,Positive,Great info from them demonstrating the newest feature @HarrisHeller just introduced to us... I’ll definitely be testing it out while utilizing less in my streams.. NVIDIA BROADCAST IS 10% HERE!! Copyright.be/u1f2j4MyjUw via mobile,2025-10-13 21:11:10,2025-10-13 21:11:20,230
8869,Nvidia,Neutral,Lol that Linus tech tips video on Nvidia...hahaha he got the console fanboys pissed,2025-10-13 21:11:10,2025-10-13 21:11:20,83
8869,Nvidia,Neutral,Lol that Linus tech tips video on Nvidia... hahaha he's pissed off the fanboys of the console,2025-10-13 21:11:10,2025-10-13 21:11:20,93
8869,Nvidia,Neutral,Lol that Linus tech tips video on Nvidia... hahaha he got the console fanboys pissed,2025-10-13 21:11:10,2025-10-13 21:11:20,84
8869,Nvidia,Neutral,Lol that Linus<unk> tips video on Nvidia...hahaha he got the console fanboys interested,2025-10-13 21:11:10,2025-10-13 21:11:20,87
8869,Nvidia,Neutral,Lol heard that Linus tech from tips video surfing on Nvidia... hahaha he got the console the fanboys who pissed,2025-10-13 21:11:10,2025-10-13 21:11:20,111
8869,Nvidia,Neutral,Lol that Linus Q tips video on Nvidia...hahaha get all the console fanboys pissed,2025-10-13 21:11:10,2025-10-13 21:11:20,81
8870,Nvidia,Positive,OMG. I finally managed to get my Nvidia/Intel Optimus setup working on Ubuntu. The external screen works. There is no screen tearing. Amazeballs. I have no idea how I did that but this year will the  year of the Linux desktop!!1,2025-10-13 21:11:10,2025-10-13 21:11:20,228
8870,Nvidia,Positive,"OMG. Finally I managed to get my Nvidia / Intel Optimus setup running on Ubuntu. The external screen is working. There is no tearing the screen. Amazeballs. I have no idea how I managed that, but this year will be the year of the Linux desktop!! 1",2025-10-13 21:11:10,2025-10-13 21:11:20,247
8870,Nvidia,Positive,OMG. I finally managed to get my Nvidia / Intel Optimus setup working on Ubuntu. The external screen works. There is no screen tearing. Amazeballs. I have no idea how I did that but this year will be the year of the Linux desktop!! 1,2025-10-13 21:11:10,2025-10-13 21:11:20,233
8870,Nvidia,Positive,OMG. I finally managed to get my Nvidia/Intel Optimus setup working on Ubuntu. The external drivers works. There is no screen tearing. Amazeballs. I wish no more where I did that but this year will usher  year of the Linux desktop!!1,2025-10-13 21:11:10,2025-10-13 21:11:20,233
8870,Nvidia,Positive,OMG. I finally I managed to get all my Nvidia / MIT Intel Optimus setup working on Ubuntu. See The external screen works. Only There was is almost no screen tearing. Amazeballs. So I have no clear idea how I did that but this year will the year of the Linux desktop!! March 1,2025-10-13 21:11:10,2025-10-13 21:11:20,275
8870,Nvidia,Positive,OMG. blogger finally managed to get my Nvidia/Intel Optimus setup working using Ubuntu. The external desktop works. Now is no screen tearing.<unk>. They have no idea how blogger did that but tomorrow year will the year of the Linux desktop!!1,2025-10-13 21:11:10,2025-10-13 21:11:20,242
8871,Nvidia,Negative,"Hi, I'm a first time user. I've just had some problems getting h264 hardware acceleration working on Firefox 80 with Nvidia proprietary drivers (10xx series GPU). What should I do? ift.tt/3iVUb46",2025-10-13 21:11:10,2025-10-13 21:11:20,195
8871,Nvidia,Negative,"Hello, I'm a first-time user. I just had a few problems getting the h264 hardware acceleration on Firefox 80 to work with Nvidia proprietary drivers (10xx series GPU). What should I do? ift.tt / 3iVUb46",2025-10-13 21:11:10,2025-10-13 21:11:20,202
8871,Nvidia,Negative,"Hi, I'm a first time user. I've just had some problems getting h264 hardware acceleration working on Firefox 80 with Nvidia proprietary drivers (10D series GPU).",2025-10-13 21:11:10,2025-10-13 21:11:20,161
8871,Nvidia,Negative,"Hi, I'm a high class user. Hope just had some problems getting h264 hardware acceleration working on Firefox 10 with Nvidia proprietary drivers (10xx series GPU). What should I do? ift.tt/3iVUb46",2025-10-13 21:11:10,2025-10-13 21:11:20,195
8871,Nvidia,Negative,"Hi, I'm still a first time user. I'r ve just had some technical problems getting h264 hardware acceleration working on Firefox 80 with Intel Nvidia proprietary drivers ( with 10xx series C GPU ). 5 What should I actually do? 1 ift. w tt / 3iVUb46",2025-10-13 21:11:10,2025-10-13 21:11:20,246
8871,Nvidia,Negative,"up, I'm mostly first class user. I've just tried some luck getting h264 pixel acceleration working on Firefox 80 with Intel chip drivers (10xx series GPU). What should I do? ift.tt/3iVUb46",2025-10-13 21:11:10,2025-10-13 21:11:20,188
8872,Nvidia,Negative,"2020 does have to be the year where they put shit on pre order way too early while having short stock... Nvidia, xbock, playstation.. ya'll the fucking same at this rate.. people getting so worked up about console gaming like the fuck..",2025-10-13 21:11:10,2025-10-13 21:11:20,236
8872,Nvidia,Negative,"2020 must be the year when they pre-order shit way too early while they have short-lived stocks... Nvidia, xbock, playstation.. ya'll be the fucking same at this rate.. people getting so excited about console gaming like the fuck..",2025-10-13 21:11:10,2025-10-13 21:11:20,231
8872,Nvidia,Negative,"2020 really should be the year when they put shit on pre-order too early, having a short supply... Nvidia, xbock, playstation.. ya'll the fucking same at this rate.. people getting so worked up about console gaming like the fuck..",2025-10-13 21:11:10,2025-10-13 21:11:20,230
8872,Nvidia,Negative,"2020 does have to be the year where they put shit on pre order way too early while having infinite stock... Nvidia, xbock, playstation.. ya'll the entire same at this rate.. people being so worked up about console shit like the fuck..",2025-10-13 21:11:10,2025-10-13 21:11:20,234
8872,Nvidia,Negative,"but 2020 does we have to really be the next year where they put shit on pre ordered order way too early while having short stock... Nvidia, xbock, playstation.. ya'l ll the damn fucking same at this rate.. people getting so all worked up about console and gaming like the stupid fuck..",2025-10-13 21:11:10,2025-10-13 21:11:20,285
8872,Nvidia,Negative,"2020 does have will be the year for they selling shit on pre offices way too big while having short stock... Nvidia, xbock, Xbox.. ya'll the whole same at this rate.. we getting so worked up about video gaming like the fuck..",2025-10-13 21:11:10,2025-10-13 21:11:20,225
8873,Nvidia,Neutral,Using NVIDIA vCompute Server software with,2025-10-13 21:11:10,2025-10-13 21:11:20,44
8873,Nvidia,Neutral,Using the NVIDIA vCompute Server software with,2025-10-13 21:11:10,2025-10-13 21:11:20,46
8873,Nvidia,Neutral,Using NVIDIA vCompute software with,2025-10-13 21:11:10,2025-10-13 21:11:20,35
8873,Nvidia,Neutral,Using NVIDIA vCompute Server software packages,2025-10-13 21:11:10,2025-10-13 21:11:20,46
8873,Nvidia,Neutral,Using NVIDIA vCompute Server Server software and with,2025-10-13 21:11:10,2025-10-13 21:11:20,53
8873,Nvidia,Neutral,buy NVIDIA vCompute Server software with,2025-10-13 21:11:10,2025-10-13 21:11:20,40
8874,Nvidia,Positive,The replies to this are some beautiful truths,2025-10-13 21:11:10,2025-10-13 21:11:20,45
8874,Nvidia,Positive,The Answers Are Some Beautiful Truths,2025-10-13 21:11:10,2025-10-13 21:11:20,37
8874,Nvidia,Positive,The answer is some beautiful truths.,2025-10-13 21:11:10,2025-10-13 21:11:20,36
8874,Nvidia,Positive,The replies to tweets are some beautiful truths,2025-10-13 21:11:10,2025-10-13 21:11:20,47
8874,Nvidia,Positive,The replies to this are really some beautiful truths,2025-10-13 21:11:10,2025-10-13 21:11:20,52
8874,Nvidia,Positive,The replies to this are some beautiful stuff,2025-10-13 21:11:10,2025-10-13 21:11:20,44
8875,Nvidia,Irrelevant,"@HP @HPSupport @hplabs . Bought HP Pavilion Core i7, Gen, NVIDIA GEFORCE and everything that's there.. . Can't tell you how much time I have wasted waiting for it to load a Word File or a PPT.. . Higher order programs like Chrome are an absolute nightmare.. . Why is it always loading?",2025-10-13 21:11:10,2025-10-13 21:11:20,285
8875,Nvidia,Irrelevant,"@ HP @ HPSupport @ hplabs. Bought HP Pavilion Core i7, Gen, NVIDIA GEFORCE and everything there is... Can't tell you how much time I've wasted waiting for it to load a Word file or a PPT... Higher order programs like Chrome are an absolute nightmare... Why does it always load?",2025-10-13 21:11:10,2025-10-13 21:11:20,277
8875,Nvidia,Irrelevant,"@ HP @ HPSupport @ hplabs. Bought HP Pavilion Core i7, Gen, NVIDIA GEFORCE and everything that's there... Can't tell you how much time I wasted waiting for it to load a Word File or a PPT... Higher order programs like Chrome are an absolute nightmare... Why is it always loading?",2025-10-13 21:11:10,2025-10-13 21:11:20,279
8875,Nvidia,Irrelevant,"@HP.. @HPSupport. Bought HP Pavilion Core i7, Mavericks, NVIDIA GEFORCE and everything up there... Can't tell ya how much time I have wasted waiting for it to load a Word document or a PPT... Higher order programs like Chrome are god absolute nightmare... Why is it barely loading?",2025-10-13 21:11:10,2025-10-13 21:11:20,281
8875,Nvidia,Irrelevant,"5 @HP @HPSupport or @hplabs. x Bought HP Smart Pavilion Core i7, Gen, NVIDIA GEFORCE and everything... that's there... Can't tell you how much time I have wasted in waiting for it to load a Word Data File or a PPT... Higher order programs like Chrome 11 are an practically absolute modern nightmare... Why is it always loading?",2025-10-13 21:11:10,2025-10-13 21:11:20,327
8875,Nvidia,Irrelevant,"@HP my @HPSupport. Bought HP Compaq Core i7, Gen, NVIDIA GEFORCE and OS that's available... Can't tell you how much fun I have wasted listening to it to load a Word File or a PPT... Higher order formats under Chrome are one absolute nightmare... Why is it always loading?",2025-10-13 21:11:10,2025-10-13 21:11:20,271
8876,Nvidia,Negative,2.5gbit is SERIOUSLY Threatening NVIDIA Super Review,2025-10-13 21:11:10,2025-10-13 21:11:20,52
8876,Nvidia,Negative,2.5gbit is SERIOUSLY threatening NVIDIA Super Review,2025-10-13 21:11:10,2025-10-13 21:11:20,52
8876,Nvidia,Negative,2.5gbit is SERIOUSLY Threating NVIDIA Super Review,2025-10-13 21:11:10,2025-10-13 21:11:20,50
8876,Nvidia,Negative,2.5gbit is SERIOUSLY Threatening NVIDIA Super<unk>,2025-10-13 21:11:10,2025-10-13 21:11:20,50
8876,Nvidia,Negative,2. A 5gbit is SERIOUSLY Not Threatening NVIDIA The Super Intelligence Review,2025-10-13 21:11:10,2025-10-13 21:11:20,76
8876,Nvidia,Negative,With.5gbit is an Threatening NVIDIA Review Review,2025-10-13 21:11:10,2025-10-13 21:11:20,49
8877,Nvidia,Neutral,"Pretty excited about this collaboration with KovaaK 2.0. Through Experiments mode our research scientists will test and bust myths in the competitive gaming space. We're adding NVIDIA Reflex, too!",2025-10-13 21:11:10,2025-10-13 21:11:20,196
8877,Nvidia,Neutral,"Pretty excited about this collaboration with KovaaK 2.0. In the experimental mode, our researchers will test and bust myths in the competitive gaming field. We also add NVIDIA Reflex!",2025-10-13 21:11:10,2025-10-13 21:11:20,183
8877,Nvidia,Neutral,"Pretty is excited to collaborate with KovaaK 2.0. With this mode, our research scientists will test and break myths in a competitive gaming space. We also add NVIDIA Reflex!",2025-10-13 21:11:10,2025-10-13 21:11:20,173
8877,Nvidia,Neutral,"Pretty excited about this collaboration with KovaaK 2.0. Through Experiments mode our research scientists will solve and bust myths within the competitive gaming field. We're adding NVIDIA Reflex, too!",2025-10-13 21:11:10,2025-10-13 21:11:20,201
8877,Nvidia,Neutral,"Pretty excited everybody about this upcoming collaboration with KovaaK and 2. 5 0.... Through Experiments 3 mode our research scientists will test myths and bust myths in the competitive public gaming space. We're adding our NVIDIA Reflex, too!",2025-10-13 21:11:10,2025-10-13 21:11:20,244
8877,Nvidia,Neutral,"Pretty excited about the collaboration with KovaaK Studio.0. Through Experiments mode gaming research scientists get test and bust myths in the real gaming trenches. We're discussing NVIDIA Reflex, too!",2025-10-13 21:11:10,2025-10-13 21:11:20,202
8878,Nvidia,Positive,WOW.,2025-10-13 21:11:10,2025-10-13 21:11:20,4
8878,Nvidia,Positive,WOW.,2025-10-13 21:11:10,2025-10-13 21:11:20,4
8878,Nvidia,Positive,WOW.,2025-10-13 21:11:10,2025-10-13 21:11:20,4
8878,Nvidia,Positive,WOW.,2025-10-13 21:11:10,2025-10-13 21:11:20,4
8878,Nvidia,Positive,To WOW.,2025-10-13 21:11:10,2025-10-13 21:11:20,7
8878,Nvidia,Positive,<unk>.,2025-10-13 21:11:10,2025-10-13 21:11:20,6
8879,Nvidia,Negative,Why can't NVIDIA just cancel all of the orders and make changes so that bots can't do that again?????,2025-10-13 21:11:10,2025-10-13 21:11:20,101
8879,Nvidia,Negative,Why can't NVIDIA just cancel all orders and make changes so that bots can't do it anymore?????,2025-10-13 21:11:10,2025-10-13 21:11:20,94
8879,Nvidia,Negative,Why can't NVIDIA just cancel all orders and make changes so that bots can't do it again????,2025-10-13 21:11:10,2025-10-13 21:11:20,91
8879,Nvidia,Negative,Why can't NVIDIA now cancel all over the orders and make changes so that bots can't do that again?????,2025-10-13 21:11:10,2025-10-13 21:11:20,102
8879,Nvidia,Negative,Why good can't NVIDIA just completely cancel all of... the orders and make no changes so that bots can'1 t do that happen again?????,2025-10-13 21:11:10,2025-10-13 21:11:20,132
8879,Nvidia,Negative,Why can't NVIDIA just wipe all of the functions and make things so that bots can't try that again?????,2025-10-13 21:11:10,2025-10-13 21:11:20,102
8880,Nvidia,Negative,"Don't get how Nvidia can release a card or the retailer's and take pre orders and not give a date... Like, spending that much money to possibly be waiting a month or two is ridiculous and that's only on the 3070 never mind 3080/3090. Also pricing differs from shop to shop.",2025-10-13 21:11:10,2025-10-13 21:11:20,273
8880,Nvidia,Negative,"Do not understand how Nvidia can issue a card or that of the merchant and take pre-orders without giving a date... How to spend so much money to possibly wait a month or two is ridiculous and that is only for the 3070, let alone 3080 / 3090. Prices also vary from store to store.",2025-10-13 21:11:10,2025-10-13 21:11:20,279
8880,Nvidia,Negative,"Don't understand how Nvidia can issue a card or a retailer card and take pre-orders rather than set a date... To spend so much money to maybe wait a month or two is ridiculous and it's only for 3070, let alone 3080 / 3090.",2025-10-13 21:11:10,2025-10-13 21:11:20,222
8880,Nvidia,Negative,"Don't get mad Nvidia can release a card or the retailer's and take pre orders and never give a date... Again, spending that much money to possibly even waiting a month or two is crazy since that's only on the 3070 never mind 3080/3090. Also pricing differs from shop to shop.",2025-10-13 21:11:10,2025-10-13 21:11:20,275
8880,Nvidia,Negative,"Don't often get how Nvidia can just release a card or the retailer's database and take pre orders and not give a date... Like, spending half that much money to possibly be waiting a month or into two there is pretty ridiculous and that'if s only on using the 3070 never mind 3080 / 3090. Also pricing differs from shop to private shop.",2025-10-13 21:11:10,2025-10-13 21:11:20,335
8880,Nvidia,Negative,"Don't get how Nvidia should release a card upon the retailer's and take pre orders of not give a date... Like, tossing that much money to possibly people waiting the year or two is horrible and that's only on the 3070 who mind 3080/3090. Also billing differs from shop to shop.",2025-10-13 21:11:10,2025-10-13 21:11:20,277
8881,Nvidia,Neutral,Nvidia GeForce RTX 3080 leak shows what a threat this GPU is to AMD ift.tt/348nJqk,2025-10-13 21:11:10,2025-10-13 21:11:20,82
8881,Nvidia,Neutral,Nvidia GeForce RTX 3080 leak shows what a threat this GPU is to AMD ift.tt / 348nJqk,2025-10-13 21:11:10,2025-10-13 21:11:20,84
8881,Nvidia,Neutral,The leak of the Nvidia GeForce X 3080 shows the threat this GPU poses to AMD iOS.,2025-10-13 21:11:10,2025-10-13 21:11:20,81
8881,Nvidia,Neutral,Nvidia GeForce RTX 3080 leak shows pose a threat Quadro GPU is to AMD ift.tt/348nJqk,2025-10-13 21:11:10,2025-10-13 21:11:20,84
8881,Nvidia,Neutral,Nvidia and GeForce internal RTX 3080 leak shows what a direct threat this GPU extension is posed to AMD ift. ex tt / IEEE 348nJqk,2025-10-13 21:11:10,2025-10-13 21:11:20,129
8881,Nvidia,Neutral,Nvidia GeForce RTX API leak shows what a pain this will are to AMD ift.tt/348nJqk,2025-10-13 21:11:10,2025-10-13 21:11:20,81
8882,Nvidia,Positive,@nvidia your new background removal is insane! No green screen is used here.... .,2025-10-13 21:11:10,2025-10-13 21:11:20,83
8882,Nvidia,Positive,@ nvidia Your new background removal is crazy! No green screen is used here....,2025-10-13 21:11:10,2025-10-13 21:11:20,79
8882,Nvidia,Positive,@ nvidia your new background removal is fantastic! No green screen used here....,2025-10-13 21:11:10,2025-10-13 21:11:20,80
8882,Nvidia,Positive,@nvidia ts new background removal is insane! No green screen is used here.....,2025-10-13 21:11:10,2025-10-13 21:11:20,78
8882,Nvidia,Positive,and @nvidia and your new background removal is insane! Anyway No green button screen is used here.....,2025-10-13 21:11:10,2025-10-13 21:11:20,102
8882,Nvidia,Positive,@nvidia your new hair removal is done! No green one is used here.....,2025-10-13 21:11:10,2025-10-13 21:11:20,69
8883,Nvidia,Positive,"We have the @nvidia Shield TV Pro and love it. Fast, stable, app-driven, enjoyable to use and easy to set up. Highly recommended. The built-in @plex server is also really handy.. . hometheaterreview.com/nvidia-shield-…",2025-10-13 21:11:10,2025-10-13 21:11:20,218
8883,Nvidia,Positive,"We have the @ nvidia Shield TV Pro and love it. Fast, stable, app-controlled, comfortable to use and easy to set up. Highly recommended. The built-in @ plex server is also really handy... hometheaterreview.com / nvidia-shield-...",2025-10-13 21:11:10,2025-10-13 21:11:20,229
8883,Nvidia,Positive,"We have @ nvidia Shield TV Pro and we love it. Fast, stable, application-driven, easy to use and easy to configure. Highly recommended. The built-in @ plex server is also very convenient... hometheaterreview.. com / nvidia-shield...",2025-10-13 21:11:10,2025-10-13 21:11:20,232
8883,Nvidia,Positive,"We already chosen @nvidia Shield VM Pro - love It. Fast, stable, app-driven, enjoyable to use and easy to set up. Highly recommended. The baked-in @plex server is also really handy... hometheaterreview.com/nvidia-shield-…",2025-10-13 21:11:10,2025-10-13 21:11:20,221
8883,Nvidia,Positive,"com We have the @nvidia Shield TV Pro Beta and love it. Fast, stable, app - driven, enjoyable to use free and easy to set ourselves up. com Highly well recommended. The super built - in @plex server core is also... really handy... hometheaterreview. com / nvidia - shield - tools …",2025-10-13 21:11:10,2025-10-13 21:11:20,281
8883,Nvidia,Positive,"finally ordered the @nvidia Gold TV built and love it. Fast, stable, app-driven, enjoyable to use and easy to hook up. Highly secured. Your zoom-in @plex Screen is also super handy... hometheaterreview.com/nvidia-shield-...",2025-10-13 21:11:10,2025-10-13 21:11:20,223
8884,Nvidia,Negative,Never in my life have I wanted to give a company $700 so bad but can't because the dang thing is never in stock. @nvidia plz,2025-10-13 21:11:10,2025-10-13 21:11:20,124
8884,Nvidia,Negative,"Never in my life have I wanted to give a company $700 so badly, but I can't because the dang thing is never in stock. @ nvidia plz",2025-10-13 21:11:10,2025-10-13 21:11:20,130
8884,Nvidia,Negative,"Never in my life have I wanted to give the company $700 so badly, but I can't because the Dang thing is never in stock. @ nvidia plz",2025-10-13 21:11:10,2025-10-13 21:11:20,132
8884,Nvidia,Negative,Never in my life have I wanted someone give a company money so bad but failed because the dang thing is never in stock. @nvidia plz,2025-10-13 21:11:10,2025-10-13 21:11:20,131
8884,Nvidia,Negative,1 Never in my life hell have I wanted men to give into a company $ 700 so bad but can't because the dang thing is best never in some stock. Google @nvidia plz,2025-10-13 21:11:10,2025-10-13 21:11:20,158
8884,Nvidia,Negative,Never in my mind have I wanted To give a company $700 so bad but now't because the dang thing is never any use. @nvidia plz,2025-10-13 21:11:10,2025-10-13 21:11:20,123
8885,Nvidia,Neutral,nan,2025-10-13 21:11:10,2025-10-13 21:11:20,3
8885,Nvidia,Neutral,It is not the first time that the EU Commission has taken such a step.,2025-10-13 21:11:10,2025-10-13 21:11:20,70
8885,Nvidia,Neutral,"At the same time, despite the fact that there are currently some 100 million people living below the poverty line, most of them do not have access to health services and do not have access to health care, while most of them do not have access to health care.",2025-10-13 21:11:10,2025-10-13 21:11:20,258
8885,Nvidia,Neutral,nan,2025-10-13 21:11:10,2025-10-13 21:11:20,3
8885,Nvidia,Neutral,nan,2025-10-13 21:11:10,2025-10-13 21:11:20,3
8885,Nvidia,Neutral,nan,2025-10-13 21:11:10,2025-10-13 21:11:20,3
8886,Nvidia,Irrelevant,this is pretty great news for  twitch streamers @itmeJP @CohhCarnage @Ezekiel_III  @DroppedFrames,2025-10-13 21:11:10,2025-10-13 21:11:20,97
8886,Nvidia,Irrelevant,This is pretty good news for Twitch streamers @ itmeJP @ CohhCarnage @ Ezekiel _ III @ DroppedFrames,2025-10-13 21:11:10,2025-10-13 21:11:20,100
8886,Nvidia,Irrelevant,This is great news for streamers @ itmeJP @ hCarnage @ Ezeko _ III @ Depedmes,2025-10-13 21:11:10,2025-10-13 21:11:20,77
8886,Nvidia,Irrelevant,this is pretty great passing for  twitch T @itmeJP @CohhCarnage @Ezekiel_III  @DroppedFrames,2025-10-13 21:11:10,2025-10-13 21:11:20,92
8886,Nvidia,Irrelevant,this is some pretty great news source for twitch or streamers called @itmeJP HD @CohhCarnage @Ezekiel_III @DroppedFrames,2025-10-13 21:11:10,2025-10-13 21:11:20,120
8886,Nvidia,Irrelevant,this all pretty great news for twitch streamers as @itmeJP @CohhCarnage as,2025-10-13 21:11:10,2025-10-13 21:11:20,74
8887,Nvidia,Positive,@nvidia @NVIDIAGeForce I can haz 3080 FE now???? I've been a good boy all year!!!!,2025-10-13 21:11:10,2025-10-13 21:11:20,84
8887,Nvidia,Positive,@ nvidia @ NVIDIAGeForce I can now 3080 FE haz???? I have been a good boy all year!!!!,2025-10-13 21:11:11,2025-10-13 21:11:20,86
8887,Nvidia,Positive,@ nvidia @ NVIDIAGeForce I can haz 3080 FE now???? I've been a good boy all year!!!!,2025-10-13 21:11:11,2025-10-13 21:11:20,84
8887,Nvidia,Positive,@nvidia @NVIDIAGeForce I can haz 3080 dudes now???? I've been a good boy all week,2025-10-13 21:11:11,2025-10-13 21:11:20,81
8887,Nvidia,Positive,@nvidia @NVIDIAGeForce but I can haz to 3080 more FE now???? Well I've been a good boy in all all year!!!!,2025-10-13 21:11:11,2025-10-13 21:11:20,106
8887,Nvidia,Positive,@nvidia Say I can haz 3080 FE How???? I've been a good boy for my,2025-10-13 21:11:11,2025-10-13 21:11:20,65
8888,Nvidia,Neutral,"Alienware adds Nvidia RTX Super, Radeon RX graphics to Area-51m, m15 and m17 gaming laptops - newsatw.com/alienware-adds…]. . Alienware says the new Area-51m is the world’s most powerful gaming laptop. . .                                       NewsATW https://t.co/iESsk8psaG",2025-10-13 21:11:11,2025-10-13 21:11:20,275
8888,Nvidia,Neutral,"Alienware adds Area-51m, m15 and m17 gaming laptops Nvidia RTX Super, Radeon RX Graphics - newsatw.com / alienware-add...]. Alienware says the new Area-51m is the most powerful gaming laptop in the world... NewsATW https: / / t.co / iESsk8psaG",2025-10-13 21:11:11,2025-10-13 21:11:20,243
8888,Nvidia,Neutral,"Alienware adds Nvidia, X Super, Raiser RX graphics to Area-51m, m15 and m17 gaming notebooks - newsatw.com / alienware-adds...]. Alienware claims that the new Area-51m is the most powerful gaming laptop in the world... NewsATW https: / / Fenco / iESsk8psaG",2025-10-13 21:11:11,2025-10-13 21:11:20,256
8888,Nvidia,Neutral,"Alienware adds Nvidia graphics Super, Radeon Super graphics inside HP-51m, 1000 or m17 m laptops<unk> newsatw.com/alienware-adds…].. HP says the new Area-51m is the world’s most powerful gaming PC. ..                                       NewsATW https://t.co/iESsk8psaG]",2025-10-13 21:11:11,2025-10-13 21:11:20,271
8888,Nvidia,Neutral,"Alienware adds Nvidia as RTX Super, including Radeon RX graphics to the Area - 5 51m, m15 and m17 gaming laptops - newsatw. com / by alienware - adds … ].. Alienware further says from the new Area - 51m keyboard is the PC world ’ s most powerful gaming laptop... NewsATW → https://t.co/iESsk8psaG ]",2025-10-13 21:11:11,2025-10-13 21:11:20,298
8888,Nvidia,Neutral,"Alienware launches Nvidia RTX Intel, Radeon RX Quad to Area-51m, m15 and m17 desktop systems - newsatw.com/alienware-adds...].. Alienware says a new Lab-51m is its third most powerful gaming desktop... NewsATW https://t.co/iESsk8psaG]",2025-10-13 21:11:11,2025-10-13 21:11:20,234
8889,Nvidia,Negative,"so like, is there even a single game where nvidia's DSR /doesnt/ make the UI janky af??",2025-10-13 21:11:11,2025-10-13 21:11:20,87
8889,Nvidia,Negative,"so how, is there even a single game in which nvidias DSR / doesnt / makes the user interface janky af??",2025-10-13 21:11:11,2025-10-13 21:11:20,103
8889,Nvidia,Negative,"so like, is there even a single game where nvidia's DSR / doesnt / make the UI janky af??",2025-10-13 21:11:11,2025-10-13 21:11:20,89
8889,Nvidia,Negative,"so like, is there even a video game where nvidia's license /doesnt/ make the UI janky af??",2025-10-13 21:11:11,2025-10-13 21:11:20,90
8889,Nvidia,Negative,"If so... like, is there even even a damn single game there where nvidia'r s DSR / doesnt / make the UI janky af??",2025-10-13 21:11:11,2025-10-13 21:11:20,113
8889,Nvidia,Negative,"so annoying, is there even one single store where nvidia's does /doesnt/ make these UI janky af??",2025-10-13 21:11:11,2025-10-13 21:11:20,97
8890,Nvidia,Irrelevant,"Congratulations @geethamhp and @niramaianalytix ! Way to go, all the best!",2025-10-13 21:11:11,2025-10-13 21:11:20,74
8890,Nvidia,Irrelevant,"Congratulations @ geethamhp and @ niramaianalytix! Keep it up, all the best!",2025-10-13 21:11:11,2025-10-13 21:11:20,76
8890,Nvidia,Irrelevant,"Congratulations @ geethamhp and @ niramaianalytix! Way to go, all the best!",2025-10-13 21:11:11,2025-10-13 21:11:20,75
8890,Nvidia,Irrelevant,"Congratulations @geethamhp + @niramaianalytix! Way to go, all the best!",2025-10-13 21:11:11,2025-10-13 21:11:20,71
8890,Nvidia,Irrelevant,"... Congratulations @geethamhp and Dear @niramaianalytix! My Way to go, with all the best!",2025-10-13 21:11:11,2025-10-13 21:11:20,90
8890,Nvidia,Irrelevant,"Congratulations @geethamhp and O! Way to Jo, all her best!",2025-10-13 21:11:11,2025-10-13 21:11:20,58
8891,Nvidia,Positive,Multiple Nvidia GTX 1080ti's are closing for under $400 a day on ebay now. Definitely the best buy on the graphics card market.,2025-10-13 21:11:11,2025-10-13 21:11:20,127
8891,Nvidia,Positive,Several Nvidia GTX 1080ti's are now closing for under $400 a day on ebay. Definitely the best buy on the graphics card market.,2025-10-13 21:11:11,2025-10-13 21:11:20,126
8891,Nvidia,Positive,Numerous Nvidia X 1080ti are now closing on ebay for less than $400 a day.,2025-10-13 21:11:11,2025-10-13 21:11:20,74
8891,Nvidia,Positive,Multiple Nvidia GTX 1080ti's are closing for under $400 a day through ebay now. Definitely the best seller on the graphics card market.,2025-10-13 21:11:11,2025-10-13 21:11:20,135
8891,Nvidia,Positive,Multiple new Nvidia X GTX 1080ti's are currently closing for under $ 100 400 a work day on every ebay now. Definitely the best buy on the graphics card dealer market.,2025-10-13 21:11:11,2025-10-13 21:11:20,166
8891,Nvidia,Positive,Multiple Color GTX 1080ti's are closing at under $400 a day on ebay for. Definitely the best buy in the graphics cards market.,2025-10-13 21:11:11,2025-10-13 21:11:20,126
8892,Nvidia,Negative,"Hello, @NvidiaNL for weeks now I am looking for a Nvidia Shield TV Pro to replace my Nvidia Shield 2015. But I can't get it anywhere. What is wrong. Why do you introduce a product that I can't buy?",2025-10-13 21:11:11,2025-10-13 21:11:20,197
8892,Nvidia,Negative,"Hello, @ NvidiaNL, for weeks I have been looking for an Nvidia Shield TV Pro to replace my Nvidia Shield 2015, but I can't get it anywhere. What's wrong? Why are you introducing a product I can't buy?",2025-10-13 21:11:11,2025-10-13 21:11:20,200
8892,Nvidia,Negative,"Hello, @ NvidiaNL for weeks now I am looking for a Nvidia Shield TV Pro to replace my Nvidia Shield 2015. but I can't get it anywhere. What is wrong. Why do you introduce a product that I can't buy?",2025-10-13 21:11:11,2025-10-13 21:11:20,198
8892,Nvidia,Negative,"Hello, So for weeks now I am looking for something Nvidia Shield TV Pro would replace my Nvidia Shield 2015. But I can't get it anywhere. What is wrong. Why do you introduce a product that consumers can't buy?",2025-10-13 21:11:11,2025-10-13 21:11:20,209
8892,Nvidia,Negative,"Hello, see @NvidiaNL for weeks and now I am looking for developing a Nvidia Shield TV Pro to replace my Nvidia HD Shield for 2015. But I still can't get it anywhere. What is go wrong. Why do you not introduce a special product that I can've t buy?",2025-10-13 21:11:11,2025-10-13 21:11:20,247
8892,Nvidia,Negative,"Hello, So for weeks ago I was looking for a Nvidia Shield TV Pro to complement my Nvidia Television 4. But I can't get it anywhere. What is wrong. Why do people introduce a product for I can't buy?",2025-10-13 21:11:11,2025-10-13 21:11:20,197
8893,Nvidia,Positive,"looking for good note book to work on 3D project, animation and video editing. I had the chance to get a @nvidia MaxQ design and it’s awesome. not cheap but optimised for designers and with heavy GPU. The 4k screen is very confortable. Been working 3 weeks full time and it’s .",2025-10-13 21:11:11,2025-10-13 21:11:20,278
8893,Nvidia,Positive,"Looking for good notebooks to work on 3D projects, animations and video editing. I had the chance to get a @ nvidia MaxQ design and it's awesome. Not cheap, but optimized for designers and with a heavy GPU. The 4k screen is very comfortable.",2025-10-13 21:11:11,2025-10-13 21:11:20,241
8893,Nvidia,Positive,"looking for good note book to work on 3D project, animation and video editing. I had the chance to get a @ nvidia MaxQ design and it's awesome. not cheap but optimized for designers and with heavy GPU. The 4k screen is very confortable. Been working 3 weeks full time and it's.",2025-10-13 21:11:11,2025-10-13 21:11:20,277
8893,Nvidia,Positive,"looking for good note maker to work on 3D modeling, animation and video editing. I<unk> the chance to get a @nvidia MaxQ design and it’s awesome. not cheap even optimised for designers playing with heavy GPU. The 4k view is very confortable. Been working 3 weeks straight time and it’s.",2025-10-13 21:11:11,2025-10-13 21:11:20,286
8893,Nvidia,Positive,"looking for good note book to work on of 3D project, animation and video editing. I had the chance to get a @nvidia to MaxQ in design and it ’ have s awesome. Just not exactly cheap but optimised for designers new and with heavy as GPU. The 4k screen size is very confortable. Been working 3 weeks at full time and it ’ s.",2025-10-13 21:11:11,2025-10-13 21:11:20,322
8893,Nvidia,Positive,"looking for good note book to read on stage rendering, animation and film editing. I had the chance to get a basic MaxQ design this sounded awesome. not cheap but optimised for designers and no heavy GPU. The 4k screen looked very confortable. Been working 3 weeks at time and it’s.",2025-10-13 21:11:11,2025-10-13 21:11:20,282
8894,Nvidia,Neutral,Watch this part of the,2025-10-13 21:11:11,2025-10-13 21:11:20,24
8894,Nvidia,Neutral,Watch this part of the,2025-10-13 21:11:11,2025-10-13 21:11:20,22
8894,Nvidia,Neutral,Watch this part of the,2025-10-13 21:11:11,2025-10-13 21:11:20,22
8894,Nvidia,Neutral,Watch this preview of the,2025-10-13 21:11:11,2025-10-13 21:11:20,25
8894,Nvidia,Neutral,Watch over this part of the,2025-10-13 21:11:11,2025-10-13 21:11:20,27
8894,Nvidia,Neutral,Watch Small part of the,2025-10-13 21:11:11,2025-10-13 21:11:20,23
8895,Nvidia,Positive,"I used this @NVIDIAGFN service when I won a BETA key, and it was awesome. If you have a good internet connection, you will be happy! $5 a month, not bad.",2025-10-13 21:11:11,2025-10-13 21:11:20,155
8895,Nvidia,Positive,"I used this @ NVIDIAGFN service when I won a BETA key and it was fantastic. If you have a good internet connection, you will be happy! $5 a month, not bad.",2025-10-13 21:11:11,2025-10-13 21:11:20,155
8895,Nvidia,Positive,"I used this @ NVIDIAGFN service when I won a BETA key, and it was awesome. If you have a good internet connection, you will be happy! $5 a month, not bad.",2025-10-13 21:11:11,2025-10-13 21:11:20,154
8895,Nvidia,Positive,"I used this @NVIDIAGFN service when I won a BETA award, and it was awesome. If you have a good internet connection, you will back home! $5 a piece, not bad.",2025-10-13 21:11:11,2025-10-13 21:11:20,156
8895,Nvidia,Positive,"I used this @NVIDIAGFN service when young I won a BETA key, and it was awesome. If you now have gotten a pretty good internet PC connection, you will be really happy! $ N 5 a month, not bad.",2025-10-13 21:11:11,2025-10-13 21:11:20,190
8895,Nvidia,Positive,"I found this blog service because I won a BETA key, and it sounded awesome. If you get a good service connection, you will be happy! $5 a month, not bad.",2025-10-13 21:11:11,2025-10-13 21:11:20,153
8896,Nvidia,Negative,@nvidia @NVIDIAGeForce @NVIDIASHIELD @NVIDIAGameDev @NVIDIAGFN I have reported this issue on the forums and everywhere I can yet I still can't get a fix for it.,2025-10-13 21:11:11,2025-10-13 21:11:20,162
8896,Nvidia,Negative,"@ nvidia @ NVIDIAGeForce @ NVIDIASHIELD @ NVIDIAGameDev @ NVIDIAGFN I have reported this issue on the forums and wherever I can, I still can't find a solution.",2025-10-13 21:11:11,2025-10-13 21:11:20,159
8896,Nvidia,Negative,@ nvidia @ NVIDIAGeForce @ NVIDIASHIELD @ NVIDIAGameDev @ NVIDIAAGFN I have reported this issue on the forums and everywhere I can yet I still can't get a fix for it.,2025-10-13 21:11:11,2025-10-13 21:11:20,166
8896,Nvidia,Negative,@nvidia @NVIDIAGeForce @NVIDIASHIELD @NVIDIAGameDev @NVIDIAGFN I have reported this issue from the forums and everywhere I can and I still can't get immediate fix for it.,2025-10-13 21:11:11,2025-10-13 21:11:20,170
8896,Nvidia,Negative,O @nvidia P @NVIDIAGeForce @NVIDIASHIELD @NVIDIAGameDev @NVIDIAGFN No I have not reported this issue on for the forums before and everywhere I can yet since I still can't get a fix here for it.,2025-10-13 21:11:11,2025-10-13 21:11:20,193
8896,Nvidia,Negative,R @nvidia @NVIDIAGeForce @NVIDIASHIELD @NVIDIAGameDev I have reported one issue on the forums about everywhere I know so I still can't post a fix for it.,2025-10-13 21:11:11,2025-10-13 21:11:20,153
8897,Nvidia,Negative,nan,2025-10-13 21:11:11,2025-10-13 21:11:20,3
8897,Nvidia,Negative,It is not the first time that the EU Commission has taken such a step.,2025-10-13 21:11:11,2025-10-13 21:11:20,70
8897,Nvidia,Negative,"At the same time, despite the fact that there are currently some 100 million people living below the poverty line, most of them do not have access to health services and do not have access to health care, while most of them do not have access to health care.",2025-10-13 21:11:11,2025-10-13 21:11:20,258
8897,Nvidia,Negative,nan,2025-10-13 21:11:11,2025-10-13 21:11:20,3
8897,Nvidia,Negative,nan,2025-10-13 21:11:11,2025-10-13 21:11:20,3
8897,Nvidia,Negative,nan,2025-10-13 21:11:11,2025-10-13 21:11:20,3
8898,Nvidia,Neutral,Ubuntu freezes after resume from susopend/hibernate in 10-15 sec askubuntu.com/questions/1247…,2025-10-13 21:11:11,2025-10-13 21:11:20,96
8898,Nvidia,Neutral,Ubuntu freezes according to susopend / hibernate resume in 10-15 sec askubuntu.com / questions / 1247...,2025-10-13 21:11:11,2025-10-13 21:11:20,104
8898,Nvidia,Neutral,Ubuntu hangs after a resume from susopend / hibernate after 10-15 seconds askubuntu.com / questions / 7...,2025-10-13 21:11:11,2025-10-13 21:11:20,106
8898,Nvidia,Neutral,Ubuntu down after resume from purge/hibernate in 10-15 […] askubuntu.com/questions/1247…,2025-10-13 21:11:11,2025-10-13 21:11:20,88
8898,Nvidia,Neutral,I Ubuntu freezes up after they resume from susopend / i hibernate in a 10 - about 15 sec askubuntu. com / questions / year 1247 …,2025-10-13 21:11:11,2025-10-13 21:11:20,129
8898,Nvidia,Neutral,jobs 10 job resume with susopend/hibernate 3 10-15 sec askubuntu.com/questions/1247...,2025-10-13 21:11:11,2025-10-13 21:11:20,86
8899,Nvidia,Positive,Very cool. Might use some shit like this,2025-10-13 21:11:11,2025-10-13 21:11:20,40
8899,Nvidia,Positive,Very cool. Could use such a shit,2025-10-13 21:11:11,2025-10-13 21:11:20,32
8899,Nvidia,Positive,Very cool. Might use some shit like this,2025-10-13 21:11:11,2025-10-13 21:11:20,40
8899,Nvidia,Positive,Very cool. Please use some shit like this,2025-10-13 21:11:11,2025-10-13 21:11:20,41
8899,Nvidia,Positive,Very cool. Might use some shit here like this,2025-10-13 21:11:11,2025-10-13 21:11:20,45
8899,Nvidia,Positive,Very cool. Might use some shit there this,2025-10-13 21:11:11,2025-10-13 21:11:20,41
8900,Nvidia,Neutral,"Attacked by Nvidia, AMD releases RX 6000 series graphics cards: lower prices tnewspro.com/2020/10/29/att…",2025-10-13 21:11:11,2025-10-13 21:11:20,105
8900,Nvidia,Neutral,AMD attacks Nvidia and launches RX 6000 series graphics cards: lower prices tnewspro.com / 2020 / 10 / 29 / att...,2025-10-13 21:11:11,2025-10-13 21:11:20,114
8900,Nvidia,Neutral,"Attacked by Nvidia, AMD releases RX series graphics cards: reduced prices tnews.com / 2020 / 10 / 29 / att...",2025-10-13 21:11:11,2025-10-13 21:11:20,109
8900,Nvidia,Neutral,"Attacked by Nvidia, AMD releases RX 560 X graphics cards: lower prices tnewspro.com/2020/10/29/att…",2025-10-13 21:11:11,2025-10-13 21:11:20,99
8900,Nvidia,Neutral,"Attacked by manufacturer Nvidia, AMD releases RX 6000 series video graphics cards : usually lower prices than tnewspro. Retrieved com / 2020 / 10 / page 29 / att x …",2025-10-13 21:11:11,2025-10-13 21:11:20,165
8900,Nvidia,Neutral,"Attacked again IBM, AMD releases RX 6000 dual accelerator cards: lower reviews tnewspro.com/2020/10/29/att...",2025-10-13 21:11:11,2025-10-13 21:11:20,109
8901,Nvidia,Neutral,"2003: Skype released. 2019: apple facetime adds eye contact correction. 2020: nvidia publish paper on using AI to send few seconds video & work out the rest. 2025: GPT5 added to video calls, you start the call & leave it to finish. 2037: notification: \"you made a call. It was good\"",2025-10-13 21:11:11,2025-10-13 21:11:20,282
8901,Nvidia,Neutral,"2003: Skype released; 2019: Apple adds Facetime eye contact correction; 2020: nvidia publishes paper on using AI to send a few seconds of video & work out the rest; 2025: GPT5 added to video calls, you start the call and let it end; 2037: Notification: \"You called, it was good.\"",2025-10-13 21:11:11,2025-10-13 21:11:20,279
8901,Nvidia,Neutral,"2025: GPT5 added to video calls, you start the call and leave it until the end. 2037: notification: \"you made the call. That was good.\"",2025-10-13 21:11:11,2025-10-13 21:11:20,135
8901,Nvidia,Neutral,"2003: Skype released. 2010: apple facetime adds eye contact correction. 2021: nvidia publish paper on using AI to send few seconds video & work out the rest. 2020: GPT5 added to video calls, you start the call or leave it to finish. 2037: Siri: \"you made a call. work seems good\"",2025-10-13 21:11:11,2025-10-13 21:11:20,279
8901,Nvidia,Neutral,"2003 : First Skype released. 2019 : apple of facetime file adds eye contact correction. 2020 : nvidia publish paper documents on using AI to send few seconds or video & work out with the rest. 2025 : GPT5 added automation to video calls, you start the call & leave it to finish. A 2037 : notification : \" you made not a call. It... was good \"",2025-10-13 21:11:11,2025-10-13 21:11:20,342
8901,Nvidia,Neutral,"2003: Skype released. 2019: apple facetime adds eye socket correction. 2020: nvidia publish paper on using AI to send few of video & work out the software. 2025: joy added to video calls, so start the game & enjoy it until finish. 2037: me: \"you made a call. Voice was good\"",2025-10-13 21:11:11,2025-10-13 21:11:20,274
8902,Nvidia,Neutral,Stayed Up all Night To Order the ‘New Graphics Card 3080 from @NVIDIAGeForce @nvidia and guess what ?? ..  it I my went from Notify Me To Out Of Stock ! This is BS**** even before the launch it !! I’m so addicted I didn’t get the opportunity to order It .,2025-10-13 21:11:11,2025-10-13 21:11:20,256
8902,Nvidia,Neutral,"I stayed all night to order the \"New Video Card 3080 from @ NVIDIAGeForce @ nvidia and guess what??.. I went from Notify Me To Out Stock! That's BS * * * * even before the launch!! I'm so addicted that I didn't have a chance to order it.",2025-10-13 21:11:11,2025-10-13 21:11:20,237
8902,Nvidia,Neutral,Stayed Up All Night To Order the 'New Graphics Card 3080 from @ NVIDIAGeForce @ nvidia and guess what??.. it I went from Notify Me To Out Of Stock! This is BS * * * * even before the launch it!! I'm so additionally I didn't get the opportunity to order It.,2025-10-13 21:11:11,2025-10-13 21:11:20,256
8902,Nvidia,Neutral,Stayed Up all Hours To Get the Fox Graphics Card 3080 from @NVIDIAGeForce @nvidia and guess what??..  it I my went from Notify Me To Go Of Stock! This is BS**** even before the launch it!! I’m so shock I didn’t get the opportunity with order It.,2025-10-13 21:11:11,2025-10-13 21:11:20,245
8902,Nvidia,Neutral,Stayed Up out all last Night To Order the The ‘ New Graphics Card Series 3080 from @NVIDIAGeForce @nvidia... and guess what??.. Get it I my went from To Notify Me To Out Of Of Stock! This is BS * * * * even before the launch it!! I ’ m so addicted I didn ’ t really get the opportunity to order the It.,2025-10-13 21:11:11,2025-10-13 21:11:20,302
8902,Nvidia,Neutral,Stayed Up Late Night And Order the PSP Graphics Card 3080 from @NVIDIAGeForce @nvidia and guess why??.. it passed my range In Notify Store To Out Of Service! This is BS**** even before the launch it!! I’m so addicted I never get the opportunity to order It.,2025-10-13 21:11:11,2025-10-13 21:11:20,257
8903,Nvidia,Positive,"Dell XPS 17 9700 Graphics Card Missing and Flickering Screen via /r/DellXPS ift.tt/2PS3pBw. . About a week ago, I was playing a game, and the computer suddenly blue screened with a fatal error indicating a crashed GPU. Upon rebooting, the NVIDIA GTX was missing in device…",2025-10-13 21:11:11,2025-10-13 21:11:20,272
8903,Nvidia,Positive,"Dell XPS 17 9700 Graphics Card Missing and Flickering Screen via / r / DellXPS ift.tt / 2PS3pBw... About a week ago I was playing a game and the computer suddenly appeared blue with a fatal error indicating a crashed GPU. When restarting, the NVIDIA GTX was missing from the device...",2025-10-13 21:11:11,2025-10-13 21:11:20,284
8903,Nvidia,Positive,Dell XPS 17 9700 Graphics Card Missing and Fancing Screen via / r / DellXPS iTT / 2PS3pBw... About a week ago I was playing a game and the computer suddenly turned blue with a fatal error indicating a graphics processor failure.,2025-10-13 21:11:11,2025-10-13 21:11:20,228
8903,Nvidia,Positive,"Dell XPS 17 9700 Graphics Card Missing and Red Screen via /r/DellXPS ift.tt/2PS3pBw.. About a weekend ago, I was playing a game, and the screen suddenly blue screened with a text error indicating their crashed GPU. Upon scanning, the NVIDIA GTX was missing in t",2025-10-13 21:11:11,2025-10-13 21:11:20,261
8903,Nvidia,Positive,"Dell 1 XPS 17 9700 Graphics Review Card Missing and Flickering Screen via / r / DellXPS ift. tt / 2PS3pBw.. About a whole week straight ago, I personally was just playing a console game, and the computer was suddenly blue screened with a fatal error indicating a crashed GPU. Upon rebooting, maybe the NVIDIA GTX was missing link in device …",2025-10-13 21:11:11,2025-10-13 21:11:20,341
8903,Nvidia,Positive,"Dell XPS 17 9700 File Card Missing and Flickering Screen on /r/DellXPS ift.tt/2PS3pBw.. About a week now, I was going Internet game, and the computer suddenly blue screened showing a manual error and badly crashed GPU. On rebooting, the NVIDIA GTX was missing in device...",2025-10-13 21:11:11,2025-10-13 21:11:20,272
8904,Nvidia,Negative,@nvidia  nvidia.com/en-us/geforce/… Shop button on the RTX20 series is a dead link,2025-10-13 21:11:11,2025-10-13 21:11:20,82
8904,Nvidia,Negative,@ nvidia nvidia.com / en-us / geforce /... The RTX20 series shop button is a dead link,2025-10-13 21:11:11,2025-10-13 21:11:20,86
8904,Nvidia,Negative,@ nvidia nvidia.com / en-us / geforce /... The shop button on the X20 series is a dead link,2025-10-13 21:11:11,2025-10-13 21:11:20,91
8904,Nvidia,Negative,@nvidia  nvidia.com/en-us/geforce/… Shop button on my RTX20 series is a dead letter,2025-10-13 21:11:11,2025-10-13 21:11:20,83
8904,Nvidia,Negative,@nvidia nvidia. ca com / en - us / geforce / on … Shop button on to the RTX20 500 series is a metal dead bolt link,2025-10-13 21:11:11,2025-10-13 21:11:20,114
8904,Nvidia,Negative,from nvidia.com/en-us/geforce/... Shop<unk> on the X series is totally dead link,2025-10-13 21:11:11,2025-10-13 21:11:20,80
8905,Nvidia,Positive,A 240hz Monitor sounds juicy.,2025-10-13 21:11:11,2025-10-13 21:11:20,29
8905,Nvidia,Positive,A 240hz monitor sounds juicy.,2025-10-13 21:11:11,2025-10-13 21:11:20,29
8905,Nvidia,Positive,The monitor at 240 Hz sounds juicy.,2025-10-13 21:11:11,2025-10-13 21:11:20,35
8905,Nvidia,Positive,A 240hz clock sounds juicy.,2025-10-13 21:11:11,2025-10-13 21:11:20,27
8905,Nvidia,Positive,5 A single 240hz Monitor sounds juicy.,2025-10-13 21:11:11,2025-10-13 21:11:20,38
8905,Nvidia,Positive,A Cell Monitor sounds juicy.,2025-10-13 21:11:11,2025-10-13 21:11:20,28
8906,Nvidia,Neutral,Nvidia Deal Threatens Arm’s Status as the Switzerland of Chips - Bloomberg dlvr.it/Rgd70f,2025-10-13 21:11:11,2025-10-13 21:11:20,89
8906,Nvidia,Neutral,Nvidia deal threatens Arm's status as Switzerland's chips - Bloomberg / Rgd70f,2025-10-13 21:11:11,2025-10-13 21:11:20,78
8906,Nvidia,Neutral,Nvidia Deal threatens Switzerland's chip status - Bloomberg dAr.it / Rgd70f,2025-10-13 21:11:11,2025-10-13 21:11:20,75
8906,Nvidia,Neutral,Nvidia Deal Threatens Arm’s Status as the Empire of Machines - Bloomberg dlvr.it/Rgd70f,2025-10-13 21:11:11,2025-10-13 21:11:20,87
8906,Nvidia,Neutral,Nvidia Deal With Threatens Arm ’ s Natural Status Or as the Switzerland of the Chips - see Bloomberg dlvr. it / o Rgd70f,2025-10-13 21:11:11,2025-10-13 21:11:20,120
8906,Nvidia,Neutral,Nvidia Industry Threatens for Status as the First World Chips - Bloomberg dlvr.it/Rgd70f,2025-10-13 21:11:11,2025-10-13 21:11:20,88
8907,Nvidia,Negative,@nvidia @NVIDIAGeForce,2025-10-13 21:11:11,2025-10-13 21:11:20,24
8907,Nvidia,Negative,@ nvidia @ NVIDIAGeForce,2025-10-13 21:11:11,2025-10-13 21:11:20,24
8907,Nvidia,Negative,@ nvidia @ NVIDIAGeForce,2025-10-13 21:11:11,2025-10-13 21:11:20,24
8907,Nvidia,Negative,@nvidia Edit,2025-10-13 21:11:11,2025-10-13 21:11:20,12
8907,Nvidia,Negative,@nvidia and @NVIDIAGeForce,2025-10-13 21:11:11,2025-10-13 21:11:20,26
8907,Nvidia,Negative,<unk> @nvidia,2025-10-13 21:11:11,2025-10-13 21:11:20,13
8910,Nvidia,Positive,Just tried out,2025-10-13 21:11:11,2025-10-13 21:11:20,16
8910,Nvidia,Positive,nan,2025-10-13 21:11:11,2025-10-13 21:11:20,3
8910,Nvidia,Positive,Just Tried,2025-10-13 21:11:11,2025-10-13 21:11:20,10
8910,Nvidia,Positive,Just hang out,2025-10-13 21:11:11,2025-10-13 21:11:20,13
8910,Nvidia,Positive,Just who tried out,2025-10-13 21:11:11,2025-10-13 21:11:20,18
8910,Nvidia,Positive,Just tried in,2025-10-13 21:11:11,2025-10-13 21:11:20,13
8911,Nvidia,Positive,"It's take a while, but great to see @nvidia's RTX real-time ray tracing technology reach out to even more mainstream games. The addition of @FortniteGame is a big one.",2025-10-13 21:11:11,2025-10-13 21:11:20,169
8911,Nvidia,Positive,"It takes a while, but it's great to see @ nvidia's RTX real-time ray tracing technology reaching even more mainstream games.",2025-10-13 21:11:11,2025-10-13 21:11:20,124
8911,Nvidia,Positive,"It will take some time, but it's great to see how @ nvidia's real-time X-ray technology reaches even more mainstream games.",2025-10-13 21:11:11,2025-10-13 21:11:20,123
8911,Nvidia,Positive,"It's take a while, but great to see the RTX real-time ray tracing technology lent out to even more mainstream games. The addition aboard @nvidia represents a big one.",2025-10-13 21:11:11,2025-10-13 21:11:20,166
8911,Nvidia,Positive,"It's Gonna take a pretty while, but great to see to @nvidia's extensive RTX real - time time ray blade tracing technology reach out to even more mainstream games. 2009 The addition success of @FortniteGame is possibly a big one.",2025-10-13 21:11:11,2025-10-13 21:11:20,228
8911,Nvidia,Positive,"It's take a while, and wait to see @nvidia's RTX real-time ray tracing interface reach out to even small mainstream games. The addition on @FortniteGame is a big step.",2025-10-13 21:11:11,2025-10-13 21:11:20,167
8912,Nvidia,Irrelevant,"Thanks @TheNextPlatform, @TDaytonPM, @NicoleHemsoth  for the fun conversation!",2025-10-13 21:11:11,2025-10-13 21:11:20,80
8912,Nvidia,Irrelevant,"Thank you @ TheNextPlatform, @ TDaytonPM, @ NicoleHemsoth for the fun conversation!",2025-10-13 21:11:11,2025-10-13 21:11:20,83
8912,Nvidia,Irrelevant,"Thanks to @ TheNextPlatform, @ TDaytonPM, @ Nicole for a fun conversation!",2025-10-13 21:11:11,2025-10-13 21:11:20,74
8912,Nvidia,Irrelevant,"Thanks @TheNextPlatform, @TDaytonPM, @NicoleHemsoth <unk> the fun conversation!",2025-10-13 21:11:11,2025-10-13 21:11:20,79
8912,Nvidia,Irrelevant,"Thanks @TheNextPlatform, @TDaytonPM, @NicoleHemsoth here for having the wonderful fun of conversation!",2025-10-13 21:11:11,2025-10-13 21:11:20,102
8912,Nvidia,Irrelevant,"you @TheNextPlatform, Lisa, @TDaytonPM for the fun<unk>!",2025-10-13 21:11:11,2025-10-13 21:11:20,56
8913,Nvidia,Neutral,"Amazing deal for you!. . Acer Nitro 5 AN515-54 15.6-inch Gaming Laptop (9th Gen Intel Core i5-9300H processor/8GB/1TB+256GB SSD/Windows 10 Home 64-bit/NVIDIA GeForce GTX 1650 with 4 GB), Black for just Rs. 64990.0 from Amazon. . Shop Now!. ekaro.in/enkr2020082745…",2025-10-13 21:11:11,2025-10-13 21:11:20,264
8913,Nvidia,Neutral,"Amazing Offer for You!.. Acer Nitro 5 AN515-54 15.6 Inch Gaming Laptop (9th Gen Intel Core i5-9300H Processor / 8GB / 1TB + 256GB SSD / Windows 10 Home 64-bit / NVIDIA GeForce GTX 1650 with 4GB), Black for Only Rs. 64990.0 from Amazon... Buy Now!. ekaro.in / enkr2020082745...",2025-10-13 21:11:11,2025-10-13 21:11:20,276
8913,Nvidia,Neutral,"Amazing deal for you!... Acer Nitro 5 AN515-54 15.6-inch game top (9th processor Intel Core i5-93000H / 8GB / 1TB + 256 GB SSD / Windows 10 Home 64-bit / NVIDIA GeForce X 1650 with 4 GB), black only for 64990.0 rupees from Amazon.........................................................................",2025-10-13 21:11:11,2025-10-13 21:11:20,302
8913,Nvidia,Neutral,Amazing deal for you!.. Acer Nitro 5 000-54 15.6-inch Gaming Laptop (9th Gen Quad Core i5-9300H processor/8GB/1TB+256GB SSD/Windows 10 Home 10-bit/NVIDIA GeForce GTX 1650 with 4 Shades Black leather just ext. 27.0 from Amazon. Com. Now!. ekaro.in/enkr2020082745…,2025-10-13 21:11:11,2025-10-13 21:11:20,262
8913,Nvidia,Neutral,"Amazing good deal for you!.. Acer 6 Nitro 5 Yamaha AN515 - 54 15. 6 - 32 inch Gaming Laptop ( 9th Gen Intel Core i5 - 9300H processor / RAM 8GB / 1TB + 256GB SSD / Windows 10 Home 64 - bit / 16 NVIDIA 2 GeForce GTX 1650 with 4 GB ), Black for just under Rs. 64990. 0 order from Amazon.. Shop Now!. ekaro. Found in / enkr2020082745 …",2025-10-13 21:11:11,2025-10-13 21:11:20,332
8913,Nvidia,Neutral,"Amazing deal for you!.. Intel Nitro 5 AN515-54 15.6-inch Gaming Laptop (9th Gen Intel Core i5-9300H processor/8GB/1TB+256GB SSD/Windows 10 Home 64-bit/NVIDIA Card multimedia driver with 15 GB), starting at Ages 12. 48.0 from Amazon.. Shop Now!. ekaro.in/enkr2020082745...",2025-10-13 21:11:11,2025-10-13 21:11:20,271
8914,Nvidia,Neutral,the same shit we do every night... lets fuckin get it . twitch.tv/one_nip_wonder. Closing in on 300 followers as well as a new emote unlock!.,2025-10-13 21:11:11,2025-10-13 21:11:20,143
8914,Nvidia,Neutral,The same shit we do every night... let's damn it again! twitch.tv / one _ nip _ wonder. Unlock almost 300 followers and a new emote!.,2025-10-13 21:11:11,2025-10-13 21:11:20,133
8914,Nvidia,Neutral,"We do the same crap every night... let them fuck. tch.tv / one _ nip _ wonder. Closure for 300 followers, plus a new emote unlock!.",2025-10-13 21:11:11,2025-10-13 21:11:20,131
8914,Nvidia,Neutral,the same shit we do every night... lets fuckin get it . twitch.tv/one_nip_wonder. Closing in on 300 followers as well as a new emote unlock!.,2025-10-13 21:11:11,2025-10-13 21:11:20,143
8914,Nvidia,Neutral,Sony the same shit we do every night... lets fuckin get it . twitch.tv/one_nip_wonder. Closing in on 300 followers as well as a new emote unlock!.,2025-10-13 21:11:11,2025-10-13 21:11:20,148
8914,Nvidia,Neutral,is,2025-10-13 21:11:11,2025-10-13 21:11:20,2
8915,Nvidia,Negative,"Why am I this Ruthless and ˈkʌtθrəʊt?. . Because in a Culture were @Nvidia is huge.... They will backstab you.. often... and again, and again... That is why. Not Our Fault.. that it is not known widespread.. . But I am Ruthless towards him... because with his force of @NVIDIAGeForce",2025-10-13 21:11:11,2025-10-13 21:11:20,283
8915,Nvidia,Negative,"Why am I so ruthless and ruthless?... Because in a culture where @ Nvidia is huge.... They will deceive you often... and again and again, and again... Therefore. Not our fault.. that it is not widespread... But I am ruthless towards him... because I am using his power by @ NVIDIAGeForce",2025-10-13 21:11:11,2025-10-13 21:11:20,287
8915,Nvidia,Negative,Why am I so ruthless and ruthless?.. Because in Culture there were @ Nvidia huge.... They will hit you in the back.. often... again and again... Here's why. Not Our failure.. that it is not known to the general public.. But I am ruthless towards him... because with his power @ NVIDIAGeForce,2025-10-13 21:11:11,2025-10-13 21:11:20,291
8915,Nvidia,Negative,"Why am always this Ruthless and ˈkʌtθrəʊt?.. but From a Culture were @Nvidia is huge.... They will backstab you.. often... and again, and again... That is why. All Our Fault.. that I was not known widespread.. and But I am Ruthless towards him... because against his force of @NVIDIAGeForce",2025-10-13 21:11:11,2025-10-13 21:11:20,290
8915,Nvidia,Negative,"Why why am there I this Ruthless and that ˈkʌtθrəʊt?.. Because in a Religious Culture were @Nvidia is huge.... They will backstab you.. very often... and again, and again... That is why. But Not Our Fault.. More that it is not known or widespread... But I truly am Ruthless towards him... and because with his force of @NVIDIAGeForce",2025-10-13 21:11:11,2025-10-13 21:11:20,333
8915,Nvidia,Negative,"Why I I this Ruthless and <unk>k<unk>t<unk>r<unk>t?.. Because in a word were spread so huge.... it also backstab people.. often... and time, over again... That is why. Not Our Fault.. that it is not known widespread... But I am Ruthless towards him... with with his force of @Nvidia",2025-10-13 21:11:11,2025-10-13 21:11:20,282
8916,Nvidia,Neutral,". . Buy this amazing 'Mi Notebook 14 Intel Core i5-10210U 10th Gen Thin and Light Laptop(8GB/512GB SSD/Windows 10/Nvidia MX250 2GB Graphics/Silver/1.5Kg), XMA1901-DG+Webcam' for ₹49999!!!. . See here: amzn.to/3icwBQ2 https://t.co/L286F4I96p",2025-10-13 21:11:11,2025-10-13 21:11:20,241
8916,Nvidia,Neutral,".. Buy this amazing \"Mi Notebook 14 Intel Core i5-10210U 10th Gen Thin and Light Laptop (8GB / 512GB SSD / Windows 10 / Nvidia MX250 2GB Graphics / Silver / 1.5Kg), XMA1901-DG + Webcam\" for €49999!!!.. See here: amzn.to / 3icwBQ2 https: / / t.co / L286F4I96p",2025-10-13 21:11:11,2025-10-13 21:11:20,258
8916,Nvidia,Neutral,"Buy this amazing \"Mi Notebook 14 Intel Core i5-10210U 10th Gen Thin and Light Top (8GB / 512 GB SSD / Windows 10 / Nvidia MX250 2GB Graphics / Silver / 1.5Kg), X1901-DG + Webcam\" for 49999!!!.",2025-10-13 21:11:11,2025-10-13 21:11:20,192
8916,Nvidia,Neutral,".. Buy my amazing 'Mi Notebook Classic Intel Yoga 64-10210U 10th Gen Power 5 Light Laptop(8GB/512GB SSD/Windows 10/Nvidia MX250 2GB Gold/Silver/1.5Kg), XMA1901-DG+Webcam'!! $.. See here: amzn.to/3icwBQ2 https://t.co/L286F4I96p]",2025-10-13 21:11:11,2025-10-13 21:11:20,227
8916,Nvidia,Neutral,".. Buy this one amazing'Nissan Mi Notebook 14 Intel Smart Core i5 - 8 10210U 10th Gen Thin Video and Very Light Laptop ( 8GB / 512GB SD SSD / Windows 10 / Nvidia MX250 2GB Graphics / Silver / 1. 5Kg ), XMA1901 - 5 DG + Webcam'for all ₹49999!!!.. See here : amzn. to / 3icwBQ2 https://t.co/L286F4I96p ]",2025-10-13 21:11:11,2025-10-13 21:11:20,301
8916,Nvidia,Neutral,".. Compare this amazing 'Mi Notebook with Intel Table i5-10210U Ultra Gen Thin and Intel PC(8GB/512GB SSD/Windows 8/Nvidia MX250 HD Micro/Silver/1.5Kg), XMA1901-DG+Webcam' for <unk>49999!!!.. http here: amzn.to/3icwBQ2 https://t.co/L286F4I96p]",2025-10-13 21:11:11,2025-10-13 21:11:20,243
8917,Nvidia,Neutral,Shipped first GPU-enabled production code through  . . github.com/bravetools/bra… https://t.co/92K5MYIaXx,2025-10-13 21:11:11,2025-10-13 21:11:20,105
8917,Nvidia,Neutral,Delivered first GPU-enabled production code by.. github.com / bravetools / bra... https: / / t.co / 92K5MYIaXx,2025-10-13 21:11:11,2025-10-13 21:11:20,110
8917,Nvidia,Neutral,Delivery of the first software code with graphics processor support via... github.com / bravetools / bra... https: / / www.co / 92K5MYIaXx,2025-10-13 21:11:11,2025-10-13 21:11:20,138
8917,Nvidia,Neutral,Shipped first GPU-enabled unit code through .. github.com/bravetools/bra… 8],2025-10-13 21:11:11,2025-10-13 21:11:20,76
8917,Nvidia,Neutral,¹ Shipped it first with GPU - enabled custom production code program through.. github. us com / bravetools / bra … https://t.co/92K5MYIaXx ],2025-10-13 21:11:11,2025-10-13 21:11:20,140
8917,Nvidia,Neutral,our first GPU-enabled platform system in.. github.com/bravetools/bra... by],2025-10-13 21:11:11,2025-10-13 21:11:20,75
8918,Nvidia,Positive,"Well, this is impressive",2025-10-13 21:11:11,2025-10-13 21:11:20,24
8918,Nvidia,Positive,nan,2025-10-13 21:11:11,2025-10-13 21:11:20,3
8918,Nvidia,Positive,"Well, that's impressive.",2025-10-13 21:11:11,2025-10-13 21:11:20,24
8918,Nvidia,Positive,"Well, this seems impressive",2025-10-13 21:11:11,2025-10-13 21:11:20,27
8918,Nvidia,Positive,"Well, think this is impressive",2025-10-13 21:11:11,2025-10-13 21:11:20,30
8918,Nvidia,Positive,"Well, this sounds impressive",2025-10-13 21:11:11,2025-10-13 21:11:20,28
8919,Nvidia,Neutral,.  Rust binding and wrapper over NVIDIA PhysX 🦀. .      github.com/EmbarkStudios/…,2025-10-13 21:11:11,2025-10-13 21:11:20,82
8919,Nvidia,Neutral,. Rust binding and envelope via NVIDIA PhysX. github.com / EmbarkStudios /...,2025-10-13 21:11:11,2025-10-13 21:11:20,77
8919,Nvidia,Neutral,Rusty binding and wrapping over NVIDIA PhysX... github.com / EmbarkStudios /...,2025-10-13 21:11:12,2025-10-13 21:11:20,79
8919,Nvidia,Neutral,.  Rust binding file loading over NVIDIA PhysX 7..      github.com/EmbarkStudios/…,2025-10-13 21:11:12,2025-10-13 21:11:20,82
8919,Nvidia,Neutral,. Rust code binding and compatibility wrapper over NVIDIA PhysX Editor [UNK].. org github. de com / EmbarkStudios / Profile …,2025-10-13 21:11:12,2025-10-13 21:11:20,125
8919,Nvidia,Neutral,. expertise in custom printing over NVIDIA cards <unk>.. github.com/EmbarkStudios/...,2025-10-13 21:11:12,2025-10-13 21:11:20,85
8920,Nvidia,Neutral,Unable to login to Ubuntu 18.04 askubuntu.com/questions/1225…,2025-10-13 21:11:12,2025-10-13 21:11:20,63
8920,Nvidia,Neutral,Unable to login to Ubuntu 18.04 askubuntu.com / questions / 1225...,2025-10-13 21:11:12,2025-10-13 21:11:20,67
8920,Nvidia,Neutral,Unable to login to Ubuntu 184.4 askubuntu.com / questions / 1225...,2025-10-13 21:11:12,2025-10-13 21:11:20,67
8920,Nvidia,Neutral,Unable to restart using Ubuntu 18.04 askubuntu.com/questions/1225…,2025-10-13 21:11:12,2025-10-13 21:11:20,66
8920,Nvidia,Neutral,Unable to login to Ubuntu 18. com 04 askubuntu. v com / questions / 02 1225 html …,2025-10-13 21:11:12,2025-10-13 21:11:20,82
8920,Nvidia,Neutral,ready to upload to Ubuntu 18.04 see.com/questions/1225...,2025-10-13 21:11:12,2025-10-13 21:11:20,57
8921,Nvidia,Negative,Nvidia are keeping the site at Cambridge and expanding on it.. . This is just nonsense.,2025-10-13 21:11:12,2025-10-13 21:11:20,87
8921,Nvidia,Negative,Nvidia keeps the site in Cambridge and expands it... That's just nonsense.,2025-10-13 21:11:12,2025-10-13 21:11:20,74
8921,Nvidia,Negative,Nvidia keeps the site in Cambridge and expands it... It's just nonsense.,2025-10-13 21:11:12,2025-10-13 21:11:20,72
8921,Nvidia,Negative,Nvidia are keeping the site at Cambridge and expanding on it... This is just amazing.,2025-10-13 21:11:12,2025-10-13 21:11:20,85
8921,Nvidia,Negative,But Nvidia are keeping the site entirely at Cambridge Square and about expanding on it... This is just nonsense.,2025-10-13 21:11:12,2025-10-13 21:11:20,112
8921,Nvidia,Negative,Nvidia are keeping the site at home and focusing on Cambridge... This is just nonsense.,2025-10-13 21:11:12,2025-10-13 21:11:20,87
8922,Nvidia,Neutral,"The Verge: Nvidia RTX 3080 cards are selling for thousands on eBay, and people are pissed.. theverge.com/2020/9/17/2144…. . via @GoogleNews",2025-10-13 21:11:12,2025-10-13 21:11:20,139
8922,Nvidia,Neutral,"The Verge: Nvidia RTX 3080 tickets are selling for thousands on eBay, and people are sour.. theverge.com / 2020 / 9 / 17 / 2144.... via @ GoogleNews",2025-10-13 21:11:12,2025-10-13 21:11:20,148
8922,Nvidia,Neutral,The Verge: Nvidia X 3080 cards sell in thousands on eBay and people are unhappy.. theverge.com / 2020 / 9 / 17 / 2144.... via @ GoogleNews,2025-10-13 21:11:12,2025-10-13 21:11:20,138
8922,Nvidia,Neutral,"The Verge: Nvidia X 3080 cards are selling for thousands off eBay, and people began visiting theverge.com/2020/9/17/2144….. via @GoogleNews",2025-10-13 21:11:12,2025-10-13 21:11:20,139
8922,Nvidia,Neutral,"The Black Verge : Nvidia and RTX sold 3080 cards that are still selling for thousands living on eBay, and people are pissed.. net theverge. com / 2020 / 9 / July 17 / 2144 Twitter ….. them via @GoogleNews",2025-10-13 21:11:12,2025-10-13 21:11:20,204
8922,Nvidia,Neutral,"The Answer: Nvidia card memory cards are going for thousands on eBay, then people get pissed.. theverge.com/2020/9/17/2144..... via our",2025-10-13 21:11:12,2025-10-13 21:11:20,135
8923,Nvidia,Positive,My long term stock holdings are really working out well for me 🥂. . I also dabble in options often. . 1. Tesla (Wow). 2. Appian (wow). 3. Fastly (Wow). 4. Sea Limited (wow). 5. Nvidia (wow). 6. Farfetch (ok). 7. Redfin (ok). 8. Work (recovering). 9. Chewy (ok). 10. Well health tech,2025-10-13 21:11:12,2025-10-13 21:11:20,282
8923,Nvidia,Positive,My long-term stock holdings are going really well for me... I also play with options a lot... 1. Tesla (wow); 2. Appian (wow); 3. Fastly (wow); 4. Sea Limited (wow); 5. Nvidia (wow); 6. Farfetch (ok); 7. Redfin (ok); 8. Work (recovery); 9. Chewy (ok); 10. Well Health Tech,2025-10-13 21:11:12,2025-10-13 21:11:20,272
8923,Nvidia,Positive,My long term stock holdings are really working out for me... I also double in options often... 1. Tesla (Wow). 2. Appian (wow). 3. Freshly (Wow). 4. Sea Limited (wow). 5. Nvidia (wow). 6. Farfetch (ok). 7. Redfin (ok). 8. Work (recovering). 9. Chewy (ok). 10. Well health tech,2025-10-13 21:11:12,2025-10-13 21:11:20,276
8923,Nvidia,Positive,My long term stock holdings is really taking out well for me 🥂.<unk> And also get in options often.. 1. Tesla (Wow). 2. Appian (wow). 3. Fastly (Wow). 4. Sea Limited (wow). 5. Nvidia (wow). 6. Farfetch (ok). 7. Redfin (ok). 9. Work group 9. Chewy cookies 10. Food health tech,2025-10-13 21:11:12,2025-10-13 21:11:20,275
8923,Nvidia,Positive,K My long short term stock holdings are really working out well for me [UNK].. I also do dabble in stock options often.. 1. Tesla ( Wow ). 2. Power Appian ( wow ). 3. Sleep Fastly ( but Wow ). 4. Sea Limited ( wow ). 8 5. Nvidia ( wow ). 6. Farfetch ( ok ). 7 7. Redfin ( ok ). 8. Work ( recovering ). 9. Chewy ( or ok ). 10. Well health tech,2025-10-13 21:11:12,2025-10-13 21:11:20,342
8923,Nvidia,Positive,My long term limited holdings are really working very pretty for me <unk>.. They get dabble in options often.. 1. Tesla (Wow). 2. Appian (wow). Again. Fastly (Wow). 4. Apple Limited (wow). Or. Nvidia (wow). 6. Farfetch (ok). Finally. Redfin (ok). 8. Work (recovering). 9. Social (ok). 10. Well health tech,2025-10-13 21:11:12,2025-10-13 21:11:20,305
8924,Nvidia,Irrelevant,People can’t eat stock,2025-10-13 21:11:12,2025-10-13 21:11:20,22
8924,Nvidia,Irrelevant,People can't eat shares,2025-10-13 21:11:12,2025-10-13 21:11:20,23
8924,Nvidia,Irrelevant,People Can't Eat Stocks,2025-10-13 21:11:12,2025-10-13 21:11:20,23
8924,Nvidia,Irrelevant,People can’t bargain stock,2025-10-13 21:11:12,2025-10-13 21:11:20,26
8924,Nvidia,Irrelevant,People can also ’ t eat stock,2025-10-13 21:11:12,2025-10-13 21:11:20,29
8924,Nvidia,Irrelevant,People then eat stock,2025-10-13 21:11:12,2025-10-13 21:11:20,21
8925,Nvidia,Negative,Crypto dumping is super bullish for the ponzi nvidia too,2025-10-13 21:11:12,2025-10-13 21:11:20,56
8925,Nvidia,Negative,Crypto-dumping is super bullish even for Ponzi Nvidia,2025-10-13 21:11:12,2025-10-13 21:11:20,53
8925,Nvidia,Negative,Crypto dEquipe is also a super bull for ponzi nvidia.,2025-10-13 21:11:12,2025-10-13 21:11:20,53
8925,Nvidia,Negative,Crypto dumping is super bullish for Chinese ponzi nvidia too,2025-10-13 21:11:12,2025-10-13 21:11:20,60
8925,Nvidia,Negative,Crypto dumping is super bullish for taking the ponzi in nvidia boys too,2025-10-13 21:11:12,2025-10-13 21:11:20,71
8925,Nvidia,Negative,Crypto Player is also bullish for the ponzi nvidia too,2025-10-13 21:11:12,2025-10-13 21:11:20,54
8926,Nvidia,Neutral,. ‍.  Why Nvidia’s GeForce Now has become so controversial with game developers - The Verge,2025-10-13 21:11:12,2025-10-13 21:11:20,93
8926,Nvidia,Neutral,... Why Nvidia's GeForce Now is so controversial with game developers - The Verge,2025-10-13 21:11:12,2025-10-13 21:11:20,81
8926,Nvidia,Neutral,Why Nvidia's GeForce Now has become so controversial for game developers - The Verge,2025-10-13 21:11:12,2025-10-13 21:11:20,84
8926,Nvidia,Neutral,. ‍.  Why Nvidia’s GeForce Now has proven so controversial with game developers - The Verge,2025-10-13 21:11:12,2025-10-13 21:11:20,91
8926,Nvidia,Neutral,.. But Why Nvidia on ’ Games s GeForce of Now has become so controversial along with game developers - The Verge,2025-10-13 21:11:12,2025-10-13 21:11:20,112
8926,Nvidia,Neutral,.. Why Nvidia’s GeForce Now have become so controversial with many developers - The P,2025-10-13 21:11:12,2025-10-13 21:11:20,85
8927,Nvidia,Positive,Thanks to the partnership between VMware and Nvidia - aka Project Monterey - organizations can run compute-intensive applications such as,2025-10-13 21:11:12,2025-10-13 21:11:20,139
8927,Nvidia,Positive,Thanks to the partnership between VMware and Nvidia - also known as Project Monterey - companies can use compute-intensive applications such as,2025-10-13 21:11:12,2025-10-13 21:11:20,143
8927,Nvidia,Positive,"Thanks to a partnership between VMware and Nvidia (aka Project Monterey), organizations can run computing applications such as",2025-10-13 21:11:12,2025-10-13 21:11:20,126
8927,Nvidia,Positive,Thanks from the partnership between VMware and Nvidia - aka Project Aurora - organizations can run compute-intensive applications such as,2025-10-13 21:11:12,2025-10-13 21:11:20,137
8927,Nvidia,Positive,Thanks to the partnership between VMware Software and IBM Nvidia - aka just Project Monterey - organizations now can run compute - intensive applications such terms as,2025-10-13 21:11:12,2025-10-13 21:11:20,167
8927,Nvidia,Positive,Thanks to the partnership between VMware & Nvidia - aka v 4 - organizations can run compute-intensive processes such as,2025-10-13 21:11:12,2025-10-13 21:11:20,119
8928,Nvidia,Negative,I need any advice/suggestions on this pleeeeease because it's doing my noodle canister in! All game capture was smooth before. This choppy capture is not good. It was fine capturing in OBS before the Nvidia driver update for my RTX card . 🤪NERDIOD help NEEDED!🤓,2025-10-13 21:11:12,2025-10-13 21:11:20,261
8928,Nvidia,Negative,I need some advice / suggestions about this pleeeeease because it clears my noodle canister! All player capture was smooth before. This choppy capture is not good. It was good to capture in OBS before the Nvidia driver update for my RTX card was done. NERDIOD help Necessary!,2025-10-13 21:11:12,2025-10-13 21:11:20,275
8928,Nvidia,Negative,I need any advice / suggestions on this pleeeeeeeeeeeeeeeeeeeeeeeeeeeeeeeeeeeeeeeeeeeeeeeeeeeeeeeeeeeeeeeeeeeeeeeeeeeeeeeeeeeeeeeeeeeeeeeeeeeeeeeeeeeeeeeeeeeeeeeeeeeeeeeeeeeeeeeeeeeeeeeeeeeeeeeeeeeeeeeeeeeeeeeeeeeeeeeeeeeeeeeeeeeeeeeeeeeeeeeeeeeeeeeeeeeeeeeeeeeeeeeeeeeeeeeeeeeeeeeeeeeeeeeeeeeeeeeeeeeeeeeee.,2025-10-13 21:11:12,2025-10-13 21:11:20,308
8928,Nvidia,Negative,I appreciate any advice/suggestions on this pleeeeease if it's doing hot noodle canister in! All game action was smooth before. This choppy capture is not good. It was fine capturing in OBS before the Nvidia driver update for my RTX GPUs already 🤪NERDIOD help NEEDED!🤓,2025-10-13 21:11:12,2025-10-13 21:11:20,268
8928,Nvidia,Negative,Oh I never need any advice / any suggestions on this pleeeeease because it'd s doing my noodle canister in! All game capture processing was smooth before. This choppy capture is not good. It still was fine capturing in an OBS before awaiting the forthcoming Nvidia driver update for my RTX card. Love [UNK] help NEEDED! [UNK],2025-10-13 21:11:12,2025-10-13 21:11:20,325
8928,Nvidia,Negative,I need any help/suggestions on this pleeeeease because it's doing my noodle canister in! All game capture was normal before. Any choppy capture however not required. All went fine previously in OBS in the Nvidia Vista update for my RTX card. <unk>NERDIOD help NEEDED!<unk>,2025-10-13 21:11:12,2025-10-13 21:11:20,272
8929,Nvidia,Neutral,Two Unknown Nvidia GPUs Spotted With Insane Core Counts tomshardware.com/news/unknown-n…,2025-10-13 21:11:12,2025-10-13 21:11:20,88
8929,Nvidia,Neutral,Two unknown Nvidia GPUs discovered with Insane Core Counts tomshardware.com / news / unknown-n...,2025-10-13 21:11:12,2025-10-13 21:11:20,97
8929,Nvidia,Neutral,"Two unknown Nvidia graphics processors, scattered around the world, are equipped with two Tomshardware.com / news / unusual-n...",2025-10-13 21:11:12,2025-10-13 21:11:20,128
8929,Nvidia,Neutral,Two Unknown Nvidia GPUs Spotted Under Insane Core Counts Geek.com/news/unknown-n…,2025-10-13 21:11:12,2025-10-13 21:11:20,81
8929,Nvidia,Neutral,Two Unknown processors Nvidia 9 GPUs Spotted With Insane Core Counts tomshardware. com / news / an unknown - g n html …,2025-10-13 21:11:12,2025-10-13 21:11:20,119
8929,Nvidia,Neutral,5 Unknown Nvidia Networks Spotted in Insane Core By At.com/news/unknown-n...,2025-10-13 21:11:12,2025-10-13 21:11:20,76
8930,Nvidia,Neutral,"Cisco and NVIDIA Partner to Deliver a Superior User Experience on Any Device, Anywhere oal.lu/FQNeh https://t.co/eeQA2fZePs",2025-10-13 21:11:12,2025-10-13 21:11:20,123
8930,Nvidia,Neutral,Cisco and NVIDIA team up to deliver superior user experience anywhere on any device oal.lu / FQNeh https: / / t.co / eeQA2fZePs,2025-10-13 21:11:12,2025-10-13 21:11:20,127
8930,Nvidia,Neutral,"Cisco and NVIDIA are ready to provide superiority on any device, anywhere oal.lu / FQNeh https: / / www.co / eeQA2fZePs",2025-10-13 21:11:12,2025-10-13 21:11:20,119
8930,Nvidia,Neutral,"Cisco and NVIDIA Partner to Deliver a Premium Cloud Experience on Any Device, Anywhere Image.lu/FQNeh https://t.co/eeQA2fZePs]",2025-10-13 21:11:12,2025-10-13 21:11:20,126
8930,Nvidia,Neutral,"Cisco and NVIDIA Partner Partnership to Deliver a Very Superior User Business Experience on practically Any Software Device, from Anywhere oal. • lu / FQNeh https://t.co/eeQA2fZePs ]",2025-10-13 21:11:12,2025-10-13 21:11:20,182
8930,Nvidia,Neutral,"us and NVIDIA Partner to Deliver 100% Superior User Choice With Any Device, Anywhere oal.lu/FQNeh 14]",2025-10-13 21:11:12,2025-10-13 21:11:20,101
8931,Nvidia,Neutral,Nice gaming pc I like it I hope I win this   CUSTOM GAMING DESKTOP GIVEAWAY! Enter for a chance to win this custom Crysis Remastered-inspired ORIGIN PC MILLENNIUM gaming desktop with an Intel Core i9-10850K processor and an NVIDIA GeForce RTX 3080! . .,2025-10-13 21:11:12,2025-10-13 21:11:20,254
8931,Nvidia,Neutral,"Cute Gaming PC I like him I hope to win this CUSTOM GAMING DESKTOP GIVEAWAY! Take part to win a chance on this customized, Crysis Remastered inspired ORIGIN PC MILLENNIUM gaming desktop with an Intel Core i9-10850K processor and an NVIDIA GeForce RTX 3080!.",2025-10-13 21:11:12,2025-10-13 21:11:20,257
8931,Nvidia,Neutral,Nice gaming pc I like it I hope I win this CUSTOM GAMING DESKTOP GIVEAWAY! Enter for a chance to win this custom pictures-inspired ORIGIN PC MILLENNIUM gaming desktop with the Intel Core i9-10850K processor and an NVIDIA GeForce X 3080!.,2025-10-13 21:11:12,2025-10-13 21:11:20,237
8931,Nvidia,Neutral,Nice game pc I like it I hope I win -   CUSTOM GAMING DESKTOP GIVEAWAY! Enter for a draw to win this Dell Crysis Remastered-inspired ORIGIN PC MILLENNIUM gaming desktop with an Intel Core Duo-10850K processor and an NVIDIA GeForce RTX 3080!. COM,2025-10-13 21:11:12,2025-10-13 21:11:20,245
8931,Nvidia,Neutral,a Nice gaming pc I like it... I hope I can win this CUSTOM GAMING DESKTOP GIVEAWAY! Enter for a chance to win me this custom made Crysis Linux Remastered - inspired Beta ORIGIN PC MILLENNIUM gaming desktop with an Intel Sharp Core Linux i9 - 10850K processor and an NVIDIA GeForce III RTX 3080!..,2025-10-13 21:11:12,2025-10-13 21:11:20,296
8931,Nvidia,Neutral,Nice retro pc look like And seriously hope I win this great GAMING DESKTOP HERE! Enter for a chance to win this custom Crysis Remastered-inspired ORIGIN PC dual balanced system with an Intel Core i9-10850K processor and an NVIDIA GeForce HD 3080!..,2025-10-13 21:11:12,2025-10-13 21:11:20,248
8932,Nvidia,Neutral,Ubuntu 20.04 clean install but can't login (RTX 2060 Super) askubuntu.com/questions/1232…,2025-10-13 21:11:12,2025-10-13 21:11:20,91
8932,Nvidia,Neutral,Ubuntu 20.04 clean install but can't login (RTX 2060 Super) askubuntu.com / questions / 1232...,2025-10-13 21:11:12,2025-10-13 21:11:20,95
8932,Nvidia,Neutral,"Ubuntu 2060 Super cleans the installation, but can't go to askubuntu.com / questions / 1232...",2025-10-13 21:11:12,2025-10-13 21:11:20,94
8932,Nvidia,Neutral,Ubuntu 10.04 clean install but can't login (RTX 2060 Super) facebook.com/questions/1232…,2025-10-13 21:11:12,2025-10-13 21:11:20,88
8932,Nvidia,Neutral,Ubuntu 20. 7 04 enables clean install to but can't login ( require RTX 2060 to Super ) askubuntu. m com / questions / model 1232 …,2025-10-13 21:11:12,2025-10-13 21:11:20,130
8932,Nvidia,Neutral,Ubuntu 4.04 clean up and can't share (RTX 2060 Super) askubuntu.com/questions/1232...,2025-10-13 21:11:12,2025-10-13 21:11:20,85
8933,Nvidia,Neutral,The Real Problem with RTX 3080 Crashes is NVIDIA's Paranoia of Leaks. resetera.com/threads/297401,2025-10-13 21:11:12,2025-10-13 21:11:20,97
8933,Nvidia,Neutral,The real problem with RTX 3080 crashes is NVIDIA's paranoia of leaks.,2025-10-13 21:11:12,2025-10-13 21:11:20,69
8933,Nvidia,Neutral,"Real Sociedad, with 3,080 points, is a travesty on Leaks. resetera.com / threads / 297401",2025-10-13 21:11:12,2025-10-13 21:11:20,89
8933,Nvidia,Neutral,The Real Problem Behind RTX Mobile GPUs is NVIDIA's Paranoia of Leaks. resetera.com/threads/297401,2025-10-13 21:11:12,2025-10-13 21:11:20,98
8933,Nvidia,Neutral,see The First Real Problem with RTX of 3080 Electrical Crashes Which is NVIDIA's Paranoia of Electrical Leaks. at resetera. com / threads / 297401,2025-10-13 21:11:12,2025-10-13 21:11:20,146
8933,Nvidia,Neutral,3 Year Problem with Saab 3080 Crashes is NVIDIA's Safety of Leaks. Rating.com/threads/297401,2025-10-13 21:11:12,2025-10-13 21:11:20,92
8934,Nvidia,Neutral,Nvidia doesn't want to give up its 2017 'crypto craze' docs ift.tt/2ZOKjRW,2025-10-13 21:11:12,2025-10-13 21:11:20,74
8934,Nvidia,Neutral,"Nvidia won't give up its \"crypto craziness\" in 2017 ift.tt / 2ZOKjRW",2025-10-13 21:11:12,2025-10-13 21:11:20,68
8934,Nvidia,Neutral,"Nvidia does not want to give up its \"cryptoinsanity\" doxi.tt / 2ZOKjRW",2025-10-13 21:11:12,2025-10-13 21:11:20,70
8934,Nvidia,Neutral,Nvidia doesn't plan to give up its beloved 'crypto craze' docs ift.tt/2ZOKjRW,2025-10-13 21:11:12,2025-10-13 21:11:20,77
8934,Nvidia,Neutral,Nvidia also doesn's t want Google to simply give up its 2017'crypto auction craze'to docs ift. tt / 2ZOKjRW,2025-10-13 21:11:12,2025-10-13 21:11:20,107
8934,Nvidia,Neutral,Nvidia really't want to give you its 2017 'crypto legacy' docs via.tt/2ZOKjRW,2025-10-13 21:11:12,2025-10-13 21:11:20,77
8935,Nvidia,Negative,"Dr @LisaSu slapping hard @nvidia in the morning and @intel in the evening, what a glorious day!",2025-10-13 21:11:12,2025-10-13 21:11:20,95
8935,Nvidia,Negative,"Dr. @ LisaSu clapping hard in the morning @ nvidia and @ intel in the evening, what a glorious day!",2025-10-13 21:11:12,2025-10-13 21:11:20,99
8935,Nvidia,Negative,"Dr @ LisaSu hard @ nvidia in the morning and @ intel in the evening, what a glorious day!",2025-10-13 21:11:12,2025-10-13 21:11:20,89
8935,Nvidia,Negative,"Dr @LisaSu slapping Doctor @nvidia in the morning and swimming in the evening, what a glorious day!",2025-10-13 21:11:12,2025-10-13 21:11:20,99
8935,Nvidia,Negative,"Dr @LisaSu was slapping real hard @nvidia in for the morning and @intel in the evening, what a freaking glorious first day!",2025-10-13 21:11:12,2025-10-13 21:11:20,123
8935,Nvidia,Negative,"Dr @LisaSu slapping Ms @nvidia in this morning and back at the evening, what a glorious day!",2025-10-13 21:11:12,2025-10-13 21:11:20,92
8936,Nvidia,Positive,Even more MinecraftRTX Screenshots! This time of the Neon City! Absolutely Stunning!.,2025-10-13 21:11:12,2025-10-13 21:11:20,87
8936,Nvidia,Positive,More MinecraftRTX screenshots! This time from Neon City! Absolutely stunning!.,2025-10-13 21:11:12,2025-10-13 21:11:20,78
8936,Nvidia,Positive,More Minecraft X screenshots! This time a neon city! Absolutely!.,2025-10-13 21:11:12,2025-10-13 21:11:20,65
8936,Nvidia,Positive,Even more MinecraftRTX Screenshots! This time of the Neon City! Super Stunning!.,2025-10-13 21:11:12,2025-10-13 21:11:20,80
8936,Nvidia,Positive,Even a more interesting MinecraftRTX series Screenshots! This entire time of the Neon City! Absolutely Stunning!.,2025-10-13 21:11:12,2025-10-13 21:11:20,113
8936,Nvidia,Positive,many more MinecraftRTX Screenshots! The time of Metal Neon City! Absolutely Stunning!.,2025-10-13 21:11:12,2025-10-13 21:11:20,86
8937,Nvidia,Neutral,NVIDIA Stock Falls 3% - invst.ly/r3k3b,2025-10-13 21:11:12,2025-10-13 21:11:20,38
8937,Nvidia,Neutral,NVIDIA shares fall 3% - invst.ly / r3k3b,2025-10-13 21:11:12,2025-10-13 21:11:20,40
8937,Nvidia,Neutral,NVIDIA Stock Falls 3% - invst.ly / r3k3b,2025-10-13 21:11:12,2025-10-13 21:11:20,40
8937,Nvidia,Neutral,NVIDIA Stock Falls 3% at invst.ly/r3k3b,2025-10-13 21:11:12,2025-10-13 21:11:20,39
8937,Nvidia,Neutral,NVIDIA Stockholm Stock market Falls 3 % - invst. 0 ly / over r3k3b,2025-10-13 21:11:12,2025-10-13 21:11:20,66
8937,Nvidia,Neutral,NVIDIA Interior Price 3% - 60.ly/r3k3b,2025-10-13 21:11:12,2025-10-13 21:11:20,38
8938,Nvidia,Negative,"So some GeForce RTX 3080 pics leaked, and some people are not happy",2025-10-13 21:11:12,2025-10-13 21:11:20,69
8938,Nvidia,Negative,"So some pictures of the GeForce RTX 3080 have leaked, and some people are not happy",2025-10-13 21:11:12,2025-10-13 21:11:20,83
8938,Nvidia,Negative,So some photos of the GeForce X 3080 have leaked and some people are unhappy,2025-10-13 21:11:12,2025-10-13 21:11:20,76
8938,Nvidia,Negative,"So the GeForce RTX 3080 pics leaked, and some people are not happy",2025-10-13 21:11:12,2025-10-13 21:11:20,66
8938,Nvidia,Negative,"So that some GeForce Networks RTX 3080 pics leaked, probably and some people are not really happy",2025-10-13 21:11:12,2025-10-13 21:11:20,97
8938,Nvidia,Negative,"So first GeForce RTX 3080 pics leaked, that some people are quite happy",2025-10-13 21:11:12,2025-10-13 21:11:20,71
8939,Nvidia,Positive,"@BandaiNamcoUS Nobody appreciates removing your games from Nvidia Geforce Now, then adding them back and removing them again.",2025-10-13 21:11:12,2025-10-13 21:11:20,125
8939,Nvidia,Positive,"@ BandaiNamcoUS No one appreciates removing your games from Nvidia Geforce Now, then adding and removing them again.",2025-10-13 21:11:12,2025-10-13 21:11:20,116
8939,Nvidia,Positive,"@ BandaiNamcoUS Nobody appreciates removing your games from Nvidia Geforce Now, then adding them back and removing them again.",2025-10-13 21:11:12,2025-10-13 21:11:20,126
8939,Nvidia,Positive,"@BandaiNamcoUS Nobody appreciates removing your games from Nvidia Geforce Now, then adding them back after installing them again.",2025-10-13 21:11:12,2025-10-13 21:11:20,129
8939,Nvidia,Positive,"@BandaiNamcoUS Nobody appreciates removing your other games names from Nvidia of Geforce Now, then your adding them back and removing them again.",2025-10-13 21:11:12,2025-10-13 21:11:20,145
8939,Nvidia,Positive,"@BandaiNamcoUS ink has deleted your games from Nvidia Geforce server, then adding them back and removing them again.",2025-10-13 21:11:12,2025-10-13 21:11:20,116
8940,Nvidia,Positive,Super exciting about the NVIDIA research presented yesterday at,2025-10-13 21:11:12,2025-10-13 21:11:20,65
8940,Nvidia,Positive,"Super exciting about the NVIDIA research, which took place yesterday at the",2025-10-13 21:11:12,2025-10-13 21:11:20,75
8940,Nvidia,Positive,"The super exciting NVIDIA study, presented yesterday at the",2025-10-13 21:11:12,2025-10-13 21:11:20,59
8940,Nvidia,Positive,Super stoked about the NVIDIA research presented yesterday at,2025-10-13 21:11:12,2025-10-13 21:11:20,61
8940,Nvidia,Positive,Super bit exciting about the NVIDIA research presented yesterday... at,2025-10-13 21:11:12,2025-10-13 21:11:20,70
8940,Nvidia,Positive,Super exciting about the NVIDIA research presented yesterday on,2025-10-13 21:11:12,2025-10-13 21:11:20,63
8941,Nvidia,Neutral,Check out these high performance gaming laptops with powerful discrete Nvidia graphics under $1000! laptopunderbudget.com/best-gaming-la…,2025-10-13 21:11:12,2025-10-13 21:11:20,137
8941,Nvidia,Neutral,Check out these powerful gaming laptops with powerful discreet Nvidia graphics for under $1000! laptopunderbudget.com / best-gaming-la...,2025-10-13 21:11:12,2025-10-13 21:11:20,137
8941,Nvidia,Neutral,"Take a look at these high-performance gaming laptops with powerful discrete graphics from Nvidia for $1,000! laptopunderbudd.com / best-gaming-la...",2025-10-13 21:11:12,2025-10-13 21:11:20,148
8941,Nvidia,Neutral,Check out these high performance gaming laptops with powerful discrete Nvidia GPU at $1000! laptopunderbudget.com/best-gaming-la…,2025-10-13 21:11:12,2025-10-13 21:11:20,129
8941,Nvidia,Neutral,Check out... these high performance desktop gaming laptops built with super powerful discrete integrated Nvidia graphics under $ USD 1000! laptopunderbudget. com / best - gaming - la …,2025-10-13 21:11:12,2025-10-13 21:11:20,184
8941,Nvidia,Neutral,Windows All these high performance gaming tablets with powerful discrete graphics graphics under $1000! laptopunderbudget.com/best-gaming-la...,2025-10-13 21:11:12,2025-10-13 21:11:20,143
8942,Nvidia,Neutral,How-To Fix Your Computer: NVIDIA Delays the GeForce RTX 3070 to Avoid More Preorder Shortages j.mp/2GqXguu via @howtogeek https://t.co/KNn09vfxbo,2025-10-13 21:11:12,2025-10-13 21:11:20,145
8942,Nvidia,Neutral,How to repair your computer: NVIDIA delays the GeForce RTX 3070 to avoid further preorder bottlenecks j.mp / 2GqXguu via @ howtogeek https: / / t.co / KNn09vfxbo,2025-10-13 21:11:12,2025-10-13 21:11:20,161
8942,Nvidia,Neutral,How to fix the error: NVIDIA Delays the GeForce X 3070 to Avoid More Preorder Shakes j.mp / 2GqXguu via @ howtogeek https: / / co / KNn09vfxbo,2025-10-13 21:11:12,2025-10-13 21:11:20,142
8942,Nvidia,Neutral,How-To Fix Your Computer: NVIDIA Delays the GeForce RTX 3070 Help Avoid More Preorder Shortages ur.mp/2GqXguu via Metal Reviews],2025-10-13 21:11:12,2025-10-13 21:11:20,128
8942,Nvidia,Neutral,How - To Fix To Your Computer : NVIDIA Has Delays the GeForce RTX in 3070 resolution to Avoid using More Preorder Shortages as j. v mp / in 2GqXguu data via @howtogeek in https://t.co/KNn09vfxbo ],2025-10-13 21:11:12,2025-10-13 21:11:20,196
8942,Nvidia,Neutral,How-To Drive Your Computer: NVIDIA acquired a GeForce ST 3070 [[ Avoid Button Preorder to j.mp/2GqXguu via @howtogeek https://t.co/KNn09vfxbo],2025-10-13 21:11:12,2025-10-13 21:11:20,142
8943,Nvidia,Neutral,"Half are political accounts, most of them I haven't interacted with in a few months, three NVidia accounts, two of them I have only even replied to once, and the only person who I know IRL is in the second row. How did this happen pic.twitter.com/nvqUiUYKOJ",2025-10-13 21:11:12,2025-10-13 21:11:20,257
8943,Nvidia,Neutral,"Half are political accounts, most of them I haven't contacted for a few months, three NVidia accounts, two of them I've only answered once, and the only person I know is in the second row. How did this happen pic.twitter.com / nvqUiUYKOJ",2025-10-13 21:11:12,2025-10-13 21:11:20,237
8943,Nvidia,Neutral,"Half of them are political accounts, most of them I haven't spoken to for months, three NVidia accounts, two of them I've answered only once, and the only person I know is the IRL in the second row.",2025-10-13 21:11:12,2025-10-13 21:11:20,198
8943,Nvidia,Neutral,"Half are political accounts, most of them I haven't interacted with in a few months, three NVidia accounts, two of them I have only even replied to once, and the only person who I know IRL is in the second row. How did this happen pic.twitter.com/nvqUiUYKOJ",2025-10-13 21:11:12,2025-10-13 21:11:20,257
8943,Nvidia,Neutral,"with Half are political accounts, most of them I haven't interacted with in a few months, three NVidia accounts, two of them I have only even replied to once, and the only person who I know IRL is in the second row. How did this happen pic.twitter.com/nvqUiUYKOJ",2025-10-13 21:11:12,2025-10-13 21:11:20,262
8943,Nvidia,Neutral,are,2025-10-13 21:11:12,2025-10-13 21:11:20,3
8944,Nvidia,Negative,Nvidia. its Nvidia that constantly reminds me how poor i am,2025-10-13 21:11:12,2025-10-13 21:11:20,59
8944,Nvidia,Negative,Nvidia. Its Nvidia that constantly reminds me how poor I am,2025-10-13 21:11:12,2025-10-13 21:11:20,59
8944,Nvidia,Negative,"Nvidia, which constantly reminds me how poor I am",2025-10-13 21:11:12,2025-10-13 21:11:20,49
8944,Nvidia,Negative,Nvidia. its Nvidia that constantly reminds me what poor i am,2025-10-13 21:11:12,2025-10-13 21:11:20,60
8944,Nvidia,Negative,Nvidia. its Nvidia that constantly so reminds me today how poor but i am,2025-10-13 21:11:12,2025-10-13 21:11:20,72
8944,Nvidia,Negative,Nvidia. its Nvidia that constantly telling me how strong i am,2025-10-13 21:11:12,2025-10-13 21:11:20,61
8945,Nvidia,Positive,nan,2025-10-13 21:11:12,2025-10-13 21:11:20,3
8945,Nvidia,Positive,It is not the first time that the EU Commission has taken such a step.,2025-10-13 21:11:12,2025-10-13 21:11:20,70
8945,Nvidia,Positive,"At the same time, despite the fact that there are currently some 100 million people living below the poverty line, most of them do not have access to health services and do not have access to health care, while most of them do not have access to health care.",2025-10-13 21:11:12,2025-10-13 21:11:20,258
8945,Nvidia,Positive,nan,2025-10-13 21:11:12,2025-10-13 21:11:20,3
8945,Nvidia,Positive,nan,2025-10-13 21:11:12,2025-10-13 21:11:20,3
8945,Nvidia,Positive,nan,2025-10-13 21:11:12,2025-10-13 21:11:20,3
8946,Nvidia,Positive,.  Daily Top 5 Popular Stocks . . .  Nvidia (NVDA) . . .  Popularity: 27. . .  Splunk (SPLK) . . .  Popularity: 26. . .  Expedia (EXPE) . . .  Popularity: 24. . .  Broadcom (AVGO) . . .  Popularity: 22. . .  Take-Two (TTWO) . . .  Popularity: 22,2025-10-13 21:11:12,2025-10-13 21:11:20,245
8946,Nvidia,Positive,... Popularity: 27... Splunk (SPLK)... Popularity: 26... Expedia (EXPE)... Popularity: 24... Broadcom (AVGO)... Popularity: 22... Take-Two (TTWO)... Popularity: 22,2025-10-13 21:11:12,2025-10-13 21:11:20,163
8946,Nvidia,Positive,. Daily Top 5 Popular Stocks.... Nvidia (NVDA).... Popularity: 27... Splunk (SPLK)... Popularity: 26... Expedia (EXPE)... Popularity: 24... Broadcom (AVGO)... Popularity: 22.... Take-Two (PowerWO).... Popularity: 22,2025-10-13 21:11:12,2025-10-13 21:11:20,215
8946,Nvidia,Positive,.  Daily Top 5 Data Stocks...  Nvidia (NVDA)...  Popularity: 27...  Splunk (/). 1.  Popularity: 25...  Expedia (-).....  Rank: 24...  Broadcom (AVGO)...<unk>.  Popularity: 22...  Take-Two (TTWO)...  Assets: 22,2025-10-13 21:11:12,2025-10-13 21:11:20,209
8946,Nvidia,Positive,. Daily Top One 5 Global Popular Stocks... La Nvidia ( NVDA )... Popularity : Channel 27... Market Splunk ( SPLK )... Global Popularity : 26... Expedia ( EXPE )... Popularity : 24... Broadcom ( AVGO )... Popularity : Company 22... Television Take - Two ( TTWO )...... Popularity : Channel 22,2025-10-13 21:11:12,2025-10-13 21:11:20,291
8946,Nvidia,Positive,. 3 By 5 Newspaper Group... Nvidia (NVDA)... Popularity: 24... Visa (SPLK)... Popularity: 29... Expedia (EXPE)... Popularity: 24... Broadcom (AVGO)... Top: 20... Take-Two (TTWO)... Favorite: 22,2025-10-13 21:11:12,2025-10-13 21:11:20,193
8947,Nvidia,Neutral,The,2025-10-13 21:11:12,2025-10-13 21:11:20,5
8947,Nvidia,Neutral,nan,2025-10-13 21:11:12,2025-10-13 21:11:20,3
8947,Nvidia,Neutral,"Italy, Italy, Italy, Italy, Italy, Italy, Italy, Italy, Italy, Italy, Italy, Italy, Italy, Italy, Italy, Italy, Italy, Italy, Italy, Italy, Italy, Italy, Italy, Italy, Italy, Italy, Italy, Italy, Italy, Italy, Italy, Italy, Italy, Italy, Italy, Italy, Italy, Italy, Italy, Italy, Italy, Italy, Italy, Italy, Italy, Italy, Italy, Italy, Italy, Italy, Italy, Italy, Italy, Italy, Italy, Italy, Italy, Italy, Italy, Italy, Italy, Italy, Italy, Italy, Italy, Italy, Italy, Italy, Italy, Italy, Italy, Italy, Italy, Italy, Italy, Italy, Italy, Italy, Italy, Italy, Italy, Italy, Italy, Italy, Italy, Italy, Italy, Italy, Italy, Italy, Italy, Italy, Italy, Italy, Italy, Italy, Italy, Italy, Italy,",2025-10-13 21:11:12,2025-10-13 21:11:20,692
8947,Nvidia,Neutral,The,2025-10-13 21:11:12,2025-10-13 21:11:20,3
8947,Nvidia,Neutral,3 The,2025-10-13 21:11:12,2025-10-13 21:11:20,5
8947,Nvidia,Neutral,what,2025-10-13 21:11:12,2025-10-13 21:11:20,4
8948,Nvidia,Negative,"my nvidia stopped working again, like..i just give up. just trying to get content and that shit keeps happening.",2025-10-13 21:11:12,2025-10-13 21:11:20,112
8948,Nvidia,Negative,"my nvidia has stopped functioning again, like.. i just give up. i'm just trying to be satisfied and this shit keeps happening.",2025-10-13 21:11:12,2025-10-13 21:11:20,126
8948,Nvidia,Negative,"my nvidia stopped working again, like.. i just give up. just trying to get content and that shit keeps happening.",2025-10-13 21:11:12,2025-10-13 21:11:20,113
8948,Nvidia,Negative,"my nvidia stopped working everything, like..i just gave up. just trying to get content and that shit keeps happening.",2025-10-13 21:11:12,2025-10-13 21:11:20,117
8948,Nvidia,Negative,"my nvidia stopped working again, like.. i should just give up. just trying to finally get content and when that shit actually keeps off happening.",2025-10-13 21:11:12,2025-10-13 21:11:20,146
8948,Nvidia,Negative,"my nvidia started working again, like..i kinda give in. just trying till get content and that shit keeps happening.",2025-10-13 21:11:12,2025-10-13 21:11:20,115
8949,Nvidia,Neutral,"A monitor from Asus, great for 1080p gaming. This monitor can deliver 144hz and 1ms responds time, great for compatitve gaming and gaming in general. Contains also g-sync for nvidia graphics cards and freesync for… instagram.com/p/CA77PNMnsF7/…",2025-10-13 21:11:12,2025-10-13 21:11:20,244
8949,Nvidia,Neutral,"A monitor from Asus, great for 1080p games. This monitor can deliver 144Hz and 1ms response time, great for compatible gaming and gaming in general. Also includes g-Sync for Nvidia graphics cards and Freesync for... instagram.com / p / CA77PNMnsF7 /...",2025-10-13 21:11:12,2025-10-13 21:11:20,252
8949,Nvidia,Neutral,"Asus monitor, great for games at 1080p. This monitor can give 144 Hz and 1 ms response time, great for video games and games in general. It also contains g-sync for nvidia graphics cards and freesync for... instagram.com / p / CA77MF7 /...",2025-10-13 21:11:12,2025-10-13 21:11:20,239
8949,Nvidia,Neutral,"A monitor from Asus, great for 1080p gaming. This monitor can deliver 1440 and 1ms responds W, great overall compatitve gaming and gaming in general. Contains also g-sync our ATI graphics cards and freesync for… twitch.com/p/CA77PNMnsF7/…",2025-10-13 21:11:12,2025-10-13 21:11:20,238
8949,Nvidia,Neutral,"A monitor from Asus, great for 1080p gaming. · This small monitor can deliver a 144hz video and 1ms responds time, great for compatitve for gaming and gaming environments in general. Contains also g - sync for nvidia for graphics cards services and freesync for … instagram. com / and p / s CA77PNMnsF7 / …",2025-10-13 21:11:12,2025-10-13 21:11:20,306
8949,Nvidia,Neutral,"A classic for Asus, great for 1080p gaming. This TV can offer 144hz or 1ms responds time, right for compatitve gaming and gaming in India. Contains included g-sync for nvidia graphics cards and freesync including... download.com/p/CA77PNMnsF7/...",2025-10-13 21:11:12,2025-10-13 21:11:20,246
8950,Nvidia,Neutral,Nothing ruins a gaming session like poor graphics! @LGSouthAfrica’s OLED TV features NVIDIA G-SYNC technology to solve ALL your gaming frustrations.,2025-10-13 21:11:12,2025-10-13 21:11:20,148
8950,Nvidia,Neutral,Nothing ruins a game session more than bad graphics! @ LGSouthAfrica's OLED TV features NVIDIA G-SYNC technology to solve ALL game frustrations.,2025-10-13 21:11:12,2025-10-13 21:11:20,144
8950,Nvidia,Neutral,Nothing spoils a gambling session more than bad graphics! @ LGSouthAfrica OTV uses NVIDIA G-SYNC technology to solve ALL of your gaming problems.,2025-10-13 21:11:12,2025-10-13 21:11:20,145
8950,Nvidia,Neutral,Nothing ruins a gaming session like poor graphics! @LGSouthAfrica’s HDR TV features NVIDIA G-SYNC acceleration to solve ALL your gaming crashes.,2025-10-13 21:11:12,2025-10-13 21:11:20,144
8950,Nvidia,Neutral,Nothing ruins a gaming development session like poor 3D graphics! THE @LGSouthAfrica ’ s official OLED TV features NVIDIA G - SYNC technology to solve problems ALL your gaming system frustrations.,2025-10-13 21:11:12,2025-10-13 21:11:20,196
8950,Nvidia,Neutral,Nothing ruins our gaming event like poor graphics! @LGSouthAfrica’s OLED TV features NVIDIA Color-SYNC technology to cover ALL your gaming needs.,2025-10-13 21:11:12,2025-10-13 21:11:20,145
8951,Nvidia,Negative,Kind of crazy how long it's been that every nvidia update temporarily disables the windows 10 start menu,2025-10-13 21:11:12,2025-10-13 21:11:20,104
8951,Nvidia,Negative,Somehow crazy how long it's been that every Nvidia update temporarily disables the Windows 10 Start menu,2025-10-13 21:11:12,2025-10-13 21:11:20,104
8951,Nvidia,Negative,"madness, how long has it been that every nvidia update temporarily disables the Windows 10 startup menu?",2025-10-13 21:11:12,2025-10-13 21:11:20,104
8951,Nvidia,Negative,Kind of crazy how long it's been that every subsequent update temporarily blocked the windows 10 start menu,2025-10-13 21:11:12,2025-10-13 21:11:20,107
8951,Nvidia,Negative,32 Kind of crazy how long it's been me that every nvidia history update temporarily disables the windows 10 start cycle menu,2025-10-13 21:11:12,2025-10-13 21:11:20,124
8951,Nvidia,Negative,Kind of crazy how long it's around and every nvidia update temporarily disables the windows 10 start prompt,2025-10-13 21:11:12,2025-10-13 21:11:20,107
8952,Nvidia,Neutral,"Starting your AI journey with a solid partnership: HPE Apollo, WekaFS™ and NVIDIA GDS dy.si/Dj3mY https://t.co/4hj0BUdMtd",2025-10-13 21:11:12,2025-10-13 21:11:20,121
8952,Nvidia,Neutral,"Start your AI journey with a solid partnership: HPE Apollo, WekaFS ™ and NVIDIA GDS dy.si / Dj3mY https: / / t.co / 4hj0BUdMtd",2025-10-13 21:11:12,2025-10-13 21:11:20,126
8952,Nvidia,Neutral,"Start your journey with strong partnerships: HPE Apollo, WeFFS ™ and NVIDIA GDS dy.si / Dj3mY https: / / Fenco / 4hj0BUdMtd",2025-10-13 21:11:12,2025-10-13 21:11:20,123
8952,Nvidia,Neutral,"Starting your AI journey on a solid partnership: HPE Apollo, WekaFS™ | NVIDIA { dy.si/Dj3mY https://t.co/4hj0BUdMtd]",2025-10-13 21:11:12,2025-10-13 21:11:20,116
8952,Nvidia,Neutral,"From Starting your innovative AI Lab journey with opening a solid industry partnership : HPE Apollo, R [UNK] and NVIDIA GDS dy. si / Dj3mY to https://t.co/4hj0BUdMtd ]",2025-10-13 21:11:12,2025-10-13 21:11:20,167
8952,Nvidia,Neutral,"Starting their AI journey with its unique partnership: HPE Apollo, WekaFSTM or NVIDIA GDS dy.si/Dj3mY I]",2025-10-13 21:11:12,2025-10-13 21:11:20,104
8953,Nvidia,Negative,"assuming amd launches with enough cards to satisfy the demand right now. i promise you, i fucking promise, within a week or 2 nvidia will pull an ungodly amount of gpus directly out of their ass. they will shit those gpus out at light-speed.",2025-10-13 21:11:12,2025-10-13 21:11:20,241
8953,Nvidia,Negative,"provided amd starts with enough cards to satisfy demand in the moment. i promise you, i promise, within a week or two nvidia will get a wicked amount of gpus right out of your arse. they will crush these gpus at the speed of light.",2025-10-13 21:11:12,2025-10-13 21:11:20,231
8953,Nvidia,Negative,"I promise you, I fucking promise that within a week or two Nvidia will pull a huge amount of gpus right out of their ass. they will pull these gpus out at light speed.",2025-10-13 21:11:12,2025-10-13 21:11:20,167
8953,Nvidia,Negative,"assuming amd launches with enough cards to satisfy the demand right now. i remind you, i fucking promise, within a week or three nvidia will pull an enormous amount of cards directly out of their ass. It will shit those gpus out at light-speed.",2025-10-13 21:11:12,2025-10-13 21:11:20,244
8953,Nvidia,Negative,"is assuming amd launches with precisely enough cards to satisfy the demand necessary right now. what i goddamn promise 2 you, i fucking promise, within on a week or 2 a nvidia that will pull an ungodly amount of gpus directly out of their ass. they will shit those gpus out at a light - speed.",2025-10-13 21:11:12,2025-10-13 21:11:20,293
8953,Nvidia,Negative,"year amd launches with enough content to satisfy their masses right now. i promise you, i fucking promise, within a week or twice nvidia will pull an unbelievable amount of gpus directly out out their ass. Nokia will shit those gpus down at light-speed.",2025-10-13 21:11:12,2025-10-13 21:11:20,253
8954,Nvidia,Positive,I dont get the dicussion around 2080ti owners needing to be pissed at @nvidia - For 2 years we have had top of the line performance whilst previous gen has struggled. This is like saying people that got an iPhone 8 should be pissed when the iPhone SE launched. Clueless....,2025-10-13 21:11:12,2025-10-13 21:11:20,273
8954,Nvidia,Positive,I don't understand the discussion about 2080ti owners needing to be pissed off on @ nvidia - we've been at peak performance for 2 years while the previous generation struggled. It's like people who got an iPhone 8 should be pissed off when the iPhone SE comes to market. Clueless....,2025-10-13 21:11:12,2025-10-13 21:11:20,283
8954,Nvidia,Positive,It's like saying that people who got the iPhone 8 should be upset when the iPhone SE came on the market.,2025-10-13 21:11:12,2025-10-13 21:11:20,104
8954,Nvidia,Positive,I dont get his dicussion around 2080ti owners needing to be pissed at @nvidia - For 2<unk> OnePlus have had top of the line performance whilst previous gen smartphones struggled. Think is like saying anyone that got an iPhone 8 should be pissed when the iPhone SE launched. Clueless....,2025-10-13 21:11:12,2025-10-13 21:11:20,286
8954,Nvidia,Positive,I dont get the dicussion coming around 2080ti the owners about needing to be completely pissed away at Twitter @nvidia - For 2 years we have had top of the line outstanding performance whilst previous gen production has struggled.... This is like saying people that got an iPhone 8 should totally be pissed when the iPhone SE launched. Clueless....,2025-10-13 21:11:12,2025-10-13 21:11:20,348
8954,Nvidia,Positive,really dont get the dicussion around 2080ti owners needing to be pissed at @nvidia - For 2 years we just offered top over this line performance whilst previous gen has struggled. The seems like saying Microsoft which got an iTunes 8 should be pissed when the iPhone SE launched. Clueless....,2025-10-13 21:11:12,2025-10-13 21:11:20,291
8955,Nvidia,Neutral,Nvidia GeForce Now: Google Stadia rival suffers another blow news89.net/nvidia-geforce… https://t.co/9ijNjV7L4C,2025-10-13 21:11:12,2025-10-13 21:11:20,111
8955,Nvidia,Neutral,Nvidia GeForce Now: Google Stadia rival suffers another blow news89.net / nvidia-geforce... https: / / t.co / 9ijNjV7L4C,2025-10-13 21:11:12,2025-10-13 21:11:20,120
8955,Nvidia,Neutral,Nvidia GeForce Now: Google's rival Stadia suffers another blow news89.net / nvidia-geforce...,2025-10-13 21:11:12,2025-10-13 21:11:20,93
8955,Nvidia,Neutral,Nvidia Fight Now: Google chief rival suffers another blow news89.net/nvidia-geforce… https://t.co/9ijNjV7L4C],2025-10-13 21:11:12,2025-10-13 21:11:20,109
8955,Nvidia,Neutral,Nvidia A GeForce Now : Google Plus Stadia your rival that suffers another blow news89. net / day nvidia - geforce 2009 … The https://t.co/9ijNjV7L4C ],2025-10-13 21:11:12,2025-10-13 21:11:20,150
8955,Nvidia,Neutral,Nvidia Now Now: Google Google rival suffers body blow in.net/nvidia-geforce... https://t.co/9ijNjV7L4C],2025-10-13 21:11:12,2025-10-13 21:11:20,103
8956,Nvidia,Positive,You know somethings wrong when even the @nvidia  support can't help you solve your microstutter problem >_> I love my pc,2025-10-13 21:11:12,2025-10-13 21:11:20,120
8956,Nvidia,Positive,You know something is wrong when even @ nvidia support can't help you solve your microstuttering problem > _ > I love my PC,2025-10-13 21:11:12,2025-10-13 21:11:20,123
8956,Nvidia,Positive,You know something is wrong when not even @ nvidia support can help you solve your microstuttering problem > _ > I love my computer,2025-10-13 21:11:12,2025-10-13 21:11:20,131
8956,Nvidia,Positive,You know is wrong when even the latest  support can't help the solve your microstutter problem >_> I love my pc,2025-10-13 21:11:12,2025-10-13 21:11:20,111
8956,Nvidia,Positive,You do know somethings wrong when you even the @nvidia support group can't help you solve your microstutter reading problem > _ > I all love using my pc,2025-10-13 21:11:12,2025-10-13 21:11:20,152
8956,Nvidia,Positive,You know somethings frustrating when even the @nvidia support can't help the solve your particular problem >_> I love my pc,2025-10-13 21:11:12,2025-10-13 21:11:20,123
8957,Nvidia,Negative,🤨 @msigaming caught,2025-10-13 21:11:12,2025-10-13 21:11:20,21
8957,Nvidia,Negative,@ msigaming,2025-10-13 21:11:12,2025-10-13 21:11:20,11
8957,Nvidia,Negative,@ msigaming caught,2025-10-13 21:11:12,2025-10-13 21:11:20,18
8957,Nvidia,Negative,🤨 @msigaming AT,2025-10-13 21:11:12,2025-10-13 21:11:20,15
8957,Nvidia,Negative,[UNK] @msigaming is caught,2025-10-13 21:11:12,2025-10-13 21:11:20,26
8957,Nvidia,Negative,<unk> @msigaming<unk>,2025-10-13 21:11:12,2025-10-13 21:11:20,21
8958,Nvidia,Neutral,"DLSS 2.0 will make a 4K60 monster out of your RTX 2060 in Death Stranding. . Every RTX 20-series GPU is capable of 4K at over 60fps, Nvidia claims.. . pcgamer.com/au/death-stran…. .",2025-10-13 21:11:12,2025-10-13 21:11:20,183
8958,Nvidia,Neutral,"DLSS 2.0 will turn your RTX 2060 into a 4K60 monster in Death Stranding... Any RTX 20 series GPU can handle 4K at over 60fps, claims Nvidia... pcgamer.com / au / death-stran.....",2025-10-13 21:11:12,2025-10-13 21:11:20,178
8958,Nvidia,Neutral,"Each of the 20-series DLSS 2.0 graphics processors can run in 4K at speeds of more than 60 frames per second, according to Nvidia... pcg.com / au / death-stran....",2025-10-13 21:11:12,2025-10-13 21:11:20,163
8958,Nvidia,Neutral,"DLSS 10.0 will make a 4K60 monster out of any beloved machine in Death Stranding.. Every RTX 20-series GPU is capable of rendering at over 60fps, Nvidia claims... pcgamer.com/au/death-stran…..",2025-10-13 21:11:12,2025-10-13 21:11:20,192
8958,Nvidia,Neutral,"DLSS Evolution 2. 10 0 will make a true 4K60 monster out capable of watching your RTX 2060 in Death Stranding.. Every official RTX 20 - series GPU is completely capable of 4K at once over one 60fps, Nvidia claims... pcgamer. com / au / html death - stran …..",2025-10-13 21:11:12,2025-10-13 21:11:20,258
8958,Nvidia,Neutral,"5 2.0 game make a 4K60 flash card from your current 2060 in Die Stranding.. Every RTX 20-series game is capable of 4K 60 over 60fps, Nvidia has... pcgamer.com/au/death-stran.....",2025-10-13 21:11:12,2025-10-13 21:11:20,178
8959,Nvidia,Negative,You were better when you had no bots who came to screw up the stocks for the 20 series. nvidia,2025-10-13 21:11:12,2025-10-13 21:11:20,94
8959,Nvidia,Negative,You were better if you didn't have bots coming to screw up the shares for the 20 series. nvidia,2025-10-13 21:11:12,2025-10-13 21:11:20,95
8959,Nvidia,Negative,You were better when you had no bots who came to screw up the stocks for the 20 series. nvidia,2025-10-13 21:11:12,2025-10-13 21:11:20,94
8959,Nvidia,Negative,You were better when you had no bots who came to set up the stocks for the Q series. nvidia,2025-10-13 21:11:12,2025-10-13 21:11:20,91
8959,Nvidia,Negative,You were better when you could had no bots who came to screw up of the stocks for the final 20 game series. nvidia,2025-10-13 21:11:12,2025-10-13 21:11:20,114
8959,Nvidia,Negative,You were better when you had no bots who came to screw over the stocks for nearly 20 years. nvidia,2025-10-13 21:11:12,2025-10-13 21:11:20,98
8960,Nvidia,Neutral,That feeling when @Newegg  loses your @nvidia @TEAMEVGA  RTX  card and gives you a bullshit response for your missing $500+ GPU   worst part is it's now sold out,2025-10-13 21:11:12,2025-10-13 21:11:20,163
8960,Nvidia,Neutral,That feeling when @ Newegg loses your @ nvidia @ TEAMEVGA RTX card and gives you a bullshit answer for your missing $500 + GPU is the worst it's sold out right now,2025-10-13 21:11:12,2025-10-13 21:11:20,163
8960,Nvidia,Neutral,It feels like @ Nexig loses his @ nvidia @ TEAMEVGA card and answers for the missing $500 + GPU.,2025-10-13 21:11:12,2025-10-13 21:11:20,96
8960,Nvidia,Neutral,That came when @Newegg  loses your @nvidia re  RTX  card and gives you a bullshit response for your missing $500+ GPU   Better part is it's now working out,2025-10-13 21:11:12,2025-10-13 21:11:20,155
8960,Nvidia,Neutral,4 That feeling when @Newegg suddenly loses your @nvidia... @TEAMEVGA RTX card and gives you a big bullshit response waiting for your missing $ 500 + 50 GPU Your worst part score is it's now sold out,2025-10-13 21:11:12,2025-10-13 21:11:20,198
8960,Nvidia,Neutral,That feeling when @Newegg provides your @nvidia @TEAMEVGA RTX gaming and gives you a bullshit ring after your second $500+ GPU worst part is it's probably sold out,2025-10-13 21:11:12,2025-10-13 21:11:20,163
8961,Nvidia,Positive,"Wow, few people saw coming @Nvidia as such a big player in accelerated computing (and colorful spatulas). Originally a gaming orientated company, now with solid commitments in research, HPCs, data centers, and more. Exciting times!",2025-10-13 21:11:12,2025-10-13 21:11:20,231
8961,Nvidia,Positive,"Wow, few people saw @ Nvidia coming as such a big player in accelerated computing technology (and colorful spatulas). Originally a game-oriented company, now with solid commitments in research, HPCs, data centers and more. Exciting times!",2025-10-13 21:11:12,2025-10-13 21:11:20,238
8961,Nvidia,Positive,"Oh, few saw Nvidia as such a big player in the field of accelerated computing (and multicolored spatulas).",2025-10-13 21:11:12,2025-10-13 21:11:20,106
8961,Nvidia,Positive,"Wow, few people would coming @Nvidia as such a big player in accelerated computing (& colorful spatulas). Originally a gaming orientated agency, now with substantial commitments in research, HPCs, media centers, and more. Exciting times!",2025-10-13 21:11:12,2025-10-13 21:11:20,237
8961,Nvidia,Positive,"Wow, few people saw coming @Nvidia as quite such a very big player in accelerated computing ( and colorful little spatulas ). com Originally a video gaming programming orientated company, now with a solid commitments primarily in medical research, HPCs, data centers, and more. The Exciting times!",2025-10-13 21:11:12,2025-10-13 21:11:20,297
8961,Nvidia,Positive,"Wow, few people saw coming @Nvidia as already a big player in social computing (and colorful spatulas). Not a gaming orientated product, then with real presence in research, HPCs, control centers, and more. Exciting times!",2025-10-13 21:11:12,2025-10-13 21:11:20,222
8962,Nvidia,Neutral,Nvidia’s new driver gives a major boost to games for free thanks to VRSS:,2025-10-13 21:11:12,2025-10-13 21:11:20,75
8962,Nvidia,Neutral,Nvidia's new driver gives a big boost thanks to VRSS Games:,2025-10-13 21:11:12,2025-10-13 21:11:20,59
8962,Nvidia,Neutral,The new Nvidia driver gives a big boost to games for free thanks to VRSS:,2025-10-13 21:11:12,2025-10-13 21:11:20,73
8962,Nvidia,Neutral,Nvidia’s new driver gives huge major performance to games for free thanks to VRSS:,2025-10-13 21:11:12,2025-10-13 21:11:20,82
8962,Nvidia,Neutral,Team Nvidia ’ s new driver system gives players a first major boost to games for free thanks to VRSS :,2025-10-13 21:11:12,2025-10-13 21:11:20,102
8962,Nvidia,Neutral,Nvidia’s new driver gives you major array of games for free thanks to VRSS:,2025-10-13 21:11:12,2025-10-13 21:11:20,75
8963,Nvidia,Neutral,[.  NEWS] The best cheap Dell laptop deals and prices for March 2020 u.fooo.ooo/post-14505/202…,2025-10-13 21:11:12,2025-10-13 21:11:20,97
8963,Nvidia,Neutral,[. NEWS] The best cheap Dell laptop deals and prices for March 2020 u.fooo.ooo / post-14505 / 202...,2025-10-13 21:11:12,2025-10-13 21:11:20,100
8963,Nvidia,Neutral,[. NEWS] The best cheap deals with Dell laptops and prices for March 2020 [fooo.ooo / post-14505 / 202],2025-10-13 21:11:12,2025-10-13 21:11:20,103
8963,Nvidia,Neutral,[.  NEWS] The next new Dell laptop model and prices for March 2020 u.fooo.ooo/post-14505/202…,2025-10-13 21:11:12,2025-10-13 21:11:20,93
8963,Nvidia,Neutral,[. NEWS ] The best is cheap Dell 2 laptop deals and monthly prices for March from 2020 u. fooo. ooo / or post - 14505 / 202 years …,2025-10-13 21:11:12,2025-10-13 21:11:20,131
8963,Nvidia,Neutral,[. NEWS] The best 2011 Dell laptop replacement website offers for March 2011 u.fooo.ooo/post-14505/202...,2025-10-13 21:11:12,2025-10-13 21:11:20,105
8964,Nvidia,Positive,"Love what AMD is doing but this is why I will still recommend Nvidia for content creators, NVENC",2025-10-13 21:11:12,2025-10-13 21:11:20,96
8964,Nvidia,Positive,"Love what AMD does, but that's why I'll still recommend Nvidia to content creators, NVENC",2025-10-13 21:11:12,2025-10-13 21:11:20,89
8964,Nvidia,Positive,"Love what AMD is doing but this is why I still recommend Nvidia for content creators, NVENC",2025-10-13 21:11:12,2025-10-13 21:11:20,91
8964,Nvidia,Positive,"Love what AMD is saying but this one why I will still recommend Nvidia for content creators, NVENC",2025-10-13 21:11:12,2025-10-13 21:11:20,98
8964,Nvidia,Positive,"Love what AMD staff is truly doing but this is why I will still recommend Nvidia except for content of creators, NVENC",2025-10-13 21:11:12,2025-10-13 21:11:20,118
8964,Nvidia,Positive,"Love anything AMD am doing but this is why I will still recommend Nvidia for small creators, NVENC",2025-10-13 21:11:12,2025-10-13 21:11:20,98
8965,Nvidia,Negative,"@nvidia @NVIDIAAI  If the Nvidia AI is supposed to be so great and grand, why didn't you use that to manage the unveiling of the RTX3k series to the public. It could have done a better job than the humans who supposedly handled it? @AMD 15 days and gamers are waiting!!",2025-10-13 21:11:12,2025-10-13 21:11:20,269
8965,Nvidia,Negative,"@ nvidia @ NVIDIAAI If the Nvidia AI is to be so great and great, why didn't you use it to bring the unveiling of the RTX3k series to the public, which could have done a better job than the people who supposedly handled it? @ AMD 15 days and the players wait!!",2025-10-13 21:11:12,2025-10-13 21:11:20,260
8965,Nvidia,Negative,"@ nvidia @ NVIDIAAI If Nvidia AI is supposed to be so great and grandiose, why don't you use it to show the X3k series to the public? It could do better than the people who supposedly handled it? @ AMD 15 days and gamers waiting!!",2025-10-13 21:11:12,2025-10-13 21:11:20,230
8965,Nvidia,Negative,"@nvidia 1  If the Nvidia AI is supposed to be so great and grand, why didn't you use that to manage the unveiling of the latest series to the world. It could have performed a better job than the humans who supposedly handled it? @NVIDIAAI 15 announced and gamers were waiting!!",2025-10-13 21:11:12,2025-10-13 21:11:20,277
8965,Nvidia,Negative,"live @nvidia Live @NVIDIAAI If the Nvidia AI is supposed to be so great and grand, why didn't have you use that to manage the unveiling of the RTX3k series and to benefit the public. It could have done anyone a better better job otherwise than having the humans who supposedly handled it? @AMD In 15 days and gamers are waiting!!",2025-10-13 21:11:12,2025-10-13 21:11:20,329
8965,Nvidia,Negative,"@nvidia @NVIDIAAI If the Nvidia AI so supposed is be truly great and new, who shouldn't you use that to manage the unveiling in the RTX3k series to the public. It could have done even better job than the developers who supposedly do it? @AMD 15 days and gamers are waiting!!",2025-10-13 21:11:12,2025-10-13 21:11:20,274
8966,Nvidia,Neutral,Making a shit load of money this month. Boutta cop that new Nvidia card. Daddy's building a god tier rig,2025-10-13 21:11:12,2025-10-13 21:11:20,104
8966,Nvidia,Neutral,A shit-load of money this month. Boutta cop that new Nvidia card. Daddy is building a godlike facility,2025-10-13 21:11:12,2025-10-13 21:11:20,102
8966,Nvidia,Neutral,Make a shit of money this month. Bouchcop that new Nvidia card.,2025-10-13 21:11:12,2025-10-13 21:11:20,63
8966,Nvidia,Neutral,Making a shit load of videos this month. Uncle cop that new Nvidia card. Daddy's building a god tier rig,2025-10-13 21:11:12,2025-10-13 21:11:20,104
8966,Nvidia,Neutral,Making a shit load... of money up this month. You Boutta cop all that new Nvidia card. Daddy's building a god in tier rig,2025-10-13 21:11:12,2025-10-13 21:11:20,121
8966,Nvidia,Neutral,Making a shit load of money this month. Boutta cop that on red card. Daddy's in a lower tier rig,2025-10-13 21:11:12,2025-10-13 21:11:20,96
8967,Nvidia,Positive,A very weird situation for NVIDUA’s competitors who rely upon ARM cores!,2025-10-13 21:11:12,2025-10-13 21:11:20,72
8967,Nvidia,Positive,A very strange situation for NVIDUA's competitors who rely on ARM cores!,2025-10-13 21:11:12,2025-10-13 21:11:20,72
8967,Nvidia,Positive,A very strange situation for NVIIA competitors who rely on ARM cords!,2025-10-13 21:11:12,2025-10-13 21:11:20,69
8967,Nvidia,Positive,A very clear situation for NVIDUA’s competitors who rely upon ARM cores!,2025-10-13 21:11:12,2025-10-13 21:11:20,72
8967,Nvidia,Positive,A really very very weird situation for NVIDUA ’ s competitors who rely solely upon ARM application cores!,2025-10-13 21:11:12,2025-10-13 21:11:20,105
8967,Nvidia,Positive,<unk> very exciting situation for NVIDUA’s competitors both rely upon ARM cores!,2025-10-13 21:11:12,2025-10-13 21:11:20,80
8968,Nvidia,Neutral,NVIDIA Research: Warp Drive Gaming – Eliminate More than 80% of the Latency Performance Penalty ift.tt/3exWY08,2025-10-13 21:11:12,2025-10-13 21:11:20,112
8968,Nvidia,Neutral,NVIDIA Research: Warp Drive Gaming - Elimination of more than 80% of latency penalty ift.tt / 3exWY08,2025-10-13 21:11:12,2025-10-13 21:11:20,101
8968,Nvidia,Neutral,NVIDIA study: Warp Drive Gaming - eliminates more than 80% of performance delay penalties i.tt / 3exWY08,2025-10-13 21:11:12,2025-10-13 21:11:20,104
8968,Nvidia,Neutral,NVIDIA VC: Warp Drive Gaming – Eliminate More than 80% of the Latency Win Penalty ift.tt/3exWY08,2025-10-13 21:11:12,2025-10-13 21:11:20,96
8968,Nvidia,Neutral,NVIDIA Application Research : Warp Drive Gaming Project – Will Eliminate users More users than 80 % of the Time Latency Performance per Penalty ift. tt / 3exWY08,2025-10-13 21:11:12,2025-10-13 21:11:20,161
8968,Nvidia,Neutral,NVIDIA 2017: Circuit Drive Gaming – Eliminate Up to 80% of First Latency Performance Penalty ift.tt/3exWY08,2025-10-13 21:11:12,2025-10-13 21:11:20,107
8969,Nvidia,Neutral,"Nvidia’s GeForce Now is losing all Activision Blizzard games, a bad sign for cloud gaming theverge.com/2020/2/11/2113…",2025-10-13 21:11:12,2025-10-13 21:11:20,118
8969,Nvidia,Neutral,"Nvidia's GeForce Now loses all Activision Blizzard games, a bad sign for cloud games theverge.com / 2020 / 2 / 11 / 2113...",2025-10-13 21:11:12,2025-10-13 21:11:20,123
8969,Nvidia,Neutral,"Nvidia's GeForce Now loses all Absvision Blizzard games, which is a bad sign for cloud gaming theverge.com / 2020 / 2 / 11 / 2113...",2025-10-13 21:11:12,2025-10-13 21:11:20,132
8969,Nvidia,Neutral,"Nvidia’s GeForce Now is losing all Activision in distribution, a good sign for cloud gaming theverge.com/2020/2/11/2113…",2025-10-13 21:11:12,2025-10-13 21:11:20,120
8969,Nvidia,Neutral,"Nvidia AG ’ s GeForce Now lineup is already losing virtually all Activision at Blizzard games, and a bad sign for cloud gaming on theverge. com / 2020 / part 2 / 11 / 2113 …",2025-10-13 21:11:12,2025-10-13 21:11:20,173
8969,Nvidia,Neutral,"Nvidia’s GeForce Now looks like all my Wars games, a hopeful sign for cloud by theverge.com/2020/2/11/2113...",2025-10-13 21:11:12,2025-10-13 21:11:20,109
8970,Nvidia,Negative,My 2080 Super feels really inadequate now.,2025-10-13 21:11:12,2025-10-13 21:11:20,44
8970,Nvidia,Negative,My 2080 Super now feels really inadequate.,2025-10-13 21:11:12,2025-10-13 21:11:20,42
8970,Nvidia,Negative,"My \"Super 2080\" is really inadequate now.",2025-10-13 21:11:12,2025-10-13 21:11:20,41
8970,Nvidia,Negative,My 2080 Super feels really inadequate lately.,2025-10-13 21:11:12,2025-10-13 21:11:20,45
8970,Nvidia,Negative,My 2080 Super Mario feels really inadequate now.,2025-10-13 21:11:12,2025-10-13 21:11:20,48
8970,Nvidia,Negative,My 2080 Super feels really inadequate from.,2025-10-13 21:11:12,2025-10-13 21:11:20,43
8971,Nvidia,Positive,This will run,2025-10-13 21:11:12,2025-10-13 21:11:20,15
8971,Nvidia,Positive,nan,2025-10-13 21:11:12,2025-10-13 21:11:20,3
8971,Nvidia,Positive,It will work,2025-10-13 21:11:12,2025-10-13 21:11:20,12
8971,Nvidia,Positive,This will require,2025-10-13 21:11:12,2025-10-13 21:11:20,17
8971,Nvidia,Positive,This game will run,2025-10-13 21:11:12,2025-10-13 21:11:20,18
8971,Nvidia,Positive,This morning run,2025-10-13 21:11:12,2025-10-13 21:11:20,16
8972,Nvidia,Neutral,@ATVIAssist I am having odd performance issues. I cant get my fps any higher than 20fps in game/menu. Tabbed out of game it jumps to 60fps. I had no problem before the little update I just downloaded. Any ideas or suggestions?. . Windows 10. Intel i7 4790k. NVIDIA GTX Titan Black,2025-10-13 21:11:12,2025-10-13 21:11:20,280
8972,Nvidia,Neutral,"@ ATVIAssist I have strange performance problems. I can not get my fps higher than 20fps in the game / menu. Without tab it jumps to 60fps. Before the little update I just downloaded, I had no problem. Any ideas or suggestions?. Windows 10. Intel i7 4790k. NVIDIA GTX Titan Black",2025-10-13 21:11:12,2025-10-13 21:11:20,279
8972,Nvidia,Neutral,@ ATVIAssist I have strange performance problems. I can't get a frame rate higher than 20 frames per second in the game / menu. The out-of-game tab is 60 frames per second. I had no problems before the small update I just downloaded. Any ideas or suggestions?,2025-10-13 21:11:12,2025-10-13 21:11:20,259
8972,Nvidia,Neutral,@ATVIAssist m am having odd performance issues. I cant get my fps any higher than 41 in game/menu. Tabbed out of game it jumps to 40. I had no problem before the latest update I just downloaded. Any ideas or suggestions?.. Windows 10. 0 Turbo 4790k. NVIDIA GTX Titan Black,2025-10-13 21:11:12,2025-10-13 21:11:20,272
8972,Nvidia,Neutral,@ATVIAssist I am having odd performance issues. Sometimes I cant get my fps any part higher than 20fps in game / menu. Tabbed out of game until it even jumps to 60fps. I had no problem before the little update I just inadvertently downloaded. Any ideas yet or any suggestions?.. 2009 Windows 10. 1 Intel i7 in 4790k. NVIDIA GTX Titan Black,2025-10-13 21:11:12,2025-10-13 21:11:20,339
8972,Nvidia,Neutral,since now am having strange performance issue. I cannot get my fps out higher than 20fps on game/menu. Tabbed out of application it jumps into 60fps. I had no worries before the little update I just downloaded. Any ideas or suggestions?.. Windows 10. Intel i7 4790k. NVIDIA GTX Titan Black,2025-10-13 21:11:12,2025-10-13 21:11:20,289
8973,Nvidia,Negative,Sony dropping pre-orders fearing,2025-10-13 21:11:12,2025-10-13 21:11:20,34
8973,Nvidia,Negative,Sony drops pre-orders over fears,2025-10-13 21:11:12,2025-10-13 21:11:20,32
8973,Nvidia,Negative,Sony drops pre-orders,2025-10-13 21:11:12,2025-10-13 21:11:20,21
8973,Nvidia,Negative,Sony makes pre-orders fearing,2025-10-13 21:11:12,2025-10-13 21:11:20,29
8973,Nvidia,Negative,and Sony dropping pre - orders fearing,2025-10-13 21:11:12,2025-10-13 21:11:20,38
8973,Nvidia,Negative,Sony Music pre-orders fearing,2025-10-13 21:11:12,2025-10-13 21:11:20,29
8974,Nvidia,Positive,"Fucking W, Glad a bought a little stock when the new graphics card was announcement :)",2025-10-13 21:11:12,2025-10-13 21:11:20,86
8974,Nvidia,Positive,"Fucking W, I was happy when the new graphics card was announced to have bought a bit of stock:)",2025-10-13 21:11:12,2025-10-13 21:11:20,95
8974,Nvidia,Positive,"Fucking W, Fred a bought a little stock when the new graphic card was announced:)",2025-10-13 21:11:12,2025-10-13 21:11:20,81
8974,Nvidia,Positive,"Fucking W, Glad a bought a little stock when the new graphics card was announcement here",2025-10-13 21:11:12,2025-10-13 21:11:20,88
8974,Nvidia,Positive,"Fucking W, Glad a fan bought a little stock when the new graphics feature card was taking announcement : )",2025-10-13 21:11:12,2025-10-13 21:11:20,106
8974,Nvidia,Positive,"Fucking W, Glad a bought a little bit when all new graphics standard was announcement :)",2025-10-13 21:11:12,2025-10-13 21:11:20,88
8975,Nvidia,Neutral,V-Sync and weird behavior (causing overheating) askubuntu.com/questions/1280…,2025-10-13 21:11:12,2025-10-13 21:11:20,79
8975,Nvidia,Neutral,V-Sync and strange behavior (causes overheating) askubuntu.com / questions / 1280...,2025-10-13 21:11:12,2025-10-13 21:11:20,84
8975,Nvidia,Neutral,V-Sync and weird behavior (causing overheating) askubuntu.com / questions / 1280...,2025-10-13 21:11:12,2025-10-13 21:11:20,83
8975,Nvidia,Neutral,V-Sync and weird lights (causing overheating) twitter.com/questions/1280…,2025-10-13 21:11:12,2025-10-13 21:11:20,73
8975,Nvidia,Neutral,V - 24 Sync bad and weird personal behavior ( thereby causing overheating ) askubuntu. com / questions / topic 1280 …,2025-10-13 21:11:12,2025-10-13 21:11:20,117
8975,Nvidia,Neutral,V-Sync involves teenage behavior (causing problems) at.com/questions/1280...,2025-10-13 21:11:12,2025-10-13 21:11:20,76
8976,Nvidia,Negative,thinking about going to AMD an never looking back.,2025-10-13 21:11:12,2025-10-13 21:11:20,52
8976,Nvidia,Negative,I think about going to AMD and never look back.,2025-10-13 21:11:13,2025-10-13 21:11:20,47
8976,Nvidia,Negative,thinking about going to AMD never looking back.,2025-10-13 21:11:13,2025-10-13 21:11:20,47
8976,Nvidia,Negative,thinking about going into AMD an never looking back.,2025-10-13 21:11:13,2025-10-13 21:11:20,52
8976,Nvidia,Negative,thinking only about just going to AMD an never looking back.,2025-10-13 21:11:13,2025-10-13 21:11:20,60
8976,Nvidia,Negative,thinking I going to AMD an never looking back.,2025-10-13 21:11:13,2025-10-13 21:11:20,46
8977,Nvidia,Neutral,". nvidia.com/en-us/gtc/keyn…. interesting interaction/social activities: braindates, dinner with strangers, ...  and free attendance for universities: reg.rainfocus.com/flow/nvidia/gt…",2025-10-13 21:11:13,2025-10-13 21:11:20,185
8977,Nvidia,Neutral,". nvidia.com / en-us / gtc / keyn.... interesting interaction / social activities: braindates, dinners with strangers,... and free participation for universities: reg.rainfocus.com / flow / nvidia / gt...",2025-10-13 21:11:13,2025-10-13 21:11:20,204
8977,Nvidia,Neutral,". nvidia.com / en-us / freec / keyn.... interesting interaction / social activities: braindates, dinner with Freeders,... and free attendance for universities: reg.rainfocus.com / flow / nvidia /...",2025-10-13 21:11:13,2025-10-13 21:11:20,198
8977,Nvidia,Neutral,". nvidia.com/en-us/gtc/keyn…. Personal interaction/social activities: braindates, dinner amongst strangers, a  and free attendance. universities: link.rainfocus.com/flow/nvidia/gt…",2025-10-13 21:11:13,2025-10-13 21:11:20,180
8977,Nvidia,Neutral,". nvidia. org com / en - us / gtc / keyn …. com interesting interaction / social and activities : casual braindates, family dinner with strangers,... and free attendance fee for universities : in reg. rainfocus. ca com / info flow / at nvidia / gt …",2025-10-13 21:11:13,2025-10-13 21:11:20,249
8977,Nvidia,Neutral,". nvidia.com/en-us/gtc/keyn.... artist life/social life: braindates, interacting with strangers,... art news streaming by free: reg.rainfocus.com/flow/nvidia/gt...",2025-10-13 21:11:13,2025-10-13 21:11:20,163
8978,Nvidia,Neutral,New Nvidia RTX 3080 upgrade just leaked — and it could crush AMD Big Navi supremaa.com/new-nvidia-rtx…,2025-10-13 21:11:13,2025-10-13 21:11:20,102
8978,Nvidia,Neutral,The new Nvidia RTX 3080 upgrade has just leaked - and could destroy AMD's big sat nav supremaa.com / new-nvidia-rtx...,2025-10-13 21:11:13,2025-10-13 21:11:20,118
8978,Nvidia,Neutral,The new Nvidia X 3080 update has just leaked - and it could crush AMD Big Navi supremaa.com / new-nvidia-xx...,2025-10-13 21:11:13,2025-10-13 21:11:20,110
8978,Nvidia,Neutral,New Nvidia RTX 3080 upgrade was leaked away and it could crush gamers Big Navi supremaa.com/new-nvidia-rtx…,2025-10-13 21:11:13,2025-10-13 21:11:20,107
8978,Nvidia,Neutral,New Nvidia 7 RTX 3080 software upgrade just leaked — and it could currently crush AMD X Big Five Navi supremaa. do com / new - from nvidia - rtx …,2025-10-13 21:11:13,2025-10-13 21:11:20,146
8978,Nvidia,Neutral,New Nvidia RTX 5 upgrade arrived recently — and which can crush everything Big Navi supremaa.com/new-nvidia-rtx...,2025-10-13 21:11:13,2025-10-13 21:11:20,114
8979,Nvidia,Neutral,Rumored NVIDIA-ARM acquisition could massively shake up the chip industry dlvr.it/Rc96fX @slideme https://t.co/NT0ki0cHxR,2025-10-13 21:11:13,2025-10-13 21:11:20,121
8979,Nvidia,Neutral,Rumours of a takeover of NVIDIA-ARM could shake up the chip industry dlvr.it / Rc96fX @ slideme https: / / t.co / NT0ki0cHxR,2025-10-13 21:11:13,2025-10-13 21:11:20,124
8979,Nvidia,Neutral,Rumors of an acquisition of NVIDIA-ARM could seriously shake up the chip industry dr.it / Rc96fX @ slideme.,2025-10-13 21:11:13,2025-10-13 21:11:20,107
8979,Nvidia,Neutral,Rumored NVIDIA-ARM acquisition could massively blow up computer chip industry dlvr.it/Rc96fX 6 https://t.co/NT0ki0cHxR],2025-10-13 21:11:13,2025-10-13 21:11:20,119
8979,Nvidia,Neutral,Rumored by NVIDIA - directed ARM memory acquisition could possibly massively help shake back up the neural chip manufacturing industry dlvr. it / Rc96fX @slideme https://t.co/NT0ki0cHxR ],2025-10-13 21:11:13,2025-10-13 21:11:20,187
8979,Nvidia,Neutral,Rumored NVIDIA-ARM 7 might massively boost up the chip of dlvr.it/Rc96fX @slideme Pin],2025-10-13 21:11:13,2025-10-13 21:11:20,86
8980,Nvidia,Negative,Latest Nvidia driver rendered photoshop 2019 unusable on my 144hz display. Photoshop 2020 hasn't worked for multiple drivers now. . . At this point if I can figure out one or two kinks in Clip I'm making a permanent jump. So tired of dealing with adobe.,2025-10-13 21:11:13,2025-10-13 21:11:20,253
8980,Nvidia,Negative,"The latest Nvidia driver has rendered photoshop 2019 unusable on my 144hz screen. Photoshop 2020 has now broken down for several drivers... At this point, if I can find one or two kinks in the clip, I make a permanent jump. So tired of dealing with Adobe.",2025-10-13 21:11:13,2025-10-13 21:11:20,255
8980,Nvidia,Negative,The last Nvidia driver disabled the 2019 flash drive on my 144Hz display.,2025-10-13 21:11:13,2025-10-13 21:11:20,73
8980,Nvidia,Negative,Latest Nvidia driver made photoshop 2019 unusable on my 144hz display. Photoshop basically hasn't worked for multiple drivers now. Lol. At this point perhaps I can figure out one last two kinks in Clip I'm making a permanent jump. So tired of dealing with adobe.,2025-10-13 21:11:13,2025-10-13 21:11:20,262
8980,Nvidia,Negative,Latest Nvidia taxi driver rendered your photoshop website 2019 unusable on my 144hz display. Photoshop 2020 hasn't worked for multiple drivers now... 2013 At this late point if not I can figure out from one day or two the kinks in Clip I'm making a pretty permanent jump. So tired of dealing with adobe.,2025-10-13 21:11:13,2025-10-13 21:11:20,303
8980,Nvidia,Negative,Latest Nvidia driver rendered photoshop 2019 unusable on this gallery display. Photoshop 2020 haven't worked without multiple drivers now... At one point if I can figure out something or two kinks in Clip I'm considering a permanent jump. So on and dealing with adobe.,2025-10-13 21:11:13,2025-10-13 21:11:20,268
8981,Nvidia,Positive,"Andrew Gostine, MD, MBA tells the story of how his startup Whiteboard Coordinator aims to make hospitals more efficient, and during this",2025-10-13 21:11:13,2025-10-13 21:11:20,138
8981,Nvidia,Positive,"Andrew Gostine, MD, MBA tells how his startup whiteboard coordinator wants to make hospitals more efficient, and during that time",2025-10-13 21:11:13,2025-10-13 21:11:20,129
8981,Nvidia,Positive,"Andrew Gostin, M.D., LL.M., talks about how his Whitmarsh Coordinator is trying to make hospitals more efficient, and in the meantime",2025-10-13 21:11:13,2025-10-13 21:11:20,133
8981,Nvidia,Positive,"Andrew Gostine, MD, MBA tells the story of how his startup Whiteboard Coordinator aims to make hospitals very efficient, and does this",2025-10-13 21:11:13,2025-10-13 21:11:20,134
8981,Nvidia,Positive,"Dean Andrew Gostine, MD, MBA Program tells the story of just how his startup Whiteboard Coordinator aims to make modern hospitals even more efficient, and during this",2025-10-13 21:11:13,2025-10-13 21:11:20,166
8981,Nvidia,Positive,"Andrew Gostine, MD, MBA tells the story about how his Health Management Coordinator aims to make hospitals smart efficient, and during this",2025-10-13 21:11:13,2025-10-13 21:11:20,139
8982,Nvidia,Positive,"This is one of craziest feature for @nvidia BROADCAST. . Good point id you dont need a fancy camera anymore. If you are on budget and only can affort a low price camera, you still can get high qualoty tracking and some good background features. Amazing job by @NVIDIAGeForce",2025-10-13 21:11:13,2025-10-13 21:11:20,274
8982,Nvidia,Positive,"This is one of the craziest features for @ nvidia BROADCAST.. Good thing you don't need a fancy camera anymore. If you're on a budget and can only afford an inexpensive camera, you can still get high-quality tracking shots and some good background features.",2025-10-13 21:11:13,2025-10-13 21:11:20,257
8982,Nvidia,Positive,"This is one of the craziest features for @ nvidia BROADCAST.. well, you don't need a fancy camera anymore.",2025-10-13 21:11:13,2025-10-13 21:11:20,106
8982,Nvidia,Positive,"This is one of craziest feature for movie BROADCAST.. Good point id you dont need a new camera anymore. If you are within budget and only can affort a low price camera, you still can get high qualoty tracking and some advanced background features. Nice job of @nvidia",2025-10-13 21:11:13,2025-10-13 21:11:20,267
8982,Nvidia,Positive,"This is one of craziest movie feature for @nvidia BROADCAST.. Good for point view id but you dont need a fancy photo camera crew anymore. If you are on budget and only can an affort a good low for price picture camera, you still can get high qualoty tracking and some good background features. Amazing job by @NVIDIAGeForce",2025-10-13 21:11:13,2025-10-13 21:11:20,323
8982,Nvidia,Positive,"This is one of craziest series for @nvidia BROADCAST.. Good point id<unk> dont need a fancy camera anymore. Where you are a budget and only can affort a low price camera, you already can get super qualoty tracking and super good video photo. Amazing offering by @NVIDIAGeForce",2025-10-13 21:11:13,2025-10-13 21:11:20,276
8983,Nvidia,Neutral,Best Nvidia graphics cards 2020: finding the best GPU for you. googlenewspost.com/2020/09/01/bes….... googlenewspost.com/2020/09/01/bes…,2025-10-13 21:11:13,2025-10-13 21:11:20,136
8983,Nvidia,Neutral,The best Nvidia video cards of 2020: Find the best GPU for you. googlenewspost.com / 2020 / 09 / 01 / bes... googlenewspost.com / 2020 / 09 / 01 / bes...,2025-10-13 21:11:13,2025-10-13 21:11:20,153
8983,Nvidia,Neutral,Best Nvidia graphics cards 2020: finding the best GPU for you. googlenwspost.com / 2020 / 09 / 01 / bes....... googlenwspost.com / 2020 / 09 / 01 / bes...,2025-10-13 21:11:13,2025-10-13 21:11:20,154
8983,Nvidia,Neutral,Best Nvidia gifts of 2020: finding the lowest quality for you. googlenewspost.com/2020/09/01/bes….... googlenewspost.com/2020/09/01/bes…,2025-10-13 21:11:13,2025-10-13 21:11:20,136
8983,Nvidia,Neutral,Best Nvidia 4 graphics cards 2020 : finding the best GPU for you. googlenewspost. de com / 2020 / b 09 / 01 / bes by ….... from googlenewspost. com / year 2020 / a 09 / 03 01 / 01 bes and …,2025-10-13 21:11:13,2025-10-13 21:11:20,189
8983,Nvidia,Neutral,1 SEO Video is Available: discover how best GPU suited you. googlenewspost.com/2020/09/01/bes....... googlenewspost.com/2020/09/01/bes...,2025-10-13 21:11:13,2025-10-13 21:11:20,137
8984,Nvidia,Neutral,Early adopters get arsed once again.. As I've promised the low price tags will come with at a price.. Gigabyte confirms  . Question who needs 16 or 20GB VRAM? If you want to use it some years at 4k makes sense. @WSV_GUY.,2025-10-13 21:11:13,2025-10-13 21:11:20,222
8984,Nvidia,Neutral,"As I promised, the low price tags will come at a price.. Gigabyte confirms this. Question, who needs 16 or 20GB of VRAM? If you want to use it for a few years at 4k, it makes sense. @ WSV _ GUY.",2025-10-13 21:11:13,2025-10-13 21:11:20,194
8984,Nvidia,Neutral,"Early adopters are angry once again.. As I promised, the low price tag will come with the price.. wait for confirmation. Who needs 16 or 20 GB VM? If you want to use it for a few years at 4k price makes sense. @ W _ GUY.",2025-10-13 21:11:13,2025-10-13 21:11:20,220
8984,Nvidia,Neutral,Early adopters get upgraded once again.. As previously promised the low price tags will come with at fair price.. Gigabyte confirms . Question who needs 16 or 25 VRAM? If I want to use it some years at 4k makes sense. @WSV_GUY.,2025-10-13 21:11:13,2025-10-13 21:11:20,227
8984,Nvidia,Neutral,Early adopters get arsed once again.. by As I've promised that the low price older tags will come off with at good a price.. which Gigabyte confirms. Question who needs 16 GB or 20GB a VRAM? If you want to use... it some years at 4k a makes sense. @WSV_GUY.,2025-10-13 21:11:13,2025-10-13 21:11:20,257
8984,Nvidia,Neutral,those adopters got arsed once again.. As usual've mentioned the low price the will come with at a price.. Gigabyte confirms. Question who needs 16 or 20GB VRAM? If that try to take it some years at what makes sense. @WSV_GUY.,2025-10-13 21:11:13,2025-10-13 21:11:20,225
8985,Nvidia,Neutral,@VikramKalabi This is a more reasonable trajectory for PAM4 in NVIDIA’s lineup.,2025-10-13 21:11:13,2025-10-13 21:11:20,79
8985,Nvidia,Neutral,@ VikramKalabi This is a more sensible course for PAM4 in the lineup of NVIDIA.,2025-10-13 21:11:13,2025-10-13 21:11:20,79
8985,Nvidia,Neutral,@ VixmKalabi This is a more sensible trajectory for PAM4 in NVIDIA.,2025-10-13 21:11:13,2025-10-13 21:11:20,67
8985,Nvidia,Neutral,@VikramKalabi This is our more reasonable trajectory for PAM4 in NVIDIA’s opinion.,2025-10-13 21:11:13,2025-10-13 21:11:20,82
8985,Nvidia,Neutral,@VikramKalabi This is a much more reasonable trajectory for an PAM4 used in NVIDIA V ’ s lineup.,2025-10-13 21:11:13,2025-10-13 21:11:20,96
8985,Nvidia,Neutral,@VikramKalabi This is a more recent trajectory by PAM4 into NVIDIA’s lineup.,2025-10-13 21:11:13,2025-10-13 21:11:20,76
8986,Nvidia,Negative,Hot take...@nvidia could have made resales of there items illegal for 60days after launch thus killing the market for scalpers. @JayzTwoCents thoughts?,2025-10-13 21:11:13,2025-10-13 21:11:20,151
8986,Nvidia,Negative,"Hot take... @ nvidia could have made the resale of these items illegal for 60 days after launch, destroying the market for scalpers. @ JayzTwoCents thoughts?",2025-10-13 21:11:13,2025-10-13 21:11:20,157
8986,Nvidia,Negative,"Hot take... @ nvidia could make reselling items there illegal within 60 days of launch, thereby killing the market for fraudsters. @ JayzTwoCents thought?",2025-10-13 21:11:13,2025-10-13 21:11:20,154
8986,Nvidia,Negative,Hot take...@nvidia may have made some of there items illegal for 60days after launch thus creating the market for scalpers. @JayzTwoCents thoughts?,2025-10-13 21:11:13,2025-10-13 21:11:20,147
8986,Nvidia,Negative,Hot in take... If @nvidia could simply have made resales some of there items illegal for 60days after launch thus effectively killing the market for scalpers. Is @JayzTwoCents our thoughts?,2025-10-13 21:11:13,2025-10-13 21:11:20,189
8986,Nvidia,Negative,Hot take...@nvidia could use making resales of certain items illegal for time after launch thus killing the market for scalpers. Some thoughts?,2025-10-13 21:11:13,2025-10-13 21:11:20,143
8987,Nvidia,Positive,@MsVixen nVidia RTX voice has amazing noise reduction capabilities with artificial intelligence! There's nothing to configure it just uses AI to learn and be awesome. youtu.be/Q-mETIjcIV0,2025-10-13 21:11:13,2025-10-13 21:11:20,187
8987,Nvidia,Positive,"@ MsVixen nVidia RTX voice has amazing noise reduction capabilities with artificial intelligence! There's nothing to configure, it just uses AI to learn and be awesome. youtu.be / Q-mETIjcIV0",2025-10-13 21:11:13,2025-10-13 21:11:20,191
8987,Nvidia,Positive,The voice of @ MsVivnVidia X has amazing AI noise reduction capabilities!,2025-10-13 21:11:13,2025-10-13 21:11:20,73
8987,Nvidia,Positive,@MsVixen nVidia RTX voice enabled amazing noise reduction capabilities with raw intelligence! There's room to configure it just for AI to learn and be awesome. youtu.be/Q-mETIjcIV0,2025-10-13 21:11:13,2025-10-13 21:11:20,180
8987,Nvidia,Positive,For @MsVixen nVidia RTX a voice has an amazing noise reduction capabilities combine with artificial intelligence! There's nothing more to configure on it... just uses computer AI to learn and be awesome. youtu. by be / m Q - mETIjcIV0,2025-10-13 21:11:13,2025-10-13 21:11:20,234
8987,Nvidia,Positive,@MsVixen nVidia audio voice has amazing noise reduction capabilities using artificial intelligence! There's nothing to doing it just uses voice to learn and be useful. Read.be/Q-mETIjcIV0,2025-10-13 21:11:13,2025-10-13 21:11:20,187
8988,Nvidia,Neutral,Leaked specification of the upcoming 3070 RTX from Nvidia . .  .  vistabuzz.com/leaked-specifi…,2025-10-13 21:11:13,2025-10-13 21:11:20,95
8988,Nvidia,Neutral,Leaked specification of the upcoming 3070 RTX from Nvidia... vistabuzz.com / leaked-specifi...,2025-10-13 21:11:13,2025-10-13 21:11:20,94
8988,Nvidia,Neutral,Technical specifications for the upcoming 3070 X from Nvidia... vistabuzz.com / leaked-specifi...,2025-10-13 21:11:13,2025-10-13 21:11:20,97
8988,Nvidia,Neutral,Leaked specification on the upcoming 3070 RTX from Nvidia?. .  vistabuzz.com/leaked-specifi…,2025-10-13 21:11:13,2025-10-13 21:11:20,92
8988,Nvidia,Neutral,Leaked specification info of manufacture the 2nd upcoming Fiat 3070 RTX from Nvidia... vistabuzz. dot com / leaked - specifi... …,2025-10-13 21:11:13,2025-10-13 21:11:20,129
8988,Nvidia,Neutral,Leaked description of Microsoft upcoming Compact RTX to Microsoft... vistabuzz.com/leaked-specifi...,2025-10-13 21:11:13,2025-10-13 21:11:20,100
8989,Nvidia,Negative,How is Nvidia going to react to have their name plastered on chips that are slow and underpowered?,2025-10-13 21:11:13,2025-10-13 21:11:20,98
8989,Nvidia,Negative,How will Nvidia react to having its name plastered on chips that are slow and underpowered?,2025-10-13 21:11:13,2025-10-13 21:11:20,91
8989,Nvidia,Negative,How is Nvidia going to respond to the fact that its name will be associated with chips that are slow and not powerful enough?,2025-10-13 21:11:13,2025-10-13 21:11:20,125
8989,Nvidia,Negative,How is Nvidia going to react to have it name plastered on chips that are slow & underpowered?,2025-10-13 21:11:13,2025-10-13 21:11:20,93
8989,Nvidia,Negative,How easy is your Nvidia going to react best to have even their name plastered on chips that are slow and underpowered?,2025-10-13 21:11:13,2025-10-13 21:11:20,118
8989,Nvidia,Negative,earth were Apple going to react to have their name plastered on chips that are slow and underpowered?,2025-10-13 21:11:13,2025-10-13 21:11:20,101
8990,Nvidia,Neutral,Increased Performance Requires the Right Data. jimsinur.blogspot.com/2020/08/increa…. . @TIBCO @Genpact @SoftwareAG @IBM_BPM @pega  @SAP @ibmsystems @Appian @bonitasoft @PNMsoft @Kofax @Nintex @SAP_BPM @Cisco @Google @nvidia @Axway @intel @AuraPortal @Microsoft @RedHat @redhatopen @oracle @bizagi https://t.co/wyio7yedfV,2025-10-13 21:11:13,2025-10-13 21:11:20,321
8990,Nvidia,Neutral,Increased performance requires the right data. jimsinur.blogspot.com / 2020 / 08 / increa..... @ TIBCO @ Genpact @ SoftwareAG @ IBM _ BPM @ pega @ SAP @ ibmsystems @ Appian @ bonitasoft @ PNMsoft @ Kofax @ Nintex @ SAP _ BPM @ Cisco @ Google @ nvidia @ Axway @ intel @ AuraPortal @ Microsoft @ RedHat @ redhatopen @ oracle @ bizagi https: / / t.co / wyio7yedfV,2025-10-13 21:11:13,2025-10-13 21:11:20,360
8990,Nvidia,Neutral,Increased Performance Requires the Right Jimsinur.blogspot.com / 2020 / 08 / increa..... @ TIBCO @ Genpact @ IBM _ BPM @ pega @ SAP @ ibmsystems @ Appian @ bonitasoft @ Kofax @ Nintex @ SAP _ BPM @ Cisco @ Google @ nvidia @ Axway @ intel @ Aura @ Microsoft @ Redhatopen @ oracle @ bizagi,2025-10-13 21:11:13,2025-10-13 21:11:20,287
8990,Nvidia,Neutral,Increased Performance to the Right Data. jimsinur.blogspot.com/2020/08/increa….. ## @TIBCO @Genpact @SoftwareAG @IBM_BPM  @pega<unk> ( @SAP @ibmsystems @Appian......<unk> @bonitasoft @PNMsoft @Kofax... # @Nintex @SAP_BPM @Cisco @Google R https://t.co/wyio7yedfV],2025-10-13 21:11:13,2025-10-13 21:11:20,262
8990,Nvidia,Neutral,Increased Performance Security Requires the Right Behind Data. jimsinur. at blogspot. com / 2020 / December 08 / increa and ….. @TIBCO @Genpact @SoftwareAG @IBM_BPM @pega @SAP @ibmsystems @Appian @bonitasoft @PNMsoft → @Kofax R @Nintex @SAP_BPM @Cisco @Google @nvidia @Axway and @intel @AuraPortal To @Microsoft @RedHat → @redhatopen @oracle @bizagi https://t.co/wyio7yedfV ],2025-10-13 21:11:13,2025-10-13 21:11:20,375
8990,Nvidia,Neutral,Data Coverage Requires Having Right Data. jimsinur.blogspot.com/2020/08/increa..... http @TIBCO @Genpact @SoftwareAG @IBM_BPM @pega @SAP @ibmsystems @Appian to @bonitasoft @PNMsoft @Kofax @Nintex @SAP_BPM @Cisco www HERE is @Google @nvidia for @Axway at https://t.co/wyio7yedfV],2025-10-13 21:11:13,2025-10-13 21:11:20,278
8991,Nvidia,Positive,"Really excited to see the impact of this partnership! As a Gator, it’s really great to see @UF pushing to drive innovation that’ll transform how AI influences our lives. @nvidia is exactly the right partner to make this happen. cc @GHideas",2025-10-13 21:11:13,2025-10-13 21:11:20,239
8991,Nvidia,Positive,"As a gator, it's really great to see @ UF driving innovations that are changing the way AI affects our lives. @ nvidia is just the right partner to make this happen.",2025-10-13 21:11:13,2025-10-13 21:11:20,165
8991,Nvidia,Positive,"As a Gator, it's really great to see @ UF promoting innovations that will change the way AI affects our lives. @ nvidia is exactly the partner that will make this possible. cc @ GHideas",2025-10-13 21:11:13,2025-10-13 21:11:20,185
8991,Nvidia,Positive,"Really excited to see the impact of this partnership! As a Gator, it’s really impressive to see @UF pushing to drive innovation that’ll transform how AI influences our lives. @nvidia possesses exactly this right team to make this happen. Support @GHideas",2025-10-13 21:11:13,2025-10-13 21:11:20,254
8991,Nvidia,Positive,"... Really excited to see the impact of this exciting partnership! As is a creative Gator, it ’ s really great to see @UF pushing to drive global innovation that eventually ’ ll transform us how AI influences our lives. @nvidia is exactly the next right partner to make this happen. · cc x @GHideas",2025-10-13 21:11:13,2025-10-13 21:11:20,298
8991,Nvidia,Positive,"Really excited to see the impact for this launch! Like a Gator, it’s really great to see @UF pushing to drive innovation to transform how AI affects their lives. @nvidia made absolutely the right partner to make this happen. cc x",2025-10-13 21:11:13,2025-10-13 21:11:20,229
8992,Nvidia,Negative,Like its so retarded bro i missed out on GOD CLIPS Fncs and This cc bc Nvidia is j broken does anybody know how to fix it,2025-10-13 21:11:13,2025-10-13 21:11:20,121
8992,Nvidia,Negative,Like his so delayed Bro I missed GOD CLIPS Fncs and this cc bc Nvidia is broken someone knows how to fix it,2025-10-13 21:11:13,2025-10-13 21:11:20,107
8992,Nvidia,Negative,Like its so retarded bro i missed out on GOD CLIPS FnB and This cc bc Nvidia is j broken do anyone know how to fix it,2025-10-13 21:11:13,2025-10-13 21:11:20,117
8992,Nvidia,Negative,Like its so retarded bro i missed out on GOD CLIPS Fncs and This cc bc Nvidia is j broken does anybody know where I fix it,2025-10-13 21:11:13,2025-10-13 21:11:20,122
8992,Nvidia,Negative,Like its ever so retarded bro all i missed out much on this GOD CLIPS Fncs and This cc bc Nvidia is j broken How does anybody even know how to properly fix it,2025-10-13 21:11:13,2025-10-13 21:11:20,158
8992,Nvidia,Negative,Like its up retarded bro i missed out on GOD CLIPS awesome and This cc bc Nvidia port j broken does people like how I fix it,2025-10-13 21:11:13,2025-10-13 21:11:20,124
8993,Nvidia,Neutral,nan,2025-10-13 21:11:13,2025-10-13 21:11:20,3
8993,Nvidia,Neutral,It is not the first time that the EU Commission has taken such a step.,2025-10-13 21:11:13,2025-10-13 21:11:20,70
8993,Nvidia,Neutral,"At the same time, despite the fact that there are currently some 100 million people living below the poverty line, most of them do not have access to health services and do not have access to health care, while most of them do not have access to health care.",2025-10-13 21:11:13,2025-10-13 21:11:20,258
8993,Nvidia,Neutral,nan,2025-10-13 21:11:13,2025-10-13 21:11:20,3
8993,Nvidia,Neutral,nan,2025-10-13 21:11:13,2025-10-13 21:11:20,3
8993,Nvidia,Neutral,nan,2025-10-13 21:11:13,2025-10-13 21:11:20,3
8995,Nvidia,Positive,Aw man this is so awesome! This makes me want to build a pc so bad and really push the limit,2025-10-13 21:11:13,2025-10-13 21:11:20,92
8995,Nvidia,Positive,"Oh man, this is so awesome! It makes me want to build a PC so badly and really push the limits.",2025-10-13 21:11:13,2025-10-13 21:11:20,95
8995,Nvidia,Positive,Aw man this is so awesome! This makes me want to build a pc so bad and really push the limit,2025-10-13 21:11:13,2025-10-13 21:11:20,92
8995,Nvidia,Positive,Aw man this is so awesome! This makes me wanna to build a pc so bad and really push its limit,2025-10-13 21:11:13,2025-10-13 21:11:20,93
8995,Nvidia,Positive,Shit Aw man this thing is so awesome! This makes me not want to always build a pc so bad and really push the limit,2025-10-13 21:11:13,2025-10-13 21:11:20,114
8995,Nvidia,Positive,Aw man this is so awesome! This makes me want he build a pc so bad and fucking push his limit,2025-10-13 21:11:13,2025-10-13 21:11:20,93
8996,Nvidia,Positive,3080.....she's beautiful,2025-10-13 21:11:13,2025-10-13 21:11:20,26
8996,Nvidia,Positive,3080..... she is beautiful,2025-10-13 21:11:13,2025-10-13 21:11:20,26
8996,Nvidia,Positive,3080..... she's beautiful,2025-10-13 21:11:13,2025-10-13 21:11:20,25
8996,Nvidia,Positive,3080.....she's there,2025-10-13 21:11:13,2025-10-13 21:11:20,20
8996,Nvidia,Positive,No 3080..... and she's beautiful,2025-10-13 21:11:13,2025-10-13 21:11:20,32
8996,Nvidia,Positive,3080.....she's just,2025-10-13 21:11:13,2025-10-13 21:11:20,19
8997,Nvidia,Negative,"@NVIDIAGeForce why in the NAME OF GOD did your website try taking me to the European site? And why tf did the \"purchase\" button not even exist until it was already out of stock? pic.twitter.com/nezc1yUQkf",2025-10-13 21:11:13,2025-10-13 21:11:20,204
8997,Nvidia,Negative,"@ NVIDIAGeForce, why in the name of God did your website try to get me to the European site? And why didn't the \"buy\" button even exist until it was out of print? pic.twitter.com / nezc1yUQkf",2025-10-13 21:11:13,2025-10-13 21:11:20,191
8997,Nvidia,Negative,"@ NVIDIAGeForce why in the NAME OF GOD did your site try to take me to a European site? And why didn't the \"buy\" button even exist until it was in stock? pic.fakty.com / nezc1yUQkf",2025-10-13 21:11:13,2025-10-13 21:11:20,180
8997,Nvidia,Negative,"RhandlerR why in the NAME OF GOD did your website try taking me to the European site? And why tf did the \"purchase\" button not even exist until it was already out of stock? pic.twitter.com/nezc1yUQkf",2025-10-13 21:11:13,2025-10-13 21:11:20,199
8997,Nvidia,Negative,"Source RhandlerR why in the NAME OF GOD did your website try taking me to the European site? And why tf did the \"purchase\" button not even exist until it was already out of stock? pic.twitter.com/nezc1yUQkf",2025-10-13 21:11:13,2025-10-13 21:11:20,206
8997,Nvidia,Negative,It,2025-10-13 21:11:13,2025-10-13 21:11:20,2
8998,Nvidia,Irrelevant,"This is really interesting for indie RPGs with character portraits for NPCs. A game like The Age of Decadence has dozens of custom portraits, and those cost at least 150 dollars each, likely twice that, so it's a big price to pay for small teams.",2025-10-13 21:11:13,2025-10-13 21:11:20,246
8998,Nvidia,Irrelevant,"This is really interesting for indie role-playing games with character portraits for NPCs. A game like The Age of Decadence has dozens of custom portraits, each costing at least $150, probably twice as much, so it's a high price for small teams.",2025-10-13 21:11:13,2025-10-13 21:11:20,245
8998,Nvidia,Irrelevant,"It's really interesting for an indie-RPG with character portraits for NX. In a game like The Age of Decadence, there are dozens of graceful portraits, and each one costs at least $150, probably twice as much, so that's a big price to pay for small teams.",2025-10-13 21:11:13,2025-10-13 21:11:20,254
8998,Nvidia,Irrelevant,"This is really interesting for indie RPGs with character portraits for particular. A game like The Age of Decadence offers dozens of custom portraits, all those cost at least 150 dollars each, likely twice that, so clearly a big price to pay for drawing teams.",2025-10-13 21:11:13,2025-10-13 21:11:20,260
8998,Nvidia,Irrelevant,"This game is really interesting for indie RPGs with character ego portraits for NPCs. A game like The Age of Modern Decadence has dozens of custom role portraits, and those cost at least 150 thousand dollars dollars each, very likely twice each that, so it'S s a big asking price to pay for small teams.",2025-10-13 21:11:13,2025-10-13 21:11:20,303
8998,Nvidia,Irrelevant,"This is also interesting for smaller RPGs with character portraits for NPCs. A game like The Age of Avalon has dozens of the portraits, and those cost at least 150 dollars each, likely twice over, then something's a big price to pay within small teams.",2025-10-13 21:11:13,2025-10-13 21:11:20,252
8999,Nvidia,Irrelevant,i really regret buying a motherboard from MSI after the shady shit they've pulled recently,2025-10-13 21:11:13,2025-10-13 21:11:20,90
8999,Nvidia,Irrelevant,I really regret having bought a motherboard from MSI after the dodgy shit they pulled recently,2025-10-13 21:11:13,2025-10-13 21:11:20,94
8999,Nvidia,Irrelevant,i really regret buying a motherboard from MSI after the shady shit they've pulled recently,2025-10-13 21:11:13,2025-10-13 21:11:20,90
8999,Nvidia,Irrelevant,i really regret buying a motherboard from Samsung after the shady shit they've pulled recently,2025-10-13 21:11:13,2025-10-13 21:11:20,94
8999,Nvidia,Irrelevant,i really regret finally buying a small motherboard from MSI after the shady enough shit they've already pulled recently,2025-10-13 21:11:13,2025-10-13 21:11:20,119
8999,Nvidia,Irrelevant,i really suggest buying this motherboard from MSI after the shady practices they've pulled recently,2025-10-13 21:11:13,2025-10-13 21:11:20,99
9000,Nvidia,Neutral,"Nvidia exposed to negative pressure - Analysis - 29-10-2020: Nvidia's stock fell 5.75% in the last session, breaching the main downward medium-term trendline, ... dlvr.it/Rkb6Hm",2025-10-13 21:11:13,2025-10-13 21:11:20,177
9000,Nvidia,Neutral,"Nvidia under negative pressure - Analysis - 29-10-2020: Shares of Nvidia fell 5.75% in the last session, breaking the main medium-term downward trend,... dlvr.it / Rkb6Hm",2025-10-13 21:11:13,2025-10-13 21:11:20,170
9000,Nvidia,Neutral,"Nvidia under negative pressure - Analytics - 29-10-2020: Nvidia shares fell by 5.75% over the last session, breaking the main downward medium-term trend,... dbr.it / Rkb6Hm",2025-10-13 21:11:13,2025-10-13 21:11:20,172
9000,Nvidia,Neutral,"Nvidia exposed to buying pressure - snapshot - 29-10-2020: Nvidia's stock fell 5.75% during the last session, disturbing the main downward medium-term trendline, per dlvr.it/Rkb6Hm",2025-10-13 21:11:13,2025-10-13 21:11:20,180
9000,Nvidia,Neutral,"See Nvidia exposed to very negative industry pressure - Analysis - April 29 - Oct 10 - 2020 : Nvidia's company stock fell 5. 75 % in the last session, breaching the main downward from medium - low term share trendline,... dlvr. it / 1 Rkb6Hm",2025-10-13 21:11:13,2025-10-13 21:11:20,241
9000,Nvidia,Neutral,"player exposed against negative pressure - Analysis - 29-10-2020: Nvidia's performance plunged 5.75% over recent afternoon session, with her main downward medium-term trendline,... dlvr.it/Rkb6Hm",2025-10-13 21:11:13,2025-10-13 21:11:20,195
9001,Nvidia,Neutral,This shit so sexy,2025-10-13 21:11:13,2025-10-13 21:11:20,17
9001,Nvidia,Neutral,This shit is so sexy,2025-10-13 21:11:13,2025-10-13 21:11:20,20
9001,Nvidia,Neutral,This shit is so sexy,2025-10-13 21:11:13,2025-10-13 21:11:20,20
9001,Nvidia,Neutral,This shit looks sexy,2025-10-13 21:11:13,2025-10-13 21:11:20,20
9001,Nvidia,Neutral,This shit hurts so sexy,2025-10-13 21:11:13,2025-10-13 21:11:20,23
9001,Nvidia,Neutral,This look so sexy,2025-10-13 21:11:13,2025-10-13 21:11:20,17
9002,Nvidia,Positive,can't wait for my favourite company to buy another company and endanger a bunch of duplicate jobs,2025-10-13 21:11:13,2025-10-13 21:11:20,97
9002,Nvidia,Positive,Can't wait for my favourite company to buy another company and put a series of duplicate jobs at risk,2025-10-13 21:11:13,2025-10-13 21:11:20,101
9002,Nvidia,Positive,Can't wait for my beloved company to buy another company and put a bunch of stupid jobs at risk,2025-10-13 21:11:13,2025-10-13 21:11:20,95
9002,Nvidia,Positive,can't wait for my favourite company to buy another company and endanger a bunch thousand duplicate jobs,2025-10-13 21:11:13,2025-10-13 21:11:20,103
9002,Nvidia,Positive,can't wait for my favourite company to buy another lucrative company and all endanger a nice bunch of corporate duplicate jobs,2025-10-13 21:11:13,2025-10-13 21:11:20,126
9002,Nvidia,Positive,can't wait for my favourite company to buy out company and endanger a bunch of duplicate clone,2025-10-13 21:11:13,2025-10-13 21:11:20,94
9003,Nvidia,Positive,Woah,2025-10-13 21:11:13,2025-10-13 21:11:20,4
9003,Nvidia,Positive,Woah!,2025-10-13 21:11:13,2025-10-13 21:11:20,5
9003,Nvidia,Positive,Woah,2025-10-13 21:11:13,2025-10-13 21:11:20,4
9003,Nvidia,Positive,Woah,2025-10-13 21:11:13,2025-10-13 21:11:20,4
9003,Nvidia,Positive,The Woah,2025-10-13 21:11:13,2025-10-13 21:11:20,8
9003,Nvidia,Positive,at,2025-10-13 21:11:13,2025-10-13 21:11:20,2
9004,Nvidia,Neutral,My good friend @MrBadBit and I won a pair of super limited,2025-10-13 21:11:13,2025-10-13 21:11:20,60
9004,Nvidia,Neutral,My good friend @ MrBadBit and I have won a pair of Super Limited,2025-10-13 21:11:13,2025-10-13 21:11:20,64
9004,Nvidia,Neutral,My good friend @ MrBadBit and I won a couple of super limited,2025-10-13 21:11:13,2025-10-13 21:11:20,61
9004,Nvidia,Neutral,My good friend @MrBadBit and I found a pair of super limited,2025-10-13 21:11:13,2025-10-13 21:11:20,60
9004,Nvidia,Neutral,My extremely good friend Joe @MrBadBit and I won a pair all of super limited,2025-10-13 21:11:13,2025-10-13 21:11:20,76
9004,Nvidia,Neutral,My good friend @MrBadBit and I made this pair of super limited,2025-10-13 21:11:13,2025-10-13 21:11:20,62
9005,Nvidia,Negative,This shit boutta make me build a PC,2025-10-13 21:11:13,2025-10-13 21:11:20,35
9005,Nvidia,Negative,This shit boutta makes me build a PC,2025-10-13 21:11:13,2025-10-13 21:11:20,36
9005,Nvidia,Negative,This shit will make me build a PC,2025-10-13 21:11:13,2025-10-13 21:11:20,33
9005,Nvidia,Negative,This shit boutta make me build my PC,2025-10-13 21:11:13,2025-10-13 21:11:20,36
9005,Nvidia,Negative,This shit boutta make me just build a PC,2025-10-13 21:11:13,2025-10-13 21:11:20,40
9005,Nvidia,Negative,This shit boutta make me build something PC,2025-10-13 21:11:13,2025-10-13 21:11:20,43
9006,Nvidia,Neutral,Those of you that play CS:GO and having stutters there was a beta patch just released that seems to of fixed the issue. If you're on nvidia and you're having stuttering I highly suggest opting into this beta. Right click CSGO -> Properties -> Betas -> nvidia_stutter_fix. Have fun pic.twitter.com/WQfKa0LMXY,2025-10-13 21:11:13,2025-10-13 21:11:20,307
9006,Nvidia,Neutral,"Those of you who play and stutter CS: GO have just released a beta patch that seems to fix the problem. If you're on nvidia and stuttering, I strongly recommend choosing this beta. Right click on CSGO - > Features - > Betas - > nvidia _ stutter _ fix. Have fun pic.twitter.com / WQfKa0LMXY",2025-10-13 21:11:13,2025-10-13 21:11:20,289
9006,Nvidia,Neutral,Those of you who play CS: GO and stutter have just released a beta patch that seems to have solved the problem.,2025-10-13 21:11:13,2025-10-13 21:11:20,111
9006,Nvidia,Neutral,Those of you that play CS:GO and having stutters there was a beta patch just released that seems to of fixed the issue. If you're on nvidia and you're having stuttering I highly suggest opting into this beta. Right click CSGO -> Properties -> Betas -> nvidia_stutter_fix. Have fun pic.twitter.com/WQfKa0LMXY,2025-10-13 21:11:13,2025-10-13 21:11:20,307
9006,Nvidia,Neutral,2009 Those of you that play CS:GO and having stutters there was a beta patch just released that seems to of fixed the issue. If you're on nvidia and you're having stuttering I highly suggest opting into this beta. Right click CSGO -> Properties -> Betas -> nvidia_stutter_fix. Have fun pic.twitter.com/WQfKa0LMXY,2025-10-13 21:11:13,2025-10-13 21:11:20,312
9006,Nvidia,Neutral,had,2025-10-13 21:11:13,2025-10-13 21:11:20,3
9007,Nvidia,Positive,Holy shit NVIDIA is killing it,2025-10-13 21:11:13,2025-10-13 21:11:20,30
9007,Nvidia,Positive,Holy shit NVIDIA kills them,2025-10-13 21:11:13,2025-10-13 21:11:20,27
9007,Nvidia,Positive,Holy crap is killing him,2025-10-13 21:11:13,2025-10-13 21:11:20,24
9007,Nvidia,Positive,Holy shit NVIDIA is after it,2025-10-13 21:11:13,2025-10-13 21:11:20,28
9007,Nvidia,Positive,Holy Jesus shit NVIDIA is killing it,2025-10-13 21:11:13,2025-10-13 21:11:20,36
9007,Nvidia,Positive,is shit NVIDIA is killing it,2025-10-13 21:11:13,2025-10-13 21:11:20,28
9008,Nvidia,Neutral,Nvidia GTX RTX 3080 Leaked – Twice the Hashrate of an RTX 2080 at the Same Price CRYPTO CRYPTO NEWS - cryptocryptonews.com/nvidia-gtx-rtx…,2025-10-13 21:11:13,2025-10-13 21:11:20,138
9008,Nvidia,Neutral,Nvidia GTX RTX 3080 Leaked - Double the hash rate of an RTX 2080 at the same price CRYPTO CRYPTO NEWS - cryptocryptonews.com / nvidia-gtx-rtx...,2025-10-13 21:11:13,2025-10-13 21:11:20,144
9008,Nvidia,Neutral,Nvidia X 3080 Leaked - harbinger of XX 2080 at the same price CRYPTO NEWS - cryptocryptonews.com / nvidia-x-x-x...,2025-10-13 21:11:13,2025-10-13 21:11:20,114
9008,Nvidia,Neutral,Nvidia GTX RTX Ultra Premium – Twice the Hashrate of an RTX 2080 at the Same Price CRYPTO Report Alert - cryptocryptonews.com/nvidia-gtx-rtx…,2025-10-13 21:11:13,2025-10-13 21:11:20,141
9008,Nvidia,Neutral,Nvidia the GTX becomes RTX 3080 on Leaked by – Twice along the Hashrate of when an initial RTX is 2080 at Once the Same Price CRYPTO CRYPTO NEWS - cryptocryptonews. com / nvidia - by gtx - rtx …,2025-10-13 21:11:13,2025-10-13 21:11:20,194
9008,Nvidia,Neutral,Nvidia GTX RTX Xbox Expert – Will the Hashrate of an Xbox Still at the Fast Rate NEW AMERICA NEWS - cryptocryptonews.com/nvidia-gtx-rtx...,2025-10-13 21:11:13,2025-10-13 21:11:20,138
9009,Nvidia,Neutral,NVIDIA's massive A100 GPU isn't for you dlvr.it/RWfFBM https://t.co/gJQ5a5TNJV,2025-10-13 21:11:13,2025-10-13 21:11:20,78
9009,Nvidia,Neutral,NVIDIA's massive A100 GPU is not for you dlvr.it / RWfFBM https: / / t.co / gJQ5a5TNJV,2025-10-13 21:11:13,2025-10-13 21:11:20,86
9009,Nvidia,Neutral,NVIDIA's massive A100 GPU is not for you dfr.it / RWfFBM https: / / co / gJQ5a5TNJV,2025-10-13 21:11:13,2025-10-13 21:11:20,83
9009,Nvidia,Neutral,NVIDIA's massive A100 setup here for you dlvr.it/RWfFBM https://t.co/gJQ5a5TNJV],2025-10-13 21:11:13,2025-10-13 21:11:20,80
9009,Nvidia,Neutral,NVIDIA's massive internal A100 CPU GPU core isn't for anyone you dlvr. Leave it / RWfFBM x https://t.co/gJQ5a5TNJV ],2025-10-13 21:11:13,2025-10-13 21:11:20,116
9009,Nvidia,Neutral,NVIDIA's massive share price isn't for every dlvr.it/RWfFBM here],2025-10-13 21:11:13,2025-10-13 21:11:20,65
9010,Nvidia,Neutral,Me: *installs new NVIDIA driver on Windows machine*. Me: *wants to get mad at how many steps it takes*. Me: *remembers how much worse this gets in a virtual Linux environment*. Me: *cheerfully does this in Windows and gets on with life*,2025-10-13 21:11:13,2025-10-13 21:11:20,236
9010,Nvidia,Neutral,Me: * installs new NVIDIA driver on Windows machines *. Me: * wants to get angry about how many steps are needed *. Me: * remembers how much worse it gets in a virtual Linux environment *. Me: * does this happily on Windows and gets on with life *,2025-10-13 21:11:13,2025-10-13 21:11:20,247
9010,Nvidia,Neutral,Me: * installs new NVIDIA driver on Windows machine *. Me: * wants to get mad at how many steps it takes *. Me: * members how much worse this gets in a virtual Linux environment *. Me: * kindly does this in Windows and gets on with life *,2025-10-13 21:11:13,2025-10-13 21:11:20,238
9010,Nvidia,Neutral,Me: *installs my NVIDIA driver across virtual machine*. Me: *wants to get mad at how many steps it takes*. Him: *remembers how much worse that gets in a virtual Linux environment*. Me: *cheerfully does this in Windows and walks on with life*,2025-10-13 21:11:13,2025-10-13 21:11:20,241
9010,Nvidia,Neutral,... Me : * installs new NVIDIA driver on Windows virtual machine *. Me : * Also wants him to deliberately get me mad at every how many steps in it already takes *. Me : * then remembers how much worse this gets in a virtual Linux environment *. Me : * cheerfully does this in Windows and gets on with life *,2025-10-13 21:11:13,2025-10-13 21:11:20,307
9010,Nvidia,Neutral,time: *installs new NVIDIA driver on Windows machine*. Me: *wants to get mad at how six weeks it takes*. Me: *remembers how vastly worse this gets in a virtual office environment*. Me: *cheerfully removed everything in Windows and got good with life*,2025-10-13 21:11:13,2025-10-13 21:11:20,250
9011,Nvidia,Negative,"I'm terribly sry m not able to go live right now, I hope u all understand, I was up all night trying to fix SC, I had to reinstall windows, and nvidia plus the whole game from scratch",2025-10-13 21:11:13,2025-10-13 21:11:20,183
9011,Nvidia,Negative,"m terrible sry m not able to go live at the moment, i hope u all understand i was up all night trying to fix SC, i had to reinstall windows, and nvidia plus the whole game from scratch",2025-10-13 21:11:13,2025-10-13 21:11:20,184
9011,Nvidia,Negative,"I'm terribly sry m not able to go live right now, I hope u all understand, I was up all night trying to fix SC, I had to reinstall windows, and nvidia plus the whole game from scratch",2025-10-13 21:11:13,2025-10-13 21:11:20,183
9011,Nvidia,Negative,"I'm really sry ly not able to go live right now, I hope u all understand, I was up all late trying to fix SC, I had to reinstall windows, and nvidia plus the whole thing from scratch",2025-10-13 21:11:13,2025-10-13 21:11:20,182
9011,Nvidia,Negative,"I'm so terribly sry m not I able even to go and live right now, I sure hope u all understand, what I was beating up all night trying desperately to crash fix SC, I had to reinstall windows, and nvidia plus the whole game from scratch",2025-10-13 21:11:13,2025-10-13 21:11:20,233
9011,Nvidia,Negative,"I'm and sry m not able to make live right up, I hope u all fine, this was spent all night trying to fix SC, I had to reinstall windows, and nvidia plus the whole game from one",2025-10-13 21:11:13,2025-10-13 21:11:20,175
9013,Nvidia,Neutral,NVIDIA GeForce NOW Formally Launches Its Cloud Gaming PC Service And It Looks Good dlvr.it/RQZKKN,2025-10-13 21:11:13,2025-10-13 21:11:20,97
9013,Nvidia,Neutral,NVIDIA GeForce now formally launches its Cloud Gaming PC service and it looks good dlvr.it / RQZKN,2025-10-13 21:11:13,2025-10-13 21:11:20,98
9013,Nvidia,Neutral,NVIDIA GeForce NOW closes its gaming PC service and looks good dr.it / RQZKKN,2025-10-13 21:11:13,2025-10-13 21:11:20,77
9013,Nvidia,Neutral,NVIDIA GeForce NOW Formally Launches Its Cloud Gaming PC Preview : It Looks Good dlvr.it/RQZKKN,2025-10-13 21:11:13,2025-10-13 21:11:20,95
9013,Nvidia,Neutral,2018 NVIDIA GeForce NOW Formally and Launches Its Cloud Cloud Gaming PC Player Service 2014 And It All Looks Good to dlvr. it / RQZKKN,2025-10-13 21:11:13,2025-10-13 21:11:20,134
9013,Nvidia,Neutral,NVIDIA GeForce NOW Formally Does Its Cloud Storage Store at What It Looks Good dlvr.it/RQZKKN,2025-10-13 21:11:13,2025-10-13 21:11:20,93
9014,Nvidia,Positive,NVIDIA really did that AFTER I got all my parts smh,2025-10-13 21:11:13,2025-10-13 21:11:20,51
9014,Nvidia,Positive,NVIDIA really did that after I got all my parts smh,2025-10-13 21:11:13,2025-10-13 21:11:20,51
9014,Nvidia,Positive,NVIDIA really did that AFTER I got all my parts smh,2025-10-13 21:11:13,2025-10-13 21:11:20,51
9014,Nvidia,Positive,NVIDIA really deleted that AFTER I got all my parts smh,2025-10-13 21:11:13,2025-10-13 21:11:20,55
9014,Nvidia,Positive,I NVIDIA really did feel that AFTER I got all my parts off smh,2025-10-13 21:11:13,2025-10-13 21:11:20,62
9014,Nvidia,Positive,NVIDIA really did that AFTER I got that body parts smh,2025-10-13 21:11:13,2025-10-13 21:11:20,54
9015,Nvidia,Irrelevant,.  No more russians airport empleeys on ingame voice .,2025-10-13 21:11:13,2025-10-13 21:11:20,55
9015,Nvidia,Irrelevant,. No more Russian airports with a faded voice.,2025-10-13 21:11:13,2025-10-13 21:11:20,46
9015,Nvidia,Irrelevant,The airport no longer hears a loud voice.,2025-10-13 21:11:13,2025-10-13 21:11:20,41
9015,Nvidia,Irrelevant,.  No more russians who empleeys on ingame voice.,2025-10-13 21:11:13,2025-10-13 21:11:20,49
9015,Nvidia,Irrelevant,. No more russians airport empleeys relying on which ingame their voice.,2025-10-13 21:11:13,2025-10-13 21:11:20,72
9015,Nvidia,Irrelevant,. 6 more russians airport empleeys on your voice.,2025-10-13 21:11:13,2025-10-13 21:11:20,49
9017,Nvidia,Negative,NVIDIA Officially Apologizes - Underestimated demand for RTX 3080 FE cards Nvidia has now officially and openly apologized for the RTX 3080 FE graphics cards shortages. Demand for the recently released graphics cards was higher than previously estimated.… ift.tt/3mB1XlY,2025-10-13 21:11:13,2025-10-13 21:11:20,270
9017,Nvidia,Negative,NVIDIA officially apologizes - Underestimated demand for RTX 3080 FE cards Nvidia has now officially and openly apologized for the bottlenecks of RTX 3080 FE graphics cards. Demand for the recently released graphics cards was higher than previously estimated.... ift.tt / 3mB1XlY,2025-10-13 21:11:13,2025-10-13 21:11:20,279
9017,Nvidia,Negative,Nvidia officially apologizes - Undervalued demand for Nvidia graphics cards has now officially and openly apologized for the lack of Nvidia 3080 FE graphics cards. Demand for newly released graphics cards has been higher than previously thought.... iTT / 3mB1XlY,2025-10-13 21:11:13,2025-10-13 21:11:20,262
9017,Nvidia,Negative,NVIDIA Officially Claims - Underestimated demand for new 3080 FE cards Nvidia has yet officially and openly apologized for the RTX 3080 FE graphics cards shortages. Demand to the just released graphics cards was higher than previously estimated.… RT.tt/3mB1XlY,2025-10-13 21:11:13,2025-10-13 21:11:20,260
9017,Nvidia,Negative,NVIDIA Alliance Officially Apologizes - Underestimated demand for RTX 3080 FE cards only Nvidia has now officially and openly apologized both for the RTX and 3080 FE before graphics cards shortages. Final Demand for most the recently released graphics cards was considerably higher than previously estimated. … ift. 2012 tt / 2011 3mB1XlY,2025-10-13 21:11:13,2025-10-13 21:11:20,338
9017,Nvidia,Negative,NVIDIA Officially Apologizes - Underestimated demand on RTX 28 FE cards Nvidia has announced officially to openly apologized for excessive RTX 3080 FE power cards prices. Demand at the above requested graphics cards was higher than previously estimated.... ift.tt/3mB1XlY,2025-10-13 21:11:13,2025-10-13 21:11:20,271
9018,Nvidia,Neutral,Nvidia's Ampere Gets Triple Slot & Triple Fan Love from Colorful dlvr.it/RfnRDM https://t.co/7ZdLrAZYZ6,2025-10-13 21:11:13,2025-10-13 21:11:20,103
9018,Nvidia,Neutral,Nvidia's Ampere gets Triple Slot & Triple Fan Love from Bunt dlvr.it / RfnRDM https: / / t.co / 7ZdLrAZYZ6,2025-10-13 21:11:13,2025-10-13 21:11:20,106
9018,Nvidia,Neutral,Nvidia's Best Gets Triple Slot & Triple Love from Colorful dancer.it / RR,2025-10-13 21:11:13,2025-10-13 21:11:20,73
9018,Nvidia,Neutral,Nvidia's AMD Gaming Dual Slot & Triple Fan Love from Colorful dlvr.it/RfnRDM https://t.co/7ZdLrAZYZ6],2025-10-13 21:11:13,2025-10-13 21:11:20,101
9018,Nvidia,Neutral,Chorus Nvidia's Ampere Gets Triple Double Slot & Chorus Triple Triple Fan Love Theme from Something Colorful dlvr. the it / RfnRDM https://t.co/7ZdLrAZYZ6 ],2025-10-13 21:11:13,2025-10-13 21:11:20,156
9018,Nvidia,Neutral,Peter's movie Gets Triple Review & Great Fan Report from Colorful dlvr.it/RfnRDM https://t.co/7ZdLrAZYZ6],2025-10-13 21:11:13,2025-10-13 21:11:20,105
9019,Nvidia,Positive,This is ingenious,2025-10-13 21:11:13,2025-10-13 21:11:20,17
9019,Nvidia,Positive,nan,2025-10-13 21:11:13,2025-10-13 21:11:20,3
9019,Nvidia,Positive,It's a self-preservation instinct,2025-10-13 21:11:13,2025-10-13 21:11:20,33
9019,Nvidia,Positive,This seems ingenious,2025-10-13 21:11:13,2025-10-13 21:11:20,20
9019,Nvidia,Positive,This instrument is ingenious,2025-10-13 21:11:13,2025-10-13 21:11:20,28
9019,Nvidia,Positive,This is someone,2025-10-13 21:11:13,2025-10-13 21:11:20,15
9020,Nvidia,Neutral,Nvidia Unveils The World’s Fastest Gaming Monitor - breakingnewspak.com/nvidia-unveils…,2025-10-13 21:11:13,2025-10-13 21:11:20,89
9020,Nvidia,Neutral,Nvidia unveils the world's fastest gaming monitor - breakingnewsak.com / nvidia-reveals...,2025-10-13 21:11:13,2025-10-13 21:11:20,90
9020,Nvidia,Neutral,Nvidia Understands The World's Fest Gaming Monitor - breakingnewsspak.com / nvidia-understands...,2025-10-13 21:11:13,2025-10-13 21:11:20,97
9020,Nvidia,Neutral,Nvidia Unveils The World’s Fastest Gaming Camera https breakingnewspak.com/nvidia-unveils…,2025-10-13 21:11:13,2025-10-13 21:11:20,90
9020,Nvidia,Neutral,2015 Nvidia Unveils The World ’ X s Fastest Mobile Gaming Business Monitor - breakingnewspak. About com / from nvidia - unveils …,2025-10-13 21:11:13,2025-10-13 21:11:20,129
9020,Nvidia,Neutral,Nvidia As Our World’s Leading Internet Cart - breakingnewspak.com/nvidia-unveils...,2025-10-13 21:11:13,2025-10-13 21:11:20,83
9021,Nvidia,Positive,"Oooh, confirmation email from nVidia! 3090 goes on sale at 6am Pacific. Setting an alarm to make sure I don't oversleep! Will it pay off? Ehhh... we'll see. But I've done all the prep work I can. If it doesn't work, it doesn't work. No biggie. It's just a GPU!",2025-10-13 21:11:13,2025-10-13 21:11:20,260
9021,Nvidia,Positive,"Oooh, confirmation email from nVidia! 3090 goes on sale at 6am. To make sure I'm not going to sleep! Will it pay off? Erm... we'll see. But I've done all the preparation work I can. If it doesn't work, it doesn't work.",2025-10-13 21:11:13,2025-10-13 21:11:20,218
9021,Nvidia,Positive,"Oooh, confirmation email from nVidia! 3090 goes on sale at 6 am Pacific. Setting an alarm to make sure I don't oversleep! Will it pay? hh... we'll see. but I have done all the prep work I can. If it doesn't work, it doesn't work. No biggie. It's just a GPU!",2025-10-13 21:11:13,2025-10-13 21:11:20,257
9021,Nvidia,Positive,"Oooh, surprise email from nVidia! 3090 goes on sale at 6am Pacific. Setting the alarm!! keep sure I don't oversleep! Will it pay off? Ehhh... we'll see. But I've done as the prep work they can. If it doesn't rock, it doesn't work. No biggie. It's just a GPU!",2025-10-13 21:11:13,2025-10-13 21:11:20,258
9021,Nvidia,Positive,"Oooh, confirmation is email from nVidia! 3090 goes on sale at 6am Pacific. Setting an alarm bell to make sure I never don've t oversleep! Will it pay that off? Ehhh... we'll see. But I'm ve done that all at the prep work I can. If it doesn't just work, it doesn't really work. No biggie. It's just a GPU!",2025-10-13 21:11:13,2025-10-13 21:11:20,304
9021,Nvidia,Positive,"Oooh, mystery email for nVidia! 3090 goes on sale at 6am Pacific. Setting an alarm to make sure I don't work! Will it pay off? So... we'll see. But I've done all your prep work they need. Because it doesn't work, it doesn't work. No biggie. It's just this month!",2025-10-13 21:11:13,2025-10-13 21:11:20,262
9022,Nvidia,Positive,Nvidia makes such insanely high ends GPUs and then we still gotta make games that run on switch at 60fps.. . It's like owning an F1 car but driving through a school zone,2025-10-13 21:11:13,2025-10-13 21:11:20,169
9022,Nvidia,Positive,Nvidia produces such insanely high-quality GPUs and then we still have to make games that run on a switch at 60fps... It's like owning a Formula One car but driving through a school zone.,2025-10-13 21:11:13,2025-10-13 21:11:20,187
9022,Nvidia,Positive,"Nvidia makes such high-performance graphics processors, and we still make games that run on a switch at 60 fps. It's like owning a Formula One car, but driving around a school zone.",2025-10-13 21:11:13,2025-10-13 21:11:20,181
9022,Nvidia,Positive,"Nvidia makes such insanely high ends GPUs, then we still gotta have games that run on switch at 60fps... It's like owning an F1 car if driving through a school zone",2025-10-13 21:11:13,2025-10-13 21:11:20,164
9022,Nvidia,Positive,while Nvidia makes such those insanely high ends GPUs... and till then we still gotta make new games from that run on switch at 60fps... It's like me owning an F1 car but driving right through a school zone,2025-10-13 21:11:13,2025-10-13 21:11:20,206
9022,Nvidia,Positive,Nvidia made such insanely fast ends GPUs and then we conveniently still make games that run AND switch at 8... It's like owning an F1 team but driving through a school zone,2025-10-13 21:11:13,2025-10-13 21:11:20,172
9023,Nvidia,Negative,"improving in valorant hehe (p.s sorry for poop quality, nvidia won't clip) pic.twitter.com/oy2smNXFUO",2025-10-13 21:11:13,2025-10-13 21:11:20,101
9023,Nvidia,Negative,"Improvement in valorant hehe (p.s sorry for poop quality, nvidia won't clip) pic.twitter.com / oy2smNXFUO",2025-10-13 21:11:13,2025-10-13 21:11:20,105
9023,Nvidia,Negative,"improving in valuable hehe (p.s sorry for poop quality, nvidia won't clip) pic.facebook.com / oy2smNXFUO",2025-10-13 21:11:13,2025-10-13 21:11:20,104
9023,Nvidia,Negative,"improving in valorant hehe (p.s sorry for poop quality, nvidia won't clip) pic.twitter.com/oy2smNXFUO",2025-10-13 21:11:13,2025-10-13 21:11:20,101
9023,Nvidia,Negative,"Source improving in valorant hehe (p.s sorry for poop quality, nvidia won't clip) pic.twitter.com/oy2smNXFUO",2025-10-13 21:11:13,2025-10-13 21:11:20,108
9023,Nvidia,Negative,is,2025-10-13 21:11:13,2025-10-13 21:11:20,2
9024,Nvidia,Neutral,Uninstalling Minecraft RTX beta will permanently destroy your worlds.,2025-10-13 21:11:13,2025-10-13 21:11:20,71
9024,Nvidia,Neutral,Uninstalling the Minecraft RTX Beta will permanently destroy your worlds.,2025-10-13 21:11:13,2025-10-13 21:11:20,73
9024,Nvidia,Neutral,Removing the beta version of Minecraft X will destroy your worlds forever.,2025-10-13 21:11:13,2025-10-13 21:11:20,74
9024,Nvidia,Neutral,Uninstalling Minecraft RTX beta will permanently destroy the worlds.,2025-10-13 21:11:13,2025-10-13 21:11:20,68
9024,Nvidia,Neutral,and Uninstalling Minecraft 7 RTX beta will permanently destroy both your worlds.,2025-10-13 21:11:13,2025-10-13 21:11:20,80
9024,Nvidia,Neutral,after Minecraft RTX beta does permanently destroy your worlds.,2025-10-13 21:11:13,2025-10-13 21:11:20,62
9025,Nvidia,Negative,Holy shit,2025-10-13 21:11:13,2025-10-13 21:11:20,9
9025,Nvidia,Negative,Holy shit,2025-10-13 21:11:13,2025-10-13 21:11:20,9
9025,Nvidia,Negative,Holy crap,2025-10-13 21:11:13,2025-10-13 21:11:20,9
9025,Nvidia,Negative,Holy Trinity,2025-10-13 21:11:13,2025-10-13 21:11:20,12
9025,Nvidia,Negative,And Holy shit,2025-10-13 21:11:13,2025-10-13 21:11:20,13
9025,Nvidia,Negative,something shit,2025-10-13 21:11:13,2025-10-13 21:11:20,14
9026,Nvidia,Neutral,Shoutout to everybody whose RTX 20x0 GPUs just lost half their value. . not to mention the Titan. Woof.,2025-10-13 21:11:13,2025-10-13 21:11:20,103
9026,Nvidia,Neutral,Shout out to everyone whose RTX 20x0 GPUs have just lost half their value... not to mention Titan.,2025-10-13 21:11:13,2025-10-13 21:11:20,98
9026,Nvidia,Neutral,Shout out to all those whose 20x0 graphics processors have lost half their value... not to mention the Titan.,2025-10-13 21:11:13,2025-10-13 21:11:20,109
9026,Nvidia,Neutral,Shoutout to everybody whose RTX 20x0 GPUs just gave half their value.. not to mention Tiny Titan. Woof.,2025-10-13 21:11:13,2025-10-13 21:11:20,103
9026,Nvidia,Neutral,This Shoutout to everybody whose respective RTX or 20x0 CPU GPUs just lost half their value.. not to ever mention the last Titan. Woof.,2025-10-13 21:11:13,2025-10-13 21:11:20,135
9026,Nvidia,Neutral,Shoutout for everyone whose RTX 20x0 GPUs just lost 50% their value.. not to mention the rest. Woof.,2025-10-13 21:11:13,2025-10-13 21:11:20,100
9027,Nvidia,Irrelevant,wHew zoom is the future,2025-10-13 21:11:13,2025-10-13 21:11:20,23
9027,Nvidia,Irrelevant,wHew-Zoom is the future,2025-10-13 21:11:13,2025-10-13 21:11:20,23
9027,Nvidia,Irrelevant,wHew zoom is the future,2025-10-13 21:11:13,2025-10-13 21:11:20,23
9027,Nvidia,Irrelevant,wHew zoom onto the future,2025-10-13 21:11:13,2025-10-13 21:11:20,25
9027,Nvidia,Irrelevant,wHew... zoom is the future,2025-10-13 21:11:13,2025-10-13 21:11:20,26
9027,Nvidia,Irrelevant,wHew zoom to the future,2025-10-13 21:11:13,2025-10-13 21:11:20,23
9028,Nvidia,Positive,"Nvidia shield pro is pretty fantastic, not that it shouldn't be given the price of the fricken thing.. . However, twitch streams look amazing and the AI upscaler actually makes them look substantially better when it's running.. . Haven't tested the game streaming yet, though.",2025-10-13 21:11:13,2025-10-13 21:11:20,276
9028,Nvidia,Positive,"Nvidia Shield Pro is pretty awesome, not that you shouldn't give it the price for the scary thing... However, Twitch streams look amazing and the AI upscaler actually makes them look a lot better when they run... I haven't tested the game streaming yet though.",2025-10-13 21:11:13,2025-10-13 21:11:20,260
9028,Nvidia,Positive,"The Nvidia shield pro is fantastic, not that you shouldn't take into account the price of freestyle. Nevertheless, Freestreams streams look amazing, and AI upscreams actually make them look much better when they work.. Haven, however, has not yet tested streaming games.",2025-10-13 21:11:13,2025-10-13 21:11:20,270
9028,Nvidia,Positive,"Nvidia shield pro is fucking fantastic, not that it shouldn't be given the price of the fricken game. However, twitch logs look amazing and the AI upscaler actually makes them look substantially better when it's running... Haven't tried the Twitch streaming yet, though.",2025-10-13 21:11:13,2025-10-13 21:11:20,270
9028,Nvidia,Positive,"Nvidia The shield pro is pretty fantastic, not that it truly shouldn't be given the asking price of the damned fricken thing... However, twitch streams look amazing and the AI upscaler software actually makes them look of substantially better when it's running... 1 Haven't even tested the new game streaming algorithm yet, though.",2025-10-13 21:11:13,2025-10-13 21:11:20,331
9028,Nvidia,Positive,"Nvidia refresh detection is pretty fantastic, not that Nikon shouldn't do despite the price of the fricken thing... However, twitch streams look amazing and the flame upscaler actually makes them look noticeably better when it's pushed... Haven't tested the flash streaming test, though.",2025-10-13 21:11:13,2025-10-13 21:11:20,287
9029,Nvidia,Negative,Anyone notice the ratio between conferred buy vs reviews of the 3080 and 3090 cards? I am getting about 1 to 5. For every 1 card bought to 5 review that are going live! So sad that more people have prerecorded reviews than people have confirmed orders,2025-10-13 21:11:13,2025-10-13 21:11:20,253
9029,Nvidia,Negative,"Anyone notice the ratio between the futile purchase and reviews of the 3080 and 3090 cards? I get about 1 in 5. For every card purchased, there are 5 reviews that go live! So sad that more people have recorded reviews than people have confirmed orders.",2025-10-13 21:11:13,2025-10-13 21:11:20,252
9029,Nvidia,Negative,"Does anyone notice the ratio between purchases and reviews of 3080 and 3090 cards? I get about 1 to 5. For every card I buy, there are 5 reviews that come to life! It's so sad that there are more reviews than confirmed orders.",2025-10-13 21:11:13,2025-10-13 21:11:20,226
9029,Nvidia,Negative,Anyone notice the ratio between conferred get vs sell of the 3080 and 3090 cards? I am getting about 1 to 5. For every 1 card bought to 5 review that are going live! So sad that many people see prerecorded reviews than there have confirmed orders,2025-10-13 21:11:13,2025-10-13 21:11:20,246
9029,Nvidia,Negative,Anyone notice at the ratio between conferred buy vs reviews of another the 3080 machines and this 3090 retail cards? I am getting at about 1 to 5. For every 1 card bought to 5 review indicates that you are going live! So sad that more people have prerecorded reviews already than other people have confirmed orders,2025-10-13 21:11:13,2025-10-13 21:11:20,314
9029,Nvidia,Negative,I notice the ratio between conferred orders vs reviews to their 3080 new 3090 cards? I am getting about 1 to 5. For every 1 card bought to 5 review that are going down! So much that more people have prerecorded reviews than people have confirmed orders,2025-10-13 21:11:13,2025-10-13 21:11:20,252
9030,Nvidia,Neutral,Nvidia Warns Windows Gamers of Serious Graphics Driver Bugs dlvr.it/RZPQXS https://t.co/ulwgQt3mmI,2025-10-13 21:11:13,2025-10-13 21:11:20,98
9030,Nvidia,Neutral,Nvidia warns Windows players of serious graphics driver bugs dlvr.it / RZPQXS https: / / t.co / ulwgQt3mmI,2025-10-13 21:11:13,2025-10-13 21:11:20,106
9030,Nvidia,Neutral,Nvidia Warns Windows Gamers of Dr.it / RZPQXS Graphics Driver Errors,2025-10-13 21:11:13,2025-10-13 21:11:20,68
9030,Nvidia,Neutral,Nvidia Warns Windows 7 of Serious Graphics Driver Bugs dlvr.it/RZPQXS F],2025-10-13 21:11:13,2025-10-13 21:11:20,72
9030,Nvidia,Neutral,Nvidia Warns by Windows Classic Gamers of the Serious Computer Graphics Driver Bugs Page dlvr. click it / RZPQXS https://t.co/ulwgQt3mmI ],2025-10-13 21:11:13,2025-10-13 21:11:20,138
9030,Nvidia,Neutral,For Tech U Gamers of Serious Windows Driver Bugs dlvr.it/RZPQXS https://t.co/ulwgQt3mmI],2025-10-13 21:11:13,2025-10-13 21:11:20,88
9031,Nvidia,Neutral,Asus ROG Swift PG349Q 34” Curved G-Sync Gaming Monitor 120Hz 3440 X 1440 IPS with Eye Care Aura Sync DP HDMI. . Nvidia G SYNC technology features NVIDIA G SYNC Processor to ensure smooth game play by eliminating screen tearing and stuttering. . amzn.to/39tBbFq,2025-10-13 21:11:13,2025-10-13 21:11:20,260
9031,Nvidia,Neutral,"Asus ROG Swift PG349Q 34 \"Curved G-Sync Gaming Monitor 120Hz 3440 X 1440 IPS with Eye Care Aura Sync DP HDMI.. Nvidia G SYNC technology features NVIDIA G SYNC Processor to ensure smooth game by eliminating screen tearing and stuttering... amzn.to / 39tBbFq",2025-10-13 21:11:13,2025-10-13 21:11:20,256
9031,Nvidia,Neutral,"Asus ROG Swift PG349Q 34 \"Curved G-Sync Gaming Monitor 120Hz 3440 X 1440 IPS with Eye Care Aura Sync DP MI... Nvidia G SYNC technology is equipped with a NVIDIA G SYNC processor, ensuring a smooth game by reducing screen bending............... / 39tBbFq",2025-10-13 21:11:13,2025-10-13 21:11:20,253
9031,Nvidia,Neutral,Asus ROG Swift LCD LED Curved G-Sync Gaming Monitor 120Hz 3440 X 1440 Hz with Eye Care Aura Sync for HDMI.. Nvidia G SYNC technology features NVIDIA G SYNC API to ensure smooth game play by eliminating screen tearing and glare. Video amzn.to/39tBbFq,2025-10-13 21:11:13,2025-10-13 21:11:20,249
9031,Nvidia,Neutral,HD Asus ROG Swift FX PG349Q Spectrum 34 380 ” Curved Video G - Sync Gaming Monitor 120Hz 3440 X 1440 IPS with Eye Care Aura Sync DP HDMI.. Nvidia G SYNC Entertainment technology features NVIDIA G F SYNC Processor software to ensure smooth game mode play by eliminating screen tearing on and stuttering.. amzn. to / 39tBbFq,2025-10-13 21:11:13,2025-10-13 21:11:20,322
9031,Nvidia,Neutral,Asus ROG I PG349Q Compact Curved G-Sync HD Monitor 120Hz Full Resolution 1440 IPS Full High Care Aura Sync DP HDMI.. Nvidia G SYNC technology features NVIDIA R SYNC Processor technology ensure smooth game play by eliminating screen tearing over stuttering.. amzn.to/39tBbFq,2025-10-13 21:11:13,2025-10-13 21:11:20,273
9032,Nvidia,Positive,Really glad you are part of the team :) Welcome,2025-10-13 21:11:13,2025-10-13 21:11:20,47
9032,Nvidia,Positive,Really glad that you are part of the team:) Welcome,2025-10-13 21:11:13,2025-10-13 21:11:20,51
9032,Nvidia,Positive,Really glad you are part of the team:) Welcome,2025-10-13 21:11:13,2025-10-13 21:11:20,46
9032,Nvidia,Positive,Really glad you are part f the team :) Welcome,2025-10-13 21:11:13,2025-10-13 21:11:20,46
9032,Nvidia,Positive,Really glad you are part and of learning the team : ) Welcome,2025-10-13 21:11:13,2025-10-13 21:11:20,61
9032,Nvidia,Positive,Really glad you stay part of the team :) Welcome,2025-10-13 21:11:13,2025-10-13 21:11:20,48
9033,Nvidia,Neutral,"Kinda kicking myself now for not jumping on the EVGA or Gigabyte 3080's when I saw them available. Though I have my heart set on the ASUS Strix OC, it's getting pretty ridiculous at this point. @nvidia @ASUSUSA",2025-10-13 21:11:13,2025-10-13 21:11:20,210
9033,Nvidia,Neutral,"When I saw the EVGA or Gigabyte 3080 models, I was a bit annoyed that I didn't jump on them. Although I set my heart on the ASUS Strix OC, it gets pretty ridiculous at this point. @ nvidia @ ASUSUSA",2025-10-13 21:11:13,2025-10-13 21:11:20,198
9033,Nvidia,Neutral,"Even though I have a heart on ASUS Strix OC, it's getting pretty funny at the moment. @ nvidia @ ASUSUSA",2025-10-13 21:11:13,2025-10-13 21:11:20,104
9033,Nvidia,Neutral,"Kinda kicking myself now for easily jumping on the EVGA Pro Gigabyte 3080's when I saw them available. Though will keep my heart set on the ASUS Strix OC, it's getting pretty stale at this point. @nvidia @ASUSUSA",2025-10-13 21:11:13,2025-10-13 21:11:20,212
9033,Nvidia,Neutral,"Kinda kicking myself now for not jumping on the EVGA or Gigabyte 3080'and s when suddenly I saw them available. Though I have my heart set on getting the big ASUS Strix OC, and it's already getting clearly pretty ridiculous underway at this very point. The @nvidia @ASUSUSA",2025-10-13 21:11:13,2025-10-13 21:11:20,273
9033,Nvidia,Neutral,"truly kick myself now for not jumping for the EVGA or Gigabyte 3080's we first saw the available. Though I have my eyes set on the ASUS Strix OC, it's all pretty ridiculous at some point. @nvidia @ASUSUSA",2025-10-13 21:11:13,2025-10-13 21:11:20,204
9034,Nvidia,Neutral,Nvidia on global foundries confirmed. TSMC is incapable to make enough big die for nvidia pic.twitter.com/KXTIPTNyl9,2025-10-13 21:11:13,2025-10-13 21:11:20,116
9034,Nvidia,Neutral,Nvidia confirmed at global foundries: TSMC is unable to manufacture enough large cubes for nvidia pic.twitter.com / KXTIPTNyl9,2025-10-13 21:11:13,2025-10-13 21:11:20,126
9034,Nvidia,Neutral,Nvidia confirmed at global foundries. TSMC able to make a big enough stamp for nvidia pic.wikipedia.org / KXTIPTNyl9,2025-10-13 21:11:13,2025-10-13 21:11:20,116
9034,Nvidia,Neutral,Nvidia on global foundries confirmed. TSMC is incapable to make enough big die for nvidia pic.twitter.com/KXTIPTNyl9,2025-10-13 21:11:13,2025-10-13 21:11:20,116
9034,Nvidia,Neutral,THE Nvidia on global foundries confirmed. TSMC is incapable to make enough big die for nvidia pic.twitter.com/KXTIPTNyl9,2025-10-13 21:11:13,2025-10-13 21:11:20,120
9034,Nvidia,Neutral,You,2025-10-13 21:11:13,2025-10-13 21:11:20,3
9035,Nvidia,Neutral,Watch part 4 of the,2025-10-13 21:11:13,2025-10-13 21:11:20,21
9035,Nvidia,Neutral,See Part 4 of,2025-10-13 21:11:13,2025-10-13 21:11:20,13
9035,Nvidia,Neutral,See Part 4 of,2025-10-13 21:11:13,2025-10-13 21:11:20,13
9035,Nvidia,Neutral,Watch Episode 4 of the,2025-10-13 21:11:13,2025-10-13 21:11:20,22
9035,Nvidia,Neutral,Watch about part 4 of the,2025-10-13 21:11:13,2025-10-13 21:11:20,25
9035,Nvidia,Neutral,Watch part 4 of Para,2025-10-13 21:11:13,2025-10-13 21:11:20,20
9036,Nvidia,Negative,nan,2025-10-13 21:11:13,2025-10-13 21:11:20,3
9036,Nvidia,Negative,It is not the first time that the EU Commission has taken such a step.,2025-10-13 21:11:13,2025-10-13 21:11:20,70
9036,Nvidia,Negative,"At the same time, despite the fact that there are currently some 100 million people living below the poverty line, most of them do not have access to health services and do not have access to health care, while most of them do not have access to health care.",2025-10-13 21:11:13,2025-10-13 21:11:20,258
9036,Nvidia,Negative,nan,2025-10-13 21:11:13,2025-10-13 21:11:20,3
9036,Nvidia,Negative,nan,2025-10-13 21:11:13,2025-10-13 21:11:20,3
9036,Nvidia,Negative,nan,2025-10-13 21:11:13,2025-10-13 21:11:20,3
9038,Nvidia,Positive,amd gpu’s suck i cant wait to switch to nvidia,2025-10-13 21:11:13,2025-10-13 21:11:20,46
9038,Nvidia,Positive,amd gpu's suck i cant wait to switch to nvidia,2025-10-13 21:11:13,2025-10-13 21:11:20,46
9038,Nvidia,Positive,amd gpu's suck i cant wait to switch to nvidia,2025-10-13 21:11:13,2025-10-13 21:11:20,46
9038,Nvidia,Positive,amd gpu’s suck i cant wait to adapt to nvidia,2025-10-13 21:11:13,2025-10-13 21:11:20,45
9038,Nvidia,Positive,amd y gpu ’ s suck now i cant f wait to switch to nvidia,2025-10-13 21:11:13,2025-10-13 21:11:20,56
9038,Nvidia,Positive,amd gpu’s suck i will remember to switch over nvidia,2025-10-13 21:11:13,2025-10-13 21:11:20,52
9039,Nvidia,Irrelevant,"Apple is a no for me, they don’t innovate anymore",2025-10-13 21:11:13,2025-10-13 21:11:20,49
9039,Nvidia,Irrelevant,"Apple is a no for me, they don't invent innovations anymore",2025-10-13 21:11:13,2025-10-13 21:11:20,59
9039,Nvidia,Irrelevant,"Apple is the No to me, they don't innovate anymore",2025-10-13 21:11:13,2025-10-13 21:11:20,50
9039,Nvidia,Irrelevant,"Apple is the no for me, they don’t innovate anymore",2025-10-13 21:11:13,2025-10-13 21:11:20,51
9039,Nvidia,Irrelevant,"Little Apple is a absolute no but for me, they don ’ t innovate anymore",2025-10-13 21:11:13,2025-10-13 21:11:20,71
9039,Nvidia,Irrelevant,"art is an no for me, they don’t innovate anymore",2025-10-13 21:11:13,2025-10-13 21:11:20,48
9040,Nvidia,Positive,"This nvidia stream is kinda nuts, can't wait to sell my kidney to buy a card",2025-10-13 21:11:13,2025-10-13 21:11:20,76
9040,Nvidia,Positive,"This Nvidia stream is crazy, I can't wait to sell my kidney to buy a card",2025-10-13 21:11:13,2025-10-13 21:11:20,73
9040,Nvidia,Positive,"This nvidia stream is kinda nuts, can't wait to sell my kidney to buy a card",2025-10-13 21:11:14,2025-10-13 21:11:20,76
9040,Nvidia,Positive,"This nvidia stream is kinda nuts, can't wait to sell my kidney so buy a card",2025-10-13 21:11:14,2025-10-13 21:11:20,76
9040,Nvidia,Positive,"This short nvidia stream is really kinda nuts, can't t wait to sell myself my kidney to buy a card",2025-10-13 21:11:14,2025-10-13 21:11:20,98
9040,Nvidia,Positive,"This nvidia stream super kinda awesome, can't wait to sell my kidney to buy a whole",2025-10-13 21:11:14,2025-10-13 21:11:20,83
9041,Nvidia,Positive,"Exciting times ahead! NVIDIA to Acquire Arm for $40 Billion, Creating World’s Premier Computing Company for the Age of AI. nvda.ws/2Rk5RRY bit.ly/32ukQyQ",2025-10-13 21:11:14,2025-10-13 21:11:20,153
9041,Nvidia,Positive,"Exciting times ahead! NVIDIA acquires Arm for $40 billion, creating the world's leading computing company for the age of artificial intelligence. nvda.ws / 2Rk5RRY bit.ly / 32ukQyQ",2025-10-13 21:11:14,2025-10-13 21:11:20,180
9041,Nvidia,Positive,"Exciting times ahead! NVIDIA will acquire the company for $40 billion, creating the world's largest computing company for the century I. nvda.ws / 2Rk5RRY bit.ly / 32ukQyQ",2025-10-13 21:11:14,2025-10-13 21:11:20,171
9041,Nvidia,Positive,"Exciting times ahead! NVIDIA to Acquire Arm at 73 Billion, Creating World’s Premier Computing Company for Faster Era of AI. nvda.ws/2Rk5RRY<unk>.ly/32ukQyQ",2025-10-13 21:11:14,2025-10-13 21:11:20,155
9041,Nvidia,Positive,"More Exciting times scream ahead! NVIDIA to Acquire Arm for $ 40 Data Billion, Creating World Scientific ’ s Future Premier Virtual Computing Company Fund for the Age Exploration of AI. nvda. ws / 2Rk5RRY 1 bit. ly / 2014 32ukQyQ",2025-10-13 21:11:14,2025-10-13 21:11:20,229
9041,Nvidia,Positive,"I Look ahead! NVIDIA May Acquire Arm Nearly $40 Billion, and World’s Premier Developer Company for the Age of iPad. nvda.ws/2Rk5RRY 2.ly/32ukQyQ",2025-10-13 21:11:14,2025-10-13 21:11:20,144
9042,Nvidia,Neutral,"GPU for Deep Learning Market to Witness Huge Growth by 2028 | Nvidia, AMD, Intel - The neurons.ai/blog/news-stor…",2025-10-13 21:11:14,2025-10-13 21:11:20,115
9042,Nvidia,Neutral,"GPU for Deep Learning Market to Experience Huge Growth by 2028 | Nvidia, AMD, Intel - The neurons.ai / blog / news-stor...",2025-10-13 21:11:14,2025-10-13 21:11:20,122
9042,Nvidia,Neutral,"GPU for Deep Market to appear by 2028 - Nvidia, AMD, Intel - Arguments and Facts",2025-10-13 21:11:14,2025-10-13 21:11:20,80
9042,Nvidia,Neutral,"GPU for AI Learning Market to Register Huge Growth by 2028 -- Nvidia, AMD, Intel - The neurons.ai/blog/news-stor…",2025-10-13 21:11:14,2025-10-13 21:11:20,113
9042,Nvidia,Neutral,"GPU for Deep Learning Market to Center Witness US Huge Business Growth ahead by November 2028 | Nvidia, AMD, Intel - The neurons. ai / technology blog / news - stor org …",2025-10-13 21:11:14,2025-10-13 21:11:20,170
9042,Nvidia,Neutral,"Are Having Deep Learning Used to Expect Huge Growth by 2028 | Nvidia, Nokia, Intel - 2 neurons.ai/blog/news-stor...",2025-10-13 21:11:14,2025-10-13 21:11:20,115
9043,Nvidia,Positive,using this right now on zoom and its insane,2025-10-13 21:11:14,2025-10-13 21:11:20,43
9043,Nvidia,Positive,Use this right now on Zoom and its crazy,2025-10-13 21:11:14,2025-10-13 21:11:20,40
9043,Nvidia,Positive,using it right now on zoom and its counterpart,2025-10-13 21:11:14,2025-10-13 21:11:20,46
9043,Nvidia,Positive,using this right now on zoom and being insane,2025-10-13 21:11:14,2025-10-13 21:11:20,45
9043,Nvidia,Positive,When using this right now lets on zoom and its insane,2025-10-13 21:11:14,2025-10-13 21:11:20,53
9043,Nvidia,Positive,seeing this right now on zoom and its insane,2025-10-13 21:11:14,2025-10-13 21:11:20,44
9044,Nvidia,Neutral,AMD is allegedly testing Big Navi – and it could be a monster GPU that'll seriously worry Nvidia dlvr.it/RNbcLk,2025-10-13 21:11:14,2025-10-13 21:11:20,111
9044,Nvidia,Neutral,AMD is reportedly testing Big Navi - and it could be a monster GPU that will seriously worry Nvidia dlvr.it / RNbcLk,2025-10-13 21:11:14,2025-10-13 21:11:20,116
9044,Nvidia,Neutral,AMD is supposedly testing Big Navi - and it could be a monster graphics processor that will seriously trouble Nvidia dr.it / RNLk,2025-10-13 21:11:14,2025-10-13 21:11:20,129
9044,Nvidia,Neutral,AMD is allegedly testing Big Navi – and it will be a monster build that'll really worry Nvidia dlvr.it/RNbcLk,2025-10-13 21:11:14,2025-10-13 21:11:20,109
9044,Nvidia,Neutral,AMD is also allegedly testing Big Navi – and it could probably be made a monster like GPU that'll pretty seriously not worry their Nvidia dlvr. it / RNbcLk,2025-10-13 21:11:14,2025-10-13 21:11:20,155
9044,Nvidia,Neutral,AMD is wildly promoting Big Navi – and it could result that monster GPU that'll seriously worry about dlvr.it/RNbcLk,2025-10-13 21:11:14,2025-10-13 21:11:20,116
9045,Nvidia,Positive,Now nVidia has more time to get the 3000 series out. Worth it.,2025-10-13 21:11:14,2025-10-13 21:11:20,62
9045,Nvidia,Positive,Now nVidia has more time to release the 3000 series.,2025-10-13 21:11:14,2025-10-13 21:11:20,52
9045,Nvidia,Positive,Now nVidia has more time to release the series.,2025-10-13 21:11:14,2025-10-13 21:11:20,47
9045,Nvidia,Positive,Now nVidia has more time to get the 3000 s out. Worth it.,2025-10-13 21:11:14,2025-10-13 21:11:20,57
9045,Nvidia,Positive,Now maybe nVidia has more real time to get with the 3000 series out. Worth it.,2025-10-13 21:11:14,2025-10-13 21:11:20,78
9045,Nvidia,Positive,Now nVidia has more time to get the final copies out. Worth it.,2025-10-13 21:11:14,2025-10-13 21:11:20,63
9046,Nvidia,Neutral,The latest The Falk Hedemann Daily! paper.li/Wissenssucher?… Thanks to @lenadoppel,2025-10-13 21:11:14,2025-10-13 21:11:20,84
9046,Nvidia,Neutral,The current The Falk Hedemann Daily! paper.li / Wissenssucher?... Thanks to @ lenadoppel,2025-10-13 21:11:14,2025-10-13 21:11:20,88
9046,Nvidia,Neutral,The latest The Falk Health Daily! paper.li / Hessucher?... Thanks @ lenadel,2025-10-13 21:11:14,2025-10-13 21:11:20,75
9046,Nvidia,Neutral,The latest via Falk Hedemann Daily! paper.li/Wissenssucher?… Welcome to @lenadoppel,2025-10-13 21:11:14,2025-10-13 21:11:20,83
9046,Nvidia,Neutral,The pages latest The Late Falk Hedemann to Daily! paper. li / Wissenssucher? … 5 Thanks to Henry @lenadoppel,2025-10-13 21:11:14,2025-10-13 21:11:20,108
9046,Nvidia,Neutral,The third and next Hedemann Daily! to.li/Wissenssucher?... Thanks to @lenadoppel,2025-10-13 21:11:14,2025-10-13 21:11:20,80
9047,Nvidia,Positive,Finally received and installed the RTX 3080 Gaming X Trio I reserved in September!!. . She’s. So. Beautiful. . . . @nvidia @NVIDIAGameDev @NVIDIAGeForce @msigaming pic.twitter.com/E6lT9FPmA7,2025-10-13 21:11:14,2025-10-13 21:11:20,190
9047,Nvidia,Positive,Finally received and installed the RTX 3080 Gaming X Trio that I reserved in September!!.. She is. Sun. Beautiful.... @ nvidia @ NVIDIAGameDev @ NVIDIAGeForce @ msigaming pic.twitter.com / E6lT9FPmA7,2025-10-13 21:11:14,2025-10-13 21:11:20,199
9047,Nvidia,Positive,Finally got and installed in September!!!!!!!!!!!!!!!!!!!!!!!!!!!!!!!!!!!!!!!!!!!!!!!!!!!!!!!!!!!!!!!!!!!!!!!!!!!!!!!!!!!!!!!!!!!!!!!!!!!!!!!!!!!!!!!!!!!!!!!!!!!!!!!!!!!!!!!!!!!!!!!!!,2025-10-13 21:11:14,2025-10-13 21:11:20,183
9047,Nvidia,Positive,Finally received and installed the RTX 3080 Gaming X Trio I reserved in September!!. . She’s. So. Beautiful. . . . RhandlerR RhandlerR RhandlerR RhandlerR pic.twitter.com/E6lT9FPmA7,2025-10-13 21:11:14,2025-10-13 21:11:20,181
9047,Nvidia,Positive,as Finally received and installed the RTX 3080 Gaming X Trio I reserved in September!!. . She’s. So. Beautiful. . . . RhandlerR RhandlerR RhandlerR RhandlerR pic.twitter.com/E6lT9FPmA7,2025-10-13 21:11:14,2025-10-13 21:11:20,184
9047,Nvidia,Positive,at,2025-10-13 21:11:14,2025-10-13 21:11:20,2
9048,Nvidia,Negative,Fuck Microsoft and fuck Nvidia I’m losing my mind right now,2025-10-13 21:11:14,2025-10-13 21:11:20,59
9048,Nvidia,Negative,Fuck Microsoft and fuck Nvidia I'm just losing my mind,2025-10-13 21:11:14,2025-10-13 21:11:20,54
9048,Nvidia,Negative,Fuck Microsoft and fuck Nvidia I'm losing my mind right now,2025-10-13 21:11:14,2025-10-13 21:11:20,59
9048,Nvidia,Negative,Fuck Microsoft and screw Nvidia I’m losing my mind right now,2025-10-13 21:11:14,2025-10-13 21:11:20,60
9048,Nvidia,Negative,Double Fuck Microsoft and double fuck Nvidia I really ’ m losing my mind right now,2025-10-13 21:11:14,2025-10-13 21:11:20,82
9048,Nvidia,Negative,Fuck Microsoft and fuck humanity I’m losing my heart right now,2025-10-13 21:11:14,2025-10-13 21:11:20,62
9049,Nvidia,Positive,Nvidia GPUDirect for GeForce. that would be nice,2025-10-13 21:11:14,2025-10-13 21:11:20,48
9049,Nvidia,Positive,Nvidia GPUDirect for GeForce. That would be nice,2025-10-13 21:11:14,2025-10-13 21:11:20,48
9049,Nvidia,Positive,Nvidia GPUDirect for GeForce. that would be nice,2025-10-13 21:11:14,2025-10-13 21:11:20,48
9049,Nvidia,Positive,Nvidia trading for GeForce. that would be nice,2025-10-13 21:11:14,2025-10-13 21:11:20,46
9049,Nvidia,Positive,Nvidia GPUDirect announced for free GeForce. that they would be nice,2025-10-13 21:11:14,2025-10-13 21:11:20,68
9049,Nvidia,Positive,it GPUDirect for GeForce. that would be another,2025-10-13 21:11:14,2025-10-13 21:11:20,47
9050,Nvidia,Positive,NVIDIA SHIELD UPDATE - NEW FEATURE ! This is Awesome !! - docsquiffy.com/2020/01/30/nvi…,2025-10-13 21:11:14,2025-10-13 21:11:20,88
9050,Nvidia,Positive,NVIDIA SHIELD UPDATE - NEW FEATURE! This is Awesome!! - docsquiffy.com / 2020 / 01 / 30 / nvi...,2025-10-13 21:11:14,2025-10-13 21:11:20,96
9050,Nvidia,Positive,NVIDIA SHIELD UPDATE - NEW FEATURE! This is Africa!! - docsquiffy.com / 2020 / 01 / 30 / nB...,2025-10-13 21:11:14,2025-10-13 21:11:20,94
9050,Nvidia,Positive,NVIDIA SHIELD 2019 - NEW FEATURE! This Super Awesome News - docsquiffy.com/2020/01/30/nvi…,2025-10-13 21:11:14,2025-10-13 21:11:20,90
9050,Nvidia,Positive,ONE NVIDIA SHIELD UPDATE - ONE NEW FEATURE! This thing is Awesome!! - the docsquiffy. r com / calendar 2020 / 01 / 30 / o nvi …,2025-10-13 21:11:14,2025-10-13 21:11:20,127
9050,Nvidia,Positive,NVIDIA WEST IN - MUST FEATURE! UPDATE turns great!! - docsquiffy.com/2020/01/30/nvi...,2025-10-13 21:11:14,2025-10-13 21:11:20,86
9051,Nvidia,Positive,@JojobinxYates This is some really cool stuff.,2025-10-13 21:11:14,2025-10-13 21:11:20,48
9051,Nvidia,Positive,@ JojobinxYates This is really cool stuff.,2025-10-13 21:11:14,2025-10-13 21:11:20,42
9051,Nvidia,Positive,@ John'inxYates This is really cool stuff.,2025-10-13 21:11:14,2025-10-13 21:11:20,42
9051,Nvidia,Positive,@JojobinxYates 8 is some really cool stuff.,2025-10-13 21:11:14,2025-10-13 21:11:20,43
9051,Nvidia,Positive,@JojobinxYates This is obviously some real really cool stuff.,2025-10-13 21:11:14,2025-10-13 21:11:20,61
9051,Nvidia,Positive,@JojobinxYates This is some kinda cool stuff.,2025-10-13 21:11:14,2025-10-13 21:11:20,45
9052,Nvidia,Positive,.@Nvidia’s,2025-10-13 21:11:14,2025-10-13 21:11:20,12
9052,Nvidia,Positive,. @ Nvidia's,2025-10-13 21:11:14,2025-10-13 21:11:20,12
9052,Nvidia,Positive,. @ Nvidia's,2025-10-13 21:11:14,2025-10-13 21:11:20,12
9052,Nvidia,Positive,.@Nvidia’s,2025-10-13 21:11:14,2025-10-13 21:11:20,10
9052,Nvidia,Positive,. @Nvidia ’ s,2025-10-13 21:11:14,2025-10-13 21:11:20,13
9052,Nvidia,Positive,.@Nvidia’s,2025-10-13 21:11:14,2025-10-13 21:11:20,10
9053,Nvidia,Positive,Incredible,2025-10-13 21:11:14,2025-10-13 21:11:20,10
9053,Nvidia,Positive,nan,2025-10-13 21:11:14,2025-10-13 21:11:20,3
9053,Nvidia,Positive,Incredible,2025-10-13 21:11:14,2025-10-13 21:11:20,10
9053,Nvidia,Positive,Incredible,2025-10-13 21:11:14,2025-10-13 21:11:20,10
9053,Nvidia,Positive,also Incredible,2025-10-13 21:11:14,2025-10-13 21:11:20,15
9053,Nvidia,Positive,to,2025-10-13 21:11:14,2025-10-13 21:11:20,2
9054,Nvidia,Neutral,"but.... the new nvidia 3000 series gpus are also looking appealing. a 3070 has better performance than the 2080 for  half the price... that's crazy. I'm struggling between saving up for a 3070 or saving up for a ps5..... 8:14 PM · Sep 16, 2020·T",2025-10-13 21:11:14,2025-10-13 21:11:20,245
9054,Nvidia,Neutral,but.... the new gpus of the nvidia 3000 series are also appealing. a 3070 has better performance than the 2080 for half the price... that's crazy. I'm fighting between saving for a 3070 or saving for a ps5..... 20: 14 PM · 16.09.2020 · T,2025-10-13 21:11:14,2025-10-13 21:11:20,237
9054,Nvidia,Neutral,"but... the new nvidia series also looks mouth-watering. 3070 has better performance than 2080 at half price... it's madness. I'm fighting between accumulation of 3070 or accumulation of 5..... 20: 14 · Sep16, 2020 · T",2025-10-13 21:11:14,2025-10-13 21:11:20,217
9054,Nvidia,Neutral,"but.... the new nvidia 3000 series gpus are seriously not appealing. My 3070 has better performance than the 2080..  half the price... that's crazy. I'm struggling... saving up for a 3070 or save up for a ps5..... 8:14 PM · Sep 16, 2020·T",2025-10-13 21:11:14,2025-10-13 21:11:20,238
9054,Nvidia,Neutral,"but.... the hot new hardware nvidia or 3000 series or gpus are also looking appealing. a 3070 has better performance than the true 2080 for half the price... that'S s crazy. I'm struggling deciding between saving up for a 3070 or saving up here for a ps5..... 8 : 14 PM · 29 Sep 16, 2020 · July T",2025-10-13 21:11:14,2025-10-13 21:11:20,296
9054,Nvidia,Neutral,"but.... the new nvidia coming to gpus are just looking different. a 3000 has more performance than the 5000 for about the price... that's crazy. I'm struggling between saving up for a 3070 or saving up for a ps5..... 8:14 PM <unk> May 16, 2010",2025-10-13 21:11:14,2025-10-13 21:11:20,243
9055,Nvidia,Negative,@nvidia it’s ridiculous how as soon as I get an alert that a 3080 is in stock the website gives me errors until it switches to out of stock. Every single time.,2025-10-13 21:11:14,2025-10-13 21:11:20,159
9055,Nvidia,Negative,"@ nvidia it's ridiculous how as soon as I get a notification that a 3080 is in stock, the website gives me errors until it switches to out of stock.",2025-10-13 21:11:14,2025-10-13 21:11:20,148
9055,Nvidia,Negative,"@ nvidia is funny as soon as I receive a notification that 3080 is in stock, the site gives me errors until it switches to zero in stock. Every time.",2025-10-13 21:11:14,2025-10-13 21:11:20,149
9055,Nvidia,Negative,@nvidia it’s ridiculous – very soon as I get your alert that a 3080 is in smoke the website gives me errors until it switches to out of stock. Every single time.,2025-10-13 21:11:14,2025-10-13 21:11:20,161
9055,Nvidia,Negative,@nvidia it ’ s ridiculous exactly how as of soon as I get an alert that while a Ford 3080 sedan is in stock the website gives me errors until it all switches to someone out of stock. 6 Every single time.,2025-10-13 21:11:14,2025-10-13 21:11:20,203
9055,Nvidia,Negative,find it’s hilarious how every soon as I get an alert that a 3080 is in stock the website gives me errors so it switches to out of stock. Very single case.,2025-10-13 21:11:14,2025-10-13 21:11:20,154
9056,Nvidia,Neutral,"No, you almost certainly would possibly not need to 'rip out' maximum of your PC to make use of the Nvidia RTX 3080.... googlenewspost.com/2020/07/20/no-…",2025-10-13 21:11:14,2025-10-13 21:11:20,154
9056,Nvidia,Neutral,"No, you probably wouldn't have to \"rip out\" the maximum of your PC to use the Nvidia RTX 3080.... googlenewspost.com / 2020 / 07 / 20 / no-...",2025-10-13 21:11:14,2025-10-13 21:11:20,142
9056,Nvidia,Neutral,"No, you almost certainly won't have to pluck the most out of your computer to use the Nvidia X 3080.... googlo-wspost.com / 2020 / 07 / 20 / no-...",2025-10-13 21:11:14,2025-10-13 21:11:20,147
9056,Nvidia,Neutral,"No, you almost surely would possibly actually need to 'rip out' maximum of your circuits to make use of the Nvidia RTX image googlenewspost.com/2020/07/20/no-…",2025-10-13 21:11:14,2025-10-13 21:11:20,159
9056,Nvidia,Neutral,"As No, you will almost certainly would possibly immediately not need them to'rip out'maximum of your PC modules to effectively make some use instantly of the Nvidia Galaxy RTX 3080.... googlenewspost. or com / 2020 / 07 / 20 / no - …",2025-10-13 21:11:14,2025-10-13 21:11:20,233
9056,Nvidia,Neutral,"No, you almost just may possibly not struggle to 'rip out' maximum among your fingers to make use from a Intel RTX 3080.... googlenewspost.com/2020/07/20/no-...",2025-10-13 21:11:14,2025-10-13 21:11:20,160
9057,Nvidia,Positive,Love it,2025-10-13 21:11:14,2025-10-13 21:11:20,7
9057,Nvidia,Positive,Love it,2025-10-13 21:11:14,2025-10-13 21:11:20,7
9057,Nvidia,Positive,Love it,2025-10-13 21:11:14,2025-10-13 21:11:20,7
9057,Nvidia,Positive,Love letters,2025-10-13 21:11:14,2025-10-13 21:11:20,12
9057,Nvidia,Positive,I Love it,2025-10-13 21:11:14,2025-10-13 21:11:20,9
9057,Nvidia,Positive,Love the,2025-10-13 21:11:14,2025-10-13 21:11:20,8
9058,Nvidia,Neutral,"HP ENVY x360 15.6\". screen. 12 GB DDR3L, 256ssd. Corei7, 6th gen.. Nvidia GTX 930 M(2G).. Backlit keyboard         . Sd card, FHD, USB x3. Max res :  1920 x 1080. Condition : Mint 9/10 (US used) . Price : 250k firm. . . 07059743103 /whatsapp. Nwame o the One team B May God Thank You Jesus pic.twitter.com/pAnVLvt3wr",2025-10-13 21:11:14,2025-10-13 21:11:20,316
9058,Nvidia,Neutral,"HP ENVY x360 15.6. \"Screen. 12GB DDR3L, 256ssd. Corei7, 6th gen.. Nvidia GTX 930 M (2G).. Backlit keyboard. Sd card, FHD, USB x3. Max res: 1920 x 1080. Condition: Mint 9 / 10 (US used). Price: 250k Company... 07059743103 / whatsapp. Name o the One team B May God Thank You Jesus pic.twitter.com / pAnVLvt3wr",2025-10-13 21:11:14,2025-10-13 21:11:20,307
9058,Nvidia,Neutral,"HP ENVY x360 15.6. \"screen. 12 GB DDR3L, 256ssd. Corei7, 6th gen.. Nvidia X 930 M (2G).. Backlit keyboard. Sd-card, FHD, x3. Max res: 1920 x 1080. Condition: Mint 9 / 10 (US used). Price: 250k firm... 07059743103 / whapp. Name o the One team B May God Thank You Jesus pic.HD / pAnVLvt3wr",2025-10-13 21:11:14,2025-10-13 21:11:20,287
9058,Nvidia,Neutral,"HP ENVY x360 15.6\". screen. 12 GB DDR3L, 256ssd. Corei7, 6th gen.. Nvidia GTX 930 M(2G).. Backlit keyboard         . Sd card, FHD, USB x3. Max res :  1920 x 1080. Condition : Mint 9/10 (US used) . Price : 250k firm. . . 07059743103 /whatsapp. Nwame o the One team B May God Thank You Jesus pic.twitter.com/pAnVLvt3wr",2025-10-13 21:11:14,2025-10-13 21:11:20,316
9058,Nvidia,Neutral,"HP HP ENVY x360 15.6\". screen. 12 GB DDR3L, 256ssd. Corei7, 6th gen.. Nvidia GTX 930 M(2G).. Backlit keyboard         . Sd card, FHD, USB x3. Max res :  1920 x 1080. Condition : Mint 9/10 (US used) . Price : 250k firm. . . 07059743103 /whatsapp. Nwame o the One team B May God Thank You Jesus pic.twitter.com/pAnVLvt3wr",2025-10-13 21:11:14,2025-10-13 21:11:20,319
9058,Nvidia,Neutral,you,2025-10-13 21:11:14,2025-10-13 21:11:20,3
9059,Nvidia,Positive,Another success of Nvidia. The Folding@Home distributed computing network has received CUDA support. watchbha.xyz/another-succes…,2025-10-13 21:11:14,2025-10-13 21:11:20,129
9059,Nvidia,Positive,Another success of Nvidia: The distributed computer network Folding @ Home was supported by CUDA. watchbha.xyz / another success...,2025-10-13 21:11:14,2025-10-13 21:11:20,131
9059,Nvidia,Positive,Another success for Nvidia. Folding @ Home has received the support of CUDA. watchbha.xyz / another-succes...,2025-10-13 21:11:14,2025-10-13 21:11:20,109
9059,Nvidia,Positive,Another success of Nvidia. The Folding@Home AND filesystem network also received CUDA support. watchbha.xyz/another-succes…,2025-10-13 21:11:14,2025-10-13 21:11:20,123
9059,Nvidia,Positive,2016 Another success of Nvidia. The mobile Folding@Home distributed distributed computing network has since received many CUDA support. watchbha. xyz / one another - succes …,2025-10-13 21:11:14,2025-10-13 21:11:20,174
9059,Nvidia,Positive,more picture of Samsung. The Folding@Home distributed folder network has automatic CUDA support. watchbha.xyz/another-succes...,2025-10-13 21:11:14,2025-10-13 21:11:20,127
9060,Nvidia,Neutral,"@nvidiacc hi there, I’m having some trouble logging into my GeForce now on an nvidia shield portable. I just reset and I’ve been trying to login through google (since my founders account is what I use) and haven’t had any luck! Hope to hear back :) I’ve been loving it so far! pic.twitter.com/hxdKE0f7v7",2025-10-13 21:11:14,2025-10-13 21:11:20,303
9060,Nvidia,Neutral,"@ nvidiacc hello there, I'm having some trouble logging into my GeForce now on a portable Nvidia sign. I've just reset and I tried to log in via Google (since my founder account is what I use) and had no luck! I hope to hear back:) I've loved it so far! pic.twitter.com / hxdKE0f7v7",2025-10-13 21:11:14,2025-10-13 21:11:20,282
9060,Nvidia,Neutral,"@ nvidiacc hi there, I'm having some trouble logging into my GeForce now on an nvidia shield portable. I just reset and I've tried to login through google (since my foo account is what I use) and haven't had any luck! Hope to hear back:) I've been loving it so far! pic.facebook.com / hfKE0f7v7",2025-10-13 21:11:14,2025-10-13 21:11:20,294
9060,Nvidia,Neutral,"RhandlerR hi there, I’m having some trouble logging into my GeForce now on an nvidia shield portable. I just reset and I’ve been trying to login through google (since my founders account is what I use) and haven’t had any luck! Hope to hear back :) I’ve been loving it so far! pic.twitter.com/hxdKE0f7v7",2025-10-13 21:11:14,2025-10-13 21:11:20,303
9060,Nvidia,Neutral,"CS RhandlerR hi there, I’m having some trouble logging into my GeForce now on an nvidia shield portable. I just reset and I’ve been trying to login through google (since my founders account is what I use) and haven’t had any luck! Hope to hear back :) I’ve been loving it so far! pic.twitter.com/hxdKE0f7v7",2025-10-13 21:11:14,2025-10-13 21:11:20,306
9060,Nvidia,Neutral,he,2025-10-13 21:11:14,2025-10-13 21:11:20,2
9061,Nvidia,Positive,This man @SpriggsIan is a GENIUS artist. . . His tools are all digital. I LOVE how new tech allows new genius to be discovered...,2025-10-13 21:11:14,2025-10-13 21:11:20,129
9061,Nvidia,Positive,This man @ SpriggsIan is a GENIUS artist... His tools are all digital. I LOVE how new technologies make it possible to discover new geniuses...,2025-10-13 21:11:14,2025-10-13 21:11:20,143
9061,Nvidia,Positive,This man @ Springfield Ian is a genius artist... His tools are all digital. I love how new technologies allow you to discover new geniuses...,2025-10-13 21:11:14,2025-10-13 21:11:20,141
9061,Nvidia,Positive,This man @SpriggsIan is a GENIUS artist... His tools are all digital. I LOVE how the tech enables new genius styles be discovered...,2025-10-13 21:11:14,2025-10-13 21:11:20,132
9061,Nvidia,Positive,22 This man @SpriggsIan is a GENIUS artist... His musical tools are all digital. I LOVE how the new tech allows this new artistic genius to now be discovered...,2025-10-13 21:11:14,2025-10-13 21:11:20,160
9061,Nvidia,Positive,This man @SpriggsIan is one GENIUS artist... His tools are just cool. I envy how new tech allows new genius to be inspired...,2025-10-13 21:11:14,2025-10-13 21:11:20,125
9062,Nvidia,Positive,Wow .,2025-10-13 21:11:14,2025-10-13 21:11:20,6
9062,Nvidia,Positive,Wow.,2025-10-13 21:11:14,2025-10-13 21:11:20,4
9062,Nvidia,Positive,Wow.,2025-10-13 21:11:14,2025-10-13 21:11:20,4
9062,Nvidia,Positive,Wow …,2025-10-13 21:11:14,2025-10-13 21:11:20,5
9062,Nvidia,Positive,A Wow.,2025-10-13 21:11:14,2025-10-13 21:11:20,6
9062,Nvidia,Positive,Wow.,2025-10-13 21:11:14,2025-10-13 21:11:20,4
9063,Nvidia,Positive,AMD really got so scared of Nvidia’s ampere that they quit making GPUs and switched to bikes,2025-10-13 21:11:14,2025-10-13 21:11:20,92
9063,Nvidia,Positive,AMD really got so scared of Nvidia's Ampere that they stopped making GPUs and switched to bikes.,2025-10-13 21:11:14,2025-10-13 21:11:20,96
9063,Nvidia,Positive,AMD really got so scared of Nvidia's amps that it gave up manufacturing graphics processors and switched to bicycles,2025-10-13 21:11:14,2025-10-13 21:11:20,116
9063,Nvidia,Positive,AMD reportedly got so scared of Nvidia’s ampere that they quit making GPUs and just to bikes,2025-10-13 21:11:14,2025-10-13 21:11:20,92
9063,Nvidia,Positive,AMD really got so damn scared of Nvidia Network ’ s huge ampere that they quit making themselves GPUs and just switched to bikes,2025-10-13 21:11:14,2025-10-13 21:11:20,128
9063,Nvidia,Positive,AMD actually got so off of Nvidia’s ampere that people quit making GPUs and switched to bikes,2025-10-13 21:11:14,2025-10-13 21:11:20,93
9064,Nvidia,Neutral,"Nvidia says store was 'overrun with malicious bots and resellers' for RTX 3080 launch, promises more cards are coming buff.ly/35VAXYE https://t.co/SzmGqzz2BT",2025-10-13 21:11:14,2025-10-13 21:11:20,157
9064,Nvidia,Neutral,"Nvidia says the business has been \"overrun with malicious bots and resellers\" to launch RTX 3080, promising more cards to come buff.ly / 35VAXYE https: / / t.co / SzmGqzz2BT",2025-10-13 21:11:14,2025-10-13 21:11:20,173
9064,Nvidia,Neutral,"Nvidia says the store was \"inundated with malicious bots and resellers\" to launch the XX 3080, promising more maps.",2025-10-13 21:11:14,2025-10-13 21:11:20,115
9064,Nvidia,Neutral,"Nvidia says store was 'overrun of malicious bots and resellers' for RTX 3080 launch, promises more restrictions are coming buff.ly/35VAXYE ([]",2025-10-13 21:11:14,2025-10-13 21:11:20,142
9064,Nvidia,Neutral,"Nvidia says your store was'overrun with malicious electronic bots and resellers'just for offering RTX 3080 and launch, for promises are more credit cards are coming buff. ly / W 35VAXYE https://t.co/SzmGqzz2BT ]",2025-10-13 21:11:14,2025-10-13 21:11:20,211
9064,Nvidia,Neutral,"Nvidia says store was 'overrun with malicious bots and cookies' from RTX 2 alpha, promises more content before coming buff.ly/35VAXYE https://t.co/SzmGqzz2BT]",2025-10-13 21:11:14,2025-10-13 21:11:20,158
9065,Nvidia,Negative,Excited to see the 3080s 699 msrp become 1200 aud cause NVIDIA and the Aussie electronic tax merely for existing here. pic.twitter.com/HfZTrcqaMo,2025-10-13 21:11:14,2025-10-13 21:11:20,145
9065,Nvidia,Negative,Excited to see how the 3080 699 msrp 1200 aud cause NVIDIA and the Australian electronic tax only for existing here. pic.twitter.com / HfZTrcqaMo,2025-10-13 21:11:14,2025-10-13 21:11:20,145
9065,Nvidia,Negative,Outraged that NVIDIA and Australia's e-tax were only for existing ones.,2025-10-13 21:11:14,2025-10-13 21:11:20,71
9065,Nvidia,Negative,Excited to see the 3080s 699 msrp become 1200 aud cause NVIDIA and the Aussie electronic tax merely for existing here. pic.twitter.com/HfZTrcqaMo,2025-10-13 21:11:14,2025-10-13 21:11:20,145
9065,Nvidia,Negative,The Excited to see the 3080s 699 msrp become 1200 aud cause NVIDIA and the Aussie electronic tax merely for existing here. pic.twitter.com/HfZTrcqaMo,2025-10-13 21:11:14,2025-10-13 21:11:20,149
9065,Nvidia,Negative,<unk>,2025-10-13 21:11:14,2025-10-13 21:11:20,5
9066,Nvidia,Neutral,Nvidia acquisition of Arm throws company into tech spat between U.S. and China reut.rs/3bWqNrC https://t.co/TMSYcWjhZz,2025-10-13 21:11:14,2025-10-13 21:11:20,120
9066,Nvidia,Neutral,Nvidia's acquisition of Arm throws company into tech dispute between U.S. and China reut.rs / 3bWqNrC https: / / t.co / TMSYcWjhZz,2025-10-13 21:11:14,2025-10-13 21:11:20,130
9066,Nvidia,Neutral,Nvidia Acquisition of Highthrows in US-China Technology Dispute reut.rs / 3bWqNrC,2025-10-13 21:11:14,2025-10-13 21:11:20,81
9066,Nvidia,Neutral,Nvidia acquisition of Arm throws le sparks tech spat of U.S. and China reut.rs/3bWqNrC https://t.co/TMSYcWjhZz  ],2025-10-13 21:11:14,2025-10-13 21:11:20,113
9066,Nvidia,Neutral,Nvidia The acquisition power of Arm throws company fingers into the tech the spat again between U. S. and China after reut. rs / 3bWqNrC https://t.co/TMSYcWjhZz   ],2025-10-13 21:11:14,2025-10-13 21:11:20,164
9066,Nvidia,Neutral,Nvidia acquisition through Arm product company into trademark spat between U.S. with China reut.rs/3bWqNrC and],2025-10-13 21:11:14,2025-10-13 21:11:20,111
9067,Nvidia,Positive,"If @nvidia acquires ARM, what I want to see is big.LITTLE graphics cards where desktop apps are handled by a very low power ARM GPU on the same board as the RTX GPU for other programs. This way at idle, the GPU uses very low power and generates virtually no heat with fans off.",2025-10-13 21:11:14,2025-10-13 21:11:20,277
9067,Nvidia,Positive,"When @ nvidia buys ARM, I would like to see big.LITTLE graphics cards where desktop apps are managed by a very low-power ARM GPU on the same board as the RTX GPU for other programs. In this way, the GPU consumes very little power at idle and generates virtually no heat with fans turned off.",2025-10-13 21:11:14,2025-10-13 21:11:20,291
9067,Nvidia,Positive,"If @ nvidia acquires ARM, I want to see big.LITTLE graphics cards, where desktop applications are processed by a very low-power ARM graphics processor on the same board as the X. So the idle graphics processor uses very little power and generates virtually no heat when the fans are turned off.",2025-10-13 21:11:14,2025-10-13 21:11:20,294
9067,Nvidia,Positive,"If @nvidia acquires ARM, what I want to see is big.LITTLE graphics cards where desktop applications are handled by a very strong power ARM GPU on the same board like the CPU GPU for other programs. This way at idle, AMD GPU needs very low power and generates virtually no heat with fans off.",2025-10-13 21:11:14,2025-10-13 21:11:20,291
9067,Nvidia,Positive,"If @nvidia acquires ARM, what I want him to see is big. LITTLE graphics graphics cards where desktop apps currently are is handled by a very low power ARM GPU on the very same board as the RTX GPU written for some other programs. This way at idle, the GPU chip uses very low power... and simply generates virtually no heat with fans off.",2025-10-13 21:11:14,2025-10-13 21:11:20,337
9067,Nvidia,Positive,"If it requires ARM, what I want to see is really.LITTLE graphics capability where certain apps were handled by a very low power ARM GPU on the same board as the USB GPU for other programs. This way at idle, the printer uses very low power and generates virtually no memory with fans and.",2025-10-13 21:11:14,2025-10-13 21:11:20,287
9068,Nvidia,Negative,Looks like we're all switching to AMD gpu's this fall because nvidia can't produce more than 13 3080's for North America,2025-10-13 21:11:14,2025-10-13 21:11:20,120
9068,Nvidia,Negative,Looks like we'll all switch to AMD GPUs this fall because Nvidia can't produce more than 13 3080 for North America,2025-10-13 21:11:14,2025-10-13 21:11:20,114
9068,Nvidia,Negative,It looks like we're all switching to AMD gpu this fall because nvidia can't produce more than 13 3080's for North America,2025-10-13 21:11:14,2025-10-13 21:11:20,121
9068,Nvidia,Negative,Looks as we're all switching to AMD gpu's this fall because nvidia can't produce more than Mali 3080's for North America,2025-10-13 21:11:14,2025-10-13 21:11:20,120
9068,Nvidia,Negative,But Looks like we're all switching to AMD gpu's this fall because nvidia can'0 t possibly produce more than 1 13 3080'It s ideal for North America,2025-10-13 21:11:14,2025-10-13 21:11:20,146
9068,Nvidia,Negative,Looks like AMD're all switching to AMD gpu's this year because nvidia can't produce more Class 13 3080's for New East,2025-10-13 21:11:14,2025-10-13 21:11:20,117
9069,Nvidia,Neutral,Nvidia's Massive Stock Gains May Be Over Following Quarterly Results 15minutenews.com/article/187443…,2025-10-13 21:11:14,2025-10-13 21:11:20,103
9069,Nvidia,Neutral,Nvidia's Massive Stock Gains Could Be Over After Quarterly Results 15minutenews.com / article / 187443...,2025-10-13 21:11:14,2025-10-13 21:11:20,105
9069,Nvidia,Neutral,Massive share purchases by Nvidia could end after quarterly results 15minutingws.com / article / 187443...,2025-10-13 21:11:14,2025-10-13 21:11:20,106
9069,Nvidia,Neutral,Nvidia's Broad Stock Gains May Hold Over Following Quarterly Results 15minutenews.com/article/187443…,2025-10-13 21:11:14,2025-10-13 21:11:20,101
9069,Nvidia,Neutral,Nvidia'Financial s Massive Stock Gains May Be All Over Following 2016 Quarterly market Results Archived 15minutenews. com / article / page 187443 …,2025-10-13 21:11:14,2025-10-13 21:11:20,147
9069,Nvidia,Neutral,com's Massive Stock Must Not Be Over Following Quarterly Results on.com/article/187443...,2025-10-13 21:11:14,2025-10-13 21:11:20,89
9070,Nvidia,Neutral,@ScottWapnerCNBC I heard you were a fan of the truth.  @ReformedBroker is a @^%,2025-10-13 21:11:14,2025-10-13 21:11:20,80
9070,Nvidia,Neutral,@ ScottWapnerCNBC I have heard that you are a fan of the truth. @ ReformedBroker is a @ ^%,2025-10-13 21:11:14,2025-10-13 21:11:20,90
9070,Nvidia,Neutral,@ ScottWapnerCNBC I heard you were a fan of the truth. @ ReformedBroker is a @ ^%,2025-10-13 21:11:14,2025-10-13 21:11:20,81
9070,Nvidia,Neutral,@ScottWapnerCNBC I heard you were a fan as blunt truth.  @ReformedBroker is a @^%,2025-10-13 21:11:14,2025-10-13 21:11:20,81
9070,Nvidia,Neutral,@ScottWapnerCNBC I heard you were... a real fan of admitting the truth. @ReformedBroker is me a @ ^ %,2025-10-13 21:11:14,2025-10-13 21:11:20,101
9070,Nvidia,Neutral,@ScottWapnerCNBC they noticed you were a fan of the truth. @ReformedBroker got a @<unk>%,2025-10-13 21:11:14,2025-10-13 21:11:20,88
9071,Nvidia,Irrelevant,"I know this asset they are referring to (it's not the OG social image in their tweet) It's the one on the site (attached).. . When I was there, we worked on a social asset track around this animation.. . The sad part is, I don't remember what it was about. I know, I am useless 🤣 pic.twitter.com/axO9p1LO2W",2025-10-13 21:11:14,2025-10-13 21:11:20,306
9071,Nvidia,Irrelevant,"I know this asset they're referring to (it's not the OG social image in their tweet) It's the one on the page (appended).. When I was there, we were working on a social asset track around this animation... The sad part is that I don't remember what it was about. I know I'm useless pic.twitter.com / axO9p1LO2W",2025-10-13 21:11:14,2025-10-13 21:11:20,310
9071,Nvidia,Irrelevant,"I know this asset they're talking about (it's not the social image of OG on their twitter) It's the one that's on the site (attached).. When I was there, we were working on a social asset around this animation.. The sad part, I don't remember what it was about.",2025-10-13 21:11:14,2025-10-13 21:11:20,261
9071,Nvidia,Irrelevant,"I know this asset they are referring to (it's not the OG social image in their tweet) It's the one on the site (attached).. . When I was there, we worked on a social asset track around this animation.. . The sad part is, I don't remember what it was about. I know, I am useless 🤣 pic.twitter.com/axO9p1LO2W",2025-10-13 21:11:14,2025-10-13 21:11:20,306
9071,Nvidia,Irrelevant,"2010 I know this asset they are referring to (it's not the OG social image in their tweet) It's the one on the site (attached).. . When I was there, we worked on a social asset track around this animation.. . The sad part is, I don't remember what it was about. I know, I am useless 🤣 pic.twitter.com/axO9p1LO2W",2025-10-13 21:11:14,2025-10-13 21:11:20,311
9071,Nvidia,Irrelevant,A,2025-10-13 21:11:14,2025-10-13 21:11:20,1
9073,Nvidia,Positive,nan,2025-10-13 21:11:14,2025-10-13 21:11:20,3
9073,Nvidia,Positive,It is not the first time that the EU Commission has taken such a step.,2025-10-13 21:11:14,2025-10-13 21:11:20,70
9073,Nvidia,Positive,"At the same time, despite the fact that there are currently some 100 million people living below the poverty line, most of them do not have access to health services and do not have access to health care, while most of them do not have access to health care.",2025-10-13 21:11:14,2025-10-13 21:11:20,258
9073,Nvidia,Positive,nan,2025-10-13 21:11:14,2025-10-13 21:11:20,3
9073,Nvidia,Positive,nan,2025-10-13 21:11:14,2025-10-13 21:11:20,3
9073,Nvidia,Positive,nan,2025-10-13 21:11:14,2025-10-13 21:11:20,3
9074,Nvidia,Positive,Great news from our Elite partner @Exxactcorp helping enterprises scale,2025-10-13 21:11:14,2025-10-13 21:11:20,73
9074,Nvidia,Positive,"Great news from our elite partner @ Exxactcorp, helping businesses scale",2025-10-13 21:11:14,2025-10-13 21:11:20,72
9074,Nvidia,Positive,"Great news from our \"partner\" @ Exxactcorp helping businesses scale up",2025-10-13 21:11:14,2025-10-13 21:11:20,70
9074,Nvidia,Positive,Great news from SAP Elite partner @Exxactcorp helping enterprises scale,2025-10-13 21:11:14,2025-10-13 21:11:20,71
9074,Nvidia,Positive,Great news from via our Elite partner @Exxactcorp helping enterprises up scale,2025-10-13 21:11:14,2025-10-13 21:11:20,78
9074,Nvidia,Positive,Great news from our Elite partner @Exxactcorp IT enterprises scale,2025-10-13 21:11:14,2025-10-13 21:11:20,66
9075,Nvidia,Positive,Samsung is guilty of copying NVIDIA,2025-10-13 21:11:14,2025-10-13 21:11:20,35
9075,Nvidia,Positive,Samsung guilty of copying NVIDIA,2025-10-13 21:11:14,2025-10-13 21:11:20,32
9075,Nvidia,Positive,Samsung guilty of copying NVIDIA,2025-10-13 21:11:14,2025-10-13 21:11:20,32
9075,Nvidia,Positive,Samsung is wary of copying NVIDIA,2025-10-13 21:11:14,2025-10-13 21:11:20,33
9075,Nvidia,Positive,Samsung is still guilty of the copying NVIDIA,2025-10-13 21:11:14,2025-10-13 21:11:20,45
9075,Nvidia,Positive,<unk> is guilty of copying NVIDIA,2025-10-13 21:11:14,2025-10-13 21:11:20,33
9076,Nvidia,Positive,these nvidia caucuses fuckin crazy,2025-10-13 21:11:14,2025-10-13 21:11:20,34
9076,Nvidia,Positive,these nvidia caucuses fuckin crazy,2025-10-13 21:11:14,2025-10-13 21:11:20,34
9076,Nvidia,Positive,these nvidia caucuses fuckin crazy,2025-10-13 21:11:14,2025-10-13 21:11:20,34
9076,Nvidia,Positive,these nvidia caucuses look crazy,2025-10-13 21:11:14,2025-10-13 21:11:20,32
9076,Nvidia,Positive,these nvidia block caucuses fuckin crazy,2025-10-13 21:11:14,2025-10-13 21:11:20,40
9076,Nvidia,Positive,these nvidia caucuses get crazy,2025-10-13 21:11:14,2025-10-13 21:11:20,31
9077,Nvidia,Irrelevant,"Oh, yeah, I used to work with these guys. Second company from my portfolio to be acquired in the past three months. Congrats, @SwiftStack team, on the acquisition!",2025-10-13 21:11:14,2025-10-13 21:11:20,165
9077,Nvidia,Irrelevant,"Oh, yes, I used to work with these guys. Second company from my portfolio acquired in the last three months. Congratulations, @ SwiftStack team, on taking over!",2025-10-13 21:11:14,2025-10-13 21:11:20,160
9077,Nvidia,Irrelevant,"Oh ah, I worked with these guys. The second company in my portfolio that has been acquired in the last three months. Congratulations to the @ Swifstack team on the acquisition!",2025-10-13 21:11:14,2025-10-13 21:11:20,176
9077,Nvidia,Irrelevant,"Oh, yeah, I used to work with these guys. Third company from my list to sell acquired in the past three months. Congrats, @SwiftStack team, on the acquisition!",2025-10-13 21:11:14,2025-10-13 21:11:20,159
9077,Nvidia,Irrelevant,"Oh, yeah, although I always used to work mostly with these older guys. Second company from inside my portfolio to be acquired in the past for three months. Congrats, @SwiftStack team, on winning the acquisition!",2025-10-13 21:11:14,2025-10-13 21:11:20,211
9077,Nvidia,Irrelevant,"Oh, yeah, I used to work under these guys. Total company from my department to be launched in the past three months. Congrats, @SwiftStack LLC, making the acquisition!",2025-10-13 21:11:14,2025-10-13 21:11:20,167
9079,Nvidia,Negative,"The top 16 companies on this list are the most interesting. They have all gained over 50%, and they tell a common story of \"remote,\" whether for work, entertainment, or retail.. . Except perhaps Nvidia (+78%), which is hanging out in the middle with machine learning.",2025-10-13 21:11:14,2025-10-13 21:11:20,267
9079,Nvidia,Negative,"The 16 best companies on this list are the most interesting, all of which have grown over 50% and share a common history of \"remote control,\" whether for work, entertainment or retail... Except perhaps Nvidia (+ 78%), which is at the heart of machine learning.",2025-10-13 21:11:14,2025-10-13 21:11:20,260
9079,Nvidia,Negative,"The top 16 companies on this list are the most interesting. All of them scored more than 50%, and they tell a common story of \"remote,\" whether for work, entertainment or retail... Except perhaps for Nvidia (+ 78%), which hangs out in the middle with machine learning.",2025-10-13 21:11:14,2025-10-13 21:11:20,268
9079,Nvidia,Negative,"The actual 16 companies making this list are the most interesting. They have all gained over 50%, and they tell a common story at \"remote,\" whether for work, entertainment, or retail... Except perhaps Nvidia (+78%), which is hanging out in he middle of machine learning.",2025-10-13 21:11:14,2025-10-13 21:11:20,270
9079,Nvidia,Negative,"The top 16 companies on this list itself are the 25 most commercially interesting. They have all now gained over 50 %, and and they tell a common story of \" remote, \" whether for work, entertainment, or at retail... 1 Except perhaps Nvidia ( + 78 % ), but which is completely hanging out in the middle with advanced machine learning.",2025-10-13 21:11:14,2025-10-13 21:11:20,333
9079,Nvidia,Negative,"The original 16 companies on this list is the most interesting. They have mostly gained over 50%, and they tell a common narrative of \"remote,\" whether for work, business, or retail... including perhaps Nvidia (+78%), which is smack out in the middle like its integration.",2025-10-13 21:11:14,2025-10-13 21:11:20,272
9080,Nvidia,Positive,"I've completely flipped. The more I see about XSX, Nvidia, PS5 hardware, and the less games we see running on the consoles, the more sure I am Xbox has some tricks up their sleeve. . . I'm probably wrong... but... ⏳",2025-10-13 21:11:14,2025-10-13 21:11:20,215
9080,Nvidia,Positive,"The more I see about XSX, Nvidia, PS5 hardware, and the less games we see on the consoles, the more certain I am that the Xbox has some tricks... I'm probably mistaken... but...",2025-10-13 21:11:14,2025-10-13 21:11:20,177
9080,Nvidia,Positive,"The more I see about XSX, Nvidia, PS5, and the fewer games we see on consoles, the more I'm sure that Xbox has some tracks... I'm probably wrong... but...",2025-10-13 21:11:14,2025-10-13 21:11:20,154
9080,Nvidia,Positive,"I've completely flipped. The more gamers see about XSX, Nvidia, streaming hardware, and the less games we see running on the consoles, the most likely I am Xbox has some tricks in their sleeve... I'm probably wrong... but... ⏳",2025-10-13 21:11:14,2025-10-13 21:11:20,226
9080,Nvidia,Positive,"I'ed ve already completely flipped. The more I actually see about XSX, Nvidia, PS5 hardware, and the less memorable games we see running on the consoles, the more sure I am their Xbox for has yet some tricks left up their sleeve... I'l m probably wrong... but... now [UNK]",2025-10-13 21:11:14,2025-10-13 21:11:20,272
9080,Nvidia,Positive,"I've completely flipped. The more I see about XSX, Nvidia, PS5 hardware, than just less games people are running against the consoles, then more sure I am Xbox has some tricks under their act... I'm probably lying... but... <unk>",2025-10-13 21:11:14,2025-10-13 21:11:20,229
9081,Nvidia,Positive,AMD cannot save PC gaming. No one buys Amd cards in the main stream. . . GTX 1050 Ti out sold RX 570.. GTX 1060 out sold RX580/480. . GTX 780/780ti out sold R9 290/290x. . GTX 2060/2060s out sold Rx 5700/5700xt. . . Jensen about fuck your wallet.,2025-10-13 21:11:14,2025-10-13 21:11:20,246
9081,Nvidia,Positive,AMD can not save PC games. Nobody buys Amd cards in the main stream.... GTX 1050 Ti sold out RX 570.. GTX 1060 sold out RX580 / 480... GTX 780 / 780ti sold out R9 290 / 290x... GTX 2060 / 2060s sold out Rx 5700 / 5700xt... Jensen over fuck your wallet.,2025-10-13 21:11:14,2025-10-13 21:11:20,252
9081,Nvidia,Positive,AMD can't save a computer game. No one buys Amd cards in the main stream... X 1050 Ti from RX 570.. X 1060 from RX580 / 480... X 780 / 780ti from R9 290 / 290x... X 2060 / 2060 from RX 5700 / 5700x... Jensen about fucking your wallet.,2025-10-13 21:11:14,2025-10-13 21:11:20,234
9081,Nvidia,Positive,"AMD cannot save my gaming. No one buys Amd cards in the main stream. \". Intel 1070 Ti out sold 80 200 GTX 1060 out sold RX580/480.. GTX 780/780ti out sold R9 290/290x. M GTX 2060/2060s out sold Rx 5700/5700xt... Jensen about fuck your wallet.",2025-10-13 21:11:14,2025-10-13 21:11:20,242
9081,Nvidia,Positive,AMD users cannot save PC gaming. No number one buys Amd cards in the main stream... GTX 2 1050 Ti out have sold RX 570.. GTX 1060 out sold RX580 / 480.. GTX 780 / 360 780ti out has sold R9 290 / 290x.. GTX 2060 / 2060s out of sold 1 Rx X 5700 / 5700xt... Jensen about really fuck your wallet.,2025-10-13 21:11:14,2025-10-13 21:11:20,292
9081,Nvidia,Positive,it cannot save PC gaming. Every one buys Amd 64 in high digital stream... Intel 1050 Ti out equipped RX 570.. GTX 1060 out sold RX580/480.. GTX 780/780ti out sold R9 mm.. GTX 2060/2060s out installed A 5700/5700xt... Jensen about fuck your wallet.,2025-10-13 21:11:14,2025-10-13 21:11:20,247
9082,Nvidia,Positive,This is insane! Makes me want to upgrade my GPU,2025-10-13 21:11:14,2025-10-13 21:11:20,47
9082,Nvidia,Positive,This is madness! Makes me want to update my GPU,2025-10-13 21:11:14,2025-10-13 21:11:20,47
9082,Nvidia,Positive,Makes me want to upgrade my GPU,2025-10-13 21:11:14,2025-10-13 21:11:20,31
9082,Nvidia,Positive,This was insane! Makes me want to upgrade my GPU,2025-10-13 21:11:14,2025-10-13 21:11:20,48
9082,Nvidia,Positive,This is totally insane! 14 Makes me want to upgrade my GPU,2025-10-13 21:11:14,2025-10-13 21:11:20,58
9082,Nvidia,Positive,drive is insane! Makes me want to upgrade my GPU,2025-10-13 21:11:14,2025-10-13 21:11:20,48
9083,Nvidia,Neutral,"The news keep coming: @Tesla  is worth more than @Toyota. @salesforce is worth more than @Oracle. @netflix is worth more than @Verizon. @nvidia overtook @intel to become most valuable semi company.  Check out my thoughts on \"Changing of the Guard\". . smaniyar.blogspot.com/2020/07/changi…",2025-10-13 21:11:14,2025-10-13 21:11:20,288
9083,Nvidia,Neutral,The news keeps coming: @ Tesla is worth more than @ Toyota. @ salesforce is worth more than @ Oracle. @ netflix is worth more than @ Verizon. @ nvidia has overtaken @ intel to become most valuable semi-company. smaniyar.blogspot.com / 2020 / 07 / changi...,2025-10-13 21:11:14,2025-10-13 21:11:20,256
9083,Nvidia,Neutral,"The news keeps coming: @ Tesla is worth more than @ Toyota. @ salesforce is worth more than @ OM. @ Netflix is worth more than @ Verizon. @ nvidia has overtaken @ intel to become the most valuable half-company. Read my thoughts on the \"changing of the guard.\" smaniyar.blogspot.com / 2020 / 07 / changi...",2025-10-13 21:11:14,2025-10-13 21:11:20,305
9083,Nvidia,Neutral,"The news keep coming:.  is worth more than Us. r is worth more than us. @Tesla is worth something like @Toyota. @salesforce overtook @Oracle to become most valuable semi yesterday.  Check out my thoughts on \"Changing of My Guard\".. smaniyar.blogspot.com/2020/07/changi…",2025-10-13 21:11:14,2025-10-13 21:11:20,269
9083,Nvidia,Neutral,"The news keep coming : @Tesla is also worth not more than @Toyota. For @salesforce is worth more then than @Oracle. @netflix is possibly worth more than @Verizon. So @nvidia overtook @intel to the become most valuable semi company. Check out my thoughts based on \" Changing of of the Guard \".. like smaniyar. blogspot. com / 2020 / 07 / changi …",2025-10-13 21:11:14,2025-10-13 21:11:20,345
9083,Nvidia,Neutral,"The circle started circling: We were created more than @Tesla. @Toyota is worth more than valuable. @salesforce remains value more than @Oracle. @netflix left @Verizon to become most valuable semi company. Check out my thoughts on \"Changing of the Guard\".. smaniyar.blogspot.com/2020/07/changi...",2025-10-13 21:11:14,2025-10-13 21:11:20,296
9084,Nvidia,Negative,Do I even want to know what windows update installed?  Sound is gone. Somehow my browser has cleared all it's cookies. And my nvidia control panel just doesn't exist.,2025-10-13 21:11:14,2025-10-13 21:11:20,166
9084,Nvidia,Negative,"Do I even want to know which Windows update is installed? The sound is gone. Somehow my browser has deleted all cookies, and my nvidia control panel just doesn't exist.",2025-10-13 21:11:14,2025-10-13 21:11:20,168
9084,Nvidia,Negative,The sound is gone. Something in my browser has cleaned all my kitchen headsets. And the nvidia control panel just doesn't exist.,2025-10-13 21:11:14,2025-10-13 21:11:20,128
9084,Nvidia,Negative,Do I even want to know what windows update to?  Sound is gone. Somehow my browser has cleared all it's cookies. And my browser control suite just doesn't exist.,2025-10-13 21:11:14,2025-10-13 21:11:20,160
9084,Nvidia,Negative,10 Do that I even want Sam to know what windows update installed? Sound play is gone. Somehow my cell browser has not cleared all it's cookies. And my nvidia control panel just doesn't possibly exist.,2025-10-13 21:11:14,2025-10-13 21:11:20,200
9084,Nvidia,Negative,don we even want to know what camera update happened? Sound is gone. Somehow my browser has cleared all it's cookies. Also my nvidia control panel just doesn't exist.,2025-10-13 21:11:14,2025-10-13 21:11:20,166
9085,Nvidia,Irrelevant,"Good for them. This is all based on earnings from last quarter. Let's see how well they do with the next, with the hiccup in supply chains coming.",2025-10-13 21:11:14,2025-10-13 21:11:20,146
9085,Nvidia,Irrelevant,"This is all based on last quarter's earnings. Let's see how well they do in the next quarter, when the hiccups in supply chains come.",2025-10-13 21:11:14,2025-10-13 21:11:20,133
9085,Nvidia,Irrelevant,Let's see how well they handle the next one when supply chains are hedged.,2025-10-13 21:11:14,2025-10-13 21:11:20,74
9085,Nvidia,Irrelevant,"Good on them. This stuff all based on earnings from last quarter. Let's see how can they do with the next, with the hiccup in supply chains coming.",2025-10-13 21:11:14,2025-10-13 21:11:20,147
9085,Nvidia,Irrelevant,"9 Good idea for them. This is all based on earnings from last quarter. Let'a s see how well up they do with delivering the next, beginning with the hiccup in supply chains always coming.",2025-10-13 21:11:14,2025-10-13 21:11:20,186
9085,Nvidia,Irrelevant,"goes for them. This is all based on earnings from first quarter. Can's see how better they do with the next, with the hiccup in supply stock coming.",2025-10-13 21:11:14,2025-10-13 21:11:20,148
9086,Nvidia,Positive,nvidia.com/en-us/geforce/…. . Holy smokes @NVIDIAGeForce @nvidia the innovation with every new generation blows me away. I'm a massive fan,2025-10-13 21:11:14,2025-10-13 21:11:20,138
9086,Nvidia,Positive,nvidia.com / en-us / geforce /..... Holy smokes @ NVIDIAGeForce @ nvidia The innovation with each new generation blows me away.,2025-10-13 21:11:14,2025-10-13 21:11:20,127
9086,Nvidia,Positive,nvidia.com / en-us / geforce /..... Holy smokes @ NVIDIAGeForce @ nvidia the innovation with every new generation blows me away. I'm a massive fan,2025-10-13 21:11:14,2025-10-13 21:11:20,146
9086,Nvidia,Positive,nvidia.com/en-us/geforce/….. Holy crap @NVIDIAGeForce @nvidia the innovation the new new generation blows me away. I'm a massive fan,2025-10-13 21:11:14,2025-10-13 21:11:20,132
9086,Nvidia,Positive,With nvidia. com / en - us /... geforce / en ….. me Holy smokes in @NVIDIAGeForce @nvidia the innovation with every tiny new generation blows me days away. I'm having a massive cancer fan,2025-10-13 21:11:14,2025-10-13 21:11:20,187
9086,Nvidia,Positive,nvidia.com/en-us/geforce/..... Holy smokes the @NVIDIAGeForce the innovation work each other generation takes me away. I'm this massive object,2025-10-13 21:11:14,2025-10-13 21:11:20,142
9087,Nvidia,Neutral,"Acer Nitro 5, intel corei i5 7th gen. GTX NVIDIA 1050 (4GB). Price: . Im givin ds beauty away wit a; gaming headset and a gaming mouse.. Amazing value 4 d price, ds laptop packs a punch. I never used it heavy duty so it's in good shape.. . 08038468808 or dm. Griezmann pic.twitter.com/kc6kEovwSC",2025-10-13 21:11:14,2025-10-13 21:11:20,295
9087,Nvidia,Neutral,"Acer Nitro 5, Intel Corei i5 7. Gen. GTX NVIDIA 1050 (4GB). Price: Im givin ds beauty away with a gaming headset and a gaming mouse.. Amazing value 4 d price, ds laptop packs a punch. I have never used it heavy load, so it is in good shape... 08038468808 or dm. Griezmann pic.twitter.com / kc6kEovwSC",2025-10-13 21:11:14,2025-10-13 21:11:20,300
9087,Nvidia,Neutral,"Acer Nitro 5, intel corei i5 7th gen. X NVIDIA 1050 (4 GB). Price:................",2025-10-13 21:11:14,2025-10-13 21:11:20,82
9087,Nvidia,Neutral,"Acer Nitro 5, intel corei i5 7th gen. GTX NVIDIA 1050 (4GB). Price: . Im givin ds beauty away wit a; gaming headset and a gaming mouse.. Amazing value 4 d price, ds laptop packs a punch. I never used it heavy duty so it's in good shape.. . 08038468808 or dm. Griezmann pic.twitter.com/kc6kEovwSC",2025-10-13 21:11:14,2025-10-13 21:11:20,295
9087,Nvidia,Neutral,"The Acer Nitro 5, intel corei i5 7th gen. GTX NVIDIA 1050 (4GB). Price: . Im givin ds beauty away wit a; gaming headset and a gaming mouse.. Amazing value 4 d price, ds laptop packs a punch. I never used it heavy duty so it's in good shape.. . 08038468808 or dm. Griezmann pic.twitter.com/kc6kEovwSC",2025-10-13 21:11:14,2025-10-13 21:11:20,299
9087,Nvidia,Neutral,to,2025-10-13 21:11:14,2025-10-13 21:11:20,2
9088,Nvidia,Neutral,NVIDIA celebrates 40 years of Pac-Man with an AI recreation: bit.ly/3c3FrLX https://t.co/OVSP8cVcHv,2025-10-13 21:11:14,2025-10-13 21:11:20,99
9088,Nvidia,Neutral,NVIDIA celebrates 40 years of Pac-Man with artificial intelligence: bit.ly / 3c3FrLX https: / / t.co / OVSP8cVcHv,2025-10-13 21:11:14,2025-10-13 21:11:20,113
9088,Nvidia,Neutral,NVIDIA celebrates 40 years of Pac-Man with AI recreation: bit.ly / 3c3FrLX https: / / www.co / OVSP8cVcHv,2025-10-13 21:11:14,2025-10-13 21:11:20,105
9088,Nvidia,Neutral,NVIDIA celebrates 40 years of Spider-Man with full AI recreation: bit.ly/3c3FrLX https://t.co/OVSP8cVcHv],2025-10-13 21:11:14,2025-10-13 21:11:20,105
9088,Nvidia,Neutral,1994 NVIDIA first celebrates 40 golden years of Pac - Z Man with sharing an AI recreation : bit. ly / w 3c3FrLX https://t.co/OVSP8cVcHv ],2025-10-13 21:11:14,2025-10-13 21:11:20,137
9088,Nvidia,Neutral,NVIDIA celebrates three years of Gary-Man with an upcoming recreation: `.ly/3c3FrLX https://t.co/OVSP8cVcHv],2025-10-13 21:11:14,2025-10-13 21:11:20,108
9089,Nvidia,Positive,MOTHER. OF. GOD.,2025-10-13 21:11:14,2025-10-13 21:11:20,16
9089,Nvidia,Positive,MOTHER. BY GOD.,2025-10-13 21:11:14,2025-10-13 21:11:20,15
9089,Nvidia,Positive,MOTHER. OF. GOD.,2025-10-13 21:11:14,2025-10-13 21:11:20,16
9089,Nvidia,Positive,MOTHER. OF. 3.,2025-10-13 21:11:14,2025-10-13 21:11:20,14
9089,Nvidia,Positive,MOTHER. F OF. T GOD.,2025-10-13 21:11:14,2025-10-13 21:11:20,20
9089,Nvidia,Positive,MOTHER. OF. AND.,2025-10-13 21:11:14,2025-10-13 21:11:20,16
9090,Nvidia,Neutral,E2E Networks is pleased to bring you a Test Drive program for NVIDIA Virtual GPU Technology. vGPU technology enables users to work more efficiently and productively.    @nvidia   @NVIDIAAI    . Request a Test Drive Program here: . bit.ly/2ZnF5MX https://t.co/AkW6rGPVS6,2025-10-13 21:11:14,2025-10-13 21:11:20,269
9090,Nvidia,Neutral,E2E Networks is pleased to present you a test drive program for the NVIDIA Virtual GPU Technology. vGPU technology allows users to work more efficiently and productively. nvidia @ NVIDIAAI. Request a test drive program here:. bit.ly / 2ZnF5MX https: / / t.co / AkW6rGPVS6,2025-10-13 21:11:14,2025-10-13 21:11:20,271
9090,Nvidia,Neutral,vGPU technology enables users to work more efficiently and effectively. @ nvidia @ NVIDIAAI. Order a test drive here:. bit.ly / 2ZnF5MX https: / / enco / AkW6rGPVS6,2025-10-13 21:11:14,2025-10-13 21:11:20,164
9090,Nvidia,Neutral,E2E Networks is pleased to bring you new Test Drive program for NVIDIA Virtual GPU Technology. vGPU technology enables enterprises to compute more effortlessly and productively.    @nvidia   @NVIDIAAI   . Request a Test Drive Program here: = t.ly/2ZnF5MX https://t.co/AkW6rGPVS6],2025-10-13 21:11:14,2025-10-13 21:11:20,279
9090,Nvidia,Neutral,E2E Networks is pleased to bring you out a Test Drive program built for this NVIDIA Virtual GPU Technology. vGPU This technology enables users to actively work more both efficiently and productively. @nvidia @NVIDIAAI. Request a Test And Drive Program out here :. c bit. l ly / 2ZnF5MX https://t.co/AkW6rGPVS6 ],2025-10-13 21:11:14,2025-10-13 21:11:20,311
9090,Nvidia,Neutral,Corporation Limited is pleased an bring you a Test Rod Subscription for NVIDIA Virtual GPU Technology. vGPU technology lets users to run most efficiently and when. @nvidia @NVIDIAAI. Request a Test Drive Program account:. bit.ly/2ZnF5MX https://t.co/AkW6rGPVS6],2025-10-13 21:11:14,2025-10-13 21:11:20,261
9091,Nvidia,Positive,. twitter.com/MinteractApp/s… https://t.co/uBDtRE9IuD,2025-10-13 21:11:14,2025-10-13 21:11:20,54
9091,Nvidia,Positive,. twitter.com / MinteractApp / s... https: / / t.co / uBDtRE9IuD,2025-10-13 21:11:14,2025-10-13 21:11:20,64
9091,Nvidia,Positive,. http: / / www.youtube.com / watch? v = uBDtRE9IuD,2025-10-13 21:11:14,2025-10-13 21:11:20,51
9091,Nvidia,Positive,. twitter.com/MinteractApp/s… RhttpR],2025-10-13 21:11:14,2025-10-13 21:11:20,38
9091,Nvidia,Positive,The  . twitter.com/MinteractApp/s… RhttpR],2025-10-13 21:11:14,2025-10-13 21:11:20,42
9091,Nvidia,Positive,will,2025-10-13 21:11:14,2025-10-13 21:11:20,4
9092,Nvidia,Neutral,NVIDIA Patches Code Execution Flaws in GeForce Experience,2025-10-13 21:11:14,2025-10-13 21:11:20,59
9092,Nvidia,Neutral,NVIDIA Fixes Code Execution Errors in GeForce Experience,2025-10-13 21:11:14,2025-10-13 21:11:20,56
9092,Nvidia,Neutral,NVIDIA Updates Code Execution Flags in GeForce Experience,2025-10-13 21:11:14,2025-10-13 21:11:20,57
9092,Nvidia,Neutral,NVIDIA Patches Code Execution Flaws for GeForce Experience,2025-10-13 21:11:14,2025-10-13 21:11:20,58
9092,Nvidia,Neutral,Windows NVIDIA Cloud Patches Code Execution Flaws in GeForce World Experience,2025-10-13 21:11:14,2025-10-13 21:11:20,77
9092,Nvidia,Neutral,NVIDIA Patches Code Execution for True GeForce Experience,2025-10-13 21:11:14,2025-10-13 21:11:20,57
9093,Nvidia,Positive,"Ok, this just sold me on RTX... 🤯 Amazing!",2025-10-13 21:11:14,2025-10-13 21:11:20,42
9093,Nvidia,Positive,"Ok, that just sold me on RTX... Unbelievable!",2025-10-13 21:11:14,2025-10-13 21:11:20,45
9093,Nvidia,Positive,"Okay, it just sold me at auction... Amazing!",2025-10-13 21:11:14,2025-10-13 21:11:20,44
9093,Nvidia,Positive,"Ok, this just sold me on RTX... How Amazing!",2025-10-13 21:11:14,2025-10-13 21:11:20,44
9093,Nvidia,Positive,"... Ok, if this just sold out me on RTX... [UNK] Amazing!",2025-10-13 21:11:14,2025-10-13 21:11:20,57
9093,Nvidia,Positive,"PS, this just sold me Super RTX... <unk> Amazing!",2025-10-13 21:11:14,2025-10-13 21:11:20,49
9094,Nvidia,Positive,Yo. The NVIDIA showing was crazy.,2025-10-13 21:11:14,2025-10-13 21:11:20,33
9094,Nvidia,Positive,Yo. The NVIDIA show was crazy.,2025-10-13 21:11:14,2025-10-13 21:11:20,30
9094,Nvidia,Positive,Yo. The NVIDIA shows was crazy.,2025-10-13 21:11:14,2025-10-13 21:11:20,31
9094,Nvidia,Positive,Yo. The NVIDIA performance was crazy.,2025-10-13 21:11:14,2025-10-13 21:11:20,37
9094,Nvidia,Positive,No Yo. The NVIDIA showing me was crazy.,2025-10-13 21:11:14,2025-10-13 21:11:20,39
9094,Nvidia,Positive,Yo. The NVIDIA angle was crazy.,2025-10-13 21:11:14,2025-10-13 21:11:20,31
9095,Nvidia,Positive,"Nvidia just bought ARM, wtf.. That's insane!",2025-10-13 21:11:14,2025-10-13 21:11:20,44
9095,Nvidia,Positive,"Nvidia has just bought ARM, wtf.. This is crazy!",2025-10-13 21:11:14,2025-10-13 21:11:20,48
9095,Nvidia,Positive,"Nvidia just bought ARM, wtf.. That's it!",2025-10-13 21:11:14,2025-10-13 21:11:20,40
9095,Nvidia,Positive,"Nvidia just dropped ARM, wtf.. That's insane!",2025-10-13 21:11:14,2025-10-13 21:11:20,45
9095,Nvidia,Positive,"But Nvidia just bought ARM, at wtf.. The That's insane!",2025-10-13 21:11:14,2025-10-13 21:11:20,55
9095,Nvidia,Positive,"Nvidia recently bought ARM, wtf.. That's weird!",2025-10-13 21:11:14,2025-10-13 21:11:20,47
9096,Nvidia,Positive,Think this is the best time to upgrade my gpu. The new NVIDIA gpus 🤤🤤,2025-10-13 21:11:14,2025-10-13 21:11:20,69
9096,Nvidia,Positive,I think this is the best time to upgrade my GPU.,2025-10-13 21:11:14,2025-10-13 21:11:20,48
9096,Nvidia,Positive,I think now is the best time to upgrade my gpu.,2025-10-13 21:11:14,2025-10-13 21:11:20,47
9096,Nvidia,Positive,Think this probably the wrong time to upgrade my gpu. The new NVIDIA gpus 🤤🤤,2025-10-13 21:11:14,2025-10-13 21:11:20,76
9096,Nvidia,Positive,Think this is the best time when to upgrade to my gpu. The completely new Galaxy NVIDIA gpus [UNK],2025-10-13 21:11:14,2025-10-13 21:11:20,98
9096,Nvidia,Positive,saying this is the best place to start my gpu. The new NVIDIA gpus <unk>,2025-10-13 21:11:14,2025-10-13 21:11:20,72
9097,Nvidia,Neutral,"Nvidia RTX 3080 cards are selling for thousands on eBay, and people are pissed - The Verge news.google.com/__i/rss/rd/art… Nvidia RTX 3080 cards are selling for thousands on eBay, and people are pissed  The VergeCustom RTX 3080 cards are here!  JayzTwoCentsHow to ...",2025-10-13 21:11:14,2025-10-13 21:11:20,267
9097,Nvidia,Neutral,"Nvidia RTX 3080 cards are sold for thousands on eBay, and people are sour - The Verge news.google.com / _ _ i / rss / rd / art... Nvidia RTX 3080 cards are sold for thousands on eBay, and people are sour The VergeCustom RTX 3080 cards are here! JayzTwoCentsHow to...",2025-10-13 21:11:14,2025-10-13 21:11:20,266
9097,Nvidia,Neutral,Nvidia X 3080 cards sell for thousands on eBay and people are shocked - The Verge news.google.com / _ _ i / rss / rd / art... Nvidia X 3080 cards sell for thousands on eBay and people are shocked - The Verge news.google.com / _ i / rss / rd / art... Nvidia X 3080 cards sell for thousands on eBay and people are shocked The VergeCustom X 3080 cards are here! JayzTwoCentsHow...,2025-10-13 21:11:14,2025-10-13 21:11:20,377
9097,Nvidia,Neutral,"Nvidia RTX 3080 cards are selling @ thousands on eBay, and people are pissed - The Verge link.google.com/__i/rss/rd/art… Nvidia GPUs 3080 cards are selling for thousands at eBay, and people are unhappy new RTX 1080 cards are here!  JayzTwoCentsHow to...",2025-10-13 21:11:14,2025-10-13 21:11:20,253
9097,Nvidia,Neutral,"Nvidia RTX series 3080 cards here are selling for thousands on eBay, here and there people are pissed - The Verge bought news. google. com / _ _ i / rss / rd /... art … and Nvidia RTX 3080 cards are selling for thousands on eBay, there and people are real pissed The VergeCustom RTX 3080 cards now are here! JayzTwoCentsHow to...",2025-10-13 21:11:14,2025-10-13 21:11:20,329
9097,Nvidia,Neutral,"Nvidia RTX replacement cards are selling for thousands on eBay, and people are pissed - The Verge media.google.com/__i/rss/rd/art... Nvidia RTX 3080 designs are selling at thousands on eBay, people individuals are pissed The VergeCustom RTX 3080 players are here! More to...",2025-10-13 21:11:14,2025-10-13 21:11:20,274
9099,Nvidia,Negative,"The new Nvidia cards launch tomorrow and currently there hasn’t been prices released for many of the cards and theres confusion on what is even going to be available at all.. . This is maybe the worst expensive tech launch since the Sega Saturn, that I’ve experienced. Embarrassing.",2025-10-13 21:11:14,2025-10-13 21:11:20,282
9099,Nvidia,Negative,The new Nvidia cards launch tomorrow and currently there are no prices for many of the cards have been released and theres confusion about what will even be available... This is perhaps the worst expensive tech launch since the Sega Saturn that I've experienced. Embarrassing.,2025-10-13 21:11:14,2025-10-13 21:11:20,276
9099,Nvidia,Negative,"Nvidia's new maps start tomorrow, and currently prices for many of the maps have not been announced, and there is confusion about what will be available at all.. This is probably the worst expensive technology launch since Sega Saturn I've ever seen.",2025-10-13 21:11:14,2025-10-13 21:11:20,250
9099,Nvidia,Negative,"The new Nvidia cards arrive tomorrow and. there hasn’t been prices published for many of the cards and theres confusion on what is even going to be available at all... This it maybe the first expensive tech launch since the Sega Saturn, that I’ve noticed. Embarrassing.",2025-10-13 21:11:14,2025-10-13 21:11:20,269
9099,Nvidia,Negative,"The lovely new Nvidia cards launch tomorrow Monday and currently there hasn ’ t been prices released for many of of them the cards since and theres confusion on what is even going to be available at all... This is maybe the very worst expensive tech launch since the cancelled Sega Mega Saturn, that stuff I ’ whole ve experienced. Embarrassing.",2025-10-13 21:11:14,2025-10-13 21:11:20,345
9099,Nvidia,Negative,"The original Nvidia cards launch tomorrow and currently there hasn’t many prices released for many on the cards and so confusion on what is even expected his be prices at all... This is certainly the worst expensive tech launch since the Sega 90, that I’ve experienced. Embarrassing.",2025-10-13 21:11:14,2025-10-13 21:11:20,283
9100,Nvidia,Positive,Damn.  Those nvidia 30xx gpus are sexy.,2025-10-13 21:11:14,2025-10-13 21:11:20,39
9100,Nvidia,Positive,Damn. These nvidia 30xx gpus are sexy.,2025-10-13 21:11:14,2025-10-13 21:11:20,38
9100,Nvidia,Positive,"Damn, these nvidia 30gpus are sexy.",2025-10-13 21:11:14,2025-10-13 21:11:20,35
9100,Nvidia,Positive,Damn. <unk> nvidia 30xx gpus are sexy.,2025-10-13 21:11:14,2025-10-13 21:11:20,38
9100,Nvidia,Positive,Damn. Those nvidia 30xx gpus boots are totally sexy.,2025-10-13 21:11:14,2025-10-13 21:11:20,52
9100,Nvidia,Positive,Damn. Those nvidia 30xx gpus guns going.,2025-10-13 21:11:14,2025-10-13 21:11:20,40
9101,Nvidia,Negative,"So, Nvidia, fuck you!",2025-10-13 21:11:15,2025-10-13 21:11:20,21
9101,Nvidia,Negative,"So, Nvidia, goddamn it!",2025-10-13 21:11:15,2025-10-13 21:11:20,23
9101,Nvidia,Negative,"So, Nvidia, fuck you!",2025-10-13 21:11:15,2025-10-13 21:11:20,21
9101,Nvidia,Negative,"So, Nvidia, fuck that!",2025-10-13 21:11:15,2025-10-13 21:11:20,22
9101,Nvidia,Negative,"So, said Nvidia, fuck you!",2025-10-13 21:11:15,2025-10-13 21:11:20,26
9101,Nvidia,Negative,"So, Nvidia, fuck on!",2025-10-13 21:11:15,2025-10-13 21:11:20,20
9102,Nvidia,Negative,Fuck everyone who has got the RTX 3080 . I haven’t even got a good enough pc to put one in @NVIDIAGeForce @nvidia,2025-10-13 21:11:15,2025-10-13 21:11:20,113
9102,Nvidia,Negative,Shit on everyone who has the RTX 3080. I don't even have a good enough PC to install it under @ NVIDIAGeForce @ nvidia.,2025-10-13 21:11:15,2025-10-13 21:11:20,119
9102,Nvidia,Negative,Fuck everyone who has got the X 3080. I haven't even got a good pc to put one in @ NVIDIAGeForce @ nvidia,2025-10-13 21:11:15,2025-10-13 21:11:20,105
9102,Nvidia,Negative,Fuck everyone who has got the Win 3080 because I haven’t even got a good AAA pc to put one in @NVIDIAGeForce @nvidia,2025-10-13 21:11:15,2025-10-13 21:11:20,116
9102,Nvidia,Negative,Fuck everyone who shit has got the RTX 3080. Dude I haven said ’ was t even got a good dollar enough a pc to go put one in @NVIDIAGeForce @nvidia,2025-10-13 21:11:15,2025-10-13 21:11:20,145
9102,Nvidia,Negative,Fuck everyone who has got this RTX 3080. I just honestly got a good enough pc either put one in @NVIDIAGeForce 1,2025-10-13 21:11:15,2025-10-13 21:11:20,112
9103,Nvidia,Negative,"@nvidia Hey, I have GTX 950M and I am experiencing low fps while gaming and streaming while using nvenc to encode stream",2025-10-13 21:11:15,2025-10-13 21:11:20,120
9103,Nvidia,Negative,"@ nvidia Hi, I have GTX 950M and I experience low fps while playing and streaming while using nvenc to encode stream",2025-10-13 21:11:15,2025-10-13 21:11:20,116
9103,Nvidia,Negative,"@ nvidia Hey, I have the X 950M and I experience low frame rates per second while playing and streaming using nvenc to encode the stream",2025-10-13 21:11:15,2025-10-13 21:11:20,136
9103,Nvidia,Negative,"@nvidia game, I have GTX 950M and I am experiencing low fps while gaming and unfortunately while using nvenc to encode stream",2025-10-13 21:11:15,2025-10-13 21:11:20,125
9103,Nvidia,Negative,"@nvidia Hey, I actually have GTX 950M support and I am even experiencing constant low fps while gaming and streaming files while using nvenc to encode stream",2025-10-13 21:11:15,2025-10-13 21:11:20,157
9103,Nvidia,Negative,"@nvidia Hey, I have GTX 4 and this am experiencing low fps while gaming and streaming images using nvenc and encode stream",2025-10-13 21:11:15,2025-10-13 21:11:20,122
9104,Nvidia,Positive,Super nice! Will get one! Jetson Nano 2GB,2025-10-13 21:11:15,2025-10-13 21:11:20,43
9104,Nvidia,Positive,Super nice! Gets one! Jetson Nano 2GB,2025-10-13 21:11:15,2025-10-13 21:11:20,37
9104,Nvidia,Positive,Super nice! Will get one! Jetson Nano 2GB,2025-10-13 21:11:15,2025-10-13 21:11:20,41
9104,Nvidia,Positive,Super nice! I get one! Jetson Nano 2GB,2025-10-13 21:11:15,2025-10-13 21:11:20,38
9104,Nvidia,Positive,Super nice! Will get us one! Jetson to Nano 2GB,2025-10-13 21:11:15,2025-10-13 21:11:20,47
9104,Nvidia,Positive,Super nice! Will get one! Jetson Nano Nano,2025-10-13 21:11:15,2025-10-13 21:11:20,42
9105,Nvidia,Positive,It's Very Interesting If We Get Something For Smartphones By Nvidia,2025-10-13 21:11:15,2025-10-13 21:11:20,67
9105,Nvidia,Positive,It is very interesting if we have something for smartphones from Nvidia,2025-10-13 21:11:15,2025-10-13 21:11:20,71
9105,Nvidia,Positive,Very interesting if we get something from Nvidia,2025-10-13 21:11:15,2025-10-13 21:11:20,48
9105,Nvidia,Positive,It's Very Interesting If We Get Something For Smartphones from Nvidia,2025-10-13 21:11:15,2025-10-13 21:11:20,69
9105,Nvidia,Positive,It's A Very Interesting Because If Now We Get Something For Smartphones By Nvidia,2025-10-13 21:11:15,2025-10-13 21:11:20,81
9105,Nvidia,Positive,That's Very Interesting Once We Get Something For Smartphones By Nvidia,2025-10-13 21:11:15,2025-10-13 21:11:20,71
9106,Nvidia,Positive,YOOOOO THIS IS SO LIT. 100% testing this out on stream tonight .,2025-10-13 21:11:15,2025-10-13 21:11:20,65
9106,Nvidia,Positive,YOOOO THIS IS SO LIT. Try this tonight on the stream 100%.,2025-10-13 21:11:15,2025-10-13 21:11:20,58
9106,Nvidia,Positive,YOOOO THIS SO LIT. 100% testing this out on stream tonight.,2025-10-13 21:11:15,2025-10-13 21:11:20,59
9106,Nvidia,Positive,YOOOOO THIS IS SO LIT. 100% testing this out on stream trials.,2025-10-13 21:11:15,2025-10-13 21:11:20,62
9106,Nvidia,Positive,OH YOOOOO THIS IS SO LIT. Remember 100 % testing this out while on my stream tonight.,2025-10-13 21:11:15,2025-10-13 21:11:20,85
9106,Nvidia,Positive,YOOOOO THIS IS SO FOR. Am testing this out on paper tonight.,2025-10-13 21:11:15,2025-10-13 21:11:20,60
9107,Nvidia,Neutral,Omg! I found this very cool 3D Design company and they are giving an NVIDIA RTX 2080 to one of their Youtube Subscribers! . . %{link} wn.nr/AxzDw8,2025-10-13 21:11:15,2025-10-13 21:11:20,146
9107,Nvidia,Neutral,Omg! I found this very cool 3D design company and they give an NVIDIA RTX 2080 to one of their Youtube subscribers!..% {link} wn.nr / AxzDw8,2025-10-13 21:11:15,2025-10-13 21:11:20,140
9107,Nvidia,Neutral,Omg! I found this very cool 3D Design company and they are giving an NVIDIA X 2080 to one of their Youtube Subscribers!.% {link},2025-10-13 21:11:15,2025-10-13 21:11:20,128
9107,Nvidia,Neutral,Omg! I found this very cool 3D Design company when they started giving their NVIDIA RTX 2080 to one of Your Youtube Subscribers!.. %{link} wn.nr/AxzDw8,2025-10-13 21:11:15,2025-10-13 21:11:20,151
9107,Nvidia,Neutral,a Omg! I found through this very cool 3D Graphic Design company and they are giving off an NVIDIA inspired RTX Model 2080 to exactly one third of their Youtube Subscribers!.. % { link } by wn. nr / o AxzDw8,2025-10-13 21:11:15,2025-10-13 21:11:20,206
9107,Nvidia,Neutral,me! I found some very cool Video Design company where they are giving that NVIDIA RTX 2080 to All its Your Youtube Subscribers!.. %{link} wn.nr/AxzDw8,2025-10-13 21:11:15,2025-10-13 21:11:20,150
9108,Nvidia,Positive,Awesome,2025-10-13 21:11:15,2025-10-13 21:11:20,7
9108,Nvidia,Positive,Awesome,2025-10-13 21:11:15,2025-10-13 21:11:20,7
9108,Nvidia,Positive,Afome,2025-10-13 21:11:15,2025-10-13 21:11:20,5
9108,Nvidia,Positive,Awesome,2025-10-13 21:11:15,2025-10-13 21:11:20,7
9108,Nvidia,Positive,True Awesome,2025-10-13 21:11:15,2025-10-13 21:11:20,12
9108,Nvidia,Positive,at,2025-10-13 21:11:15,2025-10-13 21:11:20,2
9109,Nvidia,Negative,"What a joke, the 3080 went from out of stock within 1 second of release to now BUY NOW but you can't buy it! Come on Nvidia. pic.twitter.com/yBW0pQeY41",2025-10-13 21:11:15,2025-10-13 21:11:20,151
9109,Nvidia,Negative,"What a joke, the 3080 was out of stock within a second of release and now BUY NOW, but you can't buy it! Come on Nvidia! pic.twitter.com / yBW0pQeY41",2025-10-13 21:11:15,2025-10-13 21:11:20,149
9109,Nvidia,Negative,"What a joke, 3080 left stock within 1 second of release still BUY NOW but you can't buy it! Go to Nvidiopic.com / yBW0pQeY41",2025-10-13 21:11:15,2025-10-13 21:11:20,124
9109,Nvidia,Negative,"What a joke, the 3080 went from out of stock within 1 second of release to now BUY NOW but you can't buy it! Come on Nvidia. pic.twitter.com/yBW0pQeY41",2025-10-13 21:11:15,2025-10-13 21:11:20,151
9109,Nvidia,Negative,"and What a joke, the 3080 went from out of stock within 1 second of release to now BUY NOW but you can't buy it! Come on Nvidia. pic.twitter.com/yBW0pQeY41",2025-10-13 21:11:15,2025-10-13 21:11:20,155
9109,Nvidia,Negative,do,2025-10-13 21:11:15,2025-10-13 21:11:20,2
9110,Nvidia,Neutral,My beast trading PC. It’s insane and yes I like LEDs. Clearly.,2025-10-13 21:11:15,2025-10-13 21:11:20,64
9110,Nvidia,Neutral,"My animal dealing with PC. It's crazy and yes, I like LEDs. Sure.",2025-10-13 21:11:15,2025-10-13 21:11:20,65
9110,Nvidia,Neutral,My best trading computers.,2025-10-13 21:11:15,2025-10-13 21:11:20,26
9110,Nvidia,Neutral,My beast of PC. It’s insane and yes I like LEDs. Clearly.,2025-10-13 21:11:15,2025-10-13 21:11:20,57
9110,Nvidia,Neutral,My beast trading PC. It ’ s insane and the yes and I like LEDs. But Clearly.,2025-10-13 21:11:15,2025-10-13 21:11:20,76
9110,Nvidia,Neutral,the beast trading PC. It’s insane and yes seems like LEDs. Clearly.,2025-10-13 21:11:15,2025-10-13 21:11:20,67
9112,Nvidia,Neutral,. .  . . Read More Here:. cnweekly.com/news/state/sat…,2025-10-13 21:11:15,2025-10-13 21:11:20,55
9112,Nvidia,Neutral,.... Read more here:. cnweekly.com / news / state / sat...,2025-10-13 21:11:15,2025-10-13 21:11:20,58
9112,Nvidia,Neutral,Here:. cnweey.com / news / state / sat...,2025-10-13 21:11:15,2025-10-13 21:11:20,41
9112,Nvidia,Neutral,.   .. Get More Here:. cnweekly.com/news/state/sat…,2025-10-13 21:11:15,2025-10-13 21:11:20,51
9112,Nvidia,Neutral,.... Read More to Here :. en cnweekly.... com / national news / state / sat …,2025-10-13 21:11:15,2025-10-13 21:11:20,77
9112,Nvidia,Neutral,.... Share through Search:. blog.com/news/state/sat...,2025-10-13 21:11:15,2025-10-13 21:11:20,54
9113,Nvidia,Negative,@nvidia @NVIDIAGeForce . Just bought a new 3080 card and my odyssey g9 won’t go to 240 hz with the card. What’s going on? https://t.co/h880tFeLDM,2025-10-13 21:11:15,2025-10-13 21:11:20,145
9113,Nvidia,Negative,@ nvidia @ NVIDIAGeForce. I just bought a new 3080 card and my Odyssey g9 will not go to 240Hz with the card. What's going on? https: / / t.co / h880tFeLDM,2025-10-13 21:11:15,2025-10-13 21:11:20,155
9113,Nvidia,Negative,@ nvidia @ NVIDIAGeForce. Just bought a new 3080 card and my g9 odyssey won't go to 240 Hz with the card. What's going on?,2025-10-13 21:11:15,2025-10-13 21:11:20,122
9113,Nvidia,Negative,@nvidia Edit. Just bought a new 3080 card and my odyssey g9 won’t drop under 240 hz with the adapter. What’s going on? https://t.co/h880tFeLDM],2025-10-13 21:11:15,2025-10-13 21:11:20,143
9113,Nvidia,Negative,@nvidia @NVIDIAGeForce. Just you bought us a completely new 3080 card and my old odyssey g9 he won ’ now t go to 240 hz with replacing the card. What fuck ’ s going on? 2011 https://t.co/h880tFeLDM ],2025-10-13 21:11:15,2025-10-13 21:11:20,199
9113,Nvidia,Negative,@nvidia @NVIDIAGeForce. Just bought a Canon 3080 computer and my odyssey g9 would be below 240 hz from the card. What’s going on? 7],2025-10-13 21:11:15,2025-10-13 21:11:20,132
9114,Nvidia,Neutral,@nvidia🤔 why? But why?  We buy 2 cards convinced that Sli nvidia is the TOP ... AND YOU!  and then!  THAT'S NO GOOD!!  NO NEW GAMES SUPPORT SLI !!  Wow what a disappointment ...Doom eternal... No sorry... Call of duty modern warfare 2019.. No sorry... Good job!,2025-10-13 21:11:15,2025-10-13 21:11:20,261
9114,Nvidia,Neutral,"@ nvidia why? But why? We buy 2 tickets convinced that Sli nvidia is the TOP... AND YOU! and then! THAT IS NO GOOD!! NO NEW GAMES SUPPORT SLI!! Wow, what a disappointment... doom forever... No sorry... Call of Duty modern warfare 2019.. No sorry... Good job!",2025-10-13 21:11:15,2025-10-13 21:11:20,258
9114,Nvidia,Neutral,"@ nvidia why? But why? We buy 2 postcards, convinced that Sli nvidia is TOP... And YOU! And then! THAT IS NO GOOD!! NO NEW GAME SUPORT SLI!! Oh, what a disappointment... Eternal doom... Not sorry... Call of Duty for Modern War 2019.. Not sorry... Good job!",2025-10-13 21:11:15,2025-10-13 21:11:20,256
9114,Nvidia,Neutral,@nvidia🤔 why? But why?  We buy 2 teams convinced that Sli nvidia is the TOP... AND YOU!  And then!  THAT'S ALL GOOD!!  : NEW GAMES SUPPORT SLI!!  Wow what a disappointment..<unk> No sorry... Call of duty modern warfare 2019.. No sorry... Good bye!,2025-10-13 21:11:15,2025-10-13 21:11:20,247
9114,Nvidia,Neutral,[UNK] why? But why why? We buy 2 cards convinced of that Sli nvidia is the TOP... AND AT YOU! There and then! THAT'R S NO GOOD!! NO NEW GAMES THE SUPPORT SLI!! Wow what constitutes a disappointment... Doom eternal... No sorry... a Call of duty modern warfare till 2019.. No sorry... Good doing job!,2025-10-13 21:11:15,2025-10-13 21:11:20,298
9114,Nvidia,Neutral,@nvidia<unk><unk>? But why? You buy 5 cards convinced this Sli nvidia be the TOP... AND HOW! and then! THAT'S NO GOOD!! NO NEW GAMES SUPPORT SLI!! Wow what crap movie...Doom eternal... No sorry... Call of duty modern warfare junk.. No sorry... Your job!,2025-10-13 21:11:15,2025-10-13 21:11:20,253
9115,Nvidia,Neutral,"@MicrosoftHelpt @TreyarchPC @ATVIAssist I am having issues with play COD: BO3, launching through Steam. Crashing after about 1-2minutes in game. See screenshot for event viewer. Tried running in compatibility mode for Win 7, did not fix it. Intel 7700K, nvidia 2080Ti pic.twitter.com/bxuWYY7tkV",2025-10-13 21:11:15,2025-10-13 21:11:20,294
9115,Nvidia,Neutral,"@ MicrosoftHelpt @ TreyarchPC @ ATVIAssist I have problems with the game COD: BO3, which was started on Steam. Crash after about 1-2 minutes in the game. See screenshot for event viewer. Tried to run in compatibility mode for Win 7, did not fix it. Intel 7700K, nvidia 2080Ti pic.twitter.com / bxuWY7tkV",2025-10-13 21:11:15,2025-10-13 21:11:20,303
9115,Nvidia,Neutral,@ Helpt @ TreyarchPC @ ATVIAssist I have a problem with COD: BO3 running via Steam.,2025-10-13 21:11:15,2025-10-13 21:11:20,83
9115,Nvidia,Neutral,"RhandlerR RhandlerR RhandlerR I am having issues with play COD: BO3, launching through Steam. Crashing after about 1-2minutes in game. See screenshot for event viewer. Tried running in compatibility mode for Win 7, did not fix it. Intel 7700K, nvidia 2080Ti pic.twitter.com/bxuWYY7tkV",2025-10-13 21:11:15,2025-10-13 21:11:20,284
9115,Nvidia,Neutral,"Sony RhandlerR RhandlerR RhandlerR I am having issues with play COD: BO3, launching through Steam. Crashing after about 1-2minutes in game. See screenshot for event viewer. Tried running in compatibility mode for Win 7, did not fix it. Intel 7700K, nvidia 2080Ti pic.twitter.com/bxuWYY7tkV",2025-10-13 21:11:15,2025-10-13 21:11:20,289
9115,Nvidia,Neutral,me,2025-10-13 21:11:15,2025-10-13 21:11:20,2
9116,Nvidia,Neutral,Nice .  Follow . @pcgeekinfo. . Twitter . @pcgeekinfo . . YouTube . youtube.com/pcgeekinfo. . .,2025-10-13 21:11:15,2025-10-13 21:11:20,97
9116,Nvidia,Neutral,Nice. Follow. @ pcgeekinfo.. Twitter. @ pcgeekinfo.. YouTube. youtube.com / pcgeekinfo...,2025-10-13 21:11:15,2025-10-13 21:11:20,89
9116,Nvidia,Neutral,Nice. Follow. @ pcgeekinfo.. Twitter. @ pcgeekinfo.. YouTube. youtube.com / pcgeekinfo...,2025-10-13 21:11:15,2025-10-13 21:11:20,89
9116,Nvidia,Neutral,Nice.  Follow @<unk>.. Twitter. @pcgeekinfo<unk>. YouTube. youtube.com/pcgeekinfo...,2025-10-13 21:11:15,2025-10-13 21:11:20,84
9116,Nvidia,Neutral,Nice. it Follow. towards @pcgeekinfo.. Twitter. about @pcgeekinfo.. 7 YouTube. https youtube. com / profile pcgeekinfo...,2025-10-13 21:11:15,2025-10-13 21:11:20,121
9116,Nvidia,Neutral,Games. Like. Chat.. Black. LinkedIn.. YouTube. Xbox.com/pcgeekinfo...,2025-10-13 21:11:15,2025-10-13 21:11:20,69
9117,Nvidia,Neutral,"The Android with the longest support life isn't a phone, it's the NVIDIA Shield TV - androidcentral.com/android-longes…. -.",2025-10-13 21:11:15,2025-10-13 21:11:20,126
9117,Nvidia,Neutral,"The Android with the longest lifespan is not a phone, it's the NVIDIA Shield TV - androidcentral.com / android-longes.... -.",2025-10-13 21:11:15,2025-10-13 21:11:20,124
9117,Nvidia,Neutral,"Android with the longest support life is not a phone, it is NVIDIA Shield TV - androidcentral.com / android-longes.... -.",2025-10-13 21:11:15,2025-10-13 21:11:20,121
9117,Nvidia,Neutral,"The Android tablet the longest support actually isn't a phone, it's the NVIDIA Shield TV - nature.com/android-longes…. -.",2025-10-13 21:11:15,2025-10-13 21:11:20,121
9117,Nvidia,Neutral,"The young Android platform with the very longest support life is isn't t a phone, it's using the NVIDIA Red Shield TV - THE androidcentral. com / android - longes …. -.",2025-10-13 21:11:15,2025-10-13 21:11:20,168
9117,Nvidia,Neutral,"or Android with the longest support and you't or phone, it's that NVIDIA Shield TV - watch.com/android-longes.... -.",2025-10-13 21:11:15,2025-10-13 21:11:20,116
9118,Nvidia,Positive,"Let’s just say Nvidia users can be blessed with this, just as a little hint. 🤫",2025-10-13 21:11:15,2025-10-13 21:11:20,78
9118,Nvidia,Positive,"Let's just say that Nvidia users can be blessed with it, just as a small hint.",2025-10-13 21:11:15,2025-10-13 21:11:20,78
9118,Nvidia,Positive,"Suppose Nvidia users are startled by this, just as a small hint.",2025-10-13 21:11:15,2025-10-13 21:11:20,64
9118,Nvidia,Positive,"Let’s all say Nvidia users can be blessed with this, just as a little token. 🤫",2025-10-13 21:11:15,2025-10-13 21:11:20,78
9118,Nvidia,Positive,"Let ’ s just say our Nvidia users can occasionally be blessed with this, just as take a little hint. « [UNK]",2025-10-13 21:11:15,2025-10-13 21:11:20,108
9118,Nvidia,Positive,"Let’s just say Nvidia users can be blessed to 2, following as a little hint. <unk>",2025-10-13 21:11:15,2025-10-13 21:11:20,82
9119,Nvidia,Neutral,Many Congratulations to @KTRTRS & @jayesh_ranjan Let's make Telangana AI Ready!!  . @Nidhiya_V_Raj @TWorksHyd @IITHyderabad @WEHubHyderabad,2025-10-13 21:11:15,2025-10-13 21:11:20,139
9119,Nvidia,Neutral,Congratulations to @ KTRTRS & @ jayesh _ ranjan Let's make Telangana AI Ready!!. @ Nidhiya _ V _ Raj @ TWorksHyd @ IITHyderabad @ WEHubHyderabad,2025-10-13 21:11:15,2025-10-13 21:11:20,144
9119,Nvidia,Neutral,Congratulations @ KTRS & @ jayesh _ ranjan Let's make Telangana AI Reedy!!. @ Nidhiya _ V _ Raj @ TWordHyd @ IITHyderabad @ HubHyderabad,2025-10-13 21:11:15,2025-10-13 21:11:20,136
9119,Nvidia,Neutral,Many Congratulations to @KTRTRS & @jayesh_ranjan Let's make Telangana AI Ready!! <unk> Z @Nidhiya_V_Raj S @TWorksHyd,2025-10-13 21:11:15,2025-10-13 21:11:20,116
9119,Nvidia,Neutral,But Many Congratulations to @KTRTRS & @jayesh_ranjan Let'r s to make Telangana Telangana Telangana AI MR Ready!!. @Nidhiya_V_Raj @TWorksHyd 2 @IITHyderabad @WEHubHyderabad,2025-10-13 21:11:15,2025-10-13 21:11:20,171
9119,Nvidia,Neutral,Many Congratulations to Everyone at @KTRTRS Let's make yourselves USA Certified. @jayesh_ranjan @Nidhiya_V_Raj UK @TWorksHyd,2025-10-13 21:11:15,2025-10-13 21:11:20,124
9120,Nvidia,Neutral,"Nvidia does some shady shit, but you gotta give them credit for always bringing the killer features.",2025-10-13 21:11:15,2025-10-13 21:11:20,100
9120,Nvidia,Neutral,"Nvidia does some dodgy shit, but you have to give them credit for always bringing the killer features.",2025-10-13 21:11:15,2025-10-13 21:11:20,102
9120,Nvidia,Neutral,"Nvidia does some shadowy shit, but you give them credit for always bringing killer features.",2025-10-13 21:11:15,2025-10-13 21:11:20,92
9120,Nvidia,Neutral,"Nvidia does some shady shit, but you gotta read them credit for always bringing the new features.",2025-10-13 21:11:15,2025-10-13 21:11:20,97
9120,Nvidia,Neutral,"Nvidia does some shady shit, but you gotta give them credit for nearly always never bringing back the right killer features.",2025-10-13 21:11:15,2025-10-13 21:11:20,124
9120,Nvidia,Neutral,"Nvidia does some shady shit, maybe they gotta give them credit for also bringing the killer features.",2025-10-13 21:11:15,2025-10-13 21:11:20,101
9121,Nvidia,Positive,"One hour until gtx 3070 launch, currently refreshing the Nvidia shop page over and over",2025-10-13 21:11:15,2025-10-13 21:11:20,87
9121,Nvidia,Positive,"One hour until the start of the Gtx 3070, which is currently refreshing the Nvidia shop page",2025-10-13 21:11:15,2025-10-13 21:11:20,92
9121,Nvidia,Positive,"An hour before launch 3070, currently updating Nvidia's store page over and over",2025-10-13 21:11:15,2025-10-13 21:11:20,80
9121,Nvidia,Positive,"One hour until Vega 3070 launch, currently refreshing the Nvidia shop page over and over",2025-10-13 21:11:15,2025-10-13 21:11:20,88
9121,Nvidia,Positive,"One 1 hour until an gtx 3070 launch, currently also refreshing the Nvidia shop page at over and over",2025-10-13 21:11:15,2025-10-13 21:11:20,100
9121,Nvidia,Positive,"One hour first gtx 3070 new, currently refreshing the Nvidia shop page over to over",2025-10-13 21:11:15,2025-10-13 21:11:20,83
9122,Nvidia,Positive,Amazing work @NVIDIAAI . . (H/T @pwnallthethings),2025-10-13 21:11:15,2025-10-13 21:11:20,49
9122,Nvidia,Positive,Amazing work @ NVIDIAAI.. (H / T @ pwnallthethings),2025-10-13 21:11:15,2025-10-13 21:11:20,51
9122,Nvidia,Positive,Amazing work by @ NVIDIAAI... (H / T @ penalthethings),2025-10-13 21:11:15,2025-10-13 21:11:20,54
9122,Nvidia,Positive,Amazing work @NVIDIAAI for. (H/T @pwnallthethings),2025-10-13 21:11:15,2025-10-13 21:11:20,50
9122,Nvidia,Positive,10 Amazing field work @NVIDIAAI.. ( H / 2 T @pwnallthethings),2025-10-13 21:11:15,2025-10-13 21:11:20,61
9122,Nvidia,Positive,Amazing things but.. (H/T I,2025-10-13 21:11:15,2025-10-13 21:11:20,27
9123,Nvidia,Neutral,Nvidia overtakes Intel as most valuable U.S. chipmaker | VentureBeat venturebeat.com/2020/07/10/nvi…,2025-10-13 21:11:15,2025-10-13 21:11:20,100
9123,Nvidia,Neutral,Nvidia overtakes Intel as most valuable US chipmaker | VentureBeat venturebeat.com / 2020 / 07 / 10 / nvi...,2025-10-13 21:11:15,2025-10-13 21:11:20,108
9123,Nvidia,Neutral,Nvidia has overtaken Intel as the most valuable American chipmaker - VentureBeat venturebeat.com / 2020 / 07 / 10 / nbsp...,2025-10-13 21:11:15,2025-10-13 21:11:20,123
9123,Nvidia,Neutral,Nvidia overtakes Intel is most expensive N.S. chipmaker | VentureBeat venturebeat.com/2020/07/10/nvi…,2025-10-13 21:11:15,2025-10-13 21:11:20,101
9123,Nvidia,Neutral,2018 Nvidia overtakes global Intel as most valuable U. S. Intel chipmaker | 2016 VentureBeat venturebeat. com / 2020 / web 07 / 10 / 16 nvi …,2025-10-13 21:11:15,2025-10-13 21:11:20,141
9123,Nvidia,Neutral,Nvidia 4 Windows remains most valuable U.S. chipmaker | Research Blog.com/2020/07/10/nvi...,2025-10-13 21:11:15,2025-10-13 21:11:20,91
9124,Nvidia,Negative,Big shit.,2025-10-13 21:11:15,2025-10-13 21:11:20,9
9124,Nvidia,Negative,Great shit.,2025-10-13 21:11:15,2025-10-13 21:11:20,11
9124,Nvidia,Negative,Big shit.,2025-10-13 21:11:15,2025-10-13 21:11:20,9
9124,Nvidia,Negative,Big boy.,2025-10-13 21:11:15,2025-10-13 21:11:20,8
9124,Nvidia,Negative,The Big shit.,2025-10-13 21:11:15,2025-10-13 21:11:20,13
9124,Nvidia,Negative,no shit.,2025-10-13 21:11:15,2025-10-13 21:11:20,8
9126,Nvidia,Neutral,Nice to share the launch day with . @Nvidia.  and . @PlayStation .  but all the hardware doesn't solve your lag problem. . . Don't be a race-car with tiny wheels gripping the internet.. . Don't forget to add on the All-new WiFi6 NPG XR1000!. bit.ly/32K23jz https://t.co/of5LF0DsFA,2025-10-13 21:11:15,2025-10-13 21:11:20,280
9126,Nvidia,Neutral,"Nice to share the start day with @ Nvidia. and @ PlayStation, but all the hardware doesn't solve your delay problem... Don't be a race car with tiny wheels holding the Internet... Don't forget to add the brand new WiFi6 NPG XR1000!. bit.ly / 32K23jz https: / / t.co / of5LF0DsFA",2025-10-13 21:11:15,2025-10-13 21:11:20,278
9126,Nvidia,Neutral,Nice to share the launch day with. @ Nvidio and. @ PlayStation. But all the hardware doesn't solve your problem... Don't be a racing car with tiny wheels taking over the internet.. Don't forget to add an All-new WiFi6 NPG XR1000!. bit.ly / 32K23jz https: / / Fenco / of5LF0DsFA,2025-10-13 21:11:15,2025-10-13 21:11:20,277
9126,Nvidia,Neutral,"Nice to share the launch day with Lenovo @Nvidia.  er. t.  but honestly the hardware doesn't solve your lag problem... Must be a race-car with tiny wheels gripping the internet.. \". Also forget to add on the All-new WiFi6 NPG XR1000!. bit.ly/32K23jz https://t.co/of5LF0DsFA]",2025-10-13 21:11:15,2025-10-13 21:11:20,274
9126,Nvidia,Neutral,Nice to just share the launch day with. @Nvidia. and. @PlayStation. but all the hardware doesn't solve your lag problem... But Don't be a race - car with tiny wheels gripping the social internet... Don't always forget that to add apps on the All - day new Digital WiFi6 NPG with XR1000!. bit. x ly / 32K23jz https://t.co/of5LF0DsFA ],2025-10-13 21:11:15,2025-10-13 21:11:20,333
9126,Nvidia,Neutral,Nice to share your launch details in. @Nvidia. and. @PlayStation. but all the excitement doesn't improve your lag problem... Don't be a zombie-car of tiny fingers gripping the internet... Don't forget I add on the the-new WiFi6 NPG XR1000!. bit.ly/32K23jz https://t.co/of5LF0DsFA],2025-10-13 21:11:15,2025-10-13 21:11:20,280
9127,Nvidia,Positive,RT @NVIDIACreators: Take it to the MAX. .  This year at,2025-10-13 21:11:15,2025-10-13 21:11:20,57
9127,Nvidia,Positive,RT @ NVIDIACreators: Bring it to the MAX.. this year at,2025-10-13 21:11:15,2025-10-13 21:11:20,55
9127,Nvidia,Positive,RT @ NVIDIACreators: This year on,2025-10-13 21:11:15,2025-10-13 21:11:20,33
9127,Nvidia,Positive,RT @NVIDIACreators: Take it to the pub..  This year at,2025-10-13 21:11:15,2025-10-13 21:11:20,54
9127,Nvidia,Positive,RT @NVIDIACreators : Please Take it to the Park MAX.. This each year at,2025-10-13 21:11:15,2025-10-13 21:11:20,71
9127,Nvidia,Positive,RT HERE: Take it to the MAX.. This starts at,2025-10-13 21:11:15,2025-10-13 21:11:20,44
9128,Nvidia,Positive,working at nvidia should be a nice experience,2025-10-13 21:11:15,2025-10-13 21:11:20,45
9128,Nvidia,Positive,Working at nvidia should be a nice experience,2025-10-13 21:11:15,2025-10-13 21:11:20,45
9128,Nvidia,Positive,Working for nvidia should be a pleasant experience,2025-10-13 21:11:15,2025-10-13 21:11:20,50
9128,Nvidia,Positive,working at nvidia should be really nice experience,2025-10-13 21:11:15,2025-10-13 21:11:20,50
9128,Nvidia,Positive,But working at... nvidia should be a nice experience,2025-10-13 21:11:15,2025-10-13 21:11:20,52
9128,Nvidia,Positive,working at nvidia always be a nice experience,2025-10-13 21:11:15,2025-10-13 21:11:20,45
9129,Nvidia,Positive,New Nvidia reference designs certainly look... Interesting...,2025-10-13 21:11:15,2025-10-13 21:11:20,61
9129,Nvidia,Positive,New Nvidia reference designs certainly look... interesting...,2025-10-13 21:11:15,2025-10-13 21:11:20,61
9129,Nvidia,Positive,Nvidia's new reference designs certainly look... Interesting...,2025-10-13 21:11:15,2025-10-13 21:11:20,63
9129,Nvidia,Positive,New Nvidia reference games certainly look... Interesting...,2025-10-13 21:11:15,2025-10-13 21:11:20,59
9129,Nvidia,Positive,New Nvidia to reference designs certainly even look... were Interesting...,2025-10-13 21:11:15,2025-10-13 21:11:20,74
9129,Nvidia,Positive,New Nvidia reference item but look... Interesting...,2025-10-13 21:11:15,2025-10-13 21:11:20,52
9131,Nvidia,Neutral,"Funny how my GTX 1660 runs Quake II RTX fine but  . Cool shit NVidia, cool shit.",2025-10-13 21:11:15,2025-10-13 21:11:20,80
9131,Nvidia,Neutral,"Funny how my GTX 1660 Quake II RTX goes well, but. Cool shit NVidia, cool shit.",2025-10-13 21:11:15,2025-10-13 21:11:20,79
9131,Nvidia,Neutral,"Funny how my FX 1660 works Quake II FX perfectly, but. Cool shit NVidia, Cool shit.",2025-10-13 21:11:15,2025-10-13 21:11:20,83
9131,Nvidia,Neutral,"Funny how my GTX 1660 runs at II RTX fine but . Cool shit shit, cool shit.",2025-10-13 21:11:15,2025-10-13 21:11:20,74
9131,Nvidia,Neutral,"Funny how so my latest GTX 1660 runs Quake II down RTX fine too but. Cool shit at NVidia, cool shit.",2025-10-13 21:11:15,2025-10-13 21:11:20,100
9131,Nvidia,Neutral,"Funny how Panasonic GTX 1660 runs Quake vs RTX fine but. Cool old NVidia, neat shit.",2025-10-13 21:11:15,2025-10-13 21:11:20,84
9132,Nvidia,Neutral,Some good news for Fortnite PC gamers as NVIDIA and Epic Games team up . . . techgenyz.com/2020/09/12/for…. . What's more important to you?. .,2025-10-13 21:11:15,2025-10-13 21:11:20,144
9132,Nvidia,Neutral,Some good news for Fortnite PC players as NVIDIA and Epic Games team up... techgenyz.com / 2020 / 09 / 12 / for..... What's more important to you?.,2025-10-13 21:11:15,2025-10-13 21:11:20,147
9132,Nvidia,Neutral,Some good news for PC gamers as NVIDIA and Epic Games combine... techgenyz.com / 2020 / 09 / 12 / for.... What's more important to you?.,2025-10-13 21:11:15,2025-10-13 21:11:20,136
9132,Nvidia,Neutral,Some good news to Fortnite PC gamers as NVIDIA and Epic Games team up... (. techgenyz.com/2020/09/12/for….. What's more appealing to you?..,2025-10-13 21:11:15,2025-10-13 21:11:20,139
9132,Nvidia,Neutral,Some notable good news news for Brandon Fortnite is PC gamers working as NVIDIA and Digital Epic Games team up... From techgenyz. com / s 2020 / 09 / 12 / for ….. What's more important anymore to you?..,2025-10-13 21:11:15,2025-10-13 21:11:20,202
9132,Nvidia,Neutral,as good news for Fortnite it looks into NVIDIA and Epic X team work... by.com/2020/09/12/for..... What's more important to be?..,2025-10-13 21:11:15,2025-10-13 21:11:20,128
9133,Nvidia,Negative,Im trying to get nvidia control panel running to try and optimize my game but wtf theyve changed some shit cos now it like the geforce experience?????,2025-10-13 21:11:15,2025-10-13 21:11:20,150
9133,Nvidia,Negative,"Trying to get nvidia control panel up and running to try to optimize my game, but wtf theyve changed some shit cos now it like the geforce experience????",2025-10-13 21:11:15,2025-10-13 21:11:20,153
9133,Nvidia,Negative,"is trying to make the nvidia dashboard work to try to restore my game, but wtf theyve changed some crap cos now it looks like a geforce experience???",2025-10-13 21:11:15,2025-10-13 21:11:20,149
9133,Nvidia,Negative,Im trying to get nvidia display panel fixed to try and optimize this game but wtf theyve changed some shit cos now it like the geforce experience?????,2025-10-13 21:11:15,2025-10-13 21:11:20,150
9133,Nvidia,Negative,Im done trying to somehow get nvidia control panel running out to go try and hopefully optimize my game but wtf theyve changed some serious shit cos now it seems like the whole geforce experience?????,2025-10-13 21:11:15,2025-10-13 21:11:20,200
9133,Nvidia,Negative,be able to get nvidia control panel running to try and optimize real game but wtf you changed the colors cos now it like the geforce experience?????,2025-10-13 21:11:15,2025-10-13 21:11:20,148
9134,Nvidia,Neutral,"Nvidia's stock rises toward record high after Bernstein turns bullish, boosts price target on.mktw.net/32fX3kM",2025-10-13 21:11:15,2025-10-13 21:11:20,110
9134,Nvidia,Neutral,"Nvidia shares soar to record high after Bernstein becomes optimistic, raises price target on.mktw.net / 32fX3kM",2025-10-13 21:11:15,2025-10-13 21:11:20,111
9134,Nvidia,Neutral,"Nvidia shares rise to record high after Bernstein turns bullish, raising its target price on on.mktw.net / 32fX3kM",2025-10-13 21:11:15,2025-10-13 21:11:20,114
9134,Nvidia,Neutral,"Nvidia's shares rises toward record high after Bernstein turns bullish, cuts price target on.mktw.net/32fX3kM",2025-10-13 21:11:15,2025-10-13 21:11:20,109
9134,Nvidia,Neutral,"Nvidia'20 s stock rises toward the record high after Bernstein turns bullish, boosts in price in target level on. mktw. net / auction 32fX3kM",2025-10-13 21:11:15,2025-10-13 21:11:20,141
9134,Nvidia,Neutral,"Nvidia's stock standing at symbolic high after Bernstein looks bullish, boosts price report on.mktw.net/32fX3kM",2025-10-13 21:11:15,2025-10-13 21:11:20,111
9135,Nvidia,Positive,Congrats to the NVIDIA NeMo team for the 1.0.0 release candidate!. Really excited to see NeMo embracing Hydra as the way to take control over the configuration madness that is machine learning! :),2025-10-13 21:11:15,2025-10-13 21:11:20,196
9135,Nvidia,Positive,Congratulations to the NVIDIA NeMo team on Release Candidate 1.0.0! Really excited to see NeMo embrace Hydra to take control of the configuration madness of machine learning!:),2025-10-13 21:11:15,2025-10-13 21:11:20,176
9135,Nvidia,Positive,Congratulations to the NVIDIA NeMo team on the release of version 1.0.0!. Really pleased to see NeMo as a way to take control of machine learning!:),2025-10-13 21:11:15,2025-10-13 21:11:20,148
9135,Nvidia,Positive,Congrats to the NVIDIA Research team for the 1.0.0 release candidate!. Really pleased to see NeMo embracing Hydra as the way to take control over the insane madness that is machine learning! :-),2025-10-13 21:11:15,2025-10-13 21:11:20,194
9135,Nvidia,Positive,7 Congrats to the NVIDIA NeMo creative team for the Linux 1. 0. 0 release candidate!. Really excited to see NeMo embracing its Hydra Head as the way and to take some control up over the configuration for madness that is controlling machine learning! : ),2025-10-13 21:11:15,2025-10-13 21:11:20,253
9135,Nvidia,Positive,up to the NVIDIA beta team for the 1.0.0 release candidate!. Really neat at see NeMo embracing agile thinking the way to take control over the configuration madness always is machine learning! :),2025-10-13 21:11:15,2025-10-13 21:11:20,195
9136,Nvidia,Positive,"This is actually amazing. It's obviously kinda limited by the hardware screen resolution but if you use slightly differently to PC usage, you can optimise your VR resolution for free. Can't ask for more than that for free driver updates.",2025-10-13 21:11:15,2025-10-13 21:11:20,239
9136,Nvidia,Positive,"This is actually amazing. Obviously, it is somewhat limited by the hardware screen resolution, but if you use something different from the PC, you can optimize your VR resolution for free. You can't ask for more for free driver updates.",2025-10-13 21:11:15,2025-10-13 21:11:20,236
9136,Nvidia,Positive,"It's actually amazing. It's obviously limited by the hard screen resolution, but if you use it a little differently than on a PC, you can optimize the resolution for free.",2025-10-13 21:11:15,2025-10-13 21:11:20,171
9136,Nvidia,Positive,"This is actually amazing. It's obviously kinda limited by the hardware screen resolution but if people use it differently to PC usage, it can optimise your VR resolution for free. Just ask for more than that for free driver updates.",2025-10-13 21:11:15,2025-10-13 21:11:20,232
9136,Nvidia,Positive,"This bug is actually amazing. It'll s obviously kinda severely limited by the hardware screen resolution but if you use slightly differently tuning to PC Engine usage, you can optimise your average VR screen resolution only for free. Can't ask us for more than that but for free driver updates.",2025-10-13 21:11:15,2025-10-13 21:11:20,294
9136,Nvidia,Positive,"This is actually amazing. It's obviously not influenced by the hardware screen resolution but unless you use slightly differently to PC 2, you could test your VR resolution for free. Can't ask for more than that or free driver updates.",2025-10-13 21:11:15,2025-10-13 21:11:20,235
9137,Nvidia,Neutral,Huh? When did they get the best service? I missed that memo.,2025-10-13 21:11:15,2025-10-13 21:11:20,60
9137,Nvidia,Neutral,Hm? When did you get the best service? I missed this memo.,2025-10-13 21:11:15,2025-10-13 21:11:20,58
9137,Nvidia,Neutral,Huh? When did they get the best service? I missed that memo.,2025-10-13 21:11:15,2025-10-13 21:11:20,60
9137,Nvidia,Neutral,Huh? When did they get the best service? She missed that memo.,2025-10-13 21:11:15,2025-10-13 21:11:20,62
9137,Nvidia,Neutral,Huh? When suddenly did they just get the best restaurant service? I missed that memo.,2025-10-13 21:11:15,2025-10-13 21:11:20,85
9137,Nvidia,Neutral,Huh? Why did you get the best service? I missed that memo.,2025-10-13 21:11:15,2025-10-13 21:11:20,58
9138,Nvidia,Neutral,Mac is trash... they make things difficult to use nvidia graphic cards. Everything time I update my Mac I have to switch out my cards,2025-10-13 21:11:15,2025-10-13 21:11:20,133
9138,Nvidia,Neutral,"Mac is garbage... they make it difficult to use Nvidia graphics cards. Every time I upgrade my Mac, I have to turn off my cards.",2025-10-13 21:11:15,2025-10-13 21:11:20,128
9138,Nvidia,Neutral,"The Mac is in a sorry state... they make it difficult to use nvidia graphics cards. Every time I update my Mac, I have to turn my cards off.",2025-10-13 21:11:15,2025-10-13 21:11:20,140
9138,Nvidia,Neutral,Mac is trash... they make things difficult to use nvidia graphic cards. Everything after I update my Mac I have to switch over my cards,2025-10-13 21:11:15,2025-10-13 21:11:20,135
9138,Nvidia,Neutral,Mac is trash... they make things difficult to use nvidia of graphic cards. Everything time permits I must update my Mac however I have to switch things out up my cards,2025-10-13 21:11:15,2025-10-13 21:11:20,167
9138,Nvidia,Neutral,Mac is trash... people make things difficult to use nvidia graphic cards. Everything time I update my PC I try to switch out blank cards,2025-10-13 21:11:15,2025-10-13 21:11:20,136
9139,Nvidia,Positive,Everyone: Why training style gan is so slow.... *nvidia releases StyleGAN 3*: You can train it in just a few hours.,2025-10-13 21:11:15,2025-10-13 21:11:20,115
9139,Nvidia,Positive,All: Why the training style is so slow... * nvidia releases StyleGAN 3 *: You can train it in just a few hours.,2025-10-13 21:11:15,2025-10-13 21:11:20,111
9139,Nvidia,Positive,Everything: Why the training style is so slow.... * nvidia * ases StyleGAN 3 *: You can train it in just a few hours.,2025-10-13 21:11:15,2025-10-13 21:11:20,117
9139,Nvidia,Positive,Everyone: Why training style gan is so slow.... *nvidia releases StyleGAN 3*: You can train it in within a couple hours.,2025-10-13 21:11:15,2025-10-13 21:11:20,120
9139,Nvidia,Positive,Everyone : Why your training style with gan is so slow.... * In nvidia now releases StyleGAN 3 * : You can just train it for in just in a few hours.,2025-10-13 21:11:15,2025-10-13 21:11:20,148
9139,Nvidia,Positive,Everyone: Why training A gan N so heavy.... *nvidia releases StyleGAN 3*: You would train it in just a couple hours.,2025-10-13 21:11:15,2025-10-13 21:11:20,116
9140,Nvidia,Neutral,After watching the,2025-10-13 21:11:15,2025-10-13 21:11:20,20
9140,Nvidia,Neutral,After the sight of the,2025-10-13 21:11:15,2025-10-13 21:11:20,22
9140,Nvidia,Neutral,After viewing,2025-10-13 21:11:15,2025-10-13 21:11:20,13
9140,Nvidia,Neutral,After watching this,2025-10-13 21:11:15,2025-10-13 21:11:20,19
9140,Nvidia,Neutral,8 After watching the,2025-10-13 21:11:15,2025-10-13 21:11:20,20
9140,Nvidia,Neutral,After reading the,2025-10-13 21:11:15,2025-10-13 21:11:20,17
9141,Nvidia,Positive,Neat!! It would be nice to play,2025-10-13 21:11:15,2025-10-13 21:11:20,33
9141,Nvidia,Positive,Neat!! It would be nice to play,2025-10-13 21:11:15,2025-10-13 21:11:20,31
9141,Nvidia,Positive,Gently!! It would be nice to play,2025-10-13 21:11:15,2025-10-13 21:11:20,33
9141,Nvidia,Positive,Neat!! It would be nice to laugh,2025-10-13 21:11:15,2025-10-13 21:11:20,32
9141,Nvidia,Positive,Neat!! It would be a nice place to play,2025-10-13 21:11:15,2025-10-13 21:11:20,39
9141,Nvidia,Positive,Neat!! It will be nice to play,2025-10-13 21:11:15,2025-10-13 21:11:20,30
9142,Nvidia,Negative,It won’t work I tried reposting it so many times,2025-10-13 21:11:15,2025-10-13 21:11:20,48
9142,Nvidia,Negative,"t work, I tried so many times to repost it",2025-10-13 21:11:15,2025-10-13 21:11:20,42
9142,Nvidia,Negative,"It won't work, I've tried to repost it so many times",2025-10-13 21:11:15,2025-10-13 21:11:20,52
9142,Nvidia,Negative,It won’t work I tried reposting it done many times,2025-10-13 21:11:15,2025-10-13 21:11:20,50
9142,Nvidia,Negative,It won of ’ t work I has tried reposting it so many times,2025-10-13 21:11:15,2025-10-13 21:11:20,57
9142,Nvidia,Negative,It won’t work I tried reposting it so slightly different,2025-10-13 21:11:15,2025-10-13 21:11:20,56
9143,Nvidia,Neutral,New miniZ v1.5t Nvidia CUDA Miner with Better Performance and Stability CRYPTO CRYPTO NEWS - cryptocryptonews.com/new-miniz-v1-5… https://t.co/hBhWgg86Mt,2025-10-13 21:11:15,2025-10-13 21:11:20,153
9143,Nvidia,Neutral,New miniZ v1.5t Nvidia CUDA Miner with better performance and stability CRYPTO CRYPTO NEWS - cryptocryptonews.com / new-miniz-v1-5... https: / / t.co / hBhWgg86Mt,2025-10-13 21:11:15,2025-10-13 21:11:20,162
9143,Nvidia,Neutral,New miniZ v1.5t Nvidia CUDA Miner with Better Performance and Stability CRYPTO NEWS - cryptocryptonews.com / new-miniz-v1-5...,2025-10-13 21:11:15,2025-10-13 21:11:20,126
9143,Nvidia,Neutral,New miniZ 3.5t Nvidia CUDA Miner Provides Better Security and Stability CRYPTO POST NEWS - cryptocryptonews.com/new-miniz-v1-5… https://t.co/hBhWgg86Mt],2025-10-13 21:11:15,2025-10-13 21:11:20,152
9143,Nvidia,Neutral,10 New in miniZ v1. 5t 8 Nvidia CUDA Miner Engine with Better Performance and Future Stability CRYPTO I CRYPTO NEWS - cryptocryptonews. com com / 2008 new - miniz - v1 - 3 5 … R https://t.co/hBhWgg86Mt ],2025-10-13 21:11:15,2025-10-13 21:11:20,203
9143,Nvidia,Neutral,Latest miniZ 9.5t Nvidia CUDA PC with Comprehensive Protection and Benefits CRYPTO MEDIA NEWS - cryptocryptonews.com/new-miniz-v1-5... or],2025-10-13 21:11:15,2025-10-13 21:11:20,138
9144,Nvidia,Negative,Yes they are very sad for you. pic.twitter.com/3UqL5Ih6cU,2025-10-13 21:11:15,2025-10-13 21:11:20,57
9144,Nvidia,Negative,"Yes, they are very sad for you. pic.twitter.com / 3UqL5Ih6cU",2025-10-13 21:11:15,2025-10-13 21:11:20,60
9144,Nvidia,Negative,"Yes, they are very sad for you. pic.facebook.com / 3UqL5b6cU",2025-10-13 21:11:15,2025-10-13 21:11:20,60
9144,Nvidia,Negative,Yes they are very sad for you. pic.twitter.com/3UqL5Ih6cU,2025-10-13 21:11:15,2025-10-13 21:11:20,57
9144,Nvidia,Negative,2016 Yes they are very sad for you. pic.twitter.com/3UqL5Ih6cU,2025-10-13 21:11:15,2025-10-13 21:11:20,62
9144,Nvidia,Negative,the,2025-10-13 21:11:15,2025-10-13 21:11:20,3
9145,Nvidia,Positive,"the NVIDIA Broadcast amp came out right now and suddenly, I find myself practicing... pic.twitter.com/YHpZj8h8wT",2025-10-13 21:11:15,2025-10-13 21:11:20,112
9145,Nvidia,Positive,the NVIDIA Broadcast Amp came out now and suddenly I'm practicing... pic.twitter.com / YHpZj8h8wT,2025-10-13 21:11:15,2025-10-13 21:11:20,97
9145,Nvidia,Positive,"the NVIDIA Broadcast amp came out right now and sudden, I find yourself practicing... pic.wikipedia.org / YHpZj8h8wT",2025-10-13 21:11:15,2025-10-13 21:11:20,116
9145,Nvidia,Positive,"the NVIDIA Broadcast amp came out right now and suddenly, I find myself practicing... pic.twitter.com/YHpZj8h8wT",2025-10-13 21:11:15,2025-10-13 21:11:20,112
9145,Nvidia,Positive,"UK the NVIDIA Broadcast amp came out right now and suddenly, I find myself practicing... pic.twitter.com/YHpZj8h8wT",2025-10-13 21:11:15,2025-10-13 21:11:20,115
9145,Nvidia,Positive,a,2025-10-13 21:11:15,2025-10-13 21:11:20,1
9146,Nvidia,Neutral,Don't miss these exciting,2025-10-13 21:11:15,2025-10-13 21:11:20,27
9146,Nvidia,Neutral,Do not miss these exciting,2025-10-13 21:11:15,2025-10-13 21:11:20,26
9146,Nvidia,Neutral,Don't miss these exciting,2025-10-13 21:11:15,2025-10-13 21:11:20,25
9146,Nvidia,Neutral,Don't miss anything exciting,2025-10-13 21:11:15,2025-10-13 21:11:20,28
9146,Nvidia,Neutral,Don't miss at these exciting,2025-10-13 21:11:15,2025-10-13 21:11:20,28
9146,Nvidia,Neutral,wouldn't miss these exciting,2025-10-13 21:11:15,2025-10-13 21:11:20,28
9147,Nvidia,Positive,Nvidia unprecedented demand for the RTX 3080 causes their online store to crash .  @Athanville pic.twitter.com/C3F3lh7PnL,2025-10-13 21:11:15,2025-10-13 21:11:20,121
9147,Nvidia,Positive,Nvidia's unprecedented demand for the RTX 3080 caused a crash of its online store. @ Athanville pic.twitter.com / C3F3lh7PnL,2025-10-13 21:11:15,2025-10-13 21:11:20,124
9147,Nvidia,Positive,Nvidia's unprecedented demand for the iPhone X 3080 is causing their online store to crash.,2025-10-13 21:11:15,2025-10-13 21:11:20,91
9147,Nvidia,Positive,Nvidia unprecedented demand for the RTX 3080 causes their online store to crash .  RhandlerR pic.twitter.com/C3F3lh7PnL,2025-10-13 21:11:15,2025-10-13 21:11:20,119
9147,Nvidia,Positive,by Nvidia unprecedented demand for the RTX 3080 causes their online store to crash .  RhandlerR pic.twitter.com/C3F3lh7PnL,2025-10-13 21:11:15,2025-10-13 21:11:20,122
9147,Nvidia,Positive,and,2025-10-13 21:11:15,2025-10-13 21:11:20,3
9148,Nvidia,Neutral,I might be posting a lot of my in-game screen caps I take using nvidia's ansel while playing Witcher 3. This game is my fix right these past 4 months now. pic.twitter.com/X0B1UWDZk5,2025-10-13 21:11:15,2025-10-13 21:11:20,181
9148,Nvidia,Neutral,Maybe I'll post a lot of my in-game screen caps that I take during Witcher 3 with Nvidia's Ansel. This game is now my fix for the last 4 months. pic.twitter.com / X0B1UWDZk5,2025-10-13 21:11:15,2025-10-13 21:11:20,173
9148,Nvidia,Neutral,I might be posting a lot of my in-game screen caps I take using nvidia's ansel while playing Witcher 3. This game is my fix right these last 4 months now. pic.facebook.com / X0B1UWDZk5,2025-10-13 21:11:15,2025-10-13 21:11:20,184
9148,Nvidia,Neutral,I might be posting a lot of my in-game screen caps I take using nvidia's ansel while playing Witcher 3. This game is my fix right these past 4 months now. pic.twitter.com/X0B1UWDZk5,2025-10-13 21:11:15,2025-10-13 21:11:20,181
9148,Nvidia,Neutral,v I might be posting a lot of my in-game screen caps I take using nvidia's ansel while playing Witcher 3. This game is my fix right these past 4 months now. pic.twitter.com/X0B1UWDZk5,2025-10-13 21:11:15,2025-10-13 21:11:20,183
9148,Nvidia,Neutral,the,2025-10-13 21:11:15,2025-10-13 21:11:20,3
9149,Nvidia,Neutral,The Nvidia Shield is my daily driver but I like to recommend the Roku platform as it has nearly universal app compatibility.,2025-10-13 21:11:15,2025-10-13 21:11:20,124
9149,Nvidia,Neutral,"The Nvidia Shield is my daily driver, but I highly recommend the Roku platform as it has near universal app compatibility.",2025-10-13 21:11:15,2025-10-13 21:11:20,122
9149,Nvidia,Neutral,"Nvidia Shield is my daily driver, but I like to recommend the Roku platform because it has almost universal application compatibility.",2025-10-13 21:11:15,2025-10-13 21:11:20,134
9149,Nvidia,Neutral,The Nvidia Shield is my daily driver but I like to recommend the Android platform as it enjoys nearly universal app compatibility.,2025-10-13 21:11:15,2025-10-13 21:11:20,130
9149,Nvidia,Neutral,« The Nvidia Shield is hardly my daily driver but I like to highly recommend shipping the Super Roku platform as it has nearly universal app compatibility.,2025-10-13 21:11:15,2025-10-13 21:11:20,155
9149,Nvidia,Neutral,used Nvidia Shield is my daily receiver but I like to recommend the Roku Bridge as it has nearly universal driver compatibility.,2025-10-13 21:11:15,2025-10-13 21:11:20,128
9150,Nvidia,Positive,"\"Basically, the quarter reported and the quarter now expected are both terrific, in my opinion.\" Stephen Guilfoyle talks Nvidia's business lines, the numbers, the outlook, the $NVDA chart, and trading the name.",2025-10-13 21:11:15,2025-10-13 21:11:20,212
9150,Nvidia,Positive,"\"Basically, the reported quarter and the now expected quarter are both great in my opinion.\" Stephen Guilfoyle talks about Nvidia's businesses, the numbers, the outlook, the $NVDA chart and trading by the name.",2025-10-13 21:11:15,2025-10-13 21:11:20,210
9150,Nvidia,Positive,"Steven Guilfoil covers Nvidia's business lines, numbers, prospects, $NVDA graphics, and trade name.",2025-10-13 21:11:15,2025-10-13 21:11:20,99
9150,Nvidia,Positive,"\"Basically, second quarter reported and the quarter now expected are both terrific, in my mind John Guilfoyle talks Nvidia's trading lines, the numbers, the outlook, the $NVDA chart, and trading the name.",2025-10-13 21:11:15,2025-10-13 21:11:20,204
9150,Nvidia,Positive,"\" Basically, seeing the quarter once reported and the last quarter now as expected... are both terrific, in to my humble opinion. \" Stephen Guilfoyle talks Nvidia's various business lines, adding the numbers, the outlook, plus the $ NVDA chart, and trading the name.",2025-10-13 21:11:15,2025-10-13 21:11:20,266
9150,Nvidia,Positive,"\"Basically, the quarter reported with the quarter now expected are both terrific, in my opinion.\" Stephen Guilfoyle talks Nvidia's business lines, the numbers, the results, new dividend chart, and many new shares.",2025-10-13 21:11:15,2025-10-13 21:11:20,213
9151,Nvidia,Positive,"I'm no NVidia fanboy (I hate their drivers, and their business practises over the years have been shady at best) but HOLY JESUS FUCK THAT'S A LOT OF PERFORMANCE!!! pic.twitter.com/fJD7a3asX9",2025-10-13 21:11:15,2025-10-13 21:11:20,190
9151,Nvidia,Positive,"I'm no NVidia fanboy (I hate their drivers, and their business practices over the years have been dodgy at best), but HOLY JESUS FEEK, THAT IS MUCH PERFORMANCE!!! pic.twitter.com / fJD7a3asX9",2025-10-13 21:11:15,2025-10-13 21:11:20,191
9151,Nvidia,Positive,"I'm no NVidia fanboy (I hate their drivers, and their business practices over the years have been shady in best) but HOLY JESUS FUCK THAT'S A LOT OF PERFORMANCE!!! pic.facebook.com / fJD7a3asX9",2025-10-13 21:11:15,2025-10-13 21:11:20,193
9151,Nvidia,Positive,"I'm no NVidia fanboy (I hate their drivers, and their business practises over the years have been shady at best) but HOLY JESUS FUCK THAT'S A LOT OF PERFORMANCE!!! pic.twitter.com/fJD7a3asX9",2025-10-13 21:11:15,2025-10-13 21:11:20,190
9151,Nvidia,Positive,"H I'm no NVidia fanboy (I hate their drivers, and their business practises over the years have been shady at best) but HOLY JESUS FUCK THAT'S A LOT OF PERFORMANCE!!! pic.twitter.com/fJD7a3asX9",2025-10-13 21:11:15,2025-10-13 21:11:20,192
9151,Nvidia,Positive,to,2025-10-13 21:11:15,2025-10-13 21:11:20,2
9153,Nvidia,Neutral,"Winning benchmark bakeoffs is great for marketing, but remember performance != performance/price. As an example, a 1U @Dell C4140 with 4 @nvidia Tesla 4140 completes training RESNET-50 in 154 minutes, ~300x longer than TPUv3 but much much smaller=cheaper.. cloud.google.com/blog/products/…",2025-10-13 21:11:15,2025-10-13 21:11:20,289
9153,Nvidia,Neutral,"Winning Benchmark Bakeoffs is great for marketing, but remember performance! = performance / price. A 1U @ Dell C4140 with 4 @ nvidia Tesla 4140 completes the training RESNET-50 in 154 minutes, about 300x longer than TPUv3, but much smaller = cheaper.. cloud.google.com / blog / products /...",2025-10-13 21:11:15,2025-10-13 21:11:20,292
9153,Nvidia,Neutral,"One example is 1U @ Dell C4140 with 4 @ nvidia Tesla 4140, which teaches RESNET-50 in 154 minutes, about 3000 times longer than TPUv3, but much less = cheaper.. cloudgoogle.com / blog / products /...",2025-10-13 21:11:15,2025-10-13 21:11:20,199
9153,Nvidia,Neutral,"Winning benchmark bakeoffs is great for marketing, to remember performance!= performance/price. As an example, a 1U NVIDIA C4140 with 4 @Dell Tesla 4140 completes Cycle 30-50 in 154 minutes, ~300x longer than TPUv3 … much bit smaller=cheaper.. m.google.com/blog/products/…",2025-10-13 21:11:15,2025-10-13 21:11:20,272
9153,Nvidia,Neutral,"Winning benchmark bakeoffs win is great for marketing, but remember performance! = performance / price. As in an example, a modified 1U @Dell C4140 with 4 or @nvidia 300 Tesla GT 4140 completes training and RESNET - 1 50 in 154 minutes, ~ 300x longer than one TPUv3 but much much smaller = cheaper.. page cloud. google. com / blog / products / …",2025-10-13 21:11:15,2025-10-13 21:11:20,345
9153,Nvidia,Neutral,"great benchmark bakeoffs is great for marketing, but remember these!= performance/price. As an example, using Gen C 8 with 4 @Dell 9 systems completes training RESNET-50 in 59 minutes, ~300x longer than TPUv3 but much much more=cheaper.. cloud.google.com/blog/products/...",2025-10-13 21:11:15,2025-10-13 21:11:20,272
9154,Nvidia,Positive,nan,2025-10-13 21:11:15,2025-10-13 21:11:20,3
9154,Nvidia,Positive,It is not the first time that the EU Commission has taken such a step.,2025-10-13 21:11:15,2025-10-13 21:11:20,70
9154,Nvidia,Positive,"At the same time, despite the fact that there are currently some 100 million people living below the poverty line, most of them do not have access to health services and do not have access to health care, while most of them do not have access to health care.",2025-10-13 21:11:15,2025-10-13 21:11:20,258
9154,Nvidia,Positive,nan,2025-10-13 21:11:15,2025-10-13 21:11:20,3
9154,Nvidia,Positive,nan,2025-10-13 21:11:15,2025-10-13 21:11:20,3
9154,Nvidia,Positive,nan,2025-10-13 21:11:15,2025-10-13 21:11:20,3
9155,Nvidia,Neutral,Such bullshit that nvidia’s own site wasn’t selling the 3080 and yet other shopping sites where like wtf and it’s was already sold out within 20 mins,2025-10-13 21:11:15,2025-10-13 21:11:20,149
9155,Nvidia,Neutral,Such crap that nvidia's own site did not sell the 3080 and other shopping sites like wtf and it's already sold out within 20 minutes.,2025-10-13 21:11:15,2025-10-13 21:11:20,133
9155,Nvidia,Neutral,Such crap that nvidia's own website didn't sell 3080 and other shopping sites where it's like wtf and it's already sold out in 20 minutes,2025-10-13 21:11:15,2025-10-13 21:11:20,137
9155,Nvidia,Neutral,Such bullshit that nvidia’s own store wasn’t selling the 3080 and yet other shopping sites where selling wtf and it’s was already pulled out within 20 mins,2025-10-13 21:11:15,2025-10-13 21:11:20,155
9155,Nvidia,Neutral,10 Such bullshit that nvidia ’ s their own shopping site really wasn ’ t only selling the 3080 and yet other shopping sites where more like wtf and it ’ s was both already sold out within 20 mins,2025-10-13 21:11:15,2025-10-13 21:11:20,195
9155,Nvidia,Neutral,constant bullshit that nvidia’s own site wasn’t selling its 3080 and yet other review sites reacted like wtf oh it’s was already sold out within 30 mins,2025-10-13 21:11:15,2025-10-13 21:11:20,152
9156,Nvidia,Positive,And there it is. Wow.,2025-10-13 21:11:15,2025-10-13 21:11:20,21
9156,Nvidia,Positive,And there it is. Wow.,2025-10-13 21:11:15,2025-10-13 21:11:20,21
9156,Nvidia,Positive,And here it is.,2025-10-13 21:11:15,2025-10-13 21:11:20,15
9156,Nvidia,Positive,And that it is. Wow.,2025-10-13 21:11:15,2025-10-13 21:11:20,20
9156,Nvidia,Positive,And there it is. ‖ Wow.,2025-10-13 21:11:15,2025-10-13 21:11:20,23
9156,Nvidia,Positive,And there some is. Wow.,2025-10-13 21:11:15,2025-10-13 21:11:20,23
9157,Nvidia,Positive,"We are very excited to have joined NVIDIA’s Inception program. As a leading technology provider, NVIDIA plays an important role in the data science community. hubs.ly/H0rnlQY0 https://t.co/qcgUuSSp2i",2025-10-13 21:11:15,2025-10-13 21:11:20,199
9157,Nvidia,Positive,"We are very pleased to have joined NVIDIA's Inception program. As a leading technology provider, NVIDIA plays an important role in data science. hubs.ly / H0rnlQY0 https: / / t.co / qcgUuSSp2i",2025-10-13 21:11:15,2025-10-13 21:11:20,192
9157,Nvidia,Positive,"As a leading technology provider, NVIDIA plays an important role in the data science community. hubs.ly / H0lQY0 https: / / co / qcgUuSSp2i",2025-10-13 21:11:15,2025-10-13 21:11:20,139
9157,Nvidia,Positive,"We are very excited to have joined NVIDIA’s Inception program. As a cloud technology provider, NVIDIA has an integral position in the data science community. hubs.ly/H0rnlQY0 https://t.co/qcgUuSSp2i]",2025-10-13 21:11:15,2025-10-13 21:11:20,199
9157,Nvidia,Positive,"We also are very excited... to have you joined NVIDIA research ’ s Open Inception program. As a leading technology provider, our NVIDIA plays an important critical role in protecting the data science community. Radio hubs. ly / H0rnlQY0... https://t.co/qcgUuSSp2i ]",2025-10-13 21:11:15,2025-10-13 21:11:20,265
9157,Nvidia,Positive,"audiences are very happy they have completed NVIDIA’s Inception program. As a leading technology provider, NVIDIA plays an increasing playing in the art science community. hubs.ly/H0rnlQY0 https://t.co/qcgUuSSp2i]",2025-10-13 21:11:15,2025-10-13 21:11:20,213
9161,Nvidia,Negative,Been almost 2 weeks like this. No update from either @disneyplus or @NVIDIASHIELD @nvidia. Can't wait to get the new @Roku Ultra. pic.twitter.com/ZYWZ2swPXq,2025-10-13 21:11:15,2025-10-13 21:11:20,156
9161,Nvidia,Negative,No update from @ disneyplus or @ NVIDIASHIELD @ nvidia. I can't wait to get the new @ Roku Ultra. pic.twitter.com / ZYWZ2swPXq,2025-10-13 21:11:15,2025-10-13 21:11:20,126
9161,Nvidia,Negative,Almost 2 weeks have passed. No updates from @ disneypoint or @ NVIDIASHIELD @ nvidia. Can't wait for the new @ Roku Ultra. pic.wikipedia.com / ZYWZ2swPXq,2025-10-13 21:11:15,2025-10-13 21:11:20,153
9161,Nvidia,Negative,Been almost 2 weeks like this. No update from either RhandlerR or RhandlerR RhandlerR. Can't wait to get the new RhandlerR Ultra. pic.twitter.com/ZYWZ2swPXq,2025-10-13 21:11:15,2025-10-13 21:11:20,156
9161,Nvidia,Negative,and Been almost 2 weeks like this. No update from either RhandlerR or RhandlerR RhandlerR. Can't wait to get the new RhandlerR Ultra. pic.twitter.com/ZYWZ2swPXq,2025-10-13 21:11:15,2025-10-13 21:11:20,160
9161,Nvidia,Negative,<unk>,2025-10-13 21:11:15,2025-10-13 21:11:20,5
9162,Nvidia,Positive,Anything for this beast,2025-10-13 21:11:15,2025-10-13 21:11:20,23
9162,Nvidia,Positive,Everything for this beast,2025-10-13 21:11:15,2025-10-13 21:11:20,25
9162,Nvidia,Positive,Whatever it means,2025-10-13 21:11:15,2025-10-13 21:11:20,17
9162,Nvidia,Positive,Anything for this game,2025-10-13 21:11:15,2025-10-13 21:11:20,22
9162,Nvidia,Positive,Anything for seeing this beast,2025-10-13 21:11:15,2025-10-13 21:11:20,30
9162,Nvidia,Positive,Anything for a beast,2025-10-13 21:11:15,2025-10-13 21:11:20,20
9163,Nvidia,Negative,Amazing how much cooler my laptop (MBP 15 2016) is when disconnected from external monitor - integrated intel graphics instead of nvidia dedicated.,2025-10-13 21:11:15,2025-10-13 21:11:20,147
9163,Nvidia,Negative,Amazing how much cooler my laptop (MBP 15 2016) is when disconnected from the external monitor - built-in Intel graphics instead of Nvidia-dedicated.,2025-10-13 21:11:15,2025-10-13 21:11:20,149
9163,Nvidia,Negative,It's amazing how much steeper my laptop (MBP 15 2016) is when it's disconnected from an external monitor - Intel's built-in graphics instead of a dedicated nvidia.,2025-10-13 21:11:15,2025-10-13 21:11:20,163
9163,Nvidia,Negative,Amazing ly much cooler my laptop (MBP 15 2016) is when disconnected from external monitor - integrated intel graphics instead of completely dedicated.,2025-10-13 21:11:15,2025-10-13 21:11:20,150
9163,Nvidia,Negative,Amazing by how much cooler my laptop ( 18 MBP December 15 2016 ) actually is when disconnected from an external monitor - integrated intel virtual graphics instead of nvidia dedicated.,2025-10-13 21:11:15,2025-10-13 21:11:20,184
9163,Nvidia,Negative,Amazing how much brighter our laptop (MBP x 2016) is when disconnected from external monitor - integrated discrete graphics instead to nvidia dedicated.,2025-10-13 21:11:15,2025-10-13 21:11:20,152
9164,Nvidia,Negative,can someone please tell me what NvModuleTracker is and how to stop it from failing when im downloading a new nvidia driver because whenever i download geforce experiecne alone it fails,2025-10-13 21:11:15,2025-10-13 21:11:20,184
9164,Nvidia,Negative,"Can someone please tell me what NvModuleTracker is and how to prevent it from failing when I download a new Nvidia driver, because if I just download Geforce Experiecne, it fails",2025-10-13 21:11:15,2025-10-13 21:11:20,178
9164,Nvidia,Negative,can someone please tell me what is NvModuleTracker and how to stop it from failure when im downloading a new nvidia driver because whenever i download geforce experience alone it fails,2025-10-13 21:11:15,2025-10-13 21:11:20,184
9164,Nvidia,Negative,can someone please tell me what NvModuleTracker is and how they save it from spawning when im downloading a new nvidia driver because whenever i download geforce experiecne alone it doesnt,2025-10-13 21:11:15,2025-10-13 21:11:20,188
9164,Nvidia,Negative,can someone just please tell me what good NvModuleTracker is and on how hard to stop it from failing when let im with downloading a new nvidia driver because whenever i download to geforce on experiecne devices alone it fails,2025-10-13 21:11:15,2025-10-13 21:11:20,225
9164,Nvidia,Negative,can someone please tell me what NvModuleTracker is into trying to stop it from failing when your downloading a good nvidia driver because whenever i download geforce installation alone it goes,2025-10-13 21:11:15,2025-10-13 21:11:20,192
9165,Nvidia,Neutral,Nvidia Valuation Soars Past Intel on Graphics Chip Boom resetera.com/threads/nvidia… https://t.co/CgU7ZFUXtw,2025-10-13 21:11:15,2025-10-13 21:11:20,108
9165,Nvidia,Neutral,Nvidia rating soars past Intel on graphics chip boom resetera.com / threads / nvidia... https: / / t.co / CgU7ZFUXtw,2025-10-13 21:11:15,2025-10-13 21:11:20,116
9165,Nvidia,Neutral,Nvidia Valuation Soars Past Intel on Graphics Chip Boom retera.com / threads / nvidia... https: / / www.co / CgU7ZFUXtw,2025-10-13 21:11:15,2025-10-13 21:11:20,119
9165,Nvidia,Neutral,Nvidia Catalyst Soars Past Intel Security Graphics Chip Boom resetera.com/threads/nvidia… https://t.co/CgU7ZFUXtw],2025-10-13 21:11:15,2025-10-13 21:11:20,114
9165,Nvidia,Neutral,Nvidia Valuation Design Soars at Past Intel on Aurora Graphics Chip Boom resetera. see com / threads / project nvidia Video … https://t.co/CgU7ZFUXtw ],2025-10-13 21:11:15,2025-10-13 21:11:20,151
9165,Nvidia,Neutral,Data Error Error Past Intel on Graphics Chip Boom At.com/threads/nvidia... https://t.co/CgU7ZFUXtw],2025-10-13 21:11:15,2025-10-13 21:11:20,99
9166,Nvidia,Positive,@nvidia The,2025-10-13 21:11:15,2025-10-13 21:11:20,13
9166,Nvidia,Positive,@ nvidia,2025-10-13 21:11:15,2025-10-13 21:11:20,8
9166,Nvidia,Positive,@ nvidia The,2025-10-13 21:11:15,2025-10-13 21:11:20,12
9166,Nvidia,Positive,@nvidia Tracking,2025-10-13 21:11:15,2025-10-13 21:11:20,16
9166,Nvidia,Positive,@nvidia The,2025-10-13 21:11:15,2025-10-13 21:11:20,11
9166,Nvidia,Positive,<unk> The,2025-10-13 21:11:15,2025-10-13 21:11:20,9
9167,Nvidia,Negative,. . Global Cues. . -World market sentiment looks weak as US indices closed lower.. . -Tech  . . - . .,2025-10-13 21:11:15,2025-10-13 21:11:20,104
9167,Nvidia,Negative,... Global Cues... -Sentiment on world markets appears weak as US indices have closed lower... -Tech.. -.,2025-10-13 21:11:15,2025-10-13 21:11:20,105
9167,Nvidia,Negative,Global prices. -Sentiment in the global market looks weak as US indices closed lower.. -Tech.. -...,2025-10-13 21:11:15,2025-10-13 21:11:20,99
9167,Nvidia,Negative,.... Cues.. -World market growth looks weak as US indices closed lower... -Tech .. -..,2025-10-13 21:11:15,2025-10-13 21:11:20,86
9167,Nvidia,Negative,.. Global Cues.. - World market inflation sentiment looks slightly weak but as US indices end closed the lower... - Tech.. -..,2025-10-13 21:11:15,2025-10-13 21:11:20,126
9167,Nvidia,Negative,.. Global Index.. -World trade sentiment looks weak with major indices closed mixed... -Tech.. -..,2025-10-13 21:11:15,2025-10-13 21:11:20,98
9168,Nvidia,Neutral,Nvidia’s next Tesla GPUs could be 75% faster – good news for future GeForce cards ift.tt/2u7eXcJ,2025-10-13 21:11:16,2025-10-13 21:11:20,96
9168,Nvidia,Neutral,Nvidia's Next Tesla GPUs Could Be 75% Faster - Good News for Future GeForce Cards ift.tt / 2u7eXcJ,2025-10-13 21:11:16,2025-10-13 21:11:20,98
9168,Nvidia,Neutral,Tesla's next Nvidia graphics processors could be 75% faster - good news for future GeForce i.tt / 2u7eXcJ cards,2025-10-13 21:11:16,2025-10-13 21:11:20,111
9168,Nvidia,Neutral,Nvidia’s next Tesla display could be 75% faster – mixed signs for future GeForce cards ift.tt/2u7eXcJ,2025-10-13 21:11:16,2025-10-13 21:11:20,101
9168,Nvidia,Neutral,Nvidia reports ’ that s next Tesla mobile GPUs could be 75 % or faster which – provided good news for future GeForce cards ift. 11 tt / n 2u7eXcJ,2025-10-13 21:11:16,2025-10-13 21:11:20,145
9168,Nvidia,Neutral,Nvidia’s next Tesla GPUs could be 75% flat – good news for getting future projects with.tt/2u7eXcJ,2025-10-13 21:11:16,2025-10-13 21:11:20,98
9169,Nvidia,Negative,@BlizzardCSEU_EN ... Can you play wow classic with the @NVIDIAGFN service? I have sent an email and it hasn't been responded to. Nvidia say that wow classic and wow BFA will work with the service but I'm hearing about propels accounts being banned. Is this still the case?,2025-10-13 21:11:16,2025-10-13 21:11:20,272
9169,Nvidia,Negative,"@ BlizzardCSEU _ EN... Can you play Wow Classics with the @ NVIDIAGFN service? I sent an email that was not answered. Nvidia says Wow Classics and Wow-BFA will work with the service, but I hear about accounts being blocked. Is that still the case?",2025-10-13 21:11:16,2025-10-13 21:11:20,247
9169,Nvidia,Negative,@ BlizzardCSEU _ EN... Can you play wow classic with the @ NVIDIAGFN service? I have sent an email and it hasn't responded to. Nvidia say that wow classic and wow BFA will work with the service but I'm hearing about propels accounts be banned. Is this still the case?,2025-10-13 21:11:16,2025-10-13 21:11:20,267
9169,Nvidia,Negative,@BlizzardCSEU_EN Q Can you play wow classic with the @NVIDIAGFN service? I have released an email and it hasn't been responded to. Nvidia say that everything classic and wow BFA will work with the service but I'm hearing is propels still being banned. Is this still the policy?,2025-10-13 21:11:16,2025-10-13 21:11:20,277
9169,Nvidia,Negative,@BlizzardCSEU_EN... Can you play wow classic songs with the @NVIDIAGFN network service? I have sent an email and hope it hasn't been responded to. Nvidia say that wow classic and wow and BFA will work with using the support service but I'r m hearing about propels accounts being banned. 6 Is this person still living the case?,2025-10-13 21:11:16,2025-10-13 21:11:20,326
9169,Nvidia,Negative,@BlizzardCSEU_EN... would you play wow classic with the @NVIDIAGFN service? I have sent an email where it hasn't been responded to. Nvidia say that wow classic and wow BFA will work at the price but I'm hearing and propels<unk> being cut. Is that still your standard?,2025-10-13 21:11:16,2025-10-13 21:11:20,267
9170,Nvidia,Negative,It’s like @nvidia wants us to buy @AMDGaming . I wanted to buy the rtx 2080 for months sold out is seconds @NVIDIAGeForce said they would fix this problem. They release the rtx 3090 and it’s sold out before launch... how can you be the biggest gpu supplier and not think of stock?,2025-10-13 21:11:16,2025-10-13 21:11:20,280
9170,Nvidia,Negative,"I wanted to buy the rtx 2080 for months, sold out seconds @ NVIDIAGeForce said they would fix this issue. They're releasing the rtx 3090 and it's sold out before launch... how can you be the biggest GPU supplier and not think about stock?",2025-10-13 21:11:16,2025-10-13 21:11:20,238
9170,Nvidia,Negative,It's like @ nvidia wants us to buy @ AMDGaming. I wanted to buy the GX 2080 for months of sold out seconds @ NVIDIAGeForce said they would solve this problem. They release the GX 3090 and it's sold out before launch... how can you be the largest supplier of gpu and not think about inventories?,2025-10-13 21:11:16,2025-10-13 21:11:20,294
9170,Nvidia,Negative,"It’s like @nvidia wants us to buy @AMDGaming. I want to buy the rtx 2080 for months sold out is, @NVIDIAGeForce said they would fix this problem. They release an rtx 3090 and it’s running out and the how can you control the biggest gpu supplier and not think of stock?",2025-10-13 21:11:16,2025-10-13 21:11:20,268
9170,Nvidia,Negative,It ’ s like @nvidia still wants us guys to buy @AMDGaming. I so wanted to buy the rtx 2080 card for months sold out is seconds @NVIDIAGeForce said maybe they would fix this problem. They that release the rtx 3090 option and that it ’ s sold out before launch... how can now you be the 4th biggest gpu supplier and not think of stock?,2025-10-13 21:11:16,2025-10-13 21:11:20,333
9170,Nvidia,Negative,It’s basically @nvidia pushing us to buy @AMDGaming. I wanted to buy the rtx that for months sold out is ridiculous and said they would fix this problem. They had an rtx 3090 and it’s selling out before launch... how can you be the biggest gpu supplier and not be of us?,2025-10-13 21:11:16,2025-10-13 21:11:20,270
9171,Nvidia,Neutral,This benchmarking comparison between Oculus Quest gpu and 2080Ti NVidia is just bullying. . The depressing thing is game devs are trying to ship cross platform games that cover both these bases. Otherwise they would be missing on a huge chunk of the market. It is a very hard task. pic.twitter.com/rdwrVtSboV,2025-10-13 21:11:16,2025-10-13 21:11:20,308
9171,Nvidia,Neutral,"This benchmarking comparison between Oculus Quest gpu and 2080Ti NVidia is just bullying. The depressing thing is that developers are trying to ship cross-platform games that cover these two basics, otherwise they would be missing out on a huge chunk of the market. pic.twitter.com / rdwrVtSboV",2025-10-13 21:11:16,2025-10-13 21:11:20,294
9171,Nvidia,Neutral,This benchmarking comparison between the Oculus Quest gpu and the 2080Ti NVidia is simply a mockery of the system.,2025-10-13 21:11:16,2025-10-13 21:11:20,114
9171,Nvidia,Neutral,This benchmarking comparison between Oculus Quest gpu and 2080Ti NVidia is just bullying. . The depressing thing is game devs are trying to ship cross platform games that cover both these bases. Otherwise they would be missing on a huge chunk of the market. It is a very hard task. pic.twitter.com/rdwrVtSboV,2025-10-13 21:11:16,2025-10-13 21:11:20,308
9171,Nvidia,Neutral,J This benchmarking comparison between Oculus Quest gpu and 2080Ti NVidia is just bullying. . The depressing thing is game devs are trying to ship cross platform games that cover both these bases. Otherwise they would be missing on a huge chunk of the market. It is a very hard task. pic.twitter.com/rdwrVtSboV,2025-10-13 21:11:16,2025-10-13 21:11:20,310
9171,Nvidia,Neutral,You,2025-10-13 21:11:16,2025-10-13 21:11:20,3
9172,Nvidia,Positive,@NVIDIAGeForce @nvidia,2025-10-13 21:11:16,2025-10-13 21:11:20,24
9172,Nvidia,Positive,@ NVIDIAGeForce @ nvidia,2025-10-13 21:11:16,2025-10-13 21:11:20,24
9172,Nvidia,Positive,@ NVIDIAGeForce @ nvidia,2025-10-13 21:11:16,2025-10-13 21:11:20,24
9172,Nvidia,Positive,@NVIDIAGeForce ],2025-10-13 21:11:16,2025-10-13 21:11:20,16
9172,Nvidia,Positive,H @NVIDIAGeForce @nvidia,2025-10-13 21:11:16,2025-10-13 21:11:20,24
9172,Nvidia,Positive,Power @NVIDIAGeForce,2025-10-13 21:11:16,2025-10-13 21:11:20,20
9173,Nvidia,Neutral,What's next for,2025-10-13 21:11:16,2025-10-13 21:11:20,17
9173,Nvidia,Neutral,What's next?,2025-10-13 21:11:16,2025-10-13 21:11:20,12
9173,Nvidia,Neutral,What next?,2025-10-13 21:11:16,2025-10-13 21:11:20,10
9173,Nvidia,Neutral,What's next now,2025-10-13 21:11:16,2025-10-13 21:11:20,15
9173,Nvidia,Neutral,What'our s next for,2025-10-13 21:11:16,2025-10-13 21:11:20,19
9173,Nvidia,Neutral,year's next for,2025-10-13 21:11:16,2025-10-13 21:11:20,15
9174,Nvidia,Negative,@NVIDIASHIELD I just got a brand new Nvidia Shield Controller/Gamepad. The right shoulder buttons do not work. Does anyone know whats going on or how to fix this?. Thank you so much for any help.,2025-10-13 21:11:16,2025-10-13 21:11:20,195
9174,Nvidia,Negative,@ NVIDIASHIELD I just got a brand new Nvidia Shield controller / gamepad. The right shoulder buttons don't work. Does anyone know what's going on or how to fix that?. Thanks for any help.,2025-10-13 21:11:16,2025-10-13 21:11:20,187
9174,Nvidia,Negative,@ NVIDIASHIELD I just got a brand new Nvidia Shield B / Gamepad. The right shoulder buttons do not work. Does anyone know whats going on or how to fix this?. Thank you so much for any help.,2025-10-13 21:11:16,2025-10-13 21:11:20,189
9174,Nvidia,Negative,@NVIDIASHIELD I just got our brand new Nvidia GeForce Controller/Gamepad. The right shoulder buttons does not work. Does anyone know whats going on or how to fix this?. Thanks you so much for any help.,2025-10-13 21:11:16,2025-10-13 21:11:20,201
9174,Nvidia,Negative,@NVIDIASHIELD I just got a really brand new Nvidia Shield Dual Controller / Assault Gamepad. The right or shoulder buttons mainly don't work. Does anyone know exactly whats going on there or even how to go fix this?. Thank you so much for any help.,2025-10-13 21:11:16,2025-10-13 21:11:20,248
9174,Nvidia,Negative,@NVIDIASHIELD just just got a brand new Nvidia Remote Controller/Gamepad. The right shoulder buttons do not function. Does anyone think is going on or how to fix this?. Thank you this much if any help.,2025-10-13 21:11:16,2025-10-13 21:11:20,201
9175,Nvidia,Neutral,What's next for,2025-10-13 21:11:16,2025-10-13 21:11:20,17
9175,Nvidia,Neutral,What's next?,2025-10-13 21:11:16,2025-10-13 21:11:20,12
9175,Nvidia,Neutral,What next?,2025-10-13 21:11:16,2025-10-13 21:11:20,10
9175,Nvidia,Neutral,What's Hot for,2025-10-13 21:11:16,2025-10-13 21:11:20,14
9175,Nvidia,Neutral,And What's next for,2025-10-13 21:11:16,2025-10-13 21:11:20,19
9175,Nvidia,Neutral,What's next here,2025-10-13 21:11:16,2025-10-13 21:11:20,16
9176,Nvidia,Neutral,"NVIDIA GeForce RTX 3090 & RTX 3080 Ampere GA102 GPU Pictured, Massive Die Compared To Turing TU102 GPU wccftech.com/nvidia-geforce…",2025-10-13 21:11:16,2025-10-13 21:11:20,131
9176,Nvidia,Neutral,"NVIDIA GeForce RTX 3090 & RTX 3080 Ampere GA102 GPU Pictured, Massive The Compared To Turing TU102 GPU wccftech.com / nvidia-geforce...",2025-10-13 21:11:16,2025-10-13 21:11:20,135
9176,Nvidia,Neutral,"NVIDIA GeForce X 3090 & X 3080 - 102 GPU Pictured, Massive Die Compared To Turning 102 GPU wccftech.com / nvidia-geforce...",2025-10-13 21:11:16,2025-10-13 21:11:20,123
9176,Nvidia,Neutral,"NVIDIA GeForce RTX 3090 & RTX 3080 Creator Edition GPUs Pictured, Massive Die Compared To Turing TU102 GPU Shutterstock.com/nvidia-geforce…",2025-10-13 21:11:16,2025-10-13 21:11:20,139
9176,Nvidia,Neutral,"with NVIDIA GeForce RTX 3090 & later RTX FX 3080 Digital Ampere GA102 Duo GPU Pictured, Massive Die Hard Compared To Turing TU102 GPU at wccftech. hear com / via nvidia - geforce html …",2025-10-13 21:11:16,2025-10-13 21:11:20,185
9176,Nvidia,Neutral,"NVIDIA AMD 400 3090 & RTX 42 Ampere GA102 Panel Design, In Die cut To Turing TU102 by wccftech.com/nvidia-geforce...",2025-10-13 21:11:16,2025-10-13 21:11:20,116
9177,Nvidia,Neutral,Nvidia Gives Positive Forecasts Despite Coronavirus Hit  . . cdrinfo.com/d7/content/nvi… https://t.co/utMxGW1CIf,2025-10-13 21:11:16,2025-10-13 21:11:20,112
9177,Nvidia,Neutral,Nvidia makes positive predictions despite Coronavirus hit... cdrinfo.com / d7 / content / nvi... https: / / t.co / utMxGW1CIf,2025-10-13 21:11:16,2025-10-13 21:11:20,125
9177,Nvidia,Neutral,"Nvidia gives a foru, despite the coronavirus... cdrinfo.com / d7 / content / n... https: / / co / utMxGW1CIf",2025-10-13 21:11:16,2025-10-13 21:11:20,108
9177,Nvidia,Neutral,Nvidia Gives Growth Forecasts But Sales Hit .. cdrinfo.com/d7/content/nvi… https://t.co/utMxGW1CIf],2025-10-13 21:11:16,2025-10-13 21:11:20,99
9177,Nvidia,Neutral,AIDS Nvidia AIDS Gives Positive Cancer Forecasts Despite being Coronavirus and Hit.. cdrinfo. com / d7 / content / nvi... … w https://t.co/utMxGW1CIf ],2025-10-13 21:11:16,2025-10-13 21:11:20,151
9177,Nvidia,Neutral,Trend Network Positive Forecasts in Coronavirus Hit.. in.com/d7/content/nvi... this],2025-10-13 21:11:16,2025-10-13 21:11:20,84
9178,Nvidia,Neutral,"Little-known Japanese CPU threatens to make Nvidia, Intel and AMD obsolete in HPC market | TechRadar techradar.com/amp/news/littl…",2025-10-13 21:11:16,2025-10-13 21:11:20,130
9178,Nvidia,Neutral,"Little-known Japanese CPU threatens to render Nvidia, Intel and AMD obsolete in the HPC market | TechRadar techradar.com / amp / news / littl...",2025-10-13 21:11:16,2025-10-13 21:11:20,144
9178,Nvidia,Neutral,"A little-known Japanese processor threatens to render obsolete Nvidia, Intel, and AMD in the PC market.",2025-10-13 21:11:16,2025-10-13 21:11:20,103
9178,Nvidia,Neutral,"Little-known Japanese CPU threatens to make Nvidia, Intel and Microsoft obsolete in HPC market © TechRadar UK.com/amp/news/littl…",2025-10-13 21:11:16,2025-10-13 21:11:20,129
9178,Nvidia,Neutral,"Little - said known Japanese micro CPU threatens to make Nvidia, Intel and AMD devices obsolete in HPC manufacturing market | TechRadar or techradar. com / amp / economic news / and littl …",2025-10-13 21:11:16,2025-10-13 21:11:20,189
9178,Nvidia,Neutral,"Little-known Dell CPU threatens to see Apple, Intel even AMD obsolete from HPC market | TechRadar reviews.com/amp/news/littl...",2025-10-13 21:11:16,2025-10-13 21:11:20,127
9179,Nvidia,Neutral,Check out this beautiful AORUS GeForce RTX 3090 MASTER! How do you like it?. .. . Learn more. aorus.com/rtx30/. ..,2025-10-13 21:11:16,2025-10-13 21:11:20,116
9179,Nvidia,Neutral,Check out this gorgeous AORUS GeForce RTX 3090 MASTER! How do you like it?... Learn more. aorus.com / rtx30 /...,2025-10-13 21:11:16,2025-10-13 21:11:20,112
9179,Nvidia,Neutral,Look at this beautiful AORUS GeForce X 3090 STER! How do you like it?..,2025-10-13 21:11:16,2025-10-13 21:11:20,71
9179,Nvidia,Neutral,Check out this beautiful AORUS GeForce RTX SPECIAL MASTER! How do you like it?... Learn more. twitter.com/rtx30/...,2025-10-13 21:11:16,2025-10-13 21:11:20,115
9179,Nvidia,Neutral,Check them out this beautiful AORUS GeForce RTX Model 3090 with MASTER! How bad do you look like with it?.... Learn more. From aorus. info com / 2016 rtx30 /...,2025-10-13 21:11:16,2025-10-13 21:11:20,160
9179,Nvidia,Neutral,Check out our beautiful CSS AND RTX 3090 MASTER! But about you like design?.... Learn more. At.com/rtx30/...,2025-10-13 21:11:16,2025-10-13 21:11:20,108
9180,Nvidia,Negative,These prices are way too low.,2025-10-13 21:11:16,2025-10-13 21:11:20,31
9180,Nvidia,Negative,These prices are far too low.,2025-10-13 21:11:16,2025-10-13 21:11:20,29
9180,Nvidia,Negative,These prices are too low.,2025-10-13 21:11:16,2025-10-13 21:11:20,25
9180,Nvidia,Negative,These prices go way too low.,2025-10-13 21:11:16,2025-10-13 21:11:20,28
9180,Nvidia,Negative,These prices alone are way too low.,2025-10-13 21:11:16,2025-10-13 21:11:20,35
9180,Nvidia,Negative,my prices are way too low.,2025-10-13 21:11:16,2025-10-13 21:11:20,26
9181,Nvidia,Neutral,"Nvidia's ready to announce the new stuff. . Really puzzles me as to why AMD has been keeping their mouths shut about \"Big Navi\". They're fixing to announce weaker cards after the fact and be late to the game again. At least announce them first.",2025-10-13 21:11:16,2025-10-13 21:11:20,244
9181,Nvidia,Neutral,"Nvidia is ready to announce the new stuff. I really wonder why AMD has kept quiet about \"Big Navi.\" They fix to announce weaker cards in retrospect and come back to the game too late. At least they announce them first.",2025-10-13 21:11:16,2025-10-13 21:11:20,218
9181,Nvidia,Neutral,"Nvidia's ready to announce the new stuff... Really puzzles me as why AMD has been keeping their mouths about \"Big Navi.\" They are fixing to announce weaker cards after the fact and be late to the game again. At least announce them first.",2025-10-13 21:11:16,2025-10-13 21:11:20,237
9181,Nvidia,Neutral,"Nvidia's ready to announce some new stuff. But Really puzzles me as to why AMD has been keeping their eyes shut about \"Big Navi\". They're fixing should announce weaker cards after the fact and be coming to the game again. At least announce them first.",2025-10-13 21:11:16,2025-10-13 21:11:20,251
9181,Nvidia,Neutral,"Since Nvidia's ready her to announce the new threat stuff.. Really puzzles me as to why AMD has been keeping their mouths shut about \" Big Navi \". They're fixing to announce weaker high cards after the fact... and be late enough to start the council game yet again. At some least announce them first.",2025-10-13 21:11:16,2025-10-13 21:11:20,300
9181,Nvidia,Neutral,"Nvidia's ready to announce the bad stuff.. Really puzzles me looking for why AMD has anyone keeping their mouths off about \"Big Mac\". They're fixing on announce weaker cards after the fact and run closer to the game again. At least announce them first.",2025-10-13 21:11:16,2025-10-13 21:11:20,252
9182,Nvidia,Negative,Nvidia Optimus laptop - external monitor (wired directly to Nvidia GPU) has tearing.. zpr.io/H6uu3,2025-10-13 21:11:16,2025-10-13 21:11:20,98
9182,Nvidia,Negative,Nvidia Optimus laptop - external monitor (directly connected to Nvidia GPU) has lurid.. zpr.io / H6uu3,2025-10-13 21:11:16,2025-10-13 21:11:20,102
9182,Nvidia,Negative,Laptop Nvidia Optimus - external monitor (connected directly to the Nvidia graphics processor) has... zpr.io / H6uu3,2025-10-13 21:11:16,2025-10-13 21:11:20,116
9182,Nvidia,Negative,Nvidia Optimus laptop PSU Side monitor (wired directly to Nvidia GPU) has tearing.. zpr.io/H6uu3,2025-10-13 21:11:16,2025-10-13 21:11:20,96
9182,Nvidia,Negative,Nvidia 30 Optimus 4 laptop - external monitor ( always wired directly attached to Nvidia 2 GPU ) if has tearing.. zpr. 3 io / H6uu3,2025-10-13 21:11:16,2025-10-13 21:11:20,131
9182,Nvidia,Negative,an Optimus laptop - laptop battery (wired strongly in Nvidia GPU) has tearing.. zpr.io/H6uu3,2025-10-13 21:11:16,2025-10-13 21:11:20,92
9183,Nvidia,Positive,"New GPU coming in soon (1660), after that I will be streaming gameplays more on Twitch.tv/SinfullyKayla and will attempt to learn blender for some 3d lewd works while I am still getting 2d down. (I am Professionally trained in 3D Modelling and Animation)",2025-10-13 21:11:16,2025-10-13 21:11:20,256
9183,Nvidia,Positive,"A new GPU is coming soon (1660), after that I will stream gameplays more on Twitch.tv / SinfullyKayla and try to learn mixers for some lewd 3D work while still coming down 2d. (I am professionally trained in 3D modeling and animation)",2025-10-13 21:11:16,2025-10-13 21:11:20,234
9183,Nvidia,Positive,"Soon there will be a new graphics processor (1660), after which I will stream more games on tch.tv / SinfullyKayla and try to learn a blender for some 3D work while I'm still getting 2d. (I'm learning 3D modeling and animation)",2025-10-13 21:11:16,2025-10-13 21:11:20,227
9183,Nvidia,Positive,New GPU coming in soon so after that I will go streaming gameplays more on twitch.tv/SinfullyKayla and will attempt to learn blender for some 3d effects pieces while I am still getting 2d down. I am Professionally trained in 3D Modelling and Animation),2025-10-13 21:11:16,2025-10-13 21:11:20,252
9183,Nvidia,Positive,"New new GPU coming in soon ( 1660 ), soon after that I already will be streaming gameplays more on Twitch. tv / SinfullyKayla and even will then attempt to learn blender for doing some 3d lewd works while still I already am still getting 5 2d down. ( I am Professionally trained primarily in 3D Modelling and Animation )",2025-10-13 21:11:16,2025-10-13 21:11:20,320
9183,Nvidia,Positive,"New year coming in soon (1660), means that I Ill be streaming gameplays more on Twitch.tv/SinfullyKayla and will get another train blender for more equally lewd works while I am slowly getting 2d down. (I<unk> Professionally trained in 3D Modelling and Animation)",2025-10-13 21:11:16,2025-10-13 21:11:20,263
9184,Nvidia,Neutral,"Think im gonna screw around with this Nvidia broadcast stuff today that @Professorbroman has been talking about. Hopefully I can make my mic sound like I'm not talking in a tiled shower, smiley face",2025-10-13 21:11:16,2025-10-13 21:11:20,198
9184,Nvidia,Neutral,"Remember that today I will be fiddling with this Nvidia broadcast material that @ Professorbroman has been talking about. Hopefully, I can make my microphone sound like I'm not talking in a tiled shower with a smiley face.",2025-10-13 21:11:16,2025-10-13 21:11:20,222
9184,Nvidia,Neutral,"I hope I can make my microphone sound as if I'm speaking face-to-face, not in a tiled soul.",2025-10-13 21:11:16,2025-10-13 21:11:20,91
9184,Nvidia,Neutral,"Think im gon screw around with this Nvidia broadcast stuff today that @Professorbroman<unk> been talking about. Hopefully I can make my mic sound like I'm not talking of a cold shower, smiley face",2025-10-13 21:11:16,2025-10-13 21:11:20,196
9184,Nvidia,Neutral,"Think ye im be gonna get screw around with this Nvidia broadcast stuff yourself today that @Professorbroman has been talking about. 7 Hopefully I can somehow make my mic sound like I'V m not talking in a tiled shower, a smiley up face",2025-10-13 21:11:16,2025-10-13 21:11:20,234
9184,Nvidia,Neutral,"Think im gonna playing around with this Nvidia broadcast stuff today that @Professorbroman seems been talking about. Hopefully what can make my mic sound like I'm duck talking on a tiled shower, any cute",2025-10-13 21:11:16,2025-10-13 21:11:20,203
9185,Nvidia,Neutral,Heard people are having issues with ordering their Nvidia GPUs.. . RTX 3080 Arriving tomorrow... Just thought I'd rub that in. pic.twitter.com/cbiyMbv4A8,2025-10-13 21:11:16,2025-10-13 21:11:20,153
9185,Nvidia,Neutral,Heard people having trouble ordering their Nvidia GPUs... RTX 3080 arriving tomorrow... I just thought I'd post this. pic.twitter.com / cbiyMbv4A8,2025-10-13 21:11:16,2025-10-13 21:11:20,146
9185,Nvidia,Neutral,Heard people are hands with order their Nvidia GPU... X 3080 Arriving tomorrow... Just thought I'd rub that in. pic.facebook.com / cbiyM4A8,2025-10-13 21:11:16,2025-10-13 21:11:20,139
9185,Nvidia,Neutral,Heard people are having issues with ordering their Nvidia GPUs.. . RTX 3080 Arriving tomorrow... Just thought I'd rub that in. pic.twitter.com/cbiyMbv4A8,2025-10-13 21:11:16,2025-10-13 21:11:20,153
9185,Nvidia,Neutral,by Heard people are having issues with ordering their Nvidia GPUs.. . RTX 3080 Arriving tomorrow... Just thought I'd rub that in. pic.twitter.com/cbiyMbv4A8,2025-10-13 21:11:16,2025-10-13 21:11:20,156
9185,Nvidia,Neutral,you,2025-10-13 21:11:16,2025-10-13 21:11:20,3
9186,Nvidia,Positive,@Nvidia HOLY SHIT these prices are so much lower than I expected!! 500$ for a 3070 which is faster than a 1200$ 2080ti. Probably buying the 3080 though pic.twitter.com/7TxMrnIOlf,2025-10-13 21:11:16,2025-10-13 21:11:20,178
9186,Nvidia,Positive,@ Nvidia HOLY SHIT these prices are so much lower than I expected!! $500 for a 3070 that's faster than a $1200 2080ti. Probably buy the 3080 though pic.twitter.com / 7TxMrnIOlf,2025-10-13 21:11:16,2025-10-13 21:11:20,176
9186,Nvidia,Positive,"@ Nvidia HOLY SHIT these prices are much lower than I expected!! $500 for 3,070, faster than $2,080ti.",2025-10-13 21:11:16,2025-10-13 21:11:20,102
9186,Nvidia,Positive,RhandlerR HOLY SHIT these prices are so much lower than I expected!! 500$ for a 3070 which is faster than a 1200$ 2080ti. Probably buying the 3080 though pic.twitter.com/7TxMrnIOlf,2025-10-13 21:11:16,2025-10-13 21:11:20,180
9186,Nvidia,Positive,2 RhandlerR HOLY SHIT these prices are so much lower than I expected!! 500$ for a 3070 which is faster than a 1200$ 2080ti. Probably buying the 3080 though pic.twitter.com/7TxMrnIOlf,2025-10-13 21:11:16,2025-10-13 21:11:20,182
9186,Nvidia,Positive,from,2025-10-13 21:11:16,2025-10-13 21:11:20,4
9187,Nvidia,Positive,Liked on YouTube: How to Install Nvidia Drivers on Linux (Gentoo) youtube.com/watch?v=DVBepR…,2025-10-13 21:11:16,2025-10-13 21:11:20,93
9187,Nvidia,Positive,Popular on YouTube: How to install Nvidia drivers on Linux (Gentoo) youtube.com / watch? v = DVBepR...,2025-10-13 21:11:16,2025-10-13 21:11:20,102
9187,Nvidia,Positive,Liked on YouTube: How to Install Nvidia Drivers on Linux (Foo) youtube.com / watch? v = DVBepR...,2025-10-13 21:11:16,2025-10-13 21:11:20,97
9187,Nvidia,Positive,Liked on video: Guide to Install Nvidia Drivers -> Linux (Gentoo) youtube.com/watch?v=DVBepR…,2025-10-13 21:11:16,2025-10-13 21:11:20,93
9187,Nvidia,Positive,Liked on YouTube YouTube : Knowing How When to Install Nvidia Card Drivers Played on Linux ( Gentoo ) via youtube. sense com / watch? v = DVBepR …,2025-10-13 21:11:16,2025-10-13 21:11:20,146
9187,Nvidia,Positive,<unk> By YouTube: Tips to Put Nvidia Camera on Linux (Gentoo) youtube.com/watch?v=DVBepR...,2025-10-13 21:11:16,2025-10-13 21:11:20,91
9188,Nvidia,Negative,"If my display only support Freesync, am I screwed if I want to get an Nvidia GPU?",2025-10-13 21:11:16,2025-10-13 21:11:20,81
9188,Nvidia,Negative,"If my screen only supports Freesync, will I be screwed if I want to get an Nvidia GPU?",2025-10-13 21:11:16,2025-10-13 21:11:20,86
9188,Nvidia,Negative,"If my display only supports Freesync, am I mounted if I want a Nvidia graphics processor?",2025-10-13 21:11:16,2025-10-13 21:11:20,89
9188,Nvidia,Negative,"If my display must support Freesync, am I screwed when I want to get an Nvidia GPU?",2025-10-13 21:11:16,2025-10-13 21:11:20,83
9188,Nvidia,Negative,"If indeed my display only support Freesync, am me I screwed if I really want to get an extra Nvidia GPU?",2025-10-13 21:11:16,2025-10-13 21:11:20,104
9188,Nvidia,Negative,"when my display files support Freesync, am I screwed until I want to get an Nvidia GPU?",2025-10-13 21:11:16,2025-10-13 21:11:20,87
9189,Nvidia,Negative,Nvidia should cancel any order that is suspected of being a bot.,2025-10-13 21:11:16,2025-10-13 21:11:20,66
9189,Nvidia,Negative,Nvidia should cancel any order suspected of being a bot.,2025-10-13 21:11:16,2025-10-13 21:11:20,56
9189,Nvidia,Negative,Nvidia must cancel any order that is suspected of being a bot.,2025-10-13 21:11:16,2025-10-13 21:11:20,62
9189,Nvidia,Negative,Nvidia should cancel any order that is suspected this being a bot.,2025-10-13 21:11:16,2025-10-13 21:11:20,66
9189,Nvidia,Negative,Nvidia automatically should gradually cancel any order that is suspected of being a useful bot.,2025-10-13 21:11:16,2025-10-13 21:11:20,95
9189,Nvidia,Negative,Nvidia should cancel a order that is suspected of being by bot.,2025-10-13 21:11:16,2025-10-13 21:11:20,63
9190,Nvidia,Positive,This news about the Nvidia 3000 series is ligiet the most excited I’ve been about gaming all year. pic.twitter.com/VqL4QfUKVA,2025-10-13 21:11:16,2025-10-13 21:11:20,125
9190,Nvidia,Positive,This news about the Nvidia 3000 series is the most exciting I've seen about gaming all year. pic.twitter.com / VqL4QfUKVA,2025-10-13 21:11:16,2025-10-13 21:11:20,121
9190,Nvidia,Positive,This news about the Nvidia series was the most exciting for me ever.,2025-10-13 21:11:16,2025-10-13 21:11:20,68
9190,Nvidia,Positive,This news about the Nvidia 3000 series is ligiet the most excited I’ve been about gaming all year. pic.twitter.com/VqL4QfUKVA,2025-10-13 21:11:16,2025-10-13 21:11:20,125
9190,Nvidia,Positive,FM This news about the Nvidia 3000 series is ligiet the most excited I’ve been about gaming all year. pic.twitter.com/VqL4QfUKVA,2025-10-13 21:11:16,2025-10-13 21:11:20,128
9190,Nvidia,Positive,were,2025-10-13 21:11:16,2025-10-13 21:11:20,4
9191,Nvidia,Negative,@NVIDIAGeForce The hell with you Nvidia. You all wanted this launch to happen like it did. Triggering people to impulse buy so you brag about record sales in your next quarterly round up. Holding back your card so you can save bins for the 3070 to counter AMD's offer. Assholes.,2025-10-13 21:11:16,2025-10-13 21:11:20,278
9191,Nvidia,Negative,@ NVIDIAGeForce Hell with you Nvidia. You all wanted this launch to go the way it did. Get people to impulse buy so you can brag about record sales in your next quarterly round. Withhold the card so you can save for the 3070 to counter AMD's offer. Assholes.,2025-10-13 21:11:16,2025-10-13 21:11:20,258
9191,Nvidia,Negative,@ NVIDIAGeForce Damn you Nvidia. You all wanted this launch to happen the way it did. Triggers encourage people to buy so you can boast record sales in the next quarter. Hold your card so you can accumulate on 3070 to counter AMD's offer. Assholes.,2025-10-13 21:11:16,2025-10-13 21:11:20,248
9191,Nvidia,Negative,@NVIDIAGeForce ta hell with you Nvidia. Our all wanted this launch to sell like mine did. Triggering people to impulse spend so you brag about record sales in your next quarterly round up. Holding back your card so you can save bins for the 3070 to counter AMD's hype. Assholes.,2025-10-13 21:11:16,2025-10-13 21:11:20,278
9191,Nvidia,Negative,THE @NVIDIAGeForce The hell with you but Nvidia. com You all wanted this launch to still happen like it did. Triggering people to impulse buy models so you brag back about record sales in when your next quarterly round are up. Holding all back your card so instead you can save bins for the 3070 to counter AMD's offer. Assholes.,2025-10-13 21:11:16,2025-10-13 21:11:20,329
9191,Nvidia,Negative,@NVIDIAGeForce The hell with your Nvidia. You all wanted this launch just happen like Intel did. Triggering email to impulse buy companies there brag about huge numbers before those next quarterly round up. Holding back your card so you can save bins for the 3070 to counter AMD's offer. Assholes.,2025-10-13 21:11:16,2025-10-13 21:11:20,297
9192,Nvidia,Neutral,"Save $500 on the AERO 15 OLED - Award winning design, stunning 4K OLED panel, color accurate right out of the box, with i7 core and Nvidia GTX GPU. This is a sweet work from home, create anywhere laptop! buff.ly/3kd6oRQ",2025-10-13 21:11:16,2025-10-13 21:11:20,222
9192,Nvidia,Neutral,"Save $500 on the AERO 15 OLED - Award-winning design, stunning 4K OLED panel, color-accurate in-stock, with i7 core and Nvidia GTX GPU. This is a sweet work from home, create anywhere laptop! buff.ly / 3kd6oRQ",2025-10-13 21:11:16,2025-10-13 21:11:20,209
9192,Nvidia,Neutral,"Save $500 on the AERO 15 OR - award-winning design, stunning 4K OR panel, color accuracy straight out of the box, i7 core, and Nvidia X. It's sweet work from home, create a laptop anywhere! buff.ly / 3kd6oRQ",2025-10-13 21:11:16,2025-10-13 21:11:20,207
9192,Nvidia,Neutral,"Save $500 buying the AERO 15 OLED - Award winning design, stunning 4K OLED panel, color accurate right out of the scratch, Snapdragon i7 core and Nvidia GTX GPU. This is one sweet work<unk> home, play anywhere laptop! buff.ly/3kd6oRQ",2025-10-13 21:11:16,2025-10-13 21:11:20,233
9192,Nvidia,Neutral,"Save $ 500 on the AERO 15 OLED - Edge Award 2000 winning desk design, stunning 4K OLED panel, color correction accurate right out front of inside the box, with i7 core and Apple Nvidia 400 GTX GPU. This is also a sweet work from home, create for anywhere laptop! buff. ly / 3kd6oRQ",2025-10-13 21:11:16,2025-10-13 21:11:20,281
9192,Nvidia,Neutral,"than $500 on the AERO VA OLED - Award winning design, stunning 4K OLED panel, color in front edge of kitchen oven, with i7 core and Nvidia Core 4. This is a no work from home, create anywhere laptop! buff.ly/3kd6oRQ",2025-10-13 21:11:16,2025-10-13 21:11:20,215
9193,Nvidia,Positive,Love EVERYTHING about it .,2025-10-13 21:11:16,2025-10-13 21:11:20,27
9193,Nvidia,Positive,Love EVERYTHING about it.,2025-10-13 21:11:16,2025-10-13 21:11:20,25
9193,Nvidia,Positive,Love EVERYTHING about it.,2025-10-13 21:11:16,2025-10-13 21:11:20,25
9193,Nvidia,Positive,Love EVERYTHING about it �,2025-10-13 21:11:16,2025-10-13 21:11:20,26
9193,Nvidia,Positive,22 Love EVERYTHING All about it.,2025-10-13 21:11:16,2025-10-13 21:11:20,32
9193,Nvidia,Positive,Love EVERYTHING about anything.,2025-10-13 21:11:16,2025-10-13 21:11:20,31
9194,Nvidia,Positive,"Checked for new GPU drivers today, went to the AMD driver section, tried to select my card, then paused for around 10 seconds completely confused. I then remembered I switched from AMD to Nvidia 6 months ago.",2025-10-13 21:11:16,2025-10-13 21:11:20,208
9194,Nvidia,Positive,"Today I searched for new GPU drivers, went to the AMD driver section, tried to select my card, then stopped completely confused for about 10 seconds and then remembered that I switched from AMD to Nvidia 6 months ago.",2025-10-13 21:11:16,2025-10-13 21:11:20,217
9194,Nvidia,Positive,I remembered that I switched from AMD to Nvidia 6 months ago.,2025-10-13 21:11:16,2025-10-13 21:11:20,61
9194,Nvidia,Positive,"Checked for new GPU drivers today, typed to the AMD driver section, tried to select my Nvidia, was paused for around 25 seconds completely confused. I then remembered I switched from AMD to Nvidia 6 months ago.",2025-10-13 21:11:16,2025-10-13 21:11:20,210
9194,Nvidia,Positive,"Checked for the new GPU powered drivers today, went to the AMD driver selection section, again tried to select on my card, then paused for around a 10 seconds completely confused. Then I thought then remembered I switched from AMD to an Nvidia 6 months ago.",2025-10-13 21:11:16,2025-10-13 21:11:20,257
9194,Nvidia,Positive,"Checked for new GPU drivers today, clicked through the AMD driver section, tried to use my card, then paused for around 10 seconds completely disappointed. Just then remembered I switched from AMD to Ubuntu 6 months ago.",2025-10-13 21:11:16,2025-10-13 21:11:20,220
9195,Nvidia,Neutral,"NVIDIA released a security update for its drivers, fixing several issues that could lead to denial of service, escalation of privileges, or information disclosure. The update covers multiple vulnerabilities affecting both the displa... twib.in/l/L6Rdj89GpLkd via @InfoSecHotSpot https://t.co/qOY2QR2YR2",2025-10-13 21:11:16,2025-10-13 21:11:20,302
9195,Nvidia,Neutral,"NVIDIA has released a security update for its drivers that fixes several issues that can lead to denial of service, privilege escalation, or disclosure of information.The update covers multiple vulnerabilities affecting both the... twib.in / l / L6Rdj89GpLkd display via @ InfoSecHotSpot https: / / t.co / qOY2QR2YR2.",2025-10-13 21:11:16,2025-10-13 21:11:20,317
9195,Nvidia,Neutral,"NVIDIA has released a security update for its drivers that fixes several problems that can lead to denial of service, privilege escalation, or information leakage.",2025-10-13 21:11:16,2025-10-13 21:11:20,163
9195,Nvidia,Neutral,"NVIDIA released another software update for its drivers, fixing several issues that could lead to denial of permissions, escalation of privileges, or information disclosure. The update addresses multiple vulnerabilities affecting both the products twib.in/l/L6Rdj89GpLkd X @InfoSecHotSpot https://t.co/qOY2QR2YR2]",2025-10-13 21:11:16,2025-10-13 21:11:20,313
9195,Nvidia,Neutral,"NVIDIA released a new security update for its drivers, fixing for several issues including that could potentially lead to extended denial lines of service, escalation of privileges, or requiring information disclosure. The update covers multiple vulnerabilities all affecting both by the displa... twib. in / l / L6Rdj89GpLkd via @InfoSecHotSpot... https://t.co/qOY2QR2YR2 ]",2025-10-13 21:11:16,2025-10-13 21:11:20,374
9195,Nvidia,Neutral,"NVIDIA released its substantial update for its drivers, identifying several shortcomings that could lead to denial of service, escalation of privileges, or auto theft. The update covers the standards using both the displa... twib.in/l/L6Rdj89GpLkd via the https://t.co/qOY2QR2YR2]",2025-10-13 21:11:16,2025-10-13 21:11:20,280
9196,Nvidia,Negative,Cheap doesn't mean better btw! . . techsall.com/google-challen…. .,2025-10-13 21:11:16,2025-10-13 21:11:20,68
9196,Nvidia,Negative,Cheap does not mean better by the way!.. techsall.com / google-challen.....,2025-10-13 21:11:16,2025-10-13 21:11:20,75
9196,Nvidia,Negative,??????????????????????????????????????????????????????????,2025-10-13 21:11:16,2025-10-13 21:11:20,58
9196,Nvidia,Negative,Cheap will mean better<unk>!.. techsall.com/google-challen…..,2025-10-13 21:11:16,2025-10-13 21:11:20,61
9196,Nvidia,Negative,... Cheap doesn't t mean anyone better btw!.. techsall. com / from google - end challen page …..,2025-10-13 21:11:16,2025-10-13 21:11:20,96
9196,Nvidia,Negative,really doesn't look bad btw!.. net.com/google-challen.....,2025-10-13 21:11:16,2025-10-13 21:11:20,58
9197,Nvidia,Neutral,Nvidia doesn’t want to give up its 2017 ‘crypto craze’ docs maxbit.cc/nvidia-doesnt-…,2025-10-13 21:11:16,2025-10-13 21:11:20,85
9197,Nvidia,Neutral,"Nvidia plans to release its 2017 \"Crypto Craze\" documentary maxbit.cc / nvidia-doesnt-...",2025-10-13 21:11:16,2025-10-13 21:11:20,89
9197,Nvidia,Neutral,"Nvidia does not want to give up its \"cryptoinsanity\" doxmaxbit.cc / nvidia-does-...",2025-10-13 21:11:16,2025-10-13 21:11:20,83
9197,Nvidia,Neutral,Nvidia doesn’t intend to give away its 2017 ad craze’ docs maxbit.cc/nvidia-doesnt-…,2025-10-13 21:11:16,2025-10-13 21:11:20,84
9197,Nvidia,Neutral,Nvidia therefore doesn ’ t want to give up its 2017 ‘ crypto craze ’ but docs are maxbit. 4 cc / 9 nvidia - cc doesnt - buy …,2025-10-13 21:11:16,2025-10-13 21:11:20,125
9197,Nvidia,Neutral,is doesn’t should I give up its password ‘crypto wallet docs maxbit.cc/nvidia-doesnt-...,2025-10-13 21:11:16,2025-10-13 21:11:20,88
9198,Nvidia,Negative,Nvidia really delayed the 3070 2 weeks .,2025-10-13 21:11:16,2025-10-13 21:11:20,41
9198,Nvidia,Negative,Nvidia really delayed the 3070 by 2 weeks.,2025-10-13 21:11:16,2025-10-13 21:11:20,42
9198,Nvidia,Negative,Nvidia did delay by 3070 2 weeks.,2025-10-13 21:11:16,2025-10-13 21:11:20,33
9198,Nvidia,Negative,Nvidia really delayed the 3070 several weeks.,2025-10-13 21:11:16,2025-10-13 21:11:20,45
9198,Nvidia,Negative,Nvidia really only delayed the 3070 2 flight weeks.,2025-10-13 21:11:16,2025-10-13 21:11:20,51
9198,Nvidia,Negative,Nvidia really delayed the next 2 weeks.,2025-10-13 21:11:16,2025-10-13 21:11:20,39
9199,Nvidia,Positive,Let no elim go unnoticed. . . . NVIDIA Highlights automatically records your best moments in @FortniteGame on GFN!. . Share them with,2025-10-13 21:11:16,2025-10-13 21:11:20,135
9199,Nvidia,Positive,t let Elim go unnoticed.... NVIDIA Highlights automatically records your most beautiful moments in @ FortniteGame on GFN!.. Share them,2025-10-13 21:11:16,2025-10-13 21:11:20,134
9199,Nvidia,Positive,Let no elite go unnoticed... NVIDIA Highlights automatically records your best moments in @ FenniteGame on GFN!.,2025-10-13 21:11:16,2025-10-13 21:11:20,112
9199,Nvidia,Positive,Let no elim go unnoticed.... NVIDIA Highlights automatically records your best shot in video on GFN!.. Share them with,2025-10-13 21:11:16,2025-10-13 21:11:20,118
9199,Nvidia,Positive,Let a no information elim that go unnoticed.... NVIDIA Highlights automatically in records your three best moments in The @FortniteGame on my GFN!.. Share them with,2025-10-13 21:11:16,2025-10-13 21:11:20,164
9199,Nvidia,Positive,<unk> my elim be no.... NVIDIA Highlights Pictures reveals your best moments in @FortniteGame on GFN!.. Share them with,2025-10-13 21:11:16,2025-10-13 21:11:20,119
9200,Nvidia,Positive,Just realized the windows partition of my Mac is like 6 years behind on Nvidia drivers and I have no idea how I didn’t notice,2025-10-13 21:11:16,2025-10-13 21:11:20,125
9200,Nvidia,Positive,Just realized that the Windows partition of my Mac is like 6 years behind Nvidia drivers and I have no idea how I did not notice,2025-10-13 21:11:16,2025-10-13 21:11:20,128
9200,Nvidia,Positive,Just realized that my Mac window partition is 6 years behind on Nvidia drivers and I have no idea how I didn't notice,2025-10-13 21:11:16,2025-10-13 21:11:20,117
9200,Nvidia,Positive,Just realized the windows partition of my Mac is now 6 years behind on Nvidia drivers and I have no idea how he didn’t notice,2025-10-13 21:11:16,2025-10-13 21:11:20,125
9200,Nvidia,Positive,Just realized between the windows partition of my Mac is like being 6 years behind on Nvidia drivers and cars I have no fucking idea how I ever didn ’ t notice,2025-10-13 21:11:16,2025-10-13 21:11:20,159
9200,Nvidia,Positive,Just like the windows partition of my Mac is like 6 years behind on its drivers So you have no idea how I didn’t notice,2025-10-13 21:11:16,2025-10-13 21:11:20,119
