ID,Topic,Sentiment,Text,Timestamp,IngestedAt,TextLength
5005,GrandTheftAuto(GTA),Positive,Grand Theft 11 was educational after all.,2025-10-13 21:10:40,2025-10-13 21:10:50,41
5005,GrandTheftAuto(GTA),Positive,Grand Theft Auto was educational experience after all.,2025-10-13 21:10:40,2025-10-13 21:10:50,54
5005,GrandTheftAuto(GTA),Positive,Grand Theft Auto are educational after all.,2025-10-13 21:10:40,2025-10-13 21:10:50,43
5006,GrandTheftAuto(GTA),Irrelevant,For Sale: 1991 Pontiac Firebird Trans Am GTA ebay.com/itm/1991-Ponti… <--More,2025-10-13 21:10:40,2025-10-13 21:10:50,79
5006,GrandTheftAuto(GTA),Irrelevant,For sale: 1991 Pontiac Firebird Trans Am GTA ebay.com / itm / 1991-Ponti... < --More,2025-10-13 21:10:40,2025-10-13 21:10:50,84
5006,GrandTheftAuto(GTA),Irrelevant,For sale: 1991 Pontiac Firebird Trans Am GTA ebay.com / itm / 1991-Ponti...,2025-10-13 21:10:40,2025-10-13 21:10:50,75
5006,GrandTheftAuto(GTA),Irrelevant,For Sale: 1991 Pontiac Firebird Sport Am GTA youtube.com/itm/1991-Ponti… <--More,2025-10-13 21:10:40,2025-10-13 21:10:50,80
5006,GrandTheftAuto(GTA),Irrelevant,For Sale : 1991 Pontiac Herald Firebird Trans Am GTA ebay. com / 2012 itm / 1991 - with Ponti to … < - - or More,2025-10-13 21:10:40,2025-10-13 21:10:50,112
5006,GrandTheftAuto(GTA),Irrelevant,After Sale: 1996 Pontiac Firebird Trans Am AT ebay.com/itm/1991-Ponti... and--More,2025-10-13 21:10:40,2025-10-13 21:10:50,82
5007,GrandTheftAuto(GTA),Negative,I call bullshit. What is this Grand Theft Auto the video game? Grand theft Auto 2020,2025-10-13 21:10:40,2025-10-13 21:10:50,84
5007,GrandTheftAuto(GTA),Negative,I call that bullshit. What is this Grand Theft Auto the video game? Grand theft Auto 2020,2025-10-13 21:10:40,2025-10-13 21:10:50,89
5007,GrandTheftAuto(GTA),Negative,I call it bullshit. What is Grand Theft Auto video game? Grand Theft Auto 2020,2025-10-13 21:10:40,2025-10-13 21:10:50,78
5007,GrandTheftAuto(GTA),Negative,I call bullshit. What is this Grand Prix Auto the video game? Grand theft Auto 2020,2025-10-13 21:10:40,2025-10-13 21:10:50,83
5007,GrandTheftAuto(GTA),Negative,I call bullshit. What is this Grand Theft Auto... the video adventure game? Grand theft Ultimate Auto 2020,2025-10-13 21:10:40,2025-10-13 21:10:50,106
5007,GrandTheftAuto(GTA),Negative,I call bullshit. What is this Grand Theft Auto the video saying? Grand Car Auto 2020,2025-10-13 21:10:40,2025-10-13 21:10:50,84
5008,GrandTheftAuto(GTA),Positive,just won another luxury car on gta 🥵,2025-10-13 21:10:40,2025-10-13 21:10:50,36
5008,GrandTheftAuto(GTA),Positive,just won another luxury car on gta,2025-10-13 21:10:40,2025-10-13 21:10:50,34
5008,GrandTheftAuto(GTA),Positive,just won another luxury car on the gta,2025-10-13 21:10:40,2025-10-13 21:10:50,38
5008,GrandTheftAuto(GTA),Positive,just won another luxury car award gta 🥵,2025-10-13 21:10:40,2025-10-13 21:10:50,39
5008,GrandTheftAuto(GTA),Positive,We just won another luxury car on gta [UNK],2025-10-13 21:10:40,2025-10-13 21:10:50,43
5008,GrandTheftAuto(GTA),Positive,just won best luxury car on gta <unk>,2025-10-13 21:10:40,2025-10-13 21:10:50,37
5009,GrandTheftAuto(GTA),Negative,"I’ve been playing this game for seven years, I’m sick of it.",2025-10-13 21:10:40,2025-10-13 21:10:50,60
5009,GrandTheftAuto(GTA),Negative,"I've been playing this game for seven years, I'm sick of it.",2025-10-13 21:10:40,2025-10-13 21:10:50,60
5009,GrandTheftAuto(GTA),Negative,"I've been playing this game for seven years, I'm fed up with it.",2025-10-13 21:10:40,2025-10-13 21:10:50,64
5009,GrandTheftAuto(GTA),Negative,"I’ve been playing this game for seven centuries, I’m sick of football.",2025-10-13 21:10:40,2025-10-13 21:10:50,70
5009,GrandTheftAuto(GTA),Negative,"While I ’ ve been playing this game for seven healthy years, I ’ m sick scared of it.",2025-10-13 21:10:40,2025-10-13 21:10:50,85
5009,GrandTheftAuto(GTA),Negative,"I’ve been playing a game for seven years, I’m sick around it.",2025-10-13 21:10:40,2025-10-13 21:10:50,61
5010,GrandTheftAuto(GTA),Irrelevant,i got called an attack helicopter on tik tok by a kid who has 50 followers and only posts gta 5,2025-10-13 21:10:40,2025-10-13 21:10:50,95
5010,GrandTheftAuto(GTA),Irrelevant,I was called an attack helicopter on Tic Tok by a kid who has 50 followers and posts only gta 5,2025-10-13 21:10:40,2025-10-13 21:10:50,95
5010,GrandTheftAuto(GTA),Irrelevant,I was called by a helicopter gunship with a child who has 50 followers and only posts gta 5,2025-10-13 21:10:40,2025-10-13 21:10:50,91
5010,GrandTheftAuto(GTA),Irrelevant,i Got called an attack helicopter on tik tok by a kid who like 50 followers and only posts gta 5,2025-10-13 21:10:40,2025-10-13 21:10:50,96
5010,GrandTheftAuto(GTA),Irrelevant,i got it called an attack helicopter on 21 tik tok by a kid who now has 50 5000 followers and only posts gta 5,2025-10-13 21:10:40,2025-10-13 21:10:50,110
5010,GrandTheftAuto(GTA),Irrelevant,i got called here way back on tik tok by a kid who has 120 followers and only posts gta 5,2025-10-13 21:10:40,2025-10-13 21:10:50,89
5011,GrandTheftAuto(GTA),Positive,Bored out of my wits and Safcom being unreliable as always to the point where I've decided to restart GTA 5. This game was and still really is so good!,2025-10-13 21:10:40,2025-10-13 21:10:50,151
5011,GrandTheftAuto(GTA),Positive,Bored of my mind and Safcom as always unreliable to the point where I decided to restart GTA 5. This game was and is really so good!,2025-10-13 21:10:40,2025-10-13 21:10:50,132
5011,GrandTheftAuto(GTA),Positive,"I was exhausted and Safcom, as always, was so unreliable that I decided to restart GTA 5. This game was and remains so good!",2025-10-13 21:10:40,2025-10-13 21:10:50,124
5011,GrandTheftAuto(GTA),Positive,Bored out of there wits and Safcom being unreliable as always to the point where I've forgotten to restart GTA 5. This game was really still really is so good!,2025-10-13 21:10:40,2025-10-13 21:10:50,159
5011,GrandTheftAuto(GTA),Positive,Bored out of my wits and Safcom being unreliable as always seems to tell the point where tonight I've decided to restart GTA Class 5. This game definitely was good and yet still really is so good!,2025-10-13 21:10:40,2025-10-13 21:10:50,196
5011,GrandTheftAuto(GTA),Positive,Bored out of my wits and not being included as evidence to it point where I've decided to restart GTA 5. This game was and and really is so good!,2025-10-13 21:10:40,2025-10-13 21:10:50,145
5012,GrandTheftAuto(GTA),Neutral,Ridicule/20,2025-10-13 21:10:40,2025-10-13 21:10:50,11
5012,GrandTheftAuto(GTA),Neutral,Ridiculous / 20,2025-10-13 21:10:40,2025-10-13 21:10:50,15
5012,GrandTheftAuto(GTA),Neutral,Ridicule / 20,2025-10-13 21:10:40,2025-10-13 21:10:50,13
5012,GrandTheftAuto(GTA),Neutral,Ridicule/20,2025-10-13 21:10:40,2025-10-13 21:10:50,11
5012,GrandTheftAuto(GTA),Neutral,J Ridicule / 20,2025-10-13 21:10:40,2025-10-13 21:10:50,15
5012,GrandTheftAuto(GTA),Neutral,24/20,2025-10-13 21:10:40,2025-10-13 21:10:50,5
5013,GrandTheftAuto(GTA),Positive,No better feeling than killing the person who killed me in GTA,2025-10-13 21:10:40,2025-10-13 21:10:50,62
5013,GrandTheftAuto(GTA),Positive,No better feeling than killing the person who killed me in GTA,2025-10-13 21:10:40,2025-10-13 21:10:50,62
5013,GrandTheftAuto(GTA),Positive,There is no better feeling than killing the man who killed me in GTA,2025-10-13 21:10:40,2025-10-13 21:10:50,68
5013,GrandTheftAuto(GTA),Positive,No better feeling than meeting the person who killed me in GTA,2025-10-13 21:10:40,2025-10-13 21:10:50,62
5013,GrandTheftAuto(GTA),Positive,No better feeling than killing the person after who have killed me in GTA,2025-10-13 21:10:40,2025-10-13 21:10:50,73
5013,GrandTheftAuto(GTA),Positive,No other feeling than killing the person who killed me in GTA,2025-10-13 21:10:40,2025-10-13 21:10:50,61
5014,GrandTheftAuto(GTA),Positive,This is the best shit since them Florida boys GTA'd a goddamn MRAP and a horse.,2025-10-13 21:10:40,2025-10-13 21:10:50,79
5014,GrandTheftAuto(GTA),Positive,That's the best shit since they GTA'd a goddamn MRAP and a horse.,2025-10-13 21:10:40,2025-10-13 21:10:50,65
5014,GrandTheftAuto(GTA),Positive,This is the best shit since they are the Florida boys of GTA'd god MRAP and horse.,2025-10-13 21:10:40,2025-10-13 21:10:50,82
5014,GrandTheftAuto(GTA),Positive,This is the best shit since them Florida fucking GTA'd a goddamn MRAP and a horse.,2025-10-13 21:10:40,2025-10-13 21:10:50,82
5014,GrandTheftAuto(GTA),Positive,This place is the very best shit since them first Florida boys GTA'd a second goddamn MRAP and a horse.,2025-10-13 21:10:40,2025-10-13 21:10:50,103
5014,GrandTheftAuto(GTA),Positive,picture is the best ever since them Florida boys GTA'd a wooden MRAP and a horse.,2025-10-13 21:10:40,2025-10-13 21:10:50,81
5016,GrandTheftAuto(GTA),Irrelevant,The fact that my motherboard's graphics can handle GTA 4 but has a stroke when there's a sandstorm in,2025-10-13 21:10:40,2025-10-13 21:10:50,103
5016,GrandTheftAuto(GTA),Irrelevant,"The fact that the graphics on my motherboard can handle GTA 4, but has a knock when there is a sandstorm",2025-10-13 21:10:40,2025-10-13 21:10:50,104
5016,GrandTheftAuto(GTA),Irrelevant,"The fact that the graphics of my motherboard can handle GTA 4, but has a blow when there is a sandstorm in",2025-10-13 21:10:40,2025-10-13 21:10:50,106
5016,GrandTheftAuto(GTA),Irrelevant,The idea that my motherboard's graphics can handle GTA 4 but has a disadvantage when there's a sandstorm in,2025-10-13 21:10:40,2025-10-13 21:10:50,107
5016,GrandTheftAuto(GTA),Irrelevant,The fact that my Smart motherboard's new graphics card can handle GTA 4 sucks but has a stroke when there's a bad sandstorm in,2025-10-13 21:10:40,2025-10-13 21:10:50,126
5016,GrandTheftAuto(GTA),Irrelevant,The fact that their hub's CPU can handle GTA 4 but has a stroke when there's a sandstorm in,2025-10-13 21:10:40,2025-10-13 21:10:50,91
5017,GrandTheftAuto(GTA),Positive,GTA Online is one heck of a game. The best game ever.,2025-10-13 21:10:40,2025-10-13 21:10:50,55
5017,GrandTheftAuto(GTA),Positive,GTA Online is the best game ever.,2025-10-13 21:10:40,2025-10-13 21:10:50,33
5017,GrandTheftAuto(GTA),Positive,GTA Online is one of the best games ever.,2025-10-13 21:10:40,2025-10-13 21:10:50,41
5017,GrandTheftAuto(GTA),Positive,GTA Online is one heck of a game. The biggest game ever.,2025-10-13 21:10:40,2025-10-13 21:10:50,56
5017,GrandTheftAuto(GTA),Positive,GTA Online is a one per heck of hearing a game. The best game ever.,2025-10-13 21:10:40,2025-10-13 21:10:50,67
5017,GrandTheftAuto(GTA),Positive,GTA Online is like heck<unk> a game. The best game ever.,2025-10-13 21:10:40,2025-10-13 21:10:50,56
5018,GrandTheftAuto(GTA),Negative,I’m mad Rockstar ain’t making a damn GTA 6 .  I mean ima get the PS5 and buy GTA again but like fuck .,2025-10-13 21:10:40,2025-10-13 21:10:50,103
5018,GrandTheftAuto(GTA),Negative,"I'm crazy, Rockstar doesn't do a damn GTA 6. I mean, I get the PS5 and buy GTA again, but shit.",2025-10-13 21:10:40,2025-10-13 21:10:50,95
5018,GrandTheftAuto(GTA),Negative,"I'm a crazy Rockstar doesn't make the hell of GTA 6. I mean, Ima get the PS5 and buy GTA again, but how the fuck.",2025-10-13 21:10:40,2025-10-13 21:10:50,113
5018,GrandTheftAuto(GTA),Negative,I’m mad Rockstar ain’t making a damn GTA 6.  I mean ima get the PS5 and buy GTA 5 but right :.,2025-10-13 21:10:40,2025-10-13 21:10:50,94
5018,GrandTheftAuto(GTA),Negative,I man ’ m mad Rockstar ain ’ you t making a lucky damn GTA 6. I mean ima get the damned PS5 and go buy GTA again but look like fuck.,2025-10-13 21:10:40,2025-10-13 21:10:50,132
5018,GrandTheftAuto(GTA),Negative,I’m mad Rockstar ain’t watching any damn GTA again. Sure wanna ima get the PS5 and buy GTA again but like fuck.,2025-10-13 21:10:40,2025-10-13 21:10:50,111
5019,GrandTheftAuto(GTA),Irrelevant,"Really love just how I look today, what do you feel?",2025-10-13 21:10:40,2025-10-13 21:10:50,54
5019,GrandTheftAuto(GTA),Irrelevant,"I really love how I look today, what do you feel?",2025-10-13 21:10:40,2025-10-13 21:10:50,49
5019,GrandTheftAuto(GTA),Irrelevant,"True love, how do I look today, how do you feel?",2025-10-13 21:10:40,2025-10-13 21:10:50,48
5019,GrandTheftAuto(GTA),Irrelevant,"Really love just how I look today, what do it feel?",2025-10-13 21:10:40,2025-10-13 21:10:50,51
5019,GrandTheftAuto(GTA),Irrelevant,"Really love knowing just how I look today, what do you ever feel?",2025-10-13 21:10:40,2025-10-13 21:10:50,65
5019,GrandTheftAuto(GTA),Irrelevant,"Really love just how I look this, why do you feel?",2025-10-13 21:10:40,2025-10-13 21:10:50,50
5020,GrandTheftAuto(GTA),Irrelevant,Check her out she is pretty awesome!,2025-10-13 21:10:40,2025-10-13 21:10:50,36
5020,GrandTheftAuto(GTA),Irrelevant,"Check her out, she's pretty awesome!",2025-10-13 21:10:40,2025-10-13 21:10:50,36
5020,GrandTheftAuto(GTA),Irrelevant,"Check it out, it's pretty awesome!",2025-10-13 21:10:40,2025-10-13 21:10:50,34
5020,GrandTheftAuto(GTA),Irrelevant,Check her out she is pretty cute!,2025-10-13 21:10:40,2025-10-13 21:10:50,33
5020,GrandTheftAuto(GTA),Irrelevant,Check that her out she is pretty awesome!,2025-10-13 21:10:40,2025-10-13 21:10:50,41
5020,GrandTheftAuto(GTA),Irrelevant,Check her out she is pretty hot!,2025-10-13 21:10:40,2025-10-13 21:10:50,32
5021,GrandTheftAuto(GTA),Neutral,My brother playing GTA and the police just called him an APPLE .  he said some “oh yea I’m bout to kill y’all”,2025-10-13 21:10:40,2025-10-13 21:10:50,110
5021,GrandTheftAuto(GTA),Neutral,"My brother, who played GTA, and the police just called him an APPLE. He said some \"Oh yeah, I'm ready to kill everyone.\"",2025-10-13 21:10:40,2025-10-13 21:10:50,120
5021,GrandTheftAuto(GTA),Neutral,My brother plays GTA and the police just called him APPEL.,2025-10-13 21:10:40,2025-10-13 21:10:50,58
5021,GrandTheftAuto(GTA),Neutral,My nephew playing GTA and the police just called him an APPLE idiot  he said some “oh yea I’m bout to like y’all”,2025-10-13 21:10:40,2025-10-13 21:10:50,113
5021,GrandTheftAuto(GTA),Neutral,My brother playing GTA and the police just called him him as an APPLE. Guess he said some stuff “ oh yea I ’ m bout one to go kill y ’ all ”,2025-10-13 21:10:40,2025-10-13 21:10:50,140
5021,GrandTheftAuto(GTA),Neutral,little brother playing GTA game the police just called him an APPLE. he got some “oh now I’m bout come kill y’all”,2025-10-13 21:10:40,2025-10-13 21:10:50,114
5022,GrandTheftAuto(GTA),Irrelevant,I swear I thought this was some GTA clip. Holy crap.,2025-10-13 21:10:40,2025-10-13 21:10:50,52
5022,GrandTheftAuto(GTA),Irrelevant,I swear I thought this was some GTA clip. Holy crap.,2025-10-13 21:10:40,2025-10-13 21:10:50,52
5022,GrandTheftAuto(GTA),Irrelevant,"I'm sweating, I thought it was some GTA clip. Holy crap.",2025-10-13 21:10:40,2025-10-13 21:10:50,56
5022,GrandTheftAuto(GTA),Irrelevant,I swear everyone thought this was some GTA clip. Holy crap.,2025-10-13 21:10:40,2025-10-13 21:10:50,59
5022,GrandTheftAuto(GTA),Irrelevant,And I swear I thought this was probably some GTA clip. Holy crap.,2025-10-13 21:10:40,2025-10-13 21:10:50,65
5022,GrandTheftAuto(GTA),Irrelevant,I swear I thought here was some GTA clip. Holy no.,2025-10-13 21:10:40,2025-10-13 21:10:50,50
5023,GrandTheftAuto(GTA),Irrelevant,Extremely grateful to the GTA community for hitting this milestone... Here's to more!,2025-10-13 21:10:40,2025-10-13 21:10:50,87
5023,GrandTheftAuto(GTA),Irrelevant,Extremely grateful that the GTA community has reached this milestone... Click here for more!,2025-10-13 21:10:40,2025-10-13 21:10:50,92
5023,GrandTheftAuto(GTA),Irrelevant,I'm grateful to the GTA community for hitting this millstone... That's it!,2025-10-13 21:10:40,2025-10-13 21:10:50,74
5023,GrandTheftAuto(GTA),Irrelevant,Extremely grateful for the GTA community for hitting this milestone... Here's to more!,2025-10-13 21:10:40,2025-10-13 21:10:50,86
5023,GrandTheftAuto(GTA),Irrelevant,Extremely grateful... to the general GTA community today for hitting onto this milestone... Here's to more!,2025-10-13 21:10:40,2025-10-13 21:10:50,107
5023,GrandTheftAuto(GTA),Irrelevant,Extremely grateful to Dear GTA ladies for adopting this milestone... Here's to more!,2025-10-13 21:10:40,2025-10-13 21:10:50,84
5024,GrandTheftAuto(GTA),Positive,This is creativity>>>,2025-10-13 21:10:40,2025-10-13 21:10:50,21
5024,GrandTheftAuto(GTA),Positive,This is creativity > > >,2025-10-13 21:10:40,2025-10-13 21:10:50,24
5024,GrandTheftAuto(GTA),Positive,"It's creativity. \"\"",2025-10-13 21:10:40,2025-10-13 21:10:50,19
5024,GrandTheftAuto(GTA),Positive,This is....,2025-10-13 21:10:40,2025-10-13 21:10:50,11
5024,GrandTheftAuto(GTA),Positive,This program is creativity > > >,2025-10-13 21:10:40,2025-10-13 21:10:50,32
5024,GrandTheftAuto(GTA),Positive,This creative creativity>>>,2025-10-13 21:10:40,2025-10-13 21:10:50,27
5025,GrandTheftAuto(GTA),Positive,The khanjali is the best tank in GTA online pic.twitter.com/pnixQFSBeV,2025-10-13 21:10:40,2025-10-13 21:10:50,70
5025,GrandTheftAuto(GTA),Positive,The Khanjali is the best tank in GTA online pic.twitter.com / pnixQFSBeV,2025-10-13 21:10:40,2025-10-13 21:10:50,72
5025,GrandTheftAuto(GTA),Positive,Handjali - the best tank in GTA online pic.wikipedia.org / pnixQFSBeV,2025-10-13 21:10:40,2025-10-13 21:10:50,69
5025,GrandTheftAuto(GTA),Positive,The khanjali is the best tank in GTA online pic.twitter.com/pnixQFSBeV,2025-10-13 21:10:40,2025-10-13 21:10:50,70
5025,GrandTheftAuto(GTA),Positive,2007 The khanjali is the best tank in GTA online pic.twitter.com/pnixQFSBeV,2025-10-13 21:10:40,2025-10-13 21:10:50,75
5025,GrandTheftAuto(GTA),Positive,up,2025-10-13 21:10:40,2025-10-13 21:10:50,2
5026,GrandTheftAuto(GTA),Neutral,This is Grand Theft Auto GTA Thief who came and stole my billion dollar weather changing van for Keanu Reeves under the guidance of George and mellody Lucas. The name Tony J is stitched on his shirt. He stole my van using a Keanu Reeves Archer's towing truck. God knows all. pic.twitter.com/JTlp7KGLoW,2025-10-13 21:10:40,2025-10-13 21:10:50,301
5026,GrandTheftAuto(GTA),Neutral,This is Grand Theft Auto GTA Thief who came and stole my billion dollar weather buggy for Keanu Reeves under the tutelage of George and Mellody Lucas. The name Tony J is sewn on his shirt. He stole my van with the tow truck of a Keanu Reeves Archer. God knows it. pic.twitter.com / JTlp7KGLoW,2025-10-13 21:10:40,2025-10-13 21:10:50,292
5026,GrandTheftAuto(GTA),Neutral,This is the Grand Theft Auto GTA That that came and stole my $1 billion van for Keanu Haves under George and Mellody Lucas. Tony Jay's name is stitched on his shirt. He stole my van with the help of Keanu Haves Archer's tow truck. God knows what.,2025-10-13 21:10:40,2025-10-13 21:10:50,246
5026,GrandTheftAuto(GTA),Neutral,This is Grand Theft Auto GTA Thief who came and stole my billion dollar weather changing van for Keanu Reeves under the guidance of George and mellody Lucas. The name Tony J is stitched on his shirt. He stole my van using a Keanu Reeves Archer's towing truck. God knows all. pic.twitter.com/JTlp7KGLoW,2025-10-13 21:10:40,2025-10-13 21:10:50,301
5026,GrandTheftAuto(GTA),Neutral,CD This is Grand Theft Auto GTA Thief who came and stole my billion dollar weather changing van for Keanu Reeves under the guidance of George and mellody Lucas. The name Tony J is stitched on his shirt. He stole my van using a Keanu Reeves Archer's towing truck. God knows all. pic.twitter.com/JTlp7KGLoW,2025-10-13 21:10:40,2025-10-13 21:10:50,304
5026,GrandTheftAuto(GTA),Neutral,<unk>,2025-10-13 21:10:40,2025-10-13 21:10:50,5
5027,GrandTheftAuto(GTA),Irrelevant,If wentz ain’t back in 2nd half I’m turning this shit off and hoppin on GTA,2025-10-13 21:10:40,2025-10-13 21:10:50,75
5027,GrandTheftAuto(GTA),Irrelevant,"If Wentz isn't back in the second half, I'll turn this shit off and hop on GTA",2025-10-13 21:10:40,2025-10-13 21:10:50,78
5027,GrandTheftAuto(GTA),Irrelevant,If wentz ain't back in 2nd half I'm turning this shit off and hbackin on GTA,2025-10-13 21:10:40,2025-10-13 21:10:50,76
5027,GrandTheftAuto(GTA),Irrelevant,If wentz ain’t back in 2nd season I’m tearing this shit off and hoppin on GTA,2025-10-13 21:10:40,2025-10-13 21:10:50,77
5027,GrandTheftAuto(GTA),Irrelevant,If wentz ain ’ it t back in 2nd half I ’ head m turning out this shit all off and hoppin on GTA,2025-10-13 21:10:40,2025-10-13 21:10:50,95
5027,GrandTheftAuto(GTA),Irrelevant,If wentz get back at 2nd half I’m turning this shit over and hoppin on GTA,2025-10-13 21:10:40,2025-10-13 21:10:50,74
5028,GrandTheftAuto(GTA),Negative,"my fucking gta arrests are worse than what the cop that lynched a black man on camera, right",2025-10-13 21:10:40,2025-10-13 21:10:50,92
5028,GrandTheftAuto(GTA),Negative,"my damn gta arrests are worse than what the cop who lynched a black man on camera, right",2025-10-13 21:10:40,2025-10-13 21:10:50,88
5028,GrandTheftAuto(GTA),Negative,"My fucking arrests are worse than the cop who got a black man caught on camera, right",2025-10-13 21:10:40,2025-10-13 21:10:50,85
5028,GrandTheftAuto(GTA),Negative,"my fucking minor arrests are worse than being the cop that lynched a black man on camera, right",2025-10-13 21:10:40,2025-10-13 21:10:50,95
5028,GrandTheftAuto(GTA),Negative,"my few fucking great gta arrests are no worse than taking what the cop that lynched a black man on camera, right",2025-10-13 21:10:40,2025-10-13 21:10:50,112
5028,GrandTheftAuto(GTA),Negative,"my fucking gta cases are worse than where the cop out lynched a black man on camera, right",2025-10-13 21:10:40,2025-10-13 21:10:50,90
5029,GrandTheftAuto(GTA),Irrelevant,@MattTaylorVII terrible time to be an Xbox fan .,2025-10-13 21:10:40,2025-10-13 21:10:50,49
5029,GrandTheftAuto(GTA),Irrelevant,@ MattTaylorVII Awful time to be an Xbox fan.,2025-10-13 21:10:40,2025-10-13 21:10:50,45
5029,GrandTheftAuto(GTA),Irrelevant,@ MattTaylorVII is a terrible time to be an Xbox fan.,2025-10-13 21:10:40,2025-10-13 21:10:50,53
5029,GrandTheftAuto(GTA),Irrelevant,@MattTaylorVII terrible time to be your Xbox fan.,2025-10-13 21:10:40,2025-10-13 21:10:50,49
5029,GrandTheftAuto(GTA),Irrelevant,@MattTaylorVII was terrible time to never be an Xbox fan.,2025-10-13 21:10:40,2025-10-13 21:10:50,57
5029,GrandTheftAuto(GTA),Irrelevant,@MattTaylorVII terrible time to lose an Xbox fan.,2025-10-13 21:10:40,2025-10-13 21:10:50,49
5030,GrandTheftAuto(GTA),Neutral,nan,2025-10-13 21:10:40,2025-10-13 21:10:50,3
5030,GrandTheftAuto(GTA),Neutral,It is not the first time that the EU Commission has taken such a step.,2025-10-13 21:10:40,2025-10-13 21:10:50,70
5030,GrandTheftAuto(GTA),Neutral,"At the same time, despite the fact that there are currently some 100 million people living below the poverty line, most of them do not have access to health services and do not have access to health care, while most of them do not have access to health care.",2025-10-13 21:10:40,2025-10-13 21:10:50,258
5030,GrandTheftAuto(GTA),Neutral,nan,2025-10-13 21:10:40,2025-10-13 21:10:50,3
5030,GrandTheftAuto(GTA),Neutral,nan,2025-10-13 21:10:40,2025-10-13 21:10:50,3
5030,GrandTheftAuto(GTA),Neutral,nan,2025-10-13 21:10:40,2025-10-13 21:10:50,3
5031,GrandTheftAuto(GTA),Positive,omfg I used to play this shit 24/7 .,2025-10-13 21:10:40,2025-10-13 21:10:50,37
5031,GrandTheftAuto(GTA),Positive,omfg I used to play this shit around the clock.,2025-10-13 21:10:40,2025-10-13 21:10:50,47
5031,GrandTheftAuto(GTA),Positive,omfg I used to play this shit 24 / 7.,2025-10-13 21:10:40,2025-10-13 21:10:50,37
5031,GrandTheftAuto(GTA),Positive,omfg I used to see this shit 24/7.,2025-10-13 21:10:40,2025-10-13 21:10:50,34
5031,GrandTheftAuto(GTA),Positive,omfg I used that to actually play this shit 24 / 7.,2025-10-13 21:10:40,2025-10-13 21:10:50,51
5031,GrandTheftAuto(GTA),Positive,omfg I used to play pretty shit 24/7.,2025-10-13 21:10:40,2025-10-13 21:10:50,37
5032,GrandTheftAuto(GTA),Negative,The entire country of Russia is a poorly programmed modded GTA game and you can't convince me otherwise,2025-10-13 21:10:40,2025-10-13 21:10:50,103
5032,GrandTheftAuto(GTA),Negative,"The whole country of Russia is a poorly programmed, modified GTA game and you cannot convince me otherwise",2025-10-13 21:10:40,2025-10-13 21:10:50,106
5032,GrandTheftAuto(GTA),Negative,"The whole country of Russia is a programmed game of GTA, and you can't convince me otherwise",2025-10-13 21:10:40,2025-10-13 21:10:50,92
5032,GrandTheftAuto(GTA),Negative,The entire landscape of Russia sucks a poorly programmed modded GTA game and you can't convince me otherwise,2025-10-13 21:10:40,2025-10-13 21:10:50,108
5032,GrandTheftAuto(GTA),Negative,22 The entire country of revolutionary Russia today is a poorly programmed modded GTA game version and you can't convince me otherwise,2025-10-13 21:10:40,2025-10-13 21:10:50,134
5032,GrandTheftAuto(GTA),Negative,The entire country to Romania is a poorly programmed modded GTA game and you can't convince anyone otherwise,2025-10-13 21:10:40,2025-10-13 21:10:50,108
5033,GrandTheftAuto(GTA),Neutral,nan,2025-10-13 21:10:40,2025-10-13 21:10:50,3
5033,GrandTheftAuto(GTA),Neutral,It is not the first time that the EU Commission has taken such a step.,2025-10-13 21:10:40,2025-10-13 21:10:50,70
5033,GrandTheftAuto(GTA),Neutral,"At the same time, despite the fact that there are currently some 100 million people living below the poverty line, most of them do not have access to health services and do not have access to health care, while most of them do not have access to health care.",2025-10-13 21:10:40,2025-10-13 21:10:50,258
5033,GrandTheftAuto(GTA),Neutral,nan,2025-10-13 21:10:40,2025-10-13 21:10:50,3
5033,GrandTheftAuto(GTA),Neutral,nan,2025-10-13 21:10:40,2025-10-13 21:10:50,3
5033,GrandTheftAuto(GTA),Neutral,nan,2025-10-13 21:10:40,2025-10-13 21:10:50,3
5034,GrandTheftAuto(GTA),Positive,Lmao this underrated,2025-10-13 21:10:40,2025-10-13 21:10:50,20
5034,GrandTheftAuto(GTA),Positive,Lmao this underestimated,2025-10-13 21:10:40,2025-10-13 21:10:50,24
5034,GrandTheftAuto(GTA),Positive,Lmao is an underrated,2025-10-13 21:10:40,2025-10-13 21:10:50,21
5034,GrandTheftAuto(GTA),Positive,Lmao this guy,2025-10-13 21:10:40,2025-10-13 21:10:50,13
5034,GrandTheftAuto(GTA),Positive,Lmao considers this underrated,2025-10-13 21:10:40,2025-10-13 21:10:50,30
5034,GrandTheftAuto(GTA),Positive,Lmao this way,2025-10-13 21:10:40,2025-10-13 21:10:50,13
5035,GrandTheftAuto(GTA),Positive,When GTA 6 comes out im for sure buying it right away. GTA 5 Online is so much fun,2025-10-13 21:10:40,2025-10-13 21:10:50,84
5035,GrandTheftAuto(GTA),Positive,"When GTA 6 comes out, I buy it right away. GTA 5 Online is so much fun",2025-10-13 21:10:40,2025-10-13 21:10:50,70
5035,GrandTheftAuto(GTA),Positive,When GTA 6 comes out im sure buys it right away. GTA 5 online is so much fun,2025-10-13 21:10:40,2025-10-13 21:10:50,76
5035,GrandTheftAuto(GTA),Positive,When GTA 6 comes out the am sure buying it right away. GTA 5 Online is so much fun,2025-10-13 21:10:40,2025-10-13 21:10:50,82
5035,GrandTheftAuto(GTA),Positive,When his GTA 6 comes out im boy for sure starts buying it right away. GTA 5 Going Online is so much fun,2025-10-13 21:10:40,2025-10-13 21:10:50,103
5035,GrandTheftAuto(GTA),Positive,When GTA 6 comes out im for sure buying it right now. GTA 5 Online is also much better,2025-10-13 21:10:40,2025-10-13 21:10:50,86
5036,GrandTheftAuto(GTA),Neutral,Why hasn’t gta kicked me out because of inactivity,2025-10-13 21:10:40,2025-10-13 21:10:50,50
5036,GrandTheftAuto(GTA),Neutral,Why didn't gta kick me out for inactivity?,2025-10-13 21:10:40,2025-10-13 21:10:50,42
5036,GrandTheftAuto(GTA),Neutral,Why the gta didn't kick me out for inaction,2025-10-13 21:10:40,2025-10-13 21:10:50,43
5036,GrandTheftAuto(GTA),Neutral,Why hasn’t gta kicked me out because of...,2025-10-13 21:10:40,2025-10-13 21:10:50,42
5036,GrandTheftAuto(GTA),Neutral,Why hasn is ’ t gta kicked me out because out of inactivity,2025-10-13 21:10:40,2025-10-13 21:10:50,59
5036,GrandTheftAuto(GTA),Neutral,Why when gta kicked himself out because of inactivity,2025-10-13 21:10:40,2025-10-13 21:10:50,53
5037,GrandTheftAuto(GTA),Negative,Shut. It. All. Down.. This isn’t hard.,2025-10-13 21:10:40,2025-10-13 21:10:50,38
5037,GrandTheftAuto(GTA),Negative,Shut. It. All. Down.. This is not difficult.,2025-10-13 21:10:40,2025-10-13 21:10:50,44
5037,GrandTheftAuto(GTA),Negative,Shut. It. All. Down.. This isn't hard.,2025-10-13 21:10:40,2025-10-13 21:10:50,38
5037,GrandTheftAuto(GTA),Negative,Shut. It. All. Out This isn’t hard.,2025-10-13 21:10:40,2025-10-13 21:10:50,35
5037,GrandTheftAuto(GTA),Negative,Shut. It. All. Breaking Down.. This really isn ’ t just hard.,2025-10-13 21:10:40,2025-10-13 21:10:50,61
5037,GrandTheftAuto(GTA),Negative,Shut. It.<unk>. Down.. This So hard.,2025-10-13 21:10:40,2025-10-13 21:10:50,36
5038,GrandTheftAuto(GTA),Irrelevant,"GTA is thankful to the Hon'ble Chief Minister of Sikkim, Shri @GolayPs for giving utmost priority to this issue and for allowing vehicular movements.. .",2025-10-13 21:10:40,2025-10-13 21:10:50,154
5038,GrandTheftAuto(GTA),Irrelevant,"GTA is grateful to the Hon'ble Chief Minister of Sikkim, Shri @ GolayPs, for giving this issue the highest priority and allowing vehicle movements.",2025-10-13 21:10:40,2025-10-13 21:10:50,147
5038,GrandTheftAuto(GTA),Irrelevant,The GTA thanks Honorable Chief Minister Shkim Sri @ GolayPs for giving this issue high priority and allowing vulgar movements.,2025-10-13 21:10:40,2025-10-13 21:10:50,126
5038,GrandTheftAuto(GTA),Irrelevant,"GTA is thankful to the Hon'ble Chief Minister of Gujarat, Commissioner @GolayPs for giving first priority to this issue and for allowing vehicular movements...",2025-10-13 21:10:40,2025-10-13 21:10:50,159
5038,GrandTheftAuto(GTA),Irrelevant,"Mr GTA is thankful to this the late Hon'ble Chief Justice Minister Government of Sikkim, Justice Shri J @GolayPs for giving utmost priority to this issue and for allowing good vehicular movements...",2025-10-13 21:10:40,2025-10-13 21:10:50,198
5038,GrandTheftAuto(GTA),Irrelevant,"Singapore is thankful to the Hon'ble Chief Premier of Singapore, Najib @GolayPs for giving zero priority to this issue but for allowing vehicular movements...",2025-10-13 21:10:40,2025-10-13 21:10:50,158
5039,GrandTheftAuto(GTA),Positive,"I was inspired by @DemolitionRanch gold AK that I decided to hold tint my AK granted is a GTA online AK, still looks amazing.",2025-10-13 21:10:40,2025-10-13 21:10:50,127
5039,GrandTheftAuto(GTA),Positive,I was inspired by @ DemolitionRanch gold AK that I decided to keep color my AK granted is a GTA online AK that still looks amazing.,2025-10-13 21:10:40,2025-10-13 21:10:50,131
5039,GrandTheftAuto(GTA),Positive,"I was inspired by the gold of @ DemolitionRanch that I decided to keep tinting my GTA gift online, still looks amazing.",2025-10-13 21:10:40,2025-10-13 21:10:50,119
5039,GrandTheftAuto(GTA),Positive,"I was inspired by @DemolitionRanch gold AK that I decided to hold tint my pocket granted is a GTA online AK, still looks adorable.",2025-10-13 21:10:40,2025-10-13 21:10:50,130
5039,GrandTheftAuto(GTA),Positive,"I was inspired to by some @DemolitionRanch gold AK because that I decided when to hold tint my AK granted that is a limited GTA online AK, still looks amazing.",2025-10-13 21:10:40,2025-10-13 21:10:50,159
5039,GrandTheftAuto(GTA),Positive,"I was inspired one @DemolitionRanch gold AK<unk> I decided to hold as my AK granted to a GTA online AK, that looks amazing.",2025-10-13 21:10:40,2025-10-13 21:10:50,123
5040,GrandTheftAuto(GTA),Negative,gta has to be one of the worst non violent crimes to experience like i can’t imagine the wave of pain and stress of having someone take your whole shit w the charger spare napkins and sauces everything just poof gone,2025-10-13 21:10:40,2025-10-13 21:10:50,216
5040,GrandTheftAuto(GTA),Negative,"It must be one of the worst violent crimes I have ever experienced, just as I cannot imagine the wave of pain and stress that comes with someone using the charger to dirty napkins and sauces.",2025-10-13 21:10:40,2025-10-13 21:10:50,191
5040,GrandTheftAuto(GTA),Negative,"gta must be one of the worst non-violent crimes to experience as I can't imagine the wave of pain and stress of someone taking all your shit from a charger, spare napkins and sauces all just gone",2025-10-13 21:10:40,2025-10-13 21:10:50,195
5040,GrandTheftAuto(GTA),Negative,gta has to be one of the worst non violent crimes to experience like 1 can’t imagine the wave of dread and stress of having someone smash your whole shit w the charger spare napkins and your everything just poof gone,2025-10-13 21:10:40,2025-10-13 21:10:50,216
5040,GrandTheftAuto(GTA),Negative,That gta has to probably be one of the worst non violent crimes ever to experience like i i can ’ t imagine the wave of of pain and stress of having once someone completely take down your whole shit w the charger spare napkins and disgusting sauces everything just poof gone,2025-10-13 21:10:40,2025-10-13 21:10:50,274
5040,GrandTheftAuto(GTA),Negative,gta has just be one of at least non violent crimes to experience like i can’t imagine a wave of pain<unk> stress of having someone take your whole shit w the charger when napkins and sauces are just poof gone,2025-10-13 21:10:40,2025-10-13 21:10:50,208
5041,GrandTheftAuto(GTA),Negative,@RockstarGames I’m a veteran of gta and have been for years  and  absolutely lov the game but you really really really need to sort your game out hard!!!!!,2025-10-13 21:10:40,2025-10-13 21:10:50,155
5041,GrandTheftAuto(GTA),Negative,@ RockstarGames I am a veteran of gta and have been for years and absolutely lov the game but you really really really really need to sort your game hard!!!!!,2025-10-13 21:10:40,2025-10-13 21:10:50,158
5041,GrandTheftAuto(GTA),Negative,"@ RockstarGames I'm a gta veteran and have been for years and absolutely lov games, but you really really do have to sort your game out hard!!!!!",2025-10-13 21:10:40,2025-10-13 21:10:50,145
5041,GrandTheftAuto(GTA),Negative,@RockstarGames I’m a veteran of gta and have been for years  and  absolutely lov its format but you really really really need to knock your game out hard!!!!!,2025-10-13 21:10:40,2025-10-13 21:10:50,158
5041,GrandTheftAuto(GTA),Negative,@RockstarGames I ’ m a good veteran of gta and to have only been for years together and absolutely lov the English game and but you really really good really guys need to sort your game out hard!!!!!,2025-10-13 21:10:40,2025-10-13 21:10:50,199
5041,GrandTheftAuto(GTA),Negative,like I’m a expert on gta and have been for years and absolutely lov the game but you really guys really ought to sort your game out hard!!!!!,2025-10-13 21:10:40,2025-10-13 21:10:50,141
5042,GrandTheftAuto(GTA),Irrelevant,"Eventually, a student, teacher or staff member will die from contracting CoVid at school. Lecce is dangerously close to having blood on his hands.",2025-10-13 21:10:40,2025-10-13 21:10:50,148
5042,GrandTheftAuto(GTA),Irrelevant,"At some point, a student, teacher or staff member will die at the school of CoVid. Lecce is dangerously close to having blood on its hands.",2025-10-13 21:10:40,2025-10-13 21:10:50,139
5042,GrandTheftAuto(GTA),Irrelevant,"Eventually, a student, teacher, or staff member will die from \"Hawthorn\" poisoning at the school. Lecce is dangerously close to having blood on his hands.",2025-10-13 21:10:40,2025-10-13 21:10:50,154
5042,GrandTheftAuto(GTA),Irrelevant,"Eventually, a student, teacher or class member will die from contracting CoVid at school. Lecce were dangerously close to having blood on both hands.",2025-10-13 21:10:40,2025-10-13 21:10:50,149
5042,GrandTheftAuto(GTA),Irrelevant,"Eventually, a fellow student, teacher or school staff member will die later from cancer contracting CoVid at school. Lecce is dangerously close there to having blood on his cupped hands.",2025-10-13 21:10:40,2025-10-13 21:10:50,186
5042,GrandTheftAuto(GTA),Irrelevant,"Eventually, a student, parent or staff member will die from contracting CoVid at school. Lecce is also susceptible to having blood on his eyes.",2025-10-13 21:10:40,2025-10-13 21:10:50,143
5043,GrandTheftAuto(GTA),Negative,"@RockstarSupport I have an installation problem with GTA V. I finished downloading the game, but when I open it, GTA says me that is installing the game and it's blocked on 2%. Can someone help me",2025-10-13 21:10:40,2025-10-13 21:10:50,196
5043,GrandTheftAuto(GTA),Negative,"@ RockstarSupport I have an installation problem with GTA V. I finished downloading the game, but when I open it, GTA tells me that the game is installed and it is blocked to 2%. Can anyone help me?",2025-10-13 21:10:40,2025-10-13 21:10:50,198
5043,GrandTheftAuto(GTA),Negative,"@ RockstarSupport I have a problem installing GTA V. I finished downloading the game, but when I open it, GTA tells me it is installing the game and it is locked at 2%.",2025-10-13 21:10:40,2025-10-13 21:10:50,168
5043,GrandTheftAuto(GTA),Negative,"@RockstarSupport I have an installation problems with GTA 3. I finished downloading the game, but when I open browser, GTA says me that is loading the game and it's blocked on 2%. Can someone help me",2025-10-13 21:10:40,2025-10-13 21:10:50,199
5043,GrandTheftAuto(GTA),Negative,"@RockstarSupport I have an installation problem here with GTA V. Yeah I about finished downloading the game, but when I open in it, GTA TV says me that is still installing the game and instead it's only blocked live on 2 %. Can someone help me",2025-10-13 21:10:40,2025-10-13 21:10:50,243
5043,GrandTheftAuto(GTA),Negative,"@RockstarSupport I have an installation problem with GTA V. After finished downloading the game, after when I open the, GTA says me that is installing its server and it's still on 2%. Can someone tell me",2025-10-13 21:10:40,2025-10-13 21:10:50,203
5044,GrandTheftAuto(GTA),Irrelevant,"“Receiving the Best Coverage Award for all of 2019 is a significant achievement,” said Roland Certeza, GTA president and CEO. guampdn.com/story/money/20…",2025-10-13 21:10:40,2025-10-13 21:10:50,153
5044,GrandTheftAuto(GTA),Irrelevant,"\"To receive the Best Coverage Award for the whole of 2019 is a significant achievement,\" said Roland Certeza, GTA President and CEO. guampdn.com / story / money / 20...",2025-10-13 21:10:40,2025-10-13 21:10:50,168
5044,GrandTheftAuto(GTA),Irrelevant,"\"Receiving the award for the best cocktail for the whole of 2019 is a significant achievement,\" said Roland Certeza, President of GTA and CEO. guampf.com / story / money / 20...",2025-10-13 21:10:40,2025-10-13 21:10:50,177
5044,GrandTheftAuto(GTA),Irrelevant,"“Receiving the TOP Team Award for all of 2019 is a significant victory,” added Roland Certeza, GTA president and CEO. guampdn.com/story/money/20…",2025-10-13 21:10:40,2025-10-13 21:10:50,145
5044,GrandTheftAuto(GTA),Irrelevant,"“... Receiving the 2012 Best Coverage Award for all of Spring 2019 is a pretty significant achievement, ” said Manager Roland Certeza, GTA president and CEO. guampdn. com / long story / great money / 20 seconds …",2025-10-13 21:10:40,2025-10-13 21:10:50,212
5044,GrandTheftAuto(GTA),Irrelevant,"“Receiving the Best Entrepreneur Award for all of 2019 is a significant win said Paul Certeza, Business Global in CEO. guampdn.com/story/money/20...",2025-10-13 21:10:40,2025-10-13 21:10:50,148
5045,GrandTheftAuto(GTA),Irrelevant,You might need a Business Lawyer when your business has been threatened with a lawsuit.  . .,2025-10-13 21:10:40,2025-10-13 21:10:50,94
5045,GrandTheftAuto(GTA),Irrelevant,Perhaps you need a business lawyer if your company is threatened with legal action...,2025-10-13 21:10:40,2025-10-13 21:10:50,85
5045,GrandTheftAuto(GTA),Irrelevant,You may need a business lawyer when your business is threatened with legal action...,2025-10-13 21:10:40,2025-10-13 21:10:50,84
5045,GrandTheftAuto(GTA),Irrelevant,You might need their City Lawyer when your business has been threatened with a lawsuit. ..,2025-10-13 21:10:40,2025-10-13 21:10:50,90
5045,GrandTheftAuto(GTA),Irrelevant,You might need becoming a successful Business Lawyer when your business has been threatened enough with a lawsuit...,2025-10-13 21:10:40,2025-10-13 21:10:50,116
5045,GrandTheftAuto(GTA),Irrelevant,You CAN find a Business Lawyer when your family has been threatened with a lawsuit...,2025-10-13 21:10:40,2025-10-13 21:10:50,85
5046,GrandTheftAuto(GTA),Positive,"GTA Vice City Stories was so good, I wish I had my PSP to experience that game once again.",2025-10-13 21:10:40,2025-10-13 21:10:50,90
5046,GrandTheftAuto(GTA),Positive,"GTA Vice City Stories was so good, I wish I had my PSP to relive this game.",2025-10-13 21:10:40,2025-10-13 21:10:50,75
5046,GrandTheftAuto(GTA),Positive,GTA Vice City Stories was so good that I'm sorry I had the opportunity to try it out again.,2025-10-13 21:10:41,2025-10-13 21:10:50,91
5046,GrandTheftAuto(GTA),Positive,"GTA Vice City Stories was so spectacular, I wish I had my PSP to experience full game once again.",2025-10-13 21:10:41,2025-10-13 21:10:50,97
5046,GrandTheftAuto(GTA),Positive,"GTA and Vice City Stories was so good, but I really wish I had my PSP partner to experience that game once again.",2025-10-13 21:10:41,2025-10-13 21:10:50,113
5046,GrandTheftAuto(GTA),Positive,"GTA 2: City Stories was so beautiful, but wish I had my PSP to experience that game once again.",2025-10-13 21:10:41,2025-10-13 21:10:50,95
5047,GrandTheftAuto(GTA),Negative,wha the fuck??? These blokes are nuts,2025-10-13 21:10:41,2025-10-13 21:10:50,37
5047,GrandTheftAuto(GTA),Negative,What the hell??? These guys are crazy,2025-10-13 21:10:41,2025-10-13 21:10:50,37
5047,GrandTheftAuto(GTA),Negative,What the fuck??? These blokes are nuts,2025-10-13 21:10:41,2025-10-13 21:10:50,38
5047,GrandTheftAuto(GTA),Negative,wha the fuck??? These blokes going nuts,2025-10-13 21:10:41,2025-10-13 21:10:50,39
5047,GrandTheftAuto(GTA),Negative,wha the fuck??? No These blokes are totally nuts,2025-10-13 21:10:41,2025-10-13 21:10:50,48
5047,GrandTheftAuto(GTA),Negative,what the fuck??? These blokes are nuts,2025-10-13 21:10:41,2025-10-13 21:10:50,38
5048,GrandTheftAuto(GTA),Positive,It's about fricking time!,2025-10-13 21:10:41,2025-10-13 21:10:50,25
5048,GrandTheftAuto(GTA),Positive,It is a question of gaining time!,2025-10-13 21:10:41,2025-10-13 21:10:50,33
5048,GrandTheftAuto(GTA),Positive,It's about scaring the time!,2025-10-13 21:10:41,2025-10-13 21:10:50,28
5048,GrandTheftAuto(GTA),Positive,It's go fricking time!,2025-10-13 21:10:41,2025-10-13 21:10:50,22
5048,GrandTheftAuto(GTA),Positive,It's about fricking that time!,2025-10-13 21:10:41,2025-10-13 21:10:50,30
5048,GrandTheftAuto(GTA),Positive,It's high fricking time!,2025-10-13 21:10:41,2025-10-13 21:10:50,24
5049,GrandTheftAuto(GTA),Irrelevant,"hey single ladies, i drive a very unreliable hyundai i30cw elantra touring diesel and share a shitty 1.6 miata na. the hyundai is a 1.6 128hp auto so you can have all the comfort. its got bangin speakers and very comfy seats. plenty of space in the back too. yep thats all",2025-10-13 21:10:41,2025-10-13 21:10:50,272
5049,GrandTheftAuto(GTA),Irrelevant,"hey single ladies, i drive a very unreliable hyundai i30cw elantra touring diesel and share a shitty 1.6 miata na. the hyundai is a 1.6 128hp car, so you can have all comforts. It has popping speakers and very comfortable seats. lots of space in the back as well. Yes, that's all.",2025-10-13 21:10:41,2025-10-13 21:10:50,280
5049,GrandTheftAuto(GTA),Irrelevant,"hey, single ladies, I drive a very unreliable Hyundai i30cw Elantra with a diesel engine and share the crap of 1.6 miata na. Hyundai is a 1.6-litre 128hp engine, so you have all the comforts.",2025-10-13 21:10:41,2025-10-13 21:10:50,191
5049,GrandTheftAuto(GTA),Irrelevant,"hey new ladies, i drive a very unreliable hyundai i30cw elantra touring diesel and share a big 1.6 miata na. our hyundai uses a 1.6 128hp auto so you can have all the comfort. its got bangin speakers and big comfy seats. plenty m space in the back meanwhile. yep thats all",2025-10-13 21:10:41,2025-10-13 21:10:50,272
5049,GrandTheftAuto(GTA),Irrelevant,"hey single ladies, i drive here a very powerful unreliable red hyundai i30cw elantra touring diesel bus and share a shitty 1. 6 miata na. the hyundai diesel is a 1. 6 128hp auto so you can have about all the home comfort. its got bangin speakers and very comfy seats. was plenty bags of luggage space in the back too. yep thats all",2025-10-13 21:10:41,2025-10-13 21:10:50,331
5049,GrandTheftAuto(GTA),Irrelevant,"well yeah ladies, i drive a very unreliable hyundai i30cw elantra touring diesel and a a bigger 1.6 miata na. the hyundai is a powerful.6 128hp auto so I can enjoy half the comfort. its got bangin speakers and very comfy seats. loads of parking in the back too. yep thats all",2025-10-13 21:10:41,2025-10-13 21:10:50,275
5050,GrandTheftAuto(GTA),Negative,@PS5Console I'm getting tired of this I deleted everything from my playstation and this keeps on popping up and I wanna know why I did everything u guys provide me to do and this still comes up plz help me fix this problem I wanna play GTA already. STOP WHAT U DOING AND HELP ME!! pic.twitter.com/U4eFWTbtG6,2025-10-13 21:10:41,2025-10-13 21:10:50,307
5050,GrandTheftAuto(GTA),Negative,@ PS5Console I am tired of that I have deleted everything from my playstation and this keeps popping up and I want to know why I have done everything u guys provide me with and this still comes plz help to fix this issue I want to play GTA already. STOP WHAT U DOING AND HELP ME!! pic.twitter.com / U4eFWTbtG6,2025-10-13 21:10:41,2025-10-13 21:10:50,309
5050,GrandTheftAuto(GTA),Negative,@ PS5Console I'm getting tired of this I deleted everything from my playstation and this keeps on popping up and I wanna know why I did everything u guys provide me to do and this still comes up plz help me fix this problem I wanna play GTA already.,2025-10-13 21:10:41,2025-10-13 21:10:50,249
5050,GrandTheftAuto(GTA),Negative,RhandlerR I'm getting tired of this I deleted everything from my playstation and this keeps on popping up and I wanna know why I did everything u guys provide me to do and this still comes up plz help me fix this problem I wanna play GTA already. STOP WHAT U DOING AND HELP ME!! pic.twitter.com/U4eFWTbtG6,2025-10-13 21:10:41,2025-10-13 21:10:50,305
5050,GrandTheftAuto(GTA),Negative,The RhandlerR I'm getting tired of this I deleted everything from my playstation and this keeps on popping up and I wanna know why I did everything u guys provide me to do and this still comes up plz help me fix this problem I wanna play GTA already. STOP WHAT U DOING AND HELP ME!! pic.twitter.com/U4eFWTbtG6,2025-10-13 21:10:41,2025-10-13 21:10:50,309
5050,GrandTheftAuto(GTA),Negative,with,2025-10-13 21:10:41,2025-10-13 21:10:50,4
5051,GrandTheftAuto(GTA),Negative,then there’s me who already worked they way up 3 years ago and now gta v just boring and stale,2025-10-13 21:10:41,2025-10-13 21:10:50,94
5051,GrandTheftAuto(GTA),Negative,"then there is me, who has already worked 3 years ago and now gta v just boring and outdated",2025-10-13 21:10:41,2025-10-13 21:10:50,91
5051,GrandTheftAuto(GTA),Negative,then there's me who already worked they way up 3 years ago and now gta v just boring and stale,2025-10-13 21:10:41,2025-10-13 21:10:50,94
5051,GrandTheftAuto(GTA),Negative,then follow me who already worked they way up 3 years ago and now i v just boring and stale,2025-10-13 21:10:41,2025-10-13 21:10:50,91
5051,GrandTheftAuto(GTA),Negative,then there ’ s me who already worked they pay way back up 3 years ago and now gta v me just boring it and stale,2025-10-13 21:10:41,2025-10-13 21:10:50,111
5051,GrandTheftAuto(GTA),Negative,then there’s me who already worked they way up 3 so on and now gta look just boring and stale,2025-10-13 21:10:41,2025-10-13 21:10:50,93
5052,GrandTheftAuto(GTA),Positive,THIS IS SO FUNNYAKSKSJWJ,2025-10-13 21:10:41,2025-10-13 21:10:50,24
5052,GrandTheftAuto(GTA),Positive,THIS IS SO FUNNYAKSKSYVJ,2025-10-13 21:10:41,2025-10-13 21:10:50,24
5052,GrandTheftAuto(GTA),Positive,IT IS SO FUNNYAKS SJWJ,2025-10-13 21:10:41,2025-10-13 21:10:50,22
5052,GrandTheftAuto(GTA),Positive,THIS ARE SO FUNNYAKSKSJWJ,2025-10-13 21:10:41,2025-10-13 21:10:50,25
5052,GrandTheftAuto(GTA),Positive,WHO THIS IS WHO SO ON FUNNYAKSKSJWJ,2025-10-13 21:10:41,2025-10-13 21:10:50,35
5052,GrandTheftAuto(GTA),Positive,THIS IS SO A,2025-10-13 21:10:41,2025-10-13 21:10:50,12
5053,GrandTheftAuto(GTA),Neutral,this some straight gta shit right here,2025-10-13 21:10:41,2025-10-13 21:10:50,38
5053,GrandTheftAuto(GTA),Neutral,This is a gta shit,2025-10-13 21:10:41,2025-10-13 21:10:50,18
5053,GrandTheftAuto(GTA),Neutral,this some straight gta shit right here,2025-10-13 21:10:41,2025-10-13 21:10:50,38
5053,GrandTheftAuto(GTA),Neutral,this some straight gta meat right here,2025-10-13 21:10:41,2025-10-13 21:10:50,38
5053,GrandTheftAuto(GTA),Neutral,this some whole straight gta shit right here,2025-10-13 21:10:41,2025-10-13 21:10:50,44
5053,GrandTheftAuto(GTA),Neutral,this really straight gta shit right here,2025-10-13 21:10:41,2025-10-13 21:10:50,40
5054,GrandTheftAuto(GTA),Positive,Just bought GTA I’m lit,2025-10-13 21:10:41,2025-10-13 21:10:50,23
5054,GrandTheftAuto(GTA),Positive,"I just bought GTA, I'm on fire",2025-10-13 21:10:41,2025-10-13 21:10:50,30
5054,GrandTheftAuto(GTA),Positive,"Just bought a GTA, I light up",2025-10-13 21:10:41,2025-10-13 21:10:50,29
5054,GrandTheftAuto(GTA),Positive,Just bought GTA I’m done,2025-10-13 21:10:41,2025-10-13 21:10:50,24
5054,GrandTheftAuto(GTA),Positive,Just bought GTA I she ’ m lit,2025-10-13 21:10:41,2025-10-13 21:10:50,29
5054,GrandTheftAuto(GTA),Positive,Just 1 GTA I’m lit,2025-10-13 21:10:41,2025-10-13 21:10:50,18
5055,GrandTheftAuto(GTA),Neutral,"If I ever learn how to code/model, I want to make a horror 3D platformer that looks like it was made in the PS2 era. . . GTA San Andreas and other games from the time always made you feel like there was more hiding within. It was actually scary.",2025-10-13 21:10:41,2025-10-13 21:10:50,245
5055,GrandTheftAuto(GTA),Neutral,"If I ever learn how to code / model, I want to do a horror 3D platformer that looks like it was made in the PS2 era... GTA San Andreas and other games from that time always made you feel like there was more to it. It was actually scary.",2025-10-13 21:10:41,2025-10-13 21:10:50,236
5055,GrandTheftAuto(GTA),Neutral,"If I ever learn how to encode / model, I want to make a 3D horror platformer that looks like it was made in the PS2 era... GTA San Freddie and other games of the time always made you feel like there was something else to hide inside.",2025-10-13 21:10:41,2025-10-13 21:10:50,233
5055,GrandTheftAuto(GTA),Neutral,"If I all learn how to code/model, I want to make a horror 3D platformer that looks like it was made in the PS2 era... GTA San Andreas and other games from the time always made enough sense that there was more power within. It was actually scary.",2025-10-13 21:10:41,2025-10-13 21:10:50,245
5055,GrandTheftAuto(GTA),Neutral,"If I ever learn how to code / model, I want to make a horror 3D platformer that looks like it was made in the PS2 era... GTA for San Sri Andreas and many other games dated from of the time always made to you to feel again like there really was some more hiding within. It was actually scary.",2025-10-13 21:10:41,2025-10-13 21:10:50,291
5055,GrandTheftAuto(GTA),Neutral,"If I ever learn how properly code/model, I want to write a horror horror anime which sounds like it was made in the PS2 era... GTA San Andreas and other games from the period only made you feel like there was more hiding within. It was actually the.",2025-10-13 21:10:41,2025-10-13 21:10:50,249
5056,GrandTheftAuto(GTA),Positive,I love GTA way more,2025-10-13 21:10:41,2025-10-13 21:10:50,19
5056,GrandTheftAuto(GTA),Positive,I love GTA much more,2025-10-13 21:10:41,2025-10-13 21:10:50,20
5056,GrandTheftAuto(GTA),Positive,I love GTA more,2025-10-13 21:10:41,2025-10-13 21:10:50,15
5056,GrandTheftAuto(GTA),Positive,I love GTA way ahead,2025-10-13 21:10:41,2025-10-13 21:10:50,20
5056,GrandTheftAuto(GTA),Positive,I love your GTA way more,2025-10-13 21:10:41,2025-10-13 21:10:50,24
5056,GrandTheftAuto(GTA),Positive,I love GTA slightly more,2025-10-13 21:10:41,2025-10-13 21:10:50,24
5057,GrandTheftAuto(GTA),Irrelevant,this is literally GTA in real life .,2025-10-13 21:10:41,2025-10-13 21:10:50,37
5057,GrandTheftAuto(GTA),Irrelevant,That's literally GTA in real life.,2025-10-13 21:10:41,2025-10-13 21:10:50,34
5057,GrandTheftAuto(GTA),Irrelevant,it's literally GTA in real life.,2025-10-13 21:10:41,2025-10-13 21:10:50,32
5057,GrandTheftAuto(GTA),Irrelevant,this is literally GTA in real life ).,2025-10-13 21:10:41,2025-10-13 21:10:50,37
5057,GrandTheftAuto(GTA),Irrelevant,this is literally GTA work in real life.,2025-10-13 21:10:41,2025-10-13 21:10:50,40
5057,GrandTheftAuto(GTA),Irrelevant,this is like GTA in real life.,2025-10-13 21:10:41,2025-10-13 21:10:50,30
5058,GrandTheftAuto(GTA),Neutral,Busted!,2025-10-13 21:10:41,2025-10-13 21:10:50,7
5058,GrandTheftAuto(GTA),Neutral,Torn!,2025-10-13 21:10:41,2025-10-13 21:10:50,5
5058,GrandTheftAuto(GTA),Neutral,Mistaken!,2025-10-13 21:10:41,2025-10-13 21:10:50,9
5058,GrandTheftAuto(GTA),Neutral,Busted!,2025-10-13 21:10:41,2025-10-13 21:10:50,7
5058,GrandTheftAuto(GTA),Neutral,Have Busted!,2025-10-13 21:10:41,2025-10-13 21:10:50,12
5058,GrandTheftAuto(GTA),Neutral,Y!,2025-10-13 21:10:41,2025-10-13 21:10:50,2
5059,GrandTheftAuto(GTA),Irrelevant,my brother won't play gta with me because i blew up his car :( pic.twitter.com/PSjMgZo5Pb,2025-10-13 21:10:41,2025-10-13 21:10:50,89
5059,GrandTheftAuto(GTA),Irrelevant,My brother won't play with me because I blew up his car: (pic.twitter.com / PSjMgZo5Pb,2025-10-13 21:10:41,2025-10-13 21:10:50,86
5059,GrandTheftAuto(GTA),Irrelevant,my brother won't play gta with me because i blow up his car: (pic.facebook.com / PSjMgZo5Pb,2025-10-13 21:10:41,2025-10-13 21:10:50,91
5059,GrandTheftAuto(GTA),Irrelevant,my brother won't play gta with me because i blew up his car :( pic.twitter.com/PSjMgZo5Pb,2025-10-13 21:10:41,2025-10-13 21:10:50,89
5059,GrandTheftAuto(GTA),Irrelevant,the my brother won't play gta with me because i blew up his car :( pic.twitter.com/PSjMgZo5Pb,2025-10-13 21:10:41,2025-10-13 21:10:50,93
5059,GrandTheftAuto(GTA),Irrelevant,<unk>,2025-10-13 21:10:41,2025-10-13 21:10:50,5
5060,GrandTheftAuto(GTA),Irrelevant,Thanks for the mention DragonesAcecho.,2025-10-13 21:10:41,2025-10-13 21:10:50,40
5060,GrandTheftAuto(GTA),Irrelevant,Thanks for mentioning DragonesAcecho.,2025-10-13 21:10:41,2025-10-13 21:10:50,37
5060,GrandTheftAuto(GTA),Irrelevant,Thanks for mentioning DragonesAcecho.,2025-10-13 21:10:41,2025-10-13 21:10:50,37
5060,GrandTheftAuto(GTA),Irrelevant,Thanks for the time DragonesAcecho.,2025-10-13 21:10:41,2025-10-13 21:10:50,35
5060,GrandTheftAuto(GTA),Irrelevant,Thanks for the passing mention about DragonesAcecho.,2025-10-13 21:10:41,2025-10-13 21:10:50,52
5060,GrandTheftAuto(GTA),Irrelevant,Thanks for the mention by.,2025-10-13 21:10:41,2025-10-13 21:10:50,26
5061,GrandTheftAuto(GTA),Negative,Azumanga Daioh and GTA Vice City ruined an entire generation of men,2025-10-13 21:10:41,2025-10-13 21:10:50,67
5061,GrandTheftAuto(GTA),Negative,Azumanga Daioh and GTA Vice City ruined an entire generation of men,2025-10-13 21:10:41,2025-10-13 21:10:50,67
5061,GrandTheftAuto(GTA),Negative,Absolute Daioh and GTA Vice City have killed an entire generation of men,2025-10-13 21:10:41,2025-10-13 21:10:50,72
5061,GrandTheftAuto(GTA),Negative,Azumanga Daioh said GTA Vice City ruined an entire generation of men,2025-10-13 21:10:41,2025-10-13 21:10:50,68
5061,GrandTheftAuto(GTA),Negative,So Azumanga Daioh and his GTA Vice City has ruined an entire generation of men,2025-10-13 21:10:41,2025-10-13 21:10:50,78
5061,GrandTheftAuto(GTA),Negative,Azumanga Daioh and GTA Vice City ruined two awesome generation of men,2025-10-13 21:10:41,2025-10-13 21:10:50,69
5062,GrandTheftAuto(GTA),Positive,can't wait to hear the word femboy in gta 6,2025-10-13 21:10:41,2025-10-13 21:10:50,43
5062,GrandTheftAuto(GTA),Positive,Can't wait to hear the word feminboy in gta 6,2025-10-13 21:10:41,2025-10-13 21:10:50,45
5062,GrandTheftAuto(GTA),Positive,can't wait to hear the word feminist in gta 6,2025-10-13 21:10:41,2025-10-13 21:10:50,45
5062,GrandTheftAuto(GTA),Positive,can't wait to hear first word femboy in gta 6,2025-10-13 21:10:41,2025-10-13 21:10:50,45
5062,GrandTheftAuto(GTA),Positive,can'la t wait to hear all the word femboy in gta 4 6,2025-10-13 21:10:41,2025-10-13 21:10:50,52
5062,GrandTheftAuto(GTA),Positive,won't wait to hear the word femboy in gta flick,2025-10-13 21:10:41,2025-10-13 21:10:50,47
5063,GrandTheftAuto(GTA),Negative,i ain’t playing GTA no more that shit done 4.,2025-10-13 21:10:41,2025-10-13 21:10:50,45
5063,GrandTheftAuto(GTA),Negative,I don't play GTA any more.,2025-10-13 21:10:41,2025-10-13 21:10:50,26
5063,GrandTheftAuto(GTA),Negative,i ain't playing GTA no more that shit done 4.,2025-10-13 21:10:41,2025-10-13 21:10:50,45
5063,GrandTheftAuto(GTA),Negative,i ain’t playing GTA no more that you done 4.,2025-10-13 21:10:41,2025-10-13 21:10:50,44
5063,GrandTheftAuto(GTA),Negative,But i ain ’ t playing the GTA no more that shit done 4.,2025-10-13 21:10:41,2025-10-13 21:10:50,55
5063,GrandTheftAuto(GTA),Negative,i ain’t in GTA anymore more that shit done 4.,2025-10-13 21:10:41,2025-10-13 21:10:50,45
5064,GrandTheftAuto(GTA),Neutral,. Grand Theft Auto Vice City. Loose Ends. PS2 youtu.be/TvDWiPwLzXM @YouTube.,2025-10-13 21:10:41,2025-10-13 21:10:50,77
5064,GrandTheftAuto(GTA),Neutral,Grand Theft Auto Vice City. Lose ends. PS2 youtu.be / TvDWiPwLzXM @ YouTube.,2025-10-13 21:10:41,2025-10-13 21:10:50,76
5064,GrandTheftAuto(GTA),Neutral,. Grand Theft Auto Vice City. Loose Ends. PS2 youtu.be / TvDWiPwLzXM @ YouTube.,2025-10-13 21:10:41,2025-10-13 21:10:50,79
5064,GrandTheftAuto(GTA),Neutral,. Grand Theft Auto Vice City. Loose Ends. see<unk>.be/TvDWiPwLzXM X.,2025-10-13 21:10:41,2025-10-13 21:10:50,68
5064,GrandTheftAuto(GTA),Neutral,. in Grand Auto Theft Big Auto Vice City. What Loose Ends. 2 PS2 youtu. and be / in TvDWiPwLzXM @YouTube.,2025-10-13 21:10:41,2025-10-13 21:10:50,105
5064,GrandTheftAuto(GTA),Neutral,. Grand Theft 4 3 City. One hold. PS2 youtu.be/TvDWiPwLzXM 8.,2025-10-13 21:10:41,2025-10-13 21:10:50,61
5065,GrandTheftAuto(GTA),Irrelevant,After them cops ran a crowd of peaceful protesters over I’m blind I can’t see this shit,2025-10-13 21:10:41,2025-10-13 21:10:50,87
5065,GrandTheftAuto(GTA),Irrelevant,"After the police run over a lot of peaceful demonstrators, I'm blind, I can't see this shit",2025-10-13 21:10:41,2025-10-13 21:10:50,91
5065,GrandTheftAuto(GTA),Irrelevant,"After them, traffic policemen ran over a crowd of peaceful protesters, I am blind, I don't see this crap",2025-10-13 21:10:41,2025-10-13 21:10:50,104
5065,GrandTheftAuto(GTA),Irrelevant,After them cops ran a crowd of peaceful protesters down I’m blind I can’t take this shit,2025-10-13 21:10:41,2025-10-13 21:10:50,88
5065,GrandTheftAuto(GTA),Irrelevant,After them cops ran a crowd of peaceful protesters over us I didn ’ m blind thinking I can ’ t see this anymore shit,2025-10-13 21:10:41,2025-10-13 21:10:50,116
5065,GrandTheftAuto(GTA),Irrelevant,After them cops ran a crowd charge them protesters over I’m blind I can’t see this one,2025-10-13 21:10:41,2025-10-13 21:10:50,86
5066,GrandTheftAuto(GTA),Positive,manipulating the overly emotional .. genius lol,2025-10-13 21:10:41,2025-10-13 21:10:50,47
5066,GrandTheftAuto(GTA),Positive,Manipulation of the overly emotional.. genius lol,2025-10-13 21:10:41,2025-10-13 21:10:50,49
5066,GrandTheftAuto(GTA),Positive,manipulating over-emotional.. lol genius,2025-10-13 21:10:41,2025-10-13 21:10:50,40
5066,GrandTheftAuto(GTA),Positive,manipulating the overly sophisticated.. genius lol,2025-10-13 21:10:41,2025-10-13 21:10:50,50
5066,GrandTheftAuto(GTA),Positive,To manipulating the overly emotional.. a genius lol,2025-10-13 21:10:41,2025-10-13 21:10:50,51
5066,GrandTheftAuto(GTA),Positive,for the overly emotional.. genius lol,2025-10-13 21:10:41,2025-10-13 21:10:50,37
5067,GrandTheftAuto(GTA),Irrelevant,I didn’t notice if you pay close attention you actually hear the music from my headphones . . . Also @itsAyane we’re (never) doing this again,2025-10-13 21:10:41,2025-10-13 21:10:50,141
5067,GrandTheftAuto(GTA),Irrelevant,"I didn't notice that if you look closely, you actually hear the music from my headphones... Also @ itsAyane we (never) do that again.",2025-10-13 21:10:41,2025-10-13 21:10:50,133
5067,GrandTheftAuto(GTA),Irrelevant,I didn't notice if you pay close attention you actually hear the music from my headphones.... Also @ itsAyane we're (never) doing this again,2025-10-13 21:10:41,2025-10-13 21:10:50,140
5067,GrandTheftAuto(GTA),Irrelevant,I didn’t notice if you pay close attention you actually hear the music from my laptop<unk>. & Also @itsAyane we’re (never) doing this again,2025-10-13 21:10:41,2025-10-13 21:10:50,139
5067,GrandTheftAuto(GTA),Irrelevant,Maybe I didn ’ t notice if actually you pay too close attention you just actually suddenly hear the music just from my headphones... Also and @itsAyane we ’ re ( never ) doing this again,2025-10-13 21:10:41,2025-10-13 21:10:50,186
5067,GrandTheftAuto(GTA),Irrelevant,I didn’t notice if any pay back where you actually get the music from my headphones... Also @itsAyane we’re (never) doing this in,2025-10-13 21:10:41,2025-10-13 21:10:50,129
5068,GrandTheftAuto(GTA),Positive,I wanna do this shit,2025-10-13 21:10:41,2025-10-13 21:10:50,20
5068,GrandTheftAuto(GTA),Positive,I wanna do this shit,2025-10-13 21:10:41,2025-10-13 21:10:50,20
5068,GrandTheftAuto(GTA),Positive,I wanna do this shit,2025-10-13 21:10:41,2025-10-13 21:10:50,20
5068,GrandTheftAuto(GTA),Positive,I wanna do that shit,2025-10-13 21:10:41,2025-10-13 21:10:50,20
5068,GrandTheftAuto(GTA),Positive,I wanna do stuff this shit,2025-10-13 21:10:41,2025-10-13 21:10:50,26
5068,GrandTheftAuto(GTA),Positive,still wanna do this shit,2025-10-13 21:10:41,2025-10-13 21:10:50,24
5069,GrandTheftAuto(GTA),Negative,"Welp, GTA IV still kinda runs like trash in 2020. =\\ pic.twitter.com/ETNWly3jYQ",2025-10-13 21:10:41,2025-10-13 21:10:50,79
5069,GrandTheftAuto(GTA),Negative,"Welp, GTA IV is still running like garbage in 2020. =\\ pic.twitter.com / ETNWly3jYQ",2025-10-13 21:10:41,2025-10-13 21:10:50,83
5069,GrandTheftAuto(GTA),Negative,"Welp, GTA IV still works as a trash in 2020. =\\ pic.facebook.com / ETNWly3jYQ",2025-10-13 21:10:41,2025-10-13 21:10:50,77
5069,GrandTheftAuto(GTA),Negative,"Welp, GTA IV still kinda runs like trash in 2020. =\\ pic.twitter.com/ETNWly3jYQ",2025-10-13 21:10:41,2025-10-13 21:10:50,79
5069,GrandTheftAuto(GTA),Negative,"PC Welp, GTA IV still kinda runs like trash in 2020. =\\ pic.twitter.com/ETNWly3jYQ",2025-10-13 21:10:41,2025-10-13 21:10:50,82
5069,GrandTheftAuto(GTA),Negative,a,2025-10-13 21:10:41,2025-10-13 21:10:50,1
5070,GrandTheftAuto(GTA),Irrelevant,"Hey Twitter, did you know that in GTA V online if you use a curse word in the text messaging app, it doesn't allow you to send it, so if you don't want people using the f word, you can just stop people from doing that. . If you don't want us to curse, put it in the algorithm",2025-10-13 21:10:41,2025-10-13 21:10:50,275
5070,GrandTheftAuto(GTA),Irrelevant,"Hi Twitter, did you know that in GTA V online, if you use a curse word in the SMS app, it doesn't allow you to send it, so if you don't want people to use the F-word, you can just stop people from doing that. If you don't want us to curse, insert it into the algorithm.",2025-10-13 21:10:41,2025-10-13 21:10:50,269
5070,GrandTheftAuto(GTA),Irrelevant,"Hey Twitter, did you know that in GTA V online, if you use a cursed word in a text app, it doesn't allow you to send it, so if you don't want people to use the f-word, you can just stop people from doing it... If you don't want us to swear, put it in the alphabet",2025-10-13 21:10:41,2025-10-13 21:10:50,263
5070,GrandTheftAuto(GTA),Irrelevant,"Hey Twitter, did you know that in GTA V online if to use a curse word in the text chat app, it doesn't allow you to send it, so if corporations don't want people using such f word, you can just stop people from reading that.. If you don't see us to curse, put it in the algorithm",2025-10-13 21:10:41,2025-10-13 21:10:50,279
5070,GrandTheftAuto(GTA),Irrelevant,"Hey Twitter, did you know that in GTA channel V lies online if you use a curse word in the text messaging app, it doesn't allow you to send it, or so if you don't want people just using the f word, you can just stop people from doing that.. If you absolutely don'Q t always want even us not to curse, put it in about the algorithm",2025-10-13 21:10:41,2025-10-13 21:10:50,330
5070,GrandTheftAuto(GTA),Irrelevant,"Hey Twitter, have you know that in GTA V online if you use a curse word in the text messaging app, it doesn't allow you to send it, so no you don't want people using the actual word, you just really block people from doing that.. If you don't want us to curse, post it through that curse",2025-10-13 21:10:41,2025-10-13 21:10:50,287
5071,GrandTheftAuto(GTA),Positive,i have gacha luck in gta ive won 2 cars in the roulette thing the 1 week i've been playing,2025-10-13 21:10:41,2025-10-13 21:10:50,90
5071,GrandTheftAuto(GTA),Positive,I got gacha lucky in gta ive won 2 cars in the roulette thing the 1 week I played,2025-10-13 21:10:41,2025-10-13 21:10:50,81
5071,GrandTheftAuto(GTA),Positive,i have gacha luck in gta ive won 2 cars in the roulette thing the 1 week i've been playing,2025-10-13 21:10:41,2025-10-13 21:10:50,90
5071,GrandTheftAuto(GTA),Positive,i have gacha luck in gta ive won 2 cars in the roulette thing he same week i've been playing,2025-10-13 21:10:41,2025-10-13 21:10:50,92
5071,GrandTheftAuto(GTA),Positive,i have great gacha luck in that gta ive won by 2 cars in the roulette 1 thing the 1 week i's ve been playing,2025-10-13 21:10:41,2025-10-13 21:10:50,108
5071,GrandTheftAuto(GTA),Positive,i have gacha here in gta ive won 2 cars in the roulette thing over 1 years i've been at,2025-10-13 21:10:41,2025-10-13 21:10:50,87
5072,GrandTheftAuto(GTA),Negative,.  I hate that shit,2025-10-13 21:10:41,2025-10-13 21:10:50,19
5072,GrandTheftAuto(GTA),Negative,I hate this shit.,2025-10-13 21:10:41,2025-10-13 21:10:50,17
5072,GrandTheftAuto(GTA),Negative,I hate that shit,2025-10-13 21:10:41,2025-10-13 21:10:50,16
5072,GrandTheftAuto(GTA),Negative,.  I loved that shit,2025-10-13 21:10:41,2025-10-13 21:10:50,20
5072,GrandTheftAuto(GTA),Negative,. I hate saying that shit,2025-10-13 21:10:41,2025-10-13 21:10:50,25
5072,GrandTheftAuto(GTA),Negative,. just hate that shit,2025-10-13 21:10:41,2025-10-13 21:10:50,21
5073,GrandTheftAuto(GTA),Negative,Worst thing to ever come out in Gta history,2025-10-13 21:10:41,2025-10-13 21:10:50,43
5073,GrandTheftAuto(GTA),Negative,The worst thing ever in GTA history,2025-10-13 21:10:41,2025-10-13 21:10:50,35
5073,GrandTheftAuto(GTA),Negative,Worst thing ever to come out in the history of GTA,2025-10-13 21:10:41,2025-10-13 21:10:50,50
5073,GrandTheftAuto(GTA),Negative,Worst thing to ever happen out in Gta history,2025-10-13 21:10:41,2025-10-13 21:10:50,45
5073,GrandTheftAuto(GTA),Negative,Worst possible thing to actually ever come out in Gta history,2025-10-13 21:10:41,2025-10-13 21:10:50,61
5073,GrandTheftAuto(GTA),Negative,Worst documentary to ever come out in Gta history,2025-10-13 21:10:41,2025-10-13 21:10:50,49
5074,GrandTheftAuto(GTA),Positive,hella good options and i loved all of these games but I gotta go with GTA 4 pic.twitter.com/DCuTj9qa8O,2025-10-13 21:10:41,2025-10-13 21:10:50,102
5074,GrandTheftAuto(GTA),Positive,hella good options and i loved all these games but i have to go with GTA 4 pic.twitter.com / DCuTj9qa8O,2025-10-13 21:10:41,2025-10-13 21:10:50,103
5074,GrandTheftAuto(GTA),Positive,hella good options and i loved all of these games but I ggo with GTA 4 pic.fm / DCuTj9qa8O,2025-10-13 21:10:41,2025-10-13 21:10:50,90
5074,GrandTheftAuto(GTA),Positive,hella good options and i loved all of these games but I gotta go with GTA 4 pic.twitter.com/DCuTj9qa8O,2025-10-13 21:10:41,2025-10-13 21:10:50,102
5074,GrandTheftAuto(GTA),Positive,A hella good options and i loved all of these games but I gotta go with GTA 4 pic.twitter.com/DCuTj9qa8O,2025-10-13 21:10:41,2025-10-13 21:10:50,104
5074,GrandTheftAuto(GTA),Positive,the,2025-10-13 21:10:41,2025-10-13 21:10:50,3
5075,GrandTheftAuto(GTA),Positive,Good fucking day today happy to be back more GTA RP tmr .,2025-10-13 21:10:41,2025-10-13 21:10:50,58
5075,GrandTheftAuto(GTA),Positive,"Good damn day happy today, again more GTA RP tmr.",2025-10-13 21:10:41,2025-10-13 21:10:50,49
5075,GrandTheftAuto(GTA),Positive,Good fucking day today happy to be back more GTA RP tmr.,2025-10-13 21:10:41,2025-10-13 21:10:50,56
5075,GrandTheftAuto(GTA),Positive,Good new day today happy to be back more GTA RP tmr.,2025-10-13 21:10:41,2025-10-13 21:10:50,52
5075,GrandTheftAuto(GTA),Positive,Good God fucking day today I happy to find be back more GTA RP tmr.,2025-10-13 21:10:41,2025-10-13 21:10:50,67
5075,GrandTheftAuto(GTA),Positive,busy fucking day today happy to be back more on RP tmr.,2025-10-13 21:10:41,2025-10-13 21:10:50,55
5076,GrandTheftAuto(GTA),Negative,the fact that nothing is opening back up in the gta is a SCAM .  im so mad,2025-10-13 21:10:41,2025-10-13 21:10:50,74
5076,GrandTheftAuto(GTA),Negative,The fact that nothing is happening in the gta is a bugbear.,2025-10-13 21:10:41,2025-10-13 21:10:50,59
5076,GrandTheftAuto(GTA),Negative,The fact that nothing is revealed in the gta is SCAM.,2025-10-13 21:10:41,2025-10-13 21:10:50,53
5076,GrandTheftAuto(GTA),Negative,the fact that nothing is opening back up in a gta is a SCAM.  im so mad,2025-10-13 21:10:41,2025-10-13 21:10:50,71
5076,GrandTheftAuto(GTA),Negative,the stark fact that nothing new is worth opening back up again in the gta is a SCAM. im so mad,2025-10-13 21:10:41,2025-10-13 21:10:50,94
5076,GrandTheftAuto(GTA),Negative,the shit that nothing is opening back up in the gta simply absolutely SCAM. im so mad,2025-10-13 21:10:41,2025-10-13 21:10:50,85
5077,GrandTheftAuto(GTA),Irrelevant,YOOOOOOOOOOOOOOOOO These fucking ops think it’s gta for real. They da were about to steam roll hundreds of people. I have no sympathy for cops anymore. Fucking ridiculous,2025-10-13 21:10:41,2025-10-13 21:10:50,170
5077,GrandTheftAuto(GTA),Irrelevant,YOOOOOOOOOOOOOOOOO Those fucking ops think it's real. They were about to steam hundreds of people. I don't understand cops anymore. Damn ridiculous.,2025-10-13 21:10:41,2025-10-13 21:10:50,148
5077,GrandTheftAuto(GTA),Irrelevant,YOOOOOOOOOoooooooooooooooooooooooooooooooooooooooooooooooooooooooooooooooooooooooooooooooooooooooooooooooooooooooooooooooooooooooooooooooooooooooooooooooooooooooooooooooooooooooooooooooooooooooooooooooooooooooooooooooooooooooooooooooooooooooooooooooooooooooooooooooooooooooooooooooooooooooooooooooooooooooooooooooooooooooooooooooooooooooooooooooooooooooooooooooooooooooooooooooooooooooooo,2025-10-13 21:10:41,2025-10-13 21:10:50,388
5077,GrandTheftAuto(GTA),Irrelevant,YOOOOOOOOOOOOOOOOO These fucking ops think da gta for real. They da were about to steam roll hundreds thousand people. I have no sympathy for this anymore. Fucking ridiculous,2025-10-13 21:10:41,2025-10-13 21:10:50,174
5077,GrandTheftAuto(GTA),Irrelevant,YOU YOOOOOOOOOOOOOOOOO I These fucking good ops think it ’ r s gta for something real. They think da were only about up to steam roll hundreds of dead people. I have no sympathy for cops anymore. Fucking fuck ridiculous,2025-10-13 21:10:41,2025-10-13 21:10:50,219
5077,GrandTheftAuto(GTA),Irrelevant,how fucking fucking ops think their gta for real. They da were trying to steam roll hundreds of people. I have putting faith behind cops anymore. Fucking ridiculous,2025-10-13 21:10:41,2025-10-13 21:10:50,164
5078,GrandTheftAuto(GTA),Negative,Bitch fuck you,2025-10-13 21:10:41,2025-10-13 21:10:50,14
5078,GrandTheftAuto(GTA),Negative,Slut fuck you,2025-10-13 21:10:41,2025-10-13 21:10:50,13
5078,GrandTheftAuto(GTA),Negative,Bitch fuck you,2025-10-13 21:10:41,2025-10-13 21:10:50,14
5078,GrandTheftAuto(GTA),Negative,Bitch rates you,2025-10-13 21:10:41,2025-10-13 21:10:50,15
5078,GrandTheftAuto(GTA),Negative,Bitch fuck did you,2025-10-13 21:10:41,2025-10-13 21:10:50,18
5078,GrandTheftAuto(GTA),Negative,Bitch fuck the,2025-10-13 21:10:41,2025-10-13 21:10:50,14
5079,GrandTheftAuto(GTA),Positive,@RockstarGames I heard GTA 6 PC is going to be on xbox servers!! This is the best way to combine the game and have fun with crossplay .,2025-10-13 21:10:41,2025-10-13 21:10:50,136
5079,GrandTheftAuto(GTA),Positive,@ RockstarGames I have heard that GTA 6 PC will run on Xbox servers!! This is the best way to combine the game and have fun with crossplay.,2025-10-13 21:10:41,2025-10-13 21:10:50,139
5079,GrandTheftAuto(GTA),Positive,@ RockstarGames I heard GTA 6 PC is going to be on Xbox servers!! This is the best way to combine the game and have fun with crossplay.,2025-10-13 21:10:41,2025-10-13 21:10:50,135
5079,GrandTheftAuto(GTA),Positive,@RockstarGames I heard GTA 6 PC is going to be on xbox servers!! That is the best way to combine the game - have fun with crossplay!!,2025-10-13 21:10:41,2025-10-13 21:10:50,133
5079,GrandTheftAuto(GTA),Positive,@RockstarGames I have heard GTA 6 PC is going to be hosted on some xbox software servers!! This is the absolute best way just to combine the complete game and have fun with crossplay.,2025-10-13 21:10:41,2025-10-13 21:10:50,183
5079,GrandTheftAuto(GTA),Positive,@RockstarGames already heard GTA Online PC finally going to host on xbox servers!! This is the best way to combine the game and increase fun with crossplay.,2025-10-13 21:10:41,2025-10-13 21:10:50,156
5080,GrandTheftAuto(GTA),Neutral,Big Bertha is not impressed,2025-10-13 21:10:41,2025-10-13 21:10:50,27
5080,GrandTheftAuto(GTA),Neutral,The great Bertha is unimpressed,2025-10-13 21:10:41,2025-10-13 21:10:50,31
5080,GrandTheftAuto(GTA),Neutral,Big Bertha not impressed,2025-10-13 21:10:41,2025-10-13 21:10:50,24
5080,GrandTheftAuto(GTA),Neutral,Big Bertha is pretty impressed,2025-10-13 21:10:41,2025-10-13 21:10:50,30
5080,GrandTheftAuto(GTA),Neutral,Big Bertha is still not impressed,2025-10-13 21:10:41,2025-10-13 21:10:50,33
5080,GrandTheftAuto(GTA),Neutral,wife Bertha is not impressed,2025-10-13 21:10:41,2025-10-13 21:10:50,28
5081,GrandTheftAuto(GTA),Positive,"1990, i want to see my fav videogame saga grow (gta)",2025-10-13 21:10:41,2025-10-13 21:10:50,52
5081,GrandTheftAuto(GTA),Positive,1990 I want to see my favorite video game saga grow. (gta),2025-10-13 21:10:41,2025-10-13 21:10:50,58
5081,GrandTheftAuto(GTA),Positive,"1990, i want to see my fav videogame fresh (gta)",2025-10-13 21:10:41,2025-10-13 21:10:50,48
5081,GrandTheftAuto(GTA),Positive,"1990, i want to see my fav videogame saga grow<unk>)",2025-10-13 21:10:41,2025-10-13 21:10:50,52
5081,GrandTheftAuto(GTA),Positive,"1990, i not want t to see my little fav videogame saga grow ( gta )",2025-10-13 21:10:41,2025-10-13 21:10:50,67
5081,GrandTheftAuto(GTA),Positive,"1990, i want have made my fav videogame saga grow (gta)",2025-10-13 21:10:41,2025-10-13 21:10:50,55
5082,GrandTheftAuto(GTA),Negative,Some GTA shit,2025-10-13 21:10:41,2025-10-13 21:10:50,13
5082,GrandTheftAuto(GTA),Negative,A bit of GTA shit,2025-10-13 21:10:41,2025-10-13 21:10:50,17
5082,GrandTheftAuto(GTA),Negative,Some GTA shit,2025-10-13 21:10:41,2025-10-13 21:10:50,13
5082,GrandTheftAuto(GTA),Negative,Some GTA achievements,2025-10-13 21:10:41,2025-10-13 21:10:50,21
5082,GrandTheftAuto(GTA),Negative,Some classic GTA shit,2025-10-13 21:10:41,2025-10-13 21:10:50,21
5082,GrandTheftAuto(GTA),Negative,you GTA shit,2025-10-13 21:10:41,2025-10-13 21:10:50,12
5083,GrandTheftAuto(GTA),Negative,Holy shit,2025-10-13 21:10:41,2025-10-13 21:10:50,9
5083,GrandTheftAuto(GTA),Negative,Holy shit,2025-10-13 21:10:41,2025-10-13 21:10:50,9
5083,GrandTheftAuto(GTA),Negative,Holy crap,2025-10-13 21:10:41,2025-10-13 21:10:50,9
5083,GrandTheftAuto(GTA),Negative,Holy Trinity,2025-10-13 21:10:41,2025-10-13 21:10:50,12
5083,GrandTheftAuto(GTA),Negative,Holy shit shit,2025-10-13 21:10:41,2025-10-13 21:10:50,14
5083,GrandTheftAuto(GTA),Negative,Holy Hol,2025-10-13 21:10:41,2025-10-13 21:10:50,8
5084,GrandTheftAuto(GTA),Negative,We the real “chicken got it” on some GTA shit,2025-10-13 21:10:41,2025-10-13 21:10:50,45
5084,GrandTheftAuto(GTA),Negative,"We, the real \"chicken, are looking for some GTA shit",2025-10-13 21:10:41,2025-10-13 21:10:50,52
5084,GrandTheftAuto(GTA),Negative,"We, the real \"chicks,\" are on some GTA crap",2025-10-13 21:10:41,2025-10-13 21:10:50,43
5084,GrandTheftAuto(GTA),Negative,We the real gamers got it” on some GTA shit,2025-10-13 21:10:41,2025-10-13 21:10:50,43
5084,GrandTheftAuto(GTA),Negative,We the real “ red chicken got it ” on... some GTA shit,2025-10-13 21:10:41,2025-10-13 21:10:50,54
5084,GrandTheftAuto(GTA),Negative,We the real “chicken got up on what GTA shit,2025-10-13 21:10:41,2025-10-13 21:10:50,44
5085,GrandTheftAuto(GTA),Irrelevant,"Great update and discussion earlier today at the @TownofNewmarket's 2020 Economic Development Business Breakfast – jobs growth and innovation, transit investments, vertical growth and housing options, and leveraging one of",2025-10-13 21:10:42,2025-10-13 21:10:50,224
5085,GrandTheftAuto(GTA),Irrelevant,"Major updates and discussions today at @ TownofNewmarket's Economic Development Business Breakfast 2020 - jobs growth and innovation, transit investment, vertical growth and housing options, and taking advantage of one of the",2025-10-13 21:10:42,2025-10-13 21:10:50,225
5085,GrandTheftAuto(GTA),Irrelevant,"Today's @ TownofNewmarket Business Luncheon on Economic Development 2020 featured a major update and discussion - job growth and innovation, transit investment, vertical growth and housing options, and alignment of one of the world's largest cities.",2025-10-13 21:10:42,2025-10-13 21:10:50,249
5085,GrandTheftAuto(GTA),Irrelevant,"Great update and talk earlier today at the Spring 2020 Economic Development Business Breakfast – jobs growth and sustainability, transit investments, vertical growth and housing options, and leveraging one of",2025-10-13 21:10:42,2025-10-13 21:10:50,208
5085,GrandTheftAuto(GTA),Irrelevant,"Great update and discussion needed earlier today at the @TownofNewmarket's 2020 Economic Education Development Business Breakfast – jobs with growth and innovation, transit facilities investments, two vertical economic growth and housing options, and leveraging one level of",2025-10-13 21:10:42,2025-10-13 21:10:50,274
5085,GrandTheftAuto(GTA),Irrelevant,"Great update is discussion earlier today at the @TownofNewmarket's 2020 Enterprise Development Business Breakfast – jobs growth and adoption, transit investments, vertical growth and stock options, outlined in one of",2025-10-13 21:10:42,2025-10-13 21:10:50,216
5086,GrandTheftAuto(GTA),Irrelevant,Good morning. .,2025-10-13 21:10:42,2025-10-13 21:10:50,17
5086,GrandTheftAuto(GTA),Irrelevant,Good morning...,2025-10-13 21:10:42,2025-10-13 21:10:50,15
5086,GrandTheftAuto(GTA),Irrelevant,Good morning...,2025-10-13 21:10:42,2025-10-13 21:10:50,15
5086,GrandTheftAuto(GTA),Irrelevant,Good morning. —,2025-10-13 21:10:42,2025-10-13 21:10:50,15
5086,GrandTheftAuto(GTA),Irrelevant,Good every morning..,2025-10-13 21:10:42,2025-10-13 21:10:50,20
5086,GrandTheftAuto(GTA),Irrelevant,This morning..,2025-10-13 21:10:42,2025-10-13 21:10:50,14
5088,GrandTheftAuto(GTA),Positive,Nice Game...Bro...,2025-10-13 21:10:42,2025-10-13 21:10:50,18
5088,GrandTheftAuto(GTA),Positive,Beautiful game... Bro...,2025-10-13 21:10:42,2025-10-13 21:10:50,24
5088,GrandTheftAuto(GTA),Positive,Good game... Bro...,2025-10-13 21:10:42,2025-10-13 21:10:50,19
5088,GrandTheftAuto(GTA),Positive,Nice stuff,2025-10-13 21:10:42,2025-10-13 21:10:50,10
5088,GrandTheftAuto(GTA),Positive,This Nice Game... With Bro...,2025-10-13 21:10:42,2025-10-13 21:10:50,29
5088,GrandTheftAuto(GTA),Positive,Nice Morning...Bro...,2025-10-13 21:10:42,2025-10-13 21:10:50,21
5089,GrandTheftAuto(GTA),Positive,i haven’t played gta in so longgggg i miss it,2025-10-13 21:10:42,2025-10-13 21:10:50,45
5089,GrandTheftAuto(GTA),Positive,I have not played gta in so longgg that I miss it,2025-10-13 21:10:42,2025-10-13 21:10:50,49
5089,GrandTheftAuto(GTA),Positive,i haven't played gta in so longggg i miss it,2025-10-13 21:10:42,2025-10-13 21:10:50,44
5089,GrandTheftAuto(GTA),Positive,i haven’t played gta in quite longgggg i miss it,2025-10-13 21:10:42,2025-10-13 21:10:50,48
5089,GrandTheftAuto(GTA),Positive,i u haven ’ u t played s gta in so longgggg i miss it,2025-10-13 21:10:42,2025-10-13 21:10:50,53
5089,GrandTheftAuto(GTA),Positive,i haven’t blog gta<unk> so longgggg i miss it,2025-10-13 21:10:42,2025-10-13 21:10:50,45
5090,GrandTheftAuto(GTA),Neutral,when you switch to franklin in gta: you ain't gotta like but the hood gone love it,2025-10-13 21:10:42,2025-10-13 21:10:50,82
5090,GrandTheftAuto(GTA),Neutral,"if you switch to franklin in gta: you don't have to like it, but the hood is gone",2025-10-13 21:10:42,2025-10-13 21:10:50,81
5090,GrandTheftAuto(GTA),Neutral,"when you switch to a gta franchise: you don't like the bonnet, but you do like the bonnet",2025-10-13 21:10:42,2025-10-13 21:10:50,89
5090,GrandTheftAuto(GTA),Neutral,when you switch to franklin in gta: you ain't gotta like but the best gone from it,2025-10-13 21:10:42,2025-10-13 21:10:50,82
5090,GrandTheftAuto(GTA),Neutral,when you switch stuff to franklin in gta : you ain'to t gotta like but the damn hood gone up love it,2025-10-13 21:10:42,2025-10-13 21:10:50,100
5090,GrandTheftAuto(GTA),Neutral,when you switch with franklin in gta: you ain't got like over the hood gone love it,2025-10-13 21:10:42,2025-10-13 21:10:50,83
5091,GrandTheftAuto(GTA),Neutral,And I hop out and beat that ass EVERY TIME.,2025-10-13 21:10:42,2025-10-13 21:10:50,43
5091,GrandTheftAuto(GTA),Neutral,And I jump out and slap that ass EVERY time.,2025-10-13 21:10:42,2025-10-13 21:10:50,44
5091,GrandTheftAuto(GTA),Neutral,And I jump out and beat that ass ALWAYS.,2025-10-13 21:10:42,2025-10-13 21:10:50,40
5091,GrandTheftAuto(GTA),Neutral,And I hop back and beat that ass EVERY TIME.,2025-10-13 21:10:42,2025-10-13 21:10:50,44
5091,GrandTheftAuto(GTA),Neutral,And I can hop right out and beat up that ass EVERY TIME.,2025-10-13 21:10:42,2025-10-13 21:10:50,56
5091,GrandTheftAuto(GTA),Neutral,And guys come out and beat that ass EVERY TIME.,2025-10-13 21:10:42,2025-10-13 21:10:50,47
5092,GrandTheftAuto(GTA),Positive,That,2025-10-13 21:10:42,2025-10-13 21:10:50,6
5092,GrandTheftAuto(GTA),Positive,nan,2025-10-13 21:10:42,2025-10-13 21:10:50,3
5092,GrandTheftAuto(GTA),Positive,nan,2025-10-13 21:10:42,2025-10-13 21:10:50,3
5092,GrandTheftAuto(GTA),Positive,That,2025-10-13 21:10:42,2025-10-13 21:10:50,4
5092,GrandTheftAuto(GTA),Positive,3 That,2025-10-13 21:10:42,2025-10-13 21:10:50,6
5092,GrandTheftAuto(GTA),Positive,<unk>,2025-10-13 21:10:42,2025-10-13 21:10:50,5
5093,GrandTheftAuto(GTA),Positive,I love playing gta and cod always so fun,2025-10-13 21:10:42,2025-10-13 21:10:50,40
5093,GrandTheftAuto(GTA),Positive,I love to play GTA and cod always so funny,2025-10-13 21:10:42,2025-10-13 21:10:50,42
5093,GrandTheftAuto(GTA),Positive,I love playing gta and cod always so fun,2025-10-13 21:10:42,2025-10-13 21:10:50,40
5093,GrandTheftAuto(GTA),Positive,I love playing gta and cod always so passionate,2025-10-13 21:10:42,2025-10-13 21:10:50,47
5093,GrandTheftAuto(GTA),Positive,I very love playing gta and cod always so be fun,2025-10-13 21:10:42,2025-10-13 21:10:50,48
5093,GrandTheftAuto(GTA),Positive,I love playing gta man cod always so fun,2025-10-13 21:10:42,2025-10-13 21:10:50,40
5094,GrandTheftAuto(GTA),Negative,@RockstarGames I am trying to get GTA 5 working but it says I can't make a social club account and I can't access support without logging in a social club account. What is happening?,2025-10-13 21:10:42,2025-10-13 21:10:50,182
5094,GrandTheftAuto(GTA),Negative,"@ RockstarGames I'm trying to get GTA 5 up and running, but it says that I can't create a Social Club account and have no access to support without logging into a Social Club account.",2025-10-13 21:10:42,2025-10-13 21:10:50,183
5094,GrandTheftAuto(GTA),Negative,"@ RockstarGames I'm trying to make GTA 5 work, but it says I can't do a social club account and I can't access support without logging in to a social club account. What's going on?",2025-10-13 21:10:42,2025-10-13 21:10:50,180
5094,GrandTheftAuto(GTA),Negative,@RockstarGames I am trying to get GTA 5 working but it says I can't make a social club account and friends can't get support without logging in via social club listing. What is happening?,2025-10-13 21:10:42,2025-10-13 21:10:50,187
5094,GrandTheftAuto(GTA),Negative,@RockstarGames I am trying to possibly get to GTA 5 working but it says I totally can'0 t make a social club account and I can't even access social support without logging in a social club club access account. What is happening?,2025-10-13 21:10:42,2025-10-13 21:10:50,228
5094,GrandTheftAuto(GTA),Negative,@RockstarGames I am tried to get GTA Support working but it says I can't make any social club account and I can't find support without logging in a social club user. How is happening?,2025-10-13 21:10:42,2025-10-13 21:10:50,183
5095,GrandTheftAuto(GTA),Positive,I want to be gta v mechanic so bad,2025-10-13 21:10:42,2025-10-13 21:10:50,34
5095,GrandTheftAuto(GTA),Positive,"I wanna be gta v mechanic, so bad",2025-10-13 21:10:42,2025-10-13 21:10:50,33
5095,GrandTheftAuto(GTA),Positive,I want to be gta v Fashion so bad,2025-10-13 21:10:42,2025-10-13 21:10:50,33
5095,GrandTheftAuto(GTA),Positive,I want to be the v mechanic so bad,2025-10-13 21:10:42,2025-10-13 21:10:50,34
5095,GrandTheftAuto(GTA),Positive,I want to be for gta c v mechanic so bad,2025-10-13 21:10:42,2025-10-13 21:10:50,40
5095,GrandTheftAuto(GTA),Positive,I want from be gta v mechanic so bad,2025-10-13 21:10:42,2025-10-13 21:10:50,36
5096,GrandTheftAuto(GTA),Neutral,"Omo the way i dey abuse cars for this GTA no be hear, see as i destroy this Lambo .",2025-10-13 21:10:42,2025-10-13 21:10:50,84
5096,GrandTheftAuto(GTA),Neutral,"Omo the way I dey berate cars for not listening to this GTA, see how I destroy this Lambo.",2025-10-13 21:10:42,2025-10-13 21:10:50,90
5096,GrandTheftAuto(GTA),Neutral,"Omo the way i dey abuse cars for this GTA no be heard, see as i destroy this Lambo.",2025-10-13 21:10:42,2025-10-13 21:10:50,83
5096,GrandTheftAuto(GTA),Neutral,"Omo the way i dey abuse cars for this GTA and doubt hear, see as i destroy this Lambo.",2025-10-13 21:10:42,2025-10-13 21:10:50,86
5096,GrandTheftAuto(GTA),Neutral,"Omo In the first way i dey even abuse cars for this sexy GTA no so be hear, see as i destroy this Lambo.",2025-10-13 21:10:42,2025-10-13 21:10:50,104
5096,GrandTheftAuto(GTA),Neutral,"Omo the where i dey abuse him for this reason no be hear, the as i destroy this Lambo.",2025-10-13 21:10:42,2025-10-13 21:10:50,86
5097,GrandTheftAuto(GTA),Irrelevant,"'Hears GTA V is free on Epic Games Store' . Me: 'o okay I guess I'll load up EGS' . Also me: 'ffs I forgot how shit this client is' . Why is my client in Spanish despite it saying it's in English, and why does this client always slow everything down... pic.twitter.com/4swvNoH2fv",2025-10-13 21:10:42,2025-10-13 21:10:50,279
5097,GrandTheftAuto(GTA),Irrelevant,"\"Hears GTA V is free on Epic Games Store.\" Me: \"o okay I guess I'll load up EGS.\" Me: \"ffs I forget how shit this client is.\" Why is my client in Spanish even though he says it's in English, and why is this client always slowing everything down... pic.twitter.com / 4swvNoH2fv",2025-10-13 21:10:42,2025-10-13 21:10:50,276
5097,GrandTheftAuto(GTA),Irrelevant,'Hears GTA V is free in Epic Games Store '. Me:' o okay I guess I'll load up EGS '. Also me:' ffs I forgot how shit this client is'.,2025-10-13 21:10:42,2025-10-13 21:10:50,132
5097,GrandTheftAuto(GTA),Irrelevant,"'Hears GTA V is free on Epic Games Store' . Me: 'o okay I guess I'll load up EGS' . Also me: 'ffs I forgot how shit this client is' . Why is my client in Spanish despite it saying it's in English, and why does this client always slow everything down... pic.twitter.com/4swvNoH2fv",2025-10-13 21:10:42,2025-10-13 21:10:50,279
5097,GrandTheftAuto(GTA),Irrelevant,"and 'Hears GTA V is free on Epic Games Store' . Me: 'o okay I guess I'll load up EGS' . Also me: 'ffs I forgot how shit this client is' . Why is my client in Spanish despite it saying it's in English, and why does this client always slow everything down... pic.twitter.com/4swvNoH2fv",2025-10-13 21:10:42,2025-10-13 21:10:50,283
5097,GrandTheftAuto(GTA),Irrelevant,I,2025-10-13 21:10:42,2025-10-13 21:10:50,1
5098,GrandTheftAuto(GTA),Positive,She got the perfect body for a,2025-10-13 21:10:42,2025-10-13 21:10:50,32
5098,GrandTheftAuto(GTA),Positive,She has the perfect body for a,2025-10-13 21:10:42,2025-10-13 21:10:50,30
5098,GrandTheftAuto(GTA),Positive,She got the perfect body for,2025-10-13 21:10:42,2025-10-13 21:10:50,28
5098,GrandTheftAuto(GTA),Positive,She got that perfect body for a,2025-10-13 21:10:42,2025-10-13 21:10:50,31
5098,GrandTheftAuto(GTA),Positive,She got the perfect body for sharing a,2025-10-13 21:10:42,2025-10-13 21:10:50,38
5098,GrandTheftAuto(GTA),Positive,She got the perfect body as a,2025-10-13 21:10:42,2025-10-13 21:10:50,29
5099,GrandTheftAuto(GTA),Neutral,Vehicle Comet sports car - Grand Theft Auto 5,2025-10-13 21:10:42,2025-10-13 21:10:50,47
5099,GrandTheftAuto(GTA),Neutral,Vehicle Comet sports car - Grand Theft Auto 5,2025-10-13 21:10:42,2025-10-13 21:10:50,45
5099,GrandTheftAuto(GTA),Neutral,VW Comet sports car - Grand Theft Auto 5,2025-10-13 21:10:42,2025-10-13 21:10:50,40
5099,GrandTheftAuto(GTA),Neutral,Vehicle Comet sports car - Grand Theft Carbon 5,2025-10-13 21:10:42,2025-10-13 21:10:50,47
5099,GrandTheftAuto(GTA),Neutral,Vehicle Comet 2 sports car - 2010 Grand Theft Auto 5,2025-10-13 21:10:42,2025-10-13 21:10:50,52
5099,GrandTheftAuto(GTA),Neutral,Vehicle Comet sports car - Grand Canyon Auto 5,2025-10-13 21:10:42,2025-10-13 21:10:50,46
5100,GrandTheftAuto(GTA),Irrelevant,Please for the love of God stop spreading the virus by not following the guidelines!!,2025-10-13 21:10:42,2025-10-13 21:10:50,85
5100,GrandTheftAuto(GTA),Irrelevant,"For the love of God, please stop spreading the virus by not following the rules!!",2025-10-13 21:10:42,2025-10-13 21:10:50,81
5100,GrandTheftAuto(GTA),Irrelevant,"Please, for God's love, stop spreading the virus without following the guidelines!!",2025-10-13 21:10:42,2025-10-13 21:10:50,83
5100,GrandTheftAuto(GTA),Irrelevant,Please for the love of Jesus stop spreading the virus by not following the guidelines!!,2025-10-13 21:10:42,2025-10-13 21:10:50,87
5100,GrandTheftAuto(GTA),Irrelevant,Please for only the love of God stop spreading all the virus by not following the guidelines guidelines!!,2025-10-13 21:10:42,2025-10-13 21:10:50,105
5100,GrandTheftAuto(GTA),Irrelevant,Please for the love or God stop spreading the virus by not reading the guidelines!!,2025-10-13 21:10:42,2025-10-13 21:10:50,83
5101,GrandTheftAuto(GTA),Irrelevant,Gta online people are crazy .,2025-10-13 21:10:42,2025-10-13 21:10:50,30
5101,GrandTheftAuto(GTA),Irrelevant,Gta online people are crazy.,2025-10-13 21:10:42,2025-10-13 21:10:50,28
5101,GrandTheftAuto(GTA),Irrelevant,The people online are crazy.,2025-10-13 21:10:42,2025-10-13 21:10:50,28
5101,GrandTheftAuto(GTA),Irrelevant,Gta s people are crazy.,2025-10-13 21:10:42,2025-10-13 21:10:50,23
5101,GrandTheftAuto(GTA),Irrelevant,Gta My online people are crazy.,2025-10-13 21:10:42,2025-10-13 21:10:50,31
5101,GrandTheftAuto(GTA),Irrelevant,Gta online people are just.,2025-10-13 21:10:42,2025-10-13 21:10:50,27
5102,GrandTheftAuto(GTA),Positive,I won the American Dream trophy in Grand Theft Auto V for 19 TrueTrophy pts truetrophies.com/gamer/Vicasir,2025-10-13 21:10:42,2025-10-13 21:10:50,106
5102,GrandTheftAuto(GTA),Positive,I won the American Dream trophy in Grand Theft Auto V for 19 TrueTrophy points truetrophies.com / gamer / Vicasir,2025-10-13 21:10:42,2025-10-13 21:10:50,113
5102,GrandTheftAuto(GTA),Positive,I won the American Dream trophy in Grand Theft Auto V for 19 TrueTrophy.,2025-10-13 21:10:42,2025-10-13 21:10:50,72
5102,GrandTheftAuto(GTA),Positive,I won the American Dream trophy in Grand Theft Auto V Edition 19 TrueTrophy - truetrophies.com/gamer/Vicasir,2025-10-13 21:10:42,2025-10-13 21:10:50,108
5102,GrandTheftAuto(GTA),Positive,I won the American Dream trophy while in 1999 Grand Theft An Auto II V for 19 TrueTrophy pts truetrophies. be com / gamer / 2008 Vicasir,2025-10-13 21:10:42,2025-10-13 21:10:50,136
5102,GrandTheftAuto(GTA),Positive,I won the The Dream trophy in Grand Theft Auto 7 in 19 TrueTrophy pts under.com/gamer/Vicasir,2025-10-13 21:10:42,2025-10-13 21:10:50,93
5103,GrandTheftAuto(GTA),Positive,"no i would like to write an essay on why, if u think about it, ending c of gta 5 was lowkey not the right ending. as in it's a GOOD ending, i love it it makes me happy that they all get along in the end ooh we love the found family we love it...",2025-10-13 21:10:42,2025-10-13 21:10:50,245
5103,GrandTheftAuto(GTA),Positive,"no, i would like to write an essay on why, if you think about it, the end c of gta 5 wasn't the right end. as it's a good ending, i love it, it makes me happy that they all get along in the end ooh we love the found family we love...",2025-10-13 21:10:42,2025-10-13 21:10:50,233
5103,GrandTheftAuto(GTA),Positive,"no i would like to write an essay on why, if u think about it, ending with of gta 5 was lowkey not the right ending. as in it's a GOOD ending, i love it makes me happy that they all get along in the end ooh we love the found family we love it...",2025-10-13 21:10:42,2025-10-13 21:10:50,245
5103,GrandTheftAuto(GTA),Positive,"no i would like my write an essay on why, if u think about it, ending c of gta 5 was lowkey not the right ending. all in it's a natural ending, i love it this is me happy that them all get along in the end ooh we love the found family we love it...",2025-10-13 21:10:42,2025-10-13 21:10:50,248
5103,GrandTheftAuto(GTA),Positive,"If no matter i would... like to write an extensive essay on why, but if u think about admitting it, ending c of gta 5 was lowkey and not the right ending. as in it's a GOOD ending, i love it it just makes me think happy that they all get along in the end ooh we love the found the family we love it...",2025-10-13 21:10:42,2025-10-13 21:10:50,301
5103,GrandTheftAuto(GTA),Positive,"no i would like to submit an essay for why, if u think about mind, ending 2 of gta 5 was lowkey not the best ending. as in it's such GOOD ending, i love it this makes me happy that we all get along in the happy ooh we love the found one we love it...",2025-10-13 21:10:42,2025-10-13 21:10:50,250
5104,GrandTheftAuto(GTA),Negative,Trevor's driving skills are mad,2025-10-13 21:10:42,2025-10-13 21:10:50,31
5104,GrandTheftAuto(GTA),Negative,Trevor's driving skills are crazy,2025-10-13 21:10:42,2025-10-13 21:10:50,33
5104,GrandTheftAuto(GTA),Negative,Trezeguet's driving skills are crazy,2025-10-13 21:10:42,2025-10-13 21:10:50,36
5104,GrandTheftAuto(GTA),Negative,Trevor's Twitter skills are mad,2025-10-13 21:10:42,2025-10-13 21:10:50,31
5104,GrandTheftAuto(GTA),Negative,Trevor'′ s driving skills are mad,2025-10-13 21:10:42,2025-10-13 21:10:50,33
5104,GrandTheftAuto(GTA),Negative,Trevor's survival skills are mad,2025-10-13 21:10:42,2025-10-13 21:10:50,32
5105,GrandTheftAuto(GTA),Irrelevant,Most powerful console lol,2025-10-13 21:10:42,2025-10-13 21:10:50,25
5105,GrandTheftAuto(GTA),Irrelevant,The most powerful console lol,2025-10-13 21:10:42,2025-10-13 21:10:50,29
5105,GrandTheftAuto(GTA),Irrelevant,Most Powerful Console,2025-10-13 21:10:42,2025-10-13 21:10:50,21
5105,GrandTheftAuto(GTA),Irrelevant,Most powerful console players,2025-10-13 21:10:42,2025-10-13 21:10:50,29
5105,GrandTheftAuto(GTA),Irrelevant,Most extremely powerful console lol,2025-10-13 21:10:42,2025-10-13 21:10:50,35
5105,GrandTheftAuto(GTA),Irrelevant,Most major console lol,2025-10-13 21:10:42,2025-10-13 21:10:50,22
5106,GrandTheftAuto(GTA),Irrelevant,"Day 6 for ya boy. Not sure how much more 2k and gta I could play.. My controller’s getting worn out..Like my patience. Send help pls. No, never mind. Stay back .",2025-10-13 21:10:42,2025-10-13 21:10:50,164
5106,GrandTheftAuto(GTA),Irrelevant,Day 6 for ya boy. Not sure how much more 2k and gta i could play.. My controller is getting worn out.. Like my patience. Send help pls. No matter. Stay back.,2025-10-13 21:10:42,2025-10-13 21:10:50,157
5106,GrandTheftAuto(GTA),Irrelevant,"Day 6 for the boy. I don't know how many more 2k and gta I could play.. My opponent is wearing out.. As is my patience. Send help pls. No, it doesn't matter.",2025-10-13 21:10:42,2025-10-13 21:10:50,157
5106,GrandTheftAuto(GTA),Irrelevant,"Day 6 for ya boy. Not sure how much more 2k and gta I could play.. My skills getting worn out..Like my patience. Send it pls. No, no mind. Stay happy.",2025-10-13 21:10:42,2025-10-13 21:10:50,150
5106,GrandTheftAuto(GTA),Irrelevant,"Day 6 for ya boy. Not sure just how much and more 2k and less gta 2 I could really play.. My controller thing ’ s getting worn out.. Like loses my patience. Send help pls. am No, never mind. of Stay back.",2025-10-13 21:10:42,2025-10-13 21:10:50,204
5106,GrandTheftAuto(GTA),Irrelevant,"to 6 for ya all. Not sure how much easier 2k and gta I could play.. My brain getting worn off..Like my patience. Send help pls. No, never say. Go back.",2025-10-13 21:10:42,2025-10-13 21:10:50,151
5107,GrandTheftAuto(GTA),Positive,Star7 Mental Introspection⁣. ⁣. ⁣⁣My Gta online character doing Gta stuff. I'm really proud of this piece. There are actually 2 easter eggs in the artwork. Wanna discover them?⁣. At the end you can find a small video… instagram.com/p/B_FI1lHlspf/…,2025-10-13 21:10:42,2025-10-13 21:10:50,247
5107,GrandTheftAuto(GTA),Positive,Star7 Mental Introspection.. My Gta online character does Gta stuff. I'm really proud of this piece. Actually there are 2 Easter eggs in the artwork. Do you want to discover them?. At the end you will find a little video... instagram.com / p / B _ FI1lHlspf /...,2025-10-13 21:10:42,2025-10-13 21:10:50,262
5107,GrandTheftAuto(GTA),Positive,"Star7 Mental Intraction.. My character GTA online does things GTA. I'm very proud of this piece. Actually, there are 2 eggs in the piece. Do you want to open them?. At the end you can find a little video... instagram.com / p / B _ FI1lHlspf /...",2025-10-13 21:10:42,2025-10-13 21:10:50,245
5107,GrandTheftAuto(GTA),Positive,Star7 Mental Introspection⁣. ⁣. ⁣⁣My Gta online or doing Gta work. I'm really proud of the piece. There are around 6 easter lies in the game. Wanna discover them?⁣. At the margin you can find a small video… instagram.com/p/B_FI1lHlspf/…,2025-10-13 21:10:42,2025-10-13 21:10:50,236
5107,GrandTheftAuto(GTA),Positive,Star7 Mental Introspection.. My Gta popular online player character doing best Gta stuff. I'm really proud of this piece. There are actually 2 different easter eggs in the artwork. Wanna totally discover them?. At the other end you can just find a small video … by instagram. com / p / by B _... FI1lHlspf / …,2025-10-13 21:10:42,2025-10-13 21:10:50,309
5107,GrandTheftAuto(GTA),Positive,a Mental Introspection<unk>. <unk>. <unk>My Gta Dog character doing different stuff. I'm really proud of this piece. There are actually 2 easter eggs from these artwork. Wanna discover them?<unk>. With my end people can find this tiny video... instagram.com/p/B_FI1lHlspf/...,2025-10-13 21:10:42,2025-10-13 21:10:50,275
5108,GrandTheftAuto(GTA),Negative,Having no money on gta is a fuckin waste of time,2025-10-13 21:10:42,2025-10-13 21:10:50,48
5108,GrandTheftAuto(GTA),Negative,Having no money for gta is a damn waste of time,2025-10-13 21:10:42,2025-10-13 21:10:50,47
5108,GrandTheftAuto(GTA),Negative,Lack of money for gta is a waste of time,2025-10-13 21:10:42,2025-10-13 21:10:50,40
5108,GrandTheftAuto(GTA),Negative,Having no money on gta is a fuckin wasting of time,2025-10-13 21:10:42,2025-10-13 21:10:50,50
5108,GrandTheftAuto(GTA),Negative,Having no money on me gta is a fuckin waste of spare time,2025-10-13 21:10:42,2025-10-13 21:10:50,57
5108,GrandTheftAuto(GTA),Negative,put no money on gta is a fuckin stretch of time,2025-10-13 21:10:42,2025-10-13 21:10:50,47
5109,GrandTheftAuto(GTA),Positive,So I enjoy running red lights and killing people for no reason.. kill me,2025-10-13 21:10:42,2025-10-13 21:10:50,72
5109,GrandTheftAuto(GTA),Positive,So I enjoy driving red lights and killing people for no reason.. kill me,2025-10-13 21:10:42,2025-10-13 21:10:50,72
5109,GrandTheftAuto(GTA),Positive,So I like to run a red light and kill people for no reason... kill me.,2025-10-13 21:10:42,2025-10-13 21:10:50,70
5109,GrandTheftAuto(GTA),Positive,So I am running red lights and killing people for no reason.. kill me,2025-10-13 21:10:42,2025-10-13 21:10:50,69
5109,GrandTheftAuto(GTA),Positive,So much I enjoy running red lights and accidentally killing people for no reason.. kill hate me,2025-10-13 21:10:42,2025-10-13 21:10:50,95
5109,GrandTheftAuto(GTA),Positive,So I enjoy running red lights and killing drivers for no reason.. Call me,2025-10-13 21:10:42,2025-10-13 21:10:50,73
5110,GrandTheftAuto(GTA),Positive,The Epic store is down! hahahah GTA V has killed it.,2025-10-13 21:10:42,2025-10-13 21:10:50,52
5110,GrandTheftAuto(GTA),Positive,The Epic store is dead! hahahah GTA V killed it.,2025-10-13 21:10:42,2025-10-13 21:10:50,48
5110,GrandTheftAuto(GTA),Positive,Epic store closed! hahahah GTA V killed it.,2025-10-13 21:10:42,2025-10-13 21:10:50,43
5110,GrandTheftAuto(GTA),Positive,The Epic store is down! hahahah GTA 4 has killed it.,2025-10-13 21:10:42,2025-10-13 21:10:50,52
5110,GrandTheftAuto(GTA),Positive,The whole Epic store here is down! hahahah GTA Level V has killed it.,2025-10-13 21:10:42,2025-10-13 21:10:50,69
5110,GrandTheftAuto(GTA),Positive,thing Epic store is over! hahahah GTA V has killed it.,2025-10-13 21:10:42,2025-10-13 21:10:50,54
5111,GrandTheftAuto(GTA),Positive,"I have beaten GTA Online. I saved up enough to buy a room above the casino, and log in once a day to collect $1000 and a free prize. Sometimes they just give me $1mil for logging on. It takes 5 minutes, and I am slowly buying every property in the game at pool side",2025-10-13 21:10:42,2025-10-13 21:10:50,265
5111,GrandTheftAuto(GTA),Positive,"ve saved enough to buy a room above the casino and sign up once a day to receive $1000 and a free prize. Sometimes, they only give me $1 million for logging in. It takes 5 minutes and I slowly buy every property in the poolside game.",2025-10-13 21:10:42,2025-10-13 21:10:50,233
5111,GrandTheftAuto(GTA),Positive,Sometimes they just give me $1 million to sign in. It takes 5 minutes and I slowly buy every property in the pool side game.,2025-10-13 21:10:42,2025-10-13 21:10:50,124
5111,GrandTheftAuto(GTA),Positive,"I have beaten GTA Online. I saved me enough to buy a room above the casino, and log in once a day to collect $1000 from a free prize. Sometimes they just fine me $1mil for logging on. It takes 5 minutes, and I is slowly buying every property to the game The pool side",2025-10-13 21:10:42,2025-10-13 21:10:50,267
5111,GrandTheftAuto(GTA),Positive,"I will have beaten GTA Online. I saved up enough up to even buy a room above the casino, and log em in once a day to collect $ 1000 and a second free ultimate prize. Sometimes sometimes they also just give me $ 1mil for logging on. It takes 5 minutes, and I am slowly starting buying every available property in the game at pool side",2025-10-13 21:10:42,2025-10-13 21:10:50,333
5111,GrandTheftAuto(GTA),Positive,"I slowly loaded down 300. I saved up enough to buy a room above every casino, so log in once a day to collect $1000 and a free prize. Sometimes they just give me $1mil for logging on. It takes 5 minutes, and I sit slowly buying every item in the game using pool side",2025-10-13 21:10:42,2025-10-13 21:10:50,266
5112,GrandTheftAuto(GTA),Irrelevant,Breaking Bad S5 giving me Red Dead Redemption and GTA vibes🥺.,2025-10-13 21:10:42,2025-10-13 21:10:50,62
5112,GrandTheftAuto(GTA),Irrelevant,Breaking Bad gives me Red Dead Redemption and GTA vibes.,2025-10-13 21:10:42,2025-10-13 21:10:50,56
5112,GrandTheftAuto(GTA),Irrelevant,Breaking Bad S5 giving me Red Dead Redeeming and GTA lives.,2025-10-13 21:10:42,2025-10-13 21:10:50,59
5112,GrandTheftAuto(GTA),Irrelevant,Breaking Bad S5 giving away Red Dead Redemption and GTA vibes🥺.,2025-10-13 21:10:42,2025-10-13 21:10:50,63
5112,GrandTheftAuto(GTA),Irrelevant,Breaking Bad S5 giving me Red Times Dead Redemption shorts and The GTA [UNK].,2025-10-13 21:10:42,2025-10-13 21:10:50,77
5112,GrandTheftAuto(GTA),Irrelevant,Breaking with S5 giving me Red Dead II and GTA IV.,2025-10-13 21:10:42,2025-10-13 21:10:50,50
5113,GrandTheftAuto(GTA),Positive,I like gta Masters and formel e and formula one,2025-10-13 21:10:42,2025-10-13 21:10:50,47
5113,GrandTheftAuto(GTA),Positive,I like gta Masters and formula e and Formula One,2025-10-13 21:10:42,2025-10-13 21:10:50,48
5113,GrandTheftAuto(GTA),Positive,I like the gta Masters and formel e and formula one,2025-10-13 21:10:42,2025-10-13 21:10:50,51
5113,GrandTheftAuto(GTA),Positive,I like gta Masters and formel e c formula one,2025-10-13 21:10:42,2025-10-13 21:10:50,45
5113,GrandTheftAuto(GTA),Positive,I like gta Masters and g formel e and formula one,2025-10-13 21:10:42,2025-10-13 21:10:50,49
5113,GrandTheftAuto(GTA),Positive,I like gta Masters and formel e to only one,2025-10-13 21:10:42,2025-10-13 21:10:50,43
5115,GrandTheftAuto(GTA),Negative,Rockstar making so much money of shark cards they not finna stop doing that shit we never getting GTA 6,2025-10-13 21:10:42,2025-10-13 21:10:50,103
5115,GrandTheftAuto(GTA),Negative,Rockstar makes so much money with shark cards that they don't stop making this shit we never get GTA 6,2025-10-13 21:10:42,2025-10-13 21:10:50,102
5115,GrandTheftAuto(GTA),Negative,Rockstar makes so much money on the cards of sharks that they never stop doing the crap we never get GTA 6,2025-10-13 21:10:42,2025-10-13 21:10:50,106
5115,GrandTheftAuto(GTA),Negative,Rockstar making so much art of shark cards they not finna they doing that shit we never getting GTA 6,2025-10-13 21:10:42,2025-10-13 21:10:50,101
5115,GrandTheftAuto(GTA),Negative,Rockstar making them so much money of shark cards they not finna stop again doing that shit we never getting in GTA March 6,2025-10-13 21:10:42,2025-10-13 21:10:50,123
5115,GrandTheftAuto(GTA),Negative,they making really good money of shark cards they not finna stop doing that shit we never getting GTA 6,2025-10-13 21:10:42,2025-10-13 21:10:50,103
5116,GrandTheftAuto(GTA),Positive,"Finally, the PS Vita has its own GTA game! It plays really well. I completely forgot how the water was basically acid in gta 3 lmao. Thanks @Rinnegatamante  and @theflow0  for the amazing port!.",2025-10-13 21:10:42,2025-10-13 21:10:50,196
5116,GrandTheftAuto(GTA),Positive,"Finally, the PS Vita has its own GTA game! It plays really well. I completely forgot how the water in gta 3 lmao was basically sour. Thank you @ Rinnegatamante and @ theflow0 for the amazing port!.",2025-10-13 21:10:42,2025-10-13 21:10:50,197
5116,GrandTheftAuto(GTA),Positive,"Finally, PS Vita has its own GTA game! It plays very well. I completely forgot how water was mostly acid in gta 3 lmao. Thanks to @ bennegatamante and @ theflow0 for an amazing port!.",2025-10-13 21:10:42,2025-10-13 21:10:50,183
5116,GrandTheftAuto(GTA),Positive,"Finally, here PS Vita has its own GTA game! It docks really well. I absolutely forgot how the water was basically acid in gta 3 lmao. Thanks @Rinnegatamante  = @theflow0  for the amazing port!.",2025-10-13 21:10:42,2025-10-13 21:10:50,193
5116,GrandTheftAuto(GTA),Positive,"Finally, for the PS PlayStation Vita has its own own online GTA game! It plays really well. Even I completely totally forgot how smooth the water molecule was made basically the acid in gta 3 lmao. Thanks @Rinnegatamante and @theflow0 for the amazing port!.",2025-10-13 21:10:42,2025-10-13 21:10:50,257
5116,GrandTheftAuto(GTA),Positive,"Finally, every iPod 5 has its own GTA game! It plays really well. I completely hate how the water was basically acid in gta 3 lmao. Thanks @Rinnegatamante Thanks @theflow0 and the amazing support!.",2025-10-13 21:10:42,2025-10-13 21:10:50,197
5117,GrandTheftAuto(GTA),Positive,I'm excited to start playing as trevor in gta 5 although i rly do enjoy playing as franklin already,2025-10-13 21:10:42,2025-10-13 21:10:50,99
5117,GrandTheftAuto(GTA),Positive,"I'm excited to play as Trevor in Game 5, although I really enjoy playing as Franklin.",2025-10-13 21:10:42,2025-10-13 21:10:50,85
5117,GrandTheftAuto(GTA),Positive,"I'm excited to start playing gta 5, although I'm already enjoying playing france.",2025-10-13 21:10:42,2025-10-13 21:10:50,81
5117,GrandTheftAuto(GTA),Positive,I'm probably to start playing as trevor in gta 5 although i rly do enjoy playing as Druid already,2025-10-13 21:10:42,2025-10-13 21:10:50,97
5117,GrandTheftAuto(GTA),Positive,I'm excited to not start casually playing as trevor of in gta k 5 although i don rly do enjoy playing as franklin already,2025-10-13 21:10:42,2025-10-13 21:10:50,121
5117,GrandTheftAuto(GTA),Positive,<unk>'m excited to finally playing some trevor in gta 5 although i rly do enjoy playing as franklin as,2025-10-13 21:10:42,2025-10-13 21:10:50,102
5118,GrandTheftAuto(GTA),Irrelevant,Fabulous self portraits by rysykartist’s off site Grade 1 & 2 students .  . .  . .,2025-10-13 21:10:42,2025-10-13 21:10:50,84
5118,GrandTheftAuto(GTA),Irrelevant,Fabulous Self-Portraits of Rysykartist Grades 1 & 2 Students....,2025-10-13 21:10:42,2025-10-13 21:10:50,64
5118,GrandTheftAuto(GTA),Irrelevant,Stunning self-portraits of rysykartist's students off-site Grade 1 & 2...,2025-10-13 21:10:42,2025-10-13 21:10:50,73
5118,GrandTheftAuto(GTA),Irrelevant,Fabulous hand portraits by rysykartist’s off site Grade 1 & 2 students alike .. ..,2025-10-13 21:10:42,2025-10-13 21:10:50,82
5118,GrandTheftAuto(GTA),Irrelevant,Fabulous self portraits hung by rysykartist ’ the s art off site Grade 1 & 2 biology students.....,2025-10-13 21:10:42,2025-10-13 21:10:50,98
5118,GrandTheftAuto(GTA),Irrelevant,always self pick by rysykartist’s off my Year 1 & 2 students.....,2025-10-13 21:10:42,2025-10-13 21:10:50,65
5119,GrandTheftAuto(GTA),Positive,Looked pretty cool too...,2025-10-13 21:10:42,2025-10-13 21:10:50,25
5119,GrandTheftAuto(GTA),Positive,Looked pretty cool too...,2025-10-13 21:10:42,2025-10-13 21:10:50,25
5119,GrandTheftAuto(GTA),Positive,"It looked pretty cool, too...",2025-10-13 21:10:42,2025-10-13 21:10:50,29
5119,GrandTheftAuto(GTA),Positive,Looked pretty rough too...,2025-10-13 21:10:42,2025-10-13 21:10:50,26
5119,GrandTheftAuto(GTA),Positive,Looked pretty damned cool too...,2025-10-13 21:10:42,2025-10-13 21:10:50,32
5119,GrandTheftAuto(GTA),Positive,Looked pretty delicious too...,2025-10-13 21:10:42,2025-10-13 21:10:50,30
5120,GrandTheftAuto(GTA),Neutral,Dumbass outfit i made on GTA lol. Tan joggers and black duffel bag .  pic.twitter.com/PF0oRZcUr5,2025-10-13 21:10:42,2025-10-13 21:10:50,96
5120,GrandTheftAuto(GTA),Neutral,Dumbass outfit I did on GTA lol. Tan joggers and black duffel purse. pic.twitter.com / PF0oRZcUr5,2025-10-13 21:10:42,2025-10-13 21:10:50,97
5120,GrandTheftAuto(GTA),Neutral,Dumbass outfit I made on GTA lol. Tan joggers and black duffel bag. pic.wikipedia.org / PF0oRZcUr5,2025-10-13 21:10:42,2025-10-13 21:10:50,98
5120,GrandTheftAuto(GTA),Neutral,Dumbass outfit i made on GTA lol. Tan joggers and black duffel bag .  pic.twitter.com/PF0oRZcUr5,2025-10-13 21:10:42,2025-10-13 21:10:50,96
5120,GrandTheftAuto(GTA),Neutral,and Dumbass outfit i made on GTA lol. Tan joggers and black duffel bag .  pic.twitter.com/PF0oRZcUr5,2025-10-13 21:10:42,2025-10-13 21:10:50,100
5120,GrandTheftAuto(GTA),Neutral,that,2025-10-13 21:10:42,2025-10-13 21:10:50,4
5121,GrandTheftAuto(GTA),Negative,@RockstarGames how the hell is gta online STILL this fucking broken???,2025-10-13 21:10:42,2025-10-13 21:10:50,70
5121,GrandTheftAuto(GTA),Negative,@ RockstarGames how the hell is gta online STILL this damn broken???,2025-10-13 21:10:42,2025-10-13 21:10:50,68
5121,GrandTheftAuto(GTA),Negative,@ RockstarGames how the hell is GTA online STILL this fucking broken???,2025-10-13 21:10:42,2025-10-13 21:10:50,71
5121,GrandTheftAuto(GTA),Negative,@RockstarGames how the hell is Firefox online STILL this fucking broken???,2025-10-13 21:10:42,2025-10-13 21:10:50,74
5121,GrandTheftAuto(GTA),Negative,@RockstarGames how the hell is you gta online thing STILL this stupid fucking swing broken???,2025-10-13 21:10:42,2025-10-13 21:10:50,93
5121,GrandTheftAuto(GTA),Negative,@RockstarGames how absolute hell gets gta online STILL this fucking broken???,2025-10-13 21:10:42,2025-10-13 21:10:50,77
5122,GrandTheftAuto(GTA),Neutral,People who killed Michael or Trevor at the end of gta probably doing hooligan shenanigans right about now,2025-10-13 21:10:42,2025-10-13 21:10:50,105
5122,GrandTheftAuto(GTA),Neutral,People who killed Michael or Trevor at the end of the GTA are now probably doing hooligan tricks,2025-10-13 21:10:42,2025-10-13 21:10:50,96
5122,GrandTheftAuto(GTA),Neutral,The people who killed Michael or Trevor at the end of the day are probably hooligans right now,2025-10-13 21:10:42,2025-10-13 21:10:50,94
5122,GrandTheftAuto(GTA),Neutral,People who killed Michael or Trevor at the end of gta probably doing hooligan shenanigans like right now,2025-10-13 21:10:42,2025-10-13 21:10:50,104
5122,GrandTheftAuto(GTA),Neutral,People who killed Michael or Trevor at getting the end of gta probably die doing hooligan fishing shenanigans right way about now,2025-10-13 21:10:42,2025-10-13 21:10:50,129
5122,GrandTheftAuto(GTA),Neutral,out who killed Michael<unk> Trevor at the end of gta<unk> doing hooligan shenanigans right about now,2025-10-13 21:10:42,2025-10-13 21:10:50,100
5123,GrandTheftAuto(GTA),Negative,Only roll play yo we're tired where the fuck is GTA VI ???,2025-10-13 21:10:42,2025-10-13 21:10:50,58
5123,GrandTheftAuto(GTA),Negative,"Just role playing yo we are tired, where the hell is GTA VI???",2025-10-13 21:10:42,2025-10-13 21:10:50,62
5123,GrandTheftAuto(GTA),Negative,Only roll play yo we're tired where the fuck is GTA VI???,2025-10-13 21:10:42,2025-10-13 21:10:50,57
5123,GrandTheftAuto(GTA),Negative,Only roll play yo so tired where the fuck is GTA VI???,2025-10-13 21:10:42,2025-10-13 21:10:50,54
5123,GrandTheftAuto(GTA),Negative,Only I roll e play yo think we're tired where the fuck is GTA VI???,2025-10-13 21:10:42,2025-10-13 21:10:50,67
5123,GrandTheftAuto(GTA),Negative,Only roll play yo I're tired where the fuck is X VI???,2025-10-13 21:10:42,2025-10-13 21:10:50,54
5124,GrandTheftAuto(GTA),Negative,LMFAOOOOOO GTA SHIT,2025-10-13 21:10:42,2025-10-13 21:10:50,19
5124,GrandTheftAuto(GTA),Negative,LMFAOOOOOO GTA SHIT,2025-10-13 21:10:42,2025-10-13 21:10:50,19
5124,GrandTheftAuto(GTA),Negative,"LMOOO \"GTA SHIT\"",2025-10-13 21:10:42,2025-10-13 21:10:50,16
5124,GrandTheftAuto(GTA),Negative,LMFAOOOOOO GTA **,2025-10-13 21:10:42,2025-10-13 21:10:50,17
5124,GrandTheftAuto(GTA),Negative,22 LMFAOOOOOO GTA THE SHIT,2025-10-13 21:10:42,2025-10-13 21:10:50,26
5124,GrandTheftAuto(GTA),Negative,LMFAOOOOOO GTA I,2025-10-13 21:10:42,2025-10-13 21:10:50,16
5125,GrandTheftAuto(GTA),Irrelevant,"He leans by the door, glancing to the screen. . “GTA huh? I’m absolutely shit at that game.... . Just. Wondering if I could come in. Catch up?”",2025-10-13 21:10:42,2025-10-13 21:10:50,143
5125,GrandTheftAuto(GTA),Irrelevant,"He leans against the door and glances at the screen. \"GTA huh? I'm absolutely shit on this game..... Easy. I wonder if I could get in.",2025-10-13 21:10:42,2025-10-13 21:10:50,134
5125,GrandTheftAuto(GTA),Irrelevant,"He leans toward the door, peering behind the screen. \"GTA, huh? I'm absolutely shit in this game... Simple. I wonder if I could get in. Catch up?\"",2025-10-13 21:10:42,2025-10-13 21:10:50,146
5125,GrandTheftAuto(GTA),Irrelevant,"He leans by the door, glancing to door screen.. “GTA huh? I’m absolutely shit at that game.... er Damn. Wondering if I could come on. Catch up?”",2025-10-13 21:10:42,2025-10-13 21:10:50,144
5125,GrandTheftAuto(GTA),Irrelevant,"But He leans by the door, glancing to the screen.. “ GTA training huh? Oh I ’ A m absolutely shit at that game..... Just. Wondering as if I only could just come in. Catch up? Wow ”",2025-10-13 21:10:42,2025-10-13 21:10:50,180
5125,GrandTheftAuto(GTA),Irrelevant,"player leans out the door, firing up the screen.. “GTA huh? I’m absolutely there at another game..... 4. Wondering if I could come in. Catch up?”",2025-10-13 21:10:42,2025-10-13 21:10:50,145
5126,GrandTheftAuto(GTA),Positive,Just like real life 🤗,2025-10-13 21:10:42,2025-10-13 21:10:50,21
5126,GrandTheftAuto(GTA),Positive,Just like in real life.,2025-10-13 21:10:42,2025-10-13 21:10:50,23
5126,GrandTheftAuto(GTA),Positive,As in real life.,2025-10-13 21:10:42,2025-10-13 21:10:50,16
5126,GrandTheftAuto(GTA),Positive,Just like real life...,2025-10-13 21:10:42,2025-10-13 21:10:50,22
5126,GrandTheftAuto(GTA),Positive,But Just like real life [UNK],2025-10-13 21:10:42,2025-10-13 21:10:50,29
5126,GrandTheftAuto(GTA),Positive,Just like real though <unk>,2025-10-13 21:10:42,2025-10-13 21:10:50,27
5127,GrandTheftAuto(GTA),Neutral,Niggas be driving dumb fast trynna show off and here go my giddy ass in the passenger seat 🥰.  like I’m not about to die,2025-10-13 21:10:42,2025-10-13 21:10:50,120
5127,GrandTheftAuto(GTA),Neutral,Niggas driving stupid fast trynna show and here go my dizzying ass in the passenger seat.,2025-10-13 21:10:42,2025-10-13 21:10:50,89
5127,GrandTheftAuto(GTA),Neutral,Niggas to be driving stupid fast trinna show and here comes my giddy ass in the passenger seat. How am I not going to die,2025-10-13 21:10:42,2025-10-13 21:10:50,121
5127,GrandTheftAuto(GTA),Neutral,Niggas be driving pretty fast trynna show remorse and here go my giddy boyfriend in the passenger seat 🥰.  like I’m not about to die,2025-10-13 21:10:42,2025-10-13 21:10:50,132
5127,GrandTheftAuto(GTA),Neutral,Niggas be... driving dumb fast trynna show off this and here they go to my giddy ass in the passenger seat [UNK]. like I ’ m not yet about to say die,2025-10-13 21:10:42,2025-10-13 21:10:50,149
5127,GrandTheftAuto(GTA),Neutral,Niggas has some dumb fast trynna show me and here go my giddy girlfriend in the passenger seat <unk>. like I’m really about to die,2025-10-13 21:10:42,2025-10-13 21:10:50,130
5128,GrandTheftAuto(GTA),Positive,GTA at it’s finest.,2025-10-13 21:10:42,2025-10-13 21:10:50,19
5128,GrandTheftAuto(GTA),Positive,GTA at its best.,2025-10-13 21:10:42,2025-10-13 21:10:50,16
5128,GrandTheftAuto(GTA),Positive,He has the best GTA.,2025-10-13 21:10:42,2025-10-13 21:10:50,20
5128,GrandTheftAuto(GTA),Positive,GTA to it’s finest.,2025-10-13 21:10:42,2025-10-13 21:10:50,19
5128,GrandTheftAuto(GTA),Positive,GTA at it yesterday ’ s finest.,2025-10-13 21:10:42,2025-10-13 21:10:50,31
5128,GrandTheftAuto(GTA),Positive,GTA at it’s core.,2025-10-13 21:10:42,2025-10-13 21:10:50,17
5129,GrandTheftAuto(GTA),Irrelevant,Gotta love perennial herbs...the good news is that most of these will come back even in our local growing zone in the.,2025-10-13 21:10:42,2025-10-13 21:10:50,120
5129,GrandTheftAuto(GTA),Irrelevant,Gotta love perennial herbs... the good news is that most of them even come back to our local growing area in the.,2025-10-13 21:10:42,2025-10-13 21:10:50,113
5129,GrandTheftAuto(GTA),Irrelevant,The good news is that most of them will return even to our local growing area in the future.,2025-10-13 21:10:42,2025-10-13 21:10:50,92
5129,GrandTheftAuto(GTA),Irrelevant,Gotta love perennial herbs...the good news is that most of these will come back even AFTER our local growing zone in Colorado.,2025-10-13 21:10:42,2025-10-13 21:10:50,126
5129,GrandTheftAuto(GTA),Irrelevant,Gotta love perennial herbs... the good morning news too is that most of these will come back even in our own local growing profit zone... in the.,2025-10-13 21:10:42,2025-10-13 21:10:50,145
5129,GrandTheftAuto(GTA),Irrelevant,Gotta love perennial herbs...the good point is that most of these will come back even in our perfect dead zone in July.,2025-10-13 21:10:42,2025-10-13 21:10:50,119
5130,GrandTheftAuto(GTA),Negative,Oh shit I got 1 day to finish this fuk,2025-10-13 21:10:42,2025-10-13 21:10:50,38
5130,GrandTheftAuto(GTA),Negative,"Oh shit, I have 1 day to stop this shit",2025-10-13 21:10:42,2025-10-13 21:10:50,39
5130,GrandTheftAuto(GTA),Negative,Oh shit I got 1 day to finish this fuk,2025-10-13 21:10:42,2025-10-13 21:10:50,38
5130,GrandTheftAuto(GTA),Negative,Oh shit I got one day to finish this fuk,2025-10-13 21:10:42,2025-10-13 21:10:50,40
5130,GrandTheftAuto(GTA),Negative,» Oh shit I got 1 day to get finish this fuk,2025-10-13 21:10:42,2025-10-13 21:10:50,44
5130,GrandTheftAuto(GTA),Negative,Oh shit Only got 1 day to finish this fuk,2025-10-13 21:10:42,2025-10-13 21:10:50,41
5131,GrandTheftAuto(GTA),Positive,won the gta casino car after i called it terrible LOL,2025-10-13 21:10:42,2025-10-13 21:10:50,53
5131,GrandTheftAuto(GTA),Positive,won the GTA Casino car after I called it horrible LOL,2025-10-13 21:10:42,2025-10-13 21:10:50,53
5131,GrandTheftAuto(GTA),Positive,won a gta casino car after I called it horrible LOL,2025-10-13 21:10:42,2025-10-13 21:10:50,51
5131,GrandTheftAuto(GTA),Positive,won the gta casino car after i called it terrible comments,2025-10-13 21:10:42,2025-10-13 21:10:50,58
5131,GrandTheftAuto(GTA),Positive,won the gta casino winning car after i called it terrible after LOL,2025-10-13 21:10:42,2025-10-13 21:10:50,67
5131,GrandTheftAuto(GTA),Positive,inside the gta casino car and i called it terrible LOL,2025-10-13 21:10:42,2025-10-13 21:10:50,54
5132,GrandTheftAuto(GTA),Negative,"Guys, I'm here to tell you the RUMOUR of Grand Thief Auto VI being released incompletely. I am totally against that because if they want to release an incomplete version, they have the beta.",2025-10-13 21:10:42,2025-10-13 21:10:50,191
5132,GrandTheftAuto(GTA),Negative,"Guys, I'm here to tell you the incomplete version of Grand Thief Auto VI. I'm absolutely against it, because if they want to release an incomplete version, they have the beta.",2025-10-13 21:10:42,2025-10-13 21:10:50,175
5132,GrandTheftAuto(GTA),Negative,"Guys, I'm here to tell you about RUMOUR Grand TheAuto VI, which is not fully released.",2025-10-13 21:10:42,2025-10-13 21:10:50,86
5132,GrandTheftAuto(GTA),Negative,"Guys, am here to tell you the RUMOUR of Grand Thief Auto VI being released incompletely. I am totally against that because if they want to release an incomplete product, they have little power.",2025-10-13 21:10:42,2025-10-13 21:10:50,193
5132,GrandTheftAuto(GTA),Negative,"All Guys, I'm here to tell of you the full RUMOUR test of Grand Thief Auto VI being released goes incompletely. I am also totally against that thing because and if they want to publicly release an incomplete version, they have the beta.",2025-10-13 21:10:42,2025-10-13 21:10:50,236
5132,GrandTheftAuto(GTA),Negative,"Guys, well'm off to tell it the RUMOUR of Grand Master movie VI being released incompletely. I am totally against that because if they need to release an incomplete version, they have the beta.",2025-10-13 21:10:42,2025-10-13 21:10:50,193
5133,GrandTheftAuto(GTA),Positive,Woah.,2025-10-13 21:10:42,2025-10-13 21:10:50,5
5133,GrandTheftAuto(GTA),Positive,Woah.,2025-10-13 21:10:42,2025-10-13 21:10:50,5
5133,GrandTheftAuto(GTA),Positive,Woah.,2025-10-13 21:10:42,2025-10-13 21:10:50,5
5133,GrandTheftAuto(GTA),Positive,Woah.,2025-10-13 21:10:42,2025-10-13 21:10:50,5
5133,GrandTheftAuto(GTA),Positive,The Woah.,2025-10-13 21:10:42,2025-10-13 21:10:50,9
5133,GrandTheftAuto(GTA),Positive,the.,2025-10-13 21:10:42,2025-10-13 21:10:50,4
5134,GrandTheftAuto(GTA),Positive,GTA 5 LIVE IN TELUGU | SO MUCH FUN | KRISHNAJO LIVE,2025-10-13 21:10:42,2025-10-13 21:10:50,52
5134,GrandTheftAuto(GTA),Positive,GTA 5 LIVE IN TELUGU | SO MUCH FUN | KRISHNAJO LIVE,2025-10-13 21:10:42,2025-10-13 21:10:50,51
5134,GrandTheftAuto(GTA),Positive,GTA 5 LIVE IN TELUGU SO MUCH FUN KRISHNAJO LIVE,2025-10-13 21:10:42,2025-10-13 21:10:50,47
5134,GrandTheftAuto(GTA),Positive,GTA 5 LIVE IN TELUGU | SO MUCH FUN | CLICK LIVE,2025-10-13 21:10:42,2025-10-13 21:10:50,47
5134,GrandTheftAuto(GTA),Positive,GTA 5 35 LIVE IN TELUGU | TO SO MUCH THE FUN | TO KRISHNAJO 35 LIVE,2025-10-13 21:10:42,2025-10-13 21:10:50,67
5134,GrandTheftAuto(GTA),Positive,<unk> WORLD LIVE IN TELUGU | BE MUCH FUN | BE LIVE,2025-10-13 21:10:42,2025-10-13 21:10:50,50
5135,GrandTheftAuto(GTA),Irrelevant,@G2A_com ur site is trash. Search for GTA V or 5 n no PC games! Why can Google find them but your own site can't!? Off to cdkeys I go.,2025-10-13 21:10:42,2025-10-13 21:10:50,134
5135,GrandTheftAuto(GTA),Irrelevant,@ G2A _ com ur site is trash. Search for GTA V or 5 n no PC games! Why can Google find them but your own site can't!? Go to cdkeys I go.,2025-10-13 21:10:42,2025-10-13 21:10:50,136
5135,GrandTheftAuto(GTA),Irrelevant,@ G2A _ com ur site is trash. Search for GTA V or 5 n no PC games! Why can Google find them but your own site can't!? Off to cdkeys I go.,2025-10-13 21:10:42,2025-10-13 21:10:50,137
5135,GrandTheftAuto(GTA),Irrelevant,@G2A_com ur content is trash. Search for GTA V or 5 n no PC games! Why can Google provide them but your own site can't!? Over to cdkeys I go.,2025-10-13 21:10:42,2025-10-13 21:10:50,141
5135,GrandTheftAuto(GTA),Irrelevant,@G2A_com ur it site is trash. Search for a GTA V or 5 v n no PC games! and Why everyone can Google and find so them but your own site can't!? 2 Off direct to cdkeys I go.,2025-10-13 21:10:42,2025-10-13 21:10:50,170
5135,GrandTheftAuto(GTA),Irrelevant,@G2A_com ur site is trash. Search against them V G 5 n 7 PC<unk>! Why can Google find them but your own site can't!? Off to cdkeys<unk> go.,2025-10-13 21:10:42,2025-10-13 21:10:50,139
5136,GrandTheftAuto(GTA),Neutral,This man is in pain,2025-10-13 21:10:42,2025-10-13 21:10:50,19
5136,GrandTheftAuto(GTA),Neutral,This man is in pain,2025-10-13 21:10:42,2025-10-13 21:10:50,19
5136,GrandTheftAuto(GTA),Neutral,This man is in pain,2025-10-13 21:10:42,2025-10-13 21:10:50,19
5136,GrandTheftAuto(GTA),Neutral,This man is inflicting pain,2025-10-13 21:10:42,2025-10-13 21:10:50,27
5136,GrandTheftAuto(GTA),Neutral,This poor man is in pain,2025-10-13 21:10:42,2025-10-13 21:10:50,24
5136,GrandTheftAuto(GTA),Neutral,the man is in pain,2025-10-13 21:10:42,2025-10-13 21:10:50,18
5137,GrandTheftAuto(GTA),Negative,And no remastered version for xbox one x disgusting,2025-10-13 21:10:42,2025-10-13 21:10:50,51
5137,GrandTheftAuto(GTA),Negative,And no revamped version for xbox one x disgusting,2025-10-13 21:10:42,2025-10-13 21:10:50,49
5137,GrandTheftAuto(GTA),Negative,And no version for xbox is repulsive,2025-10-13 21:10:42,2025-10-13 21:10:50,36
5137,GrandTheftAuto(GTA),Negative,And no remastered version for xbox and x disgusting,2025-10-13 21:10:42,2025-10-13 21:10:50,51
5137,GrandTheftAuto(GTA),Negative,And no further remastered CD version for xbox one x disgusting,2025-10-13 21:10:42,2025-10-13 21:10:50,62
5137,GrandTheftAuto(GTA),Negative,And no remastered version for xbox one x 4,2025-10-13 21:10:42,2025-10-13 21:10:50,42
5138,GrandTheftAuto(GTA),Negative,"Aswr the bastard can’t shoot the targets, even when I drive five",2025-10-13 21:10:42,2025-10-13 21:10:50,64
5138,GrandTheftAuto(GTA),Negative,"Aswr the bastard can't shoot the targets, even when I drive five",2025-10-13 21:10:42,2025-10-13 21:10:50,64
5138,GrandTheftAuto(GTA),Negative,Making sure I can't shoot at targets even when I carry five,2025-10-13 21:10:42,2025-10-13 21:10:50,59
5138,GrandTheftAuto(GTA),Negative,"Aswr the bastard can’t see the targets, even when I drive five",2025-10-13 21:10:42,2025-10-13 21:10:50,62
5138,GrandTheftAuto(GTA),Negative,"I Aswr the bastard can ’ a t shoot off the targets, even when I drive five",2025-10-13 21:10:42,2025-10-13 21:10:50,74
5138,GrandTheftAuto(GTA),Negative,"Aswr<unk> bastard can’t shoot set targets, even when I drive five",2025-10-13 21:10:42,2025-10-13 21:10:50,65
5139,GrandTheftAuto(GTA),Neutral,youtube.com/watch?v=rBrx9D… - New GTA 5 Content - if you like discovering new business tactics and strategies ! Click the Link and Like the Video! Much Love and Thank You guys! 100,2025-10-13 21:10:42,2025-10-13 21:10:50,180
5139,GrandTheftAuto(GTA),Neutral,youtube.com / watch? v = rBrx9D... - New GTA 5 content - if you want to discover new business tactics and strategies! Click the link and click on the video! Much love and thank you guys! 100,2025-10-13 21:10:42,2025-10-13 21:10:50,190
5139,GrandTheftAuto(GTA),Neutral,youtube.com / watch? v = rBrx9D... - New GTA 5 Content - if you like discovering new business tactics and strategy! Click the Link and Like the Video! Much Love and Thank You guys! 100,2025-10-13 21:10:42,2025-10-13 21:10:50,184
5139,GrandTheftAuto(GTA),Neutral,youtube.com/watch?v=rBrx9D… - New GTA 5 Content - do you like discovering new business tactics and innovations! Follow the Link > Like the Video! Much Love and Thank You guys! 100,2025-10-13 21:10:42,2025-10-13 21:10:50,179
5139,GrandTheftAuto(GTA),Neutral,youtube. com / watch? v = rBrx9D … - New GTA Line 5 Top Content - if you felt like discovering any new business tactics and strategies! Click for the Link and Select Like the Video! Much I Love More and Thank You my guys! Book 100,2025-10-13 21:10:42,2025-10-13 21:10:50,230
5139,GrandTheftAuto(GTA),Neutral,<unk>.com/watch?v=rBrx9D... - New GTA 5 Movie - Have you like some new business tactics and strategies! Click the Link and Like the Video! Much Love and Hope<unk> guys!<unk>,2025-10-13 21:10:42,2025-10-13 21:10:50,173
5140,GrandTheftAuto(GTA),Neutral,"Yo we live!. . 9 hour GTA stream, stealing cars for now and heisting later when the whole gang is on.... .  . . [twitch.tv/124tv]. [twitch.tv/124tv]. [twitch.tv/124tv] https://t.co/NHn0nhIual",2025-10-13 21:10:42,2025-10-13 21:10:50,191
5140,GrandTheftAuto(GTA),Neutral,"Yo we live!.. 9 hours GTA stream, first steal cars and later get married when the whole gang is turned on....... [twitch.tv / 124tv]. [twitch.tv / 124tv]. [twitch.tv / 124tv] https: / / t.co / NHn0nhIual",2025-10-13 21:10:42,2025-10-13 21:10:50,203
5140,GrandTheftAuto(GTA),Neutral,"Yo we live!.. 9 hour GTA stream, theft of cars now and theft later, when the whole gang is on................",2025-10-13 21:10:42,2025-10-13 21:10:50,109
5140,GrandTheftAuto(GTA),Neutral,"Yo we live!. . 9 hour GTA stream, stealing cars for now and heisting later when the whole gang is on.... .  . . [twitch.tv/124tv]. [twitch.tv/124tv]. [twitch.tv/124tv] RhttpR]",2025-10-13 21:10:42,2025-10-13 21:10:50,175
5140,GrandTheftAuto(GTA),Neutral,"at Yo we live!. . 9 hour GTA stream, stealing cars for now and heisting later when the whole gang is on.... .  . . [twitch.tv/124tv]. [twitch.tv/124tv]. [twitch.tv/124tv] RhttpR]",2025-10-13 21:10:42,2025-10-13 21:10:50,178
5140,GrandTheftAuto(GTA),Neutral,to,2025-10-13 21:10:42,2025-10-13 21:10:50,2
5141,GrandTheftAuto(GTA),Irrelevant,momon🥺.,2025-10-13 21:10:42,2025-10-13 21:10:50,8
5141,GrandTheftAuto(GTA),Irrelevant,Momon.,2025-10-13 21:10:42,2025-10-13 21:10:50,6
5141,GrandTheftAuto(GTA),Irrelevant,Momon.,2025-10-13 21:10:42,2025-10-13 21:10:50,6
5141,GrandTheftAuto(GTA),Irrelevant,momon🥺.,2025-10-13 21:10:42,2025-10-13 21:10:50,7
5141,GrandTheftAuto(GTA),Irrelevant,1992 [UNK].,2025-10-13 21:10:42,2025-10-13 21:10:50,11
5141,GrandTheftAuto(GTA),Irrelevant,4.,2025-10-13 21:10:42,2025-10-13 21:10:50,2
5143,GrandTheftAuto(GTA),Positive,Shit be mad fun .,2025-10-13 21:10:42,2025-10-13 21:10:50,18
5143,GrandTheftAuto(GTA),Positive,"Shit, crazy fun.",2025-10-13 21:10:42,2025-10-13 21:10:50,16
5143,GrandTheftAuto(GTA),Positive,Shit must be crazy entertainment.,2025-10-13 21:10:42,2025-10-13 21:10:50,33
5143,GrandTheftAuto(GTA),Positive,Shit be mad r.,2025-10-13 21:10:42,2025-10-13 21:10:50,14
5143,GrandTheftAuto(GTA),Positive,Shit will be mad fun.,2025-10-13 21:10:42,2025-10-13 21:10:50,21
5143,GrandTheftAuto(GTA),Positive,Shit be mad loud.,2025-10-13 21:10:42,2025-10-13 21:10:50,17
5144,GrandTheftAuto(GTA),Negative,This is fucked up cause it’s true. .,2025-10-13 21:10:42,2025-10-13 21:10:50,37
5144,GrandTheftAuto(GTA),Negative,"That's a damn thing, because it's true.",2025-10-13 21:10:42,2025-10-13 21:10:50,39
5144,GrandTheftAuto(GTA),Negative,It's fucking because it's true...,2025-10-13 21:10:42,2025-10-13 21:10:50,33
5144,GrandTheftAuto(GTA),Negative,This is fucked up cause be true..,2025-10-13 21:10:42,2025-10-13 21:10:50,33
5144,GrandTheftAuto(GTA),Negative,This is really fucked shit up cause it ’ s true..,2025-10-13 21:10:42,2025-10-13 21:10:50,49
5144,GrandTheftAuto(GTA),Negative,This is backing up cause it’s true..,2025-10-13 21:10:42,2025-10-13 21:10:50,36
5145,GrandTheftAuto(GTA),Neutral,"I don't mind waiting for GTA 6 if it means no crunch for the developers, but the way they talking they gon release some bullshit and then DLC us to death. do not want.",2025-10-13 21:10:42,2025-10-13 21:10:50,167
5145,GrandTheftAuto(GTA),Neutral,"I don't mind waiting for GTA 6 if it doesn't mean a crunch for the developers, but the way they talk, they let go of a bit of bullshit and then want to send us to our deaths.",2025-10-13 21:10:42,2025-10-13 21:10:50,174
5145,GrandTheftAuto(GTA),Neutral,"I don't mind waiting for GTA 6 if it means no crunch for developers, but the way they say they can release some bullish shit and then DLC us to death. don't want to.",2025-10-13 21:10:42,2025-10-13 21:10:50,165
5145,GrandTheftAuto(GTA),Neutral,"I don't mind voting for GTA 6 if it means no crunch for these kids, but the way they talking they gon release some bullshit and then DLC us to death. do not want.",2025-10-13 21:10:42,2025-10-13 21:10:50,162
5145,GrandTheftAuto(GTA),Neutral,"I don't ever mind... waiting for GTA 6 if it means no crunch for the top developers, but the way they talking thing they gon a release some bullshit and it then DLC let us bleed to death. don't want.",2025-10-13 21:10:42,2025-10-13 21:10:50,199
5145,GrandTheftAuto(GTA),Neutral,"I don't advocate waiting for Phase 6 if it means no repercussions for the developers, but the way they talking they gon release some bullshit that then DLC players to death. do you want.",2025-10-13 21:10:42,2025-10-13 21:10:50,186
5146,GrandTheftAuto(GTA),Irrelevant,Best Gaming Pc Build Under 50K | Pubg 80FPS & GTA 5 70 FPS youtu.be/dEK-3Fjls_E via @YouTube,2025-10-13 21:10:42,2025-10-13 21:10:50,92
5146,GrandTheftAuto(GTA),Irrelevant,Best Gaming Pc Build Under 50K | Pubg 80FPS & GTA 5 70 FPS youtu.be / dEK-3Fjls _ E via @ YouTube,2025-10-13 21:10:42,2025-10-13 21:10:50,97
5146,GrandTheftAuto(GTA),Irrelevant,Best Gaming Pc Build Under 50K Pubg 80FPS & GTA 5 70 FPS youtu.be / deK-3Fjls _ E via @ YouTube,2025-10-13 21:10:42,2025-10-13 21:10:50,95
5146,GrandTheftAuto(GTA),Irrelevant,Best Gaming Shooter Build Under 50K includes Halo 80FPS & GTA 5 70 FPS youtu.be/dEK-3Fjls_E via @YouTube,2025-10-13 21:10:42,2025-10-13 21:10:50,104
5146,GrandTheftAuto(GTA),Irrelevant,Best In Gaming Pc Build Under 50K | Mac Pubg 4 80FPS & GTA Plus 5 70 FPS for youtu. be / dEK - E 3Fjls _ E to via The @YouTube,2025-10-13 21:10:42,2025-10-13 21:10:50,126
5146,GrandTheftAuto(GTA),Irrelevant,Best Gaming System Build Under 10 | USB 80FPS 97 GTA 80 70 2 youtu.be/dEK-3Fjls_E via @YouTube,2025-10-13 21:10:42,2025-10-13 21:10:50,94
5147,GrandTheftAuto(GTA),Neutral,"K/D doesn't mean shit on GTA Online unless you're a TDM player. All K/D says in freemode is that you blow yourself up before the other player can kill you.. or you're in a jet/vehicle farming kills. If you do that in a TDM, it counts towards your K/D thus lowering it .",2025-10-13 21:10:42,2025-10-13 21:10:50,270
5147,GrandTheftAuto(GTA),Neutral,"K / D doesn't mean shit on GTA Online, unless you're a TDM player. All K / D says in Freemode is that you blow yourself up before the other player can kill you.. or you're in a jet / vehicle that kills in agriculture.",2025-10-13 21:10:42,2025-10-13 21:10:50,217
5147,GrandTheftAuto(GTA),Neutral,"K / D does not mean shit on GTA Online unless you are a TB player. All K / D says in free mode is that you blow yourself up before another player can kill you.. or you are in a killer farmer's plane / car. If you do it in TB, it counts towards your K / D, thus robbing it.",2025-10-13 21:10:42,2025-10-13 21:10:50,272
5147,GrandTheftAuto(GTA),Neutral,"K/D doesn't mean shit on GTA Online unless you're a DPS player. All Q/D says in freemode is that you blow yourself up before the other player can kill your or engage in a jet/vehicle farming kills. If you do that in any TDM, it counts towards your C/D thus lowering it<unk>",2025-10-13 21:10:42,2025-10-13 21:10:50,273
5147,GrandTheftAuto(GTA),Neutral,"K / D actually doesn't mean shit on GTA Sports Online unless you're a TDM level player. Also All K / D says in my freemode is that you blow yourself up before the very other player can kill you.. or you're in on a jet / vehicle farming for kills. If you do that in a TDM, double it counts towards your K / D thus lowering or it.",2025-10-13 21:10:42,2025-10-13 21:10:50,328
5147,GrandTheftAuto(GTA),Neutral,"because/D doesn't mean shit on GTA Online where you're a die player. The K/D says about freemode is that you blow yourself up before the other player can kill you.. or you're on only jet/vehicle farming kills. Once you do that in a TDM, it goes towards decreasing K/D thus lowering it.",2025-10-13 21:10:42,2025-10-13 21:10:50,285
5148,GrandTheftAuto(GTA),Irrelevant,"Toronto is now up to 55 Homicides on the year after 1 Recently, (47 Males, & 8 Females now). 🤔. . Toronto City Population: 3.1 Million - 55 Homicides. Suburbs Population: 4.1 Million - 20 Homicides. GTA Population 7.2 Million - 75 Homicides total YTD! -> homicidecanada.com/toronto-2020-h…",2025-10-13 21:10:42,2025-10-13 21:10:50,289
5148,GrandTheftAuto(GTA),Irrelevant,Toronto is now at 55 murders compared to last year (47 men and 8 women)... Toronto City population: 3.1 million - 55 murders. Suburban population: 4.1 million - 20 murders. GTA population 7.2 million - 75 murders total YTD! - > homicidecanada.com / toronto-2020-h...,2025-10-13 21:10:42,2025-10-13 21:10:50,266
5148,GrandTheftAuto(GTA),Irrelevant,"Toronto is now up to 55 Homicides on the year after 1 Recently, (47 Males, & 8 Females now). Banco... Toronto City Population: 3.1 million - 55 Homicides. Suburbs Population: 4.1 million - 20 Homicides. GTA Population 7.2 million - 75 Homicides total YTD! - > homicidecanada.com / toronto-2020-h...",2025-10-13 21:10:42,2025-10-13 21:10:50,298
5148,GrandTheftAuto(GTA),Irrelevant,"Toronto is experiencing up to 55 Homicides on every year after 1 Recently, (47 Males, & 8 Females now). etc.. GTA City Population: 3.1 People - 55 Homicides. Suburbs UK: 4.1 Million & 20 Homicides. GTA Population 7.2 Million - 75 Homicides total YTD! at homicidecanada.com/toronto-2020-h…",2025-10-13 21:10:42,2025-10-13 21:10:50,288
5148,GrandTheftAuto(GTA),Irrelevant,"Toronto is now up to 55 Homicides on vote the year after 1 Recently, ( 47 Males, & 8 Females now ). City [UNK].. Toronto City Population : 3. 6 1 Million - 55 Homicides. Suburbs Population : 4. 1 One Million - 20 Homicides. Municipal GTA Population 7. 2 Million - 75 Homicides by total per YTD! - > homicidecanada. com / in toronto - Day 2020 - · h …",2025-10-13 21:10:42,2025-10-13 21:10:50,350
5148,GrandTheftAuto(GTA),Irrelevant,"Toronto is now subject to 55 Homicides on the year after December Recently, (47 Males, & 8 Females 2011). <unk>.. NY State Population: 3.1 Million - 24 Death. Suburbs Population: 4.1 Million - 22 murders. GTA TO 7.2 Million - 75 Homicides total YTD! -> homicidecanada.com/toronto-2020-h...",2025-10-13 21:10:42,2025-10-13 21:10:50,289
5149,GrandTheftAuto(GTA),Neutral,Mori.,2025-10-13 21:10:42,2025-10-13 21:10:50,6
5149,GrandTheftAuto(GTA),Neutral,Mori.,2025-10-13 21:10:42,2025-10-13 21:10:50,5
5149,GrandTheftAuto(GTA),Neutral,Mori.,2025-10-13 21:10:42,2025-10-13 21:10:50,5
5149,GrandTheftAuto(GTA),Neutral,Mori.,2025-10-13 21:10:42,2025-10-13 21:10:50,5
5149,GrandTheftAuto(GTA),Neutral,Gabriel Mori.,2025-10-13 21:10:42,2025-10-13 21:10:50,13
5149,GrandTheftAuto(GTA),Neutral,5.,2025-10-13 21:10:42,2025-10-13 21:10:50,2
5150,GrandTheftAuto(GTA),Negative,For real I hated those stupid cops..,2025-10-13 21:10:42,2025-10-13 21:10:50,37
5150,GrandTheftAuto(GTA),Negative,"In fact, I hated those stupid cops.",2025-10-13 21:10:42,2025-10-13 21:10:50,35
5150,GrandTheftAuto(GTA),Negative,I really hate these stupid cops.,2025-10-13 21:10:42,2025-10-13 21:10:50,32
5150,GrandTheftAuto(GTA),Negative,For real I trust those stupid cops..,2025-10-13 21:10:42,2025-10-13 21:10:50,36
5150,GrandTheftAuto(GTA),Negative,For real I have hated those stupid cops..,2025-10-13 21:10:42,2025-10-13 21:10:50,41
5150,GrandTheftAuto(GTA),Negative,For real I blame those stupid cops..,2025-10-13 21:10:42,2025-10-13 21:10:50,36
5151,GrandTheftAuto(GTA),Neutral,GTA Online update for June/July timeframe will be cops and robbers- book it,2025-10-13 21:10:42,2025-10-13 21:10:50,75
5151,GrandTheftAuto(GTA),Neutral,GTA online update for June / July timeframe will be cops and robbery- book it,2025-10-13 21:10:42,2025-10-13 21:10:50,77
5151,GrandTheftAuto(GTA),Neutral,GTA Online Update for June / July Timeframe Will Cops and Robbers Book It,2025-10-13 21:10:42,2025-10-13 21:10:50,73
5151,GrandTheftAuto(GTA),Neutral,GTA Online update for June/July timeframe will be cops and fast- book it,2025-10-13 21:10:42,2025-10-13 21:10:50,72
5151,GrandTheftAuto(GTA),Neutral,GTA edition Online update for June / July timeframe will to be cops and robbers - a book for it,2025-10-13 21:10:42,2025-10-13 21:10:50,95
5151,GrandTheftAuto(GTA),Neutral,GTA Online update for 4/July timeframe should be cops and robbers- book it,2025-10-13 21:10:42,2025-10-13 21:10:50,74
5152,GrandTheftAuto(GTA),Positive,"Holy shit , i cant even play COD with this shit , literally only game i can play is GTA.  Time to become a GTA pro player",2025-10-13 21:10:42,2025-10-13 21:10:50,121
5152,GrandTheftAuto(GTA),Positive,"Holy shit, I can't even play COD with this shit, literally the only game I can play is GTA. Time to become a GTA pro.",2025-10-13 21:10:42,2025-10-13 21:10:50,117
5152,GrandTheftAuto(GTA),Positive,"Holy shit, i cant even play COD with this shit, literally only game i can play is GTA. Time to become a GTA pro player",2025-10-13 21:10:42,2025-10-13 21:10:50,118
5152,GrandTheftAuto(GTA),Positive,"Holy shit, i cant even get COD on this shit, literally only game i can play is GTA.  Time to become a GTA 4 player",2025-10-13 21:10:42,2025-10-13 21:10:50,114
5152,GrandTheftAuto(GTA),Positive,"Holy shit, totally i totally cant even play COD with this weird shit, and literally only game i can really play is GTA. Time to become officially a GTA pro player",2025-10-13 21:10:42,2025-10-13 21:10:50,162
5152,GrandTheftAuto(GTA),Positive,"no shit, i cant even play COD with this dude, the only thing i can play is GTA. Time to become a GTA pro like",2025-10-13 21:10:42,2025-10-13 21:10:50,109
5153,GrandTheftAuto(GTA),Irrelevant,ok this as actually a good thread on it and not like that other tweet that went if “u got upset at something a character does and u punch a hole in the wall thats fiction affecting reality”,2025-10-13 21:10:42,2025-10-13 21:10:50,189
5153,GrandTheftAuto(GTA),Irrelevant,"OK, that's actually a good thread and not like the other tweet that ran when \"you get upset about something a character does and you punch a hole in the wall, that's fiction that affects reality.\"",2025-10-13 21:10:42,2025-10-13 21:10:50,196
5153,GrandTheftAuto(GTA),Irrelevant,"It's good it's like a really good threesome on it, not like that other tweet that went if \"u got upset about something a character does and u punched a hole in the wall that is fiction affecting reality\"",2025-10-13 21:10:42,2025-10-13 21:10:50,203
5153,GrandTheftAuto(GTA),Irrelevant,ok this as actually a Pastebin thread on it and sounds like that other tweet that went if “u got upset at something a character does and you punch a hole in the wall thats fiction your reality”,2025-10-13 21:10:42,2025-10-13 21:10:50,193
5153,GrandTheftAuto(GTA),Irrelevant,Ok ok this as actually a good thread on it and better not like that other YouTube tweet that went if “ u got upset at something in a character not does and u can punch a hole in the wall thats pure fiction affecting my reality ”,2025-10-13 21:10:42,2025-10-13 21:10:50,228
5153,GrandTheftAuto(GTA),Irrelevant,ok this as actually a good thread on feelings and not like that other tweet that read if “u got upset at how a character created and u stuck a hole in the box thats fiction affecting reality”,2025-10-13 21:10:42,2025-10-13 21:10:50,191
5154,GrandTheftAuto(GTA),Neutral,I thought dis nigga meant in her ass .,2025-10-13 21:10:42,2025-10-13 21:10:50,39
5154,GrandTheftAuto(GTA),Neutral,I thought it was nigga in her ass.,2025-10-13 21:10:42,2025-10-13 21:10:50,34
5154,GrandTheftAuto(GTA),Neutral,I thought what dis nigga means in her ass.,2025-10-13 21:10:42,2025-10-13 21:10:50,42
5154,GrandTheftAuto(GTA),Neutral,"I thought dis nigga meant in her ass.\"",2025-10-13 21:10:42,2025-10-13 21:10:50,38
5154,GrandTheftAuto(GTA),Neutral,I thought dis nigga she meant in it her ass.,2025-10-13 21:10:43,2025-10-13 21:10:50,44
5154,GrandTheftAuto(GTA),Neutral,not thought dis nigga meant in her ass.,2025-10-13 21:10:43,2025-10-13 21:10:50,39
5155,GrandTheftAuto(GTA),Irrelevant,Wake up to @theestallion  playing on my GTA! Happy Sunday Funday! .,2025-10-13 21:10:43,2025-10-13 21:10:50,68
5155,GrandTheftAuto(GTA),Irrelevant,Wake up to @ theestallion playing on my GTA! Happy Sunday Funday!.,2025-10-13 21:10:43,2025-10-13 21:10:50,66
5155,GrandTheftAuto(GTA),Irrelevant,Wake up to @ theeston playing on my GTA! Happy Sunday Funday!.,2025-10-13 21:10:43,2025-10-13 21:10:50,62
5155,GrandTheftAuto(GTA),Irrelevant,Wake up to @theestallion <unk> on my GTA! Happy Sunday Funday!.,2025-10-13 21:10:43,2025-10-13 21:10:50,63
5155,GrandTheftAuto(GTA),Irrelevant,Wake up listening to @theestallion playing TV on my GTA! And Happy Sunday Funday!.,2025-10-13 21:10:43,2025-10-13 21:10:50,82
5155,GrandTheftAuto(GTA),Irrelevant,Wake up to @theestallion message on my phone! Happy Sunday<unk>!.,2025-10-13 21:10:43,2025-10-13 21:10:50,65
5156,GrandTheftAuto(GTA),Negative,Wtf is going onnnnn .,2025-10-13 21:10:43,2025-10-13 21:10:50,22
5156,GrandTheftAuto(GTA),Negative,Wtf will onnnnn.,2025-10-13 21:10:43,2025-10-13 21:10:50,16
5156,GrandTheftAuto(GTA),Negative,Wtf is going to go public.,2025-10-13 21:10:43,2025-10-13 21:10:50,26
5156,GrandTheftAuto(GTA),Negative,Wtf is going onnnnn<unk>,2025-10-13 21:10:43,2025-10-13 21:10:50,24
5156,GrandTheftAuto(GTA),Negative,Wtf everything is going onnnnn.,2025-10-13 21:10:43,2025-10-13 21:10:50,31
5156,GrandTheftAuto(GTA),Negative,hell is going onnnnn.,2025-10-13 21:10:43,2025-10-13 21:10:50,21
5157,GrandTheftAuto(GTA),Negative,"I liked GTA ok til I went to pet a cute cat and the character stomped it to death instead .  I didn’t mean to kill you, mr. fluffykins.",2025-10-13 21:10:43,2025-10-13 21:10:50,135
5157,GrandTheftAuto(GTA),Negative,I liked GTA ok until I stroked a cute cat and the character stomped her to death instead.,2025-10-13 21:10:43,2025-10-13 21:10:50,89
5157,GrandTheftAuto(GTA),Negative,I liked GTA until I went to stroke the cute cat and the character trampled her to death instead.,2025-10-13 21:10:43,2025-10-13 21:10:50,96
5157,GrandTheftAuto(GTA),Negative,"I liked GTA ok til I went to pet a cute wolf when the character stomped it to death instead.  I didn’t need to kill you, mr. fluffykins.",2025-10-13 21:10:43,2025-10-13 21:10:50,136
5157,GrandTheftAuto(GTA),Negative,"I even liked GTA ok good til I went to pet me a cute cat and the character stomped it to death instead. I didn ’ if t mean just to kill poor you, mr. just fluffykins.",2025-10-13 21:10:43,2025-10-13 21:10:50,166
5157,GrandTheftAuto(GTA),Negative,"kids liked GTA ok til I went to pet a cute cat and the girls choked her to death instead. I didn’t mean to attack you, mr. but.",2025-10-13 21:10:43,2025-10-13 21:10:50,127
5158,GrandTheftAuto(GTA),Negative,how come there is literally nothing cute in gta online no cute cars no cute clothing no cute anything they dont even have matte pink for the car color they only have a gross pink,2025-10-13 21:10:43,2025-10-13 21:10:50,178
5158,GrandTheftAuto(GTA),Negative,"How is it that there is literally nothing cute in gta online, no cute cars, no cute clothes, nothing they don't even have matte pink for the car paint they only have gross pink?",2025-10-13 21:10:43,2025-10-13 21:10:50,177
5158,GrandTheftAuto(GTA),Negative,how to come there is literally nothing cute in GTA online no cute cars no cute clothes no cute anything they don't even have matte pink car color they only have gross pink,2025-10-13 21:10:43,2025-10-13 21:10:50,171
5158,GrandTheftAuto(GTA),Negative,how come there is literally nothing cute in gta it no cute cars no cute clothing no cute anything they dont even have matte pink its the car color they basically have a gross pink,2025-10-13 21:10:43,2025-10-13 21:10:50,179
5158,GrandTheftAuto(GTA),Negative,how to come there is literally nothing cute only in gta online no cute cars no cute clothing no cute anything they dont even have matte black pink for the car color and they do only have being a near gross pink,2025-10-13 21:10:43,2025-10-13 21:10:50,210
5158,GrandTheftAuto(GTA),Negative,how come there is literally nothing cute in gta online no cute cars zero cute clothing no cute everything they dont even have matte pink for the skin color instead only use a gross pink,2025-10-13 21:10:43,2025-10-13 21:10:50,185
5159,GrandTheftAuto(GTA),Positive,Wow and I just sold 15 crates last night .,2025-10-13 21:10:43,2025-10-13 21:10:50,43
5159,GrandTheftAuto(GTA),Positive,Wow and I only sold 15 boxes last night.,2025-10-13 21:10:43,2025-10-13 21:10:50,40
5159,GrandTheftAuto(GTA),Positive,Wow and I just sold 15 boxes last night.,2025-10-13 21:10:43,2025-10-13 21:10:50,40
5159,GrandTheftAuto(GTA),Positive,Wow and I just sold four crates last night.,2025-10-13 21:10:43,2025-10-13 21:10:50,43
5159,GrandTheftAuto(GTA),Positive,Wow and I just sold 15 crates out last Wednesday night.,2025-10-13 21:10:43,2025-10-13 21:10:50,55
5159,GrandTheftAuto(GTA),Positive,Wow and I just sold 15 crates every night.,2025-10-13 21:10:43,2025-10-13 21:10:50,42
5160,GrandTheftAuto(GTA),Negative,@RockstarGames I am done with your game GTA 5 you have just stolen another 2 cars from me first it was my progen pr4 now it’s my Komoda and my sultan classic day am done you either return all 3 of my cars or i will uninstalling your game,2025-10-13 21:10:43,2025-10-13 21:10:50,237
5160,GrandTheftAuto(GTA),Negative,@ RockstarGames I am finished with your game GTA 5 you just stole another 2 cars from me first it was my progen pr4 now it is my komoda and my sultan classic day I am finished you either all 3 of my cars or I will uninstall your game,2025-10-13 21:10:43,2025-10-13 21:10:50,233
5160,GrandTheftAuto(GTA),Negative,@ RockstarGames I finished with your GTA 5 game you just stole 2 more cars from me first it was my progen pr4 now it's my Komoda and my sultan classic day is over you will either return all 3 of my cars or I will delete your game,2025-10-13 21:10:43,2025-10-13 21:10:50,229
5160,GrandTheftAuto(GTA),Negative,@RockstarGames I am disgusted with your game GTA 5 you have just released another 2 cars with me first there was my progen pr4 now it’s my Komoda and my Mercedes classic day am done you either return all 3 of my cars or i will uninstalling yr game,2025-10-13 21:10:43,2025-10-13 21:10:50,247
5160,GrandTheftAuto(GTA),Negative,Dear @RockstarGames I am done with your game now GTA GT 5 and you have already just stolen another 2 cars from me At first or it he was you my progen pr4 1 now it ’ s my Komoda and my sultan classic day am done you either return all 3 of my cars or i will uninstalling your game,2025-10-13 21:10:43,2025-10-13 21:10:50,278
5160,GrandTheftAuto(GTA),Negative,say I am done destroying your new GTA 5 you have just stolen another 2 cars from my says it was my progen a now is my Komoda and my sultan classic day am done you either return the 3 of my cars or i will fix your game,2025-10-13 21:10:43,2025-10-13 21:10:50,217
5161,GrandTheftAuto(GTA),Negative,@RockstarSupport I keep having connection problems with gta 5 online on the ps4 and it’s not my internet.,2025-10-13 21:10:43,2025-10-13 21:10:50,105
5161,GrandTheftAuto(GTA),Negative,@ RockstarSupport I keep having connection problems with gta 5 online on PS4 and it's not my internet.,2025-10-13 21:10:43,2025-10-13 21:10:50,102
5161,GrandTheftAuto(GTA),Negative,@ RockstarSupport I continue to experience problems connecting to gta 5 online on 4th and it's not my internet.,2025-10-13 21:10:43,2025-10-13 21:10:50,111
5161,GrandTheftAuto(GTA),Negative,@RockstarSupport I keep having connection problems with gta 5 online on the phones and it’s not the internet.,2025-10-13 21:10:43,2025-10-13 21:10:50,109
5161,GrandTheftAuto(GTA),Negative,T @RockstarSupport I keep having connection problems with Google gta 5 online on the ps4 and it ’ u s all not my particular internet.,2025-10-13 21:10:43,2025-10-13 21:10:50,133
5161,GrandTheftAuto(GTA),Negative,@RockstarSupport I AM having connection problems with gta<unk> and on 8 ps4 and it’s not my internet.,2025-10-13 21:10:43,2025-10-13 21:10:50,101
5162,GrandTheftAuto(GTA),Irrelevant,"Across the GTA- single-family homes are turning into multi-suite properties, and there are more benefits than you’d think! Learn about how this could benefit you.. . . issuu.com/homespublishin… https://t.co/IxIOwdKBiP",2025-10-13 21:10:43,2025-10-13 21:10:50,217
5162,GrandTheftAuto(GTA),Irrelevant,"Across the GTA, single-family homes are turning into apartment buildings, and there are more benefits than you think! Find out how you could benefit... issuu.com / homespublishin... https: / / t.co / IxIOwdKBiP",2025-10-13 21:10:43,2025-10-13 21:10:50,210
5162,GrandTheftAuto(GTA),Irrelevant,"Around the world, single-family homes are turning into apartment buildings, and the benefits are greater than you might think! About how it could benefit you.... issuu.com / homespublishin...",2025-10-13 21:10:43,2025-10-13 21:10:50,191
5162,GrandTheftAuto(GTA),Irrelevant,"Across the GTA- single-family homes constantly turning into multi-suite properties, where there not more options as you’d think! Learn about how this could benefit you.... issuu.com/homespublishin… https://t.co/IxIOwdKBiP]",2025-10-13 21:10:43,2025-10-13 21:10:50,222
5162,GrandTheftAuto(GTA),Irrelevant,"Across the world GTA - single - item family homes are turning down into multi - suite style properties, and there are more available benefits than you ’ you d think! First Learn something about how this could benefit you.... issuu. del com / homespublishin v … https://t.co/IxIOwdKBiP ]",2025-10-13 21:10:43,2025-10-13 21:10:50,286
5162,GrandTheftAuto(GTA),Irrelevant,"throughout the State- single-family developments are developing into full-suite properties, so there are more common as you’d think! Learn about how this could benefit you.... your.com/homespublishin... https://t.co/IxIOwdKBiP]",2025-10-13 21:10:43,2025-10-13 21:10:50,227
5163,GrandTheftAuto(GTA),Irrelevant,"Just saw the brilliant production \"The Negroes are Coming\" directed by @Pieceofminearts at @beyondwallsTPM. Unapologetic and artistic expressions of Blackness in a Canadian/GTA context and pointed critiques of whiteness and \"diversity\" work. Check it out!. passemuraille.ca/19-20-season-s…",2025-10-13 21:10:43,2025-10-13 21:10:50,289
5163,GrandTheftAuto(GTA),Irrelevant,"Just saw the brilliant production \"The Negroes are Coming,\" directed by @ Pieceofminearts at @ beyondwallsTPM. Inexcusable and artistic expression of Blackness in the Canadian / GTA context and sharp criticism of the work of Whiteness and Diversity. Try it!. passemuraille.ca / 19-20-season-s...",2025-10-13 21:10:43,2025-10-13 21:10:50,295
5163,GrandTheftAuto(GTA),Irrelevant,"Just watched a brilliant production of \"The Blacks Are Coming\" directed by @ beyondwallsTPM. Neapolitan and artistic expressions of blackness in the context of Canada / GTA and pointed out the whiteness and \"diversity\" of the work. Look!. passemuraille.ca / 19-20-season-s...",2025-10-13 21:10:43,2025-10-13 21:10:50,275
5163,GrandTheftAuto(GTA),Irrelevant,"Just saw that brilliant production \"The Police are Coming\" now by @Pieceofminearts at @beyondwallsTPM. critical and artistic expressions of Blackness in this Canadian/GTA context and pointed critiques of whiteness and exploitation\" work. Try it out!. passemuraille.ca/19-20-season-s…",2025-10-13 21:10:43,2025-10-13 21:10:50,283
5163,GrandTheftAuto(GTA),Irrelevant,"I Just saw the quite brilliant production \" The Two Negroes are Coming \" tour directed by @Pieceofminearts at @beyondwallsTPM. Unapologetic cultural and artistic critical expressions of Blackness in a Canadian / GTA context... and with pointed critiques of whiteness and \" diversity \" work. Check it both out!. passemuraille. ca / on 19 - 20 - season - s …",2025-10-13 21:10:43,2025-10-13 21:10:50,356
5163,GrandTheftAuto(GTA),Irrelevant,"Just saw your brilliant short \"The Negroes Next Coming\" from Amy @Pieceofminearts Erin @beyondwallsTPM. sharp and challenging critique of diversity in a Canadian/GTA context and pointed critiques of whiteness and \"diversity\" work. Check it out!. passemuraille.ca/19-20-season-s...",2025-10-13 21:10:43,2025-10-13 21:10:50,280
5164,GrandTheftAuto(GTA),Irrelevant,please bro i lost my account password i cannot open my gmail please give gta 5 details to my new account please                      . eggegeerww2123@gmail.com   bro really plase help me,2025-10-13 21:10:43,2025-10-13 21:10:50,186
5164,GrandTheftAuto(GTA),Irrelevant,please bro I have lost my account password i can not open my gmail please give gta 5 details to my new account please. eggeerww2123 @ gmail.com bro really plase help me,2025-10-13 21:10:43,2025-10-13 21:10:50,168
5164,GrandTheftAuto(GTA),Irrelevant,please bro i lost my account password i cannot open my gmail please give gta 5 details to my new account please.,2025-10-13 21:10:43,2025-10-13 21:10:50,112
5164,GrandTheftAuto(GTA),Irrelevant,please bro i lost my account id / cannot open my gmail please give gta 5 details to my new account contact                     . eggegeerww2123@gmail.com   bro : plase t please,2025-10-13 21:10:43,2025-10-13 21:10:50,176
5164,GrandTheftAuto(GTA),Irrelevant,please bro i actually lost my account password i honestly cannot open my gmail account please we give gta 5 minute details to my one new account please. to eggegeerww2123@gmail. com bro he really it plase help me,2025-10-13 21:10:43,2025-10-13 21:10:50,212
5164,GrandTheftAuto(GTA),Irrelevant,please bro i hate my account password i cannot open my gmail please love gta 5 details to me amazing boyfriend please.<unk>.com bro really plase to me,2025-10-13 21:10:43,2025-10-13 21:10:50,150
5165,GrandTheftAuto(GTA),Positive,Gotta love GTA.... . vm.tiktok.com/JYjkmSb/,2025-10-13 21:10:43,2025-10-13 21:10:50,43
5165,GrandTheftAuto(GTA),Positive,Gotta love GTA..... vm.tiktok.com / JYjkmSb /,2025-10-13 21:10:43,2025-10-13 21:10:50,45
5165,GrandTheftAuto(GTA),Positive,Love GTA..... vm.tok.com / JYjkmSb /,2025-10-13 21:10:43,2025-10-13 21:10:50,36
5165,GrandTheftAuto(GTA),Positive,Gotta love GTA.... – link.tiktok.com/JYjkmSb/,2025-10-13 21:10:43,2025-10-13 21:10:50,45
5165,GrandTheftAuto(GTA),Positive,A Gotta be love for GTA..... at vm. de tiktok. com / JYjkmSb /,2025-10-13 21:10:43,2025-10-13 21:10:50,62
5165,GrandTheftAuto(GTA),Positive,wanna tell people..... See.tiktok.com/JYjkmSb/,2025-10-13 21:10:43,2025-10-13 21:10:50,46
5166,GrandTheftAuto(GTA),Positive,Finally downloaded GTA 5 on my new Xbox One. I forgot how fun it is lol.,2025-10-13 21:10:43,2025-10-13 21:10:50,72
5166,GrandTheftAuto(GTA),Positive,Finally I downloaded GTA 5 on my new Xbox One.,2025-10-13 21:10:43,2025-10-13 21:10:50,46
5166,GrandTheftAuto(GTA),Positive,Finally downloaded GTA 5 on my new Xbox One. I forgot how fun it is lol.,2025-10-13 21:10:43,2025-10-13 21:10:50,72
5166,GrandTheftAuto(GTA),Positive,Finally downloaded GTA 5 onto my new Xbox One. I forgot how fun it is lol.,2025-10-13 21:10:43,2025-10-13 21:10:50,74
5166,GrandTheftAuto(GTA),Positive,4 Finally downloaded GTA 5 apps on my new personal Xbox One. I forgot how had fun it is lol.,2025-10-13 21:10:43,2025-10-13 21:10:50,92
5166,GrandTheftAuto(GTA),Positive,I downloaded GTA 5 on my new Xbox One. I forgot the old it is lol.,2025-10-13 21:10:43,2025-10-13 21:10:50,66
5167,GrandTheftAuto(GTA),Negative,Gtfo .,2025-10-13 21:10:43,2025-10-13 21:10:50,7
5167,GrandTheftAuto(GTA),Negative,nan,2025-10-13 21:10:43,2025-10-13 21:10:50,3
5167,GrandTheftAuto(GTA),Negative,Gtb.,2025-10-13 21:10:43,2025-10-13 21:10:50,4
5167,GrandTheftAuto(GTA),Negative,Gtfo ord,2025-10-13 21:10:43,2025-10-13 21:10:50,8
5167,GrandTheftAuto(GTA),Negative,10 Gtfo.,2025-10-13 21:10:43,2025-10-13 21:10:50,8
5167,GrandTheftAuto(GTA),Negative,<unk>.,2025-10-13 21:10:43,2025-10-13 21:10:50,6
5168,GrandTheftAuto(GTA),Neutral,"*me stealing flying motorcycle in gta*. \"are you new player?\". \"yea, i need money and ur motorbike\". \"where's ur $1M?\". \"idk, i just spend it on my fancy outfits and lot of tatoos\" .",2025-10-13 21:10:43,2025-10-13 21:10:50,183
5168,GrandTheftAuto(GTA),Neutral,"* i steal flying motorcycle in gta *. \"are you a new player?\" \"yes, i need money and our motorcycle.\" \"where's ur $1 million?\" \"idk, i only spend it on my fancy suits and lots of tattoos.\"",2025-10-13 21:10:43,2025-10-13 21:10:50,188
5168,GrandTheftAuto(GTA),Neutral,"* I get stolen by a flying motorcycle in gta *. \"Are you a new player?\" \"It's a shame, I need money and our motorcycle.\" \"Where are our $1 million?\" \"Yes, I just spend it on my fancy dress and a lot of tattoos.\"",2025-10-13 21:10:43,2025-10-13 21:10:50,211
5168,GrandTheftAuto(GTA),Neutral,"*me stealing flying mask & gta*. \"are you new player?\". \"yea, i need money and ur<unk> \"where's ur $1M?\". uh, i just spend it on my fancy suit and lot of tatoos\".",2025-10-13 21:10:43,2025-10-13 21:10:50,162
5168,GrandTheftAuto(GTA),Neutral,"* me stealing flying motorcycle in gta *. \" what are you new player? \". \" yea, if i need money and do ur going motorbike \". \" my where's u ur $ 1M? \". \" idk, and i should just maybe spend it on my fancy outfits and lot 2 of tatoos \".",2025-10-13 21:10:43,2025-10-13 21:10:50,233
5168,GrandTheftAuto(GTA),Neutral,"me stealing their motorcycle from gta*. \"are ye new here?\". \"yea, i need mum fund ur motorbike\". \"where's ur $1M?\". \"idk, i just spend it on an fancy bike and hundreds of tatoos\".",2025-10-13 21:10:43,2025-10-13 21:10:50,179
5169,GrandTheftAuto(GTA),Negative,What type of GTA V bullshit is this pic.twitter.com/uos6hkyP2q,2025-10-13 21:10:43,2025-10-13 21:10:50,62
5169,GrandTheftAuto(GTA),Negative,What a GTA V bullshit this is pic.twitter.com / uos6hkyP2q,2025-10-13 21:10:43,2025-10-13 21:10:50,58
5169,GrandTheftAuto(GTA),Negative,What type of GTA V bullshit this pic.fm / uos6hkyP2q,2025-10-13 21:10:43,2025-10-13 21:10:50,52
5169,GrandTheftAuto(GTA),Negative,What type of GTA V bullshit is this pic.twitter.com/uos6hkyP2q,2025-10-13 21:10:43,2025-10-13 21:10:50,62
5169,GrandTheftAuto(GTA),Negative,In What type of GTA V bullshit is this pic.twitter.com/uos6hkyP2q,2025-10-13 21:10:43,2025-10-13 21:10:50,65
5169,GrandTheftAuto(GTA),Negative,of,2025-10-13 21:10:43,2025-10-13 21:10:50,2
5170,GrandTheftAuto(GTA),Irrelevant,"[Dirty-Gaming] GTA RP !  JJ on Tour, hat eine Villa < 3 twitch.tv/p0werflyyy",2025-10-13 21:10:43,2025-10-13 21:10:50,76
5170,GrandTheftAuto(GTA),Irrelevant,"[Dirty-Gaming] GTA RP! JJ on tour, has a mansion < 3 twitch.tv / p0werflyyyy",2025-10-13 21:10:43,2025-10-13 21:10:50,76
5170,GrandTheftAuto(GTA),Irrelevant,"[Fantasy-Gaming] GTA RP! JJ on Tour, hat-tch.tv / p0xflyyyy",2025-10-13 21:10:43,2025-10-13 21:10:50,59
5170,GrandTheftAuto(GTA),Irrelevant,"[Dirty-Gaming] GTA RP !  JJ on Tour, hat eine Villa < 3 twitch.tv/p0werflyyy",2025-10-13 21:10:43,2025-10-13 21:10:50,76
5170,GrandTheftAuto(GTA),Irrelevant,"The [Dirty-Gaming] GTA RP !  JJ on Tour, hat eine Villa < 3 twitch.tv/p0werflyyy",2025-10-13 21:10:43,2025-10-13 21:10:50,80
5170,GrandTheftAuto(GTA),Irrelevant,as,2025-10-13 21:10:43,2025-10-13 21:10:50,2
5171,GrandTheftAuto(GTA),Positive,I love playing and basically I play gta or football games,2025-10-13 21:10:43,2025-10-13 21:10:50,57
5171,GrandTheftAuto(GTA),Positive,I love to play and basically I play gta or football games,2025-10-13 21:10:43,2025-10-13 21:10:50,57
5171,GrandTheftAuto(GTA),Positive,I love to play and mostly play Gta or soccer.,2025-10-13 21:10:43,2025-10-13 21:10:50,45
5171,GrandTheftAuto(GTA),Positive,I love playing and basically I play gta or video games,2025-10-13 21:10:43,2025-10-13 21:10:50,54
5171,GrandTheftAuto(GTA),Positive,I do love playing and basically do I play gta or football games,2025-10-13 21:10:43,2025-10-13 21:10:50,63
5171,GrandTheftAuto(GTA),Positive,I love playing and basically I play gta or football around,2025-10-13 21:10:43,2025-10-13 21:10:50,58
5172,GrandTheftAuto(GTA),Irrelevant,Had to drive this bitch GTA style cuz I DO NOT have the right license for it pic.twitter.com/qANFtkQSoG,2025-10-13 21:10:43,2025-10-13 21:10:50,103
5172,GrandTheftAuto(GTA),Irrelevant,Had to drive this GTA-style bitch because I don't have the right license pic.twitter.com / qANFtkQSoG,2025-10-13 21:10:43,2025-10-13 21:10:50,101
5172,GrandTheftAuto(GTA),Irrelevant,Had to drive this bitch GTA style cuz I DO NOT have the right license for it pic.facebook.com / qANFtkQSoG,2025-10-13 21:10:43,2025-10-13 21:10:50,106
5172,GrandTheftAuto(GTA),Irrelevant,Had to drive this bitch GTA style cuz I DO NOT have the right license for it pic.twitter.com/qANFtkQSoG,2025-10-13 21:10:43,2025-10-13 21:10:50,103
5172,GrandTheftAuto(GTA),Irrelevant,W Had to drive this bitch GTA style cuz I DO NOT have the right license for it pic.twitter.com/qANFtkQSoG,2025-10-13 21:10:43,2025-10-13 21:10:50,105
5172,GrandTheftAuto(GTA),Irrelevant,an,2025-10-13 21:10:43,2025-10-13 21:10:50,2
5173,GrandTheftAuto(GTA),Irrelevant,Outrageous and unnecessary. White people request .,2025-10-13 21:10:43,2025-10-13 21:10:50,51
5173,GrandTheftAuto(GTA),Irrelevant,Unheard of and unnecessary.,2025-10-13 21:10:43,2025-10-13 21:10:50,27
5173,GrandTheftAuto(GTA),Irrelevant,White people ask.,2025-10-13 21:10:43,2025-10-13 21:10:50,17
5173,GrandTheftAuto(GTA),Irrelevant,Outrageous and shameful. White people request.,2025-10-13 21:10:43,2025-10-13 21:10:50,46
5173,GrandTheftAuto(GTA),Irrelevant,Outrageous and unnecessary. No White dress people request.,2025-10-13 21:10:43,2025-10-13 21:10:50,58
5173,GrandTheftAuto(GTA),Irrelevant,Outrageous and irrational. White people request.,2025-10-13 21:10:43,2025-10-13 21:10:50,48
5174,GrandTheftAuto(GTA),Positive,Daniel made me a car in GTA that’s purple.  its lit,2025-10-13 21:10:43,2025-10-13 21:10:50,51
5174,GrandTheftAuto(GTA),Positive,Daniel made me a car in GTA that is purple.,2025-10-13 21:10:43,2025-10-13 21:10:50,43
5174,GrandTheftAuto(GTA),Positive,"Daniel made me a car in GTA, which is purple.",2025-10-13 21:10:43,2025-10-13 21:10:50,45
5174,GrandTheftAuto(GTA),Positive,Daniel made him a car in GTA that’s purple.  its lit,2025-10-13 21:10:43,2025-10-13 21:10:50,52
5174,GrandTheftAuto(GTA),Positive,Since Daniel made me get a car in GTA that ’ that s purple. its lit,2025-10-13 21:10:43,2025-10-13 21:10:50,67
5174,GrandTheftAuto(GTA),Positive,Daniel gifted me a necklace in GTA that’s purple. its lit,2025-10-13 21:10:43,2025-10-13 21:10:50,57
5175,GrandTheftAuto(GTA),Positive,"OMG, I love whoever did this! .",2025-10-13 21:10:43,2025-10-13 21:10:50,32
5175,GrandTheftAuto(GTA),Positive,"OMG, I love everyone who did that!.",2025-10-13 21:10:43,2025-10-13 21:10:50,35
5175,GrandTheftAuto(GTA),Positive,"OMG, I love Brothers ever did this!.",2025-10-13 21:10:43,2025-10-13 21:10:50,36
5175,GrandTheftAuto(GTA),Positive,"OMG, I love whoever made this!.",2025-10-13 21:10:43,2025-10-13 21:10:50,31
5175,GrandTheftAuto(GTA),Positive,"OMG, glad I love whoever did that this!.",2025-10-13 21:10:43,2025-10-13 21:10:50,40
5175,GrandTheftAuto(GTA),Positive,"OMG, honestly love whoever did this!.",2025-10-13 21:10:43,2025-10-13 21:10:50,37
5176,GrandTheftAuto(GTA),Positive,5 Games I Love . . 1. Call of Duty Modern Warfare 2019. 2. UFC 3. 3. Mortal Kombat 9. 4. GTA V. 5. Minecraft,2025-10-13 21:10:43,2025-10-13 21:10:50,108
5176,GrandTheftAuto(GTA),Positive,5 Games I Love.. 1. Call of Duty Modern Warfare 2019. 2. UFC 3. Mortal Kombat 9. 4. GTA V. 5. Minecraft,2025-10-13 21:10:43,2025-10-13 21:10:50,103
5176,GrandTheftAuto(GTA),Positive,5 Games I Love.. 1. Call of Duty Modern Warfare 2019. 2. UFC 3. 3. Fale Kombat 9. 4. GTA V. 5. Minecraft,2025-10-13 21:10:43,2025-10-13 21:10:50,104
5176,GrandTheftAuto(GTA),Positive,5 Games I Love.. 1. Call of Duty Modern Shooter 2019. 2. UFC 3. 3. Mortal Kombat X. 4. GTA V. F. Minecraft,2025-10-13 21:10:43,2025-10-13 21:10:50,106
5176,GrandTheftAuto(GTA),Positive,5 Games I Love.. Phoenix 1. Series Call of Duty v Modern Nuclear Warfare 2019. 2. Ultimate UFC 3. 3. 2013 Mortal Kombat 9. 4. GTA V. Club 5. Minecraft,2025-10-13 21:10:43,2025-10-13 21:10:50,150
5176,GrandTheftAuto(GTA),Positive,5 Games I Love.. 1. Call 1 Duty Modern Warfare 2019. 2. Portal 3. 3. Tom Kombat 9. 2011. UFC V. 5. 10,2025-10-13 21:10:43,2025-10-13 21:10:50,101
5177,GrandTheftAuto(GTA),Irrelevant,If you destroy cargo in GTA you’re a big fat dirty bitch,2025-10-13 21:10:43,2025-10-13 21:10:50,56
5177,GrandTheftAuto(GTA),Irrelevant,"When you destroy loads in GTA, you're a fat, dirty slut",2025-10-13 21:10:43,2025-10-13 21:10:50,55
5177,GrandTheftAuto(GTA),Irrelevant,"If you destroy cargo in GTA, you're a big fat dirty bitch",2025-10-13 21:10:43,2025-10-13 21:10:50,57
5177,GrandTheftAuto(GTA),Irrelevant,If you destroy cargo in GTA you’re a full fat dirty bitch,2025-10-13 21:10:43,2025-10-13 21:10:50,57
5177,GrandTheftAuto(GTA),Irrelevant,If you destroy cargo planes in GTA you would ’ re a big fat fuck dirty bitch,2025-10-13 21:10:43,2025-10-13 21:10:50,76
5177,GrandTheftAuto(GTA),Irrelevant,If you destroy cargo in GTA you’re the big fat dirty man,2025-10-13 21:10:43,2025-10-13 21:10:50,56
5178,GrandTheftAuto(GTA),Neutral,"Stranglin' Ain't Easy youtu.be/_XJg-TyJ0Us via @YouTube Catch the world premiere of our first video, it's greasy. Can anyone solve the greatest mystery of our times, who is the GTA Greasy Strangler?",2025-10-13 21:10:43,2025-10-13 21:10:50,200
5178,GrandTheftAuto(GTA),Neutral,"Stranglin 'Ain't Easy youtu.be / _ XJg-TyJ0Us via @ YouTube Experience the world premiere of our first video, it's greasy. Can anyone solve the biggest puzzle of our time, who is the GTA Greasy Strangler?",2025-10-13 21:10:43,2025-10-13 21:10:50,204
5178,GrandTheftAuto(GTA),Neutral,"\"Ain't Easy youtu.be / _ XJg-TyJ0Us via @ YouTube Catch the world premier of our first video, it's great. Can anyone solve the greatest mystery of our time, who is GTA Greasy?\"",2025-10-13 21:10:43,2025-10-13 21:10:50,176
5178,GrandTheftAuto(GTA),Neutral,"Stranglin' Ain't Easy youtu.be/_XJg-TyJ0Us via Twitch Catch the world premiere of your first Borderlands, it's greasy. Can anyone solve her darkest mystery of our times, who is the GTA Greasy Strangler?",2025-10-13 21:10:43,2025-10-13 21:10:50,202
5178,GrandTheftAuto(GTA),Neutral,"Stranglin'Ain't Easy youtu. be / _ XJg - TyJ0Us via @YouTube Catch being the major world premiere image of our entire first music video, it's greasy. 1 Can anyone solve the greatest mystery of our times, or who is currently the only GTA Greasy in Strangler?",2025-10-13 21:10:43,2025-10-13 21:10:50,257
5178,GrandTheftAuto(GTA),Neutral,"Stranglin' Ain't Easy on.be/_XJg-TyJ0Us via @YouTube Catch first world now of very first video, it's greasy. Can anyone solve the dog puzzle with bad movies, who is the GTA Greasy Moose?",2025-10-13 21:10:43,2025-10-13 21:10:50,186
5179,GrandTheftAuto(GTA),Neutral,Gta is a gang war and you got to pick a side or they both beating yo ass,2025-10-13 21:10:43,2025-10-13 21:10:50,72
5179,GrandTheftAuto(GTA),Neutral,Gta is a gang war and you have to pick a side or both will kick you in the ass,2025-10-13 21:10:43,2025-10-13 21:10:50,78
5179,GrandTheftAuto(GTA),Neutral,GTA is a gang war and you have to pick a side or they both beat Yo's ass,2025-10-13 21:10:43,2025-10-13 21:10:50,72
5179,GrandTheftAuto(GTA),Neutral,Gta is a gang war style you got to pick a side or they both beating yo ass,2025-10-13 21:10:43,2025-10-13 21:10:50,74
5179,GrandTheftAuto(GTA),Neutral,Gta is a gang war again and you got to pick a side it or they both are beating yo ass,2025-10-13 21:10:43,2025-10-13 21:10:50,85
5179,GrandTheftAuto(GTA),Neutral,Gta is a gang war but you will neither pick a side or they both beating yo ass,2025-10-13 21:10:43,2025-10-13 21:10:50,78
5180,GrandTheftAuto(GTA),Negative,i wonder if GTA made lil 10 yr olds wanna be killers when they grew up,2025-10-13 21:10:43,2025-10-13 21:10:50,70
5180,GrandTheftAuto(GTA),Negative,I wonder if GTA turned lil 10-year-olds into killers when they grew up,2025-10-13 21:10:43,2025-10-13 21:10:50,70
5180,GrandTheftAuto(GTA),Negative,i wonder if GTA made lil 10 yr olds wanna be killers when they grew up,2025-10-13 21:10:43,2025-10-13 21:10:50,70
5180,GrandTheftAuto(GTA),Negative,i wonder if GTA made lil 10 yr olds wanna be killers when they grown up,2025-10-13 21:10:43,2025-10-13 21:10:50,71
5180,GrandTheftAuto(GTA),Negative,i wonder if GTA made lil 10 yr olds wanna be a killers again when they still grew up,2025-10-13 21:10:43,2025-10-13 21:10:50,84
5180,GrandTheftAuto(GTA),Negative,i wonder where GTA made lil 10 yr olds wanna be killers because they grew down,2025-10-13 21:10:43,2025-10-13 21:10:50,78
5182,GrandTheftAuto(GTA),Negative,GTA wouldn’t work in Smash for multiple reasons.. . The locations are real world cities. The characters and themes are too adult-oriented. The series is lacking in original music beyond a few main themes.. . Red Dead Redemption would work though. More original music and less crass.,2025-10-13 21:10:43,2025-10-13 21:10:50,282
5182,GrandTheftAuto(GTA),Negative,"GTA wouldn't work in Smash for several reasons... The locations are real world cities, the characters and themes are too adult, the show lacks original music that goes beyond a few main themes... Red Dead Redemption would work though.",2025-10-13 21:10:43,2025-10-13 21:10:50,234
5182,GrandTheftAuto(GTA),Negative,"GTA will not work in Smash for several reasons... The locations are real-world cities. The characters and themes are too adult-oriented. The series lacks original music, except for a few basic themes... Red Dead Redeemption will work though. More original music and less craziness.",2025-10-13 21:10:43,2025-10-13 21:10:50,281
5182,GrandTheftAuto(GTA),Negative,GTA wouldn’t work in Smash for multiple reasons... The locations are real world cities. The characters and themes sound too adult-oriented. The series is lacking in original elements beyond a few main themes... Brave Bull Redemption would work better. More original music and less action.,2025-10-13 21:10:43,2025-10-13 21:10:50,288
5182,GrandTheftAuto(GTA),Negative,GTA wouldn don ’ t work in Smash for multiple reasons... different The setting locations itself are real world cities. The certain characters and themes are too adult - oriented. The original series is lacking little in original music beyond a few main themes... of Red Dead Redemption would work though. More from original music and way less crass.,2025-10-13 21:10:43,2025-10-13 21:10:50,349
5182,GrandTheftAuto(GTA),Negative,Heart wouldn’t work in Smash Story 2 reasons... The locations are real world cities. The characters basic themes are too adult-oriented. The series is lacking in original music beyond a few main themes... Cold Dead Blues would work because. Some positive lyrics and less crass.,2025-10-13 21:10:43,2025-10-13 21:10:50,277
5183,GrandTheftAuto(GTA),Irrelevant,Sick of repeating this to everyone irl but retweeting anyways,2025-10-13 21:10:43,2025-10-13 21:10:50,61
5183,GrandTheftAuto(GTA),Irrelevant,Sick of repeating this to anyone who is mistaken but still retweeting,2025-10-13 21:10:43,2025-10-13 21:10:50,69
5183,GrandTheftAuto(GTA),Irrelevant,"It hurts to repeat it to everyone, but to tweet anyway.",2025-10-13 21:10:43,2025-10-13 21:10:50,55
5183,GrandTheftAuto(GTA),Irrelevant,Sick of repeating this to b irl but retweeting anyways,2025-10-13 21:10:43,2025-10-13 21:10:50,54
5183,GrandTheftAuto(GTA),Irrelevant,Sick thinking of repeating this to make everyone irl there but retweeting anyways,2025-10-13 21:10:43,2025-10-13 21:10:50,81
5183,GrandTheftAuto(GTA),Irrelevant,Sick of linking this to personal irl but retweeting anyways,2025-10-13 21:10:43,2025-10-13 21:10:50,59
5184,GrandTheftAuto(GTA),Neutral,Yalllll .,2025-10-13 21:10:43,2025-10-13 21:10:50,10
5184,GrandTheftAuto(GTA),Neutral,Yalllll.,2025-10-13 21:10:43,2025-10-13 21:10:50,8
5184,GrandTheftAuto(GTA),Neutral,Yallll.,2025-10-13 21:10:43,2025-10-13 21:10:50,7
5184,GrandTheftAuto(GTA),Neutral,Yalllll ar,2025-10-13 21:10:43,2025-10-13 21:10:50,10
5184,GrandTheftAuto(GTA),Neutral,New Yalllll.,2025-10-13 21:10:43,2025-10-13 21:10:50,12
5184,GrandTheftAuto(GTA),Neutral,in.,2025-10-13 21:10:43,2025-10-13 21:10:50,3
5185,GrandTheftAuto(GTA),Positive,Easy. GTA Liberty City Stories or Vice City Stories. but they’re all @RockstarGames so it’s a win for them regardless,2025-10-13 21:10:43,2025-10-13 21:10:50,117
5185,GrandTheftAuto(GTA),Positive,"Simple. GTA Liberty City Stories or Vice City Stories. But they're all @ RockstarGames, so it's a win for them, regardless",2025-10-13 21:10:43,2025-10-13 21:10:50,122
5185,GrandTheftAuto(GTA),Positive,"Easy. GTA Liberty City Stories or Vice City Stories. But they're all @ RockstarGames, so it's a victory for them no matter what",2025-10-13 21:10:43,2025-10-13 21:10:50,127
5185,GrandTheftAuto(GTA),Positive,Easy. GTA – City Story or Vice City Stories. but they’re all functional so it’s a win for them regardless,2025-10-13 21:10:43,2025-10-13 21:10:50,105
5185,GrandTheftAuto(GTA),Positive,Easy. unlike GTA Liberty City Stories or American Vice National City Stories. but they absolutely ’ re not all @RockstarGames so it ’ s a win for them anyway regardless,2025-10-13 21:10:43,2025-10-13 21:10:50,168
5185,GrandTheftAuto(GTA),Positive,Easy. GTA Liberty City Story or Vice City Stories. but have all @RockstarGames so it’s a must for them and,2025-10-13 21:10:43,2025-10-13 21:10:50,106
5186,GrandTheftAuto(GTA),Negative,damnnnn .,2025-10-13 21:10:43,2025-10-13 21:10:50,10
5186,GrandTheftAuto(GTA),Negative,Damn it.,2025-10-13 21:10:43,2025-10-13 21:10:50,8
5186,GrandTheftAuto(GTA),Negative,damnn.,2025-10-13 21:10:43,2025-10-13 21:10:50,6
5186,GrandTheftAuto(GTA),Negative,damnnnn ng,2025-10-13 21:10:43,2025-10-13 21:10:50,10
5186,GrandTheftAuto(GTA),Negative,Oh damnnnn.,2025-10-13 21:10:43,2025-10-13 21:10:50,11
5186,GrandTheftAuto(GTA),Negative,I.,2025-10-13 21:10:43,2025-10-13 21:10:50,2
5187,GrandTheftAuto(GTA),Positive,"@RockstarGames when's gta 6 comin out, i'll take a virtual copy as well thank you",2025-10-13 21:10:43,2025-10-13 21:10:50,81
5187,GrandTheftAuto(GTA),Positive,"@ RockstarGames, if it's gta 6 coming out, I'll take a virtual copy as well thank you",2025-10-13 21:10:43,2025-10-13 21:10:50,85
5187,GrandTheftAuto(GTA),Positive,"@ RockstarGames, when gta 6 come out, I'll take a virtual copy, as well as thank you",2025-10-13 21:10:43,2025-10-13 21:10:50,84
5187,GrandTheftAuto(GTA),Positive,"@RockstarGames for gta 6 comin out, i'll take a signed copy as well thank you",2025-10-13 21:10:43,2025-10-13 21:10:50,77
5187,GrandTheftAuto(GTA),Positive,"@RockstarGames for when's gta the 6 u comin out, i'll take a cheap virtual digital copy as well thank you",2025-10-13 21:10:43,2025-10-13 21:10:50,105
5187,GrandTheftAuto(GTA),Positive,"@RockstarGames when's gta time comin out, i'll take a personal copy at an thank you",2025-10-13 21:10:43,2025-10-13 21:10:50,83
5188,GrandTheftAuto(GTA),Neutral,LMAOOOO this video got me cryin,2025-10-13 21:10:43,2025-10-13 21:10:50,31
5188,GrandTheftAuto(GTA),Neutral,LMAOOOO this video made me scream,2025-10-13 21:10:43,2025-10-13 21:10:50,33
5188,GrandTheftAuto(GTA),Neutral,LOOO this video got me in,2025-10-13 21:10:43,2025-10-13 21:10:50,25
5188,GrandTheftAuto(GTA),Neutral,LMAOOOO this video got me :),2025-10-13 21:10:43,2025-10-13 21:10:50,28
5188,GrandTheftAuto(GTA),Neutral,LMAOOOO this... video actually got me cryin,2025-10-13 21:10:43,2025-10-13 21:10:50,43
5188,GrandTheftAuto(GTA),Neutral,LMAOOOO this video was me cryin,2025-10-13 21:10:43,2025-10-13 21:10:50,31
5189,GrandTheftAuto(GTA),Irrelevant,I love that my brothers just know to leave me alone while I dance to the radio on gta .,2025-10-13 21:10:43,2025-10-13 21:10:50,88
5189,GrandTheftAuto(GTA),Irrelevant,I love that my brothers can just leave me alone while I dance on the radio.,2025-10-13 21:10:43,2025-10-13 21:10:50,75
5189,GrandTheftAuto(GTA),Irrelevant,I love that my brothers just know how to leave me alone while I dance to the radio on gta.,2025-10-13 21:10:43,2025-10-13 21:10:50,90
5189,GrandTheftAuto(GTA),Irrelevant,I hope that my brothers never know to leave me alone while I dance to the radio on gta.,2025-10-13 21:10:43,2025-10-13 21:10:50,87
5189,GrandTheftAuto(GTA),Irrelevant,I always love seeing that my brothers just know to leave me alone while I dance to the radio played on their gta.,2025-10-13 21:10:43,2025-10-13 21:10:50,113
5189,GrandTheftAuto(GTA),Irrelevant,I love feeling my friends just know how leave me alone while I dance to the radio on gta.,2025-10-13 21:10:43,2025-10-13 21:10:50,89
5190,GrandTheftAuto(GTA),Irrelevant,Good Wednesday morning! Not as chilly today and it will be brighter too for,2025-10-13 21:10:43,2025-10-13 21:10:50,77
5190,GrandTheftAuto(GTA),Irrelevant,Good Wednesday morning! Not so cool today and it will also be brighter for,2025-10-13 21:10:43,2025-10-13 21:10:50,74
5190,GrandTheftAuto(GTA),Irrelevant,Good morning Wednesday! Not so cold today and will be brighter too for,2025-10-13 21:10:43,2025-10-13 21:10:50,70
5190,GrandTheftAuto(GTA),Irrelevant,Good Wednesday morning! Not as chilly today and it will start brighter too for,2025-10-13 21:10:43,2025-10-13 21:10:50,78
5190,GrandTheftAuto(GTA),Irrelevant,Good as Wednesday morning! Not as very chilly from today and it will be brighter too for,2025-10-13 21:10:43,2025-10-13 21:10:50,88
5190,GrandTheftAuto(GTA),Irrelevant,Good Wednesday morning! Not to chilly today and it will be brighter up for,2025-10-13 21:10:43,2025-10-13 21:10:50,74
5191,GrandTheftAuto(GTA),Irrelevant,"alright, looks like ima have to get hair locally till further notice. ya’ll recommend me some good hair companies in the GTA?",2025-10-13 21:10:43,2025-10-13 21:10:50,125
5191,GrandTheftAuto(GTA),Irrelevant,"Okay, looks like ima have to get some local hairs. ya'll recommend me some good hair companies in the GTA?",2025-10-13 21:10:43,2025-10-13 21:10:50,106
5191,GrandTheftAuto(GTA),Irrelevant,"OK, it looks like Ima should get a hair lotion even more noticeable. Will I recommend some good hairdressing companies to GTA?",2025-10-13 21:10:43,2025-10-13 21:10:50,126
5191,GrandTheftAuto(GTA),Irrelevant,"alright, looks like ima got to get hair locally till further notice. ya’ll recommend me some good grooming choices in the GTA?",2025-10-13 21:10:43,2025-10-13 21:10:50,126
5191,GrandTheftAuto(GTA),Irrelevant,"alright, looks quite like ima have to get your hair locally till further community notice. ya You ’ ll recommend doing me some good hair companies in the GTA?",2025-10-13 21:10:43,2025-10-13 21:10:50,158
5191,GrandTheftAuto(GTA),Irrelevant,"alright, looks like ima have to shop hair locally till further season. ya’ll call me some good shop companies in the GTA?",2025-10-13 21:10:43,2025-10-13 21:10:50,121
5192,GrandTheftAuto(GTA),Neutral,GTA Online Best Vehicle Discounts (17th September 2020) - GTA 5 Weekly C... youtu.be/-7FxZ2XzbRI,2025-10-13 21:10:43,2025-10-13 21:10:50,96
5192,GrandTheftAuto(GTA),Neutral,"GTA Online Best Vehicle Discounts (September 17, 2020) - GTA 5 Weekly C... youtu.be / -7FxZ2XzbRI",2025-10-13 21:10:43,2025-10-13 21:10:50,97
5192,GrandTheftAuto(GTA),Neutral,"The best discounts of GTA Online (September 17, 2020) - GTA 5 Weekly C... youtu.be / -7FxZ2XzbrRI",2025-10-13 21:10:43,2025-10-13 21:10:50,97
5192,GrandTheftAuto(GTA),Neutral,GTA Online Best Deals Discounts From September 2020) See GTA 5 Weekly C... youtu.be/-7FxZ2XzbRI,2025-10-13 21:10:43,2025-10-13 21:10:50,95
5192,GrandTheftAuto(GTA),Neutral,GTA Racing Online Championship Best Vehicle Ranking Discounts ( 17th September Draft 2020 ) - GTA Cycle 5 Sport Weekly C... Retrieved youtu. be / - 7FxZ2XzbRI,2025-10-13 21:10:43,2025-10-13 21:10:50,158
5192,GrandTheftAuto(GTA),Neutral,GTA Q Retail Vehicle Awards (17th October 2008) - GTA 5 Weekly C... youtu.be/-7FxZ2XzbRI,2025-10-13 21:10:43,2025-10-13 21:10:50,88
5193,GrandTheftAuto(GTA),Positive,GTA ONLINE . . @PrawnPodcast  on my headphones .  . . Totally relaxed!,2025-10-13 21:10:43,2025-10-13 21:10:50,70
5193,GrandTheftAuto(GTA),Positive,GTA ONLINE.. @ PrawnPodcast on my headphones... Totally relaxed!,2025-10-13 21:10:43,2025-10-13 21:10:50,64
5193,GrandTheftAuto(GTA),Positive,GTA... @ Podcast in headphones... Absolutely relaxed!,2025-10-13 21:10:43,2025-10-13 21:10:50,53
5193,GrandTheftAuto(GTA),Positive,GTA ONLINE.. @PrawnPodcast  on my break<unk> .. Totally relaxed!,2025-10-13 21:10:43,2025-10-13 21:10:50,64
5193,GrandTheftAuto(GTA),Positive,GTA was ONLINE.. @PrawnPodcast on all my car headphones... and Totally relaxed!,2025-10-13 21:10:43,2025-10-13 21:10:50,79
5193,GrandTheftAuto(GTA),Positive,in ONLINE.. @PrawnPodcast on my bike... totally relaxed!,2025-10-13 21:10:43,2025-10-13 21:10:50,56
5194,GrandTheftAuto(GTA),Negative,"There is no escape from this cursed land. You keep on living in this shithole. Everywhere you go, jets and flying motorcycles will stalk you for eternity.. . Reposted because there was a typo, we really need a edit button.",2025-10-13 21:10:43,2025-10-13 21:10:50,222
5194,GrandTheftAuto(GTA),Negative,"There is no escape from this cursed land. You live on in this shithole. Everywhere you go, jets and flying motorcycles will haunt you for eternity... Posted because there was a typo, we really need an Enter key.",2025-10-13 21:10:43,2025-10-13 21:10:50,211
5194,GrandTheftAuto(GTA),Negative,"Wherever you go, jets and flying motorcycles will haunt you forever... Rewritten because there was a mistake, we really need an edit button.",2025-10-13 21:10:43,2025-10-13 21:10:50,140
5194,GrandTheftAuto(GTA),Negative,"There is no escape through this cursed land. You keep on living in this shithole. Everywhere you go, jets and flying motorcycles will stalk you for eternity.. :) Reposted after there was a typo, we really deserve a clear button.",2025-10-13 21:10:43,2025-10-13 21:10:50,228
5194,GrandTheftAuto(GTA),Negative,"There is no escape now from this cursed land. You keep focusing on living in this endless shithole. As Everywhere you may go, fighter jets and flying motorcycles will stalk behind you here for eternity... Reposted because there was a typo, and we never really need a edit button.",2025-10-13 21:10:43,2025-10-13 21:10:50,279
5194,GrandTheftAuto(GTA),Negative,"There is no release from a cursed land. You go on living in this hell. Everywhere you go, jets and flying motorcycles will stalk you for hours... Reposted because there appeared a typo, we really need a edit button.",2025-10-13 21:10:43,2025-10-13 21:10:50,215
5195,GrandTheftAuto(GTA),Negative,Imma be mad as hell if the next GTA in Chicago bro,2025-10-13 21:10:43,2025-10-13 21:10:50,50
5195,GrandTheftAuto(GTA),Negative,Imma be mad as hell when the next GTA comes to Chicago bro,2025-10-13 21:10:43,2025-10-13 21:10:50,58
5195,GrandTheftAuto(GTA),Negative,Imma will go crazy as hell if the next GTA is in Chicago bro,2025-10-13 21:10:43,2025-10-13 21:10:50,60
5195,GrandTheftAuto(GTA),Negative,Imma be mad as hell if the next GTA in shitty bro,2025-10-13 21:10:43,2025-10-13 21:10:50,49
5195,GrandTheftAuto(GTA),Negative,Imma would be mad as hell if at the next GTA was in Chicago bro,2025-10-13 21:10:43,2025-10-13 21:10:50,63
5195,GrandTheftAuto(GTA),Negative,<unk> be mad as fuck if the next GTA in Chicago bro,2025-10-13 21:10:43,2025-10-13 21:10:50,51
5196,GrandTheftAuto(GTA),Neutral,"The 10 Best Characters In The GTA V Campaign, Ranked  | Game Rant bit.ly/38E4q8N",2025-10-13 21:10:43,2025-10-13 21:10:50,82
5196,GrandTheftAuto(GTA),Neutral,"The 10 Best Characters in the GTA V Campaign, Leaderboard | Game Rant bit.ly / 38E4q8N",2025-10-13 21:10:43,2025-10-13 21:10:50,86
5196,GrandTheftAuto(GTA),Neutral,"The 10 Best Characters in the GTA V Campaign, Rant Game bit.ly / 38E4q8N",2025-10-13 21:10:43,2025-10-13 21:10:50,72
5196,GrandTheftAuto(GTA),Neutral,"The 34 Best Characters In Your GTA V Campaign, Ranked  | Game Rant bit.ly/38E4q8N",2025-10-13 21:10:43,2025-10-13 21:10:50,81
5196,GrandTheftAuto(GTA),Neutral,"The 10 Best Characters In America The GTA Part V Campaign, Ranked | Video Game Rant at bit. info ly / 38E4q8N",2025-10-13 21:10:43,2025-10-13 21:10:50,109
5196,GrandTheftAuto(GTA),Neutral,"of 10 Best Games In This Drag V Campaign, Ranked | Game Rant bit.ly/38E4q8N",2025-10-13 21:10:43,2025-10-13 21:10:50,75
5197,GrandTheftAuto(GTA),Negative,"Between the constant crashes on Red Dead 2 and the modders and errors on GTA V, I find myself wondering how @RockstarGames is even in business. Im not spending another dime on software from them. Pure trash!",2025-10-13 21:10:43,2025-10-13 21:10:50,207
5197,GrandTheftAuto(GTA),Negative,"Between the constant crashes on Red Dead 2 and the modders and bugs on GTA V, I wonder how @ RockstarGames is even in business.",2025-10-13 21:10:43,2025-10-13 21:10:50,127
5197,GrandTheftAuto(GTA),Negative,"Between the constant convulsions on Red Dead 2 and the modders and bugs on GTA V, I find myself puzzled how @ RockstarGames is even in business.",2025-10-13 21:10:43,2025-10-13 21:10:50,144
5197,GrandTheftAuto(GTA),Negative,"Between the constant crashes on Red Dead 2 and the glitches and errors on GTA V, I find myself wondering how Sonic is even making business. Im not spending another time on software from them. Pure trash!",2025-10-13 21:10:43,2025-10-13 21:10:50,203
5197,GrandTheftAuto(GTA),Negative,"Between the constant crashes on Dirty Red Dead 2 and undoubtedly the occasional modders and errors left on GTA V, I find myself wondering again how deep @RockstarGames is even in business. Im not spending another last dime on software from them. But Pure office trash!",2025-10-13 21:10:43,2025-10-13 21:10:50,268
5197,GrandTheftAuto(GTA),Negative,"given you constant garbage on Red Dead 2 and the modders and errors on GTA V, I hear yourself wondering when @RockstarGames are even in business. Im not spending another dime on software from them. Pure trash!",2025-10-13 21:10:43,2025-10-13 21:10:50,209
5198,GrandTheftAuto(GTA),Neutral,YouTube Channel Suspension Update:. - Did GTA V Story Mode Mission: Legal Trouble. - In Progress of doing Casino Heist - The Big Con. - Won the Casino Podium Vehicle. - Still Doing Well.,2025-10-13 21:10:43,2025-10-13 21:10:50,186
5198,GrandTheftAuto(GTA),Neutral,YouTube Channel Suspension Update: - Did GTA V Story Mode Mission: Legal Trouble. - In progress Casino Heist - The Big Con. - Won the Casino Podium Vehicle. - Still Doing Well.,2025-10-13 21:10:43,2025-10-13 21:10:50,176
5198,GrandTheftAuto(GTA),Neutral,YouTube Channel Suspension:. - Did GTA V Story: Legal Trophy. - In Progress of doing Casino Heist - The Big Con. - Won the Casino Podium Vs. - Still Doing Good.,2025-10-13 21:10:43,2025-10-13 21:10:50,160
5198,GrandTheftAuto(GTA),Neutral,YouTube Premium Suspension Update:. - Did GTA V Story Mode Mission: Legal Trouble. - In Progress at doing Casino Heist - The Big Con. - Won the Super Podium Title. - Still Doing Well.,2025-10-13 21:10:43,2025-10-13 21:10:50,183
5198,GrandTheftAuto(GTA),Neutral,YouTube Channel Suspension Update :. - Did GTA V Story In Mode The Mission : Legal Will Trouble. - Living In Progress instead of doing Casino Entertainment Heist - The Big Fan Con. - Won at the Casino Podium Vehicle. - Still Keep Doing Well.,2025-10-13 21:10:43,2025-10-13 21:10:50,241
5198,GrandTheftAuto(GTA),Neutral,YouTube Channel Suspension Results:. - Did the V Story About Mission: Legal Process. - In Progress while doing Casino Heist - The Big Con. - In First Casino Podium Vehicle. - Still Doing Well.,2025-10-13 21:10:43,2025-10-13 21:10:50,192
5199,GrandTheftAuto(GTA),Positive,This!!!!! ALLLLL OF THIS!!!!,2025-10-13 21:10:43,2025-10-13 21:10:50,28
5199,GrandTheftAuto(GTA),Positive,That!!!! ALLLLLL THIS!!!!,2025-10-13 21:10:43,2025-10-13 21:10:50,25
5199,GrandTheftAuto(GTA),Positive,This!!!!! ALLL OF THIS!!!!,2025-10-13 21:10:43,2025-10-13 21:10:50,26
5199,GrandTheftAuto(GTA),Positive,This!!!!! ALLLLL OF U,2025-10-13 21:10:43,2025-10-13 21:10:50,21
5199,GrandTheftAuto(GTA),Positive,This!!!!! AND ALLLLL TO OF IN THIS!!!!,2025-10-13 21:10:43,2025-10-13 21:10:50,38
5199,GrandTheftAuto(GTA),Positive,This!!!!! ALLLLL OF F,2025-10-13 21:10:43,2025-10-13 21:10:50,21
5200,GrandTheftAuto(GTA),Negative,"If GTA 6 is anywhere near the quality and scale of RDR2, then don’t expect it for a while yet.",2025-10-13 21:10:43,2025-10-13 21:10:50,94
5200,GrandTheftAuto(GTA),Negative,"If GTA 6 is even close to the quality and scope of RDR2, then you should not expect it for a while yet.",2025-10-13 21:10:43,2025-10-13 21:10:50,103
5200,GrandTheftAuto(GTA),Negative,"If GTA 6 is anywhere near the quality and scale of RDR2, don't wait for it for a while longer.",2025-10-13 21:10:43,2025-10-13 21:10:50,94
5200,GrandTheftAuto(GTA),Negative,"If GTA V is anywhere near the quality and scale of RDR2, then just expect it for a while yet.",2025-10-13 21:10:43,2025-10-13 21:10:50,93
5200,GrandTheftAuto(GTA),Negative,"If GTA 6 is anywhere near the ideal quality and scale of RDR2, we then don ’ aren t expect it for a short while longer yet.",2025-10-13 21:10:43,2025-10-13 21:10:50,123
5200,GrandTheftAuto(GTA),Negative,"If GTA 6 was anywhere near the ambition and scale of iOS, then don’t expect it for anything while yet.",2025-10-13 21:10:43,2025-10-13 21:10:50,102
7601,MaddenNFL,Negative,Bro fuck madden 21 why does the game modes never work @EAMaddenNFL @EA can Raidernation329 on Xbox 1 get my refund please y’all been around for this long and still dealing with the same bs bugs get it together $60 every year is ridiculous if I can’t load in,2025-10-13 21:10:43,2025-10-13 21:10:50,257
7601,MaddenNFL,Negative,Bro fuck madden 21 Why do the game modes never work @ EAMaddenNFL @ EA can Raidernation329 on Xbox 1 get my refund please y'all this has been around so long and still with the same bs bugs get it together $60 every year is ridiculous when i can't load in,2025-10-13 21:10:43,2025-10-13 21:10:50,254
7601,MaddenNFL,Negative,Bro fuck madden 21 why does the game modes never work @ EAMaddenNFL @ EA can Raidernation329 on Xbox 1 get my refund please y'all been around for this long and still dealing with the same bs bugs get it together $60 every year is incredible if I can't load in,2025-10-13 21:10:43,2025-10-13 21:10:50,259
7601,MaddenNFL,Negative,Bro fuck madden 21 why does english game modes never work @EAMaddenNFL @EA # Raidernation329 any Xbox 1 get double refund please y’all been around for this long and still dealing with the same bs bugs put it together $60 every year is ridiculous if I can’t cash in,2025-10-13 21:10:43,2025-10-13 21:10:50,264
7601,MaddenNFL,Negative,Bro fuck madden 21 guys why now does the game modes that never work @EAMaddenNFL @EA can Raidernation329 on Xbox 1 get us my refund please y ’ all here been around for this great long and still dealing with the same bs run bugs I get by it together $ 60 every year is ridiculous if really I can ’ t load in,2025-10-13 21:10:43,2025-10-13 21:10:50,306
7601,MaddenNFL,Negative,as fuck madden 21 times does the game modes never work @EAMaddenNFL @EA can Raidernation329 the Xbox One give my refund please y’all been playing for this long and nobody dealing with the download bs bugs get it together $60 your year is ridiculous if I can’t load in,2025-10-13 21:10:43,2025-10-13 21:10:50,267
7602,MaddenNFL,Negative,"@EAMaddenNFL @EASPORTS_MUT @Muthead Why is there still no jadeveon Clowney in Ultimate team. No power up, no base card, not even a promo card. Clowney got updated to the titans upon signing but has yet to receive a card in game.",2025-10-13 21:10:43,2025-10-13 21:10:50,230
7602,MaddenNFL,Negative,"@ EAMaddenNFL @ EASPORTS _ MUT @ Muthead Why is there still no Jadeveon Clowney on the Ultimate Team? No power up, no base card, not even a promotional card. Clowney has been updated upon signing, but has yet to receive a card in-game.",2025-10-13 21:10:43,2025-10-13 21:10:50,235
7602,MaddenNFL,Negative,"@ EAMaddenNFL @ EASPORTS _ MUT @ Muthead Why is there still no Javen Clowney on the Ultimate team. No power, no base card, not even a promo card.",2025-10-13 21:10:43,2025-10-13 21:10:50,145
7602,MaddenNFL,Negative,"@EAMaddenNFL @EASPORTS_MUT<unk> Why is a still no jadeveon Clowney in Ultimate team. No power up, no base card, not named a promo card. Clowney got updated to the titans after signing but has struggled to receive a card in game.",2025-10-13 21:10:43,2025-10-13 21:10:50,228
7602,MaddenNFL,Negative,"@EAMaddenNFL J @EASPORTS_MUT A @Muthead Why and is there still no jadeveon Clowney in an Ultimate team. No power light up, no base card, not even a promo card. Clowney got updated to the titans upon his signing but still has yet to ever receive his a card shot in game.",2025-10-13 21:10:43,2025-10-13 21:10:50,269
7602,MaddenNFL,Negative,"@EAMaddenNFL @EASPORTS_MUT @Muthead The is<unk> still no jadeveon Clowney in Ultimate team. No team up, no promo card, no even a promo card. Clowney got updated to the titans pro signing and will yet really receive a card in game.",2025-10-13 21:10:43,2025-10-13 21:10:50,230
7603,MaddenNFL,Neutral,My boy got the cannon but his accuracy shaky as hell,2025-10-13 21:10:43,2025-10-13 21:10:50,52
7603,MaddenNFL,Neutral,"My boy has the cannon, but his accuracy wobbles like hell",2025-10-13 21:10:43,2025-10-13 21:10:50,57
7603,MaddenNFL,Neutral,"My boy was lucky, but his accuracy faltered like hell",2025-10-13 21:10:43,2025-10-13 21:10:50,53
7603,MaddenNFL,Neutral,My boy got new cannon but his accuracy shaky as hell,2025-10-13 21:10:43,2025-10-13 21:10:50,52
7603,MaddenNFL,Neutral,My boy really got the cannon but his accuracy shaky enough as hell,2025-10-13 21:10:43,2025-10-13 21:10:50,66
7603,MaddenNFL,Neutral,My boy got the jump but his accuracy shaky as hell,2025-10-13 21:10:43,2025-10-13 21:10:50,50
7604,MaddenNFL,Neutral,Wow. It’s the same game. Only difference is that the Titans actually looked dominating for the first time in years .,2025-10-13 21:10:43,2025-10-13 21:10:50,117
7604,MaddenNFL,Neutral,Wow. It's the same game. The only difference is that the Titans looked really dominant for the first time in years.,2025-10-13 21:10:43,2025-10-13 21:10:50,115
7604,MaddenNFL,Neutral,"Wow. It's the same game. The only difference is that for the first time in many years, the Titans looked dominant.",2025-10-13 21:10:43,2025-10-13 21:10:50,114
7604,MaddenNFL,Neutral,Wow. It’s the same game. Only difference is like the Titans actually looked dominating it the first time in years.,2025-10-13 21:10:43,2025-10-13 21:10:50,114
7604,MaddenNFL,Neutral,Oh Wow. It ’ s the same game. Only small difference is that the Titans actually really looked dominating for about the first time in seven years.,2025-10-13 21:10:43,2025-10-13 21:10:50,145
7604,MaddenNFL,Neutral,Wow. It’s the same game. Key difference is that Tigers Tigers actually get dominating for the first time in years.,2025-10-13 21:10:43,2025-10-13 21:10:50,114
7605,MaddenNFL,Negative,He @EASPORTS_MUT @EAMaddenNFL how am I supposed to win games when stuff like this happens? pic.twitter.com/eOCtS5mKYL,2025-10-13 21:10:43,2025-10-13 21:10:50,117
7605,MaddenNFL,Negative,Hey @ EASPORTS _ MUT @ EAMaddenNFL How am I supposed to win games when something like this happens? pic.twitter.com / eOCtS5mKYL,2025-10-13 21:10:43,2025-10-13 21:10:50,128
7605,MaddenNFL,Negative,He's @ EASPORTS _ MUT @ EAMaddenNFL how should I win games when such things happen? pic.fm / eOCtS5mKYL,2025-10-13 21:10:43,2025-10-13 21:10:50,103
7605,MaddenNFL,Negative,He RhandlerR RhandlerR how am I supposed to win games when stuff like this happens? pic.twitter.com/eOCtS5mKYL,2025-10-13 21:10:43,2025-10-13 21:10:50,110
7605,MaddenNFL,Negative,C He RhandlerR RhandlerR how am I supposed to win games when stuff like this happens? pic.twitter.com/eOCtS5mKYL,2025-10-13 21:10:43,2025-10-13 21:10:50,112
7605,MaddenNFL,Negative,us,2025-10-13 21:10:43,2025-10-13 21:10:50,2
7606,MaddenNFL,Negative,@EA @EAMaddenNFL apparently my last name of Moore is profane,2025-10-13 21:10:43,2025-10-13 21:10:50,60
7606,MaddenNFL,Negative,@ EA @ EAMaddenNFL apparently my last name from Moore is profane,2025-10-13 21:10:43,2025-10-13 21:10:50,64
7606,MaddenNFL,Negative,@ EA @ EAMaddenNFL apparently my surname Moore is obscene,2025-10-13 21:10:43,2025-10-13 21:10:50,57
7606,MaddenNFL,Negative,@EA @EAMaddenNFL apparently my last name of dogs is profane,2025-10-13 21:10:43,2025-10-13 21:10:50,59
7606,MaddenNFL,Negative,PR @EA @EAMaddenNFL apparently my last name of Ryan Moore is less profane,2025-10-13 21:10:43,2025-10-13 21:10:50,73
7606,MaddenNFL,Negative,@EA @EAMaddenNFL apparently Christian last name of Chris is profane,2025-10-13 21:10:43,2025-10-13 21:10:50,67
7607,MaddenNFL,Positive,"Played my first H2H game in @EAMaddenNFL 21 last night, y'all want to see it?",2025-10-13 21:10:43,2025-10-13 21:10:50,77
7607,MaddenNFL,Positive,Did I play my first game in @ EAMaddenNFL 21 last night and everyone wants to see it?,2025-10-13 21:10:43,2025-10-13 21:10:50,85
7607,MaddenNFL,Positive,"Played my first H2H game in @ EAMaddenNF21 last night, y'all want to see it?",2025-10-13 21:10:43,2025-10-13 21:10:50,76
7607,MaddenNFL,Positive,"Played my first H2H play with @EAMaddenNFL 21 last night, y'all want to see it?",2025-10-13 21:10:43,2025-10-13 21:10:50,79
7607,MaddenNFL,Positive,"Played my first H2H game in @EAMaddenNFL 21 at last night, y'just all never want to even see it?",2025-10-13 21:10:43,2025-10-13 21:10:50,96
7607,MaddenNFL,Positive,"Played his first H2H game by @EAMaddenNFL 21 last night, y'all ready to see it?",2025-10-13 21:10:43,2025-10-13 21:10:50,79
7608,MaddenNFL,Positive,Well deserved .,2025-10-13 21:10:43,2025-10-13 21:10:50,16
7608,MaddenNFL,Positive,Well deserved.,2025-10-13 21:10:43,2025-10-13 21:10:50,14
7608,MaddenNFL,Positive,Deservedly so.,2025-10-13 21:10:43,2025-10-13 21:10:50,14
7608,MaddenNFL,Positive,Well done.,2025-10-13 21:10:43,2025-10-13 21:10:50,10
7608,MaddenNFL,Positive,The Well deserved.,2025-10-13 21:10:43,2025-10-13 21:10:50,18
7608,MaddenNFL,Positive,Well then.,2025-10-13 21:10:43,2025-10-13 21:10:50,10
7609,MaddenNFL,Negative,QBs are dumb WRs are even dumber in this game. What are you on about,2025-10-13 21:10:43,2025-10-13 21:10:50,68
7609,MaddenNFL,Negative,QBs are dumb WRs that are even dumber in this game.,2025-10-13 21:10:43,2025-10-13 21:10:50,51
7609,MaddenNFL,Negative,QBs are dumb WRs even dumber in this game.,2025-10-13 21:10:43,2025-10-13 21:10:50,42
7609,MaddenNFL,Negative,QBs are boring WRs are even dumber in this game. What are you on about,2025-10-13 21:10:43,2025-10-13 21:10:50,70
7609,MaddenNFL,Negative,QBs are for dumb WRs that are even dumber people in this game.... What are you on about,2025-10-13 21:10:43,2025-10-13 21:10:50,87
7609,MaddenNFL,Negative,<unk> are terrible WRs are even dumber for this game. What are you on about,2025-10-13 21:10:43,2025-10-13 21:10:50,75
7610,MaddenNFL,Negative,Lol man @EAMaddenNFL y’all screwed @ryantannehill1 on here 100%,2025-10-13 21:10:43,2025-10-13 21:10:50,63
7610,MaddenNFL,Negative,Lol man @ EAMaddenNFL y'all screwed @ ryantannehill1 on here 100%,2025-10-13 21:10:43,2025-10-13 21:10:50,65
7610,MaddenNFL,Negative,Lol man @ EAMaddenNFL y'all screwed @ ryantanfill1 on here 100%,2025-10-13 21:10:43,2025-10-13 21:10:50,63
7610,MaddenNFL,Negative,Lol man @EAMaddenNFL y’all screwed @ryantannehill1 down here 100%,2025-10-13 21:10:43,2025-10-13 21:10:50,65
7610,MaddenNFL,Negative,Lol man on @EAMaddenNFL real y ’ I all screwed @ryantannehill1 on here 100 %,2025-10-13 21:10:43,2025-10-13 21:10:50,76
7610,MaddenNFL,Negative,Lol man have y’all screwed @EAMaddenNFL on the 100%,2025-10-13 21:10:43,2025-10-13 21:10:50,51
7611,MaddenNFL,Negative,@EAMaddenNFL is prolly the most GARBAGE game I've ever played. Absolutely ZERO skill gap and bums can beat you with rolling right cross body 50 yard left throws. Why do we pay $60 every fucking year to play this garbage? It's the same fucking game EVERY year.,2025-10-13 21:10:43,2025-10-13 21:10:50,259
7611,MaddenNFL,Negative,@ EAMaddenNFL is probably the GARBAGE game I've ever played. Absolutely ZERO skill gap and bums can beat you with rolling right ricochets and 50 yard left throws. Why do we pay $60 every damn year to play this garbage? It's EVERY year the same damn game.,2025-10-13 21:10:43,2025-10-13 21:10:50,254
7611,MaddenNFL,Negative,@ EAMaddenNFL is prolly the most GARBAGE game I've ever played. Absolutely ZERO skills gap and bumps can beat you with rolling right cross body 50 yard left throws. Why do we pay $60 every fucking year to play this garage? It's the same fucking game EVERY year.,2025-10-13 21:10:43,2025-10-13 21:10:50,261
7611,MaddenNFL,Negative,@EAMaddenNFL is prolly its most GARBAGE team I've ever played. Absolutely ZERO skill gap and bums can beat you with long right cross body 50 yard touchdown throws. Why do we pay $60 every fucking year to play this garbage? It's the same fuck game EVERY year.,2025-10-13 21:10:43,2025-10-13 21:10:50,258
7611,MaddenNFL,Negative,@EAMaddenNFL is prolly the 7th most GARBAGE game I've ever played. Absolutely ZERO skill gap and the bums can definitely beat even you with rolling right cross body 50 yard left throws. Why do the we pay $ 60 every fucking year to... play off this old garbage? It's the same fucking math game EVERY every year.,2025-10-13 21:10:43,2025-10-13 21:10:50,310
7611,MaddenNFL,Negative,@EAMaddenNFL is prolly the ONLY GARBAGE game I've ever played. Absolutely ZERO skill gap little bums can beat you with his right cross body 50 yard shooting shoulder. Why do we pay $60 every fucking year and play this garbage? It's my same fucking garbage EVERY December.,2025-10-13 21:10:43,2025-10-13 21:10:50,271
7612,MaddenNFL,Negative,This looks fucking trash lmao,2025-10-13 21:10:43,2025-10-13 21:10:50,29
7612,MaddenNFL,Negative,This looks damn rubbish lmao,2025-10-13 21:10:43,2025-10-13 21:10:50,28
7612,MaddenNFL,Negative,It looks like a heck of a lmao trash,2025-10-13 21:10:43,2025-10-13 21:10:50,36
7612,MaddenNFL,Negative,This looks plain trash lmao,2025-10-13 21:10:43,2025-10-13 21:10:50,27
7612,MaddenNFL,Negative,This looks fucking trash a lmao,2025-10-13 21:10:43,2025-10-13 21:10:50,31
7612,MaddenNFL,Negative,This damn fucking trash lmao,2025-10-13 21:10:43,2025-10-13 21:10:50,28
7613,MaddenNFL,Positive,Love his strength and power but hope he gets way more accurate with his long ball.,2025-10-13 21:10:43,2025-10-13 21:10:50,82
7613,MaddenNFL,Positive,I love his strength and power but I hope he gets a lot more accurate with his long ball.,2025-10-13 21:10:43,2025-10-13 21:10:50,88
7613,MaddenNFL,Positive,I love his power and power but hope he is more accurate with his long ball.,2025-10-13 21:10:43,2025-10-13 21:10:50,75
7613,MaddenNFL,Positive,Love his strength and power but hope he gets way more accurate with his long dive.,2025-10-13 21:10:43,2025-10-13 21:10:50,82
7613,MaddenNFL,Positive,Love his strength points and power but hope with he gets down way more accurate with his long ball.,2025-10-13 21:10:43,2025-10-13 21:10:50,99
7613,MaddenNFL,Positive,Love<unk> strength and power but hope he gets way more explosive with his long ball.,2025-10-13 21:10:43,2025-10-13 21:10:50,84
7614,MaddenNFL,Negative,@EAMaddenNFL you guys are a damn joke!!!,2025-10-13 21:10:43,2025-10-13 21:10:50,40
7614,MaddenNFL,Negative,@ EAMaddenNFL you are a damn joke!!!,2025-10-13 21:10:43,2025-10-13 21:10:50,36
7614,MaddenNFL,Negative,@ EAMaddenNFL you guys are a damn joke!!!,2025-10-13 21:10:43,2025-10-13 21:10:50,41
7614,MaddenNFL,Negative,@EAMaddenNFL you guys are on damn joke!!!,2025-10-13 21:10:43,2025-10-13 21:10:50,41
7614,MaddenNFL,Negative,@EAMaddenNFL you four guys are playing a damn joke!!!,2025-10-13 21:10:43,2025-10-13 21:10:50,53
7614,MaddenNFL,Negative,@EAMaddenNFL The guys are a damn joke!!!,2025-10-13 21:10:43,2025-10-13 21:10:50,40
7615,MaddenNFL,Negative,@EAMaddenNFL lmao i think there’s something wrong with the awards pic.twitter.com/Pr7oBXwQX9,2025-10-13 21:10:43,2025-10-13 21:10:50,92
7615,MaddenNFL,Negative,@ EAMaddenNFL lmao I think there's something wrong with the awards pic.twitter.com / Pr7oBXwQX9,2025-10-13 21:10:43,2025-10-13 21:10:50,95
7615,MaddenNFL,Negative,@ EAMaddenNFL lmao i think there's something wrong with the awards pic.facebook.com / Pr7oBXwQX9,2025-10-13 21:10:43,2025-10-13 21:10:50,96
7615,MaddenNFL,Negative,RhandlerR lmao i think there’s something wrong with the awards pic.twitter.com/Pr7oBXwQX9,2025-10-13 21:10:43,2025-10-13 21:10:50,89
7615,MaddenNFL,Negative,see RhandlerR lmao i think there’s something wrong with the awards pic.twitter.com/Pr7oBXwQX9,2025-10-13 21:10:43,2025-10-13 21:10:50,93
7615,MaddenNFL,Negative,it,2025-10-13 21:10:43,2025-10-13 21:10:50,2
7616,MaddenNFL,Positive,Huge shout out to @TFG_Football for taking the time to show people how easy it is to install mods on the PC for @EAMaddenNFL  . . youtube.com/watch?v=29-x2v…,2025-10-13 21:10:43,2025-10-13 21:10:50,157
7616,MaddenNFL,Positive,Huge shout out to @ TFG _ Football for taking the time to show people how easy it is to install mods for @ EAMaddenNFL on your PC.. youtube.com / watch? v = 29-x2v...,2025-10-13 21:10:43,2025-10-13 21:10:50,166
7616,MaddenNFL,Positive,Huge shoot to @ TFG _ Football for taking the time to show people how easy it is to install mods on the PC for @ EAMaddenNFL. youtube.com / watch? v = 29-x2v...,2025-10-13 21:10:43,2025-10-13 21:10:50,160
7616,MaddenNFL,Positive,Huge shout out to @TFG_Football for taking the time to show people how easy it does npm install mods under the PC for @EAMaddenNFL . - youtube.com/watch?v=29-x2v…,2025-10-13 21:10:43,2025-10-13 21:10:50,162
7616,MaddenNFL,Positive,Huge shout out to @TFG_Football for taking the time easy to show people are how too easy it not is to quickly install and mods installed on the PC for using @EAMaddenNFL.. youtube. de com / watch? v = 29 - 79 x2v …,2025-10-13 21:10:43,2025-10-13 21:10:50,214
7616,MaddenNFL,Positive,brief shout out towards @TFG_Football about taking this liberty to show people how easy it is to install mods around our website for @EAMaddenNFL.. youtube.com/watch?v=29-x2v...,2025-10-13 21:10:43,2025-10-13 21:10:50,177
7617,MaddenNFL,Negative,nan,2025-10-13 21:10:43,2025-10-13 21:10:50,3
7617,MaddenNFL,Negative,It is not the first time that the EU Commission has taken such a step.,2025-10-13 21:10:43,2025-10-13 21:10:50,70
7617,MaddenNFL,Negative,"At the same time, despite the fact that there are currently some 100 million people living below the poverty line, most of them do not have access to health services and do not have access to health care, while most of them do not have access to health care.",2025-10-13 21:10:43,2025-10-13 21:10:50,258
7617,MaddenNFL,Negative,nan,2025-10-13 21:10:43,2025-10-13 21:10:50,3
7617,MaddenNFL,Negative,nan,2025-10-13 21:10:43,2025-10-13 21:10:50,3
7617,MaddenNFL,Negative,nan,2025-10-13 21:10:43,2025-10-13 21:10:50,3
7618,MaddenNFL,Negative,@EAMaddenNFL is there a reason OFFLINE franchise lags so much? Every play skips and good luck kicking a extra point. Shouldn’t a OFFLINE MODE have 0 input lag? Please patch this...,2025-10-13 21:10:43,2025-10-13 21:10:50,181
7618,MaddenNFL,Negative,"@ EAMaddenNFL, is there a reason why the OFFLINE franchise lags so much behind? Every game skips and good luck kicking an extra point. Shouldn't an OFFLINE MODE have an 0-input deficit? Please patch this...",2025-10-13 21:10:43,2025-10-13 21:10:50,206
7618,MaddenNFL,Negative,@ EAMaddenNFL is there a reason why the OFF is so far behind? Every game misses and luck kicks in an extra point. Should the OFF not have 0 entries? Please correct this...,2025-10-13 21:10:43,2025-10-13 21:10:50,171
7618,MaddenNFL,Negative,@EAMaddenNFL is there a reason OFFLINE input lags so much? Every play skips and no luck kicking a field point. Shouldn’t a OFFLINE MODE have 0 input lag? Please patch please,2025-10-13 21:10:43,2025-10-13 21:10:50,173
7618,MaddenNFL,Negative,@EAMaddenNFL is is there a specific reason OFFLINE franchise lags so much? Every professional play skips and thinks good luck kicking a little extra level point. Shouldn on ’ t only a random OFFLINE MODE have their 0 input lag? Please patch this...,2025-10-13 21:10:43,2025-10-13 21:10:50,248
7618,MaddenNFL,Negative,@EAMaddenNFL is there other reason OFFLINE franchise lags so much? Every times better then good luck kicking a extra point. Did a OFFLINE MODE have 0 input lag? Please clarify that...,2025-10-13 21:10:43,2025-10-13 21:10:50,183
7619,MaddenNFL,Negative,No way madden @EAMaddenNFL y’all see this???? Fix the game,2025-10-13 21:10:43,2025-10-13 21:10:50,58
7619,MaddenNFL,Negative,No way madden @ EAMaddenNFL y'all see this???? Fix the game,2025-10-13 21:10:43,2025-10-13 21:10:50,59
7619,MaddenNFL,Negative,No way madden @ EAMaddenNFL y'all see this??? Fix the game,2025-10-13 21:10:43,2025-10-13 21:10:50,58
7619,MaddenNFL,Negative,No way madden @EAMaddenNFL y’all see this???? Fix the NFL,2025-10-13 21:10:43,2025-10-13 21:10:50,57
7619,MaddenNFL,Negative,No way to madden us @EAMaddenNFL y You ’ all could see this???? Fix the game,2025-10-13 21:10:43,2025-10-13 21:10:50,76
7619,MaddenNFL,Negative,or man madden will y’all see this???? Fix the game,2025-10-13 21:10:43,2025-10-13 21:10:50,50
7620,MaddenNFL,Negative,y'all gotta stop reporting on this shit as if it means anything lmao,2025-10-13 21:10:43,2025-10-13 21:10:50,68
7620,MaddenNFL,Negative,Everybody needs to stop reporting this shit as if it means anything lmao,2025-10-13 21:10:43,2025-10-13 21:10:50,72
7620,MaddenNFL,Negative,y'all gstop reporting on this shit as if it means anything lmao,2025-10-13 21:10:43,2025-10-13 21:10:50,63
7620,MaddenNFL,Negative,y'all gotta stop reporting on petty shit as if it means anything lmao,2025-10-13 21:10:43,2025-10-13 21:10:50,69
7620,MaddenNFL,Negative,y'all gotta say stop reporting out on this shit tomorrow as if it means anything lmao,2025-10-13 21:10:43,2025-10-13 21:10:50,85
7620,MaddenNFL,Negative,y'all seriously stop reporting on this shit as though it means anything lmao,2025-10-13 21:10:43,2025-10-13 21:10:50,76
7621,MaddenNFL,Negative,"@EAMaddenNFL y’all have to fix the stupid H2H gameplay, I’m tired of my receivers getting stuck on defenders and there not being calls for that",2025-10-13 21:10:43,2025-10-13 21:10:50,143
7621,MaddenNFL,Negative,"@ EAMaddenNFL y'all have to fix the stupid H2H gameplay, I'm sick of my receivers getting stuck at defenders and there are no calls for it",2025-10-13 21:10:43,2025-10-13 21:10:50,138
7621,MaddenNFL,Negative,"@ EAMaddenNFL y'all have to fix the stupid H2H gameplay, I'm tired of my receivers getting stuck on defenders and there not being calls for that",2025-10-13 21:10:43,2025-10-13 21:10:50,144
7621,MaddenNFL,Negative,"@EAMaddenNFL y’all ought to fix the stupid H2H gameplay, I’m tired of my receivers getting busted on defenders and there not being calls for anything",2025-10-13 21:10:43,2025-10-13 21:10:50,149
7621,MaddenNFL,Negative,"With @EAMaddenNFL y ’ all men have to constantly fix the stupid H2H gameplay, I ’ m tired of having my receivers getting too stuck even on defenders and there my not being calls for that",2025-10-13 21:10:43,2025-10-13 21:10:50,186
7621,MaddenNFL,Negative,"@EAMaddenNFL y’all have any excuse the stupid team gameplay, I’m tired of my characters getting stuck on defenders and there not being calls on that",2025-10-13 21:10:43,2025-10-13 21:10:50,148
7622,MaddenNFL,Neutral,"@SHUTDOWNSAFETY HAVE ANY CLINT OLDENBURG HIGHLIGHT FILM?! AND OR A JERSEY FROM HIS ROUGHRIDER DAYS?? I KNOW @Yoooooomoma MUST HAVE SOME IM SURE?! YOU HAVE EVERYTHING. ,BE PULLING OUT VIDEOS FROM THE 1900’s SHOWING HOW KIV AND PRO PLAYERS EMBARRASSED THEMSELVES THAT DAY",2025-10-13 21:10:43,2025-10-13 21:10:50,271
7622,MaddenNFL,Neutral,@ SHUTDOWNSAFETY HAVE NO LINT OLDENBURG HIGHLIGHT FILM?! AND NO JERSEY OF HIS RIDING DAYS?? I KNOW @ Yoooooomoma MUST HAVE ONE IN THE SURE?! YOU HAVE EVERYTHING.,2025-10-13 21:10:43,2025-10-13 21:10:50,161
7622,MaddenNFL,Neutral,"@ SHUTDOWNSAFETY HAVE ANY CHT OLDENBURG HIGHT FILM?! AND OR A JERSEY FROR HIS ROUGHRIDAYS?? I KNOW @ Yoooooooma MUST HAVE SOME?! YOU HAVE EVERYTHING., PULG OUT VIDEO FROM HOW KIV AND PRO PLAYERS EMBARRASTEMSELVES THAT DAY.",2025-10-13 21:10:43,2025-10-13 21:10:50,222
7622,MaddenNFL,Neutral,@SHUTDOWNSAFETY HAVE a BAD OLDENBURG HIGHLIGHT FILM?! AND OR A LINE FROM HIS ROUGHRIDER DAYS?? I KNOW @Yoooooomoma MUST HAVE SOME IM SURE?! YOU GET EVERYTHING. JUST PULLING OUT STORY FROM THE 1900’s US AS KIV AND PRO PLAYERS EMBARRASSED THEMSELVES THAT DAY,2025-10-13 21:10:43,2025-10-13 21:10:50,256
7622,MaddenNFL,Neutral,"@SHUTDOWNSAFETY HAVE ANY CLINT OLDENBURG HIGHLIGHT AND FILM?! AND OR A JERSEY AS FROM HIS IT ROUGHRIDER IS DAYS?? I KNOW IN @Yoooooomoma MUST HAVE SOME IM SURE?! YOU HAVE EVERYTHING., BE ON PULLING OUT ME VIDEOS FROM OF THE 1900 ’ s SHOWING AND HOW KIV IN AND PRO PLAYERS EMBARRASSED THEMSELVES THAT DAY",2025-10-13 21:10:43,2025-10-13 21:10:50,303
7622,MaddenNFL,Neutral,"@SHUTDOWNSAFETY IN ANY CLINT OLDENBURG HIGHLIGHT FILM?! AND OR A JERSEY FROM HIS ROUGHRIDER DAYS?? MUST KNOW @Yoooooomoma MUST HAVE SOME IM SURE?! We need EVERYTHING.,BE PULLING OUT VIDEOS FROM THE WORLD and HOW KIV<unk> the PLAYERS EMBARRASSED THAT BY DAY",2025-10-13 21:10:43,2025-10-13 21:10:50,256
7623,MaddenNFL,Positive,@EAMaddenNFL  love the graphics,2025-10-13 21:10:43,2025-10-13 21:10:50,31
7623,MaddenNFL,Positive,@ EAMaddenNFL love the graphics,2025-10-13 21:10:43,2025-10-13 21:10:50,31
7623,MaddenNFL,Positive,@ EAMaddenNFL love the graphics,2025-10-13 21:10:43,2025-10-13 21:10:50,31
7623,MaddenNFL,Positive,@EAMaddenNFL  love the songs,2025-10-13 21:10:43,2025-10-13 21:10:50,28
7623,MaddenNFL,Positive,@EAMaddenNFL to love the graphics,2025-10-13 21:10:44,2025-10-13 21:10:50,33
7623,MaddenNFL,Positive,@EAMaddenNFL love the snow,2025-10-13 21:10:44,2025-10-13 21:10:50,26
7624,MaddenNFL,Negative,Fuck @EAMaddenNFL  support team horribleeeeeeeee service am better off talking sigh language,2025-10-13 21:10:44,2025-10-13 21:10:50,92
7624,MaddenNFL,Negative,Fuck @ EAMaddenNFL support team horribleeeeeeeeeee service I'm better off speaking sigh language,2025-10-13 21:10:44,2025-10-13 21:10:50,96
7624,MaddenNFL,Negative,Fuck @ EAMaddenNFL support team horrobleeeeeeeee service am better from talking sigh language,2025-10-13 21:10:44,2025-10-13 21:10:50,93
7624,MaddenNFL,Negative,Fuck @EAMaddenNFL <unk> team horribleeeeeeeee service am better off talking sigh language,2025-10-13 21:10:44,2025-10-13 21:10:50,89
7624,MaddenNFL,Negative,Fuck sure @EAMaddenNFL support my team horribleeeeeeeee This service am better off talking sigh language,2025-10-13 21:10:44,2025-10-13 21:10:50,104
7624,MaddenNFL,Negative,Fuck @EAMaddenNFL support<unk> Customer service am better you talking sigh language,2025-10-13 21:10:44,2025-10-13 21:10:50,83
7625,MaddenNFL,Negative,Cowboys 8-8 = 83. Eagles 1 and done = 83. Saints 1 and done = 85. Chiefs Superbowl champs = 82. . Nevermind gameplay EA.... . YOU CANT EVEN GET THIS CRAP RIGHT @EAMaddenNFL,2025-10-13 21:10:44,2025-10-13 21:10:50,172
7625,MaddenNFL,Negative,Cowboys 8-8 = 83rd Eagles 1 and done = 83rd Saints 1 and done = 85th Chiefs Superbowl champs = 82nd Nevermind gameplay EA..... YOU CAN RIGHT THIS POWER @ EAMaddenNFL,2025-10-13 21:10:44,2025-10-13 21:10:50,165
7625,MaddenNFL,Negative,Cowboys 8-8 = 83. Eagles 1 and did = 83. Saints 1 and did = 85. Chamberlain Superbowl = 82. Neverming gameplay EA..... YOU CANT EVEN GET THE CRAP RIGHT @ EAMaddenNFL,2025-10-13 21:10:44,2025-10-13 21:10:50,165
7625,MaddenNFL,Negative,Cowboys 8-8 = 83. Eagles 4 and done = 83. Saints 1 and done = 85. Chiefs Superbowl champs = 82. **** Nevermind IF …. YOU CANT EVEN GET THIS CRAP RIGHT @EAMaddenNFL,2025-10-13 21:10:44,2025-10-13 21:10:50,163
7625,MaddenNFL,Negative,Cowboys 8 - 8 = 1973 83. Eagles sides 1 and done = 83. → Saints teams 1 and done = 1987 85. Chiefs Superbowl playoffs champs = 82.. Nevermind Games gameplay EA..... OH YOU CANT NO EVEN GET THIS CRAP 7 RIGHT @EAMaddenNFL,2025-10-13 21:10:44,2025-10-13 21:10:50,219
7625,MaddenNFL,Negative,Cowboys are-8 = 83. Packers 1 and lead = 83. Saints 1 and left = 85. Chiefs Superbowl champs = 82..<unk> gameplay EA..... YOU CANT EVEN GET THIS THIS<unk> BY,2025-10-13 21:10:44,2025-10-13 21:10:50,157
7626,MaddenNFL,Positive,Get in here and support a good cause!,2025-10-13 21:10:44,2025-10-13 21:10:50,37
7626,MaddenNFL,Positive,Enter here and support a good cause!,2025-10-13 21:10:44,2025-10-13 21:10:50,36
7626,MaddenNFL,Positive,Join and support a good cause!,2025-10-13 21:10:44,2025-10-13 21:10:50,30
7626,MaddenNFL,Positive,Get in here and support this good cause!,2025-10-13 21:10:44,2025-10-13 21:10:50,40
7626,MaddenNFL,Positive,Get her in here and support a good cause!,2025-10-13 21:10:44,2025-10-13 21:10:50,41
7626,MaddenNFL,Positive,Get in here and support a good friend!,2025-10-13 21:10:44,2025-10-13 21:10:50,38
7627,MaddenNFL,Positive,Zelda 2. @EAMaddenNFL 94. Golden Eye. Final Fantasy III. and a little game called Uncharted Waters that I loved but seem to be the only one that did.,2025-10-13 21:10:44,2025-10-13 21:10:50,149
7627,MaddenNFL,Positive,Zelda 2. @ EAMaddenNFL 94. Golden Eye. Final Fantasy III. And a little game called Uncharted Waters that I loved but apparently was the only one that did.,2025-10-13 21:10:44,2025-10-13 21:10:50,154
7627,MaddenNFL,Positive,"Zelda 2. @ EAMaddenNFL 94. Golden Eye. Final FFFI and a little game called Uncharted Waters, which I loved but seem to be the only one that did.",2025-10-13 21:10:44,2025-10-13 21:10:50,144
7627,MaddenNFL,Positive,Zelda 2. @EAMaddenNFL 94. Golden Eye. Final Fantasy III. and a little game called Uncharted Waters that I loved then seem to hate the weird one that did.,2025-10-13 21:10:44,2025-10-13 21:10:50,153
7627,MaddenNFL,Positive,Martin Zelda 2. @EAMaddenNFL 94. Golden Eye. Final Power Fantasy III. Fantasy and a little game called Uncharted Waters that I loved but seem only to now be the single only single one left that did.,2025-10-13 21:10:44,2025-10-13 21:10:50,198
7627,MaddenNFL,Positive,Zelda 2. Sector 94. Golden Eye. Final Fantasy 1. and a little game called Uncharted Waters that I missed but seem to me the only one anyone did.,2025-10-13 21:10:44,2025-10-13 21:10:50,144
7628,MaddenNFL,Negative,. @EAMaddenNFL . . Wow can't play the game due to this bug... pic.twitter.com/xn7Grq4L6i,2025-10-13 21:10:44,2025-10-13 21:10:50,89
7628,MaddenNFL,Negative,. @ EAMaddenNFL.. Wow can't play the game due to this bug... pic.twitter.com / xn7Grq4L6i,2025-10-13 21:10:44,2025-10-13 21:10:50,89
7628,MaddenNFL,Negative,. @ EAMaddenNFL.. Wow can't play the game due to this bug... pic.fm / xn7Grq4L6i,2025-10-13 21:10:44,2025-10-13 21:10:50,80
7628,MaddenNFL,Negative,. RhandlerR . . Wow can't play the game due to this bug... pic.twitter.com/xn7Grq4L6i,2025-10-13 21:10:44,2025-10-13 21:10:50,86
7628,MaddenNFL,Negative,2011  . RhandlerR . . Wow can't play the game due to this bug... pic.twitter.com/xn7Grq4L6i,2025-10-13 21:10:44,2025-10-13 21:10:50,91
7628,MaddenNFL,Negative,I,2025-10-13 21:10:44,2025-10-13 21:10:50,1
7629,MaddenNFL,Negative,@EAMaddenNFL giive me my money back. Your game is broken..  yall are fucking thieves!!!,2025-10-13 21:10:44,2025-10-13 21:10:50,87
7629,MaddenNFL,Negative,@ EAMaddenNFL give me my money back. Your game is broken.. everyone is fucking thieves!!!,2025-10-13 21:10:44,2025-10-13 21:10:50,89
7629,MaddenNFL,Negative,@ EAMaddenNFL give me my money back. Your game is broken.. yall are fucking faves!!!,2025-10-13 21:10:44,2025-10-13 21:10:50,84
7629,MaddenNFL,Negative,@EAMaddenNFL giive me my money back. The game is broken..  yall your fucking thieves!!!,2025-10-13 21:10:44,2025-10-13 21:10:50,87
7629,MaddenNFL,Negative,@EAMaddenNFL was giive me my dead money... back. Your poker game is broken.. yall are fucking white thieves!!!,2025-10-13 21:10:44,2025-10-13 21:10:50,110
7629,MaddenNFL,Negative,@EAMaddenNFL giive<unk> my trump card. Your game is broken.. yall are fucking thieves!!!,2025-10-13 21:10:44,2025-10-13 21:10:50,88
7630,MaddenNFL,Positive,Nice @EAMaddenNFL @EASPORTS_MUT @EA pic.twitter.com/eTOHC1JJgl,2025-10-13 21:10:44,2025-10-13 21:10:50,62
7630,MaddenNFL,Positive,Nice @ EAMaddenNFL @ EASPORTS _ MUT @ EA pic.twitter.com / eTOHC1JJgl,2025-10-13 21:10:44,2025-10-13 21:10:50,69
7630,MaddenNFL,Positive,Nice @ EAMaddenNFL @ EASPORTS _ MUT @ EA pic.webs.com / eTOHC1JJJJ,2025-10-13 21:10:44,2025-10-13 21:10:50,66
7630,MaddenNFL,Positive,Nice RhandlerR RhandlerR RhandlerR pic.twitter.com/eTOHC1JJgl,2025-10-13 21:10:44,2025-10-13 21:10:50,61
7630,MaddenNFL,Positive,L Nice RhandlerR RhandlerR RhandlerR pic.twitter.com/eTOHC1JJgl,2025-10-13 21:10:44,2025-10-13 21:10:50,63
7630,MaddenNFL,Positive,like,2025-10-13 21:10:44,2025-10-13 21:10:50,4
7631,MaddenNFL,Negative,"GIVE @2K THE ABILITIES TO MAKE SIM FOOTBALL GAMES NOW! EFF THAT CONTRACT. @EAMaddenNFL Y'ALL HAVE SWINDLED US ENOUGH! @NFL TELL THEM TO GIVE IT UP, THEY DON'T DESERVE THE EXCLUSIVITY LICENSE ANYMORE!!!!!",2025-10-13 21:10:44,2025-10-13 21:10:50,203
7631,MaddenNFL,Negative,"Enter @ 2K THE ABILITIES TO MAKE SIM FOOTBALL GAMES NOW! EFF THAT CONTRACT. @ EAMaddenNFL Y'ALL HAVE SWINDLED US ENOUGH! @ NFL SELL THEM TO GIVE IT UP, THEY DON'T DERVE THE EXCLUSIVITY LICENSE ANYMORE!!!!",2025-10-13 21:10:44,2025-10-13 21:10:50,204
7631,MaddenNFL,Negative,"GIVE @ 2K THE ABILITES TO MAKE SIM FOMBALL GAMES NOW! EFF THAT CONTRACT. @ EAMaddenNFL Y'ALL HAVE SWINDUS ENOUD! @ NFL TELL TO GIVE IT UP, THE Don't Don't DESERVE THE EXCLUSIVITY LICENSE ANYMORE!!!!",2025-10-13 21:10:44,2025-10-13 21:10:50,198
7631,MaddenNFL,Negative,"GIVE IT THE ABILITIES TO MAKE SIM FOOTBALL TEST NOW! EFF THAT CONTRACT. @2K D'ALL HAVE SWINDLED US ENOUGH! @EAMaddenNFL TELL THEM TO GIVE IT DOWN, THEY DON'T USE THE SCHOOL LICENSE ANYMORE!!!!!",2025-10-13 21:10:44,2025-10-13 21:10:50,193
7631,MaddenNFL,Negative,"GIVE @2K THE ME ABILITIES TO MAKE SIM FOOTBALL GAMES GO NOW! EFF THAT CONTRACT. TO @EAMaddenNFL A Y'ALL HAVE SWINDLED US ENOUGH! YOU @NFL TELL THEM TO GIVE IT IT B UP, THEY DON'T YOU DESERVE THE IN EXCLUSIVITY LICENSE IN ANYMORE!!!!!",2025-10-13 21:10:44,2025-10-13 21:10:50,233
7631,MaddenNFL,Negative,"<unk> @2K THE ABILITIES TO AS SIM FOOTBALL GAMES NOW! EFF THAT CONTRACT. Since Y'ALL HAVE SWINDLED US ENOUGH! But realize THAT TO GIVE A UP, THEY DON'T DESERVE IT EXCLUSIVITY OF BUT!!!!!",2025-10-13 21:10:44,2025-10-13 21:10:50,186
7632,MaddenNFL,Negative,@EAMaddenNFL yall really think my last name is profane? I cant use my own last name in The Yard??!! What is profane about “Crossett” .,2025-10-13 21:10:44,2025-10-13 21:10:50,135
7632,MaddenNFL,Negative,"@ EAMaddenNFL yall really think my surname is profane? I can't use my own surname in The Yard??!! What's profane about \"Crossett.\"",2025-10-13 21:10:44,2025-10-13 21:10:50,130
7632,MaddenNFL,Negative,"@ EAMaddenNFL yall really think my family is profane? I cant use my own family in The Yard??! What is profane about \"Festitt.\"",2025-10-13 21:10:44,2025-10-13 21:10:50,126
7632,MaddenNFL,Negative,@EAMaddenNFL yall really think my last name is profane? I cant read my own legal name in The Yard??!! Whatever is profane about “Crossett”.,2025-10-13 21:10:44,2025-10-13 21:10:50,139
7632,MaddenNFL,Negative,@EAMaddenNFL yall really think my exact last name is not profane? I cant please use my own last name in At The Court Yard??!! And What is profane about “ Matthew Crossett a ”.,2025-10-13 21:10:44,2025-10-13 21:10:50,175
7632,MaddenNFL,Negative,@EAMaddenNFL yall really think my street name is profane? I cant use an old street name in The Yard??!! What something profane besides “Crossett”.,2025-10-13 21:10:44,2025-10-13 21:10:50,146
7633,MaddenNFL,Negative,@EAMaddenNFL  do you guys even watch the actual game? Your ratings are trash af. Get @_TJWatt in that 90 club before release smh. @minkfitz_21 and Steven Nelson as well.,2025-10-13 21:10:44,2025-10-13 21:10:50,169
7633,MaddenNFL,Negative,"@ EAMaddenNFL, are you even watching the current game? Your ratings are garbage. Get @ _ TJWatt in this 90 club before you release smh. @ minkfitz _ 21 and Steven Nelson.",2025-10-13 21:10:44,2025-10-13 21:10:50,170
7633,MaddenNFL,Negative,@ EAMaddenNFL do you guys even watch the actual game? Your ratings are trash af. Get @ _ TJWatt in that 90 club before release smh. @ minkfitz _ 21 and Steven Nelson as well.,2025-10-13 21:10:44,2025-10-13 21:10:50,174
7633,MaddenNFL,Negative,@EAMaddenNFL  do NOT actually even watch the whole game? Your ratings are trash af. Get @_TJWatt in that 90 club before release smh. @minkfitz_21 insulted Steven Nelson as well.,2025-10-13 21:10:44,2025-10-13 21:10:50,177
7633,MaddenNFL,Negative,End @EAMaddenNFL But do you guys even all watch the same actual game? Your ratings are still trash af. Get away @_TJWatt in almost that 90 percent club before release smh. @minkfitz_21 Jeff and Steven Nelson as well.,2025-10-13 21:10:44,2025-10-13 21:10:50,216
7633,MaddenNFL,Negative,@EAMaddenNFL will you still even support the other game? Your ratings are trash af. Get @_TJWatt in that 90 club before release smh. suck and Steven Nelson as an.,2025-10-13 21:10:44,2025-10-13 21:10:50,162
7634,MaddenNFL,Negative,Disrespectful. Plain and simple.,2025-10-13 21:10:44,2025-10-13 21:10:50,32
7634,MaddenNFL,Negative,"Disrespectful, plain and simple.",2025-10-13 21:10:44,2025-10-13 21:10:50,32
7634,MaddenNFL,Negative,Disgusting. Indifferent and simple.,2025-10-13 21:10:44,2025-10-13 21:10:50,35
7634,MaddenNFL,Negative,Disrespectful. Full and simple.,2025-10-13 21:10:44,2025-10-13 21:10:50,31
7634,MaddenNFL,Negative,Disrespectful. ″ Plain and deadly simple.,2025-10-13 21:10:44,2025-10-13 21:10:50,41
7634,MaddenNFL,Negative,Disrespectful. Plain and true.,2025-10-13 21:10:44,2025-10-13 21:10:50,30
7635,MaddenNFL,Neutral,THE MADDEN CURSE HAS BEEN BROKEN. NOW GIVE THE COVER TO @Lj_era8 @EAMaddenNFL @EASPORTS_MUT,2025-10-13 21:10:44,2025-10-13 21:10:50,91
7635,MaddenNFL,Neutral,THE MADDEN CURSE WAS BROKEN. Put the blanket on @ Lj _ era8 @ EAMaddenNFL @ EASPORTS _ MUT,2025-10-13 21:10:44,2025-10-13 21:10:50,90
7635,MaddenNFL,Neutral,NOW DO Cover @ Lj _ era8 @ EAMaddenNFL @ EASPORTS _ MUT,2025-10-13 21:10:44,2025-10-13 21:10:50,55
7635,MaddenNFL,Neutral,THE MADDEN CURSE HAS IT BROKEN. PLEASE GIVE THE COVER TO @Lj_era8 @EAMaddenNFL @EASPORTS_MUT,2025-10-13 21:10:44,2025-10-13 21:10:50,92
7635,MaddenNFL,Neutral,THE MADDEN CURSE ONE HAS BEEN TO BROKEN. 7 NOW WHO GIVE YOU THE TO COVER TO @Lj_era8 @EAMaddenNFL The @EASPORTS_MUT,2025-10-13 21:10:44,2025-10-13 21:10:50,115
7635,MaddenNFL,Neutral,IT WILL CURSE HAS BEEN BROKEN.<unk> GIVE THE NOTE TO @Lj_era8 AND @EAMaddenNFL,2025-10-13 21:10:44,2025-10-13 21:10:50,78
7636,MaddenNFL,Negative,@EAMaddenNFL  give us the yellow Chiefs endzone that's featured in this year's Superbowl pretty pretty please,2025-10-13 21:10:44,2025-10-13 21:10:50,109
7636,MaddenNFL,Negative,"@ EAMaddenNFL give us the yellow Chiefs end zone, which is pretty nice to see at this year's Super Bowl",2025-10-13 21:10:44,2025-10-13 21:10:50,103
7636,MaddenNFL,Negative,"@ EAMaddenNFL give us the yellow Chandler, which is very beautiful in this year's Super Bowl",2025-10-13 21:10:44,2025-10-13 21:10:50,92
7636,MaddenNFL,Negative,@EAMaddenNFL  give us the yellow Chiefs endzone that's featured into this year's Superbowl pretty soon please,2025-10-13 21:10:44,2025-10-13 21:10:50,109
7636,MaddenNFL,Negative,@EAMaddenNFL give us the yellow Baltimore Chiefs endzone that've s featured in something this new year'd s Superbowl pretty pretty please,2025-10-13 21:10:44,2025-10-13 21:10:50,137
7636,MaddenNFL,Negative,@EAMaddenNFL give us the yellow Chiefs endzone that's featured during that year's video pretty pretty please,2025-10-13 21:10:44,2025-10-13 21:10:50,108
7637,MaddenNFL,Negative,@EAMaddenNFL @EASPORTS_MUT just ignore all the regular complaints about the game all year then comes on Twitter to say how proud of the TOTAL user base of madden 20 like a jackass. Makes no sense EA staff aren’t demanding a RAGE like game engine.,2025-10-13 21:10:44,2025-10-13 21:10:50,246
7637,MaddenNFL,Negative,@ EAMaddenNFL @ EASPORTS _ MUT just ignores all the regular complaints about the game all year and then comes on Twitter to say how proud of the TOTAL user base of Crazy 20 like a Jackass. It doesn't make sense that EA employees aren't calling for a RAGE-like game engine.,2025-10-13 21:10:44,2025-10-13 21:10:50,272
7637,MaddenNFL,Negative,@ EAMaddenNFL @ EASPORTS _ MUT just ignores all the regular complaints about the game all year round and then takes to Twitter to say how proud of TAL's user base of 20 million like jackals.,2025-10-13 21:10:44,2025-10-13 21:10:50,190
7637,MaddenNFL,Negative,@EAMaddenNFL @EASPORTS_MUT just ignore all the regular complaints about the servers all year then comes on Twitter to say how proud of the TOTAL user base of madden sounds like a jackass. Makes infinite sense the staff aren’t demanding a RAGE like controller engine.,2025-10-13 21:10:44,2025-10-13 21:10:50,266
7637,MaddenNFL,Negative,@EAMaddenNFL @EASPORTS_MUT just ignore all the regular complaints about the game all year then also comes on private Twitter to say how their proud of the current TOTAL user base kind of madden 20 like a jackass. Makes no sense EA game staff aren not ’ the t demanding on a RAGE like game and engine.,2025-10-13 21:10:44,2025-10-13 21:10:50,300
7637,MaddenNFL,Negative,@EAMaddenNFL @EASPORTS_MUT just ignore all the regular complaints about the Xbox for year then comes on Twitter to say why awesome is the TOTAL user base of madden 20 like a jackass. But no wonder EA staff aren’t demanding a PSP like game and.,2025-10-13 21:10:44,2025-10-13 21:10:50,243
7638,MaddenNFL,Negative,@EAMaddenNFL what is up with this desync error like I can’t even play the game I bought with my own money like come on ea,2025-10-13 21:10:44,2025-10-13 21:10:50,121
7638,MaddenNFL,Negative,"@ EAMaddenNFL, what's wrong with this desync error, as if I couldn't even play the game I bought with my own money.",2025-10-13 21:10:44,2025-10-13 21:10:50,115
7638,MaddenNFL,Negative,@ EAMaddenNFL what is up with this desync error like I can't even play the game I bought with my own money like come on ea,2025-10-13 21:10:44,2025-10-13 21:10:50,122
7638,MaddenNFL,Negative,@EAMaddenNFL V is up with this desync error like I can’t even play the game I bought with zero life money like come on ea,2025-10-13 21:10:44,2025-10-13 21:10:50,121
7638,MaddenNFL,Negative,@EAMaddenNFL what is so up with this desync and error like I can ’ t even play the game if I bought with my middle own good money like come one on ea,2025-10-13 21:10:44,2025-10-13 21:10:50,149
7638,MaddenNFL,Negative,@EAMaddenNFL ever comes up with this desync error like I can’t even play your game I bought with your own money like come on ea,2025-10-13 21:10:44,2025-10-13 21:10:50,127
7639,MaddenNFL,Negative,@EAMaddenNFL  this games ass .,2025-10-13 21:10:44,2025-10-13 21:10:50,31
7639,MaddenNFL,Negative,@ EAMaddenNFL this game ass.,2025-10-13 21:10:44,2025-10-13 21:10:50,28
7639,MaddenNFL,Negative,@ EAMaddenNFL this game is a ass.,2025-10-13 21:10:44,2025-10-13 21:10:50,33
7639,MaddenNFL,Negative,@EAMaddenNFL . games ass.,2025-10-13 21:10:44,2025-10-13 21:10:50,25
7639,MaddenNFL,Negative,@EAMaddenNFL... this games ass.,2025-10-13 21:10:44,2025-10-13 21:10:50,31
7639,MaddenNFL,Negative,@EAMaddenNFL my games ass.,2025-10-13 21:10:44,2025-10-13 21:10:50,26
7640,MaddenNFL,Negative,Lamar Jackson is OP as hell in solos... .,2025-10-13 21:10:44,2025-10-13 21:10:50,44
7640,MaddenNFL,Negative,Lamar Jackson is hell in solos....,2025-10-13 21:10:44,2025-10-13 21:10:50,34
7640,MaddenNFL,Negative,Lamar Jackson is like hell in a solo...,2025-10-13 21:10:44,2025-10-13 21:10:50,39
7640,MaddenNFL,Negative,Lamar Jackson is OP as hell doing solos....,2025-10-13 21:10:44,2025-10-13 21:10:50,43
7640,MaddenNFL,Negative,Lamar Jackson is OP as goes hell in two solos....,2025-10-13 21:10:44,2025-10-13 21:10:50,49
7640,MaddenNFL,Negative,Jesse Jackson is OP go hell in solos....,2025-10-13 21:10:44,2025-10-13 21:10:50,40
7641,MaddenNFL,Negative,@EAMaddenNFL  FIX YOUR GAME AND YOUR SERVERS BECAUSE THERE IS DO MUCH BUGS ITS UNPLAYABLE.,2025-10-13 21:10:44,2025-10-13 21:10:50,90
7641,MaddenNFL,Negative,"@ EAMaddenNFL FIX YOUR GAME AND YOUR SERVER, BECAUSE IT BUYS MUCH, HIS UNPLAYABLE.",2025-10-13 21:10:44,2025-10-13 21:10:50,82
7641,MaddenNFL,Negative,@ EAMaddenNFL FIX YOUR GAME AND YOUR SERVERS BECAUSE THERE IS DO MUCH BUGS ITS INPLAYABLE.,2025-10-13 21:10:44,2025-10-13 21:10:50,90
7641,MaddenNFL,Negative,@EAMaddenNFL  FIX YOUR GAME AND YOUR SYSTEM BECAUSE THERE IS DO MUCH OR ITS UNPLAYABLE.,2025-10-13 21:10:44,2025-10-13 21:10:50,87
7641,MaddenNFL,Negative,@EAMaddenNFL FIX YOUR THE GAME AND IS YOUR WHO SERVERS TO BECAUSE and THERE IS I DO MUCH TO BUGS or ITS UNPLAYABLE.,2025-10-13 21:10:44,2025-10-13 21:10:50,115
7641,MaddenNFL,Negative,@EAMaddenNFL FIX<unk> GAME IN YOUR FOR BECAUSE IT IS HOW MUCH BUGS ITS UNPLAYABLE.,2025-10-13 21:10:44,2025-10-13 21:10:50,82
7642,MaddenNFL,Positive,@Equipment_Guru @EAMaddenNFL @espn Thank you for the,2025-10-13 21:10:44,2025-10-13 21:10:50,54
7642,MaddenNFL,Positive,@ Equipment _ Guru @ EAMaddenNFL @ espn Thanks for the,2025-10-13 21:10:44,2025-10-13 21:10:50,54
7642,MaddenNFL,Positive,@ Equipment _ Guru @ EAMaddenNFL @ espn Thank you for the,2025-10-13 21:10:44,2025-10-13 21:10:50,57
7642,MaddenNFL,Positive,@Equipment_Guru @EAMaddenNFL @espn Thank you in the,2025-10-13 21:10:44,2025-10-13 21:10:50,51
7642,MaddenNFL,Positive,link @Equipment_Guru Link @EAMaddenNFL @espn Thank of you for the,2025-10-13 21:10:44,2025-10-13 21:10:50,65
7642,MaddenNFL,Positive,@Equipment_Guru Ms @EAMaddenNFL Thank you so the,2025-10-13 21:10:44,2025-10-13 21:10:50,48
7643,MaddenNFL,Negative,@EAMaddenNFL Please in this next update y’all tune the Eagles line down. They were not like this in the season!!!! Makes the game not fun when you can just put on chew clock and run behind 4 stars,2025-10-13 21:10:44,2025-10-13 21:10:50,196
7643,MaddenNFL,Negative,@ EAMaddenNFL Please in this next update y'all tune the Eagles line down. They haven't been that way this season!!!! Don't enjoy the game when you can just put on a chew watch and run after 4 stars,2025-10-13 21:10:44,2025-10-13 21:10:50,197
7643,MaddenNFL,Negative,@ EAMaddenNFL Please in this next update y'all tune the Eagles line down. They were not like this in the season!!! Makes the game not fun when you can just put on chew clock and run behind 4 stars,2025-10-13 21:10:44,2025-10-13 21:10:50,196
7643,MaddenNFL,Negative,@EAMaddenNFL Please in this play update y’all tune the Eagles line down. They were not like this in the early Makes the game not fun when you can just put on chew clock and run with your stars,2025-10-13 21:10:44,2025-10-13 21:10:50,192
7643,MaddenNFL,Negative,@EAMaddenNFL Please log in for this next update y ’ above all go tune the Eagles line down. They were not like at this in the same season!!!! Makes running the game not fun when you can just... put on the chew clock and run behind 4 stars,2025-10-13 21:10:44,2025-10-13 21:10:50,238
7643,MaddenNFL,Negative,@EAMaddenNFL Please in this next update y’all tune<unk> bass line better. They were not like that in the season!!!! Makes the game not fun so you can just stay on chew clock or run behind 4 stars,2025-10-13 21:10:44,2025-10-13 21:10:50,195
7644,MaddenNFL,Negative,No fucking way... is DHop a 103 rating?,2025-10-13 21:10:44,2025-10-13 21:10:50,39
7644,MaddenNFL,Negative,No fucking way... is DHop a 103 rating?,2025-10-13 21:10:44,2025-10-13 21:10:50,39
7644,MaddenNFL,Negative,"No, fucking way... DHop 103 rating?",2025-10-13 21:10:44,2025-10-13 21:10:50,35
7644,MaddenNFL,Negative,No fucking way... is DHop PG 103 rating?,2025-10-13 21:10:44,2025-10-13 21:10:50,40
7644,MaddenNFL,Negative,No fucking flipping way... is DHop a rated 103 rating?,2025-10-13 21:10:44,2025-10-13 21:10:50,54
7644,MaddenNFL,Negative,No fucking shit... is DHop a 103 rating?,2025-10-13 21:10:44,2025-10-13 21:10:50,40
7645,MaddenNFL,Negative,@EAMaddenNFL whoever made it so that all madden makes you unlucky instead of more difficult should be fired,2025-10-13 21:10:44,2025-10-13 21:10:50,107
7645,MaddenNFL,Negative,"@ EAMaddenNFL Whoever made it happen that anything crazy makes you unlucky, instead of making it harder, should be fired",2025-10-13 21:10:44,2025-10-13 21:10:50,120
7645,MaddenNFL,Negative,"@ EAMaddenNFL ever made all the maddenas make you unhappy, not more difficult should be fired",2025-10-13 21:10:44,2025-10-13 21:10:50,93
7645,MaddenNFL,Negative,@EAMaddenNFL whoever made it so that all madden makes you easier instead of more difficult should be rich,2025-10-13 21:10:44,2025-10-13 21:10:50,105
7645,MaddenNFL,Negative,Thomas @EAMaddenNFL whoever made it so that all madden still makes you unlucky instead of more truly difficult should it be fired,2025-10-13 21:10:44,2025-10-13 21:10:50,129
7645,MaddenNFL,Negative,@EAMaddenNFL whoever made it so that anything madden makes you unlucky instead of anything difficult must be fired,2025-10-13 21:10:44,2025-10-13 21:10:50,114
7646,MaddenNFL,Negative,@EAMaddenNFL @Gutfoxx @itsdomyoutube @Zirksee @GmiasWorld @EA_KRAELO someone please help!!!! I think my account has been hacked! Why would I post Franco for 75k less than what’s he’s worth while his price is going up and on top of that why tf would I pay 700k for a 400k card?!? pic.twitter.com/F55hNTiaTr,2025-10-13 21:10:44,2025-10-13 21:10:50,305
7646,MaddenNFL,Negative,"@ EAMaddenNFL @ Gutfoxx @ itsdomyoutube @ Zirksee @ GmiasWorld @ EA _ KRAELO someone please help!!!! I think my account has been hacked! Why would I post Franco for 75k less than he's worth while his price is rising, and why would I pay 700k on top of that for a 400k card?!? pic.twitter.com / F55hNTiaTr",2025-10-13 21:10:44,2025-10-13 21:10:50,304
7646,MaddenNFL,Negative,"@ EAMaddenNFL @ foxfoxfoxfo @ itsdomyoutube @ GmiasWorld @ EA _ KELO someone please help!!! I think my account has been hacked! Why would I give Franco 75,000 less than he is worth when his price is rising, and besides, why would I pay 700,000 for a card worth 400,000?!? pic.facebook.com / F55hNTiaTr",2025-10-13 21:10:44,2025-10-13 21:10:50,301
7646,MaddenNFL,Negative,RhandlerR RhandlerR RhandlerR RhandlerR RhandlerR RhandlerR someone please help!!!! I think my account has been hacked! Why would I post Franco for 75k less than what’s he’s worth while his price is going up and on top of that why tf would I pay 700k for a 400k card?!? pic.twitter.com/F55hNTiaTr,2025-10-13 21:10:44,2025-10-13 21:10:50,296
7646,MaddenNFL,Negative,Sony RhandlerR RhandlerR RhandlerR RhandlerR RhandlerR RhandlerR someone please help!!!! I think my account has been hacked! Why would I post Franco for 75k less than what’s he’s worth while his price is going up and on top of that why tf would I pay 700k for a 400k card?!? pic.twitter.com/F55hNTiaTr,2025-10-13 21:10:44,2025-10-13 21:10:50,301
7646,MaddenNFL,Negative,a,2025-10-13 21:10:44,2025-10-13 21:10:50,1
7647,MaddenNFL,Negative,NEITHER of the Bosa’s? This list is garbage,2025-10-13 21:10:44,2025-10-13 21:10:50,43
7647,MaddenNFL,Negative,NEVER the bosas? This list is garbage,2025-10-13 21:10:44,2025-10-13 21:10:50,37
7647,MaddenNFL,Negative,NEITHER of the Bosa's? This list is garbage,2025-10-13 21:10:44,2025-10-13 21:10:50,43
7647,MaddenNFL,Negative,NEITHER ABOUT the Bosa’s? This list is garbage,2025-10-13 21:10:44,2025-10-13 21:10:50,46
7647,MaddenNFL,Negative,NEITHER of the Bosa Monster ’ s? AND This list alone is garbage,2025-10-13 21:10:44,2025-10-13 21:10:50,63
7647,MaddenNFL,Negative,NEITHER of the 25? This list contains garbage,2025-10-13 21:10:44,2025-10-13 21:10:50,45
7648,MaddenNFL,Negative,@EAMaddenNFL still a fucking glitch you shitty ass company,2025-10-13 21:10:44,2025-10-13 21:10:50,58
7648,MaddenNFL,Negative,"@ EAMaddenNFL still a fucking mess, you shitty ass company",2025-10-13 21:10:44,2025-10-13 21:10:50,58
7648,MaddenNFL,Negative,@ EAMaddenNFL is still fucking gladiator you crap ass company,2025-10-13 21:10:44,2025-10-13 21:10:50,61
7648,MaddenNFL,Negative,@EAMaddenNFL still a fucking glitch you shitty ass???,2025-10-13 21:10:44,2025-10-13 21:10:50,53
7648,MaddenNFL,Negative,And @EAMaddenNFL still a fucking fucking glitch my you shitty ass company,2025-10-13 21:10:44,2025-10-13 21:10:50,73
7648,MaddenNFL,Negative,@EAMaddenNFL still a shit glitch<unk> shitty ass company,2025-10-13 21:10:44,2025-10-13 21:10:50,56
7649,MaddenNFL,Negative,You know they gonna do some wild shit you’ll end up being an 86 🤦. ‍.  they don’t respect us Eagles,2025-10-13 21:10:44,2025-10-13 21:10:50,99
7649,MaddenNFL,Negative,"You know they're going to do some wild shit, you're going to end up an 86-year-old... they don't respect us Eagles.",2025-10-13 21:10:44,2025-10-13 21:10:50,115
7649,MaddenNFL,Negative,"You know they're going to do some wild shit, you end up being 86 years old... they don't respect us eagles",2025-10-13 21:10:44,2025-10-13 21:10:50,106
7649,MaddenNFL,Negative,You know they gonna do some wild shit you’ll end up being pissed 86 over.<unk>.  they don’t respect us Eagles,2025-10-13 21:10:44,2025-10-13 21:10:50,109
7649,MaddenNFL,Negative,You know they keep gonna do some wild shit you ’ ll end well up not being paid an 86 out [UNK].. they don ’ t respect us Eagles,2025-10-13 21:10:44,2025-10-13 21:10:50,127
7649,MaddenNFL,Negative,You know they still think some dumb shit the end up being an 86 <unk>.. they don’t respect us Eagles,2025-10-13 21:10:44,2025-10-13 21:10:50,100
7650,MaddenNFL,Negative,This is why no one watches you anymore,2025-10-13 21:10:44,2025-10-13 21:10:50,40
7650,MaddenNFL,Negative,s the reason why no one watches you anymore,2025-10-13 21:10:44,2025-10-13 21:10:50,43
7650,MaddenNFL,Negative,That's why no one is watching you anymore,2025-10-13 21:10:44,2025-10-13 21:10:50,41
7650,MaddenNFL,Negative,This is why no one watches you …,2025-10-13 21:10:44,2025-10-13 21:10:50,32
7650,MaddenNFL,Negative,« This is why no one watches you anymore,2025-10-13 21:10:44,2025-10-13 21:10:50,40
7650,MaddenNFL,Negative,This is why any one watches you anymore,2025-10-13 21:10:44,2025-10-13 21:10:50,39
7651,MaddenNFL,Negative,"@EASPORTS @EAMaddenNFL Thanks for letting everyone know your company's mission statement is \"Be like an entitled female, ratchet & chaotic towards gamers because we have two moms\" Money makes the mann instead of man making the money in your smug society of weak men. @ZERTZ_86 pic.twitter.com/Pu9SpCoAs5",2025-10-13 21:10:44,2025-10-13 21:10:50,303
7651,MaddenNFL,Negative,"@ EASPORTS @ EAMaddenNFL Thank you for letting us know that your company's mission statement is: \"Be like a legitimate woman, ratchet & messy with players because we have two moms\" Money makes the man instead of the man who earns the money in your smug society of weak men. @ ZERTZ _ 86 pic.twitter.com / Pu9SpCoAs5",2025-10-13 21:10:44,2025-10-13 21:10:50,315
7651,MaddenNFL,Negative,"@ EASPORTS @ EAMaddenNF Thank you for letting everyone know that your company's mission is to \"Be like a female, tail and mess with gamers because we have two moms.\" Money makes manna, not a man making money in your smug society of weak men. @ ZERTZ _ 86 pic.facebook.com / Pu9SpCoAs5",2025-10-13 21:10:44,2025-10-13 21:10:50,284
7651,MaddenNFL,Negative,"RhandlerR RhandlerR Thanks for letting everyone know your company's mission statement is \"Be like an entitled female, ratchet & chaotic towards gamers because we have two moms\" Money makes the mann instead of man making the money in your smug society of weak men. RhandlerR pic.twitter.com/Pu9SpCoAs5",2025-10-13 21:10:44,2025-10-13 21:10:50,300
7651,MaddenNFL,Negative,"5 RhandlerR RhandlerR Thanks for letting everyone know your company's mission statement is \"Be like an entitled female, ratchet & chaotic towards gamers because we have two moms\" Money makes the mann instead of man making the money in your smug society of weak men. RhandlerR pic.twitter.com/Pu9SpCoAs5",2025-10-13 21:10:44,2025-10-13 21:10:50,302
7651,MaddenNFL,Negative,at,2025-10-13 21:10:44,2025-10-13 21:10:50,2
7652,MaddenNFL,Negative,@EAMaddenNFL your ratings suck,2025-10-13 21:10:44,2025-10-13 21:10:50,30
7652,MaddenNFL,Negative,@ EAMaddenNFL Your ratings suck,2025-10-13 21:10:44,2025-10-13 21:10:50,31
7652,MaddenNFL,Negative,@ EAMaddenNFL your ratings suck,2025-10-13 21:10:44,2025-10-13 21:10:50,31
7652,MaddenNFL,Negative,@EAMaddenNFL your ratings unchanged,2025-10-13 21:10:44,2025-10-13 21:10:50,35
7652,MaddenNFL,Negative,@EAMaddenNFL your Facebook ratings suck,2025-10-13 21:10:44,2025-10-13 21:10:50,39
7652,MaddenNFL,Negative,@EAMaddenNFL<unk> ratings suck,2025-10-13 21:10:44,2025-10-13 21:10:50,30
7653,MaddenNFL,Negative,@EAMaddenNFL is trash!!!,2025-10-13 21:10:44,2025-10-13 21:10:50,24
7653,MaddenNFL,Negative,@ EAMaddenNFL is garbage!!!,2025-10-13 21:10:44,2025-10-13 21:10:50,27
7653,MaddenNFL,Negative,@ EAMaddenNFL is trash!!!,2025-10-13 21:10:44,2025-10-13 21:10:50,25
7653,MaddenNFL,Negative,@EAMaddenNFL<unk> trash!!!,2025-10-13 21:10:44,2025-10-13 21:10:50,26
7653,MaddenNFL,Negative,@EAMaddenNFL is the trash!!!,2025-10-13 21:10:44,2025-10-13 21:10:50,28
7653,MaddenNFL,Negative,stuff is trash!!!,2025-10-13 21:10:44,2025-10-13 21:10:50,17
7654,MaddenNFL,Negative,@EAMaddenNFL YOU SUCK,2025-10-13 21:10:44,2025-10-13 21:10:50,21
7654,MaddenNFL,Negative,@ EAMaddenNFL,2025-10-13 21:10:44,2025-10-13 21:10:50,13
7654,MaddenNFL,Negative,@ EAMaddenNFL YOU SUCK,2025-10-13 21:10:44,2025-10-13 21:10:50,22
7654,MaddenNFL,Negative,@EAMaddenNFL YOU T,2025-10-13 21:10:44,2025-10-13 21:10:50,18
7654,MaddenNFL,Negative,@EAMaddenNFL AND YOU SUCK,2025-10-13 21:10:44,2025-10-13 21:10:50,25
7654,MaddenNFL,Negative,IT YOU SUCK,2025-10-13 21:10:44,2025-10-13 21:10:50,11
7655,MaddenNFL,Negative,@EAMaddenNFL and @EASPORTSNHL should take a page out of @EASPORTSFIFA book and actually have free agent meetings i always loved that about fifa,2025-10-13 21:10:44,2025-10-13 21:10:50,145
7655,MaddenNFL,Negative,@ EAMaddenNFL and @ EASPORTSNHL should take a page out of the @ EASPORTSFIFA book and actually hold free agent meetings that I've always liked at FIFA,2025-10-13 21:10:44,2025-10-13 21:10:50,150
7655,MaddenNFL,Negative,@ EAMaddenNFL and @ EASPORTSNFL should take a page out of @ EASPORTSFIFA's book and actually hold free agent meetings,2025-10-13 21:10:44,2025-10-13 21:10:50,117
7655,MaddenNFL,Negative,@EAMaddenNFL and @EASPORTSNHL should take a page need of @EASPORTSFIFA book and actually have free agent meetings i really loved that about managers,2025-10-13 21:10:44,2025-10-13 21:10:50,148
7655,MaddenNFL,Negative,@EAMaddenNFL and @EASPORTSNHL Users should take a page out of @EASPORTSFIFA book jackets and not actually have free agent meetings i always feeling loved and that about when fifa,2025-10-13 21:10:44,2025-10-13 21:10:50,178
7655,MaddenNFL,Negative,person and agent can take a page from of @EAMaddenNFL book and actually have REAL agent meetings i always loved that about fifa,2025-10-13 21:10:44,2025-10-13 21:10:50,127
7656,MaddenNFL,Neutral,@EAMaddenNFL so this just happened... you need to ban this guy ‘douglife2121’. I’ve just been denied a Super Bowl appearance by someone cheating with some kind of connection switch! https://t.co/0NyNPnD8lW,2025-10-13 21:10:44,2025-10-13 21:10:50,205
7656,MaddenNFL,Neutral,@ EAMaddenNFL so this just happened... you need to ban this guy 'douglife2121' I've just been denied a Super Bowl appearance by someone who cheats with some kind of connection switch! https: / / t.co / 0NyNPnD8lW,2025-10-13 21:10:44,2025-10-13 21:10:50,212
7656,MaddenNFL,Neutral,@ EAMaddenNFL so this just happened... you need to ban this guy 'douglife2121'. I've just been denied a Super Bowl appearance by someone cheating with some kind of connection switch!,2025-10-13 21:10:44,2025-10-13 21:10:50,182
7656,MaddenNFL,Neutral,@EAMaddenNFL so this just happened... you need n ban this guy ‘douglife2121’. OR just be denied a Super Bowl appearance after someone cheating with some kind of connection switch! ;],2025-10-13 21:10:44,2025-10-13 21:10:50,182
7656,MaddenNFL,Neutral,@EAMaddenNFL Now so this just happened... you all need to ban away this young guy ‘ douglife2121 ’. I ’ ve just since been successfully denied a Super Science Bowl game appearance again by someone probably cheating with some kind of connection switch! https://t.co/0NyNPnD8lW ],2025-10-13 21:10:44,2025-10-13 21:10:50,277
7656,MaddenNFL,Neutral,@EAMaddenNFL so this just happened... you want to ban your guy ‘douglife2121’. I’ve had been denied a Super Bowl appearance due someone cheating with some kind over twitter account! https://t.co/0NyNPnD8lW],2025-10-13 21:10:44,2025-10-13 21:10:50,206
7657,MaddenNFL,Negative,@EAMaddenNFL .  These glitches got to go!,2025-10-13 21:10:44,2025-10-13 21:10:50,41
7657,MaddenNFL,Negative,@ EAMaddenNFL. These mishaps must go!,2025-10-13 21:10:44,2025-10-13 21:10:50,37
7657,MaddenNFL,Negative,@ EAMaddenNFL. These glitches got to go!,2025-10-13 21:10:44,2025-10-13 21:10:50,40
7657,MaddenNFL,Negative,@EAMaddenNFL.  These glitches way to go!,2025-10-13 21:10:44,2025-10-13 21:10:50,40
7657,MaddenNFL,Negative,Damn @EAMaddenNFL. These glitches got where to go!,2025-10-13 21:10:44,2025-10-13 21:10:50,50
7657,MaddenNFL,Negative,@EAMaddenNFL. These glitches Way to go!,2025-10-13 21:10:44,2025-10-13 21:10:50,39
7658,MaddenNFL,Irrelevant,If I had online.,2025-10-13 21:10:44,2025-10-13 21:10:50,17
7658,MaddenNFL,Irrelevant,If I was online.,2025-10-13 21:10:44,2025-10-13 21:10:50,16
7658,MaddenNFL,Irrelevant,If only I had online.,2025-10-13 21:10:44,2025-10-13 21:10:50,21
7658,MaddenNFL,Irrelevant,If I had wifi.,2025-10-13 21:10:44,2025-10-13 21:10:50,14
7658,MaddenNFL,Irrelevant,If I was had online.,2025-10-13 21:10:44,2025-10-13 21:10:50,20
7658,MaddenNFL,Irrelevant,If I get online.,2025-10-13 21:10:44,2025-10-13 21:10:50,16
7659,MaddenNFL,Negative,@EAMaddenNFL you guys had the audacity to ask me about the connection after I got lagged out. 🥴🥴🥴🥴🥴🥴🥴,2025-10-13 21:10:44,2025-10-13 21:10:50,101
7659,MaddenNFL,Negative,@ EAMaddenNFL You guys had the audacity to ask me about the connection after I was booed.,2025-10-13 21:10:44,2025-10-13 21:10:50,89
7659,MaddenNFL,Negative,@ EAMaddenNFL you guys had the audacity to ask me about the connection after I left.,2025-10-13 21:10:44,2025-10-13 21:10:50,84
7659,MaddenNFL,Negative,@EAMaddenNFL The guys had the audacity th ask me before the connection after I got lagged out. :),2025-10-13 21:10:44,2025-10-13 21:10:50,97
7659,MaddenNFL,Negative,@EAMaddenNFL you stupid guys had the audacity to ask me something about fixing the connection after I got pretty lagged out.... [UNK],2025-10-13 21:10:44,2025-10-13 21:10:50,133
7659,MaddenNFL,Negative,like you guys had the audacity in ask all about the connection after I got lagged out. <unk>,2025-10-13 21:10:44,2025-10-13 21:10:50,92
7660,MaddenNFL,Negative,@EAMaddenNFL @NFL we’ve had,2025-10-13 21:10:44,2025-10-13 21:10:50,29
7660,MaddenNFL,Negative,@ EAMaddenNFL @ NFL,2025-10-13 21:10:44,2025-10-13 21:10:50,19
7660,MaddenNFL,Negative,@ EAMaddenNFL @ NFL we've had,2025-10-13 21:10:44,2025-10-13 21:10:50,29
7660,MaddenNFL,Negative,@EAMaddenNFL @NFL just had,2025-10-13 21:10:44,2025-10-13 21:10:50,26
7660,MaddenNFL,Negative,1 @EAMaddenNFL... @NFL we ’ ve had,2025-10-13 21:10:44,2025-10-13 21:10:50,34
7660,MaddenNFL,Negative,@EAMaddenNFL @NFL we’ve changed,2025-10-13 21:10:44,2025-10-13 21:10:50,31
7661,MaddenNFL,Negative,@EAMaddenNFL I am having problems getting solo battles to come up in game. I keep seeing an uploading circle on a black screen then it goes back to page. Any help,2025-10-13 21:10:44,2025-10-13 21:10:50,162
7661,MaddenNFL,Negative,"@ EAMaddenNFL I'm having trouble getting solo fights to appear in the game. I keep seeing a circle on a black screen, then it goes back to the page. Any help",2025-10-13 21:10:44,2025-10-13 21:10:50,157
7661,MaddenNFL,Negative,@ EAMaddenNFL I am having problems getting solo battles to come up in game. I keep seen an uploading circle on a black screen then it go back to page.,2025-10-13 21:10:44,2025-10-13 21:10:50,150
7661,MaddenNFL,Negative,@EAMaddenNFL I am having problems getting solo battles to come up in game. I keep seeing it uploading circle on a black screen then it goes 1 to page. Any recommendations,2025-10-13 21:10:44,2025-10-13 21:10:50,170
7661,MaddenNFL,Negative,@EAMaddenNFL I know am constantly having problems getting these solo battles to come up in game. I can keep seeing an uploading green circle on half a black screen then it goes back to page.... Any help,2025-10-13 21:10:44,2025-10-13 21:10:50,202
7661,MaddenNFL,Negative,@EAMaddenNFL I been having problems getting solo battles to come up in game. I keep seeing whole uploading picture on a black screen then it goes right onto page. Any help,2025-10-13 21:10:44,2025-10-13 21:10:50,171
7662,MaddenNFL,Negative,Explain why y’all have @Daniel_Jones10 who had better stats than Baker and Murray last year so horrible in passing and overall in @EAMaddenNFL ? This is horrible @Equipment_Guru . I’m losing too many games like this!! https://t.co/loRCTdgOTk,2025-10-13 21:10:44,2025-10-13 21:10:50,241
7662,MaddenNFL,Negative,"Explain why everyone has @ Daniel _ Jones10 who had better stats than Baker and Murray last year, so terrible in passing and overall in @ EAMaddenNFL? That's terrible @ Equipment _ Guru. I'm losing too many games like this!! https: / / t.co / loRCTdgOTk",2025-10-13 21:10:44,2025-10-13 21:10:50,253
7662,MaddenNFL,Negative,"Explain why everyone has @ Daniel _ Jones10, who did better than Baker and Murray last year, so awful in passing and in general in the @ EAMaddenNFL? It's awful @ Equipment _ Guru. I lose too many of these games!!",2025-10-13 21:10:44,2025-10-13 21:10:50,213
7662,MaddenNFL,Negative,Explain why he favored @Daniel_Jones10 who had better success than Baker and Murray last year so clearly in passing and overall in @EAMaddenNFL? This is horrible @Equipment_Guru. I’m losing too many games like this!! =],2025-10-13 21:10:44,2025-10-13 21:10:50,219
7662,MaddenNFL,Negative,Explain why y ’ all have @Daniel_Jones10 who had had better stats than did Baker Holmes and Murray last whole year so horrible in your passing rates and better overall average in @EAMaddenNFL? This is horrible but @Equipment_Guru. I ’ at m losing too many games like this!! https://t.co/loRCTdgOTk ],2025-10-13 21:10:44,2025-10-13 21:10:50,299
7662,MaddenNFL,Negative,then why y’all have to always had better stats than Baker and Murray last year so horrible both passing and overall in effort? This what horrible @Daniel_Jones10. After losing myself many games like this!! https://t.co/loRCTdgOTk],2025-10-13 21:10:44,2025-10-13 21:10:50,230
7663,MaddenNFL,Negative,Talk gotta fix how slow these menus are @EAMaddenNFL,2025-10-13 21:10:44,2025-10-13 21:10:50,52
7663,MaddenNFL,Negative,Please discuss how slow these menus are @ EAMaddenNFL,2025-10-13 21:10:44,2025-10-13 21:10:50,53
7663,MaddenNFL,Negative,Talk about how slow these menus are @ EAMaddenNFL,2025-10-13 21:10:44,2025-10-13 21:10:50,49
7663,MaddenNFL,Negative,Talk gotta fix how slow these menus are @EAMaddenNFL,2025-10-13 21:10:44,2025-10-13 21:10:50,52
7663,MaddenNFL,Negative,Talk You gotta fix how slow these menus are are @EAMaddenNFL,2025-10-13 21:10:44,2025-10-13 21:10:50,60
7663,MaddenNFL,Negative,Talk gotta see how slow these menus are @EAMaddenNFL,2025-10-13 21:10:44,2025-10-13 21:10:50,52
7664,MaddenNFL,Positive,Still stuck on this madden.  Forgot i was streaming while working . @MoBeSoSlim  @MissFoxxybrown @yeynotgaming @Bink_GGAB @Refuse2HoldBack @good2be_ATaylor . . Im tryna play yard tho who down?,2025-10-13 21:10:44,2025-10-13 21:10:50,192
7664,MaddenNFL,Positive,I forgot to stream while at work. @ MoBeSoSlim @ MissFoxxybrown @ yeynotgaming @ Bink _ GGAB @ Refuse2HoldBack @ good2be _ ATaylor.. Im tryna play yard tho who down?,2025-10-13 21:10:44,2025-10-13 21:10:50,165
7664,MaddenNFL,Positive,So far stuck with this craziness. Forgot what I was auditioning for. @ MoBeSoSlim @ Foxxybrown @ Ynotgaming @ Bink _ GB @ Refuse2HoldBack @ good2be _ ATTaylor.,2025-10-13 21:10:44,2025-10-13 21:10:50,159
7664,MaddenNFL,Positive,Still stuck out this madden.  Forgot id had streaming while working. 0  @MoBeSoSlim @MissFoxxybrown @yeynotgaming @Bink_GGAB @Refuse2HoldBack.. Im tryna play yard tho who down?,2025-10-13 21:10:44,2025-10-13 21:10:50,176
7664,MaddenNFL,Positive,Still stuck on this new madden. In Forgot i ve was streaming while just working. On @MoBeSoSlim @MissFoxxybrown @yeynotgaming The @Bink_GGAB @Refuse2HoldBack The @good2be_ATaylor.. So Im gotta tryna play yard tho bring who down?,2025-10-13 21:10:44,2025-10-13 21:10:50,228
7664,MaddenNFL,Positive,Still stuck watching this madden. Forgot i was streaming or working. @MoBeSoSlim I LOVE 100% ONLY @MissFoxxybrown.. Im the play out tho who down?,2025-10-13 21:10:44,2025-10-13 21:10:50,145
7665,MaddenNFL,Irrelevant,BIG facts! .,2025-10-13 21:10:44,2025-10-13 21:10:50,13
7665,MaddenNFL,Irrelevant,BIG FACTS!.,2025-10-13 21:10:44,2025-10-13 21:10:50,11
7665,MaddenNFL,Irrelevant,Huge facts!.,2025-10-13 21:10:44,2025-10-13 21:10:50,12
7665,MaddenNFL,Irrelevant,BIG facts! –,2025-10-13 21:10:44,2025-10-13 21:10:50,12
7665,MaddenNFL,Irrelevant,the BIG facts!.,2025-10-13 21:10:44,2025-10-13 21:10:50,15
7665,MaddenNFL,Irrelevant,BIG deal!.,2025-10-13 21:10:44,2025-10-13 21:10:50,10
7666,MaddenNFL,Negative,Smh so this is acceptable behavior @EASPORTS_MUT @EASPORTS @EAMaddenNFL  I DONT CARE HOW LONG AGO THIS WAS RACISM IS NOT SOMETHING THAT GOES AWAY,2025-10-13 21:10:44,2025-10-13 21:10:50,145
7666,MaddenNFL,Negative,"Smh, so this is acceptable behavior @ EASPORTS _ MUT @ EASPORTS @ EAMaddenNFL I do not pay attention HOW LONG WAS THAT RASSISM IS NOT HAPPENED",2025-10-13 21:10:44,2025-10-13 21:10:50,142
7666,MaddenNFL,Negative,Smh so this is acceptable behavior @ EASPORTS _ MUT @ EASPORTS @ EAMaddenNFL I DONT CAW LONG AGO THE WAS RACISM IS NOT SOTHING THE GOES AWAY,2025-10-13 21:10:44,2025-10-13 21:10:50,140
7666,MaddenNFL,Negative,Smh so this is acceptable behavior @EASPORTS_MUT @EASPORTS @EAMaddenNFL  I DONT MAT HOW MAD S THIS WAS RACISM IS NOT THAT THAT GOES AWAY,2025-10-13 21:10:44,2025-10-13 21:10:50,136
7666,MaddenNFL,Negative,Smh yes so all this is acceptable behavior @EASPORTS_MUT @EASPORTS @EAMaddenNFL I AM DONT CARE TO HOW LONG AGO THIS T WAS RACISM IS YOU NOT A SOMETHING THE THAT THE GOES GO AWAY,2025-10-13 21:10:44,2025-10-13 21:10:50,177
7666,MaddenNFL,Negative,Smh so this is acceptable way of @EASPORTS_MUT like I DONT CARE HOW<unk> AGO THIS WAS RACISM IS THIS SOMETHING WHO GOES C,2025-10-13 21:10:44,2025-10-13 21:10:50,121
7667,MaddenNFL,Positive,Yo @EAMaddenNFL wth is up with that? pic.twitter.com/fWdpQxFdrB,2025-10-13 21:10:44,2025-10-13 21:10:50,63
7667,MaddenNFL,Positive,Yo @ EAMaddenNFL growth is over? pic.twitter.com / fWdpQxFdrB,2025-10-13 21:10:44,2025-10-13 21:10:50,61
7667,MaddenNFL,Positive,Yo @ EAMaddenNFL Festival is up with that? pic.facebook.com / fWdpQxFdrB,2025-10-13 21:10:44,2025-10-13 21:10:50,72
7667,MaddenNFL,Positive,Yo RhandlerR wth is up with that? pic.twitter.com/fWdpQxFdrB,2025-10-13 21:10:44,2025-10-13 21:10:50,60
7667,MaddenNFL,Positive,2017 Yo RhandlerR wth is up with that? pic.twitter.com/fWdpQxFdrB,2025-10-13 21:10:44,2025-10-13 21:10:50,65
7667,MaddenNFL,Positive,by,2025-10-13 21:10:44,2025-10-13 21:10:50,2
7668,MaddenNFL,Negative,"The best pass play you can do in Madden 21 is not get it. Come on, @EAMaddenNFL. This game is straight recycled. Hell, even the shoes they make out of trash are better than this game. Be better.",2025-10-13 21:10:44,2025-10-13 21:10:50,196
7668,MaddenNFL,Negative,"The best passing game you can make in Madden 21 is not to get it. Come on, @ EAMaddenNFL. This game is being recycled. Hell, even the shoes they make out of garbage are better than this game. Be better.",2025-10-13 21:10:44,2025-10-13 21:10:50,202
7668,MaddenNFL,Negative,"The best pass game you can make at Madden 21 is not to get it. Come on, @ EAMaddenNFL.",2025-10-13 21:10:44,2025-10-13 21:10:50,86
7668,MaddenNFL,Negative,"The best pass play you can do in Madden 21 — not get it. Come now, folks. This game is straight recycled. Hell, even the shoes they make out the trash are better than this game. Be better.",2025-10-13 21:10:44,2025-10-13 21:10:50,188
7668,MaddenNFL,Negative,"The best pass play you can arguably do in Madden 21 is not get it. Come go on, Larry @EAMaddenNFL. This game is all straight recycled. Maybe Hell, even than the shoes men they would make out inside of trash are better than this game. Be better.",2025-10-13 21:10:44,2025-10-13 21:10:50,244
7668,MaddenNFL,Negative,"your simplest ever play you can do in Madden 21 is not get ready. Come on, seriously. This idea is straight recycled. Hell, even the shoes they make out of trash are better in this game. Be better.",2025-10-13 21:10:44,2025-10-13 21:10:50,197
7669,MaddenNFL,Negative,@EAMaddenNFL now this is a messed up rating... how is Julio lower than MT here ? Jesus Christ it gets worse,2025-10-13 21:10:44,2025-10-13 21:10:50,107
7669,MaddenNFL,Negative,@ EAMaddenNFL now this is a botched review... how is Julio lower than MT here? Jesus Christ it's getting worse,2025-10-13 21:10:44,2025-10-13 21:10:50,110
7669,MaddenNFL,Negative,@ EAMaddenNFL now it's a confused rating... how is Julio here below MT? Jesus Christ it's getting worse,2025-10-13 21:10:44,2025-10-13 21:10:50,103
7669,MaddenNFL,Negative,@EAMaddenNFL now that is a messed up rating... how is Julio lower than MT here? Jesus Christ this gets worse,2025-10-13 21:10:44,2025-10-13 21:10:50,108
7669,MaddenNFL,Negative,Dear @EAMaddenNFL now this is a messed up I rating... But how is Julio lower than MT right here? And Jesus Christ it gets worse,2025-10-13 21:10:44,2025-10-13 21:10:50,127
7669,MaddenNFL,Negative,@EAMaddenNFL said this is a messed up one... how about Julio lower than MT here? But Christ it gets worse,2025-10-13 21:10:44,2025-10-13 21:10:50,105
7670,MaddenNFL,Negative,Mark Andrews at 86?? Smh kill them this year @Mandrews_81,2025-10-13 21:10:44,2025-10-13 21:10:50,57
7670,MaddenNFL,Negative,Mark Andrews at 86??? smh kill them this year @ Mandrews _ 81,2025-10-13 21:10:44,2025-10-13 21:10:50,61
7670,MaddenNFL,Negative,Mark Andrews at 86?? Smh kill them this year @ Mandrews _ 81,2025-10-13 21:10:44,2025-10-13 21:10:50,60
7670,MaddenNFL,Negative,Mark Andrews at Can Smh kill them this year @Mandrews_81,2025-10-13 21:10:44,2025-10-13 21:10:50,56
7670,MaddenNFL,Negative,Mark in Andrews dies at 86?? Smh kill them for this year @Mandrews_81,2025-10-13 21:10:44,2025-10-13 21:10:50,69
7670,MaddenNFL,Negative,Scott Walker at 86?? Smh kill them this year @Mandrews_81,2025-10-13 21:10:44,2025-10-13 21:10:50,57
7671,MaddenNFL,Negative,@EAMaddenNFL @EASPORTS getting their chomps busted with another trending hashtag! 3rd shared so far worldwide.,2025-10-13 21:10:44,2025-10-13 21:10:50,112
7671,MaddenNFL,Negative,@ EAMaddenNFL @ EASPORTS got their chomps busted with another trending hashtag! # 3 has so far been shared worldwide.,2025-10-13 21:10:44,2025-10-13 21:10:50,117
7671,MaddenNFL,Negative,@ EAMaddenNFL @ EASPORTS with yet another trending hashtag! 3rd shared so far worldwide.,2025-10-13 21:10:44,2025-10-13 21:10:50,88
7671,MaddenNFL,Negative,@EAMaddenNFL @EASPORTS wants their chomps busted with another trending video! 3rd shared so far worldwide.,2025-10-13 21:10:44,2025-10-13 21:10:50,106
7671,MaddenNFL,Negative,@EAMaddenNFL The @EASPORTS getting their chomps busted with is another trending hashtag! shared 3rd shared 3rd so so far worldwide.,2025-10-13 21:10:44,2025-10-13 21:10:50,131
7671,MaddenNFL,Negative,<unk> IP getting its chomps busted on another trending hashtag! 3rd shared so far worldwide.,2025-10-13 21:10:44,2025-10-13 21:10:50,92
7672,MaddenNFL,Negative,Defense on @EAMaddenNFL Fuckin Sucks,2025-10-13 21:10:44,2025-10-13 21:10:50,36
7672,MaddenNFL,Negative,Defense on @ EAMaddenNFL Fuckin Sucks,2025-10-13 21:10:44,2025-10-13 21:10:50,37
7672,MaddenNFL,Negative,Defense on @ EAMaddenNFL Fuckin Sucks,2025-10-13 21:10:44,2025-10-13 21:10:50,37
7672,MaddenNFL,Negative,Defense on Teams Fuckin Sucks,2025-10-13 21:10:44,2025-10-13 21:10:50,29
7672,MaddenNFL,Negative,Standard Defense on a @EAMaddenNFL Fuckin Sucks,2025-10-13 21:10:44,2025-10-13 21:10:50,47
7672,MaddenNFL,Negative,Defense Line @EAMaddenNFL Fuckin Sucks,2025-10-13 21:10:44,2025-10-13 21:10:50,38
7673,MaddenNFL,Negative,@EAMaddenNFL I am not going to talk about all the wrong decisions you made on,2025-10-13 21:10:44,2025-10-13 21:10:50,79
7673,MaddenNFL,Negative,@ EAMaddenNFL I'm not going to talk about all the wrong decisions you made on,2025-10-13 21:10:44,2025-10-13 21:10:50,77
7673,MaddenNFL,Negative,@ EAMaddenNFL I am not going to talk about all the wrong decisions you made on,2025-10-13 21:10:44,2025-10-13 21:10:50,78
7673,MaddenNFL,Negative,@EAMaddenNFL I am not going to talk about all your wrong decisions you made on,2025-10-13 21:10:44,2025-10-13 21:10:50,78
7673,MaddenNFL,Negative,@EAMaddenNFL I am not going to talk forever about analyzing all the wrong dumb decisions you made on,2025-10-13 21:10:44,2025-10-13 21:10:50,100
7673,MaddenNFL,Negative,@EAMaddenNFL just am not going to talk about all the wrong marks you made on,2025-10-13 21:10:44,2025-10-13 21:10:50,76
7674,MaddenNFL,Negative,These are awful,2025-10-13 21:10:44,2025-10-13 21:10:50,15
7674,MaddenNFL,Negative,nan,2025-10-13 21:10:44,2025-10-13 21:10:50,3
7674,MaddenNFL,Negative,It's terrible,2025-10-13 21:10:44,2025-10-13 21:10:50,13
7674,MaddenNFL,Negative,These are —,2025-10-13 21:10:44,2025-10-13 21:10:50,11
7674,MaddenNFL,Negative,These are really awful,2025-10-13 21:10:44,2025-10-13 21:10:50,22
7674,MaddenNFL,Negative,people are awful,2025-10-13 21:10:44,2025-10-13 21:10:50,16
7675,MaddenNFL,Neutral,da curse,2025-10-13 21:10:44,2025-10-13 21:10:50,8
7675,MaddenNFL,Neutral,The Curse,2025-10-13 21:10:44,2025-10-13 21:10:50,9
7675,MaddenNFL,Neutral,da curse,2025-10-13 21:10:44,2025-10-13 21:10:50,8
7675,MaddenNFL,Neutral,da Drew,2025-10-13 21:10:44,2025-10-13 21:10:50,7
7675,MaddenNFL,Neutral,What da curse,2025-10-13 21:10:44,2025-10-13 21:10:50,13
7675,MaddenNFL,Neutral,people curse,2025-10-13 21:10:44,2025-10-13 21:10:50,12
7676,MaddenNFL,Negative,@EAMaddenNFL your game blows donkey balls,2025-10-13 21:10:44,2025-10-13 21:10:50,41
7676,MaddenNFL,Negative,@ EAMaddenNFL Your game blows ass balls,2025-10-13 21:10:44,2025-10-13 21:10:50,39
7676,MaddenNFL,Negative,@ EAMaddenNFL your game is blowing donkey balls,2025-10-13 21:10:44,2025-10-13 21:10:50,47
7676,MaddenNFL,Negative,@EAMaddenNFL ag game blows donkey balls,2025-10-13 21:10:44,2025-10-13 21:10:50,39
7676,MaddenNFL,Negative,@EAMaddenNFL your game blows our donkey with balls,2025-10-13 21:10:44,2025-10-13 21:10:50,50
7676,MaddenNFL,Negative,@EAMaddenNFL your jaw blows donkey balls,2025-10-13 21:10:44,2025-10-13 21:10:50,40
7677,MaddenNFL,Positive,Used to be best madden player in MD at Madden until I stopped playing. Now I got a reason to get back to it.,2025-10-13 21:10:44,2025-10-13 21:10:50,109
7677,MaddenNFL,Positive,"I used to be the best crazy player in MD with Madden until I stopped playing, but now I have a reason to come back.",2025-10-13 21:10:44,2025-10-13 21:10:50,115
7677,MaddenNFL,Positive,I used to be the best MD in Madden until I stopped playing.,2025-10-13 21:10:44,2025-10-13 21:10:50,59
7677,MaddenNFL,Positive,Used too be best chess player in MD at Madden until I stopped playing. Now I got a reason to get back to it.,2025-10-13 21:10:44,2025-10-13 21:10:50,108
7677,MaddenNFL,Positive,Used it to be be best madden player in MD back at Madden until I stopped playing. Now I got quite a reason how to get back to it.,2025-10-13 21:10:44,2025-10-13 21:10:50,129
7677,MaddenNFL,Positive,Used to be best madden player in competition at Madden until I stopped playing. Now I give a day to get back at it.,2025-10-13 21:10:44,2025-10-13 21:10:50,115
7678,MaddenNFL,Negative,@EASPORTS @EAMaddenNFL's liberal regressive agenda includes the hating of Christians and promoting phobasexuality aka inclusion. and WE have to literally SUFFER because of POLITICS THAT HAS NO PLACE IN MADDEN.,2025-10-13 21:10:44,2025-10-13 21:10:50,209
7678,MaddenNFL,Negative,@ EASPORTS @ EAMaddenNFL's liberal regressive agenda includes hatred of Christians and promoting phobexuality alias inclusion. and WE must be literally OFFERED because POLICY HAS NO PLACE IN MADDEN.,2025-10-13 21:10:44,2025-10-13 21:10:50,198
7678,MaddenNFL,Negative,"@ EASPORTS @ EAMaddenNFL liberal regressive agenda includes hatred of Christians and propaganda of phobia, or inclusiveness.",2025-10-13 21:10:44,2025-10-13 21:10:50,124
7678,MaddenNFL,Negative,@EASPORTS @EAMaddenNFL's liberal regressive agenda means the hating of Christians and promoting phobasexuality aka inclusion. Sadly WE have to literally SUFFER because of POLITICS which HAS NO PLACE IN America.,2025-10-13 21:10:44,2025-10-13 21:10:50,210
7678,MaddenNFL,Negative,Especially @EASPORTS because @EAMaddenNFL's liberal regressive agenda agenda includes the hating of Christians everywhere and promoting phobasexuality aka inclusion. SA and WE have to literally SUFFER OF because of IS POLITICS THAT I HAS IN NO PLACE IN TO MADDEN.,2025-10-13 21:10:44,2025-10-13 21:10:50,263
7678,MaddenNFL,Negative,@EASPORTS @EAMaddenNFL's liberal regressive stance is the eating black men and promoting phobasexuality aka inclusion. Since WE have not literally SUFFER because of POLITICS WHAT HAS YOU PLACE IN MADDEN.,2025-10-13 21:10:44,2025-10-13 21:10:50,203
7679,MaddenNFL,Negative,@EAMaddenNFL does anyone else’s speed even matter other than idk tyreek hill ? Some these receivers have +4 speed against the defender and they run hella slow,2025-10-13 21:10:44,2025-10-13 21:10:50,158
7679,MaddenNFL,Negative,@ EAMaddenNFL does the speed of another even play a different role than idk tyreek hill? Some of these receivers have + 4 speed against the defenseman and they run hella slowly,2025-10-13 21:10:44,2025-10-13 21:10:50,176
7679,MaddenNFL,Negative,@ EAMaddenNFL does anyone's speed even matter other than idk tyreek hill? Some of these receivers have + 4 speed against a defenseman and they run hella slowly,2025-10-13 21:10:44,2025-10-13 21:10:50,159
7679,MaddenNFL,Negative,@EAMaddenNFL does ANY else’s speed even matter other than idk tyreek hill? Some these receivers have +4 speed against the defender which they run so slow,2025-10-13 21:10:44,2025-10-13 21:10:50,153
7679,MaddenNFL,Negative,@EAMaddenNFL does not anyone someone else ’ s speed even matter other than idk tyreek hill? 4 Some these wireless receivers have + x 4 speed locked against the defender edge and they run hella slow,2025-10-13 21:10:44,2025-10-13 21:10:50,197
7679,MaddenNFL,Negative,@EAMaddenNFL does anyone else’s body even matter other than idk tyreek hill? why these receivers get +4 speed like the defender so they run hella like,2025-10-13 21:10:44,2025-10-13 21:10:50,150
7680,MaddenNFL,Negative,"So whenever I play a franchise game in madden, my game crashes, right as I start. We’re still having these problems @EAMaddenNFL ????",2025-10-13 21:10:44,2025-10-13 21:10:50,133
7680,MaddenNFL,Negative,"So every time I play a franchise game in madness, my game crashes right at the start. We still have these problems @ EAMaddenNFL???",2025-10-13 21:10:44,2025-10-13 21:10:50,131
7680,MaddenNFL,Negative,We still have these problems @ EAMaddenNFL???,2025-10-13 21:10:44,2025-10-13 21:10:50,45
7680,MaddenNFL,Negative,"So whenever I play some franchise game in madden, my game crashes, just as I start. and still having these problems @EAMaddenNFL????",2025-10-13 21:10:44,2025-10-13 21:10:50,132
7680,MaddenNFL,Negative,"So sometimes whenever apparently I play a basketball franchise game in madden, my game crashes, even right as I start. And We ’ re both still having these terrible problems @EAMaddenNFL????",2025-10-13 21:10:44,2025-10-13 21:10:50,189
7680,MaddenNFL,Negative,"So When I play game franchise they in madden, painful hand crashes, right as I start. We’re still having these problems @EAMaddenNFL????",2025-10-13 21:10:44,2025-10-13 21:10:50,136
7681,MaddenNFL,Negative,@EAMaddenNFL is the worst game ever created period,2025-10-13 21:10:44,2025-10-13 21:10:50,50
7681,MaddenNFL,Negative,@ EAMaddenNFL is the worst game ever,2025-10-13 21:10:44,2025-10-13 21:10:50,36
7681,MaddenNFL,Negative,@ EAMaddenNFL is the worst game ever created period,2025-10-13 21:10:44,2025-10-13 21:10:50,51
7681,MaddenNFL,Negative,@EAMaddenNFL is the worst genocide ever created period,2025-10-13 21:10:44,2025-10-13 21:10:50,54
7681,MaddenNFL,Negative,While @EAMaddenNFL is the worst game ever independently created period,2025-10-13 21:10:44,2025-10-13 21:10:50,70
7681,MaddenNFL,Negative,@EAMaddenNFL is our worst game ever created period,2025-10-13 21:10:44,2025-10-13 21:10:50,50
7682,MaddenNFL,Negative,Gotta love @Equipment_Guru getting grilled by some diehard @EAMaddenNFL fans over some of their issues with his ratings! This is why he gets paid the big bucks!,2025-10-13 21:10:44,2025-10-13 21:10:50,162
7682,MaddenNFL,Negative,Gotta love @ Equipment _ Guru being grilled by some die hard @ EAMaddenNFL fans about some of their issues with his ratings! That's why he gets the big bucks!,2025-10-13 21:10:44,2025-10-13 21:10:50,158
7682,MaddenNFL,Negative,And the love of @ Equipment _ Guru upsets some diehard @ EAMaddenNFL fans because of some of their ratings problems! That's why he's being paid a lot of money!,2025-10-13 21:10:44,2025-10-13 21:10:50,159
7682,MaddenNFL,Negative,Gotta love @Equipment_Guru getting grilled by some diehard @EAMaddenNFL fans over some of their opinion over his ratings! This is why he gets paid the colossal bucks!,2025-10-13 21:10:44,2025-10-13 21:10:50,166
7682,MaddenNFL,Negative,Gotta fucking love @Equipment_Guru through getting grilled by some fat diehard @EAMaddenNFL fans over noticing some side of their issues arising with his ratings! This is why he too gets paid the big bucks!,2025-10-13 21:10:44,2025-10-13 21:10:50,206
7682,MaddenNFL,Negative,Gotta love @Equipment_Guru getting paid by some diehard @EAMaddenNFL members over some of their rivalry with his fans! This is why he gets paid the big bonuses!,2025-10-13 21:10:44,2025-10-13 21:10:50,160
7683,MaddenNFL,Irrelevant,You deserve it goat !! 2 year in the game and you won VIP and on the cover on madden 21 ! Next on the list is that super bowl ring !,2025-10-13 21:10:44,2025-10-13 21:10:50,132
7683,MaddenNFL,Irrelevant,You deserve it goat!! 2 years in the game and you won VIP and on the cover on crazy 21st! Next on the list is this Super Bowl ring!,2025-10-13 21:10:44,2025-10-13 21:10:50,131
7683,MaddenNFL,Irrelevant,You deserve it goat!! 2 year in the game and you won VIP and on the cover on madden 21! Next on the list is that Super Bowl ring!,2025-10-13 21:10:44,2025-10-13 21:10:50,129
7683,MaddenNFL,Irrelevant,You deserve it goat!! 2 year in the game and you won VIP and on the top on madden 21! Next on the list is that gold hero ring!,2025-10-13 21:10:44,2025-10-13 21:10:50,126
7683,MaddenNFL,Irrelevant,You deserve it goat!! 2 First year in the championship game and you won VIP and on the cover on madden 21! Next game on on the list is... that damn super bowl ring!,2025-10-13 21:10:44,2025-10-13 21:10:50,164
7683,MaddenNFL,Irrelevant,You deserve it better!! 2 year in the game now you won on and on the go on madden 21! Next on the list is that super bowl goat!,2025-10-13 21:10:44,2025-10-13 21:10:50,127
7684,MaddenNFL,Negative,"The disrespect on Daniel Jones is ridiculous,  to have rookies and backup qbs higher then a guy who threw 24 td to 12 picks in 12 games is just stupid @EAMaddenNFL",2025-10-13 21:10:44,2025-10-13 21:10:50,163
7684,MaddenNFL,Negative,"The disrespect for Daniel Jones is ridiculous, having rookies and backup Qbs higher than a guy who threw 24 td to 12 picks in 12 games is just stupid @ EAMaddenNFL",2025-10-13 21:10:44,2025-10-13 21:10:50,163
7684,MaddenNFL,Negative,"Disrespect to Daniel Jones is ridiculous, to have rookies and backup qbs higher than the guy who threw 24 TDs to 12 rebounds in 12 games is just stupid @ EAMaddenNFL",2025-10-13 21:10:44,2025-10-13 21:10:50,165
7684,MaddenNFL,Negative,"The disrespect on Daniel Jones is ridiculous,  to have rookies in backup qbs AND then that guy who threw 24 td to 12 picks in 12 games is just stupid @EAMaddenNFL",2025-10-13 21:10:44,2025-10-13 21:10:50,162
7684,MaddenNFL,Negative,"The disrespect on this Daniel Jones is ridiculous, to not have new rookies and backup qbs higher then a new guy who threw only 24 td passes to bring 12 picks in 12 career games is just stupid @EAMaddenNFL",2025-10-13 21:10:44,2025-10-13 21:10:50,204
7684,MaddenNFL,Negative,"The disrespect on Julio Jones is ridiculous, to have rookies and backup qbs higher than a man who threw 24 td to 12 picks in 12 rounds with just the @EAMaddenNFL",2025-10-13 21:10:44,2025-10-13 21:10:50,161
7685,MaddenNFL,Positive,One of my favorite rappers of all-time is narrating one of my favorite video games with my all-time favorite Louisville player on the cover. Please don't pinch me,2025-10-13 21:10:44,2025-10-13 21:10:50,162
7685,MaddenNFL,Positive,One of my favorite rappers of all time recounts one of my favorite video games with my absolute favorite player in Louisville on the cover. Please don't pinch me,2025-10-13 21:10:44,2025-10-13 21:10:50,161
7685,MaddenNFL,Positive,One of my favorite games of all time is one of my favorite video games with my favorite Louisville player on the cover. Please don't feel sorry for me.,2025-10-13 21:10:44,2025-10-13 21:10:50,151
7685,MaddenNFL,Positive,One of my favorite rappers of all-time is narrating one of my favorite video games with their all-time favorite Louisville song on the cover. Please don't judge me,2025-10-13 21:10:44,2025-10-13 21:10:50,163
7685,MaddenNFL,Positive,3 One of my favorite rappers of all - time is narrating at one of my favorite EA video games each with my own all - time favorite Louisville Panthers player on the cover. Please don't pinch name me,2025-10-13 21:10:44,2025-10-13 21:10:50,197
7685,MaddenNFL,Positive,One of my favorite rappers to all-time is narrating one of my upcoming video ads with his all-time favorite Louisville player on their cover. Please don't pinch me,2025-10-13 21:10:44,2025-10-13 21:10:50,163
7686,MaddenNFL,Negative,These money grabbing ea Bastards,2025-10-13 21:10:44,2025-10-13 21:10:50,32
7686,MaddenNFL,Negative,This money grabs the bastards,2025-10-13 21:10:44,2025-10-13 21:10:50,29
7686,MaddenNFL,Negative,"This money will be spent on \"Inglorious Bastards\"",2025-10-13 21:10:44,2025-10-13 21:10:50,49
7686,MaddenNFL,Negative,These money grabbing American Bastards,2025-10-13 21:10:44,2025-10-13 21:10:50,38
7686,MaddenNFL,Negative,These money grabbing ea My Bastards,2025-10-13 21:10:44,2025-10-13 21:10:50,35
7686,MaddenNFL,Negative,These money is ea Bastards,2025-10-13 21:10:44,2025-10-13 21:10:50,26
7687,MaddenNFL,Negative,"lol download @EAMaddenNFL for PC, and its the same trash game its been for 20 years.  Madden Interception Football, Madden \"CPU calls same in route every play\" Football.  rinse repeat",2025-10-13 21:10:44,2025-10-13 21:10:50,183
7687,MaddenNFL,Negative,"lol download @ EAMaddenNFL for PC, and its the same trash game it has been for 20 years. Madden Interception Football, Madden \"CPU calls same in route every play\" Football. rinse repeat",2025-10-13 21:10:44,2025-10-13 21:10:50,185
7687,MaddenNFL,Negative,"Madden Interception Football, Madden \"CPU calls the same in the route every play\" Football.",2025-10-13 21:10:44,2025-10-13 21:10:50,91
7687,MaddenNFL,Negative,"lol download these for FREE, and its my same trash game its been for 20 years.  Madden Interception Football, Madden \"CPU calls same in route every play\" Football.  I repeat",2025-10-13 21:10:44,2025-10-13 21:10:50,173
7687,MaddenNFL,Negative,"lol download @EAMaddenNFL for PC, and instantly its... the most same trash car game its been for 20 years. Madden Interception Football, Madden \" CPU immediately calls that same team in route every man play \" Football. The rinse repeat",2025-10-13 21:10:44,2025-10-13 21:10:50,235
7687,MaddenNFL,Negative,"lol has @EAMaddenNFL for PC, but its very same trash game its been for 20 years. Madden v Football, the \"CPU calls same path route every play\" Football. rinse repeat",2025-10-13 21:10:44,2025-10-13 21:10:50,165
7688,MaddenNFL,Negative,@EAMaddenNFL your game sucks,2025-10-13 21:10:44,2025-10-13 21:10:50,28
7688,MaddenNFL,Negative,@ EAMaddenNFL Your game sucks,2025-10-13 21:10:44,2025-10-13 21:10:50,29
7688,MaddenNFL,Negative,@ EAMaddenNFL your game sucks,2025-10-13 21:10:44,2025-10-13 21:10:50,29
7688,MaddenNFL,Negative,@EAMaddenNFL clock game sucks,2025-10-13 21:10:44,2025-10-13 21:10:50,29
7688,MaddenNFL,Negative,@EAMaddenNFL And your game sucks,2025-10-13 21:10:44,2025-10-13 21:10:50,32
7688,MaddenNFL,Negative,@EAMaddenNFL your face sucks,2025-10-13 21:10:44,2025-10-13 21:10:50,28
7689,MaddenNFL,Negative,bruh @EAMaddenNFL this h2h game’s been stuck on this screen for 5 minutes smh pic.twitter.com/rYslnyflFj,2025-10-13 21:10:44,2025-10-13 21:10:50,104
7689,MaddenNFL,Negative,bruh @ EAMaddenNFL this h2h game is stuck on this screen for 5 minutes smh pic.twitter.com / rYslnyflFj,2025-10-13 21:10:44,2025-10-13 21:10:50,103
7689,MaddenNFL,Negative,bruh @ EAMaddenNFL this h2h game's stuck on this screen for 5 minutes smh pic.fm / rYslnyflFj,2025-10-13 21:10:44,2025-10-13 21:10:50,93
7689,MaddenNFL,Negative,bruh RhandlerR this h2h game’s been stuck on this screen for 5 minutes smh pic.twitter.com/rYslnyflFj,2025-10-13 21:10:44,2025-10-13 21:10:50,101
7689,MaddenNFL,Negative,by bruh RhandlerR this h2h game’s been stuck on this screen for 5 minutes smh pic.twitter.com/rYslnyflFj,2025-10-13 21:10:44,2025-10-13 21:10:50,104
7689,MaddenNFL,Negative,are,2025-10-13 21:10:44,2025-10-13 21:10:50,3
7690,MaddenNFL,Negative,@EAMaddenNFL i don't know how you guys still make madden games every year and some how they still come out unplayable with tons of glitches just stop making sports games if you can't get it right by now just give it back to 2k games so madden will be good again,2025-10-13 21:10:44,2025-10-13 21:10:50,261
7690,MaddenNFL,Negative,"@ EAMaddenNFL I don't know how you guys still make crazy games every year and some as they still come out with tons of mishaps unplayable, just stop making sports games, if you can't get it right now, just give it back to 2k games, so crazy will be good again",2025-10-13 21:10:45,2025-10-13 21:10:50,259
7690,MaddenNFL,Negative,@ EAMaddenNFL i don't know how you guys still made madden games every year and some how they still come out unplayable with tons of glitches just stop making sports games if you can't get it right by now just give it back to 2k games so madden will be good again,2025-10-13 21:10:45,2025-10-13 21:10:50,262
7690,MaddenNFL,Negative,@EAMaddenNFL i don't remember how you guys still make madden games every yr and some how they still come out unplayable with lot of glitches just stop making sports games if you can't get people right by now just give it back to 2k games so everyone will be right again,2025-10-13 21:10:45,2025-10-13 21:10:50,269
7690,MaddenNFL,Negative,@EAMaddenNFL i don's t know it how you guys still make madden games every year and some how they still barely come checking out unplayable with just tons of glitches just stop making sports games or if you can'T t get it right by now just kids give you it back to 2k hockey games so madden will be good again,2025-10-13 21:10:45,2025-10-13 21:10:50,308
7690,MaddenNFL,Negative,@EAMaddenNFL i don't know like you guys still make 12 games per year and some how they still come out unplayable with tons of people just stop making sports games like you can't get it right by now just give it time for 2k games everyday madden will be good right,2025-10-13 21:10:45,2025-10-13 21:10:50,263
7691,MaddenNFL,Negative,Y’all really make me sick @EAMaddenNFL,2025-10-13 21:10:45,2025-10-13 21:10:50,38
7691,MaddenNFL,Negative,Y'all making me really sick @ EAMaddenNFL,2025-10-13 21:10:45,2025-10-13 21:10:50,41
7691,MaddenNFL,Negative,Y'all really make me sick @ EAMaddenNFL,2025-10-13 21:10:45,2025-10-13 21:10:50,39
7691,MaddenNFL,Negative,Y’all really make America sick @EAMaddenNFL,2025-10-13 21:10:45,2025-10-13 21:10:50,43
7691,MaddenNFL,Negative,Y ′ ’ all really gonna make me sick @EAMaddenNFL,2025-10-13 21:10:45,2025-10-13 21:10:50,48
7691,MaddenNFL,Negative,Y’all really make me for @EAMaddenNFL,2025-10-13 21:10:45,2025-10-13 21:10:50,37
7692,MaddenNFL,Negative,@EAMaddenNFL FUCK YOU FUCK YOU FUCK YOU FUCK YOU FUCK YOU FUCK YOU!!!! U GUYS FUCKING LIE TO US GO FUCK UR NO LIFE SELVES,2025-10-13 21:10:45,2025-10-13 21:10:50,121
7692,MaddenNFL,Negative,@ EAMaddenNFL FICK YOU FUCK YOU FUCK YOU FUCK YOU FUCK YOU FUCK YOU!! U GUYS FUCKING LIE TO US GO FUCK UR NO LIFE SELVES,2025-10-13 21:10:45,2025-10-13 21:10:50,120
7692,MaddenNFL,Negative,@ EAMaddenNFUCK YOU FUCK YOU FUCK YOU FUCK YOU FUCK YOU FUCK YOU!!! U GUYS FUCKING LIE TO US GO FUCK UR NO LIFE SELVES,2025-10-13 21:10:45,2025-10-13 21:10:50,118
7692,MaddenNFL,Negative,@EAMaddenNFL<unk> YOU FUCK YOU FUCK YOU FUCK YOU FUCK YOU FUCK YOU!!!! U GUYS FUCKING LIE TO NO GO FUCK UR NO LIFE S,2025-10-13 21:10:45,2025-10-13 21:10:50,116
7692,MaddenNFL,Negative,@EAMaddenNFL FUCK OR YOU FUCK TO YOU and FUCK YOU TO FUCK YOU FUCK YOU FUCK ON YOU!!!!... U GUYS FUCKING LIE TO US AND GO OR FUCK UR IN NO LIFE OF SELVES,2025-10-13 21:10:45,2025-10-13 21:10:50,153
7692,MaddenNFL,Negative,@EAMaddenNFL of lover FUCK YOU FUCK lover FUCK love FUCK LOVE FUCK YOU!!!! U GUYS FUCKING WHO D IT GO FUCK UR NO LIFE SELVES,2025-10-13 21:10:45,2025-10-13 21:10:50,124
7693,MaddenNFL,Negative,How the graphics get WORSE .,2025-10-13 21:10:45,2025-10-13 21:10:50,29
7693,MaddenNFL,Negative,How the graphics get WORSE.,2025-10-13 21:10:45,2025-10-13 21:10:50,27
7693,MaddenNFL,Negative,How graphs get WORSE.,2025-10-13 21:10:45,2025-10-13 21:10:50,21
7693,MaddenNFL,Negative,How the graphics looked WORSE.,2025-10-13 21:10:45,2025-10-13 21:10:50,30
7693,MaddenNFL,Negative,How does the graphics get WORSE.,2025-10-13 21:10:45,2025-10-13 21:10:50,32
7693,MaddenNFL,Negative,if the graphics get WORSE.,2025-10-13 21:10:45,2025-10-13 21:10:50,26
7694,MaddenNFL,Negative,@EAMaddenNFL what is up with these player ratings? I think your algorithm is wrong .,2025-10-13 21:10:45,2025-10-13 21:10:50,85
7694,MaddenNFL,Negative,"@ EAMaddenNFL, what's wrong with these player ratings? I think your algorithm is wrong.",2025-10-13 21:10:45,2025-10-13 21:10:50,87
7694,MaddenNFL,Negative,@ EAMaddenNFL what's with these player ratings?,2025-10-13 21:10:45,2025-10-13 21:10:50,47
7694,MaddenNFL,Negative,@EAMaddenNFL what is up with these player ratings? I think some algorithm is wrong.,2025-10-13 21:10:45,2025-10-13 21:10:50,83
7694,MaddenNFL,Negative,@EAMaddenNFL what is up there with these player ratings? I should think only your algorithm is wrong.,2025-10-13 21:10:45,2025-10-13 21:10:50,101
7694,MaddenNFL,Negative,of what is up with such low ratings? I think your algorithm is wrong.,2025-10-13 21:10:45,2025-10-13 21:10:50,69
7695,MaddenNFL,Neutral,I haven’t bought Madden in 4 years but I’m buying this one fam! Congratulations!!! Hard work pays off!!!!,2025-10-13 21:10:45,2025-10-13 21:10:50,105
7695,MaddenNFL,Neutral,"I haven't bought Madden for 4 years, but I'm buying this one Fam! Congratulations!!! Hard work pays off!!!!",2025-10-13 21:10:45,2025-10-13 21:10:50,107
7695,MaddenNFL,Neutral,I haven't bought Madden in 4 years but I'm buying this one fam! Congratulations!!! Hard work pays off!!!!,2025-10-13 21:10:45,2025-10-13 21:10:50,105
7695,MaddenNFL,Neutral,I haven’t bought Madden in 4 years now I’m buying this one fam! Congratulations!!! Constant work pays off!!!!,2025-10-13 21:10:45,2025-10-13 21:10:50,109
7695,MaddenNFL,Neutral,I haven ’ A t bought Madden in 4 000 years but I ’ m buying this big one the fam! A Congratulations!!! Hard work pays mine off!!!!,2025-10-13 21:10:45,2025-10-13 21:10:50,130
7695,MaddenNFL,Neutral,probably haven’t bought Madden Football 4 years but I’m buying this game fam! Congratulations!!! Home work pays off!!!!,2025-10-13 21:10:45,2025-10-13 21:10:50,119
7696,MaddenNFL,Positive,@EAMaddenNFL I love the MVP Edition,2025-10-13 21:10:45,2025-10-13 21:10:50,35
7696,MaddenNFL,Positive,@ EAMaddenNFL I love the MVP issue,2025-10-13 21:10:45,2025-10-13 21:10:50,34
7696,MaddenNFL,Positive,@ EAMaddenNFL I love the MVP,2025-10-13 21:10:45,2025-10-13 21:10:50,28
7696,MaddenNFL,Positive,@EAMaddenNFL I love the MVP system,2025-10-13 21:10:45,2025-10-13 21:10:50,34
7696,MaddenNFL,Positive,@EAMaddenNFL I love the MVP Fan Edition,2025-10-13 21:10:45,2025-10-13 21:10:50,39
7696,MaddenNFL,Positive,@EAMaddenNFL<unk> love the MVP Edition,2025-10-13 21:10:45,2025-10-13 21:10:50,38
7697,MaddenNFL,Negative,@EAMaddenNFL so only Legends bundle you put in is $100... and singles are $20... cruel,2025-10-13 21:10:45,2025-10-13 21:10:50,86
7697,MaddenNFL,Negative,@ EAMaddenNFL so just Legends Bundle you put in $100... and singles are $20... cruel,2025-10-13 21:10:45,2025-10-13 21:10:50,84
7697,MaddenNFL,Negative,@ EAMaddenNFL so just Legends File you put in $100... and singles $20... cruel,2025-10-13 21:10:45,2025-10-13 21:10:50,78
7697,MaddenNFL,Negative,@EAMaddenNFL so the Legends bundle you<unk> in is $100... and singles are $20... cruel,2025-10-13 21:10:45,2025-10-13 21:10:50,86
7697,MaddenNFL,Negative,@EAMaddenNFL so not only any Legends bundle that you got put in is $ 100... and all singles are $ 20... cruel,2025-10-13 21:10:45,2025-10-13 21:10:50,109
7697,MaddenNFL,Negative,@EAMaddenNFL so only Legends bundle you put in only $100... All singles are $20... because,2025-10-13 21:10:45,2025-10-13 21:10:50,90
7698,MaddenNFL,Negative,nan,2025-10-13 21:10:45,2025-10-13 21:10:50,3
7698,MaddenNFL,Negative,It is not the first time that the EU Commission has taken such a step.,2025-10-13 21:10:45,2025-10-13 21:10:50,70
7698,MaddenNFL,Negative,"At the same time, despite the fact that there are currently some 100 million people living below the poverty line, most of them do not have access to health services and do not have access to health care, while most of them do not have access to health care.",2025-10-13 21:10:45,2025-10-13 21:10:50,258
7698,MaddenNFL,Negative,nan,2025-10-13 21:10:45,2025-10-13 21:10:50,3
7698,MaddenNFL,Negative,nan,2025-10-13 21:10:45,2025-10-13 21:10:50,3
7698,MaddenNFL,Negative,nan,2025-10-13 21:10:45,2025-10-13 21:10:50,3
7699,MaddenNFL,Negative,Yo @EAMaddenNFL can we not play solos together??,2025-10-13 21:10:45,2025-10-13 21:10:50,48
7699,MaddenNFL,Negative,Yo @ EAMaddenNFL can't we do solos together??,2025-10-13 21:10:45,2025-10-13 21:10:50,45
7699,MaddenNFL,Negative,Yo @ EAMaddenNFL can we not play solos together??,2025-10-13 21:10:45,2025-10-13 21:10:50,49
7699,MaddenNFL,Negative,Yo @EAMaddenNFL can we not play music together??,2025-10-13 21:10:45,2025-10-13 21:10:50,48
7699,MaddenNFL,Negative,and Yo or @EAMaddenNFL can we not play solos together??,2025-10-13 21:10:45,2025-10-13 21:10:50,55
7699,MaddenNFL,Negative,Yo @EAMaddenNFL can we two sing solos together??,2025-10-13 21:10:45,2025-10-13 21:10:50,48
7700,MaddenNFL,Irrelevant,"I was already following, but heres my retweet. I have an Xbox one- you guys have the best analysts!",2025-10-13 21:10:45,2025-10-13 21:10:50,99
7700,MaddenNFL,Irrelevant,"I've been there before, but here's my retweet: I have an Xbox One - you have the best analysts!",2025-10-13 21:10:45,2025-10-13 21:10:50,95
7700,MaddenNFL,Irrelevant,"I was already following, but heres my retweet. I have an Xbox one - you guys have the best analytics!",2025-10-13 21:10:45,2025-10-13 21:10:50,101
7700,MaddenNFL,Irrelevant,"I was already following, but deleted my retweet. I have an Xbox one- you guys have the greatest analysts!",2025-10-13 21:10:45,2025-10-13 21:10:50,105
7700,MaddenNFL,Irrelevant,"I was already following, but that heres my usual retweet. Obviously I have got an Xbox one - you guys have the very best analysts!",2025-10-13 21:10:45,2025-10-13 21:10:50,130
7700,MaddenNFL,Irrelevant,"may am already following, but heres her retweet. I ran an Xbox one- you guys have the best analysts!",2025-10-13 21:10:45,2025-10-13 21:10:50,100
7701,MaddenNFL,Negative,I’m just not sure how @EAMaddenNFL hires the people that decide the ratings. Seems like they get worse every year! Whoever they are they wernt worth the money. Use that money to,2025-10-13 21:10:45,2025-10-13 21:10:50,179
7701,MaddenNFL,Negative,"I'm just not sure how @ EAMaddenNFL employs the people who decide the ratings. It seems like they're getting worse every year! Whoever they are, they weren't worth the money.",2025-10-13 21:10:45,2025-10-13 21:10:50,174
7701,MaddenNFL,Negative,I'm just not sure how @ EAMaddenNFL hires people who decide ratings.,2025-10-13 21:10:45,2025-10-13 21:10:50,68
7701,MaddenNFL,Negative,I’m just not certain how Microsoft hires the engineers that review the ratings. Seems like they get worse every year! Whoever they are they wernt worth the money. Use that money to,2025-10-13 21:10:45,2025-10-13 21:10:50,180
7701,MaddenNFL,Negative,I ’ I m just not sure of how @EAMaddenNFL hires the people that decide the broadcast ratings. 13 Seems like they get worse every passing year! But Whoever if they are they wernt worth the money. Use much that money to,2025-10-13 21:10:45,2025-10-13 21:10:50,217
7701,MaddenNFL,Negative,I’m just not sure why @EAMaddenNFL hires its folks that decide the score. Seems like ratings get worse every year! Whoever they are they wernt worth the money. Use that money right,2025-10-13 21:10:45,2025-10-13 21:10:50,180
7702,MaddenNFL,Positive,Shoutout Dez King.  4-rounder my ass,2025-10-13 21:10:45,2025-10-13 21:10:50,36
7702,MaddenNFL,Positive,Shoutout Dec King. 4-round my ass,2025-10-13 21:10:45,2025-10-13 21:10:50,33
7702,MaddenNFL,Positive,Scream of Dez King.,2025-10-13 21:10:45,2025-10-13 21:10:50,19
7702,MaddenNFL,Positive,Shoutout Dez King.  4-rounder my favorite,2025-10-13 21:10:45,2025-10-13 21:10:50,41
7702,MaddenNFL,Positive,Shoutout Dez King. 2 4 - 1 rounder my ass,2025-10-13 21:10:45,2025-10-13 21:10:50,41
7702,MaddenNFL,Positive,Shoutout Dez Bryant. 4-rounder my way,2025-10-13 21:10:45,2025-10-13 21:10:50,37
7703,MaddenNFL,Positive,I’m so ready for @EAMaddenNFL,2025-10-13 21:10:45,2025-10-13 21:10:50,29
7703,MaddenNFL,Positive,I'm so ready for @ EAMaddenNFL,2025-10-13 21:10:45,2025-10-13 21:10:50,30
7703,MaddenNFL,Positive,I'm so ready for @ EAMaddenNFL,2025-10-13 21:10:45,2025-10-13 21:10:50,30
7703,MaddenNFL,Positive,I’m so rooting for @EAMaddenNFL,2025-10-13 21:10:45,2025-10-13 21:10:50,31
7703,MaddenNFL,Positive,I ’ I m so ready here for @EAMaddenNFL,2025-10-13 21:10:45,2025-10-13 21:10:50,38
7703,MaddenNFL,Positive,I’m so ready as @EAMaddenNFL,2025-10-13 21:10:45,2025-10-13 21:10:50,28
7704,MaddenNFL,Negative,I know EA was praying for some sort of historical event to go down so they could have an excuse to delay the same exact game they’ve made for all these fuckin years,2025-10-13 21:10:45,2025-10-13 21:10:50,164
7704,MaddenNFL,Negative,I know EA has been praying for some historical event to go down so they have an excuse to delay the same game they did all those damn years.,2025-10-13 21:10:45,2025-10-13 21:10:50,140
7704,MaddenNFL,Negative,I know EA were preparing for some historic event so they had a reason to postpone the exact game they had been doing all those fucking years,2025-10-13 21:10:45,2025-10-13 21:10:50,140
7704,MaddenNFL,Negative,I know everybody was praying for some sort of historical event just go down so they could have an excuse to delay the same stupid game they’ve made for all these fuckin years,2025-10-13 21:10:45,2025-10-13 21:10:50,174
7704,MaddenNFL,Negative,And I know that EA News was praying for some sort of major historical event to basically go crashing down so they could have an excuse to delay at the same exact game they ’ ve made for all these fuckin years,2025-10-13 21:10:45,2025-10-13 21:10:50,208
7704,MaddenNFL,Negative,I know EA was praying for some sort of historical event to go down so they could have an excuse to keep the same exact process they’ve made for putting these crazy people,2025-10-13 21:10:45,2025-10-13 21:10:50,170
7705,MaddenNFL,Positive,@EAMaddenNFL  I like what I see from you guys as far as accessibility   The display is pure gold. Text to speech is amazing this year.,2025-10-13 21:10:45,2025-10-13 21:10:50,134
7705,MaddenNFL,Positive,@ EAMaddenNFL I like what I see of you guys as far as accessibility The ad is pure gold. Text to language is amazing this year.,2025-10-13 21:10:45,2025-10-13 21:10:50,127
7705,MaddenNFL,Positive,@ EAMaddenNFL I like what I see from you guys as far as I understand.,2025-10-13 21:10:45,2025-10-13 21:10:50,69
7705,MaddenNFL,Positive,@EAMaddenNFL  I like what I see in you guys as far as execution   The display is a gold. Text to speech is amazing this year.,2025-10-13 21:10:45,2025-10-13 21:10:50,125
7705,MaddenNFL,Positive,@EAMaddenNFL I really like what beauty I see from you guys as far as accessibility The display is pure gold gold. Text to voice speech is my amazing it this year.,2025-10-13 21:10:45,2025-10-13 21:10:50,162
7705,MaddenNFL,Positive,@EAMaddenNFL I like what I see from you guys as far in accessibility The display is pure impressive. Language to speech is amazing next year.,2025-10-13 21:10:45,2025-10-13 21:10:50,141
7706,MaddenNFL,Negative,nan,2025-10-13 21:10:45,2025-10-13 21:10:50,3
7706,MaddenNFL,Negative,It is not the first time that the EU Commission has taken such a step.,2025-10-13 21:10:45,2025-10-13 21:10:50,70
7706,MaddenNFL,Negative,"At the same time, despite the fact that there are currently some 100 million people living below the poverty line, most of them do not have access to health services and do not have access to health care, while most of them do not have access to health care.",2025-10-13 21:10:45,2025-10-13 21:10:50,258
7706,MaddenNFL,Negative,nan,2025-10-13 21:10:45,2025-10-13 21:10:50,3
7706,MaddenNFL,Negative,nan,2025-10-13 21:10:45,2025-10-13 21:10:50,3
7706,MaddenNFL,Negative,nan,2025-10-13 21:10:45,2025-10-13 21:10:50,3
7707,MaddenNFL,Negative,This is one of the worst madden in years this shit is hilarious 🤣🤣🤣🤣,2025-10-13 21:10:45,2025-10-13 21:10:50,68
7707,MaddenNFL,Negative,"This is one of the worst lunatics in years, this shit is hilarious.",2025-10-13 21:10:45,2025-10-13 21:10:50,67
7707,MaddenNFL,Negative,"This is one of the worst failures in years, this shit is ridiculous.",2025-10-13 21:10:45,2025-10-13 21:10:50,68
7707,MaddenNFL,Negative,This is one of the worst madden in english this shit is hilarious but,2025-10-13 21:10:45,2025-10-13 21:10:50,69
7707,MaddenNFL,Negative,This is both one of the very worst madden in years this shit is dead hilarious [UNK],2025-10-13 21:10:45,2025-10-13 21:10:50,84
7707,MaddenNFL,Negative,This is one probably the worst madden in years this one is hilarious <unk>,2025-10-13 21:10:45,2025-10-13 21:10:50,74
7708,MaddenNFL,Negative,@EAMaddenNFL when are you going to fix the glitches on Madden 21 and have the current rosters?,2025-10-13 21:10:45,2025-10-13 21:10:50,94
7708,MaddenNFL,Negative,"@ EAMaddenNFL, when are you going to fix the glitches on Madden 21 and have the current rosters?",2025-10-13 21:10:45,2025-10-13 21:10:50,96
7708,MaddenNFL,Negative,@ EAMaddenNFL when are you going to fix the slide on Madden 21 and do you have current rosters?,2025-10-13 21:10:45,2025-10-13 21:10:50,95
7708,MaddenNFL,Negative,@EAMaddenNFL when are you going to fix the glitches on August 21 and have stable current rosters?,2025-10-13 21:10:45,2025-10-13 21:10:50,97
7708,MaddenNFL,Negative,Love @EAMaddenNFL and when are you going back to permanently fix the glitches on Madden 21 and then have the current rosters?,2025-10-13 21:10:45,2025-10-13 21:10:50,125
7708,MaddenNFL,Negative,@EAMaddenNFL when are you going to fix the glitches between Madden 21 with have good current rosters?,2025-10-13 21:10:45,2025-10-13 21:10:50,101
7709,MaddenNFL,Negative,@EAMaddenNFL  whTs the problem now with EA ? Always something!!!,2025-10-13 21:10:45,2025-10-13 21:10:50,64
7709,MaddenNFL,Negative,@ EAMaddenNFL whTs the problem now with EA? Always something!!!,2025-10-13 21:10:45,2025-10-13 21:10:50,63
7709,MaddenNFL,Negative,@ EAMaddenNFT whts the problem now with EA? Always something!!!,2025-10-13 21:10:45,2025-10-13 21:10:50,63
7709,MaddenNFL,Negative,@EAMaddenNFL  whTs the problem over with EA? Always something!!!,2025-10-13 21:10:45,2025-10-13 21:10:50,64
7709,MaddenNFL,Negative,@EAMaddenNFL is whTs the easy problem does now with EA? Always something!!!,2025-10-13 21:10:45,2025-10-13 21:10:50,75
7709,MaddenNFL,Negative,@EAMaddenNFL whTs the problem now with EA? Why the,2025-10-13 21:10:45,2025-10-13 21:10:50,50
7710,MaddenNFL,Negative,"Dear @EA @EASPORTS @EAMaddenNFL, . . Please stop making @NFL football games and give up the rights to someone who will actually do a better job. . .  Sincerely, . the fans!. .  .  .",2025-10-13 21:10:45,2025-10-13 21:10:50,183
7710,MaddenNFL,Negative,"Dear @ EA @ EASPORTS @ EAMaddenNFL,... Please stop making @ NFL football games and hand over the rights to someone who actually does a better job... Yours sincerely, the fans!...",2025-10-13 21:10:45,2025-10-13 21:10:50,178
7710,MaddenNFL,Negative,"Dear @ EA @ EASPORTS @ EAMaddenNFL, please stop making @ NFL football games and give the rights to someone who will actually do the best job... Sincere, fans!...",2025-10-13 21:10:45,2025-10-13 21:10:50,161
7710,MaddenNFL,Negative,"Dear @EA @EASPORTS @EAMaddenNFL,.. Please stop making @NFL football games and give up our rights on someone who will actually find a better job...  :,. the fans!. ) . .",2025-10-13 21:10:45,2025-10-13 21:10:50,168
7710,MaddenNFL,Negative,"Dear @EA me @EASPORTS @EAMaddenNFL,.. For Please stop making to @NFL these football games and give em up the rights now to you someone who wins will definitely actually do a better job... Sincerely,. the Patriots fans!....",2025-10-13 21:10:45,2025-10-13 21:10:50,222
7710,MaddenNFL,Negative,"Dear professional @EA employers,.. Please stop making @EASPORTS football jobs and give up full rights as someone who is actually give that better job... Sincerely,. Sports fans!....",2025-10-13 21:10:45,2025-10-13 21:10:50,181
7711,MaddenNFL,Positive,It’s amazing how far we’ve gotten with our movements.,2025-10-13 21:10:45,2025-10-13 21:10:50,53
7711,MaddenNFL,Positive,It is amazing how far we have come with our movements.,2025-10-13 21:10:45,2025-10-13 21:10:50,54
7711,MaddenNFL,Positive,It is amazing how far we have come in our movements.,2025-10-13 21:10:45,2025-10-13 21:10:50,52
7711,MaddenNFL,Positive,It’s amazing how far we’ve gotten with our efforts.,2025-10-13 21:10:45,2025-10-13 21:10:50,51
7711,MaddenNFL,Positive,It ’ s amazing looking how far we could ’ ve gotten with our movements.,2025-10-13 21:10:45,2025-10-13 21:10:50,71
7711,MaddenNFL,Positive,It’s funny how far we’ve gotten with our emotions.,2025-10-13 21:10:45,2025-10-13 21:10:50,50
7712,MaddenNFL,Positive,@EAMaddenNFL thank you so much Madden NFL for affording me the opportunity to spend $105 on a MVP carbon copy of last year's game awesome,2025-10-13 21:10:45,2025-10-13 21:10:50,137
7712,MaddenNFL,Positive,@ EAMaddenNFL thank you Madden NFL for giving me the opportunity to spend $105 on an MVP copy of last year's game.,2025-10-13 21:10:45,2025-10-13 21:10:50,114
7712,MaddenNFL,Positive,@ EAMaddenNFL thanks Madden NFL for giving me the opportunity to spend $105 on a copy of last year's MVP.,2025-10-13 21:10:45,2025-10-13 21:10:50,105
7712,MaddenNFL,Positive,@EAMaddenNFL blessed you so incredibly Madden NFL by affording me the opportunity to spend $105 on a MVP carbon copy of last year's game awesome,2025-10-13 21:10:45,2025-10-13 21:10:50,144
7712,MaddenNFL,Positive,@EAMaddenNFL thank you for so much Madden NFL for affording me the opportunity to spend $ 1 105 in on a MVP carbon copy demo of last year'that s game by awesome,2025-10-13 21:10:45,2025-10-13 21:10:50,160
7712,MaddenNFL,Positive,and thank you so much Mr NFL for affording me the opportunity to spend $105 on a giant carbon copy on last year's game awesome,2025-10-13 21:10:45,2025-10-13 21:10:50,126
7713,MaddenNFL,Negative,@EASPORTS no sound on  @EAMaddenNFL and game glitches out to the point I have to restart,2025-10-13 21:10:45,2025-10-13 21:10:50,88
7713,MaddenNFL,Negative,@ EASPORTS no tone on @ EAMaddenNFL and game mishaps to the point I need to restart,2025-10-13 21:10:45,2025-10-13 21:10:50,83
7713,MaddenNFL,Negative,@ EASPORTS no sound on @ EAMaddenNFL and game glitches out to the point I have to restart,2025-10-13 21:10:45,2025-10-13 21:10:50,89
7713,MaddenNFL,Negative,@EASPORTS no works on  @EAMaddenNFL and game glitches out towards the point I have to restart,2025-10-13 21:10:45,2025-10-13 21:10:50,93
7713,MaddenNFL,Negative,@EASPORTS makes no sound on @EAMaddenNFL it and game glitches balance out to the point I have to never restart,2025-10-13 21:10:45,2025-10-13 21:10:50,110
7713,MaddenNFL,Negative,@EASPORTS no sound on internet and game glitches out to controller interface I have to restart,2025-10-13 21:10:45,2025-10-13 21:10:50,94
7714,MaddenNFL,Negative,Lame.,2025-10-13 21:10:45,2025-10-13 21:10:50,5
7714,MaddenNFL,Negative,Lahm.,2025-10-13 21:10:45,2025-10-13 21:10:50,5
7714,MaddenNFL,Negative,Lame.,2025-10-13 21:10:45,2025-10-13 21:10:50,5
7714,MaddenNFL,Negative,Lame.,2025-10-13 21:10:45,2025-10-13 21:10:50,5
7714,MaddenNFL,Negative,1 Lame.,2025-10-13 21:10:45,2025-10-13 21:10:50,7
7714,MaddenNFL,Negative,<unk>.,2025-10-13 21:10:45,2025-10-13 21:10:50,6
7715,MaddenNFL,Negative,I mean this is just insane . . . @EASPORTS_MUT @EAMaddenNFL @cookieboy1794 pic.twitter.com/30llzT6egr,2025-10-13 21:10:45,2025-10-13 21:10:50,101
7715,MaddenNFL,Negative,I mean this is just crazy... @ EASPORTS _ MUT @ EAMaddenNFL @ cookieboy1794 pic.twitter.com / 30llzT6egr,2025-10-13 21:10:45,2025-10-13 21:10:50,104
7715,MaddenNFL,Negative,I mean this is just the beginning... @ EASPORTS _ MUT @ EAMaddenNFL @ cookenboy1794 pic.fm / 30llzT6egr,2025-10-13 21:10:45,2025-10-13 21:10:50,103
7715,MaddenNFL,Negative,I mean this is just insane . . . RhandlerR RhandlerR RhandlerR pic.twitter.com/30llzT6egr,2025-10-13 21:10:45,2025-10-13 21:10:50,89
7715,MaddenNFL,Negative,with I mean this is just insane . . . RhandlerR RhandlerR RhandlerR pic.twitter.com/30llzT6egr,2025-10-13 21:10:45,2025-10-13 21:10:50,94
7715,MaddenNFL,Negative,a,2025-10-13 21:10:45,2025-10-13 21:10:50,1
7716,MaddenNFL,Neutral,"@EASPORTS_MUT @EAMaddenNFL @EA_KRAELO @MaddenBible @Jstein2469 theme teams are the best thing about MUT and you nerfed their chemistry this year, 'god squads' aren't realistic and ruin the game for me",2025-10-13 21:10:45,2025-10-13 21:10:50,200
7716,MaddenNFL,Neutral,"@ EASPORTS _ MUT @ EAMaddenNFL @ EA _ KRAELO @ MaddenBible @ Jstein2469 Theme teams are the best in MUT and you have messed up their chemistry this year, \"cadres\" are not realistic and ruin the game for me",2025-10-13 21:10:45,2025-10-13 21:10:50,205
7716,MaddenNFL,Neutral,"@ EASPORTS _ MUT @ EAMaddenNFL @ EA _ KELO @ MaddenBible @ J2469 Thematic teams are the best thing about MUT and you've been nervous for them this year, \"god teams\" are unrealistic and ruining the game for me",2025-10-13 21:10:45,2025-10-13 21:10:50,208
7716,MaddenNFL,Neutral,"@EASPORTS_MUT @EAMaddenNFL @EA_KRAELO @MaddenBible @Jstein2469 theme teams are the best thing from MUT and you liked their chemistry this year, but squads' aren't realistic and changed the game for me",2025-10-13 21:10:45,2025-10-13 21:10:50,200
7716,MaddenNFL,Neutral,"Team @EASPORTS_MUT @EAMaddenNFL @EA_KRAELO @MaddenBible @Jstein2469 theme teams are among the best selling thing in about MUT and since you nerfed their chemistry by this year,'god squads'aren't realistic and easily ruin not the full game for and me",2025-10-13 21:10:45,2025-10-13 21:10:50,249
7716,MaddenNFL,Neutral,"your @EASPORTS_MUT or @EAMaddenNFL @EA_KRAELO theme teams are the best thing about football and who nerfed that chemistry first year, 'god squads' aren't realistic will ruin his game for me",2025-10-13 21:10:45,2025-10-13 21:10:50,189
7717,MaddenNFL,Positive,Dylan Cole is listed as a 71 OVR in the Madden NFL 21 launch ratings. . . Tied for the second-strongest MLB in the game with an 84 strength rating.. . Acceleration (90) and jumping (92) are among the best at the position.. . Hope he can play a full 16+ this year!. . 85 SPD. 84 AGI. 80 TAK,2025-10-13 21:10:45,2025-10-13 21:10:50,289
7717,MaddenNFL,Positive,Dylan Cole is listed as 71 OVR in the Madden NFL's 21 starting quotas... Bound for the second-strongest MLB in the game with an 84 strength rating... Speeding (90) and jumping (92) are among the best in the position... Hope he can play full 16 + this year!.. 85 SPD. 84 AGI. 80 TAK,2025-10-13 21:10:45,2025-10-13 21:10:50,281
7717,MaddenNFL,Positive,Dylan Cole is listed in 71st place in the Madden NFL 21 starting rating............................................................................................................................................................................................................................................................................................,2025-10-13 21:10:45,2025-10-13 21:10:50,355
7717,MaddenNFL,Positive,Dylan Cole is listed as a 71 OVR in the Madden NFL 21 launch ratings... Wins for the two-strongest defense in the game with an 11 strength …. Acceleration 74) and jumping (92) are among the best for the position... Hope you can play a full 16+ this year!.. 85 SPD. 84 AGI. 80 TAK,2025-10-13 21:10:45,2025-10-13 21:10:50,279
7717,MaddenNFL,Positive,Dylan Mark Cole is listed only as a 71 OVR contender in the Madden NFL 21 launch ratings... Is Tied for the second - strongest MLB in the game with an 84 strength rating...... Acceleration ( 90 ) and jumping ( 92 ) are among absolutely the best combination at the position... But Hope he he can play a full season 16 + this year!.. 85 SPD. 84 AGI. 80 TAK,2025-10-13 21:10:45,2025-10-13 21:10:50,354
7717,MaddenNFL,Positive,Dylan Cole is listed as a 71 superstar in the 2015 NFL 21 launch ratings... Tied for the second-strongest MLB in the game with an 89 startup rating... Acceleration (90) against jumping (92) are among the best at the top... Because he can play a full week+ this weekend!.. 85 MLB. 84 AGI. 80 TAK,2025-10-13 21:10:45,2025-10-13 21:10:50,294
7718,MaddenNFL,Negative,The disrespect @ItzLiveee,2025-10-13 21:10:45,2025-10-13 21:10:50,25
7718,MaddenNFL,Negative,The disrespect @ ItzLiveee,2025-10-13 21:10:45,2025-10-13 21:10:50,26
7718,MaddenNFL,Negative,Disrespect for Igor,2025-10-13 21:10:45,2025-10-13 21:10:50,19
7718,MaddenNFL,Negative,The disrespect policy,2025-10-13 21:10:45,2025-10-13 21:10:50,21
7718,MaddenNFL,Negative,As The disrespect @ItzLiveee,2025-10-13 21:10:45,2025-10-13 21:10:50,28
7718,MaddenNFL,Negative,The Magic @ItzLiveee,2025-10-13 21:10:45,2025-10-13 21:10:50,20
7719,MaddenNFL,Negative,Any question of why the packers are GARBAGE in in @EAMaddenNFL davonte can’t catch a damn ball is what I’m getting and sarong Rodgers can’t throw a accurate pass smh,2025-10-13 21:10:45,2025-10-13 21:10:50,165
7719,MaddenNFL,Negative,Any question as to why the Packers are in @ EAMaddenNFL can't catch a damn ball is what I get and Sarong Rodgers can't throw a precise pass smh,2025-10-13 21:10:45,2025-10-13 21:10:50,143
7719,MaddenNFL,Negative,Any question about why players in the @ EAMaddenNFL can't catch a cursed ball is what I get and Sarong Rodgers can't throw an accurate pass smx,2025-10-13 21:10:45,2025-10-13 21:10:50,143
7719,MaddenNFL,Negative,Any part of all the packers are GARBAGE in in @EAMaddenNFL davonte can’t catch a damn ball is what I’m getting and me y can’t throw a accurate pass smh,2025-10-13 21:10:45,2025-10-13 21:10:50,151
7719,MaddenNFL,Negative,Any question of why the packers are GARBAGE is in football in @EAMaddenNFL davonte can we ’ t seen catch down a nice damn ball is what impression I ’ m getting and sarong Rodgers can ’ t see throw down a accurate pass smh,2025-10-13 21:10:45,2025-10-13 21:10:50,221
7719,MaddenNFL,Negative,Any question of why four packers are GARBAGE in passing @EAMaddenNFL davonte all catch the damn ball is nothing I’m stating and sarong Rodgers can’t throw any accurate pass smh,2025-10-13 21:10:45,2025-10-13 21:10:50,176
7720,MaddenNFL,Negative,"@EAMaddenNFL literally gonna break something, 3 sec left in OT and the coach suggestion is a run from the 6 yrd line. On what planet is that a coach suggestion? Uranus? Cause only something that stupid would come outta someones butt. Fact thats what you people think shows udk .",2025-10-13 21:10:45,2025-10-13 21:10:50,279
7720,MaddenNFL,Negative,"@ EAMaddenNFL is literally going to break something, 3 seconds left in OT and the coach suggestion is a run from the 6 yrd line. On what planet is that a coach proposal? Uranus? Because only something stupid would get in someone's butt.",2025-10-13 21:10:45,2025-10-13 21:10:50,236
7720,MaddenNFL,Negative,"@ EAMaddenNFL is literally going to break something, 3 seconds left in OT, and the coach's proposal is a run from 6th place. On what planet is this coach's proposal? Uranus?",2025-10-13 21:10:45,2025-10-13 21:10:50,173
7720,MaddenNFL,Negative,"@EAMaddenNFL literally gonna say something, 3 sec left is OT & the coach suggestion is a run from the 6 yrd line. On what planet is that a coach suggestion? Uranus? Cause only something that dope would come outta someones butt. But thats all you people think shows udk.",2025-10-13 21:10:45,2025-10-13 21:10:50,269
7720,MaddenNFL,Negative,"@EAMaddenNFL literally gonna break like something, got 3 sec left gone in OT and still the coach suggestion is a run from the current 6 billion yrd hour line. On what damn planet is that a coach suggested suggestion? On Uranus? Cause only something that stupid would come outta someones butt. Fact thats what you people think shows udk.",2025-10-13 21:10:45,2025-10-13 21:10:50,336
7720,MaddenNFL,Negative,"@EAMaddenNFL literally gonna break something, 3 sec left on OT and the player suggestion is to run to the last yrd person. On earth planet is that a coach suggestion? Uranus? Cause only something that stupid should come outta someones butt. Fact about what you people think is udk.",2025-10-13 21:10:45,2025-10-13 21:10:50,281
7721,MaddenNFL,Irrelevant,Seahawks fans always be making it so easy to make fun of them.,2025-10-13 21:10:45,2025-10-13 21:10:50,62
7721,MaddenNFL,Irrelevant,Seahawks fans always make fun of them.,2025-10-13 21:10:45,2025-10-13 21:10:50,38
7721,MaddenNFL,Irrelevant,Seahawks fans always make fun of them so easily.,2025-10-13 21:10:45,2025-10-13 21:10:50,48
7721,MaddenNFL,Irrelevant,Seahawks fans should be making it so easy to make fun of them.,2025-10-13 21:10:45,2025-10-13 21:10:50,62
7721,MaddenNFL,Irrelevant,Seahawks fans always be making and it so easy to make some fun of them.,2025-10-13 21:10:45,2025-10-13 21:10:50,71
7721,MaddenNFL,Irrelevant,Seahawks fans always would make it so easy to make fun of them.,2025-10-13 21:10:45,2025-10-13 21:10:50,63
7722,MaddenNFL,Negative,They scared bro. Sweeping the money under the rug lol,2025-10-13 21:10:45,2025-10-13 21:10:50,53
7722,MaddenNFL,Negative,They were scared bro. Sweeping the money under the carpet lol,2025-10-13 21:10:45,2025-10-13 21:10:50,61
7722,MaddenNFL,Negative,They scared the bro.,2025-10-13 21:10:45,2025-10-13 21:10:50,20
7722,MaddenNFL,Negative,They scared bro. Sweeping his money under the rug lol,2025-10-13 21:10:45,2025-10-13 21:10:50,53
7722,MaddenNFL,Negative,They scared bro. 40 Sweeping the money deep under the dirty rug lol,2025-10-13 21:10:45,2025-10-13 21:10:50,67
7722,MaddenNFL,Negative,They scared bro. Sweeping their money under my rug lol,2025-10-13 21:10:45,2025-10-13 21:10:50,54
7723,MaddenNFL,Negative,@EAMaddenNFL @EAMaddenNFL fix your trash Madden 20 do you people watch NFL football...the defense suck ass and there's no unstoppable run play dummies pay attention to the @Titans vs @Ravens game,2025-10-13 21:10:45,2025-10-13 21:10:50,195
7723,MaddenNFL,Negative,@ EAMaddenNFL @ EAMaddenNFL Fix your garbage Madden 20 You guys watch NFL football... the defense sucks ass and there's no unstoppable run playing dummies watch the @ Titans vs. @ Ravens game,2025-10-13 21:10:45,2025-10-13 21:10:50,191
7723,MaddenNFL,Negative,@ EAMaddenNFL @ EAMaddenNFL fix your Madden 20 thrash you're the people who watch NFL football... the defense sucks your ass and there's no irresistible run play mannequins pay attention to the @ Titans vs @ Ravens game,2025-10-13 21:10:45,2025-10-13 21:10:50,219
7723,MaddenNFL,Negative,@EAMaddenNFL @EAMaddenNFL fix your trash Madden 20 doesnt get people watch college football...the defense suck ass and there's no unstoppable run play dummies no attention to the @Titans vs @Ravens game,2025-10-13 21:10:45,2025-10-13 21:10:50,202
7723,MaddenNFL,Negative,@EAMaddenNFL @EAMaddenNFL fix your trash Madden 20 do you people watch NFL American football... the defense really suck that ass today and there'd s certainly no such unstoppable run play dummies they pay attention to to the @Titans run vs @Ravens game,2025-10-13 21:10:45,2025-10-13 21:10:50,252
7723,MaddenNFL,Negative,does @EAMaddenNFL fix your trash after 20 do you people watch fantasy football...the defense suck now and there's no unstoppable pass play dummies pay<unk> to the catch vs TD game,2025-10-13 21:10:45,2025-10-13 21:10:50,179
7724,MaddenNFL,Negative,"@EAMaddenNFL you can have realism and glad to see the players “break down” and not so missile like. However, if Sean Taylor doesn’t take off like a rocket ur game is a failure",2025-10-13 21:10:45,2025-10-13 21:10:50,175
7724,MaddenNFL,Negative,"@ EAMaddenNFL You can have realism and be glad to see players \"collapse\" and not so rocket-like. However, if Sean Taylor does not take off like a rocket ur game is a failure",2025-10-13 21:10:45,2025-10-13 21:10:50,173
7724,MaddenNFL,Negative,"@ EAMaddenNFL you can have realism and are excited to see players \"breaking down\" and not as rocket like.",2025-10-13 21:10:45,2025-10-13 21:10:50,105
7724,MaddenNFL,Negative,"@EAMaddenNFL you can have realism and glad to see the players “break down” and not so missile like. However, except Sean Taylor doesn’t take off like a comet your game is a wonder",2025-10-13 21:10:45,2025-10-13 21:10:50,179
7724,MaddenNFL,Negative,"@EAMaddenNFL so you can have realism and being glad to see the huge players “ break down ” hard and not so missile like. However, if big Sean Taylor doesn ’ t take himself off flying like a rocket ur game is a technical failure",2025-10-13 21:10:45,2025-10-13 21:10:50,227
7724,MaddenNFL,Negative,"@EAMaddenNFL you can play realism and enjoy to see the players “break down” and not so missile like. However, if Sean Russell doesn’t take down like a demon ur game is a sore",2025-10-13 21:10:45,2025-10-13 21:10:50,174
7725,MaddenNFL,Negative,Yo @EAMaddenNFL I’ve know you for a bit! . . Why do you treat me like this? I know I’ve mad so many mistakes! but when I run it right against the perfect defense you blow a gasket!,2025-10-13 21:10:45,2025-10-13 21:10:50,180
7725,MaddenNFL,Negative,"Yo @ EAMaddenNFL I know you a bit!.. Why do you treat me like that? I know I've made so many mistakes! But if I use it properly against the perfect defense, you blow a gasket!",2025-10-13 21:10:45,2025-10-13 21:10:50,175
7725,MaddenNFL,Negative,Yo @ EAMaddenNFL I've known you for a bit!.. Why do you treat me like this? I know I've mad so many mistakes! but when I run it right against the perfect defense you blow a promotion!,2025-10-13 21:10:45,2025-10-13 21:10:50,183
7725,MaddenNFL,Negative,Yo @EAMaddenNFL I’ve know you for a bit!.. Why dont you like me like this? I know I’ve mad so many mistakes! Especially when I run it right against the perfect you guys blow a gasket!,2025-10-13 21:10:45,2025-10-13 21:10:50,183
7725,MaddenNFL,Negative,Yo or @EAMaddenNFL I ’ ve come know through you for a bit!.. Why really do you treat just me more like this? Soon I know someday I will ’ ve mad so many mistakes! but when I run it on right against the perfect defense you blow a gasket!,2025-10-13 21:10:45,2025-10-13 21:10:50,236
7725,MaddenNFL,Negative,Yo @EAMaddenNFL I’ve teased you for little bit!.. Why should you target me like this? I know I’ve mad so great mistakes! and when I run it right against the perfect defense we blow a gasket!,2025-10-13 21:10:45,2025-10-13 21:10:50,190
7726,MaddenNFL,Negative,@EAMaddenNFL is Madden NFL 21 still charging $60 to stuff ads for MUT down our throats? All I want to do is take,2025-10-13 21:10:45,2025-10-13 21:10:50,114
7726,MaddenNFL,Negative,@ EAMaddenNFL is Madden NFL 21 still charging $60 to stuff advertisements for BUT down our throats? All I want to do is take,2025-10-13 21:10:45,2025-10-13 21:10:50,124
7726,MaddenNFL,Negative,@ EAMaddenNFL is Madden NFL 21 still charging $60 to stuff advertising for MUT down our throats? All I want to do is take,2025-10-13 21:10:45,2025-10-13 21:10:50,121
7726,MaddenNFL,Negative,@EAMaddenNFL is Madden NFL 21 really charging $60 to stuff ads for MUT down our throats? All I want to do was take,2025-10-13 21:10:45,2025-10-13 21:10:50,114
7726,MaddenNFL,Negative,Oh @EAMaddenNFL is Madden NFL 21 still literally charging $ 60 bill to stuff ads for MUT down into our throats? All I would want to fucking do is take,2025-10-13 21:10:45,2025-10-13 21:10:50,150
7726,MaddenNFL,Negative,c<unk> Madden NFL 21 still charging $60 to push ads for MUT down Christian throats? All I want to do is take,2025-10-13 21:10:45,2025-10-13 21:10:50,108
7727,MaddenNFL,Negative,Preordered @EAMaddenNFL from @Walmart and got the mvp edition..should be playing right now but now it’s not supposed to be delivered UNTIL THURSDAY 08/27!! So there was absolutely no point in preordering... this is unreal @EASPORTS_MUT @MaddenNFLDirect,2025-10-13 21:10:45,2025-10-13 21:10:50,252
7727,MaddenNFL,Negative,"Pre-ordered @ EAMaddenNFL from @ Walmart and got the mvp edition.. should be playing right now, but now it won't be shipped until Thursday, August 27th!! So it was absolutely pointless to pre-order... this is unreal @ EASPORTS _ MUT @ MaddenNFLDirect",2025-10-13 21:10:45,2025-10-13 21:10:50,250
7727,MaddenNFL,Negative,Preordered @ EAMaddenNFL from @ Walmart and got the mvp edition.. should be playing right now but now it's not supposed to be delivered UNTIL THURSDAY 08 / 27!! So there was absolutely no point in preordering... this is unreal @ EASPORTS _ MUT @ MaddenNFL Direct,2025-10-13 21:10:45,2025-10-13 21:10:50,262
7727,MaddenNFL,Negative,Preordered @EAMaddenNFL and @Walmart and got the boxed edition..should be playing right along but now it’s not supposed to be delivered UNTIL THURSDAY 12/27!! so there was absolutely no point in preordering... this is unreal @EASPORTS_MUT!!,2025-10-13 21:10:45,2025-10-13 21:10:50,240
7727,MaddenNFL,Negative,A Preordered @EAMaddenNFL from @Walmart and got the mvp edition.. he should be playing over right right now but now it ’ s not supposed to be that delivered UNTIL S THURSDAY 08 / 27!! So there was absolutely no point saying in the preordering... though this is unreal @EASPORTS_MUT is @MaddenNFLDirect,2025-10-13 21:10:45,2025-10-13 21:10:50,301
7727,MaddenNFL,Negative,Preordered @EAMaddenNFL from @Walmart first got the mvp edition..should be over right then but then it’s not supposed to as delivered then THURSDAY 08/27!! So there be absolutely no fun in preordering... this seemed unreal on @EASPORTS_MUT,2025-10-13 21:10:45,2025-10-13 21:10:50,239
7728,MaddenNFL,Neutral,2,2025-10-13 21:10:45,2025-10-13 21:10:50,3
7728,MaddenNFL,Neutral,nan,2025-10-13 21:10:45,2025-10-13 21:10:50,3
7728,MaddenNFL,Neutral,2,2025-10-13 21:10:45,2025-10-13 21:10:50,1
7728,MaddenNFL,Neutral,2,2025-10-13 21:10:45,2025-10-13 21:10:50,1
7728,MaddenNFL,Neutral,August 2,2025-10-13 21:10:45,2025-10-13 21:10:50,8
7728,MaddenNFL,Neutral,a,2025-10-13 21:10:45,2025-10-13 21:10:50,1
7729,MaddenNFL,Positive,It’s only right. Well deserved,2025-10-13 21:10:45,2025-10-13 21:10:50,30
7729,MaddenNFL,Positive,It's only fair.,2025-10-13 21:10:45,2025-10-13 21:10:50,15
7729,MaddenNFL,Positive,This is the only right decision.,2025-10-13 21:10:45,2025-10-13 21:10:50,32
7729,MaddenNFL,Positive,It’s only right. And deserved,2025-10-13 21:10:45,2025-10-13 21:10:50,29
7729,MaddenNFL,Positive,It ’ s only his right. Well deserved,2025-10-13 21:10:45,2025-10-13 21:10:50,36
7729,MaddenNFL,Positive,It’s bloody right. Well deserved,2025-10-13 21:10:45,2025-10-13 21:10:50,32
7730,MaddenNFL,Negative,@EAMaddenNFL & @Ronnie2K  NBA2k20 & Madden 20 sucked ass this year that shit so animated it’s no skill needed if he animation on yo side u good that shit suck fixed yaw games,2025-10-13 21:10:45,2025-10-13 21:10:50,174
7730,MaddenNFL,Negative,@ EAMaddenNFL & @ Ronnie2K NBA2k20 & Madden 20 sucked ass this year that shit so animated it's no skill needed if he animation on yo side u good that shit suck fixed yaw games,2025-10-13 21:10:45,2025-10-13 21:10:50,175
7730,MaddenNFL,Negative,@ EAMaddenNFL & @ Ron2K N2k20 & Madden 20 sucked ass this year that shit is so animated that no skill is needed if it's animation on the yo side u well that shit sucks fixed yo games,2025-10-13 21:10:45,2025-10-13 21:10:50,182
7730,MaddenNFL,Negative,@EAMaddenNFL & @Ronnie2K  NBA2k20 & Madden 20 sucked ass this year that shit so animated with no skill needed if he s on yo side u watch that shit suck fixed ass games,2025-10-13 21:10:45,2025-10-13 21:10:50,167
7730,MaddenNFL,Negative,@EAMaddenNFL & I @Ronnie2K... NBA2k20 & Madden Warriors 20 sucked ass this shit year did that shit so well animated it shit ’ s no skill needed if inside he was animation on yo side u good that shit suck fixed yaw games,2025-10-13 21:10:45,2025-10-13 21:10:50,219
7730,MaddenNFL,Negative,@EAMaddenNFL & @Ronnie2K 18 & Madden 20 sucked ass 5 year that everything is animated it’s no explanation needed if the animation on yo are u good that shit suck fixed yaw games,2025-10-13 21:10:45,2025-10-13 21:10:50,177
7731,MaddenNFL,Negative,@EAMaddenNFL NERF MAN COVERAGE this is getting old and boring.,2025-10-13 21:10:45,2025-10-13 21:10:50,62
7731,MaddenNFL,Negative,@ EAMaddenNFL NERF MAN COVERAGE This is getting old and boring.,2025-10-13 21:10:45,2025-10-13 21:10:50,63
7731,MaddenNFL,Negative,@ EAMaddenNFL NERF MAN COVERAGE this is getting old and boring.,2025-10-13 21:10:45,2025-10-13 21:10:50,63
7731,MaddenNFL,Negative,@EAMaddenNFL NERF MAN COVERAGE this is getting old and irritating.,2025-10-13 21:10:45,2025-10-13 21:10:50,66
7731,MaddenNFL,Negative,@EAMaddenNFL NERF MAN ON COVERAGE And this is getting too old and bloody boring.,2025-10-13 21:10:45,2025-10-13 21:10:50,80
7731,MaddenNFL,Negative,@EAMaddenNFL NERF MAN COVERAGE this is getting old deep tired.,2025-10-13 21:10:45,2025-10-13 21:10:50,62
7732,MaddenNFL,Negative,How Gronk a 95.... madden sucks,2025-10-13 21:10:45,2025-10-13 21:10:50,31
7732,MaddenNFL,Negative,How Gronk sucks a 95... maniac,2025-10-13 21:10:45,2025-10-13 21:10:50,30
7732,MaddenNFL,Negative,How 95-year-old Madden Sucks,2025-10-13 21:10:45,2025-10-13 21:10:50,28
7732,MaddenNFL,Negative,How Gronk a 95.... madden NFL,2025-10-13 21:10:45,2025-10-13 21:10:50,29
7732,MaddenNFL,Negative,How Gronk took a 95.... can madden sucks,2025-10-13 21:10:45,2025-10-13 21:10:50,40
7732,MaddenNFL,Negative,How Gronk a 95.... madden is,2025-10-13 21:10:45,2025-10-13 21:10:50,28
7733,MaddenNFL,Negative,@EAMaddenNFL franchise and face of the franchise are both terrible. @NFL,2025-10-13 21:10:45,2025-10-13 21:10:50,74
7733,MaddenNFL,Negative,@ EAMaddenNFL franchise and face of franchise are both terrible. @ NFL,2025-10-13 21:10:45,2025-10-13 21:10:50,70
7733,MaddenNFL,Negative,@ EAMaddenNFL franchise and the face of the franchise is horrible. @ NFL,2025-10-13 21:10:45,2025-10-13 21:10:50,72
7733,MaddenNFL,Negative,@EAMaddenNFL franchise and face of URI franchise are both terrible. @NFL,2025-10-13 21:10:45,2025-10-13 21:10:50,72
7733,MaddenNFL,Negative,@EAMaddenNFL franchise and face of the home franchise that are in both terrible. @NFL,2025-10-13 21:10:45,2025-10-13 21:10:50,85
7733,MaddenNFL,Negative,@EAMaddenNFL franchise and face of me franchise are both terrible. An,2025-10-13 21:10:45,2025-10-13 21:10:50,69
7734,MaddenNFL,Negative,Can’t fix franchise but has enough revenue to give out this?,2025-10-13 21:10:45,2025-10-13 21:10:50,62
7734,MaddenNFL,Negative,"Can't fix the franchise, but does it have enough revenue to distribute?",2025-10-13 21:10:45,2025-10-13 21:10:50,71
7734,MaddenNFL,Negative,"Can't fix a franchise, but has enough revenue to give it away?",2025-10-13 21:10:45,2025-10-13 21:10:50,62
7734,MaddenNFL,Negative,Can’t fix franchise but has enough revenue to balance out this?,2025-10-13 21:10:45,2025-10-13 21:10:50,63
7734,MaddenNFL,Negative,Can ’ t fix franchise but has acquired enough revenue to give people out this?,2025-10-13 21:10:45,2025-10-13 21:10:50,78
7734,MaddenNFL,Negative,Can’t cut anything but has enough revenue to give out this?,2025-10-13 21:10:45,2025-10-13 21:10:50,59
7735,MaddenNFL,Negative,@EAMaddenNFL i was watching the twitch stream last night from 8:00-11:00pm and i received 3 twitfh drops but have not received my crown. please help @EASPORTS_MUT @EAHelp,2025-10-13 21:10:45,2025-10-13 21:10:50,170
7735,MaddenNFL,Negative,@ EAMaddenNFL I watched the Twitch stream last night from 20: 00-23: 00 and I received 3 twitfh drops but have not received my crown. Please help @ EASPORTS _ MUT @ EAHelp,2025-10-13 21:10:45,2025-10-13 21:10:50,171
7735,MaddenNFL,Negative,@ EAMaddenNFL I watched a live stream last night from 8am to 11am and got 3 drops an hour but didn't get a crocodile.,2025-10-13 21:10:45,2025-10-13 21:10:50,117
7735,MaddenNFL,Negative,@EAMaddenNFL i was watching the twitch stream last night from 8:00-11:00pm and a received 3<unk> drops but id not received my crown. please connect @EASPORTS_MUT @EAHelp,2025-10-13 21:10:45,2025-10-13 21:10:50,169
7735,MaddenNFL,Negative,@EAMaddenNFL out i was already watching the free twitch stream last night from 8 : 35 00 - 11 : 35 00pm and i received 3 twitfh drops too but have probably not received back my crown. please help @EASPORTS_MUT in @EAHelp,2025-10-13 21:10:45,2025-10-13 21:10:50,220
7735,MaddenNFL,Negative,like i was to the twitch stream last night and 8:00-11:00pm and i received the twitfh drops but have not received my favourite. Can help out @EAMaddenNFL,2025-10-13 21:10:45,2025-10-13 21:10:50,153
7736,MaddenNFL,Negative,Let me know when they fix the trash copy and paste gameplay.,2025-10-13 21:10:45,2025-10-13 21:10:50,60
7736,MaddenNFL,Negative,Let me know when they fix the trash and insert the gameplay.,2025-10-13 21:10:45,2025-10-13 21:10:50,60
7736,MaddenNFL,Negative,Let me know when they fix the trash copy and paste gameplay.,2025-10-13 21:10:45,2025-10-13 21:10:50,60
7736,MaddenNFL,Negative,Let me know when they fix the trash copy for paste gameplay.,2025-10-13 21:10:45,2025-10-13 21:10:50,60
7736,MaddenNFL,Negative,Let me know later when they fix on the trash copy and paste gameplay.,2025-10-13 21:10:45,2025-10-13 21:10:50,69
7736,MaddenNFL,Negative,Let me know when they fix ugly trash copy and paste gameplay.,2025-10-13 21:10:45,2025-10-13 21:10:50,61
7737,MaddenNFL,Positive,This is fucking great,2025-10-13 21:10:45,2025-10-13 21:10:50,21
7737,MaddenNFL,Positive,That's damn great,2025-10-13 21:10:45,2025-10-13 21:10:50,17
7737,MaddenNFL,Positive,This is fucking great,2025-10-13 21:10:45,2025-10-13 21:10:50,21
7737,MaddenNFL,Positive,This fucking fucking great,2025-10-13 21:10:45,2025-10-13 21:10:50,26
7737,MaddenNFL,Positive,This is fucking damn great,2025-10-13 21:10:45,2025-10-13 21:10:50,26
7737,MaddenNFL,Positive,This is fucking not,2025-10-13 21:10:45,2025-10-13 21:10:50,19
7738,MaddenNFL,Irrelevant,The world is burning,2025-10-13 21:10:45,2025-10-13 21:10:50,20
7738,MaddenNFL,Irrelevant,The world is on fire,2025-10-13 21:10:45,2025-10-13 21:10:50,20
7738,MaddenNFL,Irrelevant,The World Is Burning,2025-10-13 21:10:45,2025-10-13 21:10:50,20
7738,MaddenNFL,Irrelevant,The world in burning,2025-10-13 21:10:45,2025-10-13 21:10:50,20
7738,MaddenNFL,Irrelevant,The world truly is burning,2025-10-13 21:10:45,2025-10-13 21:10:50,26
7738,MaddenNFL,Irrelevant,The world was burning,2025-10-13 21:10:45,2025-10-13 21:10:50,21
7739,MaddenNFL,Negative,@EAMaddenNFL has one bad game in the last 5 years. @EASPORTSNHL hasn’t had a good game in over 5 years.,2025-10-13 21:10:45,2025-10-13 21:10:50,103
7739,MaddenNFL,Negative,@ EAMaddenNFL has had a bad game in the last 5 years. @ EASPORTSNHL hasn't had a good game in over 5 years.,2025-10-13 21:10:45,2025-10-13 21:10:50,107
7739,MaddenNFL,Negative,@ EAMaddenNFL has had one bad game in the last 5 years. @ EASPORTSNFL hasn't had a good game in the last 5 years.,2025-10-13 21:10:45,2025-10-13 21:10:50,113
7739,MaddenNFL,Negative,@EAMaddenNFL has one bad game in the last 5 years. @EASPORTSNHL hasn’t had a good game in almost 5 days.,2025-10-13 21:10:45,2025-10-13 21:10:50,104
7739,MaddenNFL,Negative,@EAMaddenNFL currently has got one big bad game recorded in the last 5 quarter years. @EASPORTSNHL hasn ’ t had a good game there in over 5 years.,2025-10-13 21:10:45,2025-10-13 21:10:50,146
7739,MaddenNFL,Negative,@EAMaddenNFL has a hard game over the under 5 years. @EASPORTSNHL hasn’t had a good game in over 5 years.,2025-10-13 21:10:45,2025-10-13 21:10:50,105
7740,MaddenNFL,Negative,@EAMaddenNFL hi I am am trying to do the golden ticket challenges and it is not working for me and 10 of my friends so will u be post pointing it or??,2025-10-13 21:10:45,2025-10-13 21:10:50,150
7740,MaddenNFL,Negative,@ EAMaddenNFL hello I'm trying to solve the golden ticket challenges and it doesn't work for me and 10 of my friends so I'll post it right??,2025-10-13 21:10:45,2025-10-13 21:10:50,140
7740,MaddenNFL,Negative,@ EAMaddenNFL hi I am trying to do the golden ticket challenges and it is not working for me and 10 of my friends so will u be post pointing it or??,2025-10-13 21:10:45,2025-10-13 21:10:50,148
7740,MaddenNFL,Negative,@EAMaddenNFL hi I am am trying ti do the golden ticket challenges and it is not possible for me and 10 of my coworkers so will u be post pointing it or??,2025-10-13 21:10:45,2025-10-13 21:10:50,153
7740,MaddenNFL,Negative,The @EAMaddenNFL hi I am am trying to do the golden hockey ticket challenges and it is not working for me and any 10 or of my friends so will s u be post the pointing that it or??,2025-10-13 21:10:45,2025-10-13 21:10:50,179
7740,MaddenNFL,Negative,@EAMaddenNFL hi I the am trying to find the golden ticket challenges and it is not set for me and 10 of my friends so may u be post pointing one or??,2025-10-13 21:10:45,2025-10-13 21:10:50,149
7741,MaddenNFL,Neutral,Shoutout to @UNISWAG. The best damn brand in the land! Lets run it!. . @EAMaddenNFL | @Lj_era8 pic.twitter.com/52flXdcUzp,2025-10-13 21:10:45,2025-10-13 21:10:50,121
7741,MaddenNFL,Neutral,Shout out to @ UNISWAG. The best damn brand in the country! Lets run it!.. @ EAMaddenNFL | @ Lj _ era8 pic.twitter.com / 52flXdcUzp,2025-10-13 21:10:45,2025-10-13 21:10:50,131
7741,MaddenNFL,Neutral,Shout out out to @ UNISWAG. The best damn strong brand in the country!! Pilots launch it!.. @ EAMaddenNFL: @ Lj _ era8 pic.fm / 52flXdcUzp,2025-10-13 21:10:45,2025-10-13 21:10:50,138
7741,MaddenNFL,Neutral,Shoutout to RhandlerR. The best damn brand in the land! Lets run it!. . RhandlerR | RhandlerR pic.twitter.com/52flXdcUzp,2025-10-13 21:10:45,2025-10-13 21:10:50,120
7741,MaddenNFL,Neutral,as Shoutout to RhandlerR. The best damn brand in the land! Lets run it!. . RhandlerR | RhandlerR pic.twitter.com/52flXdcUzp,2025-10-13 21:10:45,2025-10-13 21:10:50,123
7741,MaddenNFL,Neutral,in,2025-10-13 21:10:45,2025-10-13 21:10:50,2
7742,MaddenNFL,Negative,DAMN it Madden at least act like you care! SAD,2025-10-13 21:10:45,2025-10-13 21:10:50,46
7742,MaddenNFL,Negative,DAMN it Madden at least pretends you don't care! SAD,2025-10-13 21:10:45,2025-10-13 21:10:50,52
7742,MaddenNFL,Negative,DAMN it Madden at least act like you care! SAD,2025-10-13 21:10:45,2025-10-13 21:10:50,46
7742,MaddenNFL,Negative,DAMN it Madden at least act pretending you care! SAD,2025-10-13 21:10:45,2025-10-13 21:10:50,52
7742,MaddenNFL,Negative,DAMN it Madden at be least still act like shit you care! SAD,2025-10-13 21:10:45,2025-10-13 21:10:50,60
7742,MaddenNFL,Negative,DAMN it shit on least act like you care! SAD,2025-10-13 21:10:45,2025-10-13 21:10:50,44
7743,MaddenNFL,Negative,Larry Fitzgerald has more tackles than drops in his career . I can’t tell madden just be putting shit,2025-10-13 21:10:45,2025-10-13 21:10:50,101
7743,MaddenNFL,Negative,Larry Fitzgerald has more tackles than pitfalls in his career.,2025-10-13 21:10:45,2025-10-13 21:10:50,62
7743,MaddenNFL,Negative,Larry Fitzgerald's career has more than its failures.,2025-10-13 21:10:45,2025-10-13 21:10:50,53
7743,MaddenNFL,Negative,Larry Fitzgerald missed more tackles than drops in his career. I can’t tell madden just for putting shit,2025-10-13 21:10:45,2025-10-13 21:10:50,104
7743,MaddenNFL,Negative,Larry Fitzgerald has more tackles than drops in his professional career. What I absolutely can ’ t tell madden just there be putting shit,2025-10-13 21:10:45,2025-10-13 21:10:50,137
7743,MaddenNFL,Negative,Larry Fitzgerald has more luck than drops in his head. He can’t tell madden just be putting shit,2025-10-13 21:10:45,2025-10-13 21:10:50,96
7744,MaddenNFL,Irrelevant,I love you @katienolan but I think @PatMcAfeeShow with being this MF home.,2025-10-13 21:10:45,2025-10-13 21:10:50,76
7744,MaddenNFL,Irrelevant,I love you @ katienolan but I think @ PatMcAfeeShow is this MF home.,2025-10-13 21:10:45,2025-10-13 21:10:50,68
7744,MaddenNFL,Irrelevant,I love you @ katienolan but I think @ PatMcAfeeShow with being this MF home.,2025-10-13 21:10:45,2025-10-13 21:10:50,76
7744,MaddenNFL,Irrelevant,I love you @katienolan but I think @PatMcAfeeShow with being this MF sucks.,2025-10-13 21:10:45,2025-10-13 21:10:50,75
7744,MaddenNFL,Irrelevant,Say I love you @katienolan but also I think @PatMcAfeeShow with it being this MF going home.,2025-10-13 21:10:45,2025-10-13 21:10:50,92
7744,MaddenNFL,Irrelevant,I love you @katienolan but I think how with being R MF R.,2025-10-13 21:10:45,2025-10-13 21:10:50,57
7745,MaddenNFL,Negative,So the @EASPORTS_MUT @EAMaddenNFL servers were down for more than 8 hours on Friday and ya'll didn't adjust any rewards c'mon.,2025-10-13 21:10:45,2025-10-13 21:10:50,126
7745,MaddenNFL,Negative,So the @ EASPORTS _ MUT @ EAMaddenNFL servers were down for more than 8 hours on Friday and we won't be adjusting any rewards c'mon.,2025-10-13 21:10:45,2025-10-13 21:10:50,132
7745,MaddenNFL,Negative,So the @ EASPORTS _ MUT @ EAMaddenNFL servers were shut down for more than 8 hours on Friday and I will not be setting up any c'mon rewards.,2025-10-13 21:10:45,2025-10-13 21:10:50,140
7745,MaddenNFL,Negative,So the @EASPORTS_MUT @EAMaddenNFL servers were down for more than 8 hours on Friday and ya'll will adjust their rewards whatsoever.,2025-10-13 21:10:45,2025-10-13 21:10:50,131
7745,MaddenNFL,Negative,So the @EASPORTS_MUT @EAMaddenNFL T servers were down anyway for more than 8 long hours on Friday and we ya'll didn's t adjust their any rewards c'mon.,2025-10-13 21:10:45,2025-10-13 21:10:50,151
7745,MaddenNFL,Negative,So that @EASPORTS_MUT @EAMaddenNFL servers were down for more than 8 pm on Sunday because ya'll didn't adjust your rewards c'mon.,2025-10-13 21:10:45,2025-10-13 21:10:50,129
7746,MaddenNFL,Positive,Larry Fitzgerald was targeted 109 times and had ZERO drops.. . Come. The. Fuck. On.,2025-10-13 21:10:45,2025-10-13 21:10:50,83
7746,MaddenNFL,Positive,Larry Fitzgerald was targeted 109 times and had ZERO drops... Come on.,2025-10-13 21:10:45,2025-10-13 21:10:50,70
7746,MaddenNFL,Positive,Larry Fitzgerald was attacked 109 times and received ZERO drops.......... Fuck....................................................................................................................................................................................................................,2025-10-13 21:10:45,2025-10-13 21:10:50,290
7746,MaddenNFL,Positive,Larry Fitzgerald was targeted 109 times then had ZERO drops.. so Come. The. Fuck. On.,2025-10-13 21:10:45,2025-10-13 21:10:50,85
7746,MaddenNFL,Positive,Larry Fitzgerald was targeted 109 times over and still had ZERO drops... Come. For The. New Fuck. On.,2025-10-13 21:10:45,2025-10-13 21:10:50,101
7746,MaddenNFL,Positive,Larry which was around 109 days and had ZERO drops... Come. The. Fuck. On.,2025-10-13 21:10:45,2025-10-13 21:10:50,74
7747,MaddenNFL,Negative,@EAMaddenNFL Everyone is a big hitter suddenly smh this game is trash I actually can’t wait for madden 21 cause once y’all fuck that game up hopefully @NFL will not give y’all an exclusive license please @NFL DO NOT GIVE THEM THE EXCLUSIVE LICENSE,2025-10-13 21:10:45,2025-10-13 21:10:50,247
7747,MaddenNFL,Negative,@ EAMaddenNFL Everyone is a big hit all of a sudden smh this game is garbage I actually can't wait until crazy 21 cause once y'all fuck that game up Hopefully @ NFL won't give y'all an exclusive license please @ NFL Don't give them the exclusive license,2025-10-13 21:10:45,2025-10-13 21:10:50,253
7747,MaddenNFL,Negative,"@ EAMaddenNFL Everyone is a big bully suddenly mmm this game is a thrash I can't really wait for madden 21 reasons once and everyone fucks up that game, hope @ NFL doesn't give y'all an exclusive license please @ NFL DO NOT GIVE THE EXCLUSIVE LICENSE",2025-10-13 21:10:45,2025-10-13 21:10:50,250
7747,MaddenNFL,Negative,@EAMaddenNFL Everyone is a big hitter god smh this game is trash I actually can’t wait for madden free update once I bring that game up hopefully @NFL will not give y’all an exclusive license please @NFL DO YOU GIVE THEM THE EXCLUSIVE LICENSE,2025-10-13 21:10:45,2025-10-13 21:10:50,242
7747,MaddenNFL,Negative,@EAMaddenNFL Everyone is a big hitter suddenly smh this game up is trash I actually can ’ t wait for a madden 21 shit cause once all y u ’ just all fuck with that game up hopefully please @NFL will not give y ’ you all an exclusive license please @NFL just DO NOT GIVE THEM THE EXCLUSIVE LICENSE,2025-10-13 21:10:45,2025-10-13 21:10:50,295
7747,MaddenNFL,Negative,@EAMaddenNFL Everyone is a big hitter suddenly smh this game is trash I will wanna wait for release 21 cause all y’all fuck that movie up hopefully this will not give y’all an exclusive license please @NFL AM NOT WA THEM An EXCLUSIVE HERE,2025-10-13 21:10:45,2025-10-13 21:10:50,238
7748,MaddenNFL,Negative,@EAMaddenNFL what happened to if you guess the play you have a boosted chance in making the play??? Guess run on a guying doing nothing but runs suddenly it’s a 65yard TD run games ass,2025-10-13 21:10:45,2025-10-13 21:10:50,184
7748,MaddenNFL,Negative,@ EAMaddenNFL what happened when you guess the game you have an increased chance to make the game??? Guess run on a guying doing nothing but runs suddenly it's a 65yard TD run games ass,2025-10-13 21:10:45,2025-10-13 21:10:50,185
7748,MaddenNFL,Negative,@ EAMaddenNFL what happened if you guess the play you have an increased chance of making the play???,2025-10-13 21:10:45,2025-10-13 21:10:50,100
7748,MaddenNFL,Negative,@EAMaddenNFL what tf to if you guess the play you have a great chance in making the play??? Guess happened on a guying doing nothing dude runs suddenly it’s a 65yard TD run games ass,2025-10-13 21:10:45,2025-10-13 21:10:50,182
7748,MaddenNFL,Negative,@EAMaddenNFL what happened to you if you guess that the play you have just a boosted chance in making the play??? Guess a run on a guying doing that nothing but runs suddenly it ’ s got a 65yard TD or run losing games two ass,2025-10-13 21:10:45,2025-10-13 21:10:50,225
7748,MaddenNFL,Negative,@EAMaddenNFL what happened to if you guess the play or have a boosted hope in making the play??? Guess run in a punt doing nothing but then suddenly it’s a 65yard TD run to ass,2025-10-13 21:10:45,2025-10-13 21:10:50,176
7749,MaddenNFL,Negative,fix ur game @EAMaddenNFL 97 hit power to a qb and doesn’t fumble. shit costed me the game,2025-10-13 21:10:45,2025-10-13 21:10:50,89
7749,MaddenNFL,Negative,Fix ur game @ EAMaddenNFL 97 hit power to a qb and doesn't fumble. shit cost me the game,2025-10-13 21:10:45,2025-10-13 21:10:50,88
7749,MaddenNFL,Negative,fix ur game @ EAMaddenNF97 hit power to a qb and doesn't fumble. shit cost me the game,2025-10-13 21:10:45,2025-10-13 21:10:50,86
7749,MaddenNFL,Negative,fix ur game @EAMaddenNFL he hit power with a qb and doesn’t fumble. shit costed me the game,2025-10-13 21:10:45,2025-10-13 21:10:50,91
7749,MaddenNFL,Negative,fix ur that game @EAMaddenNFL 97 hit its power to win a qb and doesn ’ a t fumble. Big shit costed me the game,2025-10-13 21:10:45,2025-10-13 21:10:50,110
7749,MaddenNFL,Negative,quit ur game @EAMaddenNFL 97 hit power against a qb and doesn’t change. shit costed me this game,2025-10-13 21:10:45,2025-10-13 21:10:50,96
7750,MaddenNFL,Negative,@EAMaddenNFL when in man coverage sometimes one of your players decides to blitz and leave their man uncovered please fix this issue,2025-10-13 21:10:45,2025-10-13 21:10:50,132
7750,MaddenNFL,Negative,"@ EAMaddenNFL, if in team coverage sometimes one of your players decides to blitz and leave their man uncovered, please fix this problem",2025-10-13 21:10:45,2025-10-13 21:10:50,136
7750,MaddenNFL,Negative,"@ EAMaddenNFL, when in the men's game sometimes one of your players decides to blitz and leave his man uncovered, please solve this problem",2025-10-13 21:10:45,2025-10-13 21:10:50,139
7750,MaddenNFL,Negative,@EAMaddenNFL when in man coverage sometimes one of your players decides to blitz and leave one man uncovered please report this issue,2025-10-13 21:10:45,2025-10-13 21:10:50,133
7750,MaddenNFL,Negative,@EAMaddenNFL when in man coverage sometimes one of your players now decides to blitz around and leave half their man uncovered please fix up this wrong issue,2025-10-13 21:10:45,2025-10-13 21:10:50,157
7750,MaddenNFL,Negative,@EAMaddenNFL when in man coverage sometimes one of your players decides he blitz and leave their players uncovered please fix this up,2025-10-13 21:10:45,2025-10-13 21:10:50,133
7751,MaddenNFL,Negative,@EAMaddenNFL please add the Buffalo Bills 90's away jerseys please and thank you. It sucks only having the 90's home but not having the aways.,2025-10-13 21:10:45,2025-10-13 21:10:50,142
7751,MaddenNFL,Negative,"@ EAMaddenNFL please add the away jerseys of the Buffalo Bills 90 and thank you. It just sucks to have the 90 at home, but not the away jerseys.",2025-10-13 21:10:45,2025-10-13 21:10:50,144
7751,MaddenNFL,Negative,"@ EAMaddenNFL, please add '90s Buffalo Bills jerseys, please and thank you.",2025-10-13 21:10:45,2025-10-13 21:10:50,75
7751,MaddenNFL,Negative,@EAMaddenNFL please add the Buffalo Bills 90's away jerseys please and thank god. It sucks only having the 90's home gear not holding the aways.,2025-10-13 21:10:45,2025-10-13 21:10:50,144
7751,MaddenNFL,Negative,@EAMaddenNFL please add the Buffalo Bills Football 90's football away season jerseys please visit and thank you. It sucks only having all the 90'9 s home but just not having the aways.,2025-10-13 21:10:45,2025-10-13 21:10:50,184
7751,MaddenNFL,Negative,@EAMaddenNFL please add this Buffalo Bills 90's home away please and thank you. It sucks NOT having the 90's home when not having the aways.,2025-10-13 21:10:45,2025-10-13 21:10:50,140
7752,MaddenNFL,Positive,"Without renting @EAMaddenNFL, from Blockbuster as a kid, @Lions CB @jeffokudah might have never been introduced to football.. . This week, he gets to play with himself in the game for the first time.. . That’s pretty amazing.",2025-10-13 21:10:45,2025-10-13 21:10:50,225
7752,MaddenNFL,Positive,"Without the hiring of @ EAMaddenNFL, from blockbusters as a kid, @ Lions CB @ jeffokudah might never have been introduced to football... This week he's allowed to play with himself for the first time... That's pretty amazing.",2025-10-13 21:10:45,2025-10-13 21:10:50,225
7752,MaddenNFL,Positive,"Without @ EAMaddenNFL since childhood, @ Lions CB @ jeffokudah might never have known football.. this week he will play with himself for the first time in this game.. this is pretty amazing.",2025-10-13 21:10:45,2025-10-13 21:10:50,190
7752,MaddenNFL,Positive,"Without renting @EAMaddenNFL, from Blockbuster to a kid, @Lions CB s might have never been introduced t football... This week, he managed to play with himself in the game for the first time..!! That’s pretty amazing.",2025-10-13 21:10:45,2025-10-13 21:10:50,216
7752,MaddenNFL,Positive,"Without his renting another @EAMaddenNFL, from Blockbuster as a kid, taking @Lions CB meant @jeffokudah might have never been introduced to football... This week, he really gets ready to play poker with himself yesterday in watching the game for the first real time... That ’ s pretty amazing.",2025-10-13 21:10:45,2025-10-13 21:10:50,293
7752,MaddenNFL,Positive,"Without renting @EAMaddenNFL, from Target as your kid, young CB @Lions might even were fully introduced to baseball... This week, he starts to play with foot in the game for the first time... That’s pretty amazing.",2025-10-13 21:10:45,2025-10-13 21:10:50,214
7753,MaddenNFL,Irrelevant,Xbox One! .,2025-10-13 21:10:45,2025-10-13 21:10:50,12
7753,MaddenNFL,Irrelevant,Xbox One!.,2025-10-13 21:10:45,2025-10-13 21:10:50,10
7753,MaddenNFL,Irrelevant,Xbox One!.,2025-10-13 21:10:45,2025-10-13 21:10:50,10
7753,MaddenNFL,Irrelevant,Xbox Update!.,2025-10-13 21:10:45,2025-10-13 21:10:50,13
7753,MaddenNFL,Irrelevant,Also Xbox One!.,2025-10-13 21:10:45,2025-10-13 21:10:50,15
7753,MaddenNFL,Irrelevant,With One!.,2025-10-13 21:10:45,2025-10-13 21:10:50,10
7754,MaddenNFL,Negative,Lmao so sad,2025-10-13 21:10:45,2025-10-13 21:10:50,11
7754,MaddenNFL,Negative,Lmao so sad,2025-10-13 21:10:45,2025-10-13 21:10:50,11
7754,MaddenNFL,Negative,Lmao so sad,2025-10-13 21:10:45,2025-10-13 21:10:50,11
7754,MaddenNFL,Negative,Lmao so<unk>,2025-10-13 21:10:45,2025-10-13 21:10:50,12
7754,MaddenNFL,Negative,Lmao was so sad,2025-10-13 21:10:45,2025-10-13 21:10:50,15
7754,MaddenNFL,Negative,Lmao so he,2025-10-13 21:10:45,2025-10-13 21:10:50,10
7755,MaddenNFL,Negative,nan,2025-10-13 21:10:45,2025-10-13 21:10:50,3
7755,MaddenNFL,Negative,It is not the first time that the EU Commission has taken such a step.,2025-10-13 21:10:45,2025-10-13 21:10:50,70
7755,MaddenNFL,Negative,"At the same time, despite the fact that there are currently some 100 million people living below the poverty line, most of them do not have access to health services and do not have access to health care, while most of them do not have access to health care.",2025-10-13 21:10:45,2025-10-13 21:10:50,258
7755,MaddenNFL,Negative,nan,2025-10-13 21:10:45,2025-10-13 21:10:50,3
7755,MaddenNFL,Negative,nan,2025-10-13 21:10:45,2025-10-13 21:10:50,3
7755,MaddenNFL,Negative,nan,2025-10-13 21:10:45,2025-10-13 21:10:50,3
7756,MaddenNFL,Negative,@EAMaddenNFL It wouldent hurts to give offensive line men X factors it could almost be like momentum shift but how you get them into the zone is by not letting their quarterback get sacked or consecutive played without taking a loss of yards just throwing my opinion out there,2025-10-13 21:10:45,2025-10-13 21:10:50,276
7756,MaddenNFL,Negative,"@ EAMaddenNFL It would hurt to give offensive line men X factors, it could almost be like a dynamic shift, but how to get them into the zone is not to let their quarterback get sacked or play consecutive games without suffering a loss of yards, just throw my opinion out there",2025-10-13 21:10:45,2025-10-13 21:10:50,276
7756,MaddenNFL,Negative,"@ EAMaddenNFL It would be a shame to give the forwards of the X Factor men's line, it could be almost like a momentum shift, but how do you get them into the zone without letting their defender get sacked or play in a row without taking a loss of yards just throwing my opinion there.",2025-10-13 21:10:45,2025-10-13 21:10:50,284
7756,MaddenNFL,Negative,@EAMaddenNFL A wouldent hurts to give offensive line men X factors it could almost be like box analysis where how best get them into the zone is by not letting their quarterback get sacked or consecutive played without taking a loss of yards just throwing my opinion out there,2025-10-13 21:10:45,2025-10-13 21:10:50,276
7756,MaddenNFL,Negative,14 @EAMaddenNFL It wouldent hurts to just give two offensive line men X these factors it then could almost be like momentum shift but how you get them into the zone is by not actually letting their quarterback get sacked easily or throw consecutive played without taking a complete loss of yards just throwing that my opinion out there,2025-10-13 21:10:45,2025-10-13 21:10:50,335
7756,MaddenNFL,Negative,@EAMaddenNFL It wouldent hurts to give offensive line men X factors fucking with almost as subtle momentum shift knowing how you get them into comfort zone is like not letting their quarterback get sacked or consecutive played without taking intentional loss of yards just throwing my opinion out there,2025-10-13 21:10:45,2025-10-13 21:10:50,302
7757,MaddenNFL,Negative,I hate that I need to get Madden now,2025-10-13 21:10:45,2025-10-13 21:10:50,36
7757,MaddenNFL,Negative,I hate that I have to get Madden now,2025-10-13 21:10:45,2025-10-13 21:10:50,36
7757,MaddenNFL,Negative,I hate that I need to get Madden now,2025-10-13 21:10:46,2025-10-13 21:10:50,36
7757,MaddenNFL,Negative,I hate that he need to get Madden now,2025-10-13 21:10:46,2025-10-13 21:10:50,37
7757,MaddenNFL,Negative,I hate that I desperately need to get to Madden now,2025-10-13 21:10:46,2025-10-13 21:10:50,51
7757,MaddenNFL,Negative,I hate that I need to get lost now,2025-10-13 21:10:46,2025-10-13 21:10:50,34
7758,MaddenNFL,Negative,Stop playing .,2025-10-13 21:10:46,2025-10-13 21:10:50,15
7758,MaddenNFL,Negative,Stop playing.,2025-10-13 21:10:46,2025-10-13 21:10:50,13
7758,MaddenNFL,Negative,Stop playing.,2025-10-13 21:10:46,2025-10-13 21:10:50,13
7758,MaddenNFL,Negative,"Stop playing.\"",2025-10-13 21:10:46,2025-10-13 21:10:50,14
7758,MaddenNFL,Negative,Stop the playing.,2025-10-13 21:10:46,2025-10-13 21:10:50,17
7758,MaddenNFL,Negative,am playing.,2025-10-13 21:10:46,2025-10-13 21:10:50,11
7759,MaddenNFL,Negative,How do you give @AaronRodgers12 an 89 overall? @EAMaddenNFL get your shit together!,2025-10-13 21:10:46,2025-10-13 21:10:50,83
7759,MaddenNFL,Negative,How do you give @ AaronRodgers12 a total of 89? @ EAMaddenNFL brings your shit together!,2025-10-13 21:10:46,2025-10-13 21:10:50,88
7759,MaddenNFL,Negative,How do you give @ AaronRodgers12 89 overall? @ EAMaddenNFL put your shit together!,2025-10-13 21:10:46,2025-10-13 21:10:50,82
7759,MaddenNFL,Negative,How do you give @AaronRodgers12 an 89 overall? @EAMaddenNFL have your shit together!,2025-10-13 21:10:46,2025-10-13 21:10:50,84
7759,MaddenNFL,Negative,How do you give that @AaronRodgers12 an 89 overall? I @EAMaddenNFL get everything your shit put together!,2025-10-13 21:10:46,2025-10-13 21:10:50,105
7759,MaddenNFL,Negative,How do you give us that 89 overall? @AaronRodgers12 needs your shit together!,2025-10-13 21:10:46,2025-10-13 21:10:50,77
7760,MaddenNFL,Negative,Fantastic @EASPORTS @EAMaddenNFL.,2025-10-13 21:10:46,2025-10-13 21:10:50,35
7760,MaddenNFL,Negative,Fantastic @ EASPORTS @ EAMaddenNFL.,2025-10-13 21:10:46,2025-10-13 21:10:50,35
7760,MaddenNFL,Negative,@ EASPORTS @ EAMaddenNFL.,2025-10-13 21:10:46,2025-10-13 21:10:50,25
7760,MaddenNFL,Negative,Fantastic in @EASPORTS.,2025-10-13 21:10:46,2025-10-13 21:10:50,23
7760,MaddenNFL,Negative,Fantastic the @EASPORTS The @EAMaddenNFL.,2025-10-13 21:10:46,2025-10-13 21:10:50,41
7760,MaddenNFL,Negative,Fantastic @EASPORTS T.,2025-10-13 21:10:46,2025-10-13 21:10:50,22
7761,MaddenNFL,Neutral,nan,2025-10-13 21:10:46,2025-10-13 21:10:50,3
7761,MaddenNFL,Neutral,It is not the first time that the EU Commission has taken such a step.,2025-10-13 21:10:46,2025-10-13 21:10:50,70
7761,MaddenNFL,Neutral,"At the same time, despite the fact that there are currently some 100 million people living below the poverty line, most of them do not have access to health services and do not have access to health care, while most of them do not have access to health care.",2025-10-13 21:10:46,2025-10-13 21:10:50,258
7761,MaddenNFL,Neutral,nan,2025-10-13 21:10:46,2025-10-13 21:10:50,3
7761,MaddenNFL,Neutral,nan,2025-10-13 21:10:46,2025-10-13 21:10:50,3
7761,MaddenNFL,Neutral,nan,2025-10-13 21:10:46,2025-10-13 21:10:50,3
7762,MaddenNFL,Negative,@EAMaddenNFL y’all ever gonna fix the community files problem.? It’s been about 2 weeks now and nothing. Maybe put some effort towards your franchise fan base and not just MUT. Psh.,2025-10-13 21:10:46,2025-10-13 21:10:50,181
7762,MaddenNFL,Negative,@ EAMaddenNFL y'all gonna ever fix the community files problem.? It's been 2 weeks now and nothing. Maybe you're trying to serve your franchise fan base and not just be brave. Psh.,2025-10-13 21:10:46,2025-10-13 21:10:50,180
7762,MaddenNFL,Negative,@ EAMaddenNFL y'all ever gonna fix the community files problem.? It's been about 2 weeks now and nothing. Maybe put some effort towards your franchise fan base and not just MUT. Psh.,2025-10-13 21:10:46,2025-10-13 21:10:50,182
7762,MaddenNFL,Negative,@EAMaddenNFL maybe ever gonna fix the community files problem.? It’s been about 2 weeks now & nothing. Now put some effort towards the franchise fan base and not just MUT. Psh.,2025-10-13 21:10:46,2025-10-13 21:10:50,176
7762,MaddenNFL,Negative,@EAMaddenNFL y ’ all ever was gonna like fix the game community files to problem.? It ’ s gonna been about on 2 weeks now and... nothing. Maybe put all some effort towards your franchise fan base and not just MUT. 2 Psh.,2025-10-13 21:10:46,2025-10-13 21:10:50,220
7762,MaddenNFL,Negative,@EAMaddenNFL y’all ever gonna fix the community files problem.? It’s been about 3 weeks now and nothing. Maybe put some effort towards your WordPress fan pages and not fucking look. In.,2025-10-13 21:10:46,2025-10-13 21:10:50,185
7763,MaddenNFL,Irrelevant,"Hell of a day, proud dad moment",2025-10-13 21:10:46,2025-10-13 21:10:50,31
7763,MaddenNFL,Irrelevant,"Hell of a day, proud dad moment",2025-10-13 21:10:46,2025-10-13 21:10:50,31
7763,MaddenNFL,Irrelevant,"Hell of a day, proud dad moment",2025-10-13 21:10:46,2025-10-13 21:10:50,31
7763,MaddenNFL,Irrelevant,"Hell of a day, proud dad x",2025-10-13 21:10:46,2025-10-13 21:10:50,26
7763,MaddenNFL,Irrelevant,"Hell of all a day, proud dad moment",2025-10-13 21:10:46,2025-10-13 21:10:50,35
7763,MaddenNFL,Irrelevant,"Hell of a day, proud an moment",2025-10-13 21:10:46,2025-10-13 21:10:50,30
7764,MaddenNFL,Negative,Cooper? Why I even pre order this shit .,2025-10-13 21:10:46,2025-10-13 21:10:50,41
7764,MaddenNFL,Negative,Cooper? Why do I even pre-order this shit.,2025-10-13 21:10:46,2025-10-13 21:10:50,42
7764,MaddenNFL,Negative,Cooper? Why am I even ordering this crap.,2025-10-13 21:10:46,2025-10-13 21:10:50,41
7764,MaddenNFL,Negative,Cooper? did I even pre order this shit.,2025-10-13 21:10:46,2025-10-13 21:10:50,39
7764,MaddenNFL,Negative,Cooper? Why I even go pre a order this shit.,2025-10-13 21:10:46,2025-10-13 21:10:50,44
7764,MaddenNFL,Negative,Cooper? Why I even pre order this for.,2025-10-13 21:10:46,2025-10-13 21:10:50,38
7765,MaddenNFL,Neutral,Welp... even @EAMaddenNFL rejected the @DeAndreHopkins trade 🤣🤣🤣 pic.twitter.com/aCckf5cpZs,2025-10-13 21:10:46,2025-10-13 21:10:50,91
7765,MaddenNFL,Neutral,Welp... even @ EAMaddenNFL turned down the @ DeAndreHopkins trade pic.twitter.com / aCckf5cpZs,2025-10-13 21:10:46,2025-10-13 21:10:50,94
7765,MaddenNFL,Neutral,Welp... even @ EAMaddenNFL welcomed the @ DeAndreHopkins trade.,2025-10-13 21:10:46,2025-10-13 21:10:50,63
7765,MaddenNFL,Neutral,Welp... even RhandlerR rejected the RhandlerR trade 🤣🤣🤣 pic.twitter.com/aCckf5cpZs,2025-10-13 21:10:46,2025-10-13 21:10:50,82
7765,MaddenNFL,Neutral,Team Welp... even RhandlerR rejected the RhandlerR trade 🤣🤣🤣 pic.twitter.com/aCckf5cpZs,2025-10-13 21:10:46,2025-10-13 21:10:50,87
7765,MaddenNFL,Neutral,be,2025-10-13 21:10:46,2025-10-13 21:10:50,2
7766,MaddenNFL,Negative,JJ Should be sooooooooooo much lower lmfao TJ should be above him and Myles and Chandler and Von and Mack smh this list is so fucking ass,2025-10-13 21:10:46,2025-10-13 21:10:50,137
7766,MaddenNFL,Negative,JJ Should be sooooooo much lower lmfao TJ should be above him and Myles and Chandler and Von and Mack smh this list is so damn ass,2025-10-13 21:10:46,2025-10-13 21:10:50,130
7766,MaddenNFL,Negative,JJ Must be sooooooooooooo much lower lmfao TJ Must be above him and Miles and Chandler and and Mac smx this list is so fucking ass,2025-10-13 21:10:46,2025-10-13 21:10:50,130
7766,MaddenNFL,Negative,JJ Should be sooooooooooo much lower lmfao TJ should go above him maybe Myles and Chandler or Von and Mack smh this list is so fucking ass,2025-10-13 21:10:46,2025-10-13 21:10:50,138
7766,MaddenNFL,Negative,JJ Should be around sooooooooooo but much lower lmfao TJ definitely should be above him and Myles and Chandler and Von and even Mack smh this list for is fucking so... fucking awesome ass,2025-10-13 21:10:46,2025-10-13 21:10:50,187
7766,MaddenNFL,Negative,JJ this so sooooooooooo much lower lmfao TJ Better be above him and Myles and Chandler and Von and Mack smh this just got so shit ass,2025-10-13 21:10:46,2025-10-13 21:10:50,133
7767,MaddenNFL,Negative,@EAMaddenNFL you should make a online pro bowl that you can play with many friends sorta like a Allstar team up in @NBA2K that would make the game so much better @cookieboy1794,2025-10-13 21:10:46,2025-10-13 21:10:50,176
7767,MaddenNFL,Negative,@ EAMaddenNFL you should have an online Pro Bowl you can play with many friends sorta like an all-star team in @ NBA2K that would make the game so much better @ cookieboy1794,2025-10-13 21:10:46,2025-10-13 21:10:50,174
7767,MaddenNFL,Negative,@ EAMaddenNFL you have to make an online pro bowl where you can play with many friends like the Allstar team at @ N2K that would make the game a lot better @ cookenboy1794,2025-10-13 21:10:46,2025-10-13 21:10:50,171
7767,MaddenNFL,Negative,@EAMaddenNFL someone should make a online super bowl that you can play with many of sorta like a skeleton team up in @NBA2K that would make the game so much better @cookieboy1794,2025-10-13 21:10:46,2025-10-13 21:10:50,178
7767,MaddenNFL,Negative,So @EAMaddenNFL thinks you should make a different online pro bowl because that you can get play with many friends sorta like a Allstar team up in @NBA2K but that would make the online game so much and better @cookieboy1794,2025-10-13 21:10:46,2025-10-13 21:10:50,223
7767,MaddenNFL,Negative,@EAMaddenNFL you should make a online pro bowl that everyone can play with many friends sorta like a tag team up in there This would make the game so lot better over,2025-10-13 21:10:46,2025-10-13 21:10:50,165
7768,MaddenNFL,Negative,"@EAMaddenNFL DM me, I just wanna talk about how your game is BS sometimes .",2025-10-13 21:10:46,2025-10-13 21:10:50,76
7768,MaddenNFL,Negative,"@ EAMaddenNFL DM me, I just want to talk about how your game is BS sometimes.",2025-10-13 21:10:46,2025-10-13 21:10:50,77
7768,MaddenNFL,Negative,"@ EAMaddenNFL me, I just wanna talk about how your game is BS sometimes.",2025-10-13 21:10:46,2025-10-13 21:10:50,72
7768,MaddenNFL,Negative,"@EAMaddenNFL DM me, I just wanna talk about how every game is BS sometimes.",2025-10-13 21:10:46,2025-10-13 21:10:50,75
7768,MaddenNFL,Negative,"@EAMaddenNFL DM To me, I just wanna talk you about it how your video game is BS sometimes.",2025-10-13 21:10:46,2025-10-13 21:10:50,90
7768,MaddenNFL,Negative,"@EAMaddenNFL DM me, just just wanna talk about but your language is BS sometimes.",2025-10-13 21:10:46,2025-10-13 21:10:50,81
7769,MaddenNFL,Positive,That’s lit,2025-10-13 21:10:46,2025-10-13 21:10:50,10
7769,MaddenNFL,Positive,That's on fire,2025-10-13 21:10:46,2025-10-13 21:10:50,14
7769,MaddenNFL,Positive,That's how it lights up,2025-10-13 21:10:46,2025-10-13 21:10:50,23
7769,MaddenNFL,Positive,That’s why,2025-10-13 21:10:46,2025-10-13 21:10:50,10
7769,MaddenNFL,Positive,That all ’ s lit,2025-10-13 21:10:46,2025-10-13 21:10:50,16
7769,MaddenNFL,Positive,That’s all,2025-10-13 21:10:46,2025-10-13 21:10:50,10
7770,MaddenNFL,Negative,Facts bro they disrespecting 4real!!!!,2025-10-13 21:10:46,2025-10-13 21:10:50,38
7770,MaddenNFL,Negative,Facts bro they're disrespectful 4real!!!!,2025-10-13 21:10:46,2025-10-13 21:10:50,41
7770,MaddenNFL,Negative,Bro facts they discredit 4real!!!!,2025-10-13 21:10:46,2025-10-13 21:10:50,34
7770,MaddenNFL,Negative,Facts bro start disrespecting 4real!!!!,2025-10-13 21:10:46,2025-10-13 21:10:50,39
7770,MaddenNFL,Negative,Facts for bro know they disrespecting Mr 4real!!!!,2025-10-13 21:10:46,2025-10-13 21:10:50,50
7770,MaddenNFL,Negative,Facts bro why disrespecting 4real!!!!,2025-10-13 21:10:46,2025-10-13 21:10:50,37
7771,MaddenNFL,Negative,@EAMaddenNFL spent $10 on in game currency for packs and received nothing.,2025-10-13 21:10:46,2025-10-13 21:10:50,74
7771,MaddenNFL,Negative,@ EAMaddenNFL spent $10 in game currency on packs and got nothing.,2025-10-13 21:10:46,2025-10-13 21:10:50,66
7771,MaddenNFL,Negative,@ EAMaddenNFL spent $10 on game currency for packages and got nothing.,2025-10-13 21:10:46,2025-10-13 21:10:50,70
7771,MaddenNFL,Negative,@EAMaddenNFL spent $10 000 in game currency for packs and received nothing.,2025-10-13 21:10:46,2025-10-13 21:10:50,75
7771,MaddenNFL,Negative,@EAMaddenNFL have spent $ 10 on in game personal currency for packs used and received nothing.,2025-10-13 21:10:46,2025-10-13 21:10:50,94
7771,MaddenNFL,Negative,"@EAMaddenNFL spent $10 1,000 in foreign currency for packs and received nothing.",2025-10-13 21:10:46,2025-10-13 21:10:50,80
7772,MaddenNFL,Positive,Love this duo!!,2025-10-13 21:10:46,2025-10-13 21:10:50,15
7772,MaddenNFL,Positive,Love this duo!!,2025-10-13 21:10:46,2025-10-13 21:10:50,15
7772,MaddenNFL,Positive,Love this duet!!,2025-10-13 21:10:46,2025-10-13 21:10:50,16
7772,MaddenNFL,Positive,Love our duo!!,2025-10-13 21:10:46,2025-10-13 21:10:50,14
7772,MaddenNFL,Positive,Love this darling duo!!,2025-10-13 21:10:46,2025-10-13 21:10:50,23
7772,MaddenNFL,Positive,adore this duo!!,2025-10-13 21:10:46,2025-10-13 21:10:50,16
7773,MaddenNFL,Irrelevant,the controller is getting destroyed,2025-10-13 21:10:46,2025-10-13 21:10:50,35
7773,MaddenNFL,Irrelevant,the controller is destroyed,2025-10-13 21:10:46,2025-10-13 21:10:50,27
7773,MaddenNFL,Irrelevant,the country is falling apart,2025-10-13 21:10:46,2025-10-13 21:10:50,28
7773,MaddenNFL,Irrelevant,the web is getting destroyed,2025-10-13 21:10:46,2025-10-13 21:10:50,28
7773,MaddenNFL,Irrelevant,the controller is continuously getting destroyed,2025-10-13 21:10:46,2025-10-13 21:10:50,48
7773,MaddenNFL,Irrelevant,the orphanage is getting destroyed,2025-10-13 21:10:46,2025-10-13 21:10:50,34
7774,MaddenNFL,Negative,"Hey @TheRock, since @EASPORTS and @NFL seem to to not give a damn about @EAMaddenNFL or the fans that paid their hard earned money for another crappy game this year, what do you think about approaching 2K sports about an XFL video game?",2025-10-13 21:10:46,2025-10-13 21:10:50,236
7774,MaddenNFL,Negative,"Hi @ TheRock, since @ EASPORTS and @ NFL don't seem to mind @ EAMaddenNFL or the fans who paid their hard earned money for another crappy game this year, what do you think about how to approach 2K sports over an XFL video game?",2025-10-13 21:10:46,2025-10-13 21:10:50,227
7774,MaddenNFL,Negative,"Hey @ TheRock, since @ EASPORTS and @ NFL seem to not give a damn about @ EAMaddenNFL or the fans that paid their hard earned money for another crappy game this year, what do you think about approaching 2K sports about an XFL video game?",2025-10-13 21:10:46,2025-10-13 21:10:50,237
7774,MaddenNFL,Negative,"Hey Chris, since @TheRock and @EASPORTS seem to to not give a damn about @NFL and Linux fans that paid much hard earned money for another crappy game this year, what do you think about approaching 2K sports about an XFL arcade game?",2025-10-13 21:10:46,2025-10-13 21:10:50,232
7774,MaddenNFL,Negative,"Say Hey @TheRock, since @EASPORTS and @NFL seem to to not give any a damn too about @EAMaddenNFL or the fans that paid their hard earned fan money for another crappy game this year, and what do even you think crap about approaching 2K sports franchise about purchasing an XFL video hockey game?",2025-10-13 21:10:46,2025-10-13 21:10:50,294
7774,MaddenNFL,Negative,"Hey @TheRock, since @EASPORTS and MLB seem to really not pay a damn about @NFL or the person that paid their hard earned money for another football game this weekend, else do you think are approaching 2K sports about an XFL video project?",2025-10-13 21:10:46,2025-10-13 21:10:50,238
7775,MaddenNFL,Negative,Hey @EAMaddenNFL when is the update coming? A lot of glitches in my game so far.,2025-10-13 21:10:46,2025-10-13 21:10:50,80
7775,MaddenNFL,Negative,"Hey @ EAMaddenNFL, when is the update coming? So far there have been many glitches in my game.",2025-10-13 21:10:46,2025-10-13 21:10:50,94
7775,MaddenNFL,Negative,Hey @ EAMaddenNFL when is the update coming? A lot of glitches in my game so far.,2025-10-13 21:10:46,2025-10-13 21:10:50,81
7775,MaddenNFL,Negative,Hey @EAMaddenNFL<unk> is the update coming? A lot of glitches in my game not far.,2025-10-13 21:10:46,2025-10-13 21:10:50,81
7775,MaddenNFL,Negative,Hey @EAMaddenNFL but when else is the update coming? A lot of glitches occur in my Twitter game so far.,2025-10-13 21:10:46,2025-10-13 21:10:50,103
7775,MaddenNFL,Negative,Hey @EAMaddenNFL when is the update coming? A few recent glitches in my game so yeah.,2025-10-13 21:10:46,2025-10-13 21:10:50,85
7776,MaddenNFL,Negative,Are MUT PC Servers Down? @EAHelp @EAMaddenNFL @EASPORTS_MUT  Trying to do the Star Of The Day: Justin Jackson and keep getting an error on Madden 21 on PC through Stream pic.twitter.com/kK1U0OXxHB,2025-10-13 21:10:46,2025-10-13 21:10:50,196
7776,MaddenNFL,Negative,Are the PC servers of MUT failed? @ EAHelp @ EAMaddenNFL @ EASPORTS _ MUT Trying to make the star of the day: Justin Jackson and getting a bug to Madden 21 on the PC by stream pic.twitter.com / kK1U0OXxHB,2025-10-13 21:10:46,2025-10-13 21:10:50,204
7776,MaddenNFL,Negative,Is MUT PC Servers Down? @ EAHelp @ EAMaddenNFL @ EASPORTS _ MUT Trying to Make Star Of The Day: Justin Jackson and keep getting the Madden 21 bug on PC via Stream pic.fm / kK1U0OXxxHB,2025-10-13 21:10:46,2025-10-13 21:10:50,183
7776,MaddenNFL,Negative,Are MUT PC Servers Down? RhandlerR RhandlerR RhandlerR  Trying to do the Star Of The Day: Justin Jackson and keep getting an error on Madden 21 on PC through Stream pic.twitter.com/kK1U0OXxHB,2025-10-13 21:10:46,2025-10-13 21:10:50,191
7776,MaddenNFL,Negative,v Are MUT PC Servers Down? RhandlerR RhandlerR RhandlerR  Trying to do the Star Of The Day: Justin Jackson and keep getting an error on Madden 21 on PC through Stream pic.twitter.com/kK1U0OXxHB,2025-10-13 21:10:46,2025-10-13 21:10:50,193
7776,MaddenNFL,Negative,what,2025-10-13 21:10:46,2025-10-13 21:10:50,4
7777,MaddenNFL,Negative,I swear,2025-10-13 21:10:46,2025-10-13 21:10:50,9
7777,MaddenNFL,Negative,I swear,2025-10-13 21:10:46,2025-10-13 21:10:50,7
7777,MaddenNFL,Negative,I'm sweating,2025-10-13 21:10:46,2025-10-13 21:10:50,12
7777,MaddenNFL,Negative,I<unk>,2025-10-13 21:10:46,2025-10-13 21:10:50,6
7777,MaddenNFL,Negative,and I swear,2025-10-13 21:10:46,2025-10-13 21:10:50,11
7777,MaddenNFL,Negative,to swear,2025-10-13 21:10:46,2025-10-13 21:10:50,8
7778,MaddenNFL,Negative,Mahomes easy lol,2025-10-13 21:10:46,2025-10-13 21:10:50,16
7778,MaddenNFL,Negative,Mahomes easy lol,2025-10-13 21:10:46,2025-10-13 21:10:50,16
7778,MaddenNFL,Negative,Mahomes easy lol,2025-10-13 21:10:46,2025-10-13 21:10:50,16
7778,MaddenNFL,Negative,Mahomes died lol,2025-10-13 21:10:46,2025-10-13 21:10:50,16
7778,MaddenNFL,Negative,My Mahomes easy lol,2025-10-13 21:10:46,2025-10-13 21:10:50,19
7778,MaddenNFL,Negative,really easy lol,2025-10-13 21:10:46,2025-10-13 21:10:50,15
7779,MaddenNFL,Negative,How the hell do you decipher between a 98 and a 99. No shot this dude isn’t a 99,2025-10-13 21:10:46,2025-10-13 21:10:50,80
7779,MaddenNFL,Negative,"How the hell do you decipher between a 98 and a 99. No, this guy is not 99",2025-10-13 21:10:46,2025-10-13 21:10:50,74
7779,MaddenNFL,Negative,How the hell do you decipher between 98 and 99.,2025-10-13 21:10:46,2025-10-13 21:10:50,47
7779,MaddenNFL,Negative,How the hell do you decipher even a 98 and a 99. No shot this dude isn’t a …,2025-10-13 21:10:46,2025-10-13 21:10:50,76
7779,MaddenNFL,Negative,How the very hell don't you decipher between a 98 and a 99. No shot unless this dude isn ’ t running a 99,2025-10-13 21:10:46,2025-10-13 21:10:50,105
7779,MaddenNFL,Negative,How the hell do you decipher between a 98 and a 99. No shot this just isn’t my test,2025-10-13 21:10:46,2025-10-13 21:10:50,83
7780,MaddenNFL,Negative,@EAMaddenNFL  this game so trash pic.twitter.com/sCUc6dtHeB,2025-10-13 21:10:46,2025-10-13 21:10:50,59
7780,MaddenNFL,Negative,@ EAMaddenNFL this game so garbage pic.twitter.com / sCUc6dtHeB,2025-10-13 21:10:46,2025-10-13 21:10:50,63
7780,MaddenNFL,Negative,@ EAMaddenNFL this game so trash pic.fm / sCUC6HEB,2025-10-13 21:10:46,2025-10-13 21:10:50,50
7780,MaddenNFL,Negative,RhandlerR  this game so trash pic.twitter.com/sCUc6dtHeB,2025-10-13 21:10:46,2025-10-13 21:10:50,56
7780,MaddenNFL,Negative,Digital RhandlerR  this game so trash pic.twitter.com/sCUc6dtHeB,2025-10-13 21:10:46,2025-10-13 21:10:50,64
7780,MaddenNFL,Negative,in,2025-10-13 21:10:46,2025-10-13 21:10:50,2
7781,MaddenNFL,Negative,Hey @EAMaddenNFL instead of saying “build the ultimate team” you should just say give us hundreds of dollars or you will never have fun playing online head to head.,2025-10-13 21:10:46,2025-10-13 21:10:50,164
7781,MaddenNFL,Negative,"Hey @ EAMaddenNFL, instead of saying \"make the ultimate team\" you should just say, give us hundreds of dollars or you'll never have fun playing head to head online.",2025-10-13 21:10:46,2025-10-13 21:10:50,164
7781,MaddenNFL,Negative,"Hey @ EAMaddenNFL instead of saying \"build a top team,\" you should just say, give us hundreds of dollars, otherwise you'll never enjoy playing online one-on-one.",2025-10-13 21:10:46,2025-10-13 21:10:50,161
7781,MaddenNFL,Negative,Hey @EAMaddenNFL outside of saying “build some ultimate team” you should just say give us hundreds of dollars or you will never have fun battling online head to head.,2025-10-13 21:10:46,2025-10-13 21:10:50,166
7781,MaddenNFL,Negative,Hey @EAMaddenNFL... instead of saying I “ build the ultimate online team ” you really should just say give us hundreds of dollars or else you will never truly have fun playing online going head to head.,2025-10-13 21:10:46,2025-10-13 21:10:50,202
7781,MaddenNFL,Negative,Hey @EAMaddenNFL instead than saying “build the ultimate team” you said probably say give us hundreds of dollars and you will never have fun playing for head to head.,2025-10-13 21:10:46,2025-10-13 21:10:50,166
7782,MaddenNFL,Negative,@EAMaddenNFL servers down?,2025-10-13 21:10:46,2025-10-13 21:10:50,26
7782,MaddenNFL,Negative,@ EAMaddenNFL server shut down?,2025-10-13 21:10:46,2025-10-13 21:10:50,31
7782,MaddenNFL,Negative,@ EAMaddenNFL servers down?,2025-10-13 21:10:46,2025-10-13 21:10:50,27
7782,MaddenNFL,Negative,@EAMaddenNFL<unk> down?,2025-10-13 21:10:46,2025-10-13 21:10:50,23
7782,MaddenNFL,Negative,@EAMaddenNFL the servers down?,2025-10-13 21:10:46,2025-10-13 21:10:50,30
7782,MaddenNFL,Negative,our servers down?,2025-10-13 21:10:46,2025-10-13 21:10:50,17
7783,MaddenNFL,Negative,@EAMaddenNFL fix your servers the Golden ticket challenges aren't even appearing they were there when I first loaded the game now they are gone,2025-10-13 21:10:46,2025-10-13 21:10:50,143
7783,MaddenNFL,Negative,"@ EAMaddenNFL fix your servers the Golden Ticket challenges don't even appear they were there when I first loaded the game, now they're gone",2025-10-13 21:10:46,2025-10-13 21:10:50,140
7783,MaddenNFL,Negative,"@ EAMaddenNFL fix your Golden Ticket problem servers don't even show they were there when I first downloaded the game, now they're gone",2025-10-13 21:10:46,2025-10-13 21:10:50,135
7783,MaddenNFL,Negative,@EAMaddenNFL fix your servers the Golden ticket challenges aren't re appearing they were there when I first loaded the server now they are gone,2025-10-13 21:10:46,2025-10-13 21:10:50,143
7783,MaddenNFL,Negative,Operation @EAMaddenNFL fix for your servers the Golden ticket challenges aren't even appearing they once were over there and when I first loaded the game now they are gone,2025-10-13 21:10:46,2025-10-13 21:10:50,171
7783,MaddenNFL,Negative,can fix your servers the Golden ticket challenges da't even appearing they were there when I first loaded the game now quickly appear gone,2025-10-13 21:10:46,2025-10-13 21:10:50,138
7784,MaddenNFL,Negative,"@EAMaddenNFL how do I get my packs, i cant find em anywhere",2025-10-13 21:10:46,2025-10-13 21:10:50,59
7784,MaddenNFL,Negative,"@ EAMaddenNFL how do I get my packs, I can't find them anywhere",2025-10-13 21:10:46,2025-10-13 21:10:50,63
7784,MaddenNFL,Negative,"@ EAMaddenNFL how do I get my packs, i cant find em anywhere",2025-10-13 21:10:46,2025-10-13 21:10:50,60
7784,MaddenNFL,Negative,"@EAMaddenNFL how do I get my packs, i cant find em anymore",2025-10-13 21:10:46,2025-10-13 21:10:50,58
7784,MaddenNFL,Negative,"@EAMaddenNFL how do I always get in my packs, i cant find any em anywhere",2025-10-13 21:10:46,2025-10-13 21:10:50,73
7784,MaddenNFL,Negative,"@EAMaddenNFL how do I get my packs, i cant buy that anywhere",2025-10-13 21:10:46,2025-10-13 21:10:50,60
7785,MaddenNFL,Negative,The fact that Chris Godwin isn’t even the highest rated WR from Penn State is an absolute travesty,2025-10-13 21:10:46,2025-10-13 21:10:50,98
7785,MaddenNFL,Negative,The fact that Chris Godwin is not even Penn State's top-rated WR is an absolute farce,2025-10-13 21:10:46,2025-10-13 21:10:50,85
7785,MaddenNFL,Negative,The fact that Chris Godwin doesn't even have the highest WR rating from Penn State is an absolute travesty,2025-10-13 21:10:46,2025-10-13 21:10:50,106
7785,MaddenNFL,Negative,The fact that Chris Godwin isn’t even thee highest rated WR under Penn State is an absolute travesty,2025-10-13 21:10:46,2025-10-13 21:10:50,100
7785,MaddenNFL,Negative,The fact that our Chris Godwin isn around ’ t even the highest rated WR from Penn State Football is an absolute love travesty,2025-10-13 21:10:46,2025-10-13 21:10:50,125
7785,MaddenNFL,Negative,The fact that Chris Godwin stole even the highest rated WR from Penn State is an equal travesty,2025-10-13 21:10:46,2025-10-13 21:10:50,95
7786,MaddenNFL,Negative,If somebody told me this was FIFA 20 gameplay clips I'd have believed them... . So much for next gen hyped died already,2025-10-13 21:10:46,2025-10-13 21:10:50,119
7786,MaddenNFL,Negative,"If someone had told me that these are FIFA 20 gameplay clips, I would have believed them...",2025-10-13 21:10:46,2025-10-13 21:10:50,91
7786,MaddenNFL,Negative,"If someone had told me that these were 20 FIFA game clippings, I would have believed them...",2025-10-13 21:10:46,2025-10-13 21:10:50,92
7786,MaddenNFL,Negative,If somebody told me this was FIFA 20 gameplay clips I'd have believed them.... So much until next years hyped died already,2025-10-13 21:10:46,2025-10-13 21:10:50,122
7786,MaddenNFL,Negative,If have somebody told me this was FIFA 20 gameplay clips again I'l d have definitely believed them.... So how much story for next gen hyped died already,2025-10-13 21:10:46,2025-10-13 21:10:50,152
7786,MaddenNFL,Negative,If somebody told me this was FIFA 14 gameplay features I'd have written them.... So much on next gen hyped died already,2025-10-13 21:10:46,2025-10-13 21:10:50,119
7787,MaddenNFL,Negative,So unlike the Sendejo you can’t make Heath Cowboys chem? That’s so stupid. @MaddenNFLDirect @EASPORTS_MUT @EAMaddenNFL @Jstein2469,2025-10-13 21:10:46,2025-10-13 21:10:50,130
7787,MaddenNFL,Negative,This is so stupid. @ MaddenNFLDirect @ EASPORTS _ MUT @ EAMaddenNFL @ Jstein2469,2025-10-13 21:10:46,2025-10-13 21:10:50,80
7787,MaddenNFL,Negative,"So, unlike Sendejo, can't you make the Cowboys Hit? It's so stupid. @ MaddenNFL Direct @ EASPORTS _ MUT @ EAMaddenNFL @ J2469",2025-10-13 21:10:46,2025-10-13 21:10:50,125
7787,MaddenNFL,Negative,So unlike Eagles Sendejo you can’t make Heath Cowboys better? That’s so stupid. @MaddenNFLDirect RA @EASPORTS_MUT @EAMaddenNFL,2025-10-13 21:10:46,2025-10-13 21:10:50,126
7787,MaddenNFL,Negative,So unlike the first Sendejo you who can now ’ t make Heath Cowboys chem? That dude ’ fucking s so totally stupid. @MaddenNFLDirect and @EASPORTS_MUT @EAMaddenNFL @Jstein2469,2025-10-13 21:10:46,2025-10-13 21:10:50,173
7787,MaddenNFL,Negative,be unlike Ray Sendejo you can’t taste wine by chem? That’s so stupid. @MaddenNFLDirect @EASPORTS_MUT @EAMaddenNFL @Jstein2469,2025-10-13 21:10:46,2025-10-13 21:10:50,125
7788,MaddenNFL,Negative,Bought 4 backs on Madden 21 for my MUT and they arent showing in unopened backs.... @EASPORTS_MUT @EAMaddenNFL @EA @EAHelp,2025-10-13 21:10:46,2025-10-13 21:10:50,122
7788,MaddenNFL,Negative,Bought 4 backs on Madden 21 for my MUD and they are not shown in unopened backs.... @ EASPORTS _ MUT @ EAMaddenNFL @ EA @ EAHelp,2025-10-13 21:10:46,2025-10-13 21:10:50,128
7788,MaddenNFL,Negative,Bought 4 backs on Madden 21 for my MUT and they aren't showing in open backs.... @ EASPORTS _ MUT @ EAMaddenNFL @ EA @ EAHelp,2025-10-13 21:10:46,2025-10-13 21:10:50,125
7788,MaddenNFL,Negative,Bought 4 backs on Madden 21 for my MUT and they arent showing in their backs.... s @EASPORTS_MUT F @EAMaddenNFL,2025-10-13 21:10:46,2025-10-13 21:10:50,111
7788,MaddenNFL,Negative,Bought 4 backs played on Team Madden by 21 for being my MUT and they just arent really showing through in unopened backs.... @EASPORTS_MUT @EAMaddenNFL R @EA @EAHelp,2025-10-13 21:10:46,2025-10-13 21:10:50,165
7788,MaddenNFL,Negative,doing double backs on August 21 for my MUT and they started sending in unopened backs.... @EASPORTS_MUT @EAMaddenNFL CR @EA,2025-10-13 21:10:46,2025-10-13 21:10:50,123
7789,MaddenNFL,Negative,"Dear @EASPORTS_MUT @EAMaddenNFL ,. . Fix your broken plays. I know I can speak on behalf of many players (especially @SwampLife95 @RobDaBoss21) when I say that if you run stretch and dive every play, that team isn’t good. You should be rewarding players for trying new things",2025-10-13 21:10:46,2025-10-13 21:10:50,275
7789,MaddenNFL,Negative,"Dear @ EASPORTS _ MUT @ EAMaddenNFL,.. Fix your broken games. I know I can speak on behalf of many players (especially @ SwampLife95 @ RobDaBoss21) when I say that if you stretch and dive every game, this team is not good. You should reward players for trying new things.",2025-10-13 21:10:46,2025-10-13 21:10:50,271
7789,MaddenNFL,Negative,"I know I speak for many players (especially @ SwampLife95 @ RobDaBoss21) when I say that if you run and dive every game, this team is not good.",2025-10-13 21:10:46,2025-10-13 21:10:50,143
7789,MaddenNFL,Negative,"Dear @EASPORTS_MUT @EAMaddenNFL,.. Fix your broken plays. I know I can speak on behalf of many players like ), @SwampLife95 when I say that if you run stretch we change every play, that team isn’t competitive. You should allow rewarding players for trying new things",2025-10-13 21:10:46,2025-10-13 21:10:50,266
7789,MaddenNFL,Negative,"His Dear @EASPORTS_MUT @EAMaddenNFL,.. Fix your broken plays. Although I know I can speak on your behalf again of many players ( more especially for @SwampLife95 @RobDaBoss21) when I say that if you run stretch and dive every play, that team isn ’ t good. → You should be now rewarding players afterwards for trying many new things",2025-10-13 21:10:46,2025-10-13 21:10:50,331
7789,MaddenNFL,Negative,"Dear @EASPORTS_MUT who,.. Fix your broken plays. I know this can speak on pain of many players (especially @EAMaddenNFL with as I say that if matches run up and dive every second, that play isn’t good. You should continue rewarding players for trying new things",2025-10-13 21:10:46,2025-10-13 21:10:50,261
7790,MaddenNFL,Negative,"@EAMaddenNFL the disrespect to Baltimore is unreal. 14-3, most pro bowlers on our team ever....The MVP isn’t even a 95, the best kicker EVER isn’t even a 90, and the highest rated player on our team is an off-season acquisition. Laughable",2025-10-13 21:10:46,2025-10-13 21:10:50,238
7790,MaddenNFL,Negative,"@ EAMaddenNFL's disrespect to Baltimore is unreal. 14-3, the most professional bowlers on our team ever.... The MVP isn't even 95, the best kicker of all time isn't even 90, and the highest rated player on our team is an offseason acquisition.",2025-10-13 21:10:46,2025-10-13 21:10:50,243
7790,MaddenNFL,Negative,"@ EAMaddenNFL disrespect to Baltimore is unreal. 14-3, most pro Bowlers on our team ever.... The MVP is not even 95, the best kicker EVER is not even 90, and the most rated player on our team is an acquisition in the offseason.",2025-10-13 21:10:46,2025-10-13 21:10:50,227
7790,MaddenNFL,Negative,"@EAMaddenNFL owing disrespect to Baltimore is unreal. 14-3, most pro bowlers on our team ever....The MVP isn’t even a 95, the better kicker EVER isn’t worth a 90, and the highest grading safety on our team is a off-season acquisition. Laughable",2025-10-13 21:10:46,2025-10-13 21:10:50,244
7790,MaddenNFL,Negative,"... @EAMaddenNFL the great disrespect shown to Baltimore is truly unreal. They 14 - 0 3, who most pro bowlers have on our team ever.... The MVP game isn ’ t even a 95, the best kicker EVER isn ’ t even a 90, and the highest rated player available on our team is an off - season acquisition. Laughable",2025-10-13 21:10:46,2025-10-13 21:10:50,300
7790,MaddenNFL,Negative,"@EAMaddenNFL the journey toward Baltimore is unreal. Almost-3, most senior kid on our team ever....The MVP isn’t even a 95, that best player EVER looks even a 90, and the highest rated player onto our team is an off-season vet. Laughable",2025-10-13 21:10:46,2025-10-13 21:10:50,237
7791,MaddenNFL,Negative,Ok @EAMaddenNFL How is Lamar Jackson more aware than Aaron Rodgers and Tom Brady that sums it up right there when it comes to your ratings system which is nothing but popularity over true productivity and logic @Equipment_Guru @Swami_EA @BayStunna @ShutdownSafety,2025-10-13 21:10:46,2025-10-13 21:10:50,263
7791,MaddenNFL,Negative,"Ok @ EAMaddenNFL How is Lamar Jackson more aware than Aaron Rodgers and Tom Brady, that sums it up when it comes to your rating system, which is nothing more than popularity over true productivity and logic @ Equipment _ Guru @ Swami _ EA @ BayStunna @ ShutdownSafety",2025-10-13 21:10:46,2025-10-13 21:10:50,267
7791,MaddenNFL,Negative,"Ok @ EAMaddenNFL How Lamar Jackson is more knowledgeable than Aaron Rodgers and Tom Brady, which sums it up right away when it comes to your ratings system, which is nothing more than popularity over true productivity and logic @ Equipment _ Guru @ Swami _ EA @ Bayna @ ShutdownSafety",2025-10-13 21:10:46,2025-10-13 21:10:50,284
7791,MaddenNFL,Negative,Ok @EAMaddenNFL How is Lamar Jackson SO aware over Aaron Rodgers and Tom Brady that sums it up right there when it comes to your ratings system This is nothing but popularity over true substance and logic @Equipment_Guru @Swami_EA OK @BayStunna,2025-10-13 21:10:46,2025-10-13 21:10:50,244
7791,MaddenNFL,Negative,Ok 5 @EAMaddenNFL 16 How is Lamar Jackson more so aware than Aaron Rodgers and Tom Brady which that sums it up right there when actually it comes to your ratings and system something which is nothing fresh but popularity over true pop productivity and logic @Equipment_Guru @Swami_EA @BayStunna 1 @ShutdownSafety,2025-10-13 21:10:46,2025-10-13 21:10:50,312
7791,MaddenNFL,Negative,Ok @EAMaddenNFL How is Lamar Beaumont more talented than Aaron Rodgers and Tom Clancy that sums it up right there when it comes to the ratings<unk> It is nothing but popularity over true productivity and logic @Equipment_Guru Yes @Swami_EA Well,2025-10-13 21:10:46,2025-10-13 21:10:50,244
7792,MaddenNFL,Negative,"@EAMaddenNFL giving @AustinEkeler a 70 strength rating is Mad Disrespectful, bro deserves at least a 97 strength overall!",2025-10-13 21:10:46,2025-10-13 21:10:50,121
7792,MaddenNFL,Negative,"@ EAMaddenNFL @ AustinEkeler giving a strength of 70 is insanely disrespectful, bro deserves a total strength of at least 97!",2025-10-13 21:10:46,2025-10-13 21:10:50,125
7792,MaddenNFL,Negative,"@ EAMaddenNFL giving @ AustinEfer a rating of 70 is Mad Discussive, bro deserves at least 97 points overall!",2025-10-13 21:10:46,2025-10-13 21:10:50,108
7792,MaddenNFL,Negative,"@EAMaddenNFL giving @AustinEkeler a 70 strength rating is Mad Disrespectful, bro st at least a 97 strength figure!",2025-10-13 21:10:46,2025-10-13 21:10:50,114
7792,MaddenNFL,Negative,"While @EAMaddenNFL giving @AustinEkeler a 70 strength a rating is Mad Disrespectful, My bro deserves at least from a 97 lbs strength point overall!",2025-10-13 21:10:46,2025-10-13 21:10:50,147
7792,MaddenNFL,Negative,"@EAMaddenNFL giving them a 70 strength I is Mad Disrespectful, bro deserves better least a 97 overall overall!",2025-10-13 21:10:46,2025-10-13 21:10:50,110
7793,MaddenNFL,Negative,I legit can't play M20 anymore. So many bugs and gameplay issues. That YT series is over until M21. Oh and,2025-10-13 21:10:46,2025-10-13 21:10:50,108
7793,MaddenNFL,Negative,I admit that I can't play M20 anymore. So many bugs and game problems. This YT series is over until M21. Oh and,2025-10-13 21:10:46,2025-10-13 21:10:50,111
7793,MaddenNFL,Negative,I legit can't play M20 anymore. So many bugs and gameplay issues. That YT series is over until M21. Oh and,2025-10-13 21:10:46,2025-10-13 21:10:50,106
7793,MaddenNFL,Negative,I legit can't play them anymore. So many bugs and gameplay issues. Now YT series is over until M21. Oh and,2025-10-13 21:10:46,2025-10-13 21:10:50,106
7793,MaddenNFL,Negative,I am legit can't play M20 anymore. So many bugs and widespread gameplay design issues. That new YT series series is over until M21. But Oh and,2025-10-13 21:10:46,2025-10-13 21:10:50,142
7793,MaddenNFL,Negative,I legit can't play M20 drama. So 5 bugs early gameplay issues. Finally YT series is over until M21. Oh and,2025-10-13 21:10:46,2025-10-13 21:10:50,106
7794,MaddenNFL,Negative,nan,2025-10-13 21:10:46,2025-10-13 21:10:50,3
7794,MaddenNFL,Negative,It is not the first time that the EU Commission has taken such a step.,2025-10-13 21:10:46,2025-10-13 21:10:50,70
7794,MaddenNFL,Negative,"At the same time, despite the fact that there are currently some 100 million people living below the poverty line, most of them do not have access to health services and do not have access to health care, while most of them do not have access to health care.",2025-10-13 21:10:46,2025-10-13 21:10:50,258
7794,MaddenNFL,Negative,nan,2025-10-13 21:10:46,2025-10-13 21:10:50,3
7794,MaddenNFL,Negative,nan,2025-10-13 21:10:46,2025-10-13 21:10:50,3
7794,MaddenNFL,Negative,nan,2025-10-13 21:10:46,2025-10-13 21:10:50,3
7795,MaddenNFL,Negative,"@EA not only has the worst game in @EAMaddenNFL, they also have the worst servers.",2025-10-13 21:10:46,2025-10-13 21:10:50,82
7795,MaddenNFL,Negative,"@ EA has not only the worst game in @ EAMaddenNFL, but also the worst servers.",2025-10-13 21:10:46,2025-10-13 21:10:50,78
7795,MaddenNFL,Negative,"@ EA not only has the worst game in the @ EAMaddenNFL, they also have the worst servers.",2025-10-13 21:10:46,2025-10-13 21:10:50,88
7795,MaddenNFL,Negative,"@EA not only has the worst implementation in @EAMaddenNFL, they also have the strongest servers.",2025-10-13 21:10:46,2025-10-13 21:10:50,96
7795,MaddenNFL,Negative,"@EA not only again has gotten the worst game in @EAMaddenNFL, since they also have the worst match servers.",2025-10-13 21:10:46,2025-10-13 21:10:50,107
7795,MaddenNFL,Negative,"have not also has the worst game in @EA, they also have the worst graphics.",2025-10-13 21:10:46,2025-10-13 21:10:50,75
7796,MaddenNFL,Negative,@EAMaddenNFL wtf is this garbage ass sound track??? Smh lazy asses copy and paste songs from last year and then include some garbage ass songs that NOBODY listens to,2025-10-13 21:10:46,2025-10-13 21:10:50,165
7796,MaddenNFL,Negative,@ EAMaddenNFL wtf is this garbage-ass soundtrack??? Smh lazy asses copy and paste songs from last year and then include some garbage-ass songs that no one hears,2025-10-13 21:10:46,2025-10-13 21:10:50,160
7796,MaddenNFL,Negative,@ EAMaddenNFL wtf is this garbage ass sound track??? Smh lazy passes copy and paste songs from last year and then include some garbage ass songs that NOBODY live to,2025-10-13 21:10:46,2025-10-13 21:10:50,164
7796,MaddenNFL,Negative,@EAMaddenNFL wtf is this garbage based sound track??? Smh lazy programmers copy and print songs from last year and then include some garbage ass songs that NOBODY listens to,2025-10-13 21:10:46,2025-10-13 21:10:50,173
7796,MaddenNFL,Negative,@EAMaddenNFL... wtf think is this some garbage ass sound track??? Smh lazy asses copy and paste songs from last year and then include just some garbage... ass of songs already that NOBODY listens in to,2025-10-13 21:10:46,2025-10-13 21:10:50,201
7796,MaddenNFL,Negative,@EAMaddenNFL wtf is this garbage ass sound system Smh lazy asses copy and paste songs born last year and fucking include other garbage ass tracks that NOBODY sounds to,2025-10-13 21:10:46,2025-10-13 21:10:50,167
7797,MaddenNFL,Negative,@EAMaddenNFL,2025-10-13 21:10:46,2025-10-13 21:10:50,14
7797,MaddenNFL,Negative,@ EAMaddenNFL,2025-10-13 21:10:46,2025-10-13 21:10:50,13
7797,MaddenNFL,Negative,@ EAMaddenNFL,2025-10-13 21:10:46,2025-10-13 21:10:50,13
7797,MaddenNFL,Negative,@EAMaddenNFL,2025-10-13 21:10:46,2025-10-13 21:10:50,12
7797,MaddenNFL,Negative,1 @EAMaddenNFL,2025-10-13 21:10:46,2025-10-13 21:10:50,14
7797,MaddenNFL,Negative,do,2025-10-13 21:10:46,2025-10-13 21:10:50,2
7798,MaddenNFL,Negative,The disrespect for Keenan is real,2025-10-13 21:10:46,2025-10-13 21:10:50,33
7798,MaddenNFL,Negative,The disrespect for Keenan is real,2025-10-13 21:10:46,2025-10-13 21:10:50,33
7798,MaddenNFL,Negative,Contempt for Keenan is real,2025-10-13 21:10:46,2025-10-13 21:10:50,27
7798,MaddenNFL,Negative,The disrespect for victims is real,2025-10-13 21:10:46,2025-10-13 21:10:50,34
7798,MaddenNFL,Negative,... The disrespect for Ian Keenan is real,2025-10-13 21:10:46,2025-10-13 21:10:50,41
7798,MaddenNFL,Negative,The feeling for Keenan is real,2025-10-13 21:10:46,2025-10-13 21:10:50,30
7799,MaddenNFL,Neutral,I won the MVP achievement in Madden NFL 21 for 64 TrueAchievement pts trueachievements.com/gamer/DarkNinj…,2025-10-13 21:10:46,2025-10-13 21:10:50,106
7799,MaddenNFL,Neutral,I won the MVP performance in Madden NFL 21 for 64 TrueAchievement pts trueachievements.com / gamer / DarkNinj...,2025-10-13 21:10:46,2025-10-13 21:10:50,112
7799,MaddenNFL,Neutral,I won the MVP award in Madden NFL 21 for 64 Trueediction pts trueevements.com / gB / DarkNinj...,2025-10-13 21:10:46,2025-10-13 21:10:50,96
7799,MaddenNFL,Neutral,I won the MVP challenge in the NFL 21 for 64 TrueAchievement pts trueachievements.com/gamer/DarkNinj…,2025-10-13 21:10:46,2025-10-13 21:10:50,101
7799,MaddenNFL,Neutral,I later won for the MVP achievement in Madden NFL 21 Awards for a 64 TrueAchievement pts 63 trueachievements. Web com / gamer / DarkNinj …,2025-10-13 21:10:46,2025-10-13 21:10:50,138
7799,MaddenNFL,Neutral,I won Sports MVP<unk> for 2014 NFL 21 Year 64 TrueAchievement pts trueachievements.com/gamer/DarkNinj...,2025-10-13 21:10:46,2025-10-13 21:10:50,104
7800,MaddenNFL,Positive,Would love one @EASPORTS_MUT,2025-10-13 21:10:46,2025-10-13 21:10:50,28
7800,MaddenNFL,Positive,Would love one @ EASPORTS _ MUT,2025-10-13 21:10:46,2025-10-13 21:10:50,31
7800,MaddenNFL,Positive,Would love one @ EASPORTS _ MUT,2025-10-13 21:10:46,2025-10-13 21:10:50,31
7800,MaddenNFL,Positive,Would love the @EASPORTS_MUT,2025-10-13 21:10:46,2025-10-13 21:10:50,28
7800,MaddenNFL,Positive,Would she love one @EASPORTS_MUT,2025-10-13 21:10:46,2025-10-13 21:10:50,32
7800,MaddenNFL,Positive,Would share one @EASPORTS_MUT,2025-10-13 21:10:46,2025-10-13 21:10:50,29
7801,MaddenNFL,Negative,"Madden NFL 21. [PS4 - 65] metacritic.com/game/playstati…. [XONE - 69] metacritic.com/game/xbox-one/…. [PC] metacritic.com/game/pc/madden…. GameSpot: \"With far more technical issues than normal and large chunks of recycled content, Madden NFL 21 feels more like an update than a brand-new game.\" https://t.co/vRrgu2aspc",2025-10-13 21:10:46,2025-10-13 21:10:50,318
7801,MaddenNFL,Negative,"Madden NFL 21. [PS4 - 65] metacritic.com / game / playstati.... [XONE - 69] metacritic.com / game / xbox-one /.... [PC] metacritic.com / game / pc / madden.... GameSpot: \"With far more technical problems than normal and large amounts of recycled content, Madden NFL 21 feels more like an update than a brand new game. https: / / t.co / vRrgu2aspc",2025-10-13 21:10:46,2025-10-13 21:10:50,346
7801,MaddenNFL,Negative,"Madden NFL 21. [PS4 - 65] metacritic.com / game / playstati.... [XONE - 69] metacritic.com / game / xbox-one /.... [PC] metacritic.com / game / pc / madden.... GameSpot: \"With far more technical issues than normal and large chunks of recycled content, Madden NFL 21 feels more like an update than a brand-new game.\"",2025-10-13 21:10:46,2025-10-13 21:10:50,315
7801,MaddenNFL,Negative,"Madden NFL Vol. 18 - 65] twitch.com/game/playstati…. [XONE - 85] youtube.com/game/xbox-one/…. [PC] metacritic.com/game/pc/madden…. GameSpot: \"With far more compatibility issues than normal and large chunks of recycled material, NHL NFL 21 feels more like an update than its brand-new game.\" https://t.co/vRrgu2aspc]",2025-10-13 21:10:46,2025-10-13 21:10:50,315
7801,MaddenNFL,Negative,"of Madden NFL 21. [ PS4 - SD 65 ] metacritic. com / game / playstati …. [ XONE - CD 69 ] metacritic. com / main game / xbox - one / …. [ PC ] game metacritic. com / game / pc / madden …. GameSpot : \" With far more technical sound issues ongoing than normal and large chunks of already recycled content, Madden NFL 21 feels far more like an update than a brand - fresh new game. \" https://t.co/vRrgu2aspc ]",2025-10-13 21:10:46,2025-10-13 21:10:50,405
7801,MaddenNFL,Negative,"Madden 2016 21. [PS4 - 65] metacritic.com/game/playstati.... [XONE - 15] metacritic.com/game/xbox-one/.... +] metacritic.com/game/pc/madden.... GameSpot: \"With far more pressing issues than normal and large errors like deleted footage, Madden NFL I feels more resembling an update than a brand-new game.\" https://t.co/vRrgu2aspc]",2025-10-13 21:10:46,2025-10-13 21:10:50,329
7802,MaddenNFL,Negative,Fire all the creators and editors of @EAMaddenNFL. 0 effort on improving last years platform. It’s a $70 roster update. Absolutely pathetic.,2025-10-13 21:10:46,2025-10-13 21:10:50,140
7802,MaddenNFL,Negative,Sacked all creators and editors of @ EAMaddenNFL. 0 efforts to improve the platform of last year. It's a roster update worth $70. Absolutely pathetic.,2025-10-13 21:10:46,2025-10-13 21:10:50,150
7802,MaddenNFL,Negative,Sacking all the creators and editors of @ EAMaddenNFL. 0 efforts to improve the platform of the past years. This $70 roster upgrade. Absolutely pathetic.,2025-10-13 21:10:46,2025-10-13 21:10:50,153
7802,MaddenNFL,Negative,Fire all the creators and editors of @EAMaddenNFL. 0 effort or improving that years lore. It’s a $70 roster update. Absolutely pathetic.,2025-10-13 21:10:46,2025-10-13 21:10:50,136
7802,MaddenNFL,Negative,9 Fire all the creators and editors of our @EAMaddenNFL. 0 effort on our improving last years platform. 9 It finally ’ s a $ 70 roster update. Absolutely... pathetic.,2025-10-13 21:10:46,2025-10-13 21:10:50,166
7802,MaddenNFL,Negative,Fire all the players from editors behind @EAMaddenNFL. 0 effort on improving last days platform. It’s a $70 roster effort. Absolutely pathetic.,2025-10-13 21:10:46,2025-10-13 21:10:50,143
7803,MaddenNFL,Negative,Cmon wit this BS y’all wait until I’m gambling to mess the servers up!!!!! @EAMaddenNFL fix the servers !!! Y’all ridiculous,2025-10-13 21:10:46,2025-10-13 21:10:50,124
7803,MaddenNFL,Negative,Cmon wit this BS y'all wait until I'm gambling to mess the servers up!!!!! @ EAMaddenNFL fix the servers!!! Y'all ridiculous,2025-10-13 21:10:46,2025-10-13 21:10:50,124
7803,MaddenNFL,Negative,Cmon wit this BS y'all wait until I'm gambling to mess the servers up!!!! @ EAMaddenNFL fix the servers!!! Y'all incredible,2025-10-13 21:10:46,2025-10-13 21:10:50,123
7803,MaddenNFL,Negative,Cmon wit this.. y’all wait until I’m gambling to mess the website up!!!!! Please fix the servers!!! Y’all ridiculous,2025-10-13 21:10:46,2025-10-13 21:10:50,116
7803,MaddenNFL,Negative,... Cmon wit the this at BS y ’ all wait until I ’ la m gambling to mess al the servers up!!!!! @EAMaddenNFL fix the servers!!! Yes Y they ’ all ridiculous,2025-10-13 21:10:46,2025-10-13 21:10:50,155
7803,MaddenNFL,Negative,Cmon wit this BS y’all wait until double gambling to pick the room up!!!!! @EAMaddenNFL x the prices!!! Y’all ridiculous,2025-10-13 21:10:46,2025-10-13 21:10:50,120
7804,MaddenNFL,Negative,List is trash without Minkah,2025-10-13 21:10:46,2025-10-13 21:10:50,28
7804,MaddenNFL,Negative,List is garbage without Minkah,2025-10-13 21:10:46,2025-10-13 21:10:50,30
7804,MaddenNFL,Negative,List of thrash without Minka,2025-10-13 21:10:46,2025-10-13 21:10:50,28
7804,MaddenNFL,Negative,List is trash labelled Minkah,2025-10-13 21:10:46,2025-10-13 21:10:50,29
7804,MaddenNFL,Negative,This List is trash without Minkah,2025-10-13 21:10:46,2025-10-13 21:10:50,33
7804,MaddenNFL,Negative,List is trash if Minkah,2025-10-13 21:10:46,2025-10-13 21:10:50,23
7805,MaddenNFL,Negative,The Gordon and Saquon disrespect,2025-10-13 21:10:46,2025-10-13 21:10:50,32
7805,MaddenNFL,Negative,The disrespect of Gordon and Saquon,2025-10-13 21:10:46,2025-10-13 21:10:50,35
7805,MaddenNFL,Negative,Disrespect for Gordon and Sakuon,2025-10-13 21:10:46,2025-10-13 21:10:50,32
7805,MaddenNFL,Negative,The Drake and Saquon disrespect,2025-10-13 21:10:46,2025-10-13 21:10:50,31
7805,MaddenNFL,Negative,Or The characters Gordon and Saquon disrespect,2025-10-13 21:10:46,2025-10-13 21:10:50,46
7805,MaddenNFL,Negative,The Wolf and Saquon disrespect,2025-10-13 21:10:46,2025-10-13 21:10:50,30
7806,MaddenNFL,Positive,Preordered @EAMaddenNFL for @PlayStation can’t wait!,2025-10-13 21:10:46,2025-10-13 21:10:50,52
7806,MaddenNFL,Positive,Pre-ordered @ EAMaddenNFL for @ PlayStation can't wait!,2025-10-13 21:10:46,2025-10-13 21:10:50,55
7806,MaddenNFL,Positive,Preordered @ EAMaddenNFL for @ PlayStation can't wait!,2025-10-13 21:10:46,2025-10-13 21:10:50,54
7806,MaddenNFL,Positive,Preordered @EAMaddenNFL for @PlayStation - wait!,2025-10-13 21:10:46,2025-10-13 21:10:50,48
7806,MaddenNFL,Positive,Preordered with @EAMaddenNFL and for @PlayStation you can ’ t wait!,2025-10-13 21:10:46,2025-10-13 21:10:50,67
7806,MaddenNFL,Positive,Preordered Online for @EAMaddenNFL can’t disappoint!,2025-10-13 21:10:46,2025-10-13 21:10:50,52
7807,MaddenNFL,Positive,@EAMaddenNFL Using spirit robotics machines too to remove dads cheating systems,2025-10-13 21:10:46,2025-10-13 21:10:50,79
7807,MaddenNFL,Positive,@ EAMaddenNFL using Spirit robotics machines to remove dads' fraudulent systems,2025-10-13 21:10:46,2025-10-13 21:10:50,79
7807,MaddenNFL,Positive,@ EAMaddenNFL Use perfume robots too to remove dude deception systems,2025-10-13 21:10:46,2025-10-13 21:10:50,69
7807,MaddenNFL,Positive,@EAMaddenNFL Using spirit robotics machines too to remove artificial cheating systems,2025-10-13 21:10:46,2025-10-13 21:10:50,85
7807,MaddenNFL,Positive,and @EAMaddenNFL Using spirit robotics machines help too to remove dads cheating control systems,2025-10-13 21:10:46,2025-10-13 21:10:50,96
7807,MaddenNFL,Positive,@EAMaddenNFL Using spirit robotics machines too to alter dads biological systems,2025-10-13 21:10:46,2025-10-13 21:10:50,80
7808,MaddenNFL,Negative,@EAMaddenNFL @EASPORTS   EA has the worst customer advisors and customer service!,2025-10-13 21:10:46,2025-10-13 21:10:50,81
7808,MaddenNFL,Negative,@ EAMaddenNFL @ EASPORTS EA has the worst customer service!,2025-10-13 21:10:46,2025-10-13 21:10:50,59
7808,MaddenNFL,Negative,@ EAMaddenNFL @ EASPORTS EA has the worst customer service consultants and customer service!,2025-10-13 21:10:46,2025-10-13 21:10:50,92
7808,MaddenNFL,Negative,@EAMaddenNFL @EASPORTS   EA has have worst customer advisors and customer service!,2025-10-13 21:10:46,2025-10-13 21:10:50,82
7808,MaddenNFL,Negative,@EAMaddenNFL @EASPORTS EA has the worst rated customer advisors system and customer consultation service!,2025-10-13 21:10:46,2025-10-13 21:10:50,105
7808,MaddenNFL,Negative,@EAMaddenNFL @EASPORTS EA has literally worst customer advisors and expert service!,2025-10-13 21:10:46,2025-10-13 21:10:50,83
7809,MaddenNFL,Negative,@EAHelp @EAMaddenNFL @EASPORTS_MUT @MaddenNFLDirect I watch all of the taping last night an 0 tokens for the second week. In a row. I have just given up on this because there is so many problems with us getting the drops for watching this.,2025-10-13 21:10:46,2025-10-13 21:10:50,241
7809,MaddenNFL,Negative,@ EAHelp @ EAMaddenNFL @ EASPORTS _ MUT @ MaddenNFLDirect I look at the whole record last night and the 0 tokens for the second week in a row. I just gave it up because there are so many problems with it that we get the drops for it.,2025-10-13 21:10:46,2025-10-13 21:10:50,233
7809,MaddenNFL,Negative,@ EAHelp @ EAMaddenNFL @ EASPORTS _ MUT @ MaddenNFL Direct I watch all of the taping last night an 0 tokens for the second week. In a row. I have just given on this because there is so many problems with us getting the drops for watching this.,2025-10-13 21:10:46,2025-10-13 21:10:50,243
7809,MaddenNFL,Negative,@EAHelp @EAMaddenNFL @EASPORTS_MUT @MaddenNFLDirect - watch one of the taping last night an 0 tokens for the second week. In a row. I have truly given up on this thing there is so many problems with us getting the drops for rigging this.,2025-10-13 21:10:46,2025-10-13 21:10:50,237
7809,MaddenNFL,Negative,@EAHelp @EAMaddenNFL R @EASPORTS_MUT @MaddenNFLDirect I watch all of the taping last night an 0 0 tokens for the record second week. In hardly a successful row. However I have only just given up on this because obviously there is already so many problems with us getting the negative drops for watching this.,2025-10-13 21:10:46,2025-10-13 21:10:50,308
7809,MaddenNFL,Negative,@EAHelp @EAMaddenNFL @EASPORTS_MUT @MaddenNFLDirect I watch all on the taping Monday night an 0 picked up the second week. In a letter. Someone have just given up on me because there is so a problems with us getting the drops for watching an.,2025-10-13 21:10:46,2025-10-13 21:10:50,242
7810,MaddenNFL,Negative,"@EAMaddenNFL I ain’t a player... but I got a Beef wit y’all, y’all need to talk to whoever does madden rating’s, cuz each year you screw us... last year you totally screwed @Keenan13Allen 🤦‍. 🤦‍. 🤦‍.  & @DerwinJames 🤦‍. 🤦‍. 🤦‍. 🤦‍. 🤦‍.  this year you screwed @AustinEkeler 🤦‍. 🤦‍. 🤦‍. 🤦‍. 🤦‍.  DO BETTER!!!",2025-10-13 21:10:46,2025-10-13 21:10:50,306
7810,MaddenNFL,Negative,"@ EAMaddenNFL I ain't a player... but I got a beef wit y'all, y'all need to talk to who does mad ratings, cuz every year you screw us... last year you totally screwed @ Keenan13Allen... & @ DerwinJames.............................................................",2025-10-13 21:10:46,2025-10-13 21:10:50,262
7810,MaddenNFL,Negative,"@ EAMaddenNFL I am not a player... but I got a Beef wit y'all, y'all need to talk to Hebble ever does madden rating's, cuz every year you screen us... last year you totally screened @ Keenan13Allen H. b. b.. & @ DerwinJames H. b. b. b. b. this year you screened @ AustinEfer H. b. b. do BETTER!!!",2025-10-13 21:10:46,2025-10-13 21:10:50,296
7810,MaddenNFL,Negative,"@EAMaddenNFL I ain’t a player... i just keep on Beef wit y’all, y’all need to talk to whoever does madden rating’s, cuz each week you beat us... last year we totally screwed them 🤦‍. 🤦‍. 🤦‍.  & @Keenan13Allen 🤦‍. 🤦‍. 🤦‍.<unk>. 🤦‍.  this year you screwed @DerwinJames 🤦‍. 🤦‍. 🤦‍. 🤦‍. 🤦‍.  DO BETTER!!!",2025-10-13 21:10:46,2025-10-13 21:10:50,300
7810,MaddenNFL,Negative,"@EAMaddenNFL I ain ’ t a player... but I got a Johnny Beef wit y ’ all, y not ’ all need to talk up to whoever does his madden rating ’ s, cuz each year you screw us... last year you totally screwed @Keenan13Allen [UNK]. T [UNK]. By [UNK]. & @DerwinJames [UNK]. [UNK]. By [UNK]. [UNK]. · [UNK]. Even this year you screwed @AustinEkeler [UNK]. [UNK]. [UNK]. [UNK]. [UNK]. He DO BETTER!!!",2025-10-13 21:10:46,2025-10-13 21:10:50,386
7810,MaddenNFL,Negative,"@EAMaddenNFL I have a player... but I sense a Beef in y’all, y’all need to talk it whoever does your rating’s, cuz each year you screw us... last year people just screwed T <unk>. <unk>. <unk>. & @Keenan13Allen <unk>. <unk>. <unk>. <unk>. <unk>. this year they screwed H <unk>. <unk>. <unk>. <unk>. <unk>. DO BETTER!!!",2025-10-13 21:10:46,2025-10-13 21:10:50,318
7811,MaddenNFL,Positive,Salute!!,2025-10-13 21:10:46,2025-10-13 21:10:50,8
7811,MaddenNFL,Positive,Salute!!,2025-10-13 21:10:46,2025-10-13 21:10:50,8
7811,MaddenNFL,Positive,Salute!!,2025-10-13 21:10:46,2025-10-13 21:10:50,8
7811,MaddenNFL,Positive,Salute!!,2025-10-13 21:10:46,2025-10-13 21:10:50,8
7811,MaddenNFL,Positive,to Salute!!,2025-10-13 21:10:46,2025-10-13 21:10:50,11
7811,MaddenNFL,Positive,he,2025-10-13 21:10:46,2025-10-13 21:10:50,2
7812,MaddenNFL,Negative,@EAMaddenNFL explain why my player didn’t catch it but it made the catching noise about 10 times like he was juggling it ?? I serve some MUT points for this and this wasn’t a MUT game !,2025-10-13 21:10:46,2025-10-13 21:10:50,185
7812,MaddenNFL,Negative,"@ EAMaddenNFL explain why my player didn't catch it, but it made the catch noise about 10 times as if he was juggling it?? I'm serving up some MUD points for that and that wasn't a MUD game!",2025-10-13 21:10:46,2025-10-13 21:10:50,190
7812,MaddenNFL,Negative,@ EAMaddenNFL explain why my player didn't catch him but he made a noise about 10 times as if he was juggling them??,2025-10-13 21:10:46,2025-10-13 21:10:50,116
7812,MaddenNFL,Negative,@EAMaddenNFL explain why my player didn’t move it because it made the catching noise about 10 times like he was juggling it?? I serve some MUT points because this and this wasn’t a MUT anymore!,2025-10-13 21:10:46,2025-10-13 21:10:50,193
7812,MaddenNFL,Negative,@EAMaddenNFL explain it why my player didn almost ’ t catch it but it only made the catching complete noise for about thirty 10 times like he accidentally was juggling it?? I serve some MUT points for this and remember this wasn ’ t truly a MUT game!,2025-10-13 21:10:46,2025-10-13 21:10:50,250
7812,MaddenNFL,Negative,@EAMaddenNFL<unk> why my player not catch it but it kept the catching noise after 10 times like he was juggling it?? I got out 2 points for this and this wasn’t a MUT game!,2025-10-13 21:10:46,2025-10-13 21:10:50,172
7813,MaddenNFL,Negative,That bull @MichaelVick  a problem!! @EAMaddenNFL @EASPORTS @SportsCenter,2025-10-13 21:10:46,2025-10-13 21:10:50,72
7813,MaddenNFL,Negative,This bull @ MichaelVick a problem!! @ EAMaddenNFL @ EASPORTS @ SportsCenter,2025-10-13 21:10:46,2025-10-13 21:10:50,75
7813,MaddenNFL,Negative,This bull @ HelVick is a problem!! @ EAMaddenNFL @ EASPORTS @ EASPORTS,2025-10-13 21:10:46,2025-10-13 21:10:50,70
7813,MaddenNFL,Negative,That made @MichaelVick  a problem!! @EAMaddenNFL @EASPORTS @SportsCenter,2025-10-13 21:10:46,2025-10-13 21:10:50,72
7813,MaddenNFL,Negative,That red bull proved @MichaelVick a great problem!! F @EAMaddenNFL @EASPORTS @SportsCenter,2025-10-13 21:10:46,2025-10-13 21:10:50,90
7813,MaddenNFL,Negative,grey bull @MichaelVick no problem!! @EAMaddenNFL @EASPORTS that,2025-10-13 21:10:46,2025-10-13 21:10:50,63
7814,MaddenNFL,Negative,"First time in 2 decades that I didn't buy @EAMaddenNFL. I played the 10 hours on @EA Play and was underwhelmed. Take note @NFL, the fans are not happy. We demand a change.",2025-10-13 21:10:46,2025-10-13 21:10:50,173
7814,MaddenNFL,Negative,"For the first time in 2 decades I did not buy @ EAMaddenNFL. I played the 10 hours on @ EA Play and was overwhelmed. Note @ NFL, the fans are not happy. We demand a change.",2025-10-13 21:10:46,2025-10-13 21:10:50,172
7814,MaddenNFL,Negative,For the first time in 2 decades I didn't buy @ EAMaddenNFL. I played 10 hours on @ EA Play and was shocked.,2025-10-13 21:10:46,2025-10-13 21:10:50,107
7814,MaddenNFL,Negative,"First times in 2 decades that I didn't download @EAMaddenNFL. I played the 10 hours on @EA Play and was underwhelmed. Take your @NFL, the fans are not happy. We demand a refund.",2025-10-13 21:10:46,2025-10-13 21:10:50,177
7814,MaddenNFL,Negative,"First time in 2 straight decades that I didn't buy @EAMaddenNFL. I played out the 10 ¹⁄₂ hours on @EA Play radio and was clearly underwhelmed. For Take into note @NFL, the fans are not happy. Now We demand a a career change.",2025-10-13 21:10:46,2025-10-13 21:10:50,224
7814,MaddenNFL,Negative,"First time in some decades that I didn't buy the. I played the several hours on @EAMaddenNFL Play and was excited. Take note @EA, the games are always happy. We wish a change.",2025-10-13 21:10:46,2025-10-13 21:10:50,175
7815,MaddenNFL,Negative,@EAMaddenNFL y’all really REALLY need to fix madden 21 the fuckery is really bogus,2025-10-13 21:10:46,2025-10-13 21:10:50,82
7815,MaddenNFL,Negative,@ EAMaddenNFL y'all really need to fix madden 21 the fuckery is really mogus,2025-10-13 21:10:46,2025-10-13 21:10:50,76
7815,MaddenNFL,Negative,@ EAMaddenNFL y'all really REALLY need to fix madden 21 the fuckery is really bogus,2025-10-13 21:10:46,2025-10-13 21:10:50,83
7815,MaddenNFL,Negative,@EAMaddenNFL y’all really REALLY know to forget madden 21 the fuckery is really bogus,2025-10-13 21:10:46,2025-10-13 21:10:50,85
7815,MaddenNFL,Negative,@EAMaddenNFL y ’ all things really REALLY need to a fix madden 21 So the fuckery shit is not really bogus,2025-10-13 21:10:46,2025-10-13 21:10:50,105
7815,MaddenNFL,Negative,@EAMaddenNFL y’all really REALLY need to fix madden 21 trash movie is actually bogus,2025-10-13 21:10:46,2025-10-13 21:10:50,84
7816,MaddenNFL,Negative,Wanna know how I know madden doesn't do their homework and due diligence? Yall pay 60 bucks for this trash?,2025-10-13 21:10:46,2025-10-13 21:10:50,107
7816,MaddenNFL,Negative,Want to know how I know that maniacs don't do their homework and due diligence? Yall pays 60 dollars for this trash?,2025-10-13 21:10:46,2025-10-13 21:10:50,116
7816,MaddenNFL,Negative,Want to know how I know Madden doesn't do his homework and diet properly? Would you pay 60 bucks for that cod?,2025-10-13 21:10:46,2025-10-13 21:10:50,110
7816,MaddenNFL,Negative,Wanna know how I know madden doesn't mind their homework and due diligence? Maybe pay 60 bucks for this trash?,2025-10-13 21:10:46,2025-10-13 21:10:50,110
7816,MaddenNFL,Negative,Wanna know how I know madden doesn't do well their homework homework and due diligence? Can Yall pay ya 60 bucks for driving this trash?,2025-10-13 21:10:46,2025-10-13 21:10:50,136
7816,MaddenNFL,Negative,Wanna know how I know one doesn't use her homework and due diligence? Yall pay 60 bucks for your trash?,2025-10-13 21:10:46,2025-10-13 21:10:50,103
7817,MaddenNFL,Negative,@EricRayweather @ProblemWright @EAMaddenNFL WTF man!!! pic.twitter.com/FXVX1ofyKU,2025-10-13 21:10:46,2025-10-13 21:10:50,81
7817,MaddenNFL,Negative,@ EricRayweather @ EAMaddenNFL WTF man!!! pic.twitter.com / FXVX1ofyKU,2025-10-13 21:10:46,2025-10-13 21:10:50,70
7817,MaddenNFL,Negative,@ EricRayweather @ Wright @ EAMaddenNFL WTF man!!! pic.fm / FXVX1ofyKU,2025-10-13 21:10:46,2025-10-13 21:10:50,70
7817,MaddenNFL,Negative,RhandlerR RhandlerR RhandlerR WTF man!!! pic.twitter.com/FXVX1ofyKU,2025-10-13 21:10:46,2025-10-13 21:10:50,67
7817,MaddenNFL,Negative,in RhandlerR RhandlerR RhandlerR WTF man!!! pic.twitter.com/FXVX1ofyKU,2025-10-13 21:10:46,2025-10-13 21:10:50,70
7817,MaddenNFL,Negative,not,2025-10-13 21:10:46,2025-10-13 21:10:50,3
7818,MaddenNFL,Negative,I. Am. Weak. Af🤣🤣🤣.,2025-10-13 21:10:46,2025-10-13 21:10:50,20
7818,MaddenNFL,Negative,I. Am. Weak. Af.,2025-10-13 21:10:46,2025-10-13 21:10:50,16
7818,MaddenNFL,Negative,I. Am. Weak. Af Freddie.,2025-10-13 21:10:46,2025-10-13 21:10:50,24
7818,MaddenNFL,Negative,I. Am. Weak. Shit.,2025-10-13 21:10:46,2025-10-13 21:10:50,18
7818,MaddenNFL,Negative,With I. Am. Weak. [UNK].,2025-10-13 21:10:46,2025-10-13 21:10:50,24
7818,MaddenNFL,Negative,That. Am. Weak. Af<unk>.,2025-10-13 21:10:46,2025-10-13 21:10:50,24
7819,MaddenNFL,Negative,@EASPORTS_MUT @EAHelp @MaddenNFLDirect @EAMaddenNFL  why can’t I play... like how is this acceptable? pic.twitter.com/iNvzWQgrxw,2025-10-13 21:10:46,2025-10-13 21:10:50,128
7819,MaddenNFL,Negative,@ EASPORTS _ MUT @ EAHelp @ MaddenNFLDirect @ EAMaddenNFL Why can't I play... how is that acceptable? pic.twitter.com / iNvzWQgrxw,2025-10-13 21:10:46,2025-10-13 21:10:50,130
7819,MaddenNFL,Negative,@ EASPORTS _ MUT @ EAHelp @ MaddenNNFDirect @ EAMaddenNFL why can't I play... like how acceptable is that? pic.wikipedia.com / iNvzWQgrxw,2025-10-13 21:10:46,2025-10-13 21:10:50,137
7819,MaddenNFL,Negative,RhandlerR RhandlerR RhandlerR RhandlerR  why can’t I play... like how is this acceptable? pic.twitter.com/iNvzWQgrxw,2025-10-13 21:10:46,2025-10-13 21:10:50,116
7819,MaddenNFL,Negative,and RhandlerR RhandlerR RhandlerR RhandlerR  why can’t I play... like how is this acceptable? pic.twitter.com/iNvzWQgrxw,2025-10-13 21:10:46,2025-10-13 21:10:50,120
7819,MaddenNFL,Negative,will,2025-10-13 21:10:46,2025-10-13 21:10:50,4
7820,MaddenNFL,Negative,Madden is pissing me off these days. New video tonight . .. .. .. .. .. .,2025-10-13 21:10:46,2025-10-13 21:10:50,75
7820,MaddenNFL,Negative,Madden pisses on me these days. New video tonight............,2025-10-13 21:10:46,2025-10-13 21:10:50,61
7820,MaddenNFL,Negative,Madden is pissing me off these days. New video tonight.................,2025-10-13 21:10:46,2025-10-13 21:10:50,71
7820,MaddenNFL,Negative,Madden is pissing me off all days. New video tonight..............,2025-10-13 21:10:46,2025-10-13 21:10:50,66
7820,MaddenNFL,Negative,Wesley Madden Parker is pissing me totally off just these days. Two New video tonight............,2025-10-13 21:10:46,2025-10-13 21:10:50,97
7820,MaddenNFL,Negative,Madden and pissing me off those days. you guys tonight............,2025-10-13 21:10:46,2025-10-13 21:10:50,66
7821,MaddenNFL,Negative,"@EAMaddenNFL Code dropping huh. People love free product, even if its flawed",2025-10-13 21:10:46,2025-10-13 21:10:50,78
7821,MaddenNFL,Negative,@ EAMaddenNFL code dropping huh. People love free product even if its flawed,2025-10-13 21:10:46,2025-10-13 21:10:50,76
7821,MaddenNFL,Negative,"@ EAMaddenNFL Code dropping huh. People love free product, even if its flaved",2025-10-13 21:10:46,2025-10-13 21:10:50,77
7821,MaddenNFL,Negative,"@EAMaddenNFL Code dropping huh. People love free product, even when its flawed",2025-10-13 21:10:46,2025-10-13 21:10:50,78
7821,MaddenNFL,Negative,"@EAMaddenNFL the Code dropping huh. People actually love free product, even more if its flawed",2025-10-13 21:10:46,2025-10-13 21:10:50,94
7821,MaddenNFL,Negative,"@EAMaddenNFL were dropping huh. People love free products, even if its flawed",2025-10-13 21:10:46,2025-10-13 21:10:50,77
7822,MaddenNFL,Negative,@EAMaddenNFL did y’all finally upgrade franchise mode? Y’all stuff has been TRASH,2025-10-13 21:10:46,2025-10-13 21:10:50,81
7822,MaddenNFL,Negative,@ EAMaddenNFL has y'all finally updated the franchise mode? Y'all stuff has been TRASH,2025-10-13 21:10:46,2025-10-13 21:10:50,86
7822,MaddenNFL,Negative,@ EAMaddenNFL did y'all finally upgrade franchise mode? Y'all stuff has been TRASH,2025-10-13 21:10:46,2025-10-13 21:10:50,82
7822,MaddenNFL,Negative,@EAMaddenNFL did y’all finally upgrade franchise mode? Y’all this has been weird,2025-10-13 21:10:46,2025-10-13 21:10:50,80
7822,MaddenNFL,Negative,@EAMaddenNFL did y ou ’ all finally upgrade franchise mode? Y ’ all real stuff has now been in TRASH,2025-10-13 21:10:46,2025-10-13 21:10:50,100
7822,MaddenNFL,Negative,@EAMaddenNFL did y’all else upgrade franchise titles? Y’all it has been TRASH,2025-10-13 21:10:46,2025-10-13 21:10:50,77
7823,MaddenNFL,Negative,THIS IS MAJOR!!!!!!!!!,2025-10-13 21:10:46,2025-10-13 21:10:50,22
7823,MaddenNFL,Negative,THIS IS MALLY!!!!!!!!!,2025-10-13 21:10:46,2025-10-13 21:10:50,22
7823,MaddenNFL,Negative,THIS WORKING!!!!!!!!!!,2025-10-13 21:10:46,2025-10-13 21:10:50,22
7823,MaddenNFL,Negative,THIS IS ALL,2025-10-13 21:10:46,2025-10-13 21:10:50,11
7823,MaddenNFL,Negative,And THIS... IS ON MAJOR!!!!!!!!!,2025-10-13 21:10:46,2025-10-13 21:10:50,32
7823,MaddenNFL,Negative,THIS THE MAJOR!!!!!!!!!,2025-10-13 21:10:46,2025-10-13 21:10:50,23
7824,MaddenNFL,Irrelevant,I'm crying! .,2025-10-13 21:10:46,2025-10-13 21:10:50,14
7824,MaddenNFL,Irrelevant,I cry!.,2025-10-13 21:10:46,2025-10-13 21:10:50,7
7824,MaddenNFL,Irrelevant,I'm crying!.,2025-10-13 21:10:46,2025-10-13 21:10:50,12
7824,MaddenNFL,Irrelevant,I'm welcome!.,2025-10-13 21:10:46,2025-10-13 21:10:50,13
7824,MaddenNFL,Irrelevant,And I'm crying!.,2025-10-13 21:10:46,2025-10-13 21:10:50,16
7824,MaddenNFL,Irrelevant,I'm crazy!.,2025-10-13 21:10:46,2025-10-13 21:10:50,11
7825,MaddenNFL,Negative,Oops... I went on a  .,2025-10-13 21:10:46,2025-10-13 21:10:50,24
7825,MaddenNFL,Negative,Oops... I went for one.,2025-10-13 21:10:46,2025-10-13 21:10:50,23
7825,MaddenNFL,Negative,Oops... I went on a.,2025-10-13 21:10:46,2025-10-13 21:10:50,20
7825,MaddenNFL,Negative,Oops... I stepped on a .,2025-10-13 21:10:46,2025-10-13 21:10:50,24
7825,MaddenNFL,Negative,Oops... I immediately went on to a.,2025-10-13 21:10:46,2025-10-13 21:10:50,35
7825,MaddenNFL,Negative,Oops... I went for a.,2025-10-13 21:10:46,2025-10-13 21:10:50,21
7826,MaddenNFL,Negative,@EASPORTS_MUT @EAMaddenNFL . My 10 hours just ended in the middle of a game. I am sad. 10 hours isn't enough y'all.,2025-10-13 21:10:46,2025-10-13 21:10:50,115
7826,MaddenNFL,Negative,@ EASPORTS _ MUT @ EAMaddenNFL. My 10 hours just ended in the middle of a game. I'm sad. 10 hours is not enough.,2025-10-13 21:10:46,2025-10-13 21:10:50,112
7826,MaddenNFL,Negative,@ EASPORTS _ MUT @ EAMaddenNFL. My 10 hours just ended in the middle of a game. I am sad. 10 hours is not enough y'all.,2025-10-13 21:10:46,2025-10-13 21:10:50,119
7826,MaddenNFL,Negative,@EASPORTS_MUT @EAMaddenNFL | That 10 hours just ended in the middle of a game. I am upset. 10 hours isn't enough y'all.,2025-10-13 21:10:46,2025-10-13 21:10:50,119
7826,MaddenNFL,Negative,1 @EASPORTS_MUT @EAMaddenNFL. 7 My 10 hours just ended in the middle game of a game. Now I so am sad. 10 total hours isn't enough y'are all.,2025-10-13 21:10:46,2025-10-13 21:10:50,140
7826,MaddenNFL,Negative,playing @EASPORTS_MUT. My 10 hours just ended in empty middle for a game. me am sad. 10 hours isn't enough y'all.,2025-10-13 21:10:47,2025-10-13 21:10:50,113
7827,MaddenNFL,Negative,Inserting Katie Nolan means this probably will stink,2025-10-13 21:10:47,2025-10-13 21:10:50,52
7827,MaddenNFL,Negative,Katie Nolan's insertion means this is likely to stink,2025-10-13 21:10:47,2025-10-13 21:10:50,53
7827,MaddenNFL,Negative,Katy's inclusion means it probably stinks,2025-10-13 21:10:47,2025-10-13 21:10:50,41
7827,MaddenNFL,Negative,Inserting Katie Nolan into this probably will stink,2025-10-13 21:10:47,2025-10-13 21:10:50,51
7827,MaddenNFL,Negative,Inserting into Katie Nolan to means this probably will stink,2025-10-13 21:10:47,2025-10-13 21:10:50,60
7827,MaddenNFL,Negative,Inserting Katie Nolan Like this probably will stink,2025-10-13 21:10:47,2025-10-13 21:10:50,51
7828,MaddenNFL,Negative,This is without a doubt the worst position ratings so far.... no Minkah? No Simmons?? No Eddie Jackson??????,2025-10-13 21:10:47,2025-10-13 21:10:50,108
7828,MaddenNFL,Negative,This is without a doubt the worst placement rate ever.... no Minkah? no Simmons?? no Eddie Jackson??????,2025-10-13 21:10:47,2025-10-13 21:10:50,104
7828,MaddenNFL,Negative,This is without a doubt the worst ranking position so far.... no Minka? no Simmons?? no Eddie Jackson????,2025-10-13 21:10:47,2025-10-13 21:10:50,105
7828,MaddenNFL,Negative,This is without a doubt Mavericks worst in ratings so far.... no Minkah? No Simmons?? No Eddie Jackson??????,2025-10-13 21:10:47,2025-10-13 21:10:50,108
7828,MaddenNFL,Negative,Now This is without a doubt the worst in position ratings so... far.... no in Minkah? No Simmons?? then No Eddie in Jackson??????,2025-10-13 21:10:47,2025-10-13 21:10:50,129
7828,MaddenNFL,Negative,Tour is without a doubt the worst album ratings for far.... no Minkah? Bill Simmons?? No Eddie Jackson??????,2025-10-13 21:10:47,2025-10-13 21:10:50,108
7829,MaddenNFL,Negative,One of the MANY reasons why Madden is a sorry ass game.,2025-10-13 21:10:47,2025-10-13 21:10:50,55
7829,MaddenNFL,Negative,One of the MANY reasons Madden is a sad ass.,2025-10-13 21:10:47,2025-10-13 21:10:50,44
7829,MaddenNFL,Negative,One of the many reasons Madden is a miserable ass.,2025-10-13 21:10:47,2025-10-13 21:10:50,50
7829,MaddenNFL,Negative,One amongst the MANY reasons why Madden is a sorry ass game.,2025-10-13 21:10:47,2025-10-13 21:10:50,60
7829,MaddenNFL,Negative,One of many the MANY reasons why Madden is attempting a sorry... ass game.,2025-10-13 21:10:47,2025-10-13 21:10:50,74
7829,MaddenNFL,Negative,another of the MANY reasons why Madden became a sorry ass game.,2025-10-13 21:10:47,2025-10-13 21:10:50,63
7830,MaddenNFL,Positive,I miss when the league was live,2025-10-13 21:10:47,2025-10-13 21:10:50,31
7830,MaddenNFL,Positive,I miss when the league was live,2025-10-13 21:10:47,2025-10-13 21:10:50,31
7830,MaddenNFL,Positive,I miss when the league was on the air,2025-10-13 21:10:47,2025-10-13 21:10:50,37
7830,MaddenNFL,Positive,I miss when the league was big,2025-10-13 21:10:47,2025-10-13 21:10:50,30
7830,MaddenNFL,Positive,I would miss when the league was live,2025-10-13 21:10:47,2025-10-13 21:10:50,37
7830,MaddenNFL,Positive,I there when the league was live,2025-10-13 21:10:47,2025-10-13 21:10:50,32
7831,MaddenNFL,Negative,Damn RIP to @LarryFitzgerald I didn’t even realize he had passed away this offseason .,2025-10-13 21:10:47,2025-10-13 21:10:50,87
7831,MaddenNFL,Negative,Damn RIP to @ LarryFitzgerald I didn't even know he had passed away this offseason.,2025-10-13 21:10:47,2025-10-13 21:10:50,83
7831,MaddenNFL,Negative,Damn RIP to @ LarryFitzgerald I didn't even realize he passed away this offseason.,2025-10-13 21:10:47,2025-10-13 21:10:50,82
7831,MaddenNFL,Negative,Damn RIP to @LarryFitzgerald I never even realize he nearly passed away this offseason.,2025-10-13 21:10:47,2025-10-13 21:10:50,87
7831,MaddenNFL,Negative,Damn you RIP to get @LarryFitzgerald I didn ’ t even realize he really had passed something away this offseason.,2025-10-13 21:10:47,2025-10-13 21:10:50,112
7831,MaddenNFL,Negative,Damn RIP to @LarryFitzgerald I didn’t even realize Jeff had moved away in offseason.,2025-10-13 21:10:47,2025-10-13 21:10:50,84
7832,MaddenNFL,Negative,@EAMaddenNFL @ClintOldenburg I haven’t been able to load up the game after the update what’s up w that? Stuck on loading screen,2025-10-13 21:10:47,2025-10-13 21:10:50,129
7832,MaddenNFL,Negative,"@ EAMaddenNFL @ ClintOldenburg I wasn't able to load the game after the update, what's going on?",2025-10-13 21:10:47,2025-10-13 21:10:50,96
7832,MaddenNFL,Negative,@ EAMaddenNFL @ Clintburg I haven't been able to load up the game after the update what's up w that? Stuck on loading screen,2025-10-13 21:10:47,2025-10-13 21:10:50,124
7832,MaddenNFL,Negative,@EAMaddenNFL @ClintOldenburg people haven’t been able to load out the game after the update what’s up w that? Stuck on loading screen,2025-10-13 21:10:47,2025-10-13 21:10:50,133
7832,MaddenNFL,Negative,@EAMaddenNFL 10 @ClintOldenburg I really haven of ’ t been able to load up the game after the update And what ’ head s up w that? 1 Stuck on loading screen,2025-10-13 21:10:47,2025-10-13 21:10:50,155
7832,MaddenNFL,Negative,<unk> @EAMaddenNFL I haven’t been there to load up the game after the event what’s wrong w that? Stuck in loading screen,2025-10-13 21:10:47,2025-10-13 21:10:50,120
7833,MaddenNFL,Negative,@EAMaddenNFL what’s going on with the servers? 2 days in a row I can’t access madden.,2025-10-13 21:10:47,2025-10-13 21:10:50,85
7833,MaddenNFL,Negative,@ EAMaddenNFL what's wrong with the servers? 2 days in a row I can't access the madness.,2025-10-13 21:10:47,2025-10-13 21:10:50,88
7833,MaddenNFL,Negative,@ EAMaddenNFL what's going on with the servers? 2 days in a row I can't access madden.,2025-10-13 21:10:47,2025-10-13 21:10:50,86
7833,MaddenNFL,Negative,@EAMaddenNFL what’s going on with the firewall? 2 days in a row I can’t access logs.,2025-10-13 21:10:47,2025-10-13 21:10:50,84
7833,MaddenNFL,Negative,@EAMaddenNFL what ’ s going on with the servers? Scene 2 Three days in a row plus I still can ’ t access even madden.,2025-10-13 21:10:47,2025-10-13 21:10:50,117
7833,MaddenNFL,Negative,@EAMaddenNFL what’s going on with the heart? 5 days at a row I can’t access madden.,2025-10-13 21:10:47,2025-10-13 21:10:50,83
7834,MaddenNFL,Neutral,@EAMaddenNFL not that you will care.,2025-10-13 21:10:47,2025-10-13 21:10:50,38
7834,MaddenNFL,Neutral,@ EAMaddenNFL don't care that you don't care.,2025-10-13 21:10:47,2025-10-13 21:10:50,45
7834,MaddenNFL,Neutral,@ EAMaddenNFL is not something you care about.,2025-10-13 21:10:47,2025-10-13 21:10:50,46
7834,MaddenNFL,Neutral,@EAMaddenNFL not what you will care.,2025-10-13 21:10:47,2025-10-13 21:10:50,36
7834,MaddenNFL,Neutral,The @EAMaddenNFL seems not that you will care.,2025-10-13 21:10:47,2025-10-13 21:10:50,46
7834,MaddenNFL,Neutral,@EAMaddenNFL not that you necessarily care.,2025-10-13 21:10:47,2025-10-13 21:10:50,43
7835,MaddenNFL,Positive,bro this is FIRE,2025-10-13 21:10:47,2025-10-13 21:10:50,16
7835,MaddenNFL,Positive,bro This is FIRE,2025-10-13 21:10:47,2025-10-13 21:10:50,16
7835,MaddenNFL,Positive,bro this is FIRE,2025-10-13 21:10:47,2025-10-13 21:10:50,16
7835,MaddenNFL,Positive,bro<unk> is FIRE,2025-10-13 21:10:47,2025-10-13 21:10:50,16
7835,MaddenNFL,Positive,bro this is absolutely FIRE,2025-10-13 21:10:47,2025-10-13 21:10:50,27
7835,MaddenNFL,Positive,bro<unk> is FIRE,2025-10-13 21:10:47,2025-10-13 21:10:50,16
7836,MaddenNFL,Neutral,"Peyton Manning in 06 had that qb vision, he could see the whole field at the same time . 🤣🤣 Vick was just too nasty",2025-10-13 21:10:47,2025-10-13 21:10:50,115
7836,MaddenNFL,Neutral,"Peyton Manning in 06 had this QB vision, he could see the whole field at the same time. Vick was just too nasty.",2025-10-13 21:10:47,2025-10-13 21:10:50,112
7836,MaddenNFL,Neutral,"Pete Manning had that vision in 2006, he could see the whole field at once.",2025-10-13 21:10:47,2025-10-13 21:10:50,75
7836,MaddenNFL,Neutral,"Peyton Manning in 06 has that qb vision, he could see a whole field at the same time. 🤣🤣 Vick was just too nasty",2025-10-13 21:10:47,2025-10-13 21:10:50,112
7836,MaddenNFL,Neutral,"Peyton Manning in 06 Seconds had that qb electric vision, he could just see the whole field at roughly the same time. [UNK] Vick was looking just too nasty",2025-10-13 21:10:47,2025-10-13 21:10:50,155
7836,MaddenNFL,Neutral,"Peyton Manning in 06 had that qb factor, he could see the whole league at the same thing. <unk> Vick was just too smart",2025-10-13 21:10:47,2025-10-13 21:10:50,119
7837,MaddenNFL,Negative,@EAMaddenNFL your game is fucking trash!!!!!!! Delete it sell your license Jesus Christ it can’t be this hard to make a fucking decent football game,2025-10-13 21:10:47,2025-10-13 21:10:50,148
7837,MaddenNFL,Negative,@ EAMaddenNFL your game is damn rubbish!!!!!! Delete it sell your license Jesus Christ it can't be that hard to make a damn decent football game,2025-10-13 21:10:47,2025-10-13 21:10:50,144
7837,MaddenNFL,Negative,@ EAMaddenNFL your game is fucking trash!!!!! Delete it sell your license Jesus Christ it can't be this hard to make a fucking decent football game,2025-10-13 21:10:47,2025-10-13 21:10:50,147
7837,MaddenNFL,Negative,@EAMaddenNFL your game is fucking trash!!!!!!! Delete license sell back license Jesus Christ it can’t be this hard now make a fucking decent football game,2025-10-13 21:10:47,2025-10-13 21:10:50,154
7837,MaddenNFL,Negative,And @EAMaddenNFL your game is fucking trash!!!!!!! Delete and it sell your license then Jesus Christ it probably can still ’ t be this hard to make a really fucking full decent football game,2025-10-13 21:10:47,2025-10-13 21:10:50,190
7837,MaddenNFL,Negative,@EAMaddenNFL your game is fucking horrible Delete it sell my fucking Jesus Christ it can’t become this hard to make a fucking decent football game,2025-10-13 21:10:47,2025-10-13 21:10:50,146
7838,MaddenNFL,Neutral,I’ve owned every single @EAMaddenNFL game since,2025-10-13 21:10:47,2025-10-13 21:10:50,49
7838,MaddenNFL,Neutral,I've owned every single @ EAMaddenNFL game since,2025-10-13 21:10:47,2025-10-13 21:10:50,48
7838,MaddenNFL,Neutral,I've owned every @ EAMaddenNFL game since then,2025-10-13 21:10:47,2025-10-13 21:10:50,46
7838,MaddenNFL,Neutral,I’ve owned the single @EAMaddenNFL game since,2025-10-13 21:10:47,2025-10-13 21:10:50,45
7838,MaddenNFL,Neutral,21 I ’ ve owned every last single @EAMaddenNFL game since,2025-10-13 21:10:47,2025-10-13 21:10:50,57
7838,MaddenNFL,Neutral,I’ve owned every single @EAMaddenNFL game from,2025-10-13 21:10:47,2025-10-13 21:10:50,46
7839,MaddenNFL,Neutral,Jaire.,2025-10-13 21:10:47,2025-10-13 21:10:50,7
7839,MaddenNFL,Neutral,Jaire.,2025-10-13 21:10:47,2025-10-13 21:10:50,6
7839,MaddenNFL,Neutral,Jaire.,2025-10-13 21:10:47,2025-10-13 21:10:50,6
7839,MaddenNFL,Neutral,Jaire.,2025-10-13 21:10:47,2025-10-13 21:10:50,6
7839,MaddenNFL,Neutral,and Jaire.,2025-10-13 21:10:47,2025-10-13 21:10:50,10
7839,MaddenNFL,Neutral,said.,2025-10-13 21:10:47,2025-10-13 21:10:50,5
7840,MaddenNFL,Positive,Interesting choice to top your list with a Big Ten QB,2025-10-13 21:10:47,2025-10-13 21:10:50,53
7840,MaddenNFL,Positive,Interesting choice to top your list with a Big Ten QB,2025-10-13 21:10:47,2025-10-13 21:10:50,53
7840,MaddenNFL,Positive,Interesting choice to top your list with a Big Ten QB,2025-10-13 21:10:47,2025-10-13 21:10:50,53
7840,MaddenNFL,Positive,Interesting choice to Start your list with a Big Ten QB,2025-10-13 21:10:47,2025-10-13 21:10:50,55
7840,MaddenNFL,Positive,Interesting choice to top your AP list with a Big Ten A QB,2025-10-13 21:10:47,2025-10-13 21:10:50,58
7840,MaddenNFL,Positive,Interesting choice to open your list with a Big Ten QB,2025-10-13 21:10:47,2025-10-13 21:10:50,54
7841,MaddenNFL,Negative,Gee. I didn't realize Madden NFL needed QBs for their practice squads in the game. (And he would still suck).,2025-10-13 21:10:47,2025-10-13 21:10:50,109
7841,MaddenNFL,Negative,Gee. I didn't know Madden needed NFL QBs for their practice squads in the game. (And he would still suck).,2025-10-13 21:10:47,2025-10-13 21:10:50,106
7841,MaddenNFL,Negative,J. I didn't realize that the Madden NFL needed QBs for their practice teams in the game. (And it will still suck.),2025-10-13 21:10:47,2025-10-13 21:10:50,114
7841,MaddenNFL,Negative,Gee. I didn't realize Madden NFL needed QBs for their Fantasy squads in real game. (And he would still suck).,2025-10-13 21:10:47,2025-10-13 21:10:50,109
7841,MaddenNFL,Negative,Gee. I didn't realize Madden most NFL players needed QBs for starting their whole practice squads in the game. ( 19 And he would still... suck ).,2025-10-13 21:10:47,2025-10-13 21:10:50,145
7841,MaddenNFL,Negative,Gee. I also't realize Madden NFL needed QBs for their practice squads in their game. (And that could still suck).,2025-10-13 21:10:47,2025-10-13 21:10:50,113
7842,MaddenNFL,Positive,MY BOY KUPP FINALLY GOT HIS RESPECT,2025-10-13 21:10:47,2025-10-13 21:10:50,35
7842,MaddenNFL,Positive,MY YOUNG CUP GOT HIS RESPECT FINALLY,2025-10-13 21:10:47,2025-10-13 21:10:50,36
7842,MaddenNFL,Positive,MY BOTH CUPPLE CLOSED HIS RESPECT,2025-10-13 21:10:47,2025-10-13 21:10:50,33
7842,MaddenNFL,Positive,MY BOY KUPP Y GOT HIS RESPECT,2025-10-13 21:10:47,2025-10-13 21:10:50,29
7842,MaddenNFL,Positive,THE MY BOY KUPP TO FINALLY GOT AT HIS AN RESPECT,2025-10-13 21:10:47,2025-10-13 21:10:50,48
7842,MaddenNFL,Positive,MY BOY KUPP<unk> GOT HIS H,2025-10-13 21:10:47,2025-10-13 21:10:50,26
7843,MaddenNFL,Negative,Larry Fitzgerald not being in the top 3 on this list is an absolute travesty,2025-10-13 21:10:47,2025-10-13 21:10:50,76
7843,MaddenNFL,Negative,Not being Larry Fitzgerald in the top three on this list is an absolute travesty,2025-10-13 21:10:47,2025-10-13 21:10:50,80
7843,MaddenNFL,Negative,Larry Fitzgerald's absence from the top three is an absolute travesty,2025-10-13 21:10:47,2025-10-13 21:10:50,69
7843,MaddenNFL,Negative,Larry Fitzgerald not being in your top 3 on this list is an absolute travesty,2025-10-13 21:10:47,2025-10-13 21:10:50,77
7843,MaddenNFL,Negative,Larry Fitzgerald not being in the top number 3 on this new list is an utter absolute travesty,2025-10-13 21:10:47,2025-10-13 21:10:50,93
7843,MaddenNFL,Negative,Larry Fitzgerald not being in his top 3 under this list is an absolute travesty,2025-10-13 21:10:47,2025-10-13 21:10:50,79
7844,MaddenNFL,Irrelevant,"Loki is a great Avenger, and this bio tells of her adventure. Loki  defeat others, then she  attains thunder power, and later on she goes  to play  Madden NFL 2003",2025-10-13 21:10:47,2025-10-13 21:10:50,163
7844,MaddenNFL,Irrelevant,"Loki is a great avenger, and this biography tells of her adventure. Loki defeats others, then she gains thunder and later plays Madden in the NFL in 2003.",2025-10-13 21:10:47,2025-10-13 21:10:50,154
7844,MaddenNFL,Irrelevant,"is a great avenger, and this film tells the story of her adventures. wins over others, then she praises the power of the thunder, and later she goes to play Madden NFL 2003",2025-10-13 21:10:47,2025-10-13 21:10:50,172
7844,MaddenNFL,Irrelevant,"Loki is a great Avenger, also this bio tells of her adventure. Loki  defeat others, then she  attains thunder magic, and going on she goes  to play  Madden NFL \".",2025-10-13 21:10:47,2025-10-13 21:10:50,162
7844,MaddenNFL,Irrelevant,"Loki also is a great Earth Avenger, and this bio tells of this her adventure. Loki defeat some others, but then she attains thunder power, and later later on she finally goes to play Madden NFL 2003",2025-10-13 21:10:47,2025-10-13 21:10:50,198
7844,MaddenNFL,Irrelevant,"Loki is a non Avenger, but this bio tells of her adventure. Loki defeat others, then she attains thunder power, and later on she goes around play Football Football 2003",2025-10-13 21:10:47,2025-10-13 21:10:50,168
7845,MaddenNFL,Negative,This why I stopped playing Madden .  this shit use to get under my skin,2025-10-13 21:10:47,2025-10-13 21:10:50,71
7845,MaddenNFL,Negative,That's why I stopped playing Madden.,2025-10-13 21:10:47,2025-10-13 21:10:50,36
7845,MaddenNFL,Negative,That's why I stopped playing Madden. This crap is used to get under my skin,2025-10-13 21:10:47,2025-10-13 21:10:50,75
7845,MaddenNFL,Negative,This why I stopped playing Madden.  this shit use to sink under my skin,2025-10-13 21:10:47,2025-10-13 21:10:50,71
7845,MaddenNFL,Negative,This why when I stopped playing Madden. this shit use to me get under my very skin,2025-10-13 21:10:47,2025-10-13 21:10:50,82
7845,MaddenNFL,Negative,This why almost stopped playing Madden. this shit use still get under my skin,2025-10-13 21:10:47,2025-10-13 21:10:50,77
7846,MaddenNFL,Negative,@EAMaddenNFL why is the defense is trash ?,2025-10-13 21:10:47,2025-10-13 21:10:50,42
7846,MaddenNFL,Negative,@ EAMaddenNFL Why is the defense garbage?,2025-10-13 21:10:47,2025-10-13 21:10:50,41
7846,MaddenNFL,Negative,@ EAMaddenNFL why is defense thrash?,2025-10-13 21:10:47,2025-10-13 21:10:50,36
7846,MaddenNFL,Negative,@EAMaddenNFL why is run defense is trash?,2025-10-13 21:10:47,2025-10-13 21:10:50,41
7846,MaddenNFL,Negative,@EAMaddenNFL is why is the defense which is trash?,2025-10-13 21:10:47,2025-10-13 21:10:50,50
7846,MaddenNFL,Negative,@EAMaddenNFL why is solid defense is trash?,2025-10-13 21:10:47,2025-10-13 21:10:50,43
7847,MaddenNFL,Negative,@EAMaddenNFL dis shit do not work i want a refund,2025-10-13 21:10:47,2025-10-13 21:10:50,49
7847,MaddenNFL,Negative,@ EAMaddenNFL dis shit don't work I want a refund,2025-10-13 21:10:47,2025-10-13 21:10:50,49
7847,MaddenNFL,Negative,@ EAMaddenNFL dis shit do not work i want a refund,2025-10-13 21:10:47,2025-10-13 21:10:50,50
7847,MaddenNFL,Negative,@EAMaddenNFL dis users do not work i want a refund,2025-10-13 21:10:47,2025-10-13 21:10:50,50
7847,MaddenNFL,Negative,@EAMaddenNFL dis shit for do you not work and i want a refund,2025-10-13 21:10:47,2025-10-13 21:10:50,61
7847,MaddenNFL,Negative,@EAMaddenNFL dis shit fuck not exist i want a refund,2025-10-13 21:10:47,2025-10-13 21:10:50,52
7848,MaddenNFL,Neutral,This was crazy disrespectful. The other QBs could see the field from the locker room,2025-10-13 21:10:47,2025-10-13 21:10:50,84
7848,MaddenNFL,Neutral,"It was insanely disrespectful, and the other QBs could see the field from the locker room.",2025-10-13 21:10:47,2025-10-13 21:10:50,90
7848,MaddenNFL,Neutral,"It was a crazy disappointment, the rest of the Ks could see the pitch from the dressing room.",2025-10-13 21:10:47,2025-10-13 21:10:50,93
7848,MaddenNFL,Neutral,This was crazy disrespectful. The other QBs could see the field from the changing room,2025-10-13 21:10:47,2025-10-13 21:10:50,86
7848,MaddenNFL,Neutral,This was feeling crazy disrespectful. The other QBs could actually see the field from around the locker in room,2025-10-13 21:10:47,2025-10-13 21:10:50,111
7848,MaddenNFL,Neutral,This was obviously disrespectful. The other coaches could see the field from the locker room,2025-10-13 21:10:47,2025-10-13 21:10:50,92
7849,MaddenNFL,Positive,Gosh I wish I could play,2025-10-13 21:10:47,2025-10-13 21:10:50,26
7849,MaddenNFL,Positive,I wish I could play,2025-10-13 21:10:47,2025-10-13 21:10:50,19
7849,MaddenNFL,Positive,Gosh I wish I could play,2025-10-13 21:10:47,2025-10-13 21:10:50,24
7849,MaddenNFL,Positive,Gosh I wish Kobe could play,2025-10-13 21:10:47,2025-10-13 21:10:50,27
7849,MaddenNFL,Positive,Gosh I wish I could get play,2025-10-13 21:10:47,2025-10-13 21:10:50,28
7849,MaddenNFL,Positive,Gosh I wish I would play,2025-10-13 21:10:47,2025-10-13 21:10:50,24
7850,MaddenNFL,Negative,why is madden nfl's music this year actually kinda smack,2025-10-13 21:10:47,2025-10-13 21:10:50,56
7850,MaddenNFL,Negative,why is the music of nfl crazy this year?,2025-10-13 21:10:47,2025-10-13 21:10:50,40
7850,MaddenNFL,Negative,Why this year's madden nfl music is actually a bit of a blur,2025-10-13 21:10:47,2025-10-13 21:10:50,60
7850,MaddenNFL,Negative,why is madden nfl's season this year actually kinda smack,2025-10-13 21:10:47,2025-10-13 21:10:50,57
7850,MaddenNFL,Negative,why is madden the nfl's music competition this year actually kinda what smack,2025-10-13 21:10:47,2025-10-13 21:10:50,77
7850,MaddenNFL,Negative,why is madden nfl's music this year up so smack,2025-10-13 21:10:47,2025-10-13 21:10:50,47
7851,MaddenNFL,Negative,Has @God_Son80 and @obj been playing @EAMaddenNFL The Yard?? THAT TD WAS FILTHY!!!,2025-10-13 21:10:47,2025-10-13 21:10:50,82
7851,MaddenNFL,Negative,Did @ God _ Son80 and @ obj @ EAMaddenNFL play The Yard?? THE TD WAS FILTHY!!!,2025-10-13 21:10:47,2025-10-13 21:10:50,78
7851,MaddenNFL,Negative,Has @ God _ Son80 and @ obj been playing @ EAMaddenNFL The Yard?? THAT TD WAS FILTHY!!!,2025-10-13 21:10:47,2025-10-13 21:10:50,87
7851,MaddenNFL,Negative,Has Marty and @God_Son80 been playing @obj The Yard?? THAT TD IC FILTHY!!!,2025-10-13 21:10:47,2025-10-13 21:10:50,74
7851,MaddenNFL,Negative,... Has @God_Son80 not and has @obj only been previously playing @EAMaddenNFL The Yard?? THAT OF TD WAS FILTHY!!!,2025-10-13 21:10:47,2025-10-13 21:10:50,113
7851,MaddenNFL,Negative,Has @God_Son80 and you were playing Outside The Yard?? THAT THIS WAS FILTHY!!!,2025-10-13 21:10:47,2025-10-13 21:10:50,78
7852,MaddenNFL,Positive,I love this list,2025-10-13 21:10:47,2025-10-13 21:10:50,16
7852,MaddenNFL,Positive,I love this list,2025-10-13 21:10:47,2025-10-13 21:10:50,16
7852,MaddenNFL,Positive,I like this list,2025-10-13 21:10:47,2025-10-13 21:10:50,16
7852,MaddenNFL,Positive,I love your list,2025-10-13 21:10:47,2025-10-13 21:10:50,16
7852,MaddenNFL,Positive,God I love this list,2025-10-13 21:10:47,2025-10-13 21:10:50,20
7852,MaddenNFL,Positive,to love this list,2025-10-13 21:10:47,2025-10-13 21:10:50,17
7853,MaddenNFL,Negative,@EAMaddenNFL  You Let Me Down... All I Wanted Was The,2025-10-13 21:10:47,2025-10-13 21:10:50,55
7853,MaddenNFL,Negative,@ EAMaddenNFL you have let me down... All I wanted was the,2025-10-13 21:10:47,2025-10-13 21:10:50,58
7853,MaddenNFL,Negative,@ EAMaddenNFL You Let Me Down... All I Wanted was the,2025-10-13 21:10:47,2025-10-13 21:10:50,53
7853,MaddenNFL,Negative,@EAMaddenNFL  You Let Me Down... All I Wanted In The,2025-10-13 21:10:47,2025-10-13 21:10:50,52
7853,MaddenNFL,Negative,@EAMaddenNFL You Let All Me Down... All I Just Wanted Was Not The,2025-10-13 21:10:47,2025-10-13 21:10:50,65
7853,MaddenNFL,Negative,@EAMaddenNFL You Let Me Down... Everything I Wanted From The,2025-10-13 21:10:47,2025-10-13 21:10:50,60
7854,MaddenNFL,Negative,Y’all really just don’t give a fuck huh @EASPORTS ??? This the same exact game from the past 4 years 🤣🤣,2025-10-13 21:10:47,2025-10-13 21:10:50,103
7854,MaddenNFL,Negative,Y'all don't give a fuck huh @ EASPORTS??? The same game from the last 4 years.,2025-10-13 21:10:47,2025-10-13 21:10:50,78
7854,MaddenNFL,Negative,"And really, don't give a fuck @ EASPORTS??? This is the same exact game over the last 4 years.",2025-10-13 21:10:47,2025-10-13 21:10:50,94
7854,MaddenNFL,Negative,Y’all really DO don’t give a fuck huh @EASPORTS<unk> This the same exact game from the past 3 years 🤣🤣,2025-10-13 21:10:47,2025-10-13 21:10:50,102
7854,MaddenNFL,Negative,Y ’ all really OK just don e ’ t t give a fuck what huh @EASPORTS??? This the same exact card game from the past for 4 years [UNK],2025-10-13 21:10:47,2025-10-13 21:10:50,130
7854,MaddenNFL,Negative,Y’all totally just gonna give a fuck huh @EASPORTS??? This the the exact game from the past 35 years <unk>,2025-10-13 21:10:47,2025-10-13 21:10:50,106
7855,MaddenNFL,Negative,If @Mathieu_Era doesn’t have an xfactor ability in @EAMaddenNFL 21 just throw the whole game away stop the disrespect,2025-10-13 21:10:47,2025-10-13 21:10:50,117
7855,MaddenNFL,Negative,"If @ Mathieu _ Era doesn't have Xfactor ability in @ EAMaddenNFL 21, just throw the whole game away, stop the disrespect",2025-10-13 21:10:47,2025-10-13 21:10:50,120
7855,MaddenNFL,Negative,"If @ Maju _ Era doesn't have the ability xfactor in @ EAMaddenNF21 just throw the whole game away, stop the disrespect",2025-10-13 21:10:47,2025-10-13 21:10:50,118
7855,MaddenNFL,Negative,If @Mathieu_Era doesn’t have an xfactor inside in first 21 just throw the whole game away stop the disrespect,2025-10-13 21:10:47,2025-10-13 21:10:50,109
7855,MaddenNFL,Negative,If @Mathieu_Era doesn ’ don t have an improved xfactor ability in @EAMaddenNFL Gaming 21 you just throw the whole first game away stop the complete disrespect,2025-10-13 21:10:47,2025-10-13 21:10:50,158
7855,MaddenNFL,Negative,If who doesn’t get an amazing ability in @Mathieu_Era should just throw the whole game away stop the disrespect,2025-10-13 21:10:47,2025-10-13 21:10:50,111
7856,MaddenNFL,Negative,@EASPORTS_MUT @EAMaddenNFL @EASPORTS soooooooo this been like this for a week now I would love to switch up my abilities on defense since it’s so much bs you gotta guard in this game...🤦. ‍. 🤦. ‍. 🤦. ‍. 🤬🤬🤬 pic.twitter.com/XeMH1IGUYX,2025-10-13 21:10:47,2025-10-13 21:10:50,233
7856,MaddenNFL,Negative,@ EASPORTS _ MUT @ EAMaddenNFL @ EASPORTS soooooooo this has been going on for a week now I would like to change my skills on defense because it is so important that you have to be careful in this game....... pic.twitter.com / XeMH1IGUYX,2025-10-13 21:10:47,2025-10-13 21:10:50,237
7856,MaddenNFL,Negative,@ EASPORTS _ MUT @ EAMaddenNFL @ EASPORTS sooooo for a week now I'd like to switch my skills to defense because it means so much that you play from defense...,2025-10-13 21:10:47,2025-10-13 21:10:50,158
7856,MaddenNFL,Negative,RhandlerR RhandlerR RhandlerR soooooooo this been like this for a week now I would love to switch up my abilities on defense since it’s so much bs you gotta guard in this game...🤦. ‍. 🤦. ‍. 🤦. ‍. 🤬🤬🤬 pic.twitter.com/XeMH1IGUYX,2025-10-13 21:10:47,2025-10-13 21:10:50,226
7856,MaddenNFL,Negative,See RhandlerR RhandlerR RhandlerR soooooooo this been like this for a week now I would love to switch up my abilities on defense since it’s so much bs you gotta guard in this game...🤦. ‍. 🤦. ‍. 🤦. ‍. 🤬🤬🤬 pic.twitter.com/XeMH1IGUYX,2025-10-13 21:10:47,2025-10-13 21:10:50,230
7856,MaddenNFL,Negative,in,2025-10-13 21:10:47,2025-10-13 21:10:50,2
7857,MaddenNFL,Positive,Can't wait for @EAMaddenNFL to come out next week!! .,2025-10-13 21:10:47,2025-10-13 21:10:50,54
7857,MaddenNFL,Positive,I can't wait for @ EAMaddenNFL to appear next week!!.,2025-10-13 21:10:47,2025-10-13 21:10:50,53
7857,MaddenNFL,Positive,Can't wait for @ EAMaddenNFL to come out next week!!.,2025-10-13 21:10:47,2025-10-13 21:10:50,53
7857,MaddenNFL,Positive,Can't wait for @EAMaddenNFL to come out next week!! :),2025-10-13 21:10:47,2025-10-13 21:10:50,54
7857,MaddenNFL,Positive,I Can't wait for that @EAMaddenNFL to come out next week!!.,2025-10-13 21:10:47,2025-10-13 21:10:50,59
7857,MaddenNFL,Positive,Can't wait for @EAMaddenNFL and come out last week!!.,2025-10-13 21:10:47,2025-10-13 21:10:50,53
7858,MaddenNFL,Positive,The sweetest of sweet threads.,2025-10-13 21:10:47,2025-10-13 21:10:50,30
7858,MaddenNFL,Positive,The sweetest of all sweet threads.,2025-10-13 21:10:47,2025-10-13 21:10:50,34
7858,MaddenNFL,Positive,The sweetest of sweet threads.,2025-10-13 21:10:47,2025-10-13 21:10:50,30
7858,MaddenNFL,Positive,The sweetest of two threads.,2025-10-13 21:10:47,2025-10-13 21:10:50,28
7858,MaddenNFL,Positive,The precious sweetest of sweet threads.,2025-10-13 21:10:47,2025-10-13 21:10:50,39
7858,MaddenNFL,Positive,The sweetest of love threads.,2025-10-13 21:10:47,2025-10-13 21:10:50,29
7859,MaddenNFL,Negative,What the fuck is this shit??  @EAMaddenNFL pic.twitter.com/HRHwq4QTux,2025-10-13 21:10:47,2025-10-13 21:10:50,69
7859,MaddenNFL,Negative,What the hell is this shit?? @ EAMaddenNFL pic.twitter.com / HRHwq4QTux,2025-10-13 21:10:47,2025-10-13 21:10:50,71
7859,MaddenNFL,Negative,What the fuck is this shit?? @ EAMaddenNFL pic.fm /??????????????????????????????????????????????????????????????????????????????????????????????????????????????????????????????????????????????????????????????????,2025-10-13 21:10:47,2025-10-13 21:10:50,213
7859,MaddenNFL,Negative,What the fuck is this shit??  RhandlerR pic.twitter.com/HRHwq4QTux,2025-10-13 21:10:47,2025-10-13 21:10:50,66
7859,MaddenNFL,Negative,the What the fuck is this shit??  RhandlerR pic.twitter.com/HRHwq4QTux,2025-10-13 21:10:47,2025-10-13 21:10:50,70
7859,MaddenNFL,Negative,in,2025-10-13 21:10:47,2025-10-13 21:10:50,2
7860,MaddenNFL,Positive,this was the best tweet of all time. period.,2025-10-13 21:10:47,2025-10-13 21:10:50,44
7860,MaddenNFL,Positive,It was the best tweet ever.,2025-10-13 21:10:47,2025-10-13 21:10:50,27
7860,MaddenNFL,Positive,It was the best tweet of all time.,2025-10-13 21:10:47,2025-10-13 21:10:50,34
7860,MaddenNFL,Positive,this was the best tweet of some time. period.,2025-10-13 21:10:47,2025-10-13 21:10:50,45
7860,MaddenNFL,Positive,this had was the best tweet ever of all time. period.,2025-10-13 21:10:47,2025-10-13 21:10:50,53
7860,MaddenNFL,Positive,post was the best tweet of all time. period.,2025-10-13 21:10:47,2025-10-13 21:10:50,44
7861,MaddenNFL,Neutral,nan,2025-10-13 21:10:47,2025-10-13 21:10:50,3
7861,MaddenNFL,Neutral,It is not the first time that the EU Commission has taken such a step.,2025-10-13 21:10:47,2025-10-13 21:10:50,70
7861,MaddenNFL,Neutral,"At the same time, despite the fact that there are currently some 100 million people living below the poverty line, most of them do not have access to health services and do not have access to health care, while most of them do not have access to health care.",2025-10-13 21:10:47,2025-10-13 21:10:50,258
7861,MaddenNFL,Neutral,nan,2025-10-13 21:10:47,2025-10-13 21:10:50,3
7861,MaddenNFL,Neutral,nan,2025-10-13 21:10:47,2025-10-13 21:10:50,3
7861,MaddenNFL,Neutral,nan,2025-10-13 21:10:47,2025-10-13 21:10:50,3
7862,MaddenNFL,Negative,Not mine!,2025-10-13 21:10:47,2025-10-13 21:10:50,9
7862,MaddenNFL,Negative,Not mine!,2025-10-13 21:10:47,2025-10-13 21:10:50,9
7862,MaddenNFL,Negative,Not mine!,2025-10-13 21:10:47,2025-10-13 21:10:50,9
7862,MaddenNFL,Negative,Not yet!,2025-10-13 21:10:47,2025-10-13 21:10:50,8
7862,MaddenNFL,Negative,Not really mine!,2025-10-13 21:10:47,2025-10-13 21:10:50,16
7862,MaddenNFL,Negative,Not To!,2025-10-13 21:10:47,2025-10-13 21:10:50,7
7863,MaddenNFL,Negative,The sad truth about madden youtu.be/mxR-YbJx2cs via @YouTube,2025-10-13 21:10:47,2025-10-13 21:10:50,62
7863,MaddenNFL,Negative,The sad truth about crazy youtu.be / mxR-YbJx2cs via @ YouTube,2025-10-13 21:10:47,2025-10-13 21:10:50,62
7863,MaddenNFL,Negative,The sad truth about madden youtu.be / mxR-YbJx2D via @ YouTube,2025-10-13 21:10:47,2025-10-13 21:10:50,62
7863,MaddenNFL,Negative,The sad truth about evolution youtu.be/mxR-YbJx2cs via Getty,2025-10-13 21:10:47,2025-10-13 21:10:50,60
7863,MaddenNFL,Negative,... The new sad ugly truth about it madden youtu. be / are mxR - YbJx2cs via @YouTube,2025-10-13 21:10:47,2025-10-13 21:10:50,85
7863,MaddenNFL,Negative,most sad truth has madden the.be/mxR-YbJx2cs via a,2025-10-13 21:10:47,2025-10-13 21:10:50,50
7864,MaddenNFL,Positive,@EAMaddenNFL the movement is incredible .,2025-10-13 21:10:47,2025-10-13 21:10:50,42
7864,MaddenNFL,Positive,@ EAMaddenNFL the movement is incredible.,2025-10-13 21:10:47,2025-10-13 21:10:50,41
7864,MaddenNFL,Positive,@ EAMaddenNFL movement is incredible.,2025-10-13 21:10:47,2025-10-13 21:10:50,37
7864,MaddenNFL,Positive,@EAMaddenNFL the movement is incredible …,2025-10-13 21:10:47,2025-10-13 21:10:50,41
7864,MaddenNFL,Positive,@EAMaddenNFL the violin movement is incredible.,2025-10-13 21:10:47,2025-10-13 21:10:50,47
7864,MaddenNFL,Positive,@EAMaddenNFL the following is incredible.,2025-10-13 21:10:47,2025-10-13 21:10:50,41
7865,MaddenNFL,Neutral,Madden NFL 20 - PlayStation 4 PS4 Great offer $39.95 ebay.to/39Mum0Q,2025-10-13 21:10:47,2025-10-13 21:10:50,68
7865,MaddenNFL,Neutral,Madden NFL 20 - PlayStation 4 PS4 Great offer $39.95 ebay.to / 39Mum0Q,2025-10-13 21:10:47,2025-10-13 21:10:50,70
7865,MaddenNFL,Neutral,Madden NFL 20 - PlayStation 4 PS4 Great Offer $39.95 ebay.to / 39Mum0Q,2025-10-13 21:10:47,2025-10-13 21:10:50,70
7865,MaddenNFL,Neutral,Madden NFL 20 - PlayStation 4 Experience Great offer 19.95 ebay.to/39Mum0Q,2025-10-13 21:10:47,2025-10-13 21:10:50,74
7865,MaddenNFL,Neutral,Matt Madden Atlanta NFL season 20 - PlayStation 4 PS4 game Great offer $ 39. 95 ebay. to / month 39Mum0Q,2025-10-13 21:10:47,2025-10-13 21:10:50,104
7865,MaddenNFL,Neutral,Madden NFL 10 - PlayStation 4 9 Great offer on.95 ebay.to/39Mum0Q,2025-10-13 21:10:47,2025-10-13 21:10:50,65
7866,MaddenNFL,Negative,@EAMaddenNFL how do you manage to make a game so bad,2025-10-13 21:10:47,2025-10-13 21:10:50,52
7866,MaddenNFL,Negative,@ EAMaddenNFL How do you make a game so bad?,2025-10-13 21:10:47,2025-10-13 21:10:50,44
7866,MaddenNFL,Negative,@ EAMaddenNFL how do you manage to make a game so bad,2025-10-13 21:10:47,2025-10-13 21:10:50,53
7866,MaddenNFL,Negative,@EAMaddenNFL how do you manage to make a podcast so bad,2025-10-13 21:10:47,2025-10-13 21:10:50,55
7866,MaddenNFL,Negative,@EAMaddenNFL how do you guys manage to make it a game so bad,2025-10-13 21:10:47,2025-10-13 21:10:50,60
7866,MaddenNFL,Negative,@EAMaddenNFL how do you manage and make a game so hard,2025-10-13 21:10:47,2025-10-13 21:10:50,54
7867,MaddenNFL,Neutral,Madden NFL 21 Was August’s Best-Selling Digital PS4 Game anothernews.net/2020/09/11/mad…,2025-10-13 21:10:47,2025-10-13 21:10:50,88
7867,MaddenNFL,Neutral,Madden NFL 21 was the best-selling digital PS4 game in August anothernews.net / 2020 / 09 / 11 / mad...,2025-10-13 21:10:47,2025-10-13 21:10:50,103
7867,MaddenNFL,Neutral,Madden NFL 21 became the best-selling digital game of August according to thernews.net / 2020 / 09 / 11 / mad...,2025-10-13 21:10:47,2025-10-13 21:10:50,112
7867,MaddenNFL,Neutral,Madden Season 21 Was August’s Best-Selling in PS4 Game Pro.net/2020/09/11/mad…,2025-10-13 21:10:47,2025-10-13 21:10:50,78
7867,MaddenNFL,Neutral,2009 Madden NFL 21 Was August ’ ′ s Best - Selling Super Digital PS4 in Game anothernews. net / 2020 / 09 / 01 11 / 00 mad …,2025-10-13 21:10:47,2025-10-13 21:10:50,124
7867,MaddenNFL,Neutral,When NFL 21 Was August’s Hot-Selling Sports PS4 Game by.net/2020/09/11/mad...,2025-10-13 21:10:47,2025-10-13 21:10:50,77
7868,MaddenNFL,Negative,"@EASPORTS @EAMaddenNFL Let me clarify things. When I tweet you, I'm referring to the few entitled crazies that are lording over their own workers but can't get a male/female husband/wife. The ones with no kids motherfukkers because noone is crazy enough to breed with them",2025-10-13 21:10:47,2025-10-13 21:10:50,272
7868,MaddenNFL,Negative,"@ EASPORTS @ EAMaddenNFL Let me be clear. When I tweet you, I am referring to the few entitled lunatics who rule over their own workers but cannot get a husband / wife. Those who do not have children are motherfuckers because no one is crazy enough to breed with them.",2025-10-13 21:10:47,2025-10-13 21:10:50,268
7868,MaddenNFL,Negative,"@ EASPORTS @ EAMaddenNFL Let me be clear. When I tweet you, I mean a few crazy people who can't find a husband / wife.",2025-10-13 21:10:47,2025-10-13 21:10:50,118
7868,MaddenNFL,Negative,"@EASPORTS @EAMaddenNFL Let me define things. When I tweet racism, I'm referring to the few entitled crazies what are lording over their sex workers but can't get a black/female husband/wife. The ones with no kids motherfukkers because noone is crazy enough to breed with them",2025-10-13 21:10:47,2025-10-13 21:10:50,275
7868,MaddenNFL,Negative,"@EASPORTS @EAMaddenNFL Let me me please clarify things. When I tweet you, I'm referring to the select few entitled female crazies that are lording over all their back own workers but can't even get a double male / female husband / wife. 1 The ones with no kids motherfukkers because one noone is crazy enough to breed with them",2025-10-13 21:10:47,2025-10-13 21:10:50,327
7868,MaddenNFL,Negative,"<unk> @EASPORTS Let me clarify again. When I tweet you, I'm referring to the filthy entitled crazies whom love lording over their own workers but can't get an male/female husband/wife. The ones having no no motherfukkers because noone is nice enough to breed over them",2025-10-13 21:10:47,2025-10-13 21:10:50,268
7869,MaddenNFL,Negative,I won’t believe it til i see it ..,2025-10-13 21:10:47,2025-10-13 21:10:50,36
7869,MaddenNFL,Negative,I won't believe it until I see it.,2025-10-13 21:10:47,2025-10-13 21:10:50,34
7869,MaddenNFL,Negative,I won't believe it til i see it.,2025-10-13 21:10:47,2025-10-13 21:10:50,32
7869,MaddenNFL,Negative,I won’t believe tha til i see it..,2025-10-13 21:10:47,2025-10-13 21:10:50,34
7869,MaddenNFL,Negative,I won would ’ t believe it til soon i see it..,2025-10-13 21:10:47,2025-10-13 21:10:50,46
7869,MaddenNFL,Negative,it won’t believe it til i see one..,2025-10-13 21:10:47,2025-10-13 21:10:50,35
7870,MaddenNFL,Negative,Disrespectful asl for not even putting Larry in the Top 10. Madden dumb as hell,2025-10-13 21:10:47,2025-10-13 21:10:50,79
7870,MaddenNFL,Negative,Irreverent because Larry didn't even make the top 10. Madden stupid as hell,2025-10-13 21:10:47,2025-10-13 21:10:50,75
7870,MaddenNFL,Negative,It's a shame Larry didn't even make the Top 10. Crazy stupid as hell,2025-10-13 21:10:47,2025-10-13 21:10:50,68
7870,MaddenNFL,Negative,Disrespectful asl for not even putting Larry in the Top Four. Madden dumb as hell,2025-10-13 21:10:47,2025-10-13 21:10:50,81
7870,MaddenNFL,Negative,Disrespectful asl guy for basically not ever even putting Larry in the Top 10. Madden dumb as freaking hell,2025-10-13 21:10:47,2025-10-13 21:10:50,107
7870,MaddenNFL,Negative,Disrespectful asl for for even putting Larry in the Top 10. Madden dumb as<unk>,2025-10-13 21:10:47,2025-10-13 21:10:50,79
7871,MaddenNFL,Negative,The menu speed this year is atrocious. @EAMaddenNFL,2025-10-13 21:10:47,2025-10-13 21:10:50,51
7871,MaddenNFL,Negative,The speed this year is horrendous. @ EAMaddenNFL,2025-10-13 21:10:47,2025-10-13 21:10:50,48
7871,MaddenNFL,Negative,Menu speed this year atrophied. @ EAMaddenNFL,2025-10-13 21:10:47,2025-10-13 21:10:50,45
7871,MaddenNFL,Negative,The menu committee this year is atrocious. @EAMaddenNFL,2025-10-13 21:10:47,2025-10-13 21:10:50,55
7871,MaddenNFL,Negative,The monthly menu speed this calendar year is atrocious. @EAMaddenNFL,2025-10-13 21:10:47,2025-10-13 21:10:50,68
7871,MaddenNFL,Negative,and menu speed of year is atrocious. @EAMaddenNFL,2025-10-13 21:10:47,2025-10-13 21:10:50,49
7872,MaddenNFL,Negative,"@EASPORTS @EAMaddenNFL your product is a fucking joke, Animation cheese galore, it’s like none of you fucking retards actually played football. Literally can’t wait till 2k puts you fucking idiots out of business. Do something usual for a change and bring back NCAA. Fucking dumb!",2025-10-13 21:10:47,2025-10-13 21:10:50,280
7872,MaddenNFL,Negative,"@ EASPORTS @ EAMaddenNFL Your product is a damn joke, animated cheese galore, it's as if none of you damn detractors actually played football. You literally can't wait for 2k to throw you damn morons out of business. Do something normal and bring NCAA back. Damn stupid!",2025-10-13 21:10:47,2025-10-13 21:10:50,270
7872,MaddenNFL,Negative,"@ EASPORTS @ EAMaddenNFL your product is a fucking joke, animated cheese, it's like none of you fucking retards have actually played football. Literally can't wait 2k till you fucking idiots out of business.",2025-10-13 21:10:47,2025-10-13 21:10:50,207
7872,MaddenNFL,Negative,"@EASPORTS @EAMaddenNFL your product became a fucking joke, string cheese galore, it’s like none of you fucking retards actually played poker. Literally … wait till 2k kicks you fucking idiots out of business. Do something right for a change and bring back NCAA. Fucking dumb!",2025-10-13 21:10:47,2025-10-13 21:10:50,275
7872,MaddenNFL,Negative,"@EASPORTS no @EAMaddenNFL your product is just a fucking joke, like Animation cheese galore, so it ’ s like none one of you fucking retards actually played football.... Literally can ’ t wait till 2k puts you fucking idiots on out of this business. Do break something usual for a change here and bring back NCAA. Fucking dumb!",2025-10-13 21:10:47,2025-10-13 21:10:50,326
7872,MaddenNFL,Negative,"@EASPORTS @EAMaddenNFL your product is a huge joke, Animation cheese galore, and like none of you fucking retards kids played school. You can’t wait till 2k of you fucking idiots out of business. Do something this time a change to bring out NCAA. Fucking dumb!",2025-10-13 21:10:47,2025-10-13 21:10:50,260
7873,MaddenNFL,Negative,"@EAMaddenNFL question how a 91ovr team supposed to compete with 99ovr over and over again, can't even get a decent match up you guys can do so much good with your game but would rather us get frustrated and quit, because not everyone can afford to buy packs after paying $60",2025-10-13 21:10:47,2025-10-13 21:10:50,274
7873,MaddenNFL,Negative,"@ EAMaddenNFL Ask how a 91ovr team that is supposed to compete with 99ovr over and over again can't even get a decent match until you guys can do so much good with your game, but would rather we get frustrated and quit, because not everyone can afford to buy packs after paying $60",2025-10-13 21:10:47,2025-10-13 21:10:50,281
7873,MaddenNFL,Negative,"@ EAMaddenNFL question how team 91ovr should compete with 99ovr again and again, can't even get a decent match up you guys can do so much good with your game, but rather we'll be disappointed and leave because not everyone can afford to buy packages by paying $60",2025-10-13 21:10:47,2025-10-13 21:10:50,263
7873,MaddenNFL,Negative,"@EAMaddenNFL question because a 91ovr it supposed to compete with 99ovr over and over again, can't even get a decent recap how you guys can do so darn good with your game but would rather us get spoiled and quit, because not everyone can afford to buy packs after paying $60",2025-10-13 21:10:47,2025-10-13 21:10:50,274
7873,MaddenNFL,Negative,"@EAMaddenNFL question it how a 91ovr team supposed to compete only with 99ovr over and over again, it can't even have get a decent match up around you guys and can do so much too good with your game but would rather us get frustrated and quit, because actually not everyone can afford to buy packs sold after paying $ 100 60",2025-10-13 21:10:47,2025-10-13 21:10:50,324
7873,MaddenNFL,Negative,"@EAMaddenNFL question how a 91ovr team supposed to compete after yourself time and over again, can't even get anything decent match up you guys can do fucking fucking good with your pack but would rather us get frustrated you quit, cause not everyone can afford to buy packs after paying $60",2025-10-13 21:10:47,2025-10-13 21:10:50,291
7874,MaddenNFL,Positive,Finna go watch this bum,2025-10-13 21:10:47,2025-10-13 21:10:50,23
7874,MaddenNFL,Positive,Finna look at that butt,2025-10-13 21:10:47,2025-10-13 21:10:50,23
7874,MaddenNFL,Positive,Go watch that ass,2025-10-13 21:10:47,2025-10-13 21:10:50,17
7874,MaddenNFL,Positive,Finna says watch this bum,2025-10-13 21:10:47,2025-10-13 21:10:50,25
7874,MaddenNFL,Positive,Finna go watch us this bum,2025-10-13 21:10:47,2025-10-13 21:10:50,26
7874,MaddenNFL,Positive,Finna go watch this comedy,2025-10-13 21:10:47,2025-10-13 21:10:50,26
7875,MaddenNFL,Negative,@EAMaddenNFL just got stuck on a loading screen in premium draft. Gave me an L and I’m out 15k coins+ depending on how far I could have gotten,2025-10-13 21:10:47,2025-10-13 21:10:50,142
7875,MaddenNFL,Negative,@ EAMaddenNFL just got stuck on a charging screen in Premium Draft. Gived me an L and I'm off 15k coins + depending on how far I could have come,2025-10-13 21:10:47,2025-10-13 21:10:50,144
7875,MaddenNFL,Negative,@ EAMaddenNFL just got stuck on the boot screen in the premium draft.,2025-10-13 21:10:47,2025-10-13 21:10:50,69
7875,MaddenNFL,Negative,@EAMaddenNFL UN became stuck on a loading screen at premium draft. Gave me an L and I’m out 15k coins+ depending on how far I could have gotten,2025-10-13 21:10:47,2025-10-13 21:10:50,143
7875,MaddenNFL,Negative,@EAMaddenNFL just got me stuck on using a simple loading screen screen even in premium draft. Gave me an L and I ’ m tapped out 15k coins + depending somehow on how far I could have gotten,2025-10-13 21:10:47,2025-10-13 21:10:50,188
7875,MaddenNFL,Negative,@EAMaddenNFL just stuck stuck on a loading screen in a draft. Get me a X and I’m out 15k coins+ depending on how far I could have gotten,2025-10-13 21:10:47,2025-10-13 21:10:50,136
7876,MaddenNFL,Negative,DOG! Wtf is Vick doing?,2025-10-13 21:10:47,2025-10-13 21:10:50,23
7876,MaddenNFL,Negative,DOG! Wtf is Vick?,2025-10-13 21:10:47,2025-10-13 21:10:50,17
7876,MaddenNFL,Negative,DOG! Wtf is Vick doing?,2025-10-13 21:10:47,2025-10-13 21:10:50,23
7876,MaddenNFL,Negative,DOG! Wtf Chris Vick doing?,2025-10-13 21:10:47,2025-10-13 21:10:50,26
7876,MaddenNFL,Negative,Double DOG! Wtf think is Vick doing?,2025-10-13 21:10:47,2025-10-13 21:10:50,36
7876,MaddenNFL,Negative,D! Wtf is Vick doing?,2025-10-13 21:10:47,2025-10-13 21:10:50,21
7877,MaddenNFL,Neutral,Either the CPU on Madden is trash on All-Madden difficulty or I'm just too good...hopefully @EAMaddenNFL 21 would give me more of a challenge,2025-10-13 21:10:47,2025-10-13 21:10:50,143
7877,MaddenNFL,Neutral,"Either the CPU on Madden is garbage on All-Madden difficulty, or I'm just too good... hopefully @ EAMaddenNFL 21 would offer me a bigger challenge",2025-10-13 21:10:47,2025-10-13 21:10:50,146
7877,MaddenNFL,Neutral,Either the CPU on Madden is trash on All-Madden difficulty or I'm just too good... hope @ EAMaddenNF21 would give me more of a challenge,2025-10-13 21:10:47,2025-10-13 21:10:50,136
7877,MaddenNFL,Neutral,Either the CPU up top is trash on All-Madden difficulty or I'm just too good...hopefully @EAMaddenNFL 21 would give me half of a challenge,2025-10-13 21:10:47,2025-10-13 21:10:50,138
7877,MaddenNFL,Neutral,Either that the CPU choice on Madden is trash on All - Madden Player difficulty levels or I'm just too good... hopefully @EAMaddenNFL 21 would not give me much more of being a challenge,2025-10-13 21:10:47,2025-10-13 21:10:50,185
7877,MaddenNFL,Neutral,Either the CPU on Madden is always on All-Madden difficulty or I'm really fucking good...hopefully @EAMaddenNFL 21 would give me hell of a pass,2025-10-13 21:10:47,2025-10-13 21:10:50,143
7878,MaddenNFL,Negative,@EAMaddenNFL @Equipment_Guru  @ClintOldenburg YOOO I THOUGHT YALL FIXED THIS BS  @camdasilva @RamsNFL @Chargers  @ShutdownSafety,2025-10-13 21:10:47,2025-10-13 21:10:50,131
7878,MaddenNFL,Negative,@ EAMaddenNFL @ Equipment _ Guru @ ClintOldenburg YOOO I THOGHT YALL FIXED THIS BS @ camdasilva @ RamsNFL @ Chargers @ ShutdownSafety,2025-10-13 21:10:47,2025-10-13 21:10:50,133
7878,MaddenNFL,Negative,@ EAMaddenNFL @ Equipment _ Guru @ Clintburg YOOO I THOUGHT YALL FIXED THIS @ camdasilva @ RamsNFL @ Chargers @ ShutdownSafety,2025-10-13 21:10:47,2025-10-13 21:10:50,126
7878,MaddenNFL,Negative,"@EAMaddenNFL @Equipment_Guru  @ClintOldenburg YOOO I THOUGHT YALL FIXED THIS BS  @camdasilva \" Me  Me",2025-10-13 21:10:47,2025-10-13 21:10:50,101
7878,MaddenNFL,Negative,AN @EAMaddenNFL SA @Equipment_Guru N @ClintOldenburg W YOOO NO I THOUGHT YALL YOU FIXED THIS ON BS @camdasilva @RamsNFL N @Chargers NE @ShutdownSafety,2025-10-13 21:10:47,2025-10-13 21:10:50,150
7878,MaddenNFL,Negative,@EAMaddenNFL Y @Equipment_Guru YOOO I THOUGHT LA FIXED my BS @ClintOldenburg what CAN YOU,2025-10-13 21:10:47,2025-10-13 21:10:50,89
7879,MaddenNFL,Irrelevant,Love starting my day on twitter getting blessed by this Demon .,2025-10-13 21:10:47,2025-10-13 21:10:50,64
7879,MaddenNFL,Irrelevant,I love starting my day on Twitter and being blessed by this demon.,2025-10-13 21:10:47,2025-10-13 21:10:50,66
7879,MaddenNFL,Irrelevant,I like to start my day by bleaching myself with this Demon.,2025-10-13 21:10:47,2025-10-13 21:10:50,59
7879,MaddenNFL,Irrelevant,Love starting my career on twitter getting blessed by this Demon.,2025-10-13 21:10:47,2025-10-13 21:10:50,65
7879,MaddenNFL,Irrelevant,Love starting my day on twitter getting blessed upon by this crazy Demon.,2025-10-13 21:10:47,2025-10-13 21:10:50,73
7879,MaddenNFL,Irrelevant,Love starting my day through twitter getting blessed by this Demon.,2025-10-13 21:10:47,2025-10-13 21:10:50,67
7880,MaddenNFL,Negative,How is it the year of 2020 and they still can’t make dreads look realistic .,2025-10-13 21:10:47,2025-10-13 21:10:50,77
7880,MaddenNFL,Negative,"What is 2020 like, and they still can't make any fears seem realistic.",2025-10-13 21:10:47,2025-10-13 21:10:50,70
7880,MaddenNFL,Negative,"As it is 2020, and they still can't make the horrors look realistic.",2025-10-13 21:10:47,2025-10-13 21:10:50,68
7880,MaddenNFL,Negative,How<unk> it the year of 2020 and they still can’t make dreads look realistic???,2025-10-13 21:10:47,2025-10-13 21:10:50,79
7880,MaddenNFL,Negative,How is they it the full year of 2020 and they still can ’ go t make dreads look realistic.,2025-10-13 21:10:47,2025-10-13 21:10:50,90
7880,MaddenNFL,Negative,minute is it the year of 2020 and yet still can’t make it look realistic.,2025-10-13 21:10:47,2025-10-13 21:10:50,73
7881,MaddenNFL,Negative,@EAMaddenNFL is the biggest bullshit I’ve ever seen. The game physics don’t make sense. Game is absolute fucking dog shit. Fix it.,2025-10-13 21:10:47,2025-10-13 21:10:50,130
7881,MaddenNFL,Negative,@ EAMaddenNFL is the biggest bullshit I've ever seen. Game physics doesn't make sense. The game is absolute bullshit.,2025-10-13 21:10:47,2025-10-13 21:10:50,117
7881,MaddenNFL,Negative,@ EAMaddenNFL is the biggest crap I've ever seen.,2025-10-13 21:10:47,2025-10-13 21:10:50,49
7881,MaddenNFL,Negative,@EAMaddenNFL has the biggest mistake I’ve ever seen. The game physics don’t make sense. Game is absolute bad dog shit. Fix it.,2025-10-13 21:10:47,2025-10-13 21:10:50,126
7881,MaddenNFL,Negative,@EAMaddenNFL is the biggest bullshit I ’ ve really ever seen. The idea game physics don tell ’ t make sense. Game reality is absolute fucking dog dog shit. Fix it.,2025-10-13 21:10:47,2025-10-13 21:10:50,163
7881,MaddenNFL,Negative,<unk> is the biggest bullshit I’ve ever met. The game physics don’t make sense. Game with absolute fucking dog fighting. Fix that.,2025-10-13 21:10:47,2025-10-13 21:10:50,130
7882,MaddenNFL,Positive,@EAMaddenNFL 22 looks good,2025-10-13 21:10:47,2025-10-13 21:10:50,26
7882,MaddenNFL,Positive,@ EAMaddenNFL 22 looks good,2025-10-13 21:10:47,2025-10-13 21:10:50,27
7882,MaddenNFL,Positive,@ EAMaddenNFL 22 looks good,2025-10-13 21:10:47,2025-10-13 21:10:50,27
7882,MaddenNFL,Positive,@EAMaddenNFL now looks good,2025-10-13 21:10:47,2025-10-13 21:10:50,27
7882,MaddenNFL,Positive,@EAMaddenNFL 22 still looks good,2025-10-13 21:10:47,2025-10-13 21:10:50,32
7882,MaddenNFL,Positive,@EAMaddenNFL 22 so good,2025-10-13 21:10:47,2025-10-13 21:10:50,23
7883,MaddenNFL,Irrelevant,That Rug .,2025-10-13 21:10:47,2025-10-13 21:10:50,11
7883,MaddenNFL,Irrelevant,This carpet.,2025-10-13 21:10:47,2025-10-13 21:10:50,12
7883,MaddenNFL,Irrelevant,That rug.,2025-10-13 21:10:47,2025-10-13 21:10:50,9
7883,MaddenNFL,Irrelevant,That<unk>.,2025-10-13 21:10:47,2025-10-13 21:10:50,10
7883,MaddenNFL,Irrelevant,Kill That Rug.,2025-10-13 21:10:47,2025-10-13 21:10:50,14
7883,MaddenNFL,Irrelevant,the Rug.,2025-10-13 21:10:47,2025-10-13 21:10:50,8
7884,MaddenNFL,Negative,So this is where all your funding for Franchise is going?  Into a lesser NFL Street that’ll never be NFL Street?  Still not buying your shitty ass game,2025-10-13 21:10:47,2025-10-13 21:10:50,153
7884,MaddenNFL,Negative,So that's where all your money goes for franchises? To a smaller NFL Street that will never be an NFL Street? Still not buying your crappy ass game,2025-10-13 21:10:47,2025-10-13 21:10:50,147
7884,MaddenNFL,Negative,So where is all your funding going for the franchise? In a smaller NFL Street that will never be an NFL Street? Still not buying your crap ass game.,2025-10-13 21:10:47,2025-10-13 21:10:50,148
7884,MaddenNFL,Negative,So this place where all the funding for Franchise is going?  Into a fantasy NFL Street that’ll never be NFL Street?  Still not buying your shitty ass game,2025-10-13 21:10:47,2025-10-13 21:10:50,154
7884,MaddenNFL,Negative,So this is about where all your funding for Franchise Products is going? What Into a lesser NFL Street that ’ ll really never wanna be the NFL Street? Still not exactly buying your shitty ass game,2025-10-13 21:10:47,2025-10-13 21:10:50,196
7884,MaddenNFL,Negative,So this is where all your funding for Franchise is diverted? Into a lesser NFL Street that’ll never be mentioned anyway? Still even buying one shitty ass game,2025-10-13 21:10:47,2025-10-13 21:10:50,158
7885,MaddenNFL,Negative,@EAMaddenNFL so tonight had multiple dy syncs and connection errors fix ur servers,2025-10-13 21:10:47,2025-10-13 21:10:50,82
7885,MaddenNFL,Negative,@ EAMaddenNFL so tonight had to fix multiple dy syncs and connection errors ur server,2025-10-13 21:10:47,2025-10-13 21:10:50,85
7885,MaddenNFL,Negative,@ EAMaddenNFL so tonight there were some synchronization and connectivity errors fix the servers,2025-10-13 21:10:47,2025-10-13 21:10:50,96
7885,MaddenNFL,Negative,@EAMaddenNFL so tonight had multiple dy syncs and the errors fix ur servers,2025-10-13 21:10:47,2025-10-13 21:10:50,75
7885,MaddenNFL,Negative,@EAMaddenNFL is so tonight had multiple user dy syncs and two connection errors fix ur The servers,2025-10-13 21:10:47,2025-10-13 21:10:50,98
7885,MaddenNFL,Negative,@EAMaddenNFL so tonight had mixed dy syncs and connection thru fix ur servers,2025-10-13 21:10:47,2025-10-13 21:10:50,77
7886,MaddenNFL,Positive,You're a damn beast so it doesn't matter,2025-10-13 21:10:47,2025-10-13 21:10:50,40
7886,MaddenNFL,Positive,"You're a fucking beast, so it doesn't matter",2025-10-13 21:10:47,2025-10-13 21:10:50,44
7886,MaddenNFL,Positive,You're the devil so it doesn't matter,2025-10-13 21:10:47,2025-10-13 21:10:50,37
7886,MaddenNFL,Positive,You're a damn beast so it<unk> matter,2025-10-13 21:10:47,2025-10-13 21:10:50,37
7886,MaddenNFL,Positive,You're a damn fine beast man so it doesn't matter,2025-10-13 21:10:47,2025-10-13 21:10:50,49
7886,MaddenNFL,Positive,You're that damn beast so it doesn't matter,2025-10-13 21:10:47,2025-10-13 21:10:50,43
7887,MaddenNFL,Positive,@EAMaddenNFL  sooo long dreads don’t exist anymore on the game 🤔🤔🤔🤔,2025-10-13 21:10:47,2025-10-13 21:10:50,67
7887,MaddenNFL,Positive,@ EAMaddenNFL sooo long dreads don't exist in the game anymore.,2025-10-13 21:10:47,2025-10-13 21:10:50,63
7887,MaddenNFL,Positive,@ EAMaddenNFL sooo long dreams no more exist on the game.,2025-10-13 21:10:47,2025-10-13 21:10:50,57
7887,MaddenNFL,Positive,@EAMaddenNFL  sooo long brackets don’t exist everywhere on the net 🤔🤔🤔🤔,2025-10-13 21:10:47,2025-10-13 21:10:50,71
7887,MaddenNFL,Positive,The @EAMaddenNFL sooo long dreads things don don ’ t exist anymore on the game [UNK],2025-10-13 21:10:47,2025-10-13 21:10:50,84
7887,MaddenNFL,Positive,that sooo long dreads don’t exist anymore in the game <unk>,2025-10-13 21:10:47,2025-10-13 21:10:50,59
7888,MaddenNFL,Neutral,@EAMaddenNFL  when yall gon give @AB84 his 99 or at least a 97 cmon yall know he deserves it,2025-10-13 21:10:47,2025-10-13 21:10:50,92
7888,MaddenNFL,Neutral,@ EAMaddenNFL if yall gon @ AB84 give his 99 or at least 97 cmon yall knows he deserves it,2025-10-13 21:10:47,2025-10-13 21:10:50,90
7888,MaddenNFL,Neutral,@ EAMaddenNFL when yall gon give @ AB84 his 99 or at least 97 cmon yall know he deserves it,2025-10-13 21:10:47,2025-10-13 21:10:50,91
7888,MaddenNFL,Neutral,@EAMaddenNFL  when yall gon give @AB84 his 99 or at least a 97 from yall!! he deserves it,2025-10-13 21:10:47,2025-10-13 21:10:50,89
7888,MaddenNFL,Neutral,And @EAMaddenNFL it when it yall gon give him @AB84 his double 99 or at least a 97 cmon yall know he deserves it,2025-10-13 21:10:47,2025-10-13 21:10:50,112
7888,MaddenNFL,Neutral,season are yall gon give someone his 99 or at least a 97 when yall know he deserves it,2025-10-13 21:10:47,2025-10-13 21:10:50,86
7889,MaddenNFL,Negative,"@ClintOldenburg @EAMaddenNFL  hey so I've noticed the formation subs doesn't want to work have the time. You have to go back in and out multiple times to pull things up, and the select button is almost completely broken and will boot you out of the selection.",2025-10-13 21:10:47,2025-10-13 21:10:50,259
7889,MaddenNFL,Negative,"@ ClintOldenburg @ EAMaddenNFL hey, so I noticed that the formation subs don't want to have time. You have to go in and out several times to pull things up, and the selection key is almost completely broken and will boot you out of the selection.",2025-10-13 21:10:47,2025-10-13 21:10:50,246
7889,MaddenNFL,Negative,@ Clintburg @ EAMaddenNFey hey so I noticed that formation submarines don't want to work have time.,2025-10-13 21:10:47,2025-10-13 21:10:50,99
7889,MaddenNFL,Negative,"@ClintOldenburg @EAMaddenNFL  hey so I've noticed the new subs doesn't want too work have the time. You have to go back in and out multiple times to pull things up, not even select button is almost entirely broken and will boot you out of the selection.",2025-10-13 21:10:47,2025-10-13 21:10:50,253
7889,MaddenNFL,Negative,"@ClintOldenburg @EAMaddenNFL hey so I've noticed all the formation in subs doesn't want everyone to work have come the time. You have to go back in in and out almost multiple times to pull their things up, and the select button is almost completely broken and that will boot half you out of even the selection.",2025-10-13 21:10:47,2025-10-13 21:10:50,310
7889,MaddenNFL,Negative,"I @ClintOldenburg hey so I've noticed the formation subs doesn't want to work have the time. You have to be going in and out multiple turns to pull things up, so the restart button is basically completely broken and will boot guys out with the selection.",2025-10-13 21:10:47,2025-10-13 21:10:50,254
7890,MaddenNFL,Negative,@EAMaddenNFL  please fix your servers. They are awful. getting booted every 5 seconds is really old to me.,2025-10-13 21:10:47,2025-10-13 21:10:50,106
7890,MaddenNFL,Negative,@ EAMaddenNFL please fix your servers. They are awful. getting booted every 5 seconds is really old for me.,2025-10-13 21:10:47,2025-10-13 21:10:50,107
7890,MaddenNFL,Negative,@ EAMaddenNFL please fix your server.They are awful. getting booted every 5 seconds is really old to me.,2025-10-13 21:10:47,2025-10-13 21:10:50,104
7890,MaddenNFL,Negative,@EAMaddenNFL  please fix your bugs. They are awful. Having booted every 5 seconds is really old to me.,2025-10-13 21:10:47,2025-10-13 21:10:50,102
7890,MaddenNFL,Negative,@EAMaddenNFL please fix your servers. They are awful. getting you booted every last 5 thousand seconds is becoming really old to bite me.,2025-10-13 21:10:47,2025-10-13 21:10:50,137
7890,MaddenNFL,Negative,@EAMaddenNFL please fix My<unk>. They are awful. getting booted every 5 seconds is really old to crack.,2025-10-13 21:10:47,2025-10-13 21:10:50,103
7891,MaddenNFL,Negative,@EAMaddenNFL I CANT BELIEVE I HAD TO MAKE ANOTHER ACCOUNT JUST TO GET TO YALL CLOWNS,2025-10-13 21:10:47,2025-10-13 21:10:50,84
7891,MaddenNFL,Negative,"@ EAMaddenNFL I CAN BELIEVE, I MUST HAVE ANOTHER CONTACT TO THE YEARS LITTLE",2025-10-13 21:10:47,2025-10-13 21:10:50,76
7891,MaddenNFL,Negative,@ EAMaddenNFL I CANT BELLEVE I HAN THE MOD THE MODE ANOTHE COUNT JUST TO GET TO YALL CLOWER,2025-10-13 21:10:47,2025-10-13 21:10:50,91
7891,MaddenNFL,Negative,@EAMaddenNFL I CANT BELIEVE I HAD TO MAKE ANOTHER ACCOUNT<unk> TO GET 1000 YALL CLOWNS,2025-10-13 21:10:47,2025-10-13 21:10:50,86
7891,MaddenNFL,Negative,@EAMaddenNFL I CANT BELIEVE YOU I I HAD YOU TO MAKE ANOTHER THE ACCOUNT JUST IT TO NO GET TO YALL TO CLOWNS,2025-10-13 21:10:47,2025-10-13 21:10:50,107
7891,MaddenNFL,Negative,because I CANT BELIEVE INFORMATION RE TO BE ANOTHER ACCOUNT JUST TO GET TO PA CLOWNS,2025-10-13 21:10:47,2025-10-13 21:10:50,84
7892,MaddenNFL,Negative,This why madden trash lol,2025-10-13 21:10:47,2025-10-13 21:10:50,25
7892,MaddenNFL,Negative,This is why crazy garbage lol,2025-10-13 21:10:47,2025-10-13 21:10:50,29
7892,MaddenNFL,Negative,That's why madden trash lol,2025-10-13 21:10:48,2025-10-13 21:10:50,27
7892,MaddenNFL,Negative,This IS madden trash lol,2025-10-13 21:10:48,2025-10-13 21:10:50,24
7892,MaddenNFL,Negative,R This why madden trash lol,2025-10-13 21:10:48,2025-10-13 21:10:50,27
7892,MaddenNFL,Negative,is why madden trash lol,2025-10-13 21:10:48,2025-10-13 21:10:50,23
7893,MaddenNFL,Negative,@EAMaddenNFL I lied I’m disappointed .,2025-10-13 21:10:48,2025-10-13 21:10:50,39
7893,MaddenNFL,Negative,"@ EAMaddenNFL I lied, I'm disappointed.",2025-10-13 21:10:48,2025-10-13 21:10:50,39
7893,MaddenNFL,Negative,@ EAMaddenNFL I lied I'm disappointed.,2025-10-13 21:10:48,2025-10-13 21:10:50,38
7893,MaddenNFL,Negative,@EAMaddenNFL I lied I’m just.,2025-10-13 21:10:48,2025-10-13 21:10:50,29
7893,MaddenNFL,Negative,@EAMaddenNFL When I lied I honestly ’ m disappointed.,2025-10-13 21:10:48,2025-10-13 21:10:50,53
7893,MaddenNFL,Negative,@EAMaddenNFL I agree I’m disappointed.,2025-10-13 21:10:48,2025-10-13 21:10:50,38
7894,MaddenNFL,Negative,But its always hilarious when the end of the year comes and everyone's team is equal to see yall money spenders disappear lol it really shows how trash yall are at the game lmao @EAMaddenNFL @EASPORTS_MUT,2025-10-13 21:10:48,2025-10-13 21:10:50,206
7894,MaddenNFL,Negative,But it's always funny when the end of the year comes and every team is the same to see all the money wasters disappear lol it really shows how garbage yall are at the game lmao @ EAMaddenNFL @ EASPORTS _ MUT,2025-10-13 21:10:48,2025-10-13 21:10:50,207
7894,MaddenNFL,Negative,But it's always fun when the end of the year comes and all the teams are equal to see all the money disappear lol it really shows how thrash the yells in the game lmao @ EAMaddenNFL @ EASPORTS _ MUT,2025-10-13 21:10:48,2025-10-13 21:10:50,198
7894,MaddenNFL,Negative,But its always hilarious bc the end of the year comes and everyone's team is down i see yall money spenders disappear lol it really says how trash yall are at the game lmao @EAMaddenNFL @EASPORTS_MUT,2025-10-13 21:10:48,2025-10-13 21:10:50,199
7894,MaddenNFL,Negative,7 But its always hilarious when only the end of the year comes in and everyone't s winning team is equal to see all yall major money spenders disappear lol it really shows off how trash yall dollars are at the game lmao v @EAMaddenNFL @EASPORTS_MUT,2025-10-13 21:10:48,2025-10-13 21:10:50,248
7894,MaddenNFL,Negative,But its always hilarious that the bitch of the year comes because everyone's team is equal to see yall money all disappear lol it seriously shows how trash yall are entering the game lmao Thanks @EAMaddenNFL,2025-10-13 21:10:48,2025-10-13 21:10:50,207
7895,MaddenNFL,Neutral,@ClintOldenburg @EAMaddenNFL i got a msg in my ea account bout Madden 21 about login on certain days what is this about ?,2025-10-13 21:10:48,2025-10-13 21:10:50,121
7895,MaddenNFL,Neutral,"@ ClintOldenburg @ EAMaddenNFL I have an msg in my account fighting against Madden 21 about signing up on certain days, what is it about?",2025-10-13 21:10:48,2025-10-13 21:10:50,137
7895,MaddenNFL,Neutral,"@ Clintburg @ EAMaddenNFL I got a message on my Madden 21 account about getting in on certain days, what's that about?",2025-10-13 21:10:48,2025-10-13 21:10:50,118
7895,MaddenNFL,Neutral,@ClintOldenburg - i have a msg in my ea account bout Madden 21 about login on certain days what is this about?,2025-10-13 21:10:48,2025-10-13 21:10:50,110
7895,MaddenNFL,Neutral,@ClintOldenburg @EAMaddenNFL i just got a msg post in my ea news account bout Madden 21 saying about login on for certain days and what is this about?,2025-10-13 21:10:48,2025-10-13 21:10:50,150
7895,MaddenNFL,Neutral,@ClintOldenburg @EAMaddenNFL i got their msg in from ea forums called Madden 21 and login on certain days what is this about?,2025-10-13 21:10:48,2025-10-13 21:10:50,125
7896,MaddenNFL,Negative,I hate Madden like why I always gotta miss my hitstick @EAMaddenNFL,2025-10-13 21:10:48,2025-10-13 21:10:50,67
7896,MaddenNFL,Negative,I hate Madden like why I always miss my hitstick @ EAMaddenNFL,2025-10-13 21:10:48,2025-10-13 21:10:50,62
7896,MaddenNFL,Negative,I hate Madden as why I always miss my @ EAMaddenNFL chip,2025-10-13 21:10:48,2025-10-13 21:10:50,56
7896,MaddenNFL,Negative,I hate Madden like why I always gotta miss another hitstick @EAMaddenNFL,2025-10-13 21:10:48,2025-10-13 21:10:50,72
7896,MaddenNFL,Negative,I hate Madden like why I might always have gotta always miss my hitstick @EAMaddenNFL,2025-10-13 21:10:48,2025-10-13 21:10:50,85
7896,MaddenNFL,Negative,I run Madden like god I always gotta miss my hitstick @EAMaddenNFL,2025-10-13 21:10:48,2025-10-13 21:10:50,66
7897,MaddenNFL,Negative,@EAMaddenNFL why y’all hate franchise players so much what we do to y’all,2025-10-13 21:10:48,2025-10-13 21:10:50,73
7897,MaddenNFL,Negative,@ EAMaddenNFL why y'all franchise players hate so much what we do with y'all,2025-10-13 21:10:48,2025-10-13 21:10:50,76
7897,MaddenNFL,Negative,@ EAMaddenNFL why y'all hate franchise players so much what we do with y'all,2025-10-13 21:10:48,2025-10-13 21:10:50,76
7897,MaddenNFL,Negative,@EAMaddenNFL knows y’all hate my players so much what we do to y’all,2025-10-13 21:10:48,2025-10-13 21:10:50,68
7897,MaddenNFL,Negative,@EAMaddenNFL why y ’ all hate its franchise game players so same much what we should do to y ’ all,2025-10-13 21:10:48,2025-10-13 21:10:50,98
7897,MaddenNFL,Negative,@EAMaddenNFL why y’all hate franchise players so utterly when we want to y’all,2025-10-13 21:10:48,2025-10-13 21:10:50,78
7898,MaddenNFL,Neutral,Touch down your team to victory with incredible players and plenty of teams to choose from in Madden NFL 17 ogreatgames.com/products/madde…,2025-10-13 21:10:48,2025-10-13 21:10:50,141
7898,MaddenNFL,Neutral,Touch down your team to victory with incredible players and many teams to choose in Madden NFL 17 ogreatgames.com / products / madde...,2025-10-13 21:10:48,2025-10-13 21:10:50,135
7898,MaddenNFL,Neutral,Touch down your team to win with incredible players and plenty of teams to choose from in Madden NFL 17 ogreatgames.com / products / madde...,2025-10-13 21:10:48,2025-10-13 21:10:50,141
7898,MaddenNFL,Neutral,Touch down your team on victory with 256 players and plenty of teams to choose with in Madden NFL 17 ogreatgames.com/products/madde…,2025-10-13 21:10:48,2025-10-13 21:10:50,132
7898,MaddenNFL,Neutral,Touch brings down your team to victory along with other incredible players and plenty of teams interesting to choose from... in Madden NFL 17 on ogreatgames. com / products / madde …,2025-10-13 21:10:48,2025-10-13 21:10:50,182
7898,MaddenNFL,Neutral,Touch down your team on victory with incredible players via wealth of teams for choose and in Madden NFL 17 ogreatgames.com/products/madde...,2025-10-13 21:10:48,2025-10-13 21:10:50,141
7899,MaddenNFL,Positive,Shout out to @EAMaddenNFL for making him the top rated free agent as well.,2025-10-13 21:10:48,2025-10-13 21:10:50,74
7899,MaddenNFL,Positive,Shout out to @ EAMaddenNFL for making him the highest rated free agent.,2025-10-13 21:10:48,2025-10-13 21:10:50,71
7899,MaddenNFL,Positive,Shout out to @ EAMaddenNFL for making him the best free agent.,2025-10-13 21:10:48,2025-10-13 21:10:50,62
7899,MaddenNFL,Positive,Shout out to @EAMaddenNFL for making him the second rated free agent as well.,2025-10-13 21:10:48,2025-10-13 21:10:50,77
7899,MaddenNFL,Positive,Shout out hello to him @EAMaddenNFL for making him the top rated free agents agent as well.,2025-10-13 21:10:48,2025-10-13 21:10:50,91
7899,MaddenNFL,Positive,Shout out at @EAMaddenNFL for making him the top rated free man as well.,2025-10-13 21:10:48,2025-10-13 21:10:50,72
7900,MaddenNFL,Negative,@EAMaddenNFL fix these damn servers,2025-10-13 21:10:48,2025-10-13 21:10:50,35
7900,MaddenNFL,Negative,@ EAMaddenNFL fix those damn servers,2025-10-13 21:10:48,2025-10-13 21:10:50,36
7900,MaddenNFL,Negative,@ EAMaddenNFL fix these damn servers,2025-10-13 21:10:48,2025-10-13 21:10:50,36
7900,MaddenNFL,Negative,@EAMaddenNFL broke these damn servers,2025-10-13 21:10:48,2025-10-13 21:10:50,37
7900,MaddenNFL,Negative,But @EAMaddenNFL fix these damn servers,2025-10-13 21:10:48,2025-10-13 21:10:50,39
7900,MaddenNFL,Negative,@EAMaddenNFL fix these poor servers,2025-10-13 21:10:48,2025-10-13 21:10:50,35
7901,MaddenNFL,Negative,Man I hate you @EAMaddenNFL.... This is not going to fool me. pic.twitter.com/Da7Rbw4pgm,2025-10-13 21:10:48,2025-10-13 21:10:50,88
7901,MaddenNFL,Negative,Man I hate you @ EAMaddenNFL.... That won't fool me. pic.twitter.com / Da7Rbw4pgm,2025-10-13 21:10:48,2025-10-13 21:10:50,81
7901,MaddenNFL,Negative,Man I hate you @ EAMaddenNFL.... This is not going to fool me. pic.wikipedia.org / Da7Rbw4pgm,2025-10-13 21:10:48,2025-10-13 21:10:50,93
7901,MaddenNFL,Negative,Man I hate you RhandlerR.... This is not going to fool me. pic.twitter.com/Da7Rbw4pgm,2025-10-13 21:10:48,2025-10-13 21:10:50,85
7901,MaddenNFL,Negative,the Man I hate you RhandlerR.... This is not going to fool me. pic.twitter.com/Da7Rbw4pgm,2025-10-13 21:10:48,2025-10-13 21:10:50,89
7901,MaddenNFL,Negative,a,2025-10-13 21:10:48,2025-10-13 21:10:50,1
7902,MaddenNFL,Negative,Idk why I'll buy @EAMaddenNFL '21 but y'all need to give the,2025-10-13 21:10:48,2025-10-13 21:10:50,62
7902,MaddenNFL,Negative,"Idk why I'm going to buy @ EAMaddenNFL '21, but y'all need to give that",2025-10-13 21:10:48,2025-10-13 21:10:50,71
7902,MaddenNFL,Negative,Idk why I'll buy @ EAMaddenNFL '21 but y'all need to give the,2025-10-13 21:10:48,2025-10-13 21:10:50,61
7902,MaddenNFL,Negative,Idk why I'll buy @EAMaddenNFL '21 so y'all need to give the,2025-10-13 21:10:48,2025-10-13 21:10:50,59
7902,MaddenNFL,Negative,Well Idk why I'll buy @EAMaddenNFL'21... but y'will all need to really give the,2025-10-13 21:10:48,2025-10-13 21:10:50,79
7902,MaddenNFL,Negative,Idk why I'll buy @EAMaddenNFL '21 unless y'all mentioned to give them,2025-10-13 21:10:48,2025-10-13 21:10:50,69
7903,MaddenNFL,Negative,"You know why @EAMaddenNFL is dead, just saw that the top 5 rushing yards ever in a tournament game has happen in this Madden.  Smh.",2025-10-13 21:10:48,2025-10-13 21:10:50,134
7903,MaddenNFL,Negative,"You know why @ EAMaddenNFL is dead, you just saw that the top 5 rushing yards happened in a tournament game this Madden. Smh.",2025-10-13 21:10:48,2025-10-13 21:10:50,125
7903,MaddenNFL,Negative,"You know why @ EAMaddenNFL is dead, just saw the 5 best yards in the tournament ever happen in this Madden. Smh.",2025-10-13 21:10:48,2025-10-13 21:10:50,112
7903,MaddenNFL,Negative,"You know why @EAMaddenNFL is dead, just saw why the top 5 rushing yards ever in a tournament game has happen on this Madden. <unk>.",2025-10-13 21:10:48,2025-10-13 21:10:50,131
7903,MaddenNFL,Negative,"You will know why @EAMaddenNFL is dead, just who saw that the first top 5 total rushing yards ever scored in near a tournament game has happen in this Madden. Smh.",2025-10-13 21:10:48,2025-10-13 21:10:50,163
7903,MaddenNFL,Negative,"wanna know why @EAMaddenNFL is dead, just wondering who the top 5 rushing yards ever in a tournament game has been with this Madden. Smh.",2025-10-13 21:10:48,2025-10-13 21:10:50,137
7904,MaddenNFL,Positive,every single time i score love hearing the Vikings song .,2025-10-13 21:10:48,2025-10-13 21:10:50,58
7904,MaddenNFL,Positive,"Every time I score, I like to hear the Viking song.",2025-10-13 21:10:48,2025-10-13 21:10:50,51
7904,MaddenNFL,Positive,"Every time I score, I love listening to a Viking song.",2025-10-13 21:10:48,2025-10-13 21:10:50,54
7904,MaddenNFL,Positive,every single time i score love in the Vikings song.,2025-10-13 21:10:48,2025-10-13 21:10:50,51
7904,MaddenNFL,Positive,every single time i was score love hearing the Vikings that song.,2025-10-13 21:10:48,2025-10-13 21:10:50,65
7904,MaddenNFL,Positive,The single time i score love hearing the Vikings song.,2025-10-13 21:10:48,2025-10-13 21:10:50,54
7905,MaddenNFL,Negative,Madden 21 Shouldn't Promote This youtu.be/36GZh-NRjSQ via @YouTube. Simulation football? @EAMaddenNFL .,2025-10-13 21:10:48,2025-10-13 21:10:50,105
7905,MaddenNFL,Negative,Madden 21 Should not promote this on youtu.be / 36GZh-NRjSQ via @ YouTube. Simulation football? @ EAMaddenNFL.,2025-10-13 21:10:48,2025-10-13 21:10:50,110
7905,MaddenNFL,Negative,Madden 21 Should't Professional This youtu.be / 36GZh-NRjSQ via @ YouTube. Football simulation? @ EAMaddenNFL.,2025-10-13 21:10:48,2025-10-13 21:10:50,110
7905,MaddenNFL,Negative,Madden 21 Shouldn't Promote This Could.be/36GZh-NRjSQ via @YouTube. Simulation football??<unk>,2025-10-13 21:10:48,2025-10-13 21:10:50,94
7905,MaddenNFL,Negative,by Madden Jackson 21 Shouldn't This Promote Me This youtu. com be / r 36GZh - NRjSQ via a @YouTube. t Simulation football? @EAMaddenNFL.,2025-10-13 21:10:48,2025-10-13 21:10:50,136
7905,MaddenNFL,Negative,Madden 11 Shouldn't Play This youtu.be/36GZh-NRjSQ of @YouTube. Simulation<unk>?<unk>.,2025-10-13 21:10:48,2025-10-13 21:10:50,86
7906,MaddenNFL,Positive,@EAMaddenNFL my ultimate team is awesome love it I’ll put my squad against anyone in here btw ovr 90! Every player earned and not bought,2025-10-13 21:10:48,2025-10-13 21:10:50,136
7906,MaddenNFL,Positive,"@ EAMaddenNFL my ultimate team is awesome love it, I will ovr my team against everyone here btw 90! Every player deserves and not bought",2025-10-13 21:10:48,2025-10-13 21:10:50,136
7906,MaddenNFL,Positive,"@ EAMaddenNFL my ultimate team is awful love, I'll bet my team against anyone in this btw OVR 90!",2025-10-13 21:10:48,2025-10-13 21:10:50,97
7906,MaddenNFL,Positive,@EAMaddenNFL my ultimate team is awesome love it I’ll put this squad against anyone in here btw ovr 90! Every player earned or even bought,2025-10-13 21:10:48,2025-10-13 21:10:50,138
7906,MaddenNFL,Positive,@EAMaddenNFL which my ultimate team is are awesome love it well I can ’ 3 ll put my awesome squad against anyone in sports here btw ovr 90! Every player earned and not bought,2025-10-13 21:10:48,2025-10-13 21:10:50,174
7906,MaddenNFL,Positive,@EAMaddenNFL my awesome team is awesome and so I’ll put my squad against anyone in here btw ovr anyone! Every player earned and they bought,2025-10-13 21:10:48,2025-10-13 21:10:50,139
7907,MaddenNFL,Positive,This was so tough lmaoo,2025-10-13 21:10:48,2025-10-13 21:10:50,23
7907,MaddenNFL,Positive,That was so hard lmaoo,2025-10-13 21:10:48,2025-10-13 21:10:50,22
7907,MaddenNFL,Positive,It was so tough lmaoo,2025-10-13 21:10:48,2025-10-13 21:10:50,21
7907,MaddenNFL,Positive,This was so hot lmaoo,2025-10-13 21:10:48,2025-10-13 21:10:50,21
7907,MaddenNFL,Positive,... This was so tough lmaoo,2025-10-13 21:10:48,2025-10-13 21:10:50,27
7907,MaddenNFL,Positive,This was so way lmaoo,2025-10-13 21:10:48,2025-10-13 21:10:50,21
7908,MaddenNFL,Negative,Odell has one of the most disgusting spin displays the nfl has ever seen rethink that particular statement,2025-10-13 21:10:48,2025-10-13 21:10:50,106
7908,MaddenNFL,Negative,Odell has one of the most disgusting spin displays the nfl has ever seen to reconsider this particular statement,2025-10-13 21:10:48,2025-10-13 21:10:50,112
7908,MaddenNFL,Negative,"Odell has one of the most disgusting spin-offs the NFL has ever seen, rethinking this particular claim",2025-10-13 21:10:48,2025-10-13 21:10:50,102
7908,MaddenNFL,Negative,Odell has one of the highly bizarre spin displays the nfl has ever seen rethink that particular statement,2025-10-13 21:10:48,2025-10-13 21:10:50,105
7908,MaddenNFL,Negative,David Odell has one of the most disgusting disgusting spin displays the nfl has rarely ever since seen rethink that particular statement,2025-10-13 21:10:48,2025-10-13 21:10:50,136
7908,MaddenNFL,Negative,Odell has four of the most disgusting spin displays the nfl<unk> not seen rethink that particular statement,2025-10-13 21:10:48,2025-10-13 21:10:50,107
7909,MaddenNFL,Negative,How did @EAMaddenNFL make a worst game then @NBA2K ?,2025-10-13 21:10:48,2025-10-13 21:10:50,52
7909,MaddenNFL,Negative,How did @ EAMaddenNFL play a worse game than @ NBA2K?,2025-10-13 21:10:48,2025-10-13 21:10:50,53
7909,MaddenNFL,Negative,How did @ EAMaddenNFL make a worse game than @ N2K?,2025-10-13 21:10:48,2025-10-13 21:10:50,51
7909,MaddenNFL,Negative,How did @EAMaddenNFL make a worst game then score?,2025-10-13 21:10:48,2025-10-13 21:10:50,50
7909,MaddenNFL,Negative,How much did firstly @EAMaddenNFL make a good worst game then @NBA2K?,2025-10-13 21:10:48,2025-10-13 21:10:50,69
7909,MaddenNFL,Negative,How is @EAMaddenNFL make a worst dog then @NBA2K?,2025-10-13 21:10:48,2025-10-13 21:10:50,49
7910,MaddenNFL,Negative,@EAMaddenNFL your game is shit,2025-10-13 21:10:48,2025-10-13 21:10:50,30
7910,MaddenNFL,Negative,@ EAMaddenNFL Your game is shit,2025-10-13 21:10:48,2025-10-13 21:10:50,31
7910,MaddenNFL,Negative,@ EAMaddenNFL your game is shit,2025-10-13 21:10:48,2025-10-13 21:10:50,31
7910,MaddenNFL,Negative,@EAMaddenNFL the game is shit,2025-10-13 21:10:48,2025-10-13 21:10:50,29
7910,MaddenNFL,Negative,@EAMaddenNFL your basketball game is shit,2025-10-13 21:10:48,2025-10-13 21:10:50,41
7910,MaddenNFL,Negative,@EAMaddenNFL your game is simply,2025-10-13 21:10:48,2025-10-13 21:10:50,32
7911,MaddenNFL,Negative,Lots of bugs with Madden21... can't play squads with friends and lots of screens like this @EAMaddenNFL @EASPORTS pic.twitter.com/0h8oZ4rAJ4,2025-10-13 21:10:48,2025-10-13 21:10:50,140
7911,MaddenNFL,Negative,Many bugs with Madden21... can't play squads with friends and many screens like this @ EAMaddenNFL @ EASPORTS pic.twitter.com / 0h8oZ4rAJ4,2025-10-13 21:10:48,2025-10-13 21:10:50,138
7911,MaddenNFL,Negative,Lots of bugs with Madden21... can't play squades with friends and lots of screens like this @ EAMaddenNFL @ EASPORTS pic.fm / 0h8oZ4rAJ4,2025-10-13 21:10:48,2025-10-13 21:10:50,136
7911,MaddenNFL,Negative,Lots of bugs with Madden21... can't play squads with friends and lots of screens like this RhandlerR RhandlerR pic.twitter.com/0h8oZ4rAJ4,2025-10-13 21:10:48,2025-10-13 21:10:50,137
7911,MaddenNFL,Negative,at Lots of bugs with Madden21... can't play squads with friends and lots of screens like this RhandlerR RhandlerR pic.twitter.com/0h8oZ4rAJ4,2025-10-13 21:10:48,2025-10-13 21:10:50,140
7911,MaddenNFL,Negative,and,2025-10-13 21:10:48,2025-10-13 21:10:50,3
7912,MaddenNFL,Positive,Congrats to Joke! Finally solidifying that its 100% the year of the skillful running/defense. All 4 belts wrapped up by them this season. I thought the game was gunna be closer than this TBH but hey at least it wasnt 41-0 lmao,2025-10-13 21:10:48,2025-10-13 21:10:50,228
7912,MaddenNFL,Positive,"Congratulations to Joke! Finally, that solidifies its 100% the year of skillful run / defense. All 4 belts packed by them this season. I thought the game was gunna be closer than this TBH, but hey, at least it was not 41-0 lmao",2025-10-13 21:10:48,2025-10-13 21:10:50,227
7912,MaddenNFL,Positive,Congrats to Joke! Finally consolidating that its 100% the year of the skilled running / defense. All 4 belts wrapped up by them this season. I thought the game was gunna be closer than this TBH but hey at least it wasn't 41-0 lmao,2025-10-13 21:10:48,2025-10-13 21:10:50,230
7912,MaddenNFL,Positive,Congrats to Joke! Finally know that its 100% the year of the skillful running/defense. All 4 belts wrapped up by them this season. Anyone swore the game was gon be closer than this TBH... hey at least it wasnt 41-0 lmao,2025-10-13 21:10:48,2025-10-13 21:10:50,219
7912,MaddenNFL,Positive,Congrats to Joke! Finally solidifying that its 100 % the year of the skillful running / scoring defense. In All his 4 belts wrapped up by them this season. Sometimes I thought the game was gunna still be closer than even this of TBH but said hey at at least hopefully it wasnt 41 - 0 lmao,2025-10-13 21:10:48,2025-10-13 21:10:50,288
7912,MaddenNFL,Positive,Congrats to Joke! Its solidifying that its 100% the year of our QB running/defense. All 4 belts wrapped up by them this season. I thought the game was another cry more than this TBH but hey at most it moves a-0 lmao,2025-10-13 21:10:48,2025-10-13 21:10:50,215
7913,MaddenNFL,Negative,Vick. Easy,2025-10-13 21:10:48,2025-10-13 21:10:50,10
7913,MaddenNFL,Negative,Vick.,2025-10-13 21:10:48,2025-10-13 21:10:50,5
7913,MaddenNFL,Negative,Vick. Easy,2025-10-13 21:10:48,2025-10-13 21:10:50,10
7913,MaddenNFL,Negative,Vick. com,2025-10-13 21:10:48,2025-10-13 21:10:50,9
7913,MaddenNFL,Negative,Vick. Stay Easy,2025-10-13 21:10:48,2025-10-13 21:10:50,15
7913,MaddenNFL,Negative,<unk>. Easy,2025-10-13 21:10:48,2025-10-13 21:10:50,11
7914,MaddenNFL,Negative,Madden ruining the game. These dudes weren’t even the sack leader??? You’re telling me Shaq Barrett isn’t the guy you want out there??? Do better ESPN,2025-10-13 21:10:48,2025-10-13 21:10:50,150
7914,MaddenNFL,Negative,"Madden ruined the game. These guys weren't even the dead-end leader??? You're telling me Shaq Barrett isn??? t the guy you want out there,??? you better do it ESPN",2025-10-13 21:10:48,2025-10-13 21:10:50,163
7914,MaddenNFL,Negative,Madden is ruining the game. These dudes weren't even the leader of the sack??? You tell me Shaq Barrett is not the guy you want out there???,2025-10-13 21:10:48,2025-10-13 21:10:50,140
7914,MaddenNFL,Negative,Madden ruining the game. These dudes weren’t counting the sack leader??? You’re betting me Shaq Barrett isn’t the guy you want out<unk> Or better ESPN,2025-10-13 21:10:48,2025-10-13 21:10:50,150
7914,MaddenNFL,Negative,Madden began ruining out the game. 29 These dudes weren... ’ t even always the sack leader??? You ’ re telling me Shaq Barrett who isn what ’ t the guy you want out there??? Do it better ESPN,2025-10-13 21:10:48,2025-10-13 21:10:50,191
7914,MaddenNFL,Negative,Madden ruining the draft. These teams weren’t even the sack leader??? You’re telling me Shaq Barrett not the guy you want out there??? No more ESPN,2025-10-13 21:10:48,2025-10-13 21:10:50,147
7915,MaddenNFL,Negative,@EASPORTS_MUT @EAMaddenNFL . I had 4 wins in house rules.  I won 2 games and still have 4 wins. Wtf?,2025-10-13 21:10:48,2025-10-13 21:10:50,100
7915,MaddenNFL,Negative,@ EASPORTS _ MUT @ EAMaddenNFL. I had 4 wins on House Rules. I won 2 games and still have 4 wins. Wtf?,2025-10-13 21:10:48,2025-10-13 21:10:50,102
7915,MaddenNFL,Negative,@ EASPORTS _ MUT @ EAMaddenNFL. I had 4 win in house rules. I won 2 games and still have 4 win. Wtf?,2025-10-13 21:10:48,2025-10-13 21:10:50,100
7915,MaddenNFL,Negative,@EASPORTS_MUT @EAMaddenNFL. I had 4 wins in house now.  I won 2 games and we have 4 wins. Wtf?,2025-10-13 21:10:48,2025-10-13 21:10:50,94
7915,MaddenNFL,Negative,@EASPORTS_MUT @EAMaddenNFL. net I had had 4 wins in in 2010 house rules. I won 2 games out and still would have 4 wins. Wtf?,2025-10-13 21:10:48,2025-10-13 21:10:50,124
7915,MaddenNFL,Negative,@EASPORTS_MUT T. I gave 4 wins in house rules. You won 2 games and currently have 4 wins. Wtf?,2025-10-13 21:10:48,2025-10-13 21:10:50,94
7916,MaddenNFL,Negative,"According to @EASPORTS,",2025-10-13 21:10:48,2025-10-13 21:10:50,25
7916,MaddenNFL,Negative,"According to @ EASPORTS,",2025-10-13 21:10:48,2025-10-13 21:10:50,24
7916,MaddenNFL,Negative,"According to @ EASPORTS,",2025-10-13 21:10:48,2025-10-13 21:10:50,24
7916,MaddenNFL,Negative,"According to Carter,",2025-10-13 21:10:48,2025-10-13 21:10:50,20
7916,MaddenNFL,Negative,"³ According to @EASPORTS,",2025-10-13 21:10:48,2025-10-13 21:10:50,25
7916,MaddenNFL,Negative,"According the @EASPORTS,",2025-10-13 21:10:48,2025-10-13 21:10:50,24
7917,MaddenNFL,Negative,@EAMaddenNFL fix your servers please my goodness,2025-10-13 21:10:48,2025-10-13 21:10:50,50
7917,MaddenNFL,Negative,@ EAMaddenNFL please fix your servers my goodness,2025-10-13 21:10:48,2025-10-13 21:10:50,49
7917,MaddenNFL,Negative,"@ EAMaddenNFL fix your servers, please my good name",2025-10-13 21:10:48,2025-10-13 21:10:50,51
7917,MaddenNFL,Negative,@EAMaddenNFL fix your servers please my lady,2025-10-13 21:10:48,2025-10-13 21:10:50,44
7917,MaddenNFL,Negative,@EAMaddenNFL fix your portal servers please my thank goodness,2025-10-13 21:10:48,2025-10-13 21:10:50,61
7917,MaddenNFL,Negative,@EAMaddenNFL fix your hair please my goodness,2025-10-13 21:10:48,2025-10-13 21:10:50,45
7918,MaddenNFL,Negative,@MaddenLeagueOps @MaddenNFLDirect sad,2025-10-13 21:10:48,2025-10-13 21:10:50,37
7918,MaddenNFL,Negative,@ MaddenLeagueOps @ MaddenNFLDirect sad,2025-10-13 21:10:48,2025-10-13 21:10:50,39
7918,MaddenNFL,Negative,@ MaddenLeagueOps @ MaddenNDirect is sad,2025-10-13 21:10:48,2025-10-13 21:10:50,40
7918,MaddenNFL,Negative,@MaddenLeagueOps<unk> sad,2025-10-13 21:10:48,2025-10-13 21:10:50,25
7918,MaddenNFL,Negative,For @MaddenLeagueOps @MaddenNFLDirect sad,2025-10-13 21:10:48,2025-10-13 21:10:50,41
7918,MaddenNFL,Negative,@MaddenLeagueOps @MaddenNFLDirect F,2025-10-13 21:10:48,2025-10-13 21:10:50,35
7919,MaddenNFL,Negative,DESHAUN WATSON A 86?????? YOU DISRESPECTFUL ASS NIGGAS MAN @EAMaddenNFL,2025-10-13 21:10:48,2025-10-13 21:10:50,71
7919,MaddenNFL,Negative,DESHAUN WATSON A 86?????? DU DISRESPECTFUL ASS NIGGAS MAN @ EAMaddenNFL,2025-10-13 21:10:48,2025-10-13 21:10:50,71
7919,MaddenNFL,Negative,DESHAUN WATSON A 86????? YOU DISRESPECTFUL ASS NIGGAS MAN @ EAMaddenNFL,2025-10-13 21:10:48,2025-10-13 21:10:50,71
7919,MaddenNFL,Negative,DESHAUN G A 86?????? A DISRESPECTFUL ASS NIGGAS MAN @EAMaddenNFL,2025-10-13 21:10:48,2025-10-13 21:10:50,64
7919,MaddenNFL,Negative,DESHAUN IS WATSON AND A 86??????... YOU S DISRESPECTFUL ASS DE NIGGAS A MAN OR @EAMaddenNFL,2025-10-13 21:10:48,2025-10-13 21:10:50,91
7919,MaddenNFL,Negative,DESHAUN AT A BEACH L DISRESPECTFUL ASS US MAN @EAMaddenNFL,2025-10-13 21:10:48,2025-10-13 21:10:50,58
7920,MaddenNFL,Negative,84.... I hate @EAMaddenNFL,2025-10-13 21:10:48,2025-10-13 21:10:50,26
7920,MaddenNFL,Negative,84.... I hate @ EAMaddenNFL,2025-10-13 21:10:48,2025-10-13 21:10:50,27
7920,MaddenNFL,Negative,84.... I hate @ EAMaddenNFL,2025-10-13 21:10:48,2025-10-13 21:10:50,27
7920,MaddenNFL,Negative,84.... I hate cats,2025-10-13 21:10:48,2025-10-13 21:10:50,18
7920,MaddenNFL,Negative,84.... maybe I hate John @EAMaddenNFL,2025-10-13 21:10:48,2025-10-13 21:10:50,37
7920,MaddenNFL,Negative,mean.... I hate @EAMaddenNFL,2025-10-13 21:10:48,2025-10-13 21:10:50,28
7921,MaddenNFL,Negative,"Richie Incogniot still bullying, bullied @EAMaddenNFL into giving him a 90",2025-10-13 21:10:48,2025-10-13 21:10:50,74
7921,MaddenNFL,Negative,"Richie Incognito is still bullying, bullying @ EAMaddenNFL to give him a 90",2025-10-13 21:10:48,2025-10-13 21:10:50,75
7921,MaddenNFL,Negative,"Richie Incognito is still a bully, forced by @ EAMaddenNFL to give him 90",2025-10-13 21:10:48,2025-10-13 21:10:50,73
7921,MaddenNFL,Negative,"Richie Incogniot still played, bullied @EAMaddenNFL into giving him a 90",2025-10-13 21:10:48,2025-10-13 21:10:50,72
7921,MaddenNFL,Negative,"Richie Incogniot still faced bullying, bullied @EAMaddenNFL into simply giving him a true 90",2025-10-13 21:10:48,2025-10-13 21:10:50,92
7921,MaddenNFL,Negative,"Richie Incogniot still hated, bullied @EAMaddenNFL into giving him like 90",2025-10-13 21:10:48,2025-10-13 21:10:50,74
7922,MaddenNFL,Negative,Proud of you.,2025-10-13 21:10:48,2025-10-13 21:10:50,14
7922,MaddenNFL,Negative,Proud of you.,2025-10-13 21:10:48,2025-10-13 21:10:50,13
7922,MaddenNFL,Negative,Proud of you.,2025-10-13 21:10:48,2025-10-13 21:10:50,13
7922,MaddenNFL,Negative,Proud of God.,2025-10-13 21:10:48,2025-10-13 21:10:50,13
7922,MaddenNFL,Negative,Proud thinking of you.,2025-10-13 21:10:48,2025-10-13 21:10:50,22
7922,MaddenNFL,Negative,Proud of One.,2025-10-13 21:10:48,2025-10-13 21:10:50,13
7923,MaddenNFL,Positive,Words cannot describe how grateful I am. Thank you to @2BCProductions for the raid today - of 420 people . - Thanks everyone for hanging and the positive vibes it means a lot. Back at it tomorrow with more @EAMaddenNFL VS and @EASPORTSNHL VS tournament action. https://t.co/ODTY4WTMgg,2025-10-13 21:10:48,2025-10-13 21:10:50,284
7923,MaddenNFL,Positive,Words can't describe how grateful I am. Thanks to @ 2BCProductions for the raid today - from 420 people. - Thanks to everyone for hanging out and the positive vibe it means a lot. Back tomorrow with more @ EAMaddenNFL VS and @ EASPORTSNHL VS tournament action. https: / / t.co / ODTY4WTMgg,2025-10-13 21:10:48,2025-10-13 21:10:50,289
7923,MaddenNFL,Positive,Words can't describe how grateful I am. Thank you @ 2BCProductions for today's raid - of 420 people. - Thank you everyone for hanging up and the positive emotions mean a lot.,2025-10-13 21:10:48,2025-10-13 21:10:50,174
7923,MaddenNFL,Positive,Words cannot share how grateful I am. Thank you to @2BCProductions for the raid reward - of 420 people :) - Thanks everyone for hanging and the warm vibes which means a lot. Back at it tomorrow with more @EAMaddenNFL VS and World VS tournament action. https://t.co/ODTY4WTMgg],2025-10-13 21:10:48,2025-10-13 21:10:50,276
7923,MaddenNFL,Positive,Words you cannot describe how much grateful this I am. Thank all you to @2BCProductions for managing the raid back today - of 420 people. - Thanks everyone for hanging and the positive vibes of it means a lot. By Back at it is tomorrow with one more @EAMaddenNFL VS and @EASPORTSNHL VS tournament action. https://t.co/ODTY4WTMgg ],2025-10-13 21:10:48,2025-10-13 21:10:50,330
7923,MaddenNFL,Positive,Words cannot describe how grateful it am. my god no @2BCProductions for the raid today - of 420 people. - but everyone for hanging and the positive vibes the means inside world. Back at it tomorrow with more guild action and @EAMaddenNFL VS tournament action. https://t.co/ODTY4WTMgg],2025-10-13 21:10:48,2025-10-13 21:10:50,284
7924,MaddenNFL,Positive,Throw out of sack mechanic looks perfectly fine  . . store.playstation.com/,2025-10-13 21:10:48,2025-10-13 21:10:50,76
7924,MaddenNFL,Positive,Get out of the bag mechanic looks pretty good.. store.playstation.com /,2025-10-13 21:10:48,2025-10-13 21:10:50,71
7924,MaddenNFL,Positive,A miscarriage from a bag looks perfect... store.playstation.com /,2025-10-13 21:10:48,2025-10-13 21:10:50,65
7924,MaddenNFL,Positive,Throw out of sack mechanic looks perfectly understandable .. store.playstation.com/,2025-10-13 21:10:48,2025-10-13 21:10:50,83
7924,MaddenNFL,Positive,The Throw on out of sack mechanic still looks perfectly fine.. store. playstation. com /,2025-10-13 21:10:48,2025-10-13 21:10:50,88
7924,MaddenNFL,Positive,My back of hand mechanic looks perfectly fine.. store.playstation.com/,2025-10-13 21:10:48,2025-10-13 21:10:50,70
7925,MaddenNFL,Positive,Thank you @EAMaddenNFL!! . . New TE Austin Hooper in the ORANGE & BROWN!! . .  . .  pic.twitter.com/GRg4xzFKOn,2025-10-13 21:10:48,2025-10-13 21:10:50,110
7925,MaddenNFL,Positive,Thank you @ EAMaddenNFL!!... New TE Austin Hooper at ORANGE & BROWN!!..... pic.twitter.com / GRg4xzFKOn,2025-10-13 21:10:48,2025-10-13 21:10:50,103
7925,MaddenNFL,Positive,Thank you @ EAMaddenNFL!!.. New TE Austin Hooper in the ORANGE & BROWN!!.... pic.facebook.com / GRg4xzFKOn,2025-10-13 21:10:48,2025-10-13 21:10:50,106
7925,MaddenNFL,Positive,Thank you RhandlerR!! . . New TE Austin Hooper in the ORANGE & BROWN!! . .  . .  pic.twitter.com/GRg4xzFKOn,2025-10-13 21:10:48,2025-10-13 21:10:50,107
7925,MaddenNFL,Positive,the Thank you RhandlerR!! . . New TE Austin Hooper in the ORANGE & BROWN!! . .  . .  pic.twitter.com/GRg4xzFKOn,2025-10-13 21:10:48,2025-10-13 21:10:50,111
7925,MaddenNFL,Positive,really,2025-10-13 21:10:48,2025-10-13 21:10:50,6
7926,MaddenNFL,Positive,Hollywood gonna beat the brakes off that man .  how many do overs do the Bucs get?,2025-10-13 21:10:48,2025-10-13 21:10:50,82
7926,MaddenNFL,Positive,"Hollywood is going to put the brakes on this man, how many overtime do the Bucs get?",2025-10-13 21:10:48,2025-10-13 21:10:50,84
7926,MaddenNFL,Positive,Hollywood is going to fend off this man. How many overs does Buffett do?,2025-10-13 21:10:48,2025-10-13 21:10:50,72
7926,MaddenNFL,Positive,Hollywood gonna beat the brakes stop that man.  how many do overs do some Bucs get?,2025-10-13 21:10:48,2025-10-13 21:10:50,83
7926,MaddenNFL,Positive,Hollywood gonna beat all the damn brakes off that man. how fucking many do overs then do the Bucs get?,2025-10-13 21:10:48,2025-10-13 21:10:50,102
7926,MaddenNFL,Positive,Hollywood gonna beat the brakes off that man. Too many power overs do the Bucs have?,2025-10-13 21:10:48,2025-10-13 21:10:50,84
7927,MaddenNFL,Neutral,@EAMaddenNFL @EA I am glad we are getting some patches for the game especially franchise. We need more. Even bringing back previously available functions( i.e. stadium creator) from Madden games of the past. I hope you guys make enough improvements to make this game feel worth it,2025-10-13 21:10:48,2025-10-13 21:10:50,280
7927,MaddenNFL,Neutral,"@ EAMaddenNFL @ EA I'm glad we're getting some patches for the game, especially franchises. We need more. Even a return to previously available features (i.e. stadium builders) from Madden games of the past. I hope you guys make enough improvements to make this game worth it.",2025-10-13 21:10:48,2025-10-13 21:10:50,276
7927,MaddenNFL,Neutral,"@ EAMaddenNFL @ EA I'm glad we're getting some fixes for the game, especially the franchise.",2025-10-13 21:10:48,2025-10-13 21:10:50,92
7927,MaddenNFL,Neutral,@EAMaddenNFL @EA - am glad we are getting some patches for the game especially franchise. We need more. Including bringing back previously available functions( i.e. stadium creator) from Madden games of the past. I hope you guys make enough patches to help this campaign feel worth it,2025-10-13 21:10:48,2025-10-13 21:10:50,284
7927,MaddenNFL,Neutral,The @EAMaddenNFL @EA I am glad too we are getting some patches needed for the game especially franchise. We need more. Even bringing back previously available functions ( i. e. stadium creator ) from Madden World games of from the past. I hope you team guys make enough programming improvements necessary to make make this game feel more worth it,2025-10-13 21:10:48,2025-10-13 21:10:50,346
7927,MaddenNFL,Neutral,@EAMaddenNFL @EA just am glad we are getting some patches for the game especially franchise. Nothing need more. Even bringing back previously available functions( i.e. stadium creator) from old games of the past. I wish each players make enough progress to make this place feel worth playing,2025-10-13 21:10:48,2025-10-13 21:10:50,291
7928,MaddenNFL,Neutral,"Looks great.  Unfortunately, you will never see this.  Game publishers appear to be getting away from TV/network Presentations.  And I understand the reasons why.  Still sad though.",2025-10-13 21:10:48,2025-10-13 21:10:50,181
7928,MaddenNFL,Neutral,"Looks great. Unfortunately, you'll never see that. Game publishers seem to be moving away from TV / network presentations, and I understand the reasons for that. Nevertheless, I'm sad.",2025-10-13 21:10:48,2025-10-13 21:10:50,184
7928,MaddenNFL,Neutral,"It looks great. Unfortunately, you will never see it. Game publishers seem to be moving away from TV / network presentations, and I understand why.",2025-10-13 21:10:48,2025-10-13 21:10:50,147
7928,MaddenNFL,Neutral,"Looks great.  Well, you will never see that.  Game publishers appear to prefer getting away from TV/network Presentations.  but I understand the reasons why.  Still sad though.",2025-10-13 21:10:48,2025-10-13 21:10:50,176
7928,MaddenNFL,Neutral,"Really Looks very great. Unfortunately, you will never see this. Game publishers appear to be mostly getting away quickly from reality TV / Sony network Presentations. And I understand the main reasons why. Still sad though.",2025-10-13 21:10:48,2025-10-13 21:10:50,224
7928,MaddenNFL,Neutral,"Looks great. Unfortunately, you will never love this. Game publishers appear to be turning away using TV/network ads. And I understand the reasons why. Again sad though.",2025-10-13 21:10:48,2025-10-13 21:10:50,169
7929,MaddenNFL,Negative,@EA @EAMaddenNFL The recent announcement that EA has locked up another long term contract with the @NFL is remarkably disrespectful to the fans that have been with Madden for 20 years. Allow competition. Madden is no longer the quality it once was.,2025-10-13 21:10:48,2025-10-13 21:10:50,248
7929,MaddenNFL,Negative,@ EA @ EAMaddenNFL The recent announcement that EA has signed another long-term contract with the @ NFL is remarkably disrespectful to the fans who have followed Madden for 20 years.,2025-10-13 21:10:48,2025-10-13 21:10:50,182
7929,MaddenNFL,Negative,@ EA @ EAMaddenNFL The recent announcement that EA has signed another long-term contract with @ NFL is surprisingly unpleasant for fans who have been with Madden for 20 years.,2025-10-13 21:10:48,2025-10-13 21:10:50,175
7929,MaddenNFL,Negative,@EA @EAMaddenNFL The recent reveal that EA has locked up another long term contract with the @NFL is remarkably disrespectful of the fans that have been with it for 20 years. Allow competition. Madden its no longer the quality it once represented.,2025-10-13 21:10:48,2025-10-13 21:10:50,247
7929,MaddenNFL,Negative,@EA @EAMaddenNFL The recent recent announcement that EA has locked itself up another long years term contract with the @NFL is remarkably... disrespectful to the EA fans that have been with Danny Madden for over 20 years. Allow competition. Madden is no longer at the quality it has once ago was.,2025-10-13 21:10:48,2025-10-13 21:10:50,296
7929,MaddenNFL,Negative,@EA @EAMaddenNFL Your recent announcement that EA has locked up another two term agreement with the @NFL is remarkably disrespectful to many fans that have been with Chelsea for 20 years. Allow competition. Football is no as the glory it once was.,2025-10-13 21:10:48,2025-10-13 21:10:50,247
7930,MaddenNFL,Negative,@EAMaddenNFL @SGraddyEA @Swami_EA @EA_White @ClintOldenburg You failed us,2025-10-13 21:10:48,2025-10-13 21:10:50,75
7930,MaddenNFL,Negative,@ EAMaddenNFL @ SGraddyEA @ Swami _ EA @ EA _ White @ ClintOldenburg you have let us down,2025-10-13 21:10:48,2025-10-13 21:10:50,89
7930,MaddenNFL,Negative,@ EAMaddenNFL @ SGraddyEA @ Swami _ EA @ EA _ White @ Clintburg You have let us down,2025-10-13 21:10:48,2025-10-13 21:10:50,84
7930,MaddenNFL,Negative,@EAMaddenNFL @SGraddyEA @Swami_EA @EA_White @ClintOldenburg You owe us,2025-10-13 21:10:48,2025-10-13 21:10:50,70
7930,MaddenNFL,Negative,R @EAMaddenNFL @SGraddyEA SR @Swami_EA @EA_White SR @ClintOldenburg You has failed us,2025-10-13 21:10:48,2025-10-13 21:10:50,85
7930,MaddenNFL,Negative,@EAMaddenNFL & Oh @SGraddyEA And You failed us,2025-10-13 21:10:48,2025-10-13 21:10:50,46
7931,MaddenNFL,Negative,WTFFF is my strength of schedule 102. THEE highest in weekend league with a 88 Ovr team EA wtffff????? @EAMaddenNFL @EASPORTS_MUT,2025-10-13 21:10:48,2025-10-13 21:10:50,129
7931,MaddenNFL,Negative,WTFFF is my strength in schedule 102nd THIS highest in the league with an 88 ovr team EA wtffff????? @ EAMaddenNFL @ EASPORTS _ MUT,2025-10-13 21:10:48,2025-10-13 21:10:50,131
7931,MaddenNFL,Negative,WTFFF is my strength chart 102. They are the highest in the weekend league with the 88 Ovr EA team wtffff??? @ EAMaddenNFL @ EASPORTS _ MUT,2025-10-13 21:10:48,2025-10-13 21:10:50,139
7931,MaddenNFL,Negative,WTFFF is my strength of schedule 102. THEE IS scoring weekend fixtures with a 88 Ovr team EA wtffff????? @EAMaddenNFL @EASPORTS_MUT,2025-10-13 21:10:48,2025-10-13 21:10:50,131
7931,MaddenNFL,Negative,My WTFFF is on my strength of test schedule number 102. THEE highest seed in weekend league A with a 88 MW Ovr team EA wtffff????? N @EAMaddenNFL @EASPORTS_MUT,2025-10-13 21:10:48,2025-10-13 21:10:50,159
7931,MaddenNFL,Negative,WTFFF was my League of teams 102. THEE highest in my league is a 88 Ovr team EA wtffff????? Why @EAMaddenNFL,2025-10-13 21:10:48,2025-10-13 21:10:50,108
7932,MaddenNFL,Negative,I still don't understand why @EAMaddenNFL has it so plays are called dead once a player recovers a fumble. It drives me nuts.,2025-10-13 21:10:48,2025-10-13 21:10:50,127
7932,MaddenNFL,Negative,"I still don't understand why @ EAMaddenNFL has it that games are dead once a player recovers from a fumble, it drives me crazy.",2025-10-13 21:10:48,2025-10-13 21:10:50,127
7932,MaddenNFL,Negative,"I still don't understand why @ EAMaddenNFL has this, so plays are called dead as soon as the player closes the diaper.",2025-10-13 21:10:48,2025-10-13 21:10:50,118
7932,MaddenNFL,Negative,I still don't understand why @EAMaddenNFL has it so sacks are called dead once a player has a fumble. It drives me nuts.,2025-10-13 21:10:48,2025-10-13 21:10:50,120
7932,MaddenNFL,Negative,Because I still don't remotely understand why @EAMaddenNFL has had it checked so plays are automatically called dead once a player actually recovers a fumble. It drives me nuts.,2025-10-13 21:10:48,2025-10-13 21:10:50,177
7932,MaddenNFL,Negative,however still don't understand why @EAMaddenNFL has it so plays are called repeatedly because a player forces a fumble. It drives me nuts.,2025-10-13 21:10:48,2025-10-13 21:10:50,138
7933,MaddenNFL,Negative,What a disgrace @EAMaddenNFL,2025-10-13 21:10:48,2025-10-13 21:10:50,28
7933,MaddenNFL,Negative,What a shame @ EAMaddenNFL,2025-10-13 21:10:48,2025-10-13 21:10:50,26
7933,MaddenNFL,Negative,What a shame @ EAMaddenNFL,2025-10-13 21:10:48,2025-10-13 21:10:50,26
7933,MaddenNFL,Negative,What a disgrace<unk>,2025-10-13 21:10:48,2025-10-13 21:10:50,20
7933,MaddenNFL,Negative,25 What did a disgrace @EAMaddenNFL,2025-10-13 21:10:48,2025-10-13 21:10:50,35
7933,MaddenNFL,Negative,What a disgrace of,2025-10-13 21:10:48,2025-10-13 21:10:50,18
7934,MaddenNFL,Negative,@EAMaddenNFL servers down since the morning .,2025-10-13 21:10:48,2025-10-13 21:10:50,46
7934,MaddenNFL,Negative,@ EAMaddenNFL server since the morning.,2025-10-13 21:10:48,2025-10-13 21:10:50,39
7934,MaddenNFL,Negative,@ EAMaddenNFL servers have been down since morning.,2025-10-13 21:10:48,2025-10-13 21:10:50,51
7934,MaddenNFL,Negative,@EAMaddenNFL servers up since the morning.,2025-10-13 21:10:48,2025-10-13 21:10:50,42
7934,MaddenNFL,Negative,One @EAMaddenNFL servers down since the past morning.,2025-10-13 21:10:48,2025-10-13 21:10:50,53
7934,MaddenNFL,Negative,@EAMaddenNFL been down since the morning.,2025-10-13 21:10:48,2025-10-13 21:10:50,41
7935,MaddenNFL,Negative,@EAMaddenNFL how you update the game and this BS still happens? Been sitting here for 40 minutes and I’m on a win streak. Never buying this trash game again pic.twitter.com/INkGzY6uyn,2025-10-13 21:10:48,2025-10-13 21:10:50,183
7935,MaddenNFL,Negative,@ EAMaddenNFL how do you update the game and this BS still happens? I've been sitting here for 40 minutes and am on a winning streak. Never buy this trash game again pic.twitter.com / INkGzY6uyn,2025-10-13 21:10:48,2025-10-13 21:10:50,194
7935,MaddenNFL,Negative,@ EAMaddenNFL how are you updating the game and it's still happening? Sit here for 40 minutes and I'm on a winning streak.,2025-10-13 21:10:48,2025-10-13 21:10:50,122
7935,MaddenNFL,Negative,RhandlerR how you update the game and this BS still happens? Been sitting here for 40 minutes and I’m on a win streak. Never buying this trash game again pic.twitter.com/INkGzY6uyn,2025-10-13 21:10:48,2025-10-13 21:10:50,180
7935,MaddenNFL,Negative,with RhandlerR how you update the game and this BS still happens? Been sitting here for 40 minutes and I’m on a win streak. Never buying this trash game again pic.twitter.com/INkGzY6uyn,2025-10-13 21:10:48,2025-10-13 21:10:50,185
7935,MaddenNFL,Negative,know,2025-10-13 21:10:48,2025-10-13 21:10:50,4
7936,MaddenNFL,Negative,Now @EAMaddenNFL is stealing my money now just spent $200 on madden and it didnt give me anything,2025-10-13 21:10:48,2025-10-13 21:10:50,97
7936,MaddenNFL,Negative,Now @ EAMaddenNFL is stealing my money I've just spent $200 on madmen and it hasn't given me anything,2025-10-13 21:10:48,2025-10-13 21:10:50,101
7936,MaddenNFL,Negative,"Now @ EAMaddenNFL steals my money, just spent $200 on madden and it won't give me anything",2025-10-13 21:10:48,2025-10-13 21:10:50,90
7936,MaddenNFL,Negative,Now @EAMaddenNFL is stealing my money now<unk> spent $200 on madden and they didnt give me anything,2025-10-13 21:10:48,2025-10-13 21:10:50,99
7936,MaddenNFL,Negative,Now that @EAMaddenNFL is actively stealing my money now what just spent $ 200 million on madden and it didnt give me anything,2025-10-13 21:10:48,2025-10-13 21:10:50,125
7936,MaddenNFL,Negative,Now @EAMaddenNFL is stealing my crap you just did $200 on madden and it didnt give me anything,2025-10-13 21:10:48,2025-10-13 21:10:50,94
7937,MaddenNFL,Negative,@EAMaddenNFL  PLZ FIX YOUR FUCKING GAME THIS ONLY HAPPENS TO ME NEVER MY OPPONENT pic.twitter.com/oAGe1onF5Y,2025-10-13 21:10:48,2025-10-13 21:10:50,108
7937,MaddenNFL,Negative,@ EAMaddenNFL ZIP Code FIX YOUR FUCKING GAME THIS ONLY HAPPENED ME NEVER MY POSSIBILITY pic.twitter.com / oAGe1onF5Y,2025-10-13 21:10:48,2025-10-13 21:10:50,116
7937,MaddenNFL,Negative,@ EAMaddenNFL PLZ FIX YOUR FUCKING GAME This ONLY HAPPENS TO ME NEVER MY OPPONENT pic.fr / oAGe1onF5Y,2025-10-13 21:10:48,2025-10-13 21:10:50,101
7937,MaddenNFL,Negative,RhandlerR  PLZ FIX YOUR FUCKING GAME THIS ONLY HAPPENS TO ME NEVER MY OPPONENT pic.twitter.com/oAGe1onF5Y,2025-10-13 21:10:48,2025-10-13 21:10:50,105
7937,MaddenNFL,Negative,1 RhandlerR  PLZ FIX YOUR FUCKING GAME THIS ONLY HAPPENS TO ME NEVER MY OPPONENT pic.twitter.com/oAGe1onF5Y,2025-10-13 21:10:48,2025-10-13 21:10:50,107
7937,MaddenNFL,Negative,that,2025-10-13 21:10:48,2025-10-13 21:10:50,4
7938,MaddenNFL,Negative,Just got in and bought pints and now I got an error code idk if my pints are even gonna be there EA please fix your shit I want my points @EAMaddenNFL @EASPORTS_MUT @EAHelp,2025-10-13 21:10:48,2025-10-13 21:10:50,172
7938,MaddenNFL,Negative,I just came in and bought a few pints and now I have an error code idk if my pints are even there please fix your shit I want my points @ EAMaddenNFL @ EASPORTS _ MUT @ EAHelp,2025-10-13 21:10:48,2025-10-13 21:10:50,175
7938,MaddenNFL,Negative,Just got in and bought pints and now I got an error code idk if my pints are even gonna be there EA please fix your shit I want my points @ EAMaddenNFL @ EASPORTS _ MUT @ EAHelp,2025-10-13 21:10:48,2025-10-13 21:10:50,177
7938,MaddenNFL,Negative,Just got here and bought it and now I got an error code idk if my pints are even gonna be for EA please fix your shit I want pin points @EAMaddenNFL @EASPORTS_MUT @EAHelp,2025-10-13 21:10:48,2025-10-13 21:10:50,170
7938,MaddenNFL,Negative,Now Just got put in and bought pints and now just I got out an unfortunate error of code idk So if my pints never are even gonna be back there EA please fix your shit I want my points @EAMaddenNFL @EASPORTS_MUT @EAHelp,2025-10-13 21:10:48,2025-10-13 21:10:50,218
7938,MaddenNFL,Negative,Just got in and bought them right now I got an error code idk if my responses are even gonna be fine EA please fix your shit I get my points too @EAMaddenNFL So,2025-10-13 21:10:48,2025-10-13 21:10:50,160
7939,MaddenNFL,Negative,@EASPORTS @EAMaddenNFL Fuckk the LGBT faction at EA. Those are the ones that benefit the most without ever walking in those pride parades. Respect to THEM but not these homo-Christ bashing disgusting abusers. Fuckk you. (L)ove (G)od (B)less (T)rump. @realDonaldTrump,2025-10-13 21:10:48,2025-10-13 21:10:50,266
7939,MaddenNFL,Negative,"@ EASPORTS @ EAMaddenNFL Fuckk the LGBT faction at EA. It's the ones who benefit the most without ever taking part in these pride parades. Respect them, but not these homo-christian insults from disgusting abusers. Fuckk you. (L) ove (G) od (B) less (T) rump. @ realDonaldTrump",2025-10-13 21:10:48,2025-10-13 21:10:50,277
7939,MaddenNFL,Negative,@ EASPORTS @ EAMaddenNFuckingLGBT at EA - these are the ones who benefit the most by never participating in those pride parades.,2025-10-13 21:10:48,2025-10-13 21:10:50,128
7939,MaddenNFL,Negative,@EASPORTS @EAMaddenNFL Fuckk the LGBT faction at least. Those aren the ones that struggle the most with ever being in those parade parades. Respect to THEM --- not these homo-Christ bashing disgusting abusers. Fuckk you. (L)ove (G)od (B)less (T)rump. @realDonaldTrump,2025-10-13 21:10:48,2025-10-13 21:10:50,267
7939,MaddenNFL,Negative,@EASPORTS @EAMaddenNFL Fuckk the LGBT advocacy faction at our EA. Those are the ones that benefit the most without ever walking in like those pride park parades. Respect has to get THEM but not these homo - Christ bashing disgusting gay abusers. Fuckk you. ( L ) ove ( I G ) od ( B ) z less ( T ) i rump. @realDonaldTrump,2025-10-13 21:10:48,2025-10-13 21:10:50,321
7939,MaddenNFL,Negative,@EASPORTS @EAMaddenNFL Fuckk the LGBT folks at EA. Those are the ones you play with games without ever part in those pride parades. Right to THEM beyond ignoring these Jesus-Christ bashing disgusting abusers. Fuckk you. (L)ove (G)od (B)less (T)rump. @realDonaldTrump,2025-10-13 21:10:48,2025-10-13 21:10:50,266
7940,MaddenNFL,Negative,"@EAMaddenNFL madden 21’s career mode SUCKS, please just bring back the Madden 06 one with better graphics PLEEAASSEEE",2025-10-13 21:10:48,2025-10-13 21:10:50,117
7940,MaddenNFL,Negative,"@ EAMaddenNFL madden 21's career mode SUCKS, please just bring back the Madden 06 with better graphics PLEEAASSEEE",2025-10-13 21:10:48,2025-10-13 21:10:50,114
7940,MaddenNFL,Negative,"@ EAMaddenNFL madden 21's career mode SUCKS, please just bring back the Madden 06 one with better graphics PLEEAASSEEE",2025-10-13 21:10:48,2025-10-13 21:10:50,118
7940,MaddenNFL,Negative,"@EAMaddenNFL madden 21’s Zombies mode SUCKS, please fucking bring back the old 06 one with better graphics PLEEAASSEEE",2025-10-13 21:10:48,2025-10-13 21:10:50,118
7940,MaddenNFL,Negative,"More @EAMaddenNFL madden The 21 ’ s career mode SUCKS, please just bring on back the Madden 06 one already with better 3D graphics option PLEEAASSEEE",2025-10-13 21:10:48,2025-10-13 21:10:50,149
7940,MaddenNFL,Negative,"me on the career mode SUCKS, lets just bring me the Madden 06 one with better graphics PLEEAASSEEE",2025-10-13 21:10:48,2025-10-13 21:10:50,98
7941,MaddenNFL,Negative,@EAMaddenNFL just made @DSuave_12 & I quit in the KO Championship because it wouldn’t load... pic.twitter.com/YjfplRIRwh,2025-10-13 21:10:48,2025-10-13 21:10:50,120
7941,MaddenNFL,Negative,@ EAMaddenNFL has just finished @ DSuave _ 12 & I in the knockout championship because it wouldn't load... pic.twitter.com / YjfplRIRwh,2025-10-13 21:10:48,2025-10-13 21:10:50,135
7941,MaddenNFL,Negative,@ EAMaddenNFL just made @ DSuave _ 12 & I quit in the KO Championship because it would not load... pic.wikipedia.org / YPLRIRwh,2025-10-13 21:10:48,2025-10-13 21:10:50,127
7941,MaddenNFL,Negative,RhandlerR just made RhandlerR & I quit in the KO Championship because it wouldn’t load... pic.twitter.com/YjfplRIRwh,2025-10-13 21:10:48,2025-10-13 21:10:50,116
7941,MaddenNFL,Negative,2 RhandlerR just made RhandlerR & I quit in the KO Championship because it wouldn’t load... pic.twitter.com/YjfplRIRwh,2025-10-13 21:10:48,2025-10-13 21:10:50,118
7941,MaddenNFL,Negative,my,2025-10-13 21:10:48,2025-10-13 21:10:50,2
7942,MaddenNFL,Negative,Lmao this is flat out embarrassing,2025-10-13 21:10:48,2025-10-13 21:10:50,34
7942,MaddenNFL,Negative,Lmao this is absolutely embarrassing,2025-10-13 21:10:48,2025-10-13 21:10:50,36
7942,MaddenNFL,Negative,Lmao this is flat out confusing,2025-10-13 21:10:48,2025-10-13 21:10:50,31
7942,MaddenNFL,Negative,Lmao this is flat out genius,2025-10-13 21:10:48,2025-10-13 21:10:50,28
7942,MaddenNFL,Negative,Lmao this is flat out quite embarrassing,2025-10-13 21:10:48,2025-10-13 21:10:50,40
7942,MaddenNFL,Negative,Lmao this is flat fucking embarrassing,2025-10-13 21:10:48,2025-10-13 21:10:50,38
7943,MaddenNFL,Negative,Bro...this controller finna go thru the TV ! @EAMaddenNFL WTF IS THIS!!!,2025-10-13 21:10:48,2025-10-13 21:10:50,72
7943,MaddenNFL,Negative,Bro... this controller finna goes through the tv! @ EAMaddenNFL WTF IS THIS!!!,2025-10-13 21:10:48,2025-10-13 21:10:50,78
7943,MaddenNFL,Negative,Bro... this controlfinna go thru the TV! @ EAMaddenNFL WTF IS THIS!!!,2025-10-13 21:10:48,2025-10-13 21:10:50,69
7943,MaddenNFL,Negative,Bro...this controller doesnt go thru the TV! @EAMaddenNFL WTF IS THIS!!!,2025-10-13 21:10:48,2025-10-13 21:10:50,72
7943,MaddenNFL,Negative,Bro... of this controller would finna go thru the TV! @EAMaddenNFL and WTF ME IS IT THIS!!!,2025-10-13 21:10:48,2025-10-13 21:10:50,91
7943,MaddenNFL,Negative,like...this controller finna<unk> thru the fire! @EAMaddenNFL WTF IS THIS!!!,2025-10-13 21:10:48,2025-10-13 21:10:50,76
7944,MaddenNFL,Negative,BYE @EAMaddenNFL y’all done,2025-10-13 21:10:48,2025-10-13 21:10:50,27
7944,MaddenNFL,Negative,BYE @ EAMaddenNFL y'all done,2025-10-13 21:10:48,2025-10-13 21:10:50,28
7944,MaddenNFL,Negative,BYE @ EAMaddenNFL y'all done,2025-10-13 21:10:48,2025-10-13 21:10:50,28
7944,MaddenNFL,Negative,BYE @EAMaddenNFL y’all<unk>,2025-10-13 21:10:48,2025-10-13 21:10:50,27
7944,MaddenNFL,Negative,K BYE A @EAMaddenNFL y ’ all done,2025-10-13 21:10:48,2025-10-13 21:10:50,33
7944,MaddenNFL,Negative,BYE AM y’all done,2025-10-13 21:10:48,2025-10-13 21:10:50,17
7945,MaddenNFL,Neutral,Good start @EAMaddenNFL need to hear more,2025-10-13 21:10:48,2025-10-13 21:10:50,43
7945,MaddenNFL,Neutral,Good start @ EAMaddenNFL needs to hear more,2025-10-13 21:10:48,2025-10-13 21:10:50,43
7945,MaddenNFL,Neutral,Good start @ EAMaddenNFL needs to hear more,2025-10-13 21:10:48,2025-10-13 21:10:50,43
7945,MaddenNFL,Neutral,Good start @EAMaddenNFL need you hear more,2025-10-13 21:10:48,2025-10-13 21:10:50,42
7945,MaddenNFL,Neutral,... Good start @EAMaddenNFL need desperately to hear more,2025-10-13 21:10:48,2025-10-13 21:10:50,57
7945,MaddenNFL,Neutral,Good start @EAMaddenNFL<unk> to hear more,2025-10-13 21:10:48,2025-10-13 21:10:50,41
7946,MaddenNFL,Negative,MADDEN!!!! Don’t fuckin play around wit me!!!,2025-10-13 21:10:48,2025-10-13 21:10:50,45
7946,MaddenNFL,Negative,MADDEN!!!! Don't fuckin play around wit me!!!,2025-10-13 21:10:48,2025-10-13 21:10:50,45
7946,MaddenNFL,Negative,MADDEN!!!! Don't fuckin play around wit me!!!,2025-10-13 21:10:48,2025-10-13 21:10:50,45
7946,MaddenNFL,Negative,MADDEN!!!! No fuckin play around wit me!!!,2025-10-13 21:10:48,2025-10-13 21:10:50,42
7946,MaddenNFL,Negative,MADDEN!!!! Don ’ t fuckin fuck play around around around wit da me!!!,2025-10-13 21:10:48,2025-10-13 21:10:50,69
7946,MaddenNFL,Negative,MADDEN!!!! Then fuckin play around to me!!!,2025-10-13 21:10:48,2025-10-13 21:10:50,43
7947,MaddenNFL,Positive,Nice game @EAMaddenNFL .  pic.twitter.com/csVm607lov,2025-10-13 21:10:48,2025-10-13 21:10:50,52
7947,MaddenNFL,Positive,Nice game @ EAMaddenNFL. pic.twitter.com / csVm607lov,2025-10-13 21:10:48,2025-10-13 21:10:50,53
7947,MaddenNFL,Positive,Nice game @ EAMaddenNFL. pic.fm / csVm607lov,2025-10-13 21:10:48,2025-10-13 21:10:50,44
7947,MaddenNFL,Positive,Nice game RhandlerR .  pic.twitter.com/csVm607lov,2025-10-13 21:10:48,2025-10-13 21:10:50,49
7947,MaddenNFL,Positive,2009 Nice game RhandlerR .  pic.twitter.com/csVm607lov,2025-10-13 21:10:48,2025-10-13 21:10:50,54
7947,MaddenNFL,Positive,I,2025-10-13 21:10:48,2025-10-13 21:10:50,1
7948,MaddenNFL,Positive,Yassss! My team!! RAVENS!!,2025-10-13 21:10:48,2025-10-13 21:10:50,26
7948,MaddenNFL,Positive,Yassss! My team!! RAVENS!!,2025-10-13 21:10:48,2025-10-13 21:10:50,26
7948,MaddenNFL,Positive,Ясс! Моя компания!!!!!!!!!!!!!!!!!!!!!!!!!!!!!!!!!!!!!!!!!!!!!!!!!!!!!!!!!!!!!!!!!!!!!!!!!!!!!!!!!!!!!!!!!!!!!!!!!!!!!!!!!!!!!!!!!!!!!!!!!!!!!!!!!!!!!!!!!!!!!!!!!!!!!!!,2025-10-13 21:10:48,2025-10-13 21:10:50,168
7948,MaddenNFL,Positive,Yassss! Go team!! RAVENS!!,2025-10-13 21:10:48,2025-10-13 21:10:50,26
7948,MaddenNFL,Positive,Yassss! And My own team!! RAVENS!!,2025-10-13 21:10:48,2025-10-13 21:10:50,34
7948,MaddenNFL,Positive,YOU! My team!! RAVENS!!,2025-10-13 21:10:48,2025-10-13 21:10:50,23
7949,MaddenNFL,Negative,@Quiique_89 does this give you nightmares!? lmaooo,2025-10-13 21:10:48,2025-10-13 21:10:50,50
7949,MaddenNFL,Negative,@ Quiique _ 89 gives you nightmares!? lmaooo,2025-10-13 21:10:48,2025-10-13 21:10:50,44
7949,MaddenNFL,Negative,@ Qiwi _ 89 it gives you nightmares!? lmaooo,2025-10-13 21:10:48,2025-10-13 21:10:50,44
7949,MaddenNFL,Negative,@Quiique_89 does this give him nightmares!? lmaooo,2025-10-13 21:10:48,2025-10-13 21:10:50,50
7949,MaddenNFL,Negative,@Quiique_89 does this song give me you nightmares!?... lmaooo,2025-10-13 21:10:48,2025-10-13 21:10:50,61
7949,MaddenNFL,Negative,@Quiique_89 will this bring you nightmares!? lmaooo,2025-10-13 21:10:48,2025-10-13 21:10:50,51
7950,MaddenNFL,Negative,@EAMaddenNFL when I first pre ordered it said standard would get to play 3 days early now only the other 2 version thanks a lot smh,2025-10-13 21:10:48,2025-10-13 21:10:50,131
7950,MaddenNFL,Negative,"@ EAMaddenNFL, when I first pre-ordered it, said that the standard would play 3 days earlier, now only the other 2 versions thanks to many smh",2025-10-13 21:10:48,2025-10-13 21:10:50,142
7950,MaddenNFL,Negative,"@ EAMaddenNFL when I first ordered it said the standard would be played 3 days earlier, now only another version 2 thanks a lot of SMH",2025-10-13 21:10:48,2025-10-13 21:10:50,134
7950,MaddenNFL,Negative,@EAMaddenNFL when I first got ordered it said standard would get to play 4 days early now only the other 2 version thanks a lot smh,2025-10-13 21:10:48,2025-10-13 21:10:50,131
7950,MaddenNFL,Negative,What @EAMaddenNFL when I first pre ordered it said standard practice would get I to play 3 days all early now only after the other 2 weeks version thanks a lot smh,2025-10-13 21:10:48,2025-10-13 21:10:50,163
7950,MaddenNFL,Negative,@EAMaddenNFL when I first pre ordered it said standard would get to play 8 days early now so the other 1 version thanks a bit smh,2025-10-13 21:10:48,2025-10-13 21:10:50,129
7951,MaddenNFL,Neutral,Incredible work @EAMaddenNFL .,2025-10-13 21:10:48,2025-10-13 21:10:50,32
7951,MaddenNFL,Neutral,Incredible work @ EAMaddenNFL.,2025-10-13 21:10:48,2025-10-13 21:10:50,30
7951,MaddenNFL,Neutral,Incredible work by @ EAMaddenNFL.,2025-10-13 21:10:48,2025-10-13 21:10:50,33
7951,MaddenNFL,Neutral,Incredible work @EAMaddenNFL work,2025-10-13 21:10:48,2025-10-13 21:10:50,33
7951,MaddenNFL,Neutral,Incredible art work @EAMaddenNFL.,2025-10-13 21:10:48,2025-10-13 21:10:50,33
7951,MaddenNFL,Neutral,Incredible work today.,2025-10-13 21:10:48,2025-10-13 21:10:50,22
7952,MaddenNFL,Negative,@EAMaddenNFL fix your game guy ragequits it freezes the screen forces me to close app and gives them the win,2025-10-13 21:10:48,2025-10-13 21:10:50,108
7952,MaddenNFL,Negative,@ EAMaddenNFL fix your game guy it freezes the screen forcing me to close app and gives them the win,2025-10-13 21:10:48,2025-10-13 21:10:50,100
7952,MaddenNFL,Negative,@ EAMaddenNFL fix your game guy ragequits it freezes the screen makes me close the app and gives them a win,2025-10-13 21:10:48,2025-10-13 21:10:50,107
7952,MaddenNFL,Negative,@EAMaddenNFL fix because game guy ragequits it freezes the screen forces me to close app and gives them the time,2025-10-13 21:10:48,2025-10-13 21:10:50,112
7952,MaddenNFL,Negative,@EAMaddenNFL fix your game guy get ragequits it freezes the screen forces just me quickly to close the app them and gives them the win,2025-10-13 21:10:48,2025-10-13 21:10:50,134
7952,MaddenNFL,Negative,@EAMaddenNFL is a sweet guy ragequits it freezes the screen forces game to close app and gives them the win,2025-10-13 21:10:48,2025-10-13 21:10:50,107
7953,MaddenNFL,Positive,We really got a top 5 WR in the NFL BLESS UP,2025-10-13 21:10:48,2025-10-13 21:10:50,44
7953,MaddenNFL,Positive,We really have a top 5 WR in the NFL BLESS UP,2025-10-13 21:10:48,2025-10-13 21:10:50,45
7953,MaddenNFL,Positive,We really got a top 5 WR in the NFL BLESS UP,2025-10-13 21:10:48,2025-10-13 21:10:50,44
7953,MaddenNFL,Positive,We really got a top 5 WR in the NFL SET UP,2025-10-13 21:10:48,2025-10-13 21:10:50,42
7953,MaddenNFL,Positive,We really got a wide top 5 WR in both the NFL BLESS UP,2025-10-13 21:10:48,2025-10-13 21:10:50,54
7953,MaddenNFL,Positive,they really got a top running WR in the NFL BLESS UP,2025-10-13 21:10:48,2025-10-13 21:10:50,52
7954,MaddenNFL,Negative,these tuff don’t get me wrong but he is not the best receiver in the nfl,2025-10-13 21:10:48,2025-10-13 21:10:50,72
7954,MaddenNFL,Negative,"t get me wrong, but he is not the best receiver in the nfl",2025-10-13 21:10:48,2025-10-13 21:10:50,58
7954,MaddenNFL,Negative,these tuff don't get me wrong but he is not the best receiver in the nfl,2025-10-13 21:10:48,2025-10-13 21:10:50,72
7954,MaddenNFL,Negative,these tuff don’t gotten me wrong but Taylor is not the best receiver in the nfl,2025-10-13 21:10:48,2025-10-13 21:10:50,79
7954,MaddenNFL,Negative,these tuff don ’ t get me quite wrong either but again he is not the best receiver in most the nfl,2025-10-13 21:10:48,2025-10-13 21:10:50,98
7954,MaddenNFL,Negative,these tuff don’t get me wrong that he ranks not the best receiver in your nfl,2025-10-13 21:10:48,2025-10-13 21:10:50,77
7955,MaddenNFL,Negative,@EAMaddenNFL adjust @K1 ratings you clowns disrespected him GOING OFF,2025-10-13 21:10:48,2025-10-13 21:10:50,69
7955,MaddenNFL,Negative,@ EAMaddenNFL @ K1 reviews you clowns disrespected him GOING OFF,2025-10-13 21:10:48,2025-10-13 21:10:50,64
7955,MaddenNFL,Negative,@ EAMaddenNFL adjust @ K1 ratings you clothed disrespected him GOOF OFF,2025-10-13 21:10:48,2025-10-13 21:10:50,71
7955,MaddenNFL,Negative,@EAMaddenNFL adjust @K1 says you clowns disrespected him GOING OFF,2025-10-13 21:10:48,2025-10-13 21:10:50,66
7955,MaddenNFL,Negative,@EAMaddenNFL would adjust @K1 ratings and you clowns and disrespected him with GOING OFF,2025-10-13 21:10:48,2025-10-13 21:10:50,88
7955,MaddenNFL,Negative,@EAMaddenNFL adjust @K1 adjusted and nearly disrespected him GOING OFF,2025-10-13 21:10:48,2025-10-13 21:10:50,70
7956,MaddenNFL,Irrelevant,Nigga got 99 whining and crying,2025-10-13 21:10:48,2025-10-13 21:10:50,31
7956,MaddenNFL,Irrelevant,Nigga got 99 whining and crying,2025-10-13 21:10:48,2025-10-13 21:10:50,31
7956,MaddenNFL,Irrelevant,Nigga got 99 to whine and cry,2025-10-13 21:10:48,2025-10-13 21:10:50,29
7956,MaddenNFL,Irrelevant,Nigga got busy whining and crying,2025-10-13 21:10:48,2025-10-13 21:10:50,33
7956,MaddenNFL,Irrelevant,Nigga got 99 when whining quietly and crying,2025-10-13 21:10:48,2025-10-13 21:10:50,44
7956,MaddenNFL,Irrelevant,Nigga got 99 beating and crying,2025-10-13 21:10:48,2025-10-13 21:10:50,31
7957,MaddenNFL,Positive,Amazing that they are showing his personality and brand on the cover this is a huge W @Lj_era8 @Ravens .,2025-10-13 21:10:48,2025-10-13 21:10:50,105
7957,MaddenNFL,Positive,"Amazing that they show his personality and brand on the cover, that's a huge W @ Lj _ era8 @ Ravens.",2025-10-13 21:10:48,2025-10-13 21:10:50,100
7957,MaddenNFL,Positive,It's amazing that they show his personality and brand on the cover - it's a huge W @ Lj _ era8 @ Ravens.,2025-10-13 21:10:48,2025-10-13 21:10:50,104
7957,MaddenNFL,Positive,Amazing that they are showing his personality and brand on the cover this is a sharp new @Lj_era8 @Ravens.,2025-10-13 21:10:48,2025-10-13 21:10:50,106
7957,MaddenNFL,Positive,Amazing that here they are showing his extreme personality and brand on onto the cover and this is a huge name W @Lj_era8 @Ravens.,2025-10-13 21:10:48,2025-10-13 21:10:50,130
7957,MaddenNFL,Positive,Amazing<unk> they are showing some personality and brand inside the cover this is a huge success @Lj_era8 @Ravens.,2025-10-13 21:10:48,2025-10-13 21:10:50,114
7958,MaddenNFL,Negative,I am getting tired of competing with MUT hoping for a true franchise/dynasty on @EAMaddenNFL year after year! I am saving my $60 and going with a upcoming star in @MaxFootballGame. IT HAS A PLAY CREATOR!!!! @ClintOldenburg @EAMaddenNFL be very ashamed ripping people off!!!!,2025-10-13 21:10:48,2025-10-13 21:10:50,274
7958,MaddenNFL,Negative,"I'm tired of competing year after year with BUDGET, hoping for a true franchise / real dynasty on @ EAMaddenNFL! I'm saving my $60 and going with a rising star in @ MaxFootballGame. IT HAS A PLAY CREATOR!!!! @ ClintOldenburg @ EAMaddenNFL I'm very ashamed to rip people off!!!!",2025-10-13 21:10:48,2025-10-13 21:10:50,277
7958,MaddenNFL,Negative,I'm tired of competing with MUT hoping for a real franchise / dynasty on @ EAMaddenNFL year after year! I save my $60 and go with a future star in @ MaxFootballGame.,2025-10-13 21:10:48,2025-10-13 21:10:50,165
7958,MaddenNFL,Negative,I am getting tired of competing with MUT hoping for a true franchise/dynasty on @EAMaddenNFL year after year! I am saving around $60 on going with a upcoming star than @MaxFootballGame. IT HAS A PLAY CREATOR!!!! @ClintOldenburg loud and very ashamed ripping people off!!!!,2025-10-13 21:10:48,2025-10-13 21:10:50,272
7958,MaddenNFL,Negative,I still am getting tired... of it competing with MUT hoping for a true franchise / series dynasty on @EAMaddenNFL year after year! I personally am saving my $ 60 and going with a upcoming star in @MaxFootballGame. IT A HAS A PLAY TO CREATOR!!!! @ClintOldenburg And @EAMaddenNFL be very ashamed when ripping your people off!!!!,2025-10-13 21:10:48,2025-10-13 21:10:50,326
7958,MaddenNFL,Negative,of started getting tired from competing outside MUT hoping for a true franchise/dynasty on @EAMaddenNFL year after year! I am dropping some money and going with a upcoming star in @MaxFootballGame. THIS HAS A PLAY CREATOR!!!! Make @ClintOldenburg be very ashamed ripping people off!!!!,2025-10-13 21:10:48,2025-10-13 21:10:50,285
7959,MaddenNFL,Negative,Yo @EASPORTS @EAMaddenNFL @EASPORTS_MUT y’all having some server issues? I’m unable to connect to EA!,2025-10-13 21:10:48,2025-10-13 21:10:50,101
7959,MaddenNFL,Negative,Yo @ EASPORTS @ EAMaddenNFL @ EASPORTS _ MUT y'all with some server problems?,2025-10-13 21:10:48,2025-10-13 21:10:50,77
7959,MaddenNFL,Negative,Yo @ EASPORTS @ EAMaddenNFL @ EASPORTS _ MUT y'all has some server issues? I'm unable to connect to EA!,2025-10-13 21:10:48,2025-10-13 21:10:50,103
7959,MaddenNFL,Negative,Yo @EASPORTS in @EAMaddenNFL y’all having some server issues? I’m unable to connect for EA!,2025-10-13 21:10:48,2025-10-13 21:10:50,91
7959,MaddenNFL,Negative,Yo be @EASPORTS ya @EAMaddenNFL @EASPORTS_MUT y Must ’ all be having some server issues? I and ’ m unable to ever connect to EA!,2025-10-13 21:10:48,2025-10-13 21:10:50,128
7959,MaddenNFL,Negative,Yo<unk> @EASPORTS are y’all having application server issues? Be unable to connect to EA!,2025-10-13 21:10:48,2025-10-13 21:10:50,89
7960,MaddenNFL,Negative,"Disappointing that I can’t play the 10 hour EA Play trial for @EAMaddenNFL. Every time I start the game, it says the EA servers are not available at this time. I’ve been buying Madden every year for as long as I can remember, but I might be forced to pass this year. Unfortunate.",2025-10-13 21:10:49,2025-10-13 21:10:50,280
7960,MaddenNFL,Negative,"Disappointing that I can't play the 10-hour EA Play trial for @ EAMaddenNFL. Every time I start the game, it says that the EA servers are not available at this time. I buy Madden every year for as long as I can remember, but I might be forced to pass this year. Unfortunately.",2025-10-13 21:10:49,2025-10-13 21:10:50,276
7960,MaddenNFL,Negative,"It's disappointing that I can't play the 10-hour EA Play trial for @ EAMaddenNFL. Every time I start a game, he says EA servers are currently unavailable.",2025-10-13 21:10:49,2025-10-13 21:10:50,154
7960,MaddenNFL,Negative,"Disappointing that I can’t access this two hour EA Play able for @EAMaddenNFL. Every time I start the game, it says the EA servers are not available at this time. I’ve been buying Madden every year for as long as he can remember, but I might look forced to pass this year. Brilliant.",2025-10-13 21:10:49,2025-10-13 21:10:50,283
7960,MaddenNFL,Negative,"All Disappointing that I can ’ v t play through the special 10 hour EA Play trial show for @EAMaddenNFL. Every year time... I start the game, it says the real EA servers are not available at dinner this time. I ’ ve been buying Madden every year almost for as long as I can remember, but I might be forced to pass this year. Unfortunate.",2025-10-13 21:10:49,2025-10-13 21:10:50,337
7960,MaddenNFL,Negative,"Disappointing that he can’t play the 10 player EA online trial for 2013. Every time I start the trials, it says the EA servers are not available at this time. I’ve been buying Madden the year for as long and anyone can remember, knowing I might be forced to pass this year. Unfortunate.",2025-10-13 21:10:49,2025-10-13 21:10:50,286
7961,MaddenNFL,Negative,@EAMaddenNFL fix your servers they’re dog shit,2025-10-13 21:10:49,2025-10-13 21:10:50,46
7961,MaddenNFL,Negative,@ EAMaddenNFL Fix your servers they are dog shit,2025-10-13 21:10:49,2025-10-13 21:10:50,48
7961,MaddenNFL,Negative,@ EAMaddenNFL fix your servers they're dog shit,2025-10-13 21:10:49,2025-10-13 21:10:50,47
7961,MaddenNFL,Negative,@EAMaddenNFL fix HTTP servers they’re dog shit,2025-10-13 21:10:49,2025-10-13 21:10:50,46
7961,MaddenNFL,Negative,@EAMaddenNFL fix your servers and they ’ re lying dog shit,2025-10-13 21:10:49,2025-10-13 21:10:50,58
7961,MaddenNFL,Negative,just fix your servers they’re dog shit,2025-10-13 21:10:49,2025-10-13 21:10:50,38
7962,MaddenNFL,Negative,I can’t wait for @EAMaddenNFL to describe this as a new “feature” for Franchise mode.. .,2025-10-13 21:10:49,2025-10-13 21:10:50,90
7962,MaddenNFL,Negative,"I can't wait for @ EAMaddenNFL to describe this as a new \"feature\" for the franchise...",2025-10-13 21:10:49,2025-10-13 21:10:50,87
7962,MaddenNFL,Negative,"I can't wait for @ EAMaddenNFL to describe this as a new \"feature\" for franchise mode...",2025-10-13 21:10:49,2025-10-13 21:10:50,88
7962,MaddenNFL,Negative,I can’t expect for @EAMaddenNFL to accept this as a new “feature” for Franchise mode...,2025-10-13 21:10:49,2025-10-13 21:10:50,87
7962,MaddenNFL,Negative,How I can ’ t wait for @EAMaddenNFL to describe this as a truly new “ download feature ” especially for Social Franchise mode...,2025-10-13 21:10:49,2025-10-13 21:10:50,128
7962,MaddenNFL,Negative,I will draw for @EAMaddenNFL please describe that as a new “feature” for Franchise mode...,2025-10-13 21:10:49,2025-10-13 21:10:50,90
7963,MaddenNFL,Negative,@EAMaddenNFL FIX YOUR FUCKING GAME!!!!,2025-10-13 21:10:49,2025-10-13 21:10:50,38
7963,MaddenNFL,Negative,@ EAMaddenNFL FIX YOUR FICKING GAME!!!!,2025-10-13 21:10:49,2025-10-13 21:10:50,39
7963,MaddenNFL,Negative,@ EAMaddenNFL FIX YOUR FUCKING GAME!!!!,2025-10-13 21:10:49,2025-10-13 21:10:50,39
7963,MaddenNFL,Negative,@EAMaddenNFL FIX YOUR EVERY GAME!!!!,2025-10-13 21:10:49,2025-10-13 21:10:50,36
7963,MaddenNFL,Negative,@EAMaddenNFL FIX IS YOUR ACT FUCKING TO GAME!!!!,2025-10-13 21:10:49,2025-10-13 21:10:50,48
7963,MaddenNFL,Negative,@EAMaddenNFL FIX WITH FUCKING GAME!!!!,2025-10-13 21:10:49,2025-10-13 21:10:50,38
7964,MaddenNFL,Positive,Happy @EAMaddenNFL day! .,2025-10-13 21:10:49,2025-10-13 21:10:50,26
7964,MaddenNFL,Positive,Happy @ EAMaddenNFL day!.,2025-10-13 21:10:49,2025-10-13 21:10:50,25
7964,MaddenNFL,Positive,Happy @ EAMaddenNFL day!.,2025-10-13 21:10:49,2025-10-13 21:10:50,25
7964,MaddenNFL,Positive,Happy @EAMaddenNFL day!<unk>,2025-10-13 21:10:49,2025-10-13 21:10:50,28
7964,MaddenNFL,Positive,Happy @EAMaddenNFL the day!.,2025-10-13 21:10:49,2025-10-13 21:10:50,28
7964,MaddenNFL,Positive,Happy Birthday day!.,2025-10-13 21:10:49,2025-10-13 21:10:50,20
7965,MaddenNFL,Negative,Wanna hear another epic  .,2025-10-13 21:10:49,2025-10-13 21:10:50,28
7965,MaddenNFL,Negative,I want to hear another epic.,2025-10-13 21:10:49,2025-10-13 21:10:50,28
7965,MaddenNFL,Negative,I want to hear another epic.,2025-10-13 21:10:49,2025-10-13 21:10:50,28
7965,MaddenNFL,Negative,Wanna hear more epic .,2025-10-13 21:10:49,2025-10-13 21:10:50,22
7965,MaddenNFL,Negative,Wanna even hear another epic.,2025-10-13 21:10:49,2025-10-13 21:10:50,29
7965,MaddenNFL,Negative,Wanna love another epic.,2025-10-13 21:10:49,2025-10-13 21:10:50,24
7966,MaddenNFL,Negative,They messed up everybody ratings in that game cuh 🤦. ‍.,2025-10-13 21:10:49,2025-10-13 21:10:50,56
7966,MaddenNFL,Negative,They messed up all the ratings in this game.,2025-10-13 21:10:49,2025-10-13 21:10:50,44
7966,MaddenNFL,Negative,They mixed up all the ratings in that game.,2025-10-13 21:10:49,2025-10-13 21:10:50,43
7966,MaddenNFL,Negative,They messed up everybody ratings about that game cuh 🤦. ‍.,2025-10-13 21:10:49,2025-10-13 21:10:50,58
7966,MaddenNFL,Negative,They messed up everybody on ratings in that game cuh the [UNK]..,2025-10-13 21:10:49,2025-10-13 21:10:50,64
7966,MaddenNFL,Negative,They screw up everybody ratings in that game because <unk>..,2025-10-13 21:10:49,2025-10-13 21:10:50,60
7967,MaddenNFL,Negative,@EASPORTS @EAMaddenNFL @ShutdownSafety @espn @NFL @nflcommish EA Sports fails again to faithfully represent the NFL. pic.twitter.com/QBZOh3NcJf,2025-10-13 21:10:49,2025-10-13 21:10:50,143
7967,MaddenNFL,Negative,@ EASPORTS @ EAMaddenNFL @ ShutdownSafety @ espn @ NFL @ nflcommish EA Sports again fails to represent the NFL faithly. pic.twitter.com / QBZOh3NcJf,2025-10-13 21:10:49,2025-10-13 21:10:50,148
7967,MaddenNFL,Negative,@ EASPORTS @ EAMaddenNFL @ ShutdownSafety @ espn @ NFL @ nflcommissh EA Sports can't properly represent the NFL. pic.fr / QBZ3NcJf,2025-10-13 21:10:49,2025-10-13 21:10:50,130
7967,MaddenNFL,Negative,RhandlerR RhandlerR RhandlerR RhandlerR RhandlerR RhandlerR EA Sports fails again to faithfully represent the NFL. pic.twitter.com/QBZOh3NcJf,2025-10-13 21:10:49,2025-10-13 21:10:50,141
7967,MaddenNFL,Negative,x RhandlerR RhandlerR RhandlerR RhandlerR RhandlerR RhandlerR EA Sports fails again to faithfully represent the NFL. pic.twitter.com/QBZOh3NcJf,2025-10-13 21:10:49,2025-10-13 21:10:50,143
7967,MaddenNFL,Negative,I,2025-10-13 21:10:49,2025-10-13 21:10:50,1
7968,MaddenNFL,Negative,The out route is completely broken this year on @EAMaddenNFL,2025-10-13 21:10:49,2025-10-13 21:10:50,60
7968,MaddenNFL,Negative,The track is completely suspended this year on @ EAMaddenNFL,2025-10-13 21:10:49,2025-10-13 21:10:50,60
7968,MaddenNFL,Negative,"This year, @ EAMaddenNFL has a completely broken route",2025-10-13 21:10:49,2025-10-13 21:10:50,54
7968,MaddenNFL,Negative,The out route is completely broken this year on Christmas,2025-10-13 21:10:49,2025-10-13 21:10:50,57
7968,MaddenNFL,Negative,The out road route is completely broken this present year on @EAMaddenNFL,2025-10-13 21:10:49,2025-10-13 21:10:50,73
7968,MaddenNFL,Negative,full out route is completely broken this year on @EAMaddenNFL,2025-10-13 21:10:49,2025-10-13 21:10:50,61
7969,MaddenNFL,Positive,Derrick Henry should be at the top of this list,2025-10-13 21:10:49,2025-10-13 21:10:50,47
7969,MaddenNFL,Positive,Derrick Henry should be at the top of this list,2025-10-13 21:10:49,2025-10-13 21:10:50,47
7969,MaddenNFL,Positive,Derrick Henry should be at the top of that list,2025-10-13 21:10:49,2025-10-13 21:10:50,47
7969,MaddenNFL,Positive,Derrick Henry should be at the top to this list,2025-10-13 21:10:49,2025-10-13 21:10:50,47
7969,MaddenNFL,Positive,Derrick Francis Henry should be named at the top of this list,2025-10-13 21:10:49,2025-10-13 21:10:50,61
7969,MaddenNFL,Positive,Derrick Henry should be at the start of this list,2025-10-13 21:10:49,2025-10-13 21:10:50,49
7970,MaddenNFL,Positive,THE. BEST. UNIFORMS. .,2025-10-13 21:10:49,2025-10-13 21:10:50,23
7970,MaddenNFL,Positive,The. BEST. UNIFORM..,2025-10-13 21:10:49,2025-10-13 21:10:50,20
7970,MaddenNFL,Positive,THE. BEST. UNIFORMS.,2025-10-13 21:10:49,2025-10-13 21:10:50,20
7970,MaddenNFL,Positive,THE. SEA. UNIFORMS..,2025-10-13 21:10:49,2025-10-13 21:10:50,20
7970,MaddenNFL,Positive,THE. to BEST. and UNIFORMS..,2025-10-13 21:10:49,2025-10-13 21:10:50,28
7970,MaddenNFL,Positive,<unk>. BEST. UNIFORMS..,2025-10-13 21:10:49,2025-10-13 21:10:50,23
7971,MaddenNFL,Negative,I’m not buying @EAMaddenNFL until they fix their game. I’ve been playing for years and @EAHelp is the worst. I didn’t get all of my rewards from last years game and I refuse to buy this one until it’s fixed.,2025-10-13 21:10:49,2025-10-13 21:10:50,209
7971,MaddenNFL,Negative,I don't buy @ EAMaddenNFL until they've fixed their game. I've been playing for years and @ EAHelp is the worst. I haven't got all my rewards from the game of the last few years and I refuse to buy this game until it's fixed.,2025-10-13 21:10:49,2025-10-13 21:10:50,225
7971,MaddenNFL,Negative,I'm not buying @ EAMaddenNFL until they fix their game. I've been playing for years and @ EAHelp is the worst. I didn't get all of my rewards from last years game and I refer to buy this one until it's fixed.,2025-10-13 21:10:49,2025-10-13 21:10:50,208
7971,MaddenNFL,Negative,I’m not buying @EAMaddenNFL until they fix their fault. Its been playing 30 years and @EAHelp is the worst. I didn’t get all of your rewards from last week game and I refuse to buy this one until it’s fixed.,2025-10-13 21:10:49,2025-10-13 21:10:50,207
7971,MaddenNFL,Negative,I ’ m not buying @EAMaddenNFL until when they fix their game. I will ’ ve been playing cards for years straight and here @EAHelp is the worst. I also didn ’ t get all of my rewards from last years game and already I refuse to buy even this one until once it all ’ s fixed.,2025-10-13 21:10:49,2025-10-13 21:10:50,272
7971,MaddenNFL,Negative,of not buying @EAMaddenNFL until it fix their game. Only been playing for years and @EAHelp is the worst. It didn’t get all of their rewards from last days game but I want to buy this one until it’s fixed.,2025-10-13 21:10:49,2025-10-13 21:10:50,205
7972,MaddenNFL,Negative,lol. this is exactly wrong,2025-10-13 21:10:49,2025-10-13 21:10:50,26
7972,MaddenNFL,Negative,lol. that's just wrong,2025-10-13 21:10:49,2025-10-13 21:10:50,22
7972,MaddenNFL,Negative,lol. this is exactly wrong,2025-10-13 21:10:49,2025-10-13 21:10:50,26
7972,MaddenNFL,Negative,lol. this says exactly wrong,2025-10-13 21:10:49,2025-10-13 21:10:50,28
7972,MaddenNFL,Negative,lol. this sign is exactly wrong,2025-10-13 21:10:49,2025-10-13 21:10:50,31
7972,MaddenNFL,Negative,lol. this is exactly the,2025-10-13 21:10:49,2025-10-13 21:10:50,24
7973,MaddenNFL,Negative,I’m baffled about why CMC is a 99 he a close 96 but 94 at minimum. He didn’t even lead in some of the top RB catagories last season.,2025-10-13 21:10:49,2025-10-13 21:10:50,132
7973,MaddenNFL,Negative,"I'm baffled as to why CMC is a 99, he's a close 96, but at least 94. He didn't even perform in some of the top RB categories last season.",2025-10-13 21:10:49,2025-10-13 21:10:50,137
7973,MaddenNFL,Negative,It puzzles me why the CMC is 99 he is close to 96 but 94 at least. He didn't even lead in some of the top catalogues last season.,2025-10-13 21:10:49,2025-10-13 21:10:50,129
7973,MaddenNFL,Negative,I’m baffled about why CMC is a 99 he a possible 96 but 94 at minimum. She didn’t even lead even some of many top RB catagories last season.,2025-10-13 21:10:49,2025-10-13 21:10:50,139
7973,MaddenNFL,Negative,I imagine ’ ain m baffled about why CMC is of a 99 he a close 96 but 94 winning at minimum.... He didn ain ’ t even lead in some of the Texas top RB catagories last solid season.,2025-10-13 21:10:49,2025-10-13 21:10:50,178
7973,MaddenNFL,Negative,I’m baffled about why CMC is only 99 he a close 96 but 94 so minimum. Brian didn’t even lead in some all the league RB seasons last season.,2025-10-13 21:10:49,2025-10-13 21:10:50,139
7974,MaddenNFL,Negative,@EAMaddenNFL you guys need a serious update to madden 21 so many glitches in this game no lines can't tell where the hell i am on the field pic.twitter.com/ATogWzBFSH,2025-10-13 21:10:49,2025-10-13 21:10:50,166
7974,MaddenNFL,Negative,@ EAMaddenNFL you guys need a serious update on crazy 21 so many mishaps in this game no lines can't tell you where the hell I'm on the field pic.twitter.com / ATogWzBFSH,2025-10-13 21:10:49,2025-10-13 21:10:50,170
7974,MaddenNFL,Negative,@ EAMaddenNFL you guys need a serious update to madden 21 so many glitches in this game no lines can't tell where the hell i am on the field pic.facebook.com / ATogWzBFSH,2025-10-13 21:10:49,2025-10-13 21:10:50,170
7974,MaddenNFL,Negative,RhandlerR you guys need a serious update to madden 21 so many glitches in this game no lines can't tell where the hell i am on the field pic.twitter.com/ATogWzBFSH,2025-10-13 21:10:49,2025-10-13 21:10:50,163
7974,MaddenNFL,Negative,and RhandlerR you guys need a serious update to madden 21 so many glitches in this game no lines can't tell where the hell i am on the field pic.twitter.com/ATogWzBFSH,2025-10-13 21:10:49,2025-10-13 21:10:50,167
7974,MaddenNFL,Negative,who,2025-10-13 21:10:49,2025-10-13 21:10:50,3
7975,MaddenNFL,Negative,You need to figure out wtf y’all dumbasses go do about these dudes being in timeout for a whole ass hour cuz they loosing!!!!! @EAMaddenNFL,2025-10-13 21:10:49,2025-10-13 21:10:50,139
7975,MaddenNFL,Negative,You need to find out wtf y'all dumbasses go do about these dudes being in timeout for a whole ass hour cuz they lose!!!! @ EAMaddenNFL,2025-10-13 21:10:49,2025-10-13 21:10:50,134
7975,MaddenNFL,Negative,You need to figure out wtf y'all dumbasses go do about these dudes being in timeout for a whole ass hour cuz they loose!!!! @ EAMaddenNFL,2025-10-13 21:10:49,2025-10-13 21:10:50,137
7975,MaddenNFL,Negative,You need to figure out wtf y’all dumbasses go do about these asses dying in timeout for a whole ass hour cuz they said @EAMaddenNFL,2025-10-13 21:10:49,2025-10-13 21:10:50,131
7975,MaddenNFL,Negative,12 You need to figure out when wtf y ’ all dumbasses go gonna do about these dudes being sick in the timeout for a whole shit ass hour just cuz they loosing!!!!! asked @EAMaddenNFL,2025-10-13 21:10:49,2025-10-13 21:10:50,180
7975,MaddenNFL,Negative,You should completely figure out wtf y’all dumbasses go do without all dudes being in timeout for a little additional hour cuz they loosing!!!!! @EAMaddenNFL,2025-10-13 21:10:49,2025-10-13 21:10:50,157
7976,MaddenNFL,Positive,So more than Kyler... interesting,2025-10-13 21:10:49,2025-10-13 21:10:50,33
7976,MaddenNFL,Positive,So more than Kyler... interesting,2025-10-13 21:10:49,2025-10-13 21:10:50,33
7976,MaddenNFL,Positive,So more than Kyler... interesting,2025-10-13 21:10:49,2025-10-13 21:10:50,33
7976,MaddenNFL,Positive,So more on Kyler... interesting,2025-10-13 21:10:49,2025-10-13 21:10:50,31
7976,MaddenNFL,Positive,So more than this Kyler... interesting,2025-10-13 21:10:49,2025-10-13 21:10:50,38
7976,MaddenNFL,Positive,So worse than Kyler... interesting,2025-10-13 21:10:49,2025-10-13 21:10:50,34
7977,MaddenNFL,Negative,@EAMaddenNFL @EASPORTS Hey... could you explain what the hell this is!!!??? pic.twitter.com/zSyiNknLlh,2025-10-13 21:10:49,2025-10-13 21:10:50,102
7977,MaddenNFL,Negative,@ EAMaddenNFL @ EASPORTS Hey... could you explain what the hell this is!!!?? pic.twitter.com / zSyiNknLlh,2025-10-13 21:10:49,2025-10-13 21:10:50,105
7977,MaddenNFL,Negative,@ EAMaddenNFL @ EASPORTS Hey... could you explain what the hell this is!!?? pic.freedom.com / zSyiNknLlh,2025-10-13 21:10:49,2025-10-13 21:10:50,104
7977,MaddenNFL,Negative,RhandlerR RhandlerR Hey... could you explain what the hell this is!!!??? pic.twitter.com/zSyiNknLlh,2025-10-13 21:10:49,2025-10-13 21:10:50,99
7977,MaddenNFL,Negative,The RhandlerR RhandlerR Hey... could you explain what the hell this is!!!??? pic.twitter.com/zSyiNknLlh,2025-10-13 21:10:49,2025-10-13 21:10:50,103
7977,MaddenNFL,Negative,you,2025-10-13 21:10:49,2025-10-13 21:10:50,3
7978,MaddenNFL,Negative,@EAMaddenNFL @Swami_EA @Equipment_Guru why did you drop @rojo speed to a 91 from a 93 explain please he showed no signs of being slower! @BayStunna @ShutdownSafety @SOFTDRINKTV madden is biased in player ratings!,2025-10-13 21:10:49,2025-10-13 21:10:50,212
7978,MaddenNFL,Negative,"@ EAMaddenNFL @ Swami _ EA @ Equipment _ Guru Why did you drop @ rojo speed to a 91 from a 93, please explain that he showed no signs of being slower! @ BayStunna @ ShutdownSafety @ SOFTDRINKTV madden is biased in player ratings!",2025-10-13 21:10:49,2025-10-13 21:10:50,229
7978,MaddenNFL,Negative,@ EAMaddenNFL @ Swami _ EA @ Equipment _ Guru why did you reduce the speed of @ rojo to 91 from 93 please explain it showed no signs of being slower! @ Bayna @ ShutdownSafety @ SOFTDRINKTV madden is biosed in player rating!,2025-10-13 21:10:49,2025-10-13 21:10:50,223
7978,MaddenNFL,Negative,@EAMaddenNFL | @Swami_EA why did you drop @Equipment_Guru speed to a 96 from a 93 explain please player showed no signs of being unhappy! @rojo @BayStunna @ShutdownSafety someone is biased in player ratings!,2025-10-13 21:10:49,2025-10-13 21:10:50,207
7978,MaddenNFL,Negative,The @EAMaddenNFL @Swami_EA @Equipment_Guru Now why did you finally drop an @rojo speed to a 91 from a 93 again explain this please that he still showed no signs of being slower! @BayStunna @ShutdownSafety @SOFTDRINKTV madden is always biased as in player ratings!,2025-10-13 21:10:49,2025-10-13 21:10:50,263
7978,MaddenNFL,Negative,@EAMaddenNFL @Swami_EA @Equipment_Guru why have you move @rojo speed to a 90 from a 93 just please he showed few signs of being slower! @BayStunna @ShutdownSafety yes This is high in player ratings!,2025-10-13 21:10:49,2025-10-13 21:10:50,198
7979,MaddenNFL,Negative,@EAMaddenNFL Yall really got dudes out here in Salary Cap in June with no WRs...Oline at WR (Triple Nasty Streak) 99 speed Salyers running heavy run sets!,2025-10-13 21:10:49,2025-10-13 21:10:50,154
7979,MaddenNFL,Negative,@ EAMaddenNFL Yall really has guys here in salary cap in June without WRs... Oline at WR (Triple Nasty Streak) 99 Speed Salyers running heavy running sets!,2025-10-13 21:10:49,2025-10-13 21:10:50,155
7979,MaddenNFL,Negative,@ EAMaddenNFL Yall really got dudes out here in Salary Cap in June with no WR... Oline at WR (Triple Nasty Streak) 99 speed Salyers running heavy run sets!,2025-10-13 21:10:49,2025-10-13 21:10:50,155
7979,MaddenNFL,Negative,@EAMaddenNFL Yall really got dudes help here in Salary Cap in Fantasy... no WRs...Oline at WR (Triple Nasty Streak) 99 speed Salyers running heavy run plays!,2025-10-13 21:10:49,2025-10-13 21:10:50,157
7979,MaddenNFL,Negative,Jack @EAMaddenNFL Yall really got them dudes out here here in Salary in Cap in June 1999 with no WRs... Oline Anderson at WR ( Triple that Nasty Streak ) All 99 speed Salyers running heavy run in sets!,2025-10-13 21:10:49,2025-10-13 21:10:50,201
7979,MaddenNFL,Negative,@EAMaddenNFL Yall really got dudes out fast in Salary Cap in June with no WRs...Oline R WR (Triple Line Streak) put speed Salyers back on run 1!,2025-10-13 21:10:49,2025-10-13 21:10:50,144
7980,MaddenNFL,Negative,@EAMaddenNFL you’re trash.,2025-10-13 21:10:49,2025-10-13 21:10:50,26
7980,MaddenNFL,Negative,@ EAMaddenNFL you're garbage.,2025-10-13 21:10:49,2025-10-13 21:10:50,29
7980,MaddenNFL,Negative,"@ EAMaddenNFL, you're a thrash.",2025-10-13 21:10:49,2025-10-13 21:10:50,31
7980,MaddenNFL,Negative,@EAMaddenNFL you’re lying.,2025-10-13 21:10:49,2025-10-13 21:10:50,26
7980,MaddenNFL,Negative,@EAMaddenNFL you ’ don re trash.,2025-10-13 21:10:49,2025-10-13 21:10:50,32
7980,MaddenNFL,Negative,@EAMaddenNFL<unk> trash.,2025-10-13 21:10:49,2025-10-13 21:10:50,24
7981,MaddenNFL,Neutral,@saquon you peep your ball carrier vision? They violated 🤦. ‍.,2025-10-13 21:10:49,2025-10-13 21:10:50,63
7981,MaddenNFL,Neutral,@ saquon You're watching your ball possession?,2025-10-13 21:10:49,2025-10-13 21:10:50,46
7981,MaddenNFL,Neutral,@ saquon are you peering behind the ball bearings?,2025-10-13 21:10:49,2025-10-13 21:10:50,50
7981,MaddenNFL,Neutral,@saquon you peep with ball carrier vision? They hurt 🤦. ‍.,2025-10-13 21:10:49,2025-10-13 21:10:50,58
7981,MaddenNFL,Neutral,@saquon you peep with your bowling ball at carrier vision? They violated [UNK]..,2025-10-13 21:10:49,2025-10-13 21:10:50,80
7981,MaddenNFL,Neutral,@saquon you peep to mobile carrier vision? They violated <unk>..,2025-10-13 21:10:49,2025-10-13 21:10:50,64
7982,MaddenNFL,Neutral,"@EAMaddenNFL I’ve owned every madden game since 2003 and this year sucks. The defenders reaction time is handicapped and the runningbacks upfield cut is whack. Lamar is on the case, the chiefs aren’t rated high enough , everyone is pissed. I won’t buy 2022 madden. You suck",2025-10-13 21:10:49,2025-10-13 21:10:50,273
7982,MaddenNFL,Neutral,"@ EAMaddenNFL I've owned every crazy game since 2003 and this year bugs me. Defenders \"reaction time is handicapped and the running back upfield cut is a blow. Lamar is on the case, the Chiefs aren't rated high enough, everyone is pissed off.",2025-10-13 21:10:49,2025-10-13 21:10:50,242
7982,MaddenNFL,Neutral,"@ EAMaddenNFL I've owned every game since 2003 and sucked this year. Defenders \"reaction time is limited and running down the flanks is a rabid cut. Lamar on the body, chin underrated, everyone angry. I won't buy 2022 madden.",2025-10-13 21:10:49,2025-10-13 21:10:50,225
7982,MaddenNFL,Neutral,"@EAMaddenNFL I’ve owned every madden game since 2002 and this year sucks. The defenders reaction time is handicapped and the shot upfield cut is whack. Lamar is going rape case, the chiefs aren’t rated high enough, everyone is pissed. I won’t buy 2022 madden. You are",2025-10-13 21:10:49,2025-10-13 21:10:50,267
7982,MaddenNFL,Neutral,"@EAMaddenNFL I ’ ve owned every madden game since 2003 and this year sucks. The poor defenders are reaction time is handicapped and the runningbacks is upfield cut off is whack. 12 Lamar is on the case, the chiefs aren ain ’ t fucking rated high enough, everyone is pissed. I won ’ you t buy this 2022 madden. 7 You suck",2025-10-13 21:10:49,2025-10-13 21:10:50,320
7982,MaddenNFL,Neutral,"@EAMaddenNFL I’ve watched every relief series since 2014 and this year sucks. The defenders split time is handicapped and the runningbacks upfield cut is whack. Lamar is on no mound, the chiefs aren’t really high yet, everyone is pissed. I won’t buy 2022 madden. You can",2025-10-13 21:10:49,2025-10-13 21:10:50,270
7983,MaddenNFL,Negative,@EAMaddenNFL  why does my game keep crashing during solos.,2025-10-13 21:10:49,2025-10-13 21:10:50,58
7983,MaddenNFL,Negative,"@ EAMaddenNFL, why does my game keep crashing during the solo?",2025-10-13 21:10:49,2025-10-13 21:10:50,62
7983,MaddenNFL,Negative,@ EAMaddenNFL why my game keeps tearing up during the solo.,2025-10-13 21:10:49,2025-10-13 21:10:50,59
7983,MaddenNFL,Negative,@EAMaddenNFL  why does my GUI keep crashing during solos.,2025-10-13 21:10:49,2025-10-13 21:10:50,57
7983,MaddenNFL,Negative,@EAMaddenNFL why does my game usually keep about crashing during solos.,2025-10-13 21:10:49,2025-10-13 21:10:50,71
7983,MaddenNFL,Negative,@EAMaddenNFL reason does my cellphone keep crashing during solos.,2025-10-13 21:10:49,2025-10-13 21:10:50,65
7984,MaddenNFL,Negative,They gave @TyrodTaylor a 69 overall and Herbert a 70. I’m sick. @EAMaddenNFL,2025-10-13 21:10:49,2025-10-13 21:10:50,76
7984,MaddenNFL,Negative,They gave @ TyrodTaylor a total of 69 and Herbert a 70. @ EAMaddenNFL,2025-10-13 21:10:49,2025-10-13 21:10:50,69
7984,MaddenNFL,Negative,They gave @ TyrodTaylor 69 and I'm 70. I'm sick. @ EAMaddenNFL,2025-10-13 21:10:49,2025-10-13 21:10:50,62
7984,MaddenNFL,Negative,They gave @TyrodTaylor a 69 … and Herbert a 75. I’m sick. @EAMaddenNFL,2025-10-13 21:10:49,2025-10-13 21:10:50,70
7984,MaddenNFL,Negative,Notes They gave @TyrodTaylor a 69 but overall and Herbert a 70. I ’ you m sick. on @EAMaddenNFL,2025-10-13 21:10:49,2025-10-13 21:10:50,95
7984,MaddenNFL,Negative,They gave @TyrodTaylor me 68 overall and mine a 70. I’m sick. @EAMaddenNFL,2025-10-13 21:10:49,2025-10-13 21:10:50,74
7985,MaddenNFL,Negative,Don't go soft on them @AustinEkeler !!! They do Chargers players dirty every year. Slayer been getting robbed for yrs. They don't even have @Keenan13Allen in top 3 route running,2025-10-13 21:10:49,2025-10-13 21:10:50,177
7985,MaddenNFL,Negative,Don't go soft on them @ AustinEkeler!!! They do Chargers players dirty every year. Slayer was robbed for years. They don't even have @ Keenan13Allen in the top 3 route running,2025-10-13 21:10:49,2025-10-13 21:10:50,175
7985,MaddenNFL,Negative,Don't worry about them @ AustinEfer!!! They dirt Chargers players every year. Slayer have been stealing for years. They don't even have @ Keenan13Allen in the top 3 running routes.,2025-10-13 21:10:49,2025-10-13 21:10:50,180
7985,MaddenNFL,Negative,Don't go soft on Texans @AustinEkeler!!! They run Chargers players dirty every year. Slayer been getting dirty for yrs. They don't even have @Keenan13Allen in top 3 TDs running,2025-10-13 21:10:49,2025-10-13 21:10:50,176
7985,MaddenNFL,Negative,Don'e t go a soft on them @AustinEkeler!!! They do Chargers players dirty every year. Slayer is been getting seriously robbed today for yrs. They really don't even have @Keenan13Allen and in top 4 3 route we running,2025-10-13 21:10:49,2025-10-13 21:10:50,215
7985,MaddenNFL,Negative,Don't go great on them @AustinEkeler!!! They do many players dirty every year. Slayer been getting robbed for yrs. They don't even keep even a top 3 for running,2025-10-13 21:10:49,2025-10-13 21:10:50,160
7986,MaddenNFL,Neutral,The Real JACKBOYS before TRAVIS Scott stole the slogan to sell y’all shitty Merch oooooooooops,2025-10-13 21:10:49,2025-10-13 21:10:50,94
7986,MaddenNFL,Neutral,The Real JACKBOYS before TRAVIS Scott stole the tagline to sell y'all shitty merch oooooooops,2025-10-13 21:10:49,2025-10-13 21:10:50,93
7986,MaddenNFL,Neutral,The REAL JACKBOYS in front of Tony Scott have stolen the slogan to sell all the shit merch oooooooooooooooooooooooooooooooooooooooooooooooooooooooooooooooooooooooooooooooooooooooooooooooooooooooooooooooooooooooooooooooooooooooooooooooooooooooooooooooooooooooooooooooooooooooooooooooooooooooooooooooooooooooooooooooooooooooooooooooooooooooooooooooooooooooooooooooooooooooooooooooooooooooooooooooooooooooooooooooooooooooooooooooooooooooo,2025-10-13 21:10:49,2025-10-13 21:10:50,435
7986,MaddenNFL,Neutral,The Real JACKBOYS before TRAVIS Scott found the slogan to piss y’all shitty Merch oooooooooops,2025-10-13 21:10:49,2025-10-13 21:10:50,94
7986,MaddenNFL,Neutral,The Real JACKBOYS before TRAVIS that Scott stole the whole slogan like to sell all y ’ all up shitty Merch but oooooooooops,2025-10-13 21:10:49,2025-10-13 21:10:50,123
7986,MaddenNFL,Neutral,The Real Girl before TRAVIS Scott Buy this slogan I sell y’all shitty Merch oooooooooops,2025-10-13 21:10:49,2025-10-13 21:10:50,88
7987,MaddenNFL,Negative,"At least let ppl grind in your game to get the gear they want , not pay $20-50 bucks ??? Why EA ? You have millions of dollars already why are you charging just for fake clothes I can never wear in real life , WHAT!!  @EAMaddenNFL @EASPORTS_MUT",2025-10-13 21:10:49,2025-10-13 21:10:50,244
7987,MaddenNFL,Negative,"At least let ppl crunch in your game to get the gear they want instead of paying $20-50 dollars??? Why EA? You already have millions of dollars, why charge only for wrong clothes I can never wear in real life, WHAT!! @ EAMaddenNFL @ EASPORTS _ MUT",2025-10-13 21:10:49,2025-10-13 21:10:50,247
7987,MaddenNFL,Negative,"At least let ppl grind in your game to get the right gear instead of paying $20-50 bucks??? Why EA? You already have millions of dollars, why are you charging only for fake clothes that I will never be able to wear in real life WHAT!! @ EAMaddenNFL @ EASPORTS _ MUT",2025-10-13 21:10:49,2025-10-13 21:10:50,265
7987,MaddenNFL,Negative,"At least let ppl grind in your game and get the gear they want, not pay $20-50 bucks??? Why EA? You have millions a dollars.. why are you asking just for designer clothes I can never wear in real life, WHAT!!  @EAMaddenNFL @EASPORTS_MUT",2025-10-13 21:10:49,2025-10-13 21:10:50,236
7987,MaddenNFL,Negative,"At this least let ppl grind in your game to get the gear they want, not pay $ 20 - 50 bucks??? Why this EA? You have many millions of dollars And already why are going you charging just now for fake clothes because I who can never remember wear in real life, WHAT!! @EAMaddenNFL and @EASPORTS_MUT",2025-10-13 21:10:49,2025-10-13 21:10:50,296
7987,MaddenNFL,Negative,"At last let players grind down your game you get extra gear they want, not pay $20-50 bucks??? Why EA? You buying millions of dollars players built then you charging just for fake clothes I can never wear in real life, WHAT!! @EAMaddenNFL @EASPORTS_MUT",2025-10-13 21:10:49,2025-10-13 21:10:50,252
7988,MaddenNFL,Negative,"Not getting @EAMaddenNFL 21 it looks like, barely even touching franchise mode. Very disappointing. Not surprising, but disappointing.",2025-10-13 21:10:49,2025-10-13 21:10:50,134
7988,MaddenNFL,Negative,"It looks like you're not going to get @ EAMaddenNFL 21 and barely touch the franchise mode. Very disappointing. Not surprising, but disappointing.",2025-10-13 21:10:49,2025-10-13 21:10:50,146
7988,MaddenNFL,Negative,"Not getting @ EAMaddenNF21 it looks like barely even touching the franchise mode. Very disappointing. Not surprising, but disappointing.",2025-10-13 21:10:49,2025-10-13 21:10:50,136
7988,MaddenNFL,Negative,"Not getting @EAMaddenNFL 21 it looks like, barely even touching franchise mode. Very disappointing. Perhaps surprising, but definite.",2025-10-13 21:10:49,2025-10-13 21:10:50,133
7988,MaddenNFL,Negative,"Not even getting his @EAMaddenNFL to 21 it looks like, barely even touching franchise mode. Very disappointing. Yeah Not surprising, true but disappointing.",2025-10-13 21:10:49,2025-10-13 21:10:50,156
7988,MaddenNFL,Negative,"Not even that 21 it looks like, barely even touching franchise mode. Very disappointed. Not surprising, but disappointing.",2025-10-13 21:10:49,2025-10-13 21:10:50,122
7989,MaddenNFL,Neutral,The Madden Curse continues!,2025-10-13 21:10:49,2025-10-13 21:10:50,27
7989,MaddenNFL,Neutral,The Madden curse continues!,2025-10-13 21:10:49,2025-10-13 21:10:50,27
7989,MaddenNFL,Neutral,The mad curse continues!,2025-10-13 21:10:49,2025-10-13 21:10:50,24
7989,MaddenNFL,Neutral,The Great Curse continues!,2025-10-13 21:10:49,2025-10-13 21:10:50,26
7989,MaddenNFL,Neutral,The Madden Curse Game continues!,2025-10-13 21:10:49,2025-10-13 21:10:50,32
7989,MaddenNFL,Neutral,The Madden<unk> continues!,2025-10-13 21:10:49,2025-10-13 21:10:50,26
7990,MaddenNFL,Positive,@EASPORTS_MUT @MaddenNFLDirect @EAMaddenNFL next year I think it would be dope if you added a co-op franchise mode where you and ur friend can play on the same team. That would be dope.,2025-10-13 21:10:49,2025-10-13 21:10:50,185
7990,MaddenNFL,Positive,"@ EASPORTS _ MUT @ MaddenNFLDirect @ EAMaddenNFL next year I think it would be dope if you introduced a co-franchise mode where you and your friend could play on the same team, that would be dope.",2025-10-13 21:10:49,2025-10-13 21:10:50,196
7990,MaddenNFL,Positive,@ EASPORTS _ MUT @ MaddenNDirect @ EAMaddenNFL next year I think it would be doping if you added a co-op franchise mode where you and our friend could play on the same team.,2025-10-13 21:10:49,2025-10-13 21:10:50,173
7990,MaddenNFL,Positive,@EASPORTS_MUT @MaddenNFLDirect @EAMaddenNFL Every year I think it would be beautiful if teams added a co-op franchise mode where you and ur friend can play on the same unit. That would be dope.,2025-10-13 21:10:49,2025-10-13 21:10:50,193
7990,MaddenNFL,Positive,@EASPORTS_MUT @MaddenNFLDirect comes @EAMaddenNFL next football year and I think it would be dope different if you added a co - op player franchise mode where presumably you and ur friend can play on the same team. That certainly would certainly be great dope.,2025-10-13 21:10:49,2025-10-13 21:10:50,260
7990,MaddenNFL,Positive,@EASPORTS_MUT @MaddenNFLDirect @EAMaddenNFL next year I think that would be awesome if you made a co-op franchise today where you without ur friend can play on the same controller. What would be dope.,2025-10-13 21:10:49,2025-10-13 21:10:50,200
7991,MaddenNFL,Negative,Ohhh so y’all mfs saying he is better then Julio! That’s some garbage.,2025-10-13 21:10:49,2025-10-13 21:10:50,70
7991,MaddenNFL,Negative,Ohhh so y'all mfs say he's better than Julio! That's garbage.,2025-10-13 21:10:49,2025-10-13 21:10:50,61
7991,MaddenNFL,Negative,So all mfs say he's better than Julio! It's kind of disgusting.,2025-10-13 21:10:49,2025-10-13 21:10:50,63
7991,MaddenNFL,Negative,Ohhh so y’all talk f he is better then Julio! That’s some garbage.,2025-10-13 21:10:49,2025-10-13 21:10:50,66
7991,MaddenNFL,Negative,Ohhh so... y ’ all that mfs saying he maybe is better then Julio! That ’ whole s some garbage.,2025-10-13 21:10:49,2025-10-13 21:10:50,94
7991,MaddenNFL,Negative,Ohhh are y’all mfs saying he knows better then her! That’s some garbage.,2025-10-13 21:10:49,2025-10-13 21:10:50,72
7992,MaddenNFL,Negative,@EAMaddenNFL Why don’t you create a inactivity feature online that concedes games after two delays of game by the guy you’re playing when you’re beating them senseless. Nobody waits 25 min to get 50 Xp points for a win when the loser is taking penalties back to their goal line,2025-10-13 21:10:49,2025-10-13 21:10:50,277
7992,MaddenNFL,Negative,@ EAMaddenNFL Why don't you create an inactivity feature online that grants play after two game delays by the guy you're playing if you hit them senseless? No one waits 25 minutes to get 50 points for a win when the loser brings the penalties back to their goal line.,2025-10-13 21:10:49,2025-10-13 21:10:50,267
7992,MaddenNFL,Negative,@ EAMaddenNFL Why don't you create an online inaction feature that hides games after two game delays by the guy you play when you beat them senselessly.,2025-10-13 21:10:49,2025-10-13 21:10:50,152
7992,MaddenNFL,Negative,@EAMaddenNFL Why don’t you create one inactivity feature online that concedes PK after two delays of game vs the guy you’re playing when you’re beating them senseless. Nobody waits 25 min & get 50 penalty points for a PK when the loser is taking penalties back to their goal line,2025-10-13 21:10:49,2025-10-13 21:10:50,279
7992,MaddenNFL,Negative,@EAMaddenNFL... Why games don ’ t let you create a clear inactivity and feature online play that concedes games after two delays of game by the guy you ’ re playing to when you ’ re beating them senseless. Nobody waits 25 min longer to get 50 Xp points for a win when the direct loser is taking penalties straight back to their goal line,2025-10-13 21:10:49,2025-10-13 21:10:50,337
7992,MaddenNFL,Negative,@EAMaddenNFL Why don’t you create a inactivity server online that concedes games after two delays of game by the guy still playing when you’re fighting them senseless. guy waits 25 min to get 50 Xp points for 6 win after 10 loser is taking things back to those goal line,2025-10-13 21:10:49,2025-10-13 21:10:50,270
7993,MaddenNFL,Positive,Derwin James is the best safety on this list. Don’t @ me.,2025-10-13 21:10:49,2025-10-13 21:10:50,57
7993,MaddenNFL,Positive,Derwin James is the best safety on this list.,2025-10-13 21:10:49,2025-10-13 21:10:50,45
7993,MaddenNFL,Positive,Derwin James is the best on this list.,2025-10-13 21:10:49,2025-10-13 21:10:50,38
7993,MaddenNFL,Positive,Derwin James easily the best safety on this list. Don’t @ me.,2025-10-13 21:10:49,2025-10-13 21:10:50,61
7993,MaddenNFL,Positive,I Derwin Gray James Montgomery is the best safety on this list. Don ’ t @ me.,2025-10-13 21:10:49,2025-10-13 21:10:50,77
7993,MaddenNFL,Positive,that James is the best safety of this list. Don’t @ me.,2025-10-13 21:10:49,2025-10-13 21:10:50,55
7994,MaddenNFL,Positive,"Wow! So missing blitz, BUT, in time for Christmas! I'm happy enough with this!",2025-10-13 21:10:49,2025-10-13 21:10:50,78
7994,MaddenNFL,Positive,"Wow! So missed flash, BUT, in time for Christmas! I'm satisfied enough with that!",2025-10-13 21:10:49,2025-10-13 21:10:50,81
7994,MaddenNFL,Positive,"Wow! So missing blitz, BUT, in time to Christmas! I'm happy enough with this!",2025-10-13 21:10:49,2025-10-13 21:10:50,77
7994,MaddenNFL,Positive,"Wow! So missing blitz, BUT, now time for training! I'm happy enough with this!",2025-10-13 21:10:49,2025-10-13 21:10:50,78
7994,MaddenNFL,Positive,"Wow! So missing the blitz, BUT, in time for their Christmas! I'm obviously happy enough already with this!",2025-10-13 21:10:49,2025-10-13 21:10:50,106
7994,MaddenNFL,Positive,"Wow! So missing it, today, in time for Christmas! I'm happy enough by this!",2025-10-13 21:10:49,2025-10-13 21:10:50,75
7995,MaddenNFL,Negative,Ready for more crappy same game and more removed content and still locked behind the paywall,2025-10-13 21:10:49,2025-10-13 21:10:50,92
7995,MaddenNFL,Negative,Ready for more crappy game and more removed content and still locked behind the paywall,2025-10-13 21:10:49,2025-10-13 21:10:50,87
7995,MaddenNFL,Negative,Ready for more crappy same game and more removed content and still locked behind the paywall,2025-10-13 21:10:49,2025-10-13 21:10:50,92
7995,MaddenNFL,Negative,Ready for more crappy same game and more removed content and still locked behind the controller,2025-10-13 21:10:49,2025-10-13 21:10:50,95
7995,MaddenNFL,Negative,Ready for more crappy same game and more removed content altogether and still completely locked behind by the paywall,2025-10-13 21:10:49,2025-10-13 21:10:50,117
7995,MaddenNFL,Negative,Ready for more crappy updated game and more removed content and time locked behind the paywall,2025-10-13 21:10:49,2025-10-13 21:10:50,94
7996,MaddenNFL,Negative,@EAMaddenNFL when y’all gone let us know those ratings was a joke?,2025-10-13 21:10:49,2025-10-13 21:10:50,66
7996,MaddenNFL,Negative,"@ EAMaddenNFL when it was all over, let us know those ratings were a joke?",2025-10-13 21:10:49,2025-10-13 21:10:50,74
7996,MaddenNFL,Negative,@ EAMaddenNFL when y'all gone let us know those ratings was a joke?,2025-10-13 21:10:49,2025-10-13 21:10:50,67
7996,MaddenNFL,Negative,@EAMaddenNFL have y’all gone let us know those ratings was a joke?,2025-10-13 21:10:49,2025-10-13 21:10:50,66
7996,MaddenNFL,Negative,@EAMaddenNFL when y ’ all gone let y us no know those good ratings was a joke?,2025-10-13 21:10:49,2025-10-13 21:10:50,78
7996,MaddenNFL,Negative,@EAMaddenNFL after y’all gone let us know lower ratings was a joke?,2025-10-13 21:10:49,2025-10-13 21:10:50,67
7997,MaddenNFL,Neutral,@EAMaddenNFL Thank you for fixing the servers,2025-10-13 21:10:49,2025-10-13 21:10:50,45
7997,MaddenNFL,Neutral,@ EAMaddenNFL Thanks for repairing the servers,2025-10-13 21:10:49,2025-10-13 21:10:50,46
7997,MaddenNFL,Neutral,@ EAMaddenNFL Thank you for fixing the servers,2025-10-13 21:10:49,2025-10-13 21:10:50,46
7997,MaddenNFL,Neutral,@EAMaddenNFL Thank you for fixing the servers,2025-10-13 21:10:49,2025-10-13 21:10:50,45
7997,MaddenNFL,Neutral,@EAMaddenNFL Thank you for help fixing the coffee servers,2025-10-13 21:10:49,2025-10-13 21:10:50,57
7997,MaddenNFL,Neutral,@EAMaddenNFL Thank you for fixing the new,2025-10-13 21:10:49,2025-10-13 21:10:50,41
7998,MaddenNFL,Positive,Y’all respect the whites so much,2025-10-13 21:10:49,2025-10-13 21:10:50,32
7998,MaddenNFL,Positive,Everyone respects whites so much,2025-10-13 21:10:49,2025-10-13 21:10:50,32
7998,MaddenNFL,Positive,Y'all respect the white so much,2025-10-13 21:10:49,2025-10-13 21:10:50,31
7998,MaddenNFL,Positive,Y’all respect all whites so much,2025-10-13 21:10:49,2025-10-13 21:10:50,32
7998,MaddenNFL,Positive,The Y ’ all respect the whites so much,2025-10-13 21:10:49,2025-10-13 21:10:50,38
7998,MaddenNFL,Positive,Y’all mind the whites so much,2025-10-13 21:10:49,2025-10-13 21:10:50,29
7999,MaddenNFL,Positive,@Jeff_fl cool,2025-10-13 21:10:49,2025-10-13 21:10:50,13
7999,MaddenNFL,Positive,@ Jeff _ fl,2025-10-13 21:10:49,2025-10-13 21:10:50,11
7999,MaddenNFL,Positive,@ Jeff _ fl cool,2025-10-13 21:10:49,2025-10-13 21:10:50,16
7999,MaddenNFL,Positive,@Jeff_fl<unk>,2025-10-13 21:10:49,2025-10-13 21:10:50,13
7999,MaddenNFL,Positive,@Jeff_fl to cool,2025-10-13 21:10:49,2025-10-13 21:10:50,16
7999,MaddenNFL,Positive,@Jeff_fl<unk>,2025-10-13 21:10:49,2025-10-13 21:10:50,13
8000,MaddenNFL,Negative,2k5 was the best football game I ever had.. Gon outsell madden easy,2025-10-13 21:10:49,2025-10-13 21:10:50,67
8000,MaddenNFL,Negative,2k5 was the best football game I ever had.. Gon outsell madden easy,2025-10-13 21:10:49,2025-10-13 21:10:50,67
8000,MaddenNFL,Negative,2k5 was the best football game I've ever had.,2025-10-13 21:10:49,2025-10-13 21:10:50,45
8000,MaddenNFL,Negative,2k5 was the best video game I ever had.. Gon outsell madden easy,2025-10-13 21:10:49,2025-10-13 21:10:50,64
8000,MaddenNFL,Negative,2k5 which was the 7th best football championship game I ever had.. Gon outsell your madden easy,2025-10-13 21:10:49,2025-10-13 21:10:50,95
8000,MaddenNFL,Negative,2k5 was the best football game I ever seen.. Gon da madden easy,2025-10-13 21:10:49,2025-10-13 21:10:50,63
6801,johnson&johnson,Neutral,Not Johnson&Johnson having ads on ig about how they’re helping w COVID but baybee what about the cancer lawsuits y’all have on talcum powder...,2025-10-13 21:10:49,2025-10-13 21:10:50,143
6801,johnson&johnson,Neutral,"Not Johnson & Johnson with ads on ig about how they help w COVID, but baybee what about the cancer lawsuits they all have against talcum powder...",2025-10-13 21:10:49,2025-10-13 21:10:50,146
6801,johnson&johnson,Neutral,"Not Johnson & Johnson with ads about how they help COVID, but what about cancer lawsuits for everyone on talcum powder...",2025-10-13 21:10:49,2025-10-13 21:10:50,121
6801,johnson&johnson,Neutral,Not Johnson&Johnson and ads on ig about how they’re helping fighting COVID but actually what about the cancer lawsuits y’all have on talcum powder...,2025-10-13 21:10:49,2025-10-13 21:10:50,149
6801,johnson&johnson,Neutral,Not Johnson & Company Johnson having their ads on ig about how much they ’ re helping w COVID but baybee what about the cancer treatment lawsuits now y they ’ all have on talcum oxide powder...,2025-10-13 21:10:49,2025-10-13 21:10:50,193
6801,johnson&johnson,Neutral,a Johnson&Johnson having ads on ig is all they’re new w COVID oh baybee what about the cancer lawsuits y’all have on talcum concrete...,2025-10-13 21:10:49,2025-10-13 21:10:50,135
6802,johnson&johnson,Neutral,Johnson & Johnson to stop selling baby powder in US . . . Healthcare giant Johnson & Johnson is to stop selling its talc-based Johnson's Baby Powder in the US and Canada.. . The firm faces many thousands of lawsuits from… instagram.com/p/CAZjYuHF6BH/…,2025-10-13 21:10:49,2025-10-13 21:10:50,251
6802,johnson&johnson,Neutral,Johnson & Johnson halts sales of baby powder in the US... Health care giant Johnson & Johnson halts sales of its talc-based Johnson's Baby Powder in the US and Canada... The company is facing thousands of lawsuits from... instagram.com / p / CAZjYuHF6BH /...,2025-10-13 21:10:49,2025-10-13 21:10:50,258
6802,johnson&johnson,Neutral,Johnson & Johnson stops selling baby powder in the US... Healthcare giant Johnson & Johnson stops selling its Johnson talc-based Baby Powder in the US and Canada... The firm faces thousands of lawsuits from... instagram.com / p / CAZjYuHF6BH /...,2025-10-13 21:10:49,2025-10-13 21:10:50,246
6802,johnson&johnson,Neutral,Johnson & Johnson to end selling baby powder in US A.. Healthcare giant Johnson & Johnson is gonna stop selling its Tennessee-based Johnson's Baby Powder across the US and Canada... The firm faces many thousands in lawsuits from… instagram.com/p/CAZjYuHF6BH/…,2025-10-13 21:10:49,2025-10-13 21:10:50,259
6802,johnson&johnson,Neutral,And Johnson & Johnson to stop selling baby powder in US... Healthcare information giant Johnson & Dow Johnson currently is to stop permanently selling its talc - based Dow Johnson's Baby Powder in northern the US and into Canada... The firm faces many or thousands of lawsuits from … instagram. com / p / CAZjYuHF6BH / c …,2025-10-13 21:10:49,2025-10-13 21:10:50,322
6802,johnson&johnson,Neutral,Johnson & Co to stop selling baby powder in US... Healthcare giant Johnson & Post should longer be selling its talc-based Johnson's Family Powder over the US including Canada... The firm files many thousands pending lawsuits from... instagram.com/p/CAZjYuHF6BH/...,2025-10-13 21:10:49,2025-10-13 21:10:50,264
6803,johnson&johnson,Negative,Y’all coulda been making money off this.,2025-10-13 21:10:49,2025-10-13 21:10:50,40
6803,johnson&johnson,Negative,Y'all coulda made money from it.,2025-10-13 21:10:49,2025-10-13 21:10:50,32
6803,johnson&johnson,Negative,Y'all coulda made money out of it.,2025-10-13 21:10:49,2025-10-13 21:10:50,34
6803,johnson&johnson,Negative,Y’all coulda tried making money off this.,2025-10-13 21:10:49,2025-10-13 21:10:50,41
6803,johnson&johnson,Negative,Y ’ all that coulda been making money with off this.,2025-10-13 21:10:49,2025-10-13 21:10:50,52
6803,johnson&johnson,Negative,Y’all coulda been making money off with.,2025-10-13 21:10:49,2025-10-13 21:10:50,40
6804,johnson&johnson,Neutral,UK |,2025-10-13 21:10:49,2025-10-13 21:10:50,6
6804,johnson&johnson,Neutral,United Kingdom |,2025-10-13 21:10:49,2025-10-13 21:10:50,16
6804,johnson&johnson,Neutral,United Kingdom,2025-10-13 21:10:49,2025-10-13 21:10:50,14
6804,johnson&johnson,Neutral,UK elections,2025-10-13 21:10:49,2025-10-13 21:10:50,12
6804,johnson&johnson,Neutral,Sony UK |,2025-10-13 21:10:49,2025-10-13 21:10:50,9
6804,johnson&johnson,Neutral,12 |,2025-10-13 21:10:49,2025-10-13 21:10:50,4
6805,johnson&johnson,Neutral,20 Volunteers Suffer Serious Reactions to Johnson & Johnson’s... thevaccinereaction.org/2020/10/20-vol…,2025-10-13 21:10:49,2025-10-13 21:10:50,103
6805,johnson&johnson,Neutral,20 volunteers suffer serious reactions to Johnson & Johnson's... thevaccinereaction.org / 2020 / 10 / 20-vol...,2025-10-13 21:10:49,2025-10-13 21:10:50,111
6805,johnson&johnson,Neutral,20 Volunteers Suffer Foundation Reactions to Johnson & Johnson's... thevaccinereaction.org / 2020 / 10 / 20-vol...,2025-10-13 21:10:49,2025-10-13 21:10:50,114
6805,johnson&johnson,Neutral,20 Volunteers Suffer Negative Response to Johnson Gary Johnson’s... thevaccinereaction.org/2020/10/20-vol…,2025-10-13 21:10:49,2025-10-13 21:10:50,106
6805,johnson&johnson,Neutral,Article 20 Volunteers Suffer 31 Serious Reactions to Johnson & Johnson ’ s... thevaccinereaction. ca org / 05 2020 / 05 10 / 20 - vol 1 …,2025-10-13 21:10:49,2025-10-13 21:10:50,137
6805,johnson&johnson,Neutral,Century Volunteers Explain Serious Debt to Johnson & Plaza... Uncategorized.org/2020/10/20-vol...,2025-10-13 21:10:49,2025-10-13 21:10:50,97
6806,johnson&johnson,Neutral,Johnson & Johnson stopped their,2025-10-13 21:10:49,2025-10-13 21:10:50,33
6806,johnson&johnson,Neutral,Johnson & Johnson halted its,2025-10-13 21:10:49,2025-10-13 21:10:50,28
6806,johnson&johnson,Neutral,Johnson & Johnson goes out of business,2025-10-13 21:10:49,2025-10-13 21:10:50,38
6806,johnson&johnson,Neutral,Johnson & Johnson stopped producing,2025-10-13 21:10:49,2025-10-13 21:10:50,35
6806,johnson&johnson,Neutral,Johnson & Matt Johnson stopped their,2025-10-13 21:10:49,2025-10-13 21:10:50,36
6806,johnson&johnson,Neutral,Johnson & Johnson and their,2025-10-13 21:10:49,2025-10-13 21:10:50,27
6807,johnson&johnson,Positive,"I'm buying stock in Johnson & Johnson, lube sales are going to skyrocket!",2025-10-13 21:10:49,2025-10-13 21:10:50,73
6807,johnson&johnson,Positive,"I'm buying shares in Johnson & Johnson, oil sales are going to soar!",2025-10-13 21:10:49,2025-10-13 21:10:50,68
6807,johnson&johnson,Positive,"I buy Johnson & Johnson shares, sales of lubricants will soar!",2025-10-13 21:10:49,2025-10-13 21:10:50,62
6807,johnson&johnson,Positive,"I'm buying stock in Johnson & Johnson, and sales are going to skyrocket!",2025-10-13 21:10:49,2025-10-13 21:10:50,72
6807,johnson&johnson,Positive,"As I'm buying stock in A Johnson & Johnson, lube sales are really going to go skyrocket!",2025-10-13 21:10:49,2025-10-13 21:10:50,88
6807,johnson&johnson,Positive,"I'm buying stock in Johnson & Johnson, lube levels are guaranteed to skyrocket!",2025-10-13 21:10:49,2025-10-13 21:10:50,79
6808,johnson&johnson,Negative,FUCK 'EM. Support black businesses . . twitter.com/HoboDia/status…,2025-10-13 21:10:49,2025-10-13 21:10:50,66
6808,johnson&johnson,Negative,FUCK'EM. Support black companies.. twitter.com / HoboDia / status...,2025-10-13 21:10:49,2025-10-13 21:10:50,68
6808,johnson&johnson,Negative,FUCK'EM. Black Business Support...................................................................................................................................................................................,2025-10-13 21:10:49,2025-10-13 21:10:50,210
6808,johnson&johnson,Negative,FUCK 'EM. Support black businesses . . twitter.com/HoboDia/status…,2025-10-13 21:10:49,2025-10-13 21:10:50,66
6808,johnson&johnson,Negative,2 FUCK 'EM. Support black businesses . . twitter.com/HoboDia/status…,2025-10-13 21:10:49,2025-10-13 21:10:50,68
6808,johnson&johnson,Negative,what,2025-10-13 21:10:49,2025-10-13 21:10:50,4
6809,johnson&johnson,Irrelevant,Watch the different color ones be more expensive,2025-10-13 21:10:49,2025-10-13 21:10:50,48
6809,johnson&johnson,Irrelevant,Watch how the different colours get more expensive,2025-10-13 21:10:49,2025-10-13 21:10:50,50
6809,johnson&johnson,Irrelevant,Watch for different colors to be more expensive,2025-10-13 21:10:49,2025-10-13 21:10:50,47
6809,johnson&johnson,Irrelevant,Watch the different color ones be more colorful,2025-10-13 21:10:49,2025-10-13 21:10:50,47
6809,johnson&johnson,Irrelevant,Watch the different color ones which be more expensive,2025-10-13 21:10:49,2025-10-13 21:10:50,54
6809,johnson&johnson,Irrelevant,Watch the artificial color ones be more expensive,2025-10-13 21:10:49,2025-10-13 21:10:50,49
6810,johnson&johnson,Neutral,Johnson & Johnson to discontinue talc-based baby powder in Canada and U.S.. Johnson & Johnson has decided to permanently discontinue its talc-based baby powder in Canada and the U.S. and is blaming “misinformation” about the product for the decision. ctvnews.ca/health/johnson…,2025-10-13 21:10:49,2025-10-13 21:10:50,277
6810,johnson&johnson,Neutral,"Johnson & Johnson is discontinuing talc-based baby powder in Canada and the U.S. Johnson & Johnson has decided to permanently discontinue talc-based baby powder in Canada and the U.S., blaming \"misinformation\" about the product. ctvnews.ca / health / johnson...",2025-10-13 21:10:49,2025-10-13 21:10:50,261
6810,johnson&johnson,Neutral,"Johnson & Johnson stops producing talc-based baby powder in Canada and the United States. Johnson & Johnson has decided to stop producing talc-based baby powder in Canada and the United States for good and blames \"misinformation\" about the product for its decision-making. vnews.ca / health / json...",2025-10-13 21:10:49,2025-10-13 21:10:50,300
6810,johnson&johnson,Neutral,Johnson & Controls permanently discontinue talc-based baby powder in Canada and U.S.. Johnson & Wales officially agreed to permanently discontinue its talc-based baby powder in California and the U.S. company is blaming “misinformation” about the product for the decision. ctvnews.ca/health/johnson…,2025-10-13 21:10:49,2025-10-13 21:10:50,299
6810,johnson&johnson,Neutral,Johnson & Johnson to discontinue providing talc - source based baby powder in Canada and U. S.. John Johnson & Sid Johnson has decided to permanently only discontinue its talc - based soft baby powder in Canada and the U. G S. respectively and is blaming “ misinformation ” about purchasing the product for the decision. ctvnews. ca / health / johnson website …,2025-10-13 21:10:49,2025-10-13 21:10:50,361
6810,johnson&johnson,Neutral,Johnson Care Sam to discontinue talc-based baby powder enters Canada and U.S.. Johnson Healthcare Samuel has decided to permanently discontinue its talc-based babe powder within Canada including the U.S. and is blaming concerns about the vaccine for the decision. ctvnews.ca/health/johnson...,2025-10-13 21:10:49,2025-10-13 21:10:50,292
6811,johnson&johnson,Neutral,"After $750 Million Award in Talc Lawsuit, Johnson & Johnson Seeks New Punitive Damages Trial ift.tt/34WbwDL",2025-10-13 21:10:49,2025-10-13 21:10:50,107
6811,johnson&johnson,Neutral,"After $750 million in damages in a lawsuit, Johnson & Johnson is seeking a new criminal trial ift.tt / 34WbwDL",2025-10-13 21:10:49,2025-10-13 21:10:50,110
6811,johnson&johnson,Neutral,"After awarding $750 million in Talc's lawsuit, Johnson & Johnson is seeking a new trial for exemplary damages i.tt / 34Wbw.",2025-10-13 21:10:49,2025-10-13 21:10:50,123
6811,johnson&johnson,Neutral,"After $750 Million Award and Talc Lawsuit, Johnson Wood Johnson Seeks Additional Punitive Damages Trial ift.tt/34WbwDL",2025-10-13 21:10:49,2025-10-13 21:10:50,118
6811,johnson&johnson,Neutral,"Just After $ S 750 World Million Award in a Talc Crime Lawsuit, 2010 Johnson & Johnson Seeks New Family Punitive Damages Trial ift. tt / 34WbwDL",2025-10-13 21:10:49,2025-10-13 21:10:50,144
6811,johnson&johnson,Neutral,"in $750 Million Award of Talc Lawsuit, Big City Johnson starts New Punitive Damages Trial ift.tt/34WbwDL",2025-10-13 21:10:49,2025-10-13 21:10:50,104
6812,johnson&johnson,Positive,@TheLioncom Johnson & Johnson makes perfect sense. Chembio has a dual Covid test. J & J will need testing for patients to verify the efficacy of the vaccine.. . Gap-up on Monday.. . $20 price target on the news and up from there. pic.twitter.com/2dmFcHSV06,2025-10-13 21:10:49,2025-10-13 21:10:50,256
6812,johnson&johnson,Positive,@ TheLioncom Johnson & Johnson makes perfect sense. Chembio has a dual Covid test. J & J will have to conduct tests for patients to verify the vaccine's effectiveness... Gap-up on Monday... $20 price target in the news and thereafter. pic.twitter.com / 2dmFcHSV06,2025-10-13 21:10:49,2025-10-13 21:10:50,263
6812,johnson&johnson,Positive,@ TheLioncom Johnson & Johnson makes perfect sense. Chemical has a double Covid test. J & J will need testing for patients to test the efficacy of the vaccine... Rise on Monday... Target price of $20 in the news or higher from them. pic.facebook.com / 2dmFcHSV06,2025-10-13 21:10:49,2025-10-13 21:10:50,262
6812,johnson&johnson,Positive,RhandlerR Johnson & Johnson makes perfect sense. Chembio has a dual Covid test. J & J will need testing for patients to verify the efficacy of the vaccine.. . Gap-up on Monday.. . $20 price target on the news and up from there. pic.twitter.com/2dmFcHSV06,2025-10-13 21:10:49,2025-10-13 21:10:50,254
6812,johnson&johnson,Positive,THE RhandlerR Johnson & Johnson makes perfect sense. Chembio has a dual Covid test. J & J will need testing for patients to verify the efficacy of the vaccine.. . Gap-up on Monday.. . $20 price target on the news and up from there. pic.twitter.com/2dmFcHSV06,2025-10-13 21:10:49,2025-10-13 21:10:50,258
6812,johnson&johnson,Positive,see,2025-10-13 21:10:49,2025-10-13 21:10:50,3
6813,johnson&johnson,Neutral,"BREAKING: Johnson & Johnson discontinues talc-based baby powder in U.S., Canada amid lawsuits alleging it causes cancer nbcnews.com/news/us-news/j…",2025-10-13 21:10:49,2025-10-13 21:10:50,147
6813,johnson&johnson,Neutral,BREAKING: Johnson & Johnson is discontinuing talc-based baby powder in the U.S. and Canada amid lawsuits alleging it causes cancer nbcnews.com / news / us-news / j...,2025-10-13 21:10:49,2025-10-13 21:10:50,166
6813,johnson&johnson,Neutral,"BREAKING: Johnson & Johnson to stop producing talc-based baby powder in US, Canada amid claims it causes cancer nnews.com / news / us-news / j...",2025-10-13 21:10:49,2025-10-13 21:10:50,145
6813,johnson&johnson,Neutral,"BREAKING: Johnson & Williamson discontinues talc-based baby powder in U.S., Canada amid outbreak alleging ingredient causes obesity nbcnews.com/news/us-news/j…",2025-10-13 21:10:49,2025-10-13 21:10:50,159
6813,johnson&johnson,Neutral,"BREAKING : Johnson & Associates Johnson Health discontinues talc - based baby test powder in 31 U. United S., Canada amid lawsuits alleging it causes oral cancer through nbcnews. com / news / us - from news / j …",2025-10-13 21:10:49,2025-10-13 21:10:50,212
6813,johnson&johnson,Neutral,"BREAKING: Johnson & Johnson banned talc-based cold powder in America.S., Canada amid lawsuits about its causes asthma nbcnews.com/news/us-news/j...",2025-10-13 21:10:49,2025-10-13 21:10:50,147
6814,johnson&johnson,Negative,See I knew I didn’t like that damn soap!!,2025-10-13 21:10:49,2025-10-13 21:10:50,41
6814,johnson&johnson,Negative,"Look, I knew I didn't like that damn soap!!",2025-10-13 21:10:49,2025-10-13 21:10:50,43
6814,johnson&johnson,Negative,"You see, I knew I didn't like this damn soap!!",2025-10-13 21:10:49,2025-10-13 21:10:50,46
6814,johnson&johnson,Negative,See I knew I didn’t like that damn cat,2025-10-13 21:10:49,2025-10-13 21:10:50,38
6814,johnson&johnson,Negative,See I knew but I really didn ’ t like that damn soap!!,2025-10-13 21:10:49,2025-10-13 21:10:50,54
6814,johnson&johnson,Negative,See I knew I didn’t like that dreadful soap!!,2025-10-13 21:10:49,2025-10-13 21:10:50,45
6815,johnson&johnson,Positive,twitter.com/AP/status/1315…. might still give a great buzz though,2025-10-13 21:10:49,2025-10-13 21:10:50,67
6815,johnson&johnson,Positive,twitter.com / AP / status / 1315.... could still cause a stir,2025-10-13 21:10:49,2025-10-13 21:10:50,61
6815,johnson&johnson,Positive,"Nevertheless, it can still cause a lot of excitement.",2025-10-13 21:10:49,2025-10-13 21:10:50,53
6815,johnson&johnson,Positive,twitter.com/AP/status/1315…. might still give a great speech though,2025-10-13 21:10:49,2025-10-13 21:10:50,67
6815,johnson&johnson,Positive,twitter. v com / AP / flight status / 1315 and …. might not still give a great buzz though,2025-10-13 21:10:49,2025-10-13 21:10:50,90
6815,johnson&johnson,Positive,twitter.com/AP/status/1315.... might actually give some great idea though,2025-10-13 21:10:49,2025-10-13 21:10:50,73
6817,johnson&johnson,Negative,"But they're going to vigorously defend their product in court, and continue selling it everywhere else. Why are women in other countries allowed to be put at risk from cancer? . Johnson & Johnson to End Talc-Based Baby Powder Sales in North America nytimes.com/2020/05/19/bus…",2025-10-13 21:10:49,2025-10-13 21:10:50,276
6817,johnson&johnson,Negative,But they will vigorously defend their product in court and continue to sell it everywhere else. Why are women allowed to be at risk of cancer in other countries? Johnson & Johnson is ending the sale of talc-based baby powder in North America nytimes.com / 2020 / 05 / 19 / bus...,2025-10-13 21:10:49,2025-10-13 21:10:50,279
6817,johnson&johnson,Negative,Why are women in other countries allowed to be at risk of cancer?. Johnson & Johnson to End Talc-Based Baby Powder Sales in North America nytimes.com / 2020 / 05 / 19 / bus...,2025-10-13 21:10:49,2025-10-13 21:10:50,175
6817,johnson&johnson,Negative,"But they're going to constantly promote their product in court, and continue selling it everywhere else. Why are women in poor countries allowed still be so at risk for cancer?. Johnson & Johnson to End Talc-Based Baby Powder Sales in North America nytimes.com/2020/05/19/bus…",2025-10-13 21:10:49,2025-10-13 21:10:50,276
6817,johnson&johnson,Negative,"But tomorrow they're going to vigorously defend their product in bankruptcy court, and continue violently selling it everywhere else. Why are pregnant women in other countries be allowed to be routinely put at more risk from cancer?. Johnson & Johnson to End Talc - Based Baby Powder Sales in Western North American America nytimes. com / 2020 / 05 / 19 / The bus …",2025-10-13 21:10:49,2025-10-13 21:10:50,365
6817,johnson&johnson,Negative,"if they're going in vigorously defend their product in court, we continue selling it everywhere else. Why are women against rich countries just the be put at liberty from health?. Johnson & Johnson to End Talc-Based Baby Food Sales in North America nytimes.com/2020/05/19/bus...",2025-10-13 21:10:49,2025-10-13 21:10:50,278
6818,johnson&johnson,Neutral,Johnson & Johnson Halts Talc Baby Powder Sales - tinyurl.com/yb5v9q2c https://t.co/2C6a1bDxy7,2025-10-13 21:10:49,2025-10-13 21:10:50,93
6818,johnson&johnson,Neutral,Johnson & Johnson halts sale of baby powder - tinyurl.com / yb5v9q2c https: / / t.co / 2C6a1bDxy7,2025-10-13 21:10:49,2025-10-13 21:10:50,97
6818,johnson&johnson,Neutral,Johnson & Johnson stops selling Talc Baby Powder - tinyurl.com / yb5v9q2c https: / / www.co / 2C6a1bDxy7,2025-10-13 21:10:49,2025-10-13 21:10:50,104
6818,johnson&johnson,Neutral,Johnson & Johnson Halts Talc<unk> Powder Sales Print tinyurl.com/yb5v9q2c https://t.co/2C6a1bDxy7],2025-10-13 21:10:49,2025-10-13 21:10:50,98
6818,johnson&johnson,Neutral,Johnson & Johnson Motor Halts 2 Talc Baby Baby Powder Car Sales - tinyurl. de com / 1 yb5v9q2c https://t.co/2C6a1bDxy7 ],2025-10-13 21:10:49,2025-10-13 21:10:50,120
6818,johnson&johnson,Neutral,Johnson &<unk> Halts Talc Hot Powder Review - tinyurl.com/yb5v9q2c<unk>],2025-10-13 21:10:49,2025-10-13 21:10:50,72
6819,johnson&johnson,Negative,I suing Johnson & Johnson cause my grandma died from ovarian cancer ! She always put baby powder on us .,2025-10-13 21:10:49,2025-10-13 21:10:50,105
6819,johnson&johnson,Negative,I'm suing Johnson & Johnson because my granny died of ovarian cancer!,2025-10-13 21:10:49,2025-10-13 21:10:50,69
6819,johnson&johnson,Negative,I'm suing Johnson & Johnson because my grandmother died of ovarian cancer!,2025-10-13 21:10:49,2025-10-13 21:10:50,74
6819,johnson&johnson,Negative,I suing Johnson & Johnson - my grandma died from ovarian cancer! She never put baby powder on us.,2025-10-13 21:10:49,2025-10-13 21:10:50,97
6819,johnson&johnson,Negative,I stood suing Johnson & Johnson cause my grandma died from ovarian lung cancer! And She always comes put baby powder on after us.,2025-10-13 21:10:49,2025-10-13 21:10:50,129
6819,johnson&johnson,Negative,am suing Taylor & Johnson cause my grandma died from ovarian cancer! She always put baby powder for us.,2025-10-13 21:10:49,2025-10-13 21:10:50,103
6820,johnson&johnson,Neutral,How Johnson & Johnson companies used a ‘super poppy’ to make narcotics for America’s most abused opioid pills wapo.st/tasmania-poppy…,2025-10-13 21:10:49,2025-10-13 21:10:50,133
6820,johnson&johnson,Neutral,"How Johnson & Johnson companies used a \"super poppy\" to make narcotics for America's most abused opioid pills wapo.st / tasmania-poppy...",2025-10-13 21:10:49,2025-10-13 21:10:50,137
6820,johnson&johnson,Neutral,"How Johnson & Johnson used a \"super pill\" to produce drugs for America's most abused opioid pill wapo.st / tasmania-penny...",2025-10-13 21:10:49,2025-10-13 21:10:50,124
6820,johnson&johnson,Neutral,How Johnson and Johnson companies used a wild poppy’ to make narcotics labelled America’s most abused opioid pills wapo.st/tasmania-poppy…,2025-10-13 21:10:49,2025-10-13 21:10:50,138
6820,johnson&johnson,Neutral,How Johnson & Howard Johnson companies first used a ‘ super poppy ’ used to actually make pharmaceutical narcotics for America itself ’ s most abused synthetic opioid pills wapo. st / tasmania - high poppy …,2025-10-13 21:10:49,2025-10-13 21:10:50,207
6820,johnson&johnson,Neutral,How Johnson & American companies used a ‘super body to help narcotics drug users most abused opioid on wapo.st/tasmania-poppy...,2025-10-13 21:10:49,2025-10-13 21:10:50,128
6821,johnson&johnson,Negative,Oh man. See fuck that,2025-10-13 21:10:49,2025-10-13 21:10:50,21
6821,johnson&johnson,Negative,"Oh man. See, damn it again.",2025-10-13 21:10:49,2025-10-13 21:10:50,27
6821,johnson&johnson,Negative,Oh man. See fuck that,2025-10-13 21:10:49,2025-10-13 21:10:50,21
6821,johnson&johnson,Negative,Oh man. Just fuck that,2025-10-13 21:10:49,2025-10-13 21:10:50,22
6821,johnson&johnson,Negative,Oh man. 1 See fuck that,2025-10-13 21:10:49,2025-10-13 21:10:50,23
6821,johnson&johnson,Negative,Oh oh. See fuck that,2025-10-13 21:10:49,2025-10-13 21:10:50,20
6822,johnson&johnson,Irrelevant,"Dear Ugandan moms and soon to be moms,. . Once a product has been discontinued from the rich countries,  don't be hard headed and say stupid things like,. \"Nga we grew up in that & look how we turned out alright.\". . Abandon this mf like yesterday. . . Problem is Ugandan businessmen!!",2025-10-13 21:10:49,2025-10-13 21:10:50,285
6822,johnson&johnson,Irrelevant,"Dear Ugandan mothers and soon-to-be mothers... Once a product from rich countries has been sold, don't be sober and say stupid things like: \"Nga, we grew up with it & look how we fared..\" Leave this MF like yesterday... Problem are Ugandan businessmen!!",2025-10-13 21:10:49,2025-10-13 21:10:50,253
6822,johnson&johnson,Irrelevant,"Offend Ugandan moms and soon become moms... After the product has been withdrawn from sale in rich countries, don't be firm and say stupid things like, \"Nga, we grew up in this and see how we got on...\" Throw that mf like yesterday... it's Ugandan businessmen!!",2025-10-13 21:10:49,2025-10-13 21:10:50,261
6822,johnson&johnson,Irrelevant,"Dear Ugandan moms / soon to be moms,. 2 Once a product has been discontinued from the western countries,  don't be hard headed for say stupid things like,. \"Nga we grew up in that & look how u turned out alright.\".. Abandon this mf like yesterday.... Problem is Ugandan businessmen!!",2025-10-13 21:10:49,2025-10-13 21:10:50,283
6822,johnson&johnson,Irrelevant,"Dear Ugandan moms here and the soon to be rich moms,.. Once a good product has been discontinued from half the rich countries, don't be all hard headed and say stupid things like,. \" Nga we grew you up in that & look how have we really turned out alright. \".. Abandon this mf like us yesterday... Problem is Ugandan businessmen!!",2025-10-13 21:10:49,2025-10-13 21:10:50,329
6822,johnson&johnson,Irrelevant,"Dear Ugandan moms of soon to be sons,.. whenever a product has been discontinued into that rich countries, don't be hard headed and say stupid comments like,. \"Nga we grew up like a land look how we turned out alright.\".. Abandon this mf like yesterday... Problem this Ugandan businessmen!!",2025-10-13 21:10:49,2025-10-13 21:10:50,290
6823,johnson&johnson,Neutral,Johnson & Johnson Halts Talc Baby Powder Sales wb.md/2ylv9sV,2025-10-13 21:10:49,2025-10-13 21:10:50,62
6823,johnson&johnson,Neutral,Johnson & Johnson halts sale of baby powder wb.md / 2ylv9sV,2025-10-13 21:10:49,2025-10-13 21:10:50,59
6823,johnson&johnson,Neutral,Johnson & Johnson stops selling Talc Baby Powder wb.md / 2ylv9sV,2025-10-13 21:10:49,2025-10-13 21:10:50,64
6823,johnson&johnson,Neutral,Johnson & Company Halts Organic Baby Powder Sales wb.md/2ylv9sV,2025-10-13 21:10:49,2025-10-13 21:10:50,63
6823,johnson&johnson,Neutral,The Johnson & General Johnson Halts Talc Ltd Baby Powder Horse Sales Management wb. md / 2ylv9sV,2025-10-13 21:10:49,2025-10-13 21:10:50,96
6823,johnson&johnson,Neutral,Johnson & Johnson Natural Talc Clay Powder on wb.md/2ylv9sV,2025-10-13 21:10:49,2025-10-13 21:10:50,59
6824,johnson&johnson,Neutral,"China Closes Foxconn, Johnson & Johnson, And Samsung Factories Amid Virus Outbreak truepundit.com/china-closes-f…",2025-10-13 21:10:49,2025-10-13 21:10:50,113
6824,johnson&johnson,Neutral,"China shuts down Foxconn, Johnson & Johnson and Samsung factories amid virus outbreak truepundit.com / china-closes-f...",2025-10-13 21:10:49,2025-10-13 21:10:50,120
6824,johnson&johnson,Neutral,"China closes Foxconn, Johnson & Johnson, and Samsung Factories Amid...",2025-10-13 21:10:49,2025-10-13 21:10:50,70
6824,johnson&johnson,Neutral,"China Close Foxconn, Johnson & Johnson, And Samsung Factories Amid Virus Roundup 101.com/china-closes-f…",2025-10-13 21:10:49,2025-10-13 21:10:50,104
6824,johnson&johnson,Neutral,"China Medical Closes Foxconn, South Johnson & West Johnson, China And Samsung Factories to Amid Virus Outbreak truepundit. via com / Sino china - closes - f …",2025-10-13 21:10:49,2025-10-13 21:10:50,158
6824,johnson&johnson,Neutral,"China Value Foxconn, Johnson & Reed, Buy Samsung Factories Patent Virus at truepundit.com/china-closes-f...",2025-10-13 21:10:49,2025-10-13 21:10:50,107
6825,johnson&johnson,Positive,"Global Kaposi’s Sarcoma Treatment Market 2020-2026 is Growing So Rapidly || Leading Players –Bristol-Myers Squibb Company, Johnson & Johnson Services, Inc., Merck & Co., Inc., F. Hoffmann-La Roche Ltd. Pfizer Inc.. zpr.io/HTBZU.",2025-10-13 21:10:49,2025-10-13 21:10:50,230
6825,johnson&johnson,Positive,"Kaposi's global sarcoma market is growing so fast | | Leading Players -Bristol-Myers Squibb Company, Johnson & Johnson Services, Inc., Merck & Co., Inc., F. Hoffmann-La Roche Ltd. Pfizer Inc. zpr.io / HTBZU.",2025-10-13 21:10:49,2025-10-13 21:10:50,207
6825,johnson&johnson,Positive,"The global sarcoma market is growing so fast in 2020-2026 that the players are Bristol-Myers Squibb Company, Johnson & Johnson Services, Inc., Merck & Co., Inc., F.",2025-10-13 21:10:49,2025-10-13 21:10:50,164
6825,johnson&johnson,Positive,"Global Kaposi’s Sarcoma Treatment Market 2020-2026 is Growing So Rapidly With top Players –Bristol-Myers Squibb Company, Johnson & Wales LLC, Pf Merck & Co., Inc., F. Hoffmann-La Roche v. Pfizer Inc.. bit.io/HTBZU.",2025-10-13 21:10:49,2025-10-13 21:10:50,214
6825,johnson&johnson,Positive,"Project Global Kaposi ’ s First Sarcoma Disease Treatment Market Guide 2020 - 2026 Health is Growing So Rapidly | | Leading Players – Bristol - Trent Myers Miracle Squibb Company, Johnson & Johnson Cancer Services, Inc., Merck & Co., Inc., F. Hoffmann - Roche La Roche Ltd. y Pfizer Inc.. zpr. io / HTBZU.",2025-10-13 21:10:49,2025-10-13 21:10:50,305
6825,johnson&johnson,Positive,"Global World Immuno Treatment Market 2008-2026 is Growing So Rapidly || Five Players –Bristol-Myers & Company, Samuel & Johnson Services, T., Merck & Co., Inc., Hoffman. Hoffmann-La Research Ltd.<unk> Inc.. zpr.io/HTBZU.",2025-10-13 21:10:49,2025-10-13 21:10:50,220
6826,johnson&johnson,Neutral,Johnson & Johnson Stops Selling Talc-Based Baby Powder In U.S. And Canada standaside.us/johnson-johnso…,2025-10-13 21:10:49,2025-10-13 21:10:50,103
6826,johnson&johnson,Neutral,Johnson & Johnson halts sales of talc-based baby powder in the U.S. and Canada standdaside.us / johnson-johnso...,2025-10-13 21:10:49,2025-10-13 21:10:50,113
6826,johnson&johnson,Neutral,Johnson & Johnson stops selling Talc-based Baby Powder in the US and Canada.,2025-10-13 21:10:49,2025-10-13 21:10:50,76
6826,johnson&johnson,Neutral,Johnson & Johnson Stops Making Talc-Based Baby Food In O.S. And Canada standaside.us/johnson-johnso…,2025-10-13 21:10:49,2025-10-13 21:10:50,100
6826,johnson&johnson,Neutral,Johnson & Brothers Johnson World Stops Selling Talc - Based Sugar Baby Powder In the U. Of S. And Canada standaside. tell us / johnson - johnso …,2025-10-13 21:10:49,2025-10-13 21:10:50,145
6826,johnson&johnson,Neutral,Johnson & Co Stops Using Breast-Based Baby Support In United.S. And Canada standaside.us/johnson-johnso...,2025-10-13 21:10:49,2025-10-13 21:10:50,106
6827,johnson&johnson,Neutral,Johnson & Johnson Will Stop Selling 'Whitening Cream' Over Concerns Of Racism... weaselzippers.us/450898-johnson…,2025-10-13 21:10:49,2025-10-13 21:10:50,113
6827,johnson&johnson,Neutral,"Johnson & Johnson will stop selling \"whitening cream\" for fear of racism... weaselzippers.us / 450898-johnson...",2025-10-13 21:10:49,2025-10-13 21:10:50,112
6827,johnson&johnson,Neutral,"Johnson & Johnson will stop selling \"whitening cream\" because of racist remarks... weaselpers.us / 450898-jesson...",2025-10-13 21:10:49,2025-10-13 21:10:50,115
6827,johnson&johnson,Neutral,Johnson & Johnson To Stop Selling 'Whitening Powder' With Concerns Of Racism... weaselzippers.us/450898-johnson…,2025-10-13 21:10:49,2025-10-13 21:10:50,112
6827,johnson&johnson,Neutral,Johnson & Johnson Will You Stop Now Selling'Safe Whitening Cream'Over 500 Concerns Cause Of Racism... weaselzippers. tell us / room 450898 - johnson Street …,2025-10-13 21:10:49,2025-10-13 21:10:50,157
6827,johnson&johnson,Neutral,Johnson Louise Johnson Will Be Selling 'Whitening Cream' For Days Of Diabetes... $.us/450898-johnson...,2025-10-13 21:10:49,2025-10-13 21:10:50,103
6828,johnson&johnson,Neutral,"China Closes Foxconn, Johnson & Johnson, And Samsung Factories Amid Virus Outbreak activistpost.com/2020/01/china-… via @activistpost",2025-10-13 21:10:49,2025-10-13 21:10:50,133
6828,johnson&johnson,Neutral,"China to close Foxconn, Johnson & Johnson and Samsung factories amid virus outbreak activistpost.com / 2020 / 01 / china-... via @ activistpost",2025-10-13 21:10:49,2025-10-13 21:10:50,143
6828,johnson&johnson,Neutral,"China shuts down Foxconn, Johnson & Johnson and Samsung Factories Mid Outbreak activistpost.com / 2020 / 01 / china-... via @ activistpost",2025-10-13 21:10:49,2025-10-13 21:10:50,138
6828,johnson&johnson,Neutral,"China Closes Foxconn, Johnson & Johnson, & More Factories Amid Virus Outbreak activistpost.com/2020/01/china-…? @activistpost",2025-10-13 21:10:49,2025-10-13 21:10:50,125
6828,johnson&johnson,Neutral,"Beijing China Silicon Closes Foxconn, Sony Johnson & Johnson, Google And Samsung Noise Factories Amid Chemical Virus Outbreak At activistpost. or com / 2020 / 01 / china - … via @activistpost",2025-10-13 21:10:49,2025-10-13 21:10:50,191
6828,johnson&johnson,Neutral,"China Closes Foxconn, Blair and Brown, And Samsung Take China Virus Outbreak activistpost.com/2020/01/china-... via via",2025-10-13 21:10:49,2025-10-13 21:10:50,119
6829,johnson&johnson,Negative,Are they infecting everyone with Baby Powder?,2025-10-13 21:10:49,2025-10-13 21:10:50,45
6829,johnson&johnson,Negative,Do they all infect with baby powder?,2025-10-13 21:10:49,2025-10-13 21:10:50,36
6829,johnson&johnson,Negative,Do they infect everyone with Baby Powder?,2025-10-13 21:10:49,2025-10-13 21:10:50,41
6829,johnson&johnson,Negative,Are they infecting everyone with Venom Powder?,2025-10-13 21:10:49,2025-10-13 21:10:50,46
6829,johnson&johnson,Negative,Are we they infecting virtually everyone with Baby Powder?,2025-10-13 21:10:49,2025-10-13 21:10:50,58
6829,johnson&johnson,Negative,Are we infecting everyone with Baby Powder?,2025-10-13 21:10:49,2025-10-13 21:10:50,43
6830,johnson&johnson,Neutral,Johnson & Johnson to stop selling baby powder in US dlvr.it/RWztTL https://t.co/IMsCmDh0kl,2025-10-13 21:10:49,2025-10-13 21:10:50,90
6830,johnson&johnson,Neutral,Johnson & Johnson halts sales of baby powder in U.S. dlvr.it / RWztTL https: / / t.co / IMsCmDh0kl,2025-10-13 21:10:49,2025-10-13 21:10:50,98
6830,johnson&johnson,Neutral,Johnson & Johnson to stop selling baby powder in US dr.it / RWztTL,2025-10-13 21:10:49,2025-10-13 21:10:50,66
6830,johnson&johnson,Neutral,Johnson & Spencer to stop selling baby powder in China dlvr.it/RWztTL https://t.co/IMsCmDh0kl],2025-10-13 21:10:49,2025-10-13 21:10:50,94
6830,johnson&johnson,Neutral,Currently Johnson & General Johnson have to stop selling baby powder in US dlvr. is it / e RWztTL https://t.co/IMsCmDh0kl ],2025-10-13 21:10:49,2025-10-13 21:10:50,123
6830,johnson&johnson,Neutral,Johnson & Johnson will be selling hair powder in US dlvr.it/RWztTL https://t.co/IMsCmDh0kl],2025-10-13 21:10:49,2025-10-13 21:10:50,91
6831,johnson&johnson,Neutral,Healthcare giant Johnson & Johnson is to stop selling its talc-based Johnson's Baby Powder in the US and Canada.. . The firm faces many thousands of lawsuits from consumers who claim that its talc products caused their… instagram.com/p/CAY8DQyDXHG/…,2025-10-13 21:10:49,2025-10-13 21:10:50,249
6831,johnson&johnson,Neutral,Healthcare giant Johnson & Johnson is suspending sales of its talc-based Johnson's Baby Powder in the U.S. and Canada... instagram.com / p / CAY8DQyDXHG /...,2025-10-13 21:10:49,2025-10-13 21:10:50,157
6831,johnson&johnson,Neutral,Health care giant Johnson & Johnson is to stop selling its talc-based Johnson's Baby Powder in the US and Canada... The firm faces many thousands of customers that claims that its talc products called their... instagram.com / p / CAY8DQyDXHG /...,2025-10-13 21:10:50,2025-10-13 21:10:50,246
