ID,Topic,Sentiment,Text,Timestamp,IngestedAt,TextLength
6679,Fortnite,Positive,"\"just gonna keep on with aim assist and jump in the boxes with the drumgun\". .  absolute amazing pure skill on show . .",2025-10-14 20:44:50,2025-10-14 20:45:00,121
6679,Fortnite,Positive,"\"Just carry on with the Target Assistant and jump into the boxes with the drum gun..\" Absolutely amazing pure skill on stage.",2025-10-14 20:44:50,2025-10-14 20:45:00,125
6679,Fortnite,Positive,"\"I'm just going to keep scoring and jump in the drum boxes...\" Absolutely stunning pure skill on the show...",2025-10-14 20:44:50,2025-10-14 20:45:00,108
6679,Fortnite,Positive,"\"just gonna keep on with aim assist and banging in the boxes with the drumgun\". That  absolute amazing pure skill on show..",2025-10-14 20:44:50,2025-10-14 20:45:00,123
6679,Fortnite,Positive,"\" We just gonna keep on firing with aim assist and jump and in any the steel boxes with the drumgun \".. absolute amazing pure skill on show..",2025-10-14 20:44:50,2025-10-14 20:45:00,141
6679,Fortnite,Positive,"\"just gonna keep on with aim hoping to jump in the boxes with the drumgun\".. absolute amazing live rock on show..",2025-10-14 20:44:50,2025-10-14 20:45:00,113
6681,Fortnite,Irrelevant,Travis Scott ASTRO NOMICAL event in Fortnite is a game changer for in game concerts. Enjoy!  . youtu.be/TUZVa7YBn1g,2025-10-14 20:44:50,2025-10-14 20:45:00,115
6681,Fortnite,Irrelevant,Travis Scott ASTRO NOMICAL Event in Fortnite is a game changer for game concerts. Enjoy!. youtu.be / TUZVa7YBn1g,2025-10-14 20:44:50,2025-10-14 20:45:00,112
6681,Fortnite,Irrelevant,Travis Scott ASTRO The biggest event in Las Vegas is the game time change in gaming consoles. Enjoy!.. youtu.be / Z7YBn1g,2025-10-14 20:44:50,2025-10-14 20:45:00,121
6681,Fortnite,Irrelevant,Travis Scott : This event in Fortnite is a world changer for all game concerts. Enjoy! . youtu.be/TUZVa7YBn1g,2025-10-14 20:44:50,2025-10-14 20:45:00,109
6681,Fortnite,Irrelevant,Travis R Scott on ASTRO This NOMICAL event in Fortnite Park is a local game changer site for talent in the game concerts. Enjoy!. youtu. be / TUZVa7YBn1g,2025-10-14 20:44:50,2025-10-14 20:45:00,153
6681,Fortnite,Irrelevant,Travis Strong ASTRO music event of June is a game changer for rock concert concerts. Enjoy!. youtu.be/TUZVa7YBn1g,2025-10-14 20:44:50,2025-10-14 20:45:00,113
6682,Fortnite,Irrelevant,nick rage quit fortnite cuz thy wifi BFIEMFKEKDK,2025-10-14 20:44:50,2025-10-14 20:45:00,48
6682,Fortnite,Irrelevant,nick rage quit fornite cuz thy wifi BFIEMFKEKDK,2025-10-14 20:44:50,2025-10-14 20:45:00,47
6682,Fortnite,Irrelevant,Nick rage quit fotnite cuz thy wifi BFIEMFKEKDK,2025-10-14 20:44:50,2025-10-14 20:45:00,47
6682,Fortnite,Irrelevant,nick rage quit fortnite cuz hello wifi BFIEMFKEKDK,2025-10-14 20:44:50,2025-10-14 20:45:00,50
6682,Fortnite,Irrelevant,Who nick what rage when quit fortnite yourself cuz thy wifi BFIEMFKEKDK,2025-10-14 20:44:50,2025-10-14 20:45:00,71
6682,Fortnite,Irrelevant,nick call quit<unk> cuz you wifi BFIEMFKEKDK,2025-10-14 20:44:50,2025-10-14 20:45:00,44
6683,Fortnite,Negative,This why fortnite sucks,2025-10-14 20:44:50,2025-10-14 20:45:00,23
6683,Fortnite,Negative,That's why Fortnite sucks,2025-10-14 20:44:50,2025-10-14 20:45:00,25
6683,Fortnite,Negative,Here's why fortnite sucks,2025-10-14 20:44:50,2025-10-14 20:45:00,25
6683,Fortnite,Negative,This fucking fortnite sucks,2025-10-14 20:44:50,2025-10-14 20:45:00,27
6683,Fortnite,Negative,This is why fortnite sucks,2025-10-14 20:44:50,2025-10-14 20:45:00,26
6683,Fortnite,Negative,get why fortnite sucks,2025-10-14 20:44:50,2025-10-14 20:45:00,22
6684,Fortnite,Positive,very good!.,2025-10-14 20:44:50,2025-10-14 20:45:00,13
6684,Fortnite,Positive,very good!.,2025-10-14 20:44:50,2025-10-14 20:45:00,11
6684,Fortnite,Positive,Very good!.,2025-10-14 20:44:50,2025-10-14 20:45:00,11
6684,Fortnite,Positive,very cool,2025-10-14 20:44:50,2025-10-14 20:45:00,9
6684,Fortnite,Positive,And very good!.,2025-10-14 20:44:50,2025-10-14 20:45:00,15
6684,Fortnite,Positive,very very!.,2025-10-14 20:44:50,2025-10-14 20:45:00,11
6686,Fortnite,Positive,my most useless skill is probably fortnite,2025-10-14 20:44:50,2025-10-14 20:45:00,42
6686,Fortnite,Positive,my most useless skill is probably fortnightly,2025-10-14 20:44:50,2025-10-14 20:45:00,45
6686,Fortnite,Positive,my most useless skill is probably fortnite,2025-10-14 20:44:50,2025-10-14 20:45:00,42
6686,Fortnite,Positive,my most useless map is probably fortnite,2025-10-14 20:44:50,2025-10-14 20:45:00,40
6686,Fortnite,Positive,my second most useless skill is probably fortnite,2025-10-14 20:44:50,2025-10-14 20:45:00,49
6686,Fortnite,Positive,my most useless skill has probably fortnite,2025-10-14 20:44:50,2025-10-14 20:45:00,43
6687,Fortnite,Positive,Un-popular opinion Fortnite is kind of the best game i've ever played. I'ts almost like it was thought up by a person who lives alone.,2025-10-14 20:44:50,2025-10-14 20:45:00,134
6687,Fortnite,Positive,Unpopular opinion Fortnite is something like the best game I have ever played. I almost have the impression that it was invented by a person who lives alone.,2025-10-14 20:44:50,2025-10-14 20:45:00,157
6687,Fortnite,Positive,Unpopular opinion is probably the best game I've ever played.,2025-10-14 20:44:50,2025-10-14 20:45:00,61
6687,Fortnite,Positive,Un-popular opinion Fortnite is sort of the best game i've ever played. I'ts almost like shit was thought up by a person who lives overseas.,2025-10-14 20:44:50,2025-10-14 20:45:00,139
6687,Fortnite,Positive,Un - popular online opinion said Fortnite is kind of the third best game i've ever played. I'ts almost like maybe it was first thought up by a person now who always lives alone.,2025-10-14 20:44:50,2025-10-14 20:45:00,177
6687,Fortnite,Positive,Un-popular opinion Fortnite is kind of the best character i've ever play. I'ts almost like he was thought up by a family with lives alone.,2025-10-14 20:44:50,2025-10-14 20:45:00,138
6688,Fortnite,Positive,War zone has the worst damage consistency I have have seen. The fortnite shotguns were more consistent than this trash.,2025-10-14 20:44:50,2025-10-14 20:45:00,119
6688,Fortnite,Positive,War zone has the worst consistency of damage I've ever seen; the 14-day shotguns were more durable than this garbage.,2025-10-14 20:44:50,2025-10-14 20:45:00,117
6688,Fortnite,Positive,The war zone has the greatest damage I've seen. The double-barrelled guns have been more consistent than this thrash.,2025-10-14 20:44:50,2025-10-14 20:45:00,117
6688,Fortnite,Positive,War zone has the worst damage consistency I have have seen. The fortnite shotguns were more consistent than another one.,2025-10-14 20:44:50,2025-10-14 20:45:00,120
6688,Fortnite,Positive,War zone has the worst damage consistency I have to have seen. The fortnite artillery shotguns probably were more than consistent than this new trash.,2025-10-14 20:44:50,2025-10-14 20:45:00,150
6688,Fortnite,Positive,War zone has the worst gun consistency I that ever seen. The fortnite shotguns were more consistent than this trash.,2025-10-14 20:44:50,2025-10-14 20:45:00,116
6689,Fortnite,Neutral,"i just ran over three people with a truck in fortnite and they was on the top of a moutain with a sniper shooting at this guy, accidentally slid down the hill right to him and came in second .  i FUMBLED and STUMBLED pic.twitter.com/VZB6INp0Ll",2025-10-14 20:44:50,2025-10-14 20:45:00,243
6689,Fortnite,Neutral,"I've just run over three people with a truck in a fortnight and they were at the top of a mountain where a sniper shot this guy, accidentally slid down the hill and came in second place. i FUMBLED and STUMBLED pic.twitter.com / VZB6INp0Ll",2025-10-14 20:44:50,2025-10-14 20:45:00,238
6689,Fortnite,Neutral,"I just ran over three people in a truck in Fornite and they were on top of the coupling with the sniper shooting at this guy, accidentally slipped on a hill right in front of him and took second place.",2025-10-14 20:44:50,2025-10-14 20:45:00,201
6689,Fortnite,Neutral,"i just ran over three people with a truck in fortnite and they was on the top of a moutain with a sniper shooting at this guy, accidentally slid down the hill right to him and came in second .  i FUMBLED and STUMBLED pic.twitter.com/VZB6INp0Ll",2025-10-14 20:44:50,2025-10-14 20:45:00,243
6689,Fortnite,Neutral,"H i just ran over three people with a truck in fortnite and they was on the top of a moutain with a sniper shooting at this guy, accidentally slid down the hill right to him and came in second .  i FUMBLED and STUMBLED pic.twitter.com/VZB6INp0Ll",2025-10-14 20:44:50,2025-10-14 20:45:00,245
6689,Fortnite,Neutral,I,2025-10-14 20:44:50,2025-10-14 20:45:00,1
6690,Fortnite,Irrelevant,just realized me trying to piss him off actually gave him money. . shaking and cryign rn,2025-10-14 20:44:50,2025-10-14 20:45:00,88
6690,Fortnite,Irrelevant,I just realised I was trying to pee on him and actually gave him money.,2025-10-14 20:44:50,2025-10-14 20:45:00,71
6690,Fortnite,Irrelevant,"I just realised I was trying to smear him, I actually gave him the money...",2025-10-14 20:44:50,2025-10-14 20:45:00,75
6690,Fortnite,Irrelevant,just realized me trying to piss him off actually gave off money.. shaking are cryign rn,2025-10-14 20:44:50,2025-10-14 20:45:00,87
6690,Fortnite,Irrelevant,He just finally realized... me trying to piss him off actually gave to him money.. shaking and cryign rn,2025-10-14 20:44:50,2025-10-14 20:45:00,104
6690,Fortnite,Irrelevant,just realized me trying to piss him off actually handing him money.. 1 and leaving rn,2025-10-14 20:44:50,2025-10-14 20:45:00,85
6691,Fortnite,Negative,i was playin fortnite creative fill rn an out of nowhere it kicked me out then sed i dont have permison to play fortnite @FortniteGame what the fuck,2025-10-14 20:44:50,2025-10-14 20:45:00,148
6691,Fortnite,Negative,I played fortnite creatively fill rn out of nowhere it threw me then sed I have no permission to play fortnite @ FortniteGame what the hell,2025-10-14 20:44:50,2025-10-14 20:45:00,139
6691,Fortnite,Negative,i was playin fortnite creative fill an out of nowhere it knighted me out then sed i dont have permission to play fortnite @ niteGame what the fuck,2025-10-14 20:44:50,2025-10-14 20:45:00,146
6691,Fortnite,Negative,i was playin fortnite creative fill rn out out of house it kicked me out then sed rum dont have permison to play fortnite @FortniteGame what the fuck,2025-10-14 20:44:50,2025-10-14 20:45:00,149
6691,Fortnite,Negative,i was playin fortnite M creative fill here rn an here out of nowhere it kicked fucking me out then sed though i dont even have permison to play fortnite @FortniteGame and what the fucking fuck,2025-10-14 20:44:50,2025-10-14 20:45:00,192
6691,Fortnite,Negative,i tried playin fortnite creative fill rn an out of nowhere it kicked me out then sed i dont have permison to use fortnite @FortniteGame for good deal,2025-10-14 20:44:50,2025-10-14 20:45:00,149
6692,Fortnite,Negative,@EpicGamesTR @EpicGamesBackup fortnite is dog shit it’s past to and servers are down pic.twitter.com/byY6PqaYe6,2025-10-14 20:44:50,2025-10-14 20:45:00,111
6692,Fortnite,Negative,@ EpicGamesTR @ EpicGamesBackup fortnite is dog shit it it's past to and servers are down pic.twitter.com / byY6PqaYe6,2025-10-14 20:44:50,2025-10-14 20:45:00,118
6692,Fortnite,Negative,@ EpicGamesTR @ EpicGamesBackup fortnite is dog shit's past to and servers are down pic.su / byY6PqaYe6,2025-10-14 20:44:50,2025-10-14 20:45:00,103
6692,Fortnite,Negative,RhandlerR RhandlerR fortnite is dog shit it’s past to and servers are down pic.twitter.com/byY6PqaYe6,2025-10-14 20:44:50,2025-10-14 20:45:00,101
6692,Fortnite,Negative,V RhandlerR RhandlerR fortnite is dog shit it’s past to and servers are down pic.twitter.com/byY6PqaYe6,2025-10-14 20:44:50,2025-10-14 20:45:00,103
6692,Fortnite,Negative,We,2025-10-14 20:44:50,2025-10-14 20:45:00,2
6693,Fortnite,Positive,"@Ninja Just saw that you said Fortnite is terrible because you die within seconds of landing on the island. It's not a bad game, you're just bad at it. Huge difference. FYI: Don't land next to huge crowds of people in the game just for content.",2025-10-14 20:44:50,2025-10-14 20:45:00,246
6693,Fortnite,Positive,"@ Ninja You just saw that you said Fortnite is terrible because you die within seconds of landing on the island. It's not a bad game, you're just bad at it. Huge difference. FYI: Don't land next to huge crowds in the game just because of the content.",2025-10-14 20:44:50,2025-10-14 20:45:00,250
6693,Fortnite,Positive,"@ Ninja Just saw that you said Fennite is terrible because you die within seconds of the planet on the island. It's not the bad game, you're just bad at it. Great difference. FYI: Don't land next to huge crowds of people in the game just for content.",2025-10-14 20:44:50,2025-10-14 20:45:00,250
6693,Fortnite,Positive,"@Ninja Just noticing that you said Fortnite is terrible because you die within seconds following landing on the island. It's really a bad game, you're just bad at it. Huge difference. FYI: Don't land next to huge crowds without people in the game thanks to content.",2025-10-14 20:44:50,2025-10-14 20:45:00,265
6693,Fortnite,Positive,"THE @Ninja Just saw that you said Fortnite Beach is terrible because you die once within seconds of landing on to the island. It's not not a bad game, you're just working bad people at it. Huge difference. TO FYI : Don't land next to huge crowds of people called in for the game just for content.",2025-10-14 20:44:50,2025-10-14 20:45:00,296
6693,Fortnite,Positive,"people who saw what you said Fortnite is terrible because you die within hour of landing on that island. It's not a bad game, you're just bad at it. Huge difference. FYI: shouldn't land off to massive crowds of people in the arcade just for content.",2025-10-14 20:44:50,2025-10-14 20:45:00,249
6694,Fortnite,Negative,NOT FREE TO USE !!!! Recent work,2025-10-14 20:44:50,2025-10-14 20:45:00,34
6694,Fortnite,Negative,NOT FREE!!!!,2025-10-14 20:44:50,2025-10-14 20:45:00,12
6694,Fortnite,Negative,NOT FREE TO USE!!!! Recent work,2025-10-14 20:44:50,2025-10-14 20:45:00,31
6694,Fortnite,Negative,NOT HERE TO USE!!!! Recent work,2025-10-14 20:44:50,2025-10-14 20:45:00,31
6694,Fortnite,Negative,NOT FREE TO ONE USE!!!!... Recent work,2025-10-14 20:44:50,2025-10-14 20:45:00,38
6694,Fortnite,Negative,<unk> FREE TO USE!!!! Recent work,2025-10-14 20:44:50,2025-10-14 20:45:00,33
6695,Fortnite,Neutral,Is fortnite worth the redownload?,2025-10-14 20:44:50,2025-10-14 20:45:00,33
6695,Fortnite,Neutral,Is it worth re-downloading Fortnite?,2025-10-14 20:44:50,2025-10-14 20:45:00,36
6695,Fortnite,Neutral,Is Fortnite worth a reboot?,2025-10-14 20:44:50,2025-10-14 20:45:00,27
6695,Fortnite,Neutral,Is Netflix worth the redownload?,2025-10-14 20:44:50,2025-10-14 20:45:00,32
6695,Fortnite,Neutral,Is fortnite worth half the extra redownload?,2025-10-14 20:44:50,2025-10-14 20:45:00,44
6695,Fortnite,Neutral,Is fortnite accepting the redownload?,2025-10-14 20:44:50,2025-10-14 20:45:00,37
6696,Fortnite,Irrelevant,RAGE | Fortnite Highlights,2025-10-14 20:44:50,2025-10-14 20:45:00,28
6696,Fortnite,Irrelevant,RAGE | Fortnite Highlights,2025-10-14 20:44:50,2025-10-14 20:45:00,26
6696,Fortnite,Irrelevant,GE's Highlights,2025-10-14 20:44:50,2025-10-14 20:45:00,15
6696,Fortnite,Irrelevant,RAGE | Series Highlights,2025-10-14 20:44:50,2025-10-14 20:45:00,24
6696,Fortnite,Irrelevant,Project RAGE | Fortnite Highlights,2025-10-14 20:44:50,2025-10-14 20:45:00,34
6696,Fortnite,Irrelevant,RAGE | Weekly Highlights,2025-10-14 20:44:50,2025-10-14 20:45:00,24
6697,Fortnite,Positive,nice,2025-10-14 20:44:50,2025-10-14 20:45:00,4
6697,Fortnite,Positive,nan,2025-10-14 20:44:50,2025-10-14 20:45:00,3
6697,Fortnite,Positive,nice,2025-10-14 20:44:50,2025-10-14 20:45:00,4
6697,Fortnite,Positive,nice,2025-10-14 20:44:50,2025-10-14 20:45:00,4
6697,Fortnite,Positive,Quite nice,2025-10-14 20:44:50,2025-10-14 20:45:00,10
6697,Fortnite,Positive,out,2025-10-14 20:44:50,2025-10-14 20:45:00,3
6698,Fortnite,Negative,I can’t get in fix plz fortnite,2025-10-14 20:44:50,2025-10-14 20:45:00,31
6698,Fortnite,Negative,I can not fix in plz fortnite,2025-10-14 20:44:50,2025-10-14 20:45:00,29
6698,Fortnite,Negative,I can't get in fix plz fortnite,2025-10-14 20:44:50,2025-10-14 20:45:00,31
6698,Fortnite,Negative,I<unk> get in fix plz fortnite,2025-10-14 20:44:50,2025-10-14 20:45:00,30
6698,Fortnite,Negative,I can ’ t always get in fix plz... fortnite,2025-10-14 20:44:50,2025-10-14 20:45:00,43
6698,Fortnite,Negative,I can’t get in every plz that,2025-10-14 20:44:50,2025-10-14 20:45:00,29
6699,Fortnite,Negative,@FortniteGame I need help with this. I have done the recommended steps people have posted on YT. I had no problem playing on PC until Sunday night! The pc is not the issue this is a,2025-10-14 20:44:50,2025-10-14 20:45:00,183
6699,Fortnite,Negative,I did the recommended steps that people posted on YT. I had no problem playing on the PC until Sunday night!,2025-10-14 20:44:50,2025-10-14 20:45:00,108
6699,Fortnite,Negative,@ FenniteGame I need help with this. I have done the recommended steps people have posted on YT. I had no problem playing on PC until Sunday night! The pc is not the issue this is a,2025-10-14 20:44:50,2025-10-14 20:45:00,181
6699,Fortnite,Negative,@FortniteGame I need help with this. I have done the recommended mod people have said on YT. I had no problem playing on PC until Sunday morning! The pc is not the only this is a,2025-10-14 20:44:50,2025-10-14 20:45:00,178
6699,Fortnite,Negative,@FortniteGame... I need help with this. And I have also done the recommended steps various people have posted on website YT. I so had really no problem playing on PC until Sunday night! The pc is not really the issue this is a,2025-10-14 20:44:50,2025-10-14 20:45:00,226
6699,Fortnite,Negative,@FortniteGame I need help with this. I have done the recommended steps people have posted on YT. I expect no problem working on this late Thursday evening! The pc is not the issue this is a,2025-10-14 20:44:50,2025-10-14 20:45:00,189
6700,Fortnite,Neutral,comment and i’ll rate your fortnite skill 1-10 . . 1: complete and utter trash. 2: trash. 3: below average. 4: average. 5: above average. 6: decent. 7: good. 8: really good. 9: insane. 10: one of the best ngl.,2025-10-14 20:44:50,2025-10-14 20:45:00,209
6700,Fortnite,Neutral,Comment and I rate your fortnightly skills 1-10. 1: complete and utter garbage. 2: garbage. 3: below average. 4: average. 5: above average. 6: decent. 7: good. 8: really good. 9: crazy. 10: one of the best NGLs.,2025-10-14 20:44:50,2025-10-14 20:45:00,211
6700,Fortnite,Neutral,1: complete and complete thrash. 2: thrash. 3: below average. 4: medium. 5: above average. 6: decent. 7: good. 8: really good. 9: good. 10: one of the best thrash.,2025-10-14 20:44:50,2025-10-14 20:45:00,163
6700,Fortnite,Neutral,comment and i’ll score your fortnite skill 1-10.. 1: complete and utter trash. 2: trash. 2: below average. 4: average. 5: above average. 46: decent. 7: good. 8: exceptionally good. 9: mediocre. 10: most of the best ngl.,2025-10-14 20:44:50,2025-10-14 20:45:00,219
6700,Fortnite,Neutral,a comment and i ’ ll even rate you your last fortnite for skill 1 - 10.. 1 : complete totally and utter trash. 2 : trash. 3 : below or average. 2 4 : average. 5 : above average. 6 : decent. 7 : good. 8 : really good. m 9 : insane. 10 : one of among the best ngl.,2025-10-14 20:44:50,2025-10-14 20:45:00,262
6700,Fortnite,Neutral,comment and i’ll update your fortnite<unk> 1-10.. 2: complete and utter insanity. 2: trash. Three below average. 4: average. 5: absolutely good. 6: decent. 7: good. 8: really hard. 9: insane. THIS: 1 of the best ngl.,2025-10-14 20:44:50,2025-10-14 20:45:00,216
6701,Fortnite,Irrelevant,I freaking love @KaitlinPlacko @allietrezz and @Lorenyl14 they are cracked at fortnite and I wish I could be good like them at fortnite,2025-10-14 20:44:50,2025-10-14 20:45:00,135
6701,Fortnite,Irrelevant,I freaking love @ KaitlinPlacko @ allietrezz and @ Lorenyl14 they cracked on Fortnite and I wish I could be good like them on Fortnite,2025-10-14 20:44:50,2025-10-14 20:45:00,134
6701,Fortnite,Irrelevant,I freaking love @ KaitlinPlacko @ Freetrezz and @ Lorenyl14 they are cracked at fortnite and I wish I could be good like them at fortnite,2025-10-14 20:44:50,2025-10-14 20:45:00,137
6701,Fortnite,Irrelevant,I freaking knew @KaitlinPlacko @allietrezz and @Lorenyl14 they are cracked at fortnite and I knew I could be good like that at fortnite,2025-10-14 20:44:50,2025-10-14 20:45:00,135
6701,Fortnite,Irrelevant,I freaking freaking love @KaitlinPlacko @allietrezz you and @Lorenyl14 they are pretty cracked at the fortnite and I wish I could be that good like them again at full fortnite,2025-10-14 20:44:50,2025-10-14 20:45:00,175
6701,Fortnite,Irrelevant,I freaking love @KaitlinPlacko im and @allietrezz they are cracking at fortnite<unk> I wish IT could be good like cracked at fortnite,2025-10-14 20:44:50,2025-10-14 20:45:00,133
6702,Fortnite,Negative,@FortniteGame fix your game the servers are so bad rn.....,2025-10-14 20:44:50,2025-10-14 20:45:00,58
6702,Fortnite,Negative,@ FortniteGame repair your game the servers are so bad rn.....,2025-10-14 20:44:50,2025-10-14 20:45:00,62
6702,Fortnite,Negative,@ benniteGame fix their game servers are so bad.....,2025-10-14 20:44:50,2025-10-14 20:45:00,52
6702,Fortnite,Negative,@FortniteGame fix your game the prices are so bad rn.....,2025-10-14 20:44:50,2025-10-14 20:45:00,57
6702,Fortnite,Negative,@FortniteGame fix your own game the video servers are so much bad rn.....,2025-10-14 20:44:50,2025-10-14 20:45:00,73
6702,Fortnite,Negative,@FortniteGame fix your game these servers are so badly rn.....,2025-10-14 20:44:50,2025-10-14 20:45:00,62
6703,Fortnite,Positive,Fucking wild and will be copping this tomorrow.,2025-10-14 20:44:50,2025-10-14 20:45:00,47
6703,Fortnite,Positive,Damn wild and will crack that tomorrow.,2025-10-14 20:44:50,2025-10-14 20:45:00,39
6703,Fortnite,Positive,Fucking wild and will be cupping this tomorrow.,2025-10-14 20:44:50,2025-10-14 20:45:00,47
6703,Fortnite,Positive,Fucking wild woman will be copping this tomorrow.,2025-10-14 20:44:50,2025-10-14 20:45:00,49
6703,Fortnite,Positive,Look Fucking wild and will be copping this gene tomorrow.,2025-10-14 20:44:50,2025-10-14 20:45:00,57
6703,Fortnite,Positive,Fucking wild and will be doing this tomorrow.,2025-10-14 20:44:50,2025-10-14 20:45:00,45
6704,Fortnite,Irrelevant,love not being able to vod review bc whenever i try to have fortnite open with obs at the same time fort crashes,2025-10-14 20:44:50,2025-10-14 20:45:00,112
6704,Fortnite,Irrelevant,love not being able to review bc vod when i try to have Fortnite open with obs at the same time fort crashes,2025-10-14 20:44:50,2025-10-14 20:45:00,108
6704,Fortnite,Irrelevant,love not being able to vod review bc whenever i try to have fortnite open with obs at the same time fort crashes,2025-10-14 20:44:50,2025-10-14 20:45:00,112
6704,Fortnite,Irrelevant,love not being able to vod review bc whenever i try to have fortnite games with obs at the normal time fort crashes,2025-10-14 20:44:50,2025-10-14 20:45:00,115
6704,Fortnite,Irrelevant,love not even being able to vod review bc whenever i try to not have fortnite door open with obs at almost the specific same time fort crashes,2025-10-14 20:44:50,2025-10-14 20:45:00,142
6704,Fortnite,Irrelevant,love out being able to vod review bc whenever i try to get fortnite open then it at the same time fort crashes,2025-10-14 20:44:50,2025-10-14 20:45:00,110
6705,Fortnite,Irrelevant,Jennifer Walters Is SECRETLY Reactive! (How Is She-Hulk's Wrap Reactive?) youtu.be/Vk2m8oowNE0,2025-10-14 20:44:50,2025-10-14 20:45:00,96
6705,Fortnite,Irrelevant,Jennifer Walters is SECRET reactive! (How is Hulk's wrap reactive?) youtu.be / Vk2m8oowNE0,2025-10-14 20:44:50,2025-10-14 20:45:00,90
6705,Fortnite,Irrelevant,Jennifer Walters Is SECRETLY Reactive! (How is She-Hulk's Wrap Reactive?) youtu.be / Vk2m8oowNE0,2025-10-14 20:44:50,2025-10-14 20:45:00,96
6705,Fortnite,Irrelevant,Jennifer Walters Is SECRETLY Reactive! PLUS Was She-Hulk's Romance Reactive?) youtu.be/Vk2m8oowNE0,2025-10-14 20:44:50,2025-10-14 20:45:00,98
6705,Fortnite,Irrelevant,The Jennifer Walters Is Going SECRETLY Reactive! ( How Is She - Hulk's To Wrap Back Reactive? ) by youtu. x be / x Vk2m8oowNE0,2025-10-14 20:44:50,2025-10-14 20:45:00,126
6705,Fortnite,Irrelevant,Jennifer Bean Is Hand Reactive! (How makes Kurt-Hulk's Wrap Possible?) Copyright.be/Vk2m8oowNE0,2025-10-14 20:44:50,2025-10-14 20:45:00,95
6706,Fortnite,Negative,@FortniteGame  YOU ARE GONNA HAVE TO DO SOMETHING ABOUT AIM BOT. ANONYMOUS PLAYERS SHOULD HAVE NAMES!!!!!!  Aim bot is ruining the game!,2025-10-14 20:44:50,2025-10-14 20:45:00,136
6706,Fortnite,Negative,@ FortniteGame YOU ARE GONNA MUST DO SOME ABOUT AIM BOT. ANONYMOUS PLAYERS SHOULD HAVE NAME!!!!!! Aim bot ruined the game!,2025-10-14 20:44:50,2025-10-14 20:45:00,122
6706,Fortnite,Negative,@ FenniteGame YOU ARE GONE HAVE TO DO SOMETHING ABOT. ANONYMOUS PLAYERS SHOULD HAVE NAMES!!!!!! Aim bot is ruining the game!,2025-10-14 20:44:50,2025-10-14 20:45:00,124
6706,Fortnite,Negative,@FortniteGame  YOU ALL GONNA HAVE TO NAME SOMETHING NE AIM BOT. ANONYMOUS PLAYERS SHOULD HAVE NAMES!!!!!!  Apparently bot is ruining the game!,2025-10-14 20:44:50,2025-10-14 20:45:00,142
6706,Fortnite,Negative,@FortniteGame YOU ARE THE GONNA ME HAVE TO DO SOMETHING And ABOUT AIM BOT. ANONYMOUS IS PLAYERS LA SHOULD HAVE YOU NAMES!!!!!! Aim bot and is already ruining half the board game!,2025-10-14 20:44:50,2025-10-14 20:45:00,178
6706,Fortnite,Negative,@FortniteGame YOU ARE A BE TO UN SOMETHING ABOUT TO BOT. HERE PLAYERS SHOULD NOT NAMES!!!!!! Aim bot shit ruining fucking game!,2025-10-14 20:44:50,2025-10-14 20:45:00,127
6707,Fortnite,Negative,stfu lol,2025-10-14 20:44:50,2025-10-14 20:45:00,8
6707,Fortnite,Negative,stfu lol,2025-10-14 20:44:50,2025-10-14 20:45:00,8
6707,Fortnite,Negative,stfalllol,2025-10-14 20:44:50,2025-10-14 20:45:00,9
6707,Fortnite,Negative,stfu<unk>,2025-10-14 20:44:50,2025-10-14 20:45:00,9
6707,Fortnite,Negative,2 stfu lol,2025-10-14 20:44:50,2025-10-14 20:45:00,10
6707,Fortnite,Negative,stfu lol,2025-10-14 20:44:50,2025-10-14 20:45:00,8
6709,Fortnite,Negative,i'm thinking to quit fortnite.,2025-10-14 20:44:50,2025-10-14 20:45:00,31
6709,Fortnite,Negative,I'm thinking of quitting fortnightly.,2025-10-14 20:44:50,2025-10-14 20:45:00,37
6709,Fortnite,Negative,i'm thinking to quit fortnite.,2025-10-14 20:44:50,2025-10-14 20:45:00,30
6709,Fortnite,Negative,i'm thinking to rest fortnite.,2025-10-14 20:44:50,2025-10-14 20:45:00,30
6709,Fortnite,Negative,i'h m thinking whether to quit fortnite.,2025-10-14 20:44:50,2025-10-14 20:45:00,40
6709,Fortnite,Negative,i'm thinking you quit fortnite.,2025-10-14 20:44:50,2025-10-14 20:45:00,31
6710,Fortnite,Irrelevant,"Why ali a is the best fortnite guy- . 1. Hes super sexy. 2. His accent makes me cream. 3. Hes sexy. 4. His wife is very lucky. 5. puts out the best content. 6. ali if your seeing this i have nipple rings i know you will love them, please just give me a chance i know you will love me bb",2025-10-14 20:44:50,2025-10-14 20:45:00,286
6710,Fortnite,Irrelevant,"Why ali a is the best fortnite guy-. 1. He is super sexy. 2. His accent makes me cream. 3. He sexy. 4. His wife is very lucky. 5. turns out the best content. 6. ali when you see this, I have nipple rings that I know you will love, please give me a chance, I know you will love me bb",2025-10-14 20:44:50,2025-10-14 20:45:00,282
6710,Fortnite,Irrelevant,Why Ali is the best two-year-old boy. 1. Hes is super sexy. 2. His accent makes me cream. 3. Hes is sexy. 4. His wife is very lucky.,2025-10-14 20:44:50,2025-10-14 20:45:00,132
6710,Fortnite,Irrelevant,"Why ali a ha the best fortnite b-. 1. Hes kinda sexy. 3. His accent makes me cream. 13. Hes sexy. 4. His wife is very lucky. 5. puts out very best content. 6. ali if your following this i have nipple rings i know you will love them, please just give me a chance i know you will love me bb",2025-10-14 20:44:50,2025-10-14 20:45:00,288
6710,Fortnite,Irrelevant,"10 Why ali a is the best fortnite guy -. 1. Hes super sexy. 2. His accent makes me cream. 3. Hes sexy. 4. His wife is probably very freaking lucky. 5. Adam puts out the best content. 6. why ali if at your seeing this woman i have nipple rings i know you will love them, please just just give me a chance i already know you will love even me bb",2025-10-14 20:44:50,2025-10-14 20:45:00,343
6710,Fortnite,Irrelevant,"Why ali is in the best fortnite guy-. 1. Hes my sexy. 2. His spouse makes me cream. 3. Hes sexy. 4. His wife is very lucky. 5. puts out her best content. 6. ali if your seeing your i have nipple rings i promise you will love them, if just give me a chance i know it will miss me bb",2025-10-14 20:44:50,2025-10-14 20:45:00,281
6711,Fortnite,Negative,That sucks tbh,2025-10-14 20:44:50,2025-10-14 20:45:00,14
6711,Fortnite,Negative,nan,2025-10-14 20:44:50,2025-10-14 20:45:00,3
6711,Fortnite,Negative,That sucks tbh,2025-10-14 20:44:50,2025-10-14 20:45:00,14
6711,Fortnite,Negative,That sucked tbh,2025-10-14 20:44:50,2025-10-14 20:45:00,15
6711,Fortnite,Negative,The That sucks tbh,2025-10-14 20:44:50,2025-10-14 20:45:00,18
6711,Fortnite,Negative,still sucks tbh,2025-10-14 20:44:50,2025-10-14 20:45:00,15
6712,Fortnite,Irrelevant,"\"and so is this a symptom of something bigger going on? Or is this a cause? So that's where the WHO's made a mistake, they think it's a cause.\"🧙‍.",2025-10-14 20:44:50,2025-10-14 20:45:00,147
6712,Fortnite,Irrelevant,"\"So is this a symptom of something bigger going on? Or is it a cause? So the WHO has made a mistake here, it believes it is a cause.\"",2025-10-14 20:44:50,2025-10-14 20:45:00,133
6712,Fortnite,Irrelevant,"\"Is this a symptom of something bigger happening? Or is it the cause? Well, the WHO has made a mistake, they think it's the cause.\"",2025-10-14 20:44:50,2025-10-14 20:45:00,131
6712,Fortnite,Irrelevant,"\"and so perhaps this a symptom of something bigger going on? Or is there a cause? So as where the WHO's made a mistake, they think it's a symptom.",2025-10-14 20:44:50,2025-10-14 20:45:00,146
6712,Fortnite,Irrelevant,"\" So and so is this a distinct symptom capable of actually something bigger going on? Or what is this a possible cause? So that's where the original WHO's made a mistake, they would think what it's a cause. \" [UNK].",2025-10-14 20:44:50,2025-10-14 20:45:00,215
6712,Fortnite,Irrelevant,"\"and so it this a symptom of something bigger rolling on? So is it a cause? So now's where everybody WHO's made a mistake, they think it's a cause.\"<unk>.",2025-10-14 20:44:50,2025-10-14 20:45:00,154
6713,Fortnite,Neutral,@ClixHimself Everyone use code Notclix in the fortnite item shop and take a vid of you buying something AND CLIX WILL FOLLOW YOU AND CALL YOU CUTE,2025-10-14 20:44:50,2025-10-14 20:45:00,148
6713,Fortnite,Neutral,@ ClixHimself Everyone uses the code Notclix in the 14 day item store and takes a video of you as you buy something and CLIX will follow you and CALL YOU CUTE,2025-10-14 20:44:50,2025-10-14 20:45:00,158
6713,Fortnite,Neutral,@ Clixself Everyone uses the Notclix code in a two-story merchandise store and pretends you're buying something and Clix will flood you in and call you out.,2025-10-14 20:44:50,2025-10-14 20:45:00,156
6713,Fortnite,Neutral,@ClixHimself Everyone use code Notclix in the fortnite item shop and take a vid of people buying something AND ONE WILL FOLLOW THIS AND CALL YOU CUTE,2025-10-14 20:44:50,2025-10-14 20:45:00,149
6713,Fortnite,Neutral,@ClixHimself Everyone use Google code for Notclix in the fortnite item shop and you take out a vid of you in buying up something AND get CLIX WILL FOLLOW by YOU AND CALL YOU CUTE,2025-10-14 20:44:50,2025-10-14 20:45:00,178
6713,Fortnite,Neutral,@ClixHimself Everyone use their Notclix to the fortnite item shop and make a vid of you buying something because CLIX WILL FOLLOW YOUR MUST CALL YOU CUTE,2025-10-14 20:44:50,2025-10-14 20:45:00,153
6714,Fortnite,Irrelevant,"Oh god, now when baby nctzens watch “kick it” and see them renegade, they’ll think it’s that stupid fortnite dance",2025-10-14 20:44:50,2025-10-14 20:45:00,114
6714,Fortnite,Irrelevant,"Oh God, now that Babynctzens are \"kicking\" and seeing them renege, they'll think it's that silly Fortnite dance",2025-10-14 20:44:50,2025-10-14 20:45:00,111
6714,Fortnite,Irrelevant,"Oh God, now that the kids are watching the kick and seeing them dance, they'll think it's such a silly two-week dance.",2025-10-14 20:44:50,2025-10-14 20:45:00,118
6714,Fortnite,Irrelevant,"Oh god, now when baby nctzens come “kick ass and see them renegade, they’ll think past that stupid fortnite dance",2025-10-14 20:44:50,2025-10-14 20:45:00,113
6714,Fortnite,Irrelevant,"Oh god, now so when my baby nctzens ever watch a “ kick to it ” and finally see them renegade, they ’ ll think it ’ back s that stupid fortnite dance",2025-10-14 20:44:50,2025-10-14 20:45:00,149
6714,Fortnite,Irrelevant,"Oh god, now when baby nctzens watch “kick it” and even a renegade, who think it’s that stupid chicken dance",2025-10-14 20:44:50,2025-10-14 20:45:00,107
6715,Fortnite,Negative,Fortnite has these bots that make the game unplayed lmfao literally unplayable because of course you land with just an axe and before you can loot a bot with weapons already on the ground just shoots you before you can even arm yourself lmfao Fortnite right now is a waste of data https://t.co/MmErZUIZyl,2025-10-14 20:44:50,2025-10-14 20:45:00,304
6715,Fortnite,Negative,"Fortnite has these bots that make the game lmfao literally unplayable, because of course you end up with only an axe and before you can loot a bot with weapons already lying on the ground, you shoot one before you can even arm yourself lmfao Fortnite is currently a waste of data https: / / t.co / MmErZUIZyl",2025-10-14 20:44:50,2025-10-14 20:45:00,308
6715,Fortnite,Negative,"We have these bots that make the unplayed lmfao game literally unplayable, because of course you land with just an axe and before you can rob a gun bot already on the ground, just shoot you before you can even arm yourself lmfao bennite right now - it's a waste of data.",2025-10-14 20:44:50,2025-10-14 20:45:00,270
6715,Fortnite,Negative,Fortnite has these bots that make any game unplayed lmfao literally unplayable because of course you land against just an axe and before you can loot a bot with kills already on the ground just shoots you before you can even heal yourself then Fortnite for now is a waste of data https://t.co/MmErZUIZyl],2025-10-14 20:44:50,2025-10-14 20:45:00,304
6715,Fortnite,Negative,Fortnite has these bots that make the game unplayed lmfao literally unplayable now because they of course you land with just an axe and then before you can loot home a third bot with weapons already on the ground just shoots until you just before you can even arm yourself The lmfao Fortnite... right now is purely a waste of data https://t.co/MmErZUIZyl ],2025-10-14 20:44:50,2025-10-14 20:45:00,356
6715,Fortnite,Negative,Fortnite all these bots that make the game unplayed lmfao their unplayable run of course and land with up his axe and before you can loot a bot with one already on the ground just shoots you not they can even arm him lmfao Fortnite right now is a waste of data https://t.co/MmErZUIZyl],2025-10-14 20:44:50,2025-10-14 20:45:00,285
6716,Fortnite,Positive,@FortniteGame i have a concept you might like! Ik it’s kinda a bad drawing :/ pic.twitter.com/Ud6BsA3VhR,2025-10-14 20:44:50,2025-10-14 20:45:00,104
6716,Fortnite,Positive,@ FortniteGame I have a concept that you might like! Ik it's kind of a bad drawing: / pic.twitter.com / Ud6BsA3VhR,2025-10-14 20:44:50,2025-10-14 20:45:00,114
6716,Fortnite,Positive,@ benniteGame I have a concept you might like! Ik it's kinda a bad drawing: / pic.facebook.com / Ud6BsA3VhR,2025-10-14 20:44:50,2025-10-14 20:45:00,107
6716,Fortnite,Positive,RhandlerR i have a concept you might like! Ik it’s kinda a bad drawing :/ pic.twitter.com/Ud6BsA3VhR,2025-10-14 20:44:50,2025-10-14 20:45:00,100
6716,Fortnite,Positive,in RhandlerR i have a concept you might like! Ik it’s kinda a bad drawing :/ pic.twitter.com/Ud6BsA3VhR,2025-10-14 20:44:50,2025-10-14 20:45:00,103
6716,Fortnite,Positive,<unk>,2025-10-14 20:44:50,2025-10-14 20:45:00,5
6717,Fortnite,Negative,"Not that long ago that Fortnite ran well on an iPhone 6, Switch had physics, PS4 couldn't even join a Switch player's party. Now iOS is gone, Android barely runs the game on an S20, streamers jumped ship, PC complains about aim assist, Console complains about SBMM. Nobody's happy",2025-10-14 20:44:50,2025-10-14 20:45:00,280
6717,Fortnite,Negative,"Not so long ago, Fortnite worked well on an iPhone 6, Switch had physics, the PS4 couldn't even join a Switch player party. Now, iOS is gone, Android barely runs on an S20, streamers jumped off the ship, PC complains about target support, console complains about SBMM.",2025-10-14 20:44:50,2025-10-14 20:45:00,268
6717,Fortnite,Negative,"Now iOS is gone, Android is struggling to launch a game on the S20, streamers are jumping ship, the PC is interested in the aiming assistant, the console is interested in the SBMM.",2025-10-14 20:44:50,2025-10-14 20:45:00,180
6717,Fortnite,Negative,"Not that long ago that Fortnite ran free on an iPhone 6, Switch for physics, PS4 may even join a Switch player's party. Now iOS is gone, Android now runs the game on my S20, streamers jumped ship, Steam complains about aim assist, Console complains about SBMM. Nobody's happy",2025-10-14 20:44:50,2025-10-14 20:45:00,275
6717,Fortnite,Negative,"Not that long ago remember that Fortnite ran well on an iPhone Sense 6, because Switch had physics, PS4 couldn't even join a Switch 5 player's party. Now iOS is gone, Android barely runs the game on an Xbox S20, streamers jumped ship, but PC Power complains about poor aim assist, Console View complains about SBMM. Nobody'S s happy",2025-10-14 20:44:50,2025-10-14 20:45:00,332
6717,Fortnite,Negative,"Not too long now that Fortnite works well on an iPhone 2, PSP had physics, PS4 couldn't even handle a Switch player's community. The iOS is gone, Android barely handled the game on my S20, streamers jumped ship, PC complains about aim assist, Console complains about SBMM. Nobody's happy",2025-10-14 20:44:50,2025-10-14 20:45:00,287
6718,Fortnite,Negative,fuck fortnite (yes i rage quit),2025-10-14 20:44:50,2025-10-14 20:45:00,31
6718,Fortnite,Negative,"fuck fortnite (yes, I rage)",2025-10-14 20:44:50,2025-10-14 20:45:00,27
6718,Fortnite,Negative,fuck fortnite (yes i rage quit),2025-10-14 20:44:50,2025-10-14 20:45:00,31
6718,Fortnite,Negative,fuck off (yes i rage quit),2025-10-14 20:44:50,2025-10-14 20:45:00,26
6718,Fortnite,Negative,fuck fortnite ( I yes and i rage quit ),2025-10-14 20:44:50,2025-10-14 20:45:00,39
6718,Fortnite,Negative,fuck fortnite (yes i rage now),2025-10-14 20:44:51,2025-10-14 20:45:00,30
6719,Fortnite,Negative,"anyways ignore my fortnite tweets,, im annoyed .",2025-10-14 20:44:51,2025-10-14 20:45:00,49
6719,Fortnite,Negative,"Anyway, I ignore my fortnightly tweets, get annoyed.",2025-10-14 20:44:51,2025-10-14 20:45:00,52
6719,Fortnite,Negative,"Anyways ignore my fortnite tweets,,, im annoyed.",2025-10-14 20:44:51,2025-10-14 20:45:00,48
6719,Fortnite,Negative,anyways ignore my fortnite because im annoyed.,2025-10-14 20:44:51,2025-10-14 20:45:00,46
6719,Fortnite,Negative,"But anyways ignore my fortnite finger tweets,, im slightly annoyed.",2025-10-14 20:44:51,2025-10-14 20:45:00,67
6719,Fortnite,Negative,"anyways but my fortnite here,, im annoyed.",2025-10-14 20:44:51,2025-10-14 20:45:00,42
6720,Fortnite,Negative,I can't tell if that's spider man or dead pool because of the fucking colors and eyes,2025-10-14 20:44:51,2025-10-14 20:45:00,85
6720,Fortnite,Negative,I can't tell if it's spider man or dead pool because of the damn colours and eyes,2025-10-14 20:44:51,2025-10-14 20:45:00,81
6720,Fortnite,Negative,I can't tell if that's spider man or dead pool because of the fucking colors and eyes,2025-10-14 20:44:51,2025-10-14 20:45:00,85
6720,Fortnite,Negative,I can't tell if that's dead man or dead pool because of the fucking colors and eyes,2025-10-14 20:44:51,2025-10-14 20:45:00,83
6720,Fortnite,Negative,I can't t yet tell if that's s spider man candy or dead pool because of the fucking colors and eyes,2025-10-14 20:44:51,2025-10-14 20:45:00,99
6720,Fortnite,Negative,I can't count if this's spider man or dead pool because everything the fucking colors and eyes,2025-10-14 20:44:51,2025-10-14 20:45:00,94
6721,Fortnite,Positive,the whole fortnite event is on my birthday.. best birthday..,2025-10-14 20:44:51,2025-10-14 20:45:00,60
6721,Fortnite,Positive,the whole fortnightly event is on my birthday.. best birthday..,2025-10-14 20:44:51,2025-10-14 20:45:00,63
6721,Fortnite,Positive,all the two-day event on my birthday.. best birthday..,2025-10-14 20:44:51,2025-10-14 20:45:00,54
6721,Fortnite,Positive,the whole fortnite event is on my years best birthday..,2025-10-14 20:44:51,2025-10-14 20:45:00,55
6721,Fortnite,Positive,the whole fortnite event is on just my happy birthday.. best in birthday..,2025-10-14 20:44:51,2025-10-14 20:45:00,74
6721,Fortnite,Positive,the whole fortnite shit is on my birthday.. your birthday..,2025-10-14 20:44:51,2025-10-14 20:45:00,59
6722,Fortnite,Negative,@FortniteGame Updated to 14.30v patch and still inventory swaps in teamrumble after every respawn. Do we have to wait for one more update to fix this problem?,2025-10-14 20:44:51,2025-10-14 20:45:00,160
6722,Fortnite,Negative,@ FortniteGame updated to 14.30v patch and still changing inventory in team rumble after each respawn. Do we need to wait for another update to fix this issue?,2025-10-14 20:44:51,2025-10-14 20:45:00,159
6722,Fortnite,Negative,@ benniteGame Update to 14.30v patch and still inventory swaps in the team building after every spin. Should we wait for another update to fix this problem?,2025-10-14 20:44:51,2025-10-14 20:45:00,156
6722,Fortnite,Negative,@FortniteGame Updated to 14.30v patch and still inventory swaps in teamrumble after every mission. Do we have ta wait for one more update to fix every problem?,2025-10-14 20:44:51,2025-10-14 20:45:00,159
6722,Fortnite,Negative,@FortniteGame Updated to 14. 30v next patch and still inventory items swaps in teamrumble after hitting every heavy respawn. Do we have room to wait there for another one more update to actually fix this problem?,2025-10-14 20:44:51,2025-10-14 20:45:00,212
6722,Fortnite,Negative,@FortniteGame has its 14.30v patch and still inventory swaps at teamrumble after every respawn. Do it have to wait for another more update to fix this problem?,2025-10-14 20:44:51,2025-10-14 20:45:00,159
6723,Fortnite,Negative,Fortnite is shit.,2025-10-14 20:44:51,2025-10-14 20:45:00,17
6723,Fortnite,Negative,Fortnite is shit.,2025-10-14 20:44:51,2025-10-14 20:45:00,17
6723,Fortnite,Negative,Oite is shit.,2025-10-14 20:44:51,2025-10-14 20:45:00,13
6723,Fortnite,Negative,Fortnite or shit.,2025-10-14 20:44:51,2025-10-14 20:45:00,17
6723,Fortnite,Negative,Fortnite is cold shit.,2025-10-14 20:44:51,2025-10-14 20:45:00,22
6723,Fortnite,Negative,Fortnite Horse shit.,2025-10-14 20:44:51,2025-10-14 20:45:00,20
6724,Fortnite,Negative,So tired of hearing about fortnite & Roblox .,2025-10-14 20:44:51,2025-10-14 20:45:00,46
6724,Fortnite,Negative,So tired of hearing about Fortnite & Roblox.,2025-10-14 20:44:51,2025-10-14 20:45:00,44
6724,Fortnite,Negative,So tired of hearing about fortnite & Roblox.,2025-10-14 20:44:51,2025-10-14 20:45:00,44
6724,Fortnite,Negative,So tired of hearing about fortnite & Roblox<unk>,2025-10-14 20:44:51,2025-10-14 20:45:00,48
6724,Fortnite,Negative,So tired not of hearing more about fortnite & Roblox.,2025-10-14 20:44:51,2025-10-14 20:45:00,53
6724,Fortnite,Negative,So much of hearing about Simon & Roblox.,2025-10-14 20:44:51,2025-10-14 20:45:00,40
6725,Fortnite,Irrelevant,This guy is fucking cracked holeeee,2025-10-14 20:44:51,2025-10-14 20:45:00,35
6725,Fortnite,Irrelevant,This guy is fucking cracked holeeee,2025-10-14 20:44:51,2025-10-14 20:45:00,35
6725,Fortnite,Irrelevant,This guy is fucking crazy choleeeeeeeeeeeeeeeeeeeeeeeeeeeeeeeeeeeeeeeeeeeeeeeeeeeeeeeeeeeeeeeeeeeeeeeeeeeeeeeeeeeeeeeeeeeeeeeeeeeeeeeeeeeeeeeeeeeeeeeeeeeeeeeeeeeeeeeeeeeeeeeeeeeeeeeeeeeeeeeeeeeeeeeeeeeeeeeeeeeeeeeeeeeeeeeeeeeeeeeeeeeeeeeeeeeeeeeeeeeeeeeeeeeeeeeeeeeeeeeeeeeeeeeeeeeeeeeeeeeeee.,2025-10-14 20:44:51,2025-10-14 20:45:00,293
6725,Fortnite,Irrelevant,This guy is fucking big holeeee,2025-10-14 20:44:51,2025-10-14 20:45:00,31
6725,Fortnite,Irrelevant,This guy has is fucking cracked holeeee,2025-10-14 20:44:51,2025-10-14 20:45:00,39
6725,Fortnite,Irrelevant,This place is fucking cracked holeeee,2025-10-14 20:44:51,2025-10-14 20:45:00,37
6726,Fortnite,Negative,Epic I need help my Xbox comes up with failed to write necessary files when I’m loading up Fortnite I need help,2025-10-14 20:44:51,2025-10-14 20:45:00,111
6726,Fortnite,Negative,Epic I need help my Xbox is up with failed to write necessary files when I'm loading up Fortnite I need help,2025-10-14 20:44:51,2025-10-14 20:45:00,108
6726,Fortnite,Negative,"Epic I need help My Xbox comes up with failed to write the necessary files when I upload, I need help",2025-10-14 20:44:51,2025-10-14 20:45:00,101
6726,Fortnite,Negative,Epic I need help my Xbox comes up with failed to write necessary messages when I’m loading up Fortnite I need you,2025-10-14 20:44:51,2025-10-14 20:45:00,113
6726,Fortnite,Negative,Epic I probably need special help my Xbox comes up with failed to write necessary files when I ’ m back loading up Fortnite I sure need general help,2025-10-14 20:44:51,2025-10-14 20:45:00,148
6726,Fortnite,Negative,Epic to need help my Xbox comes up with failed to write any files while I’m loading up Fortnite I need help,2025-10-14 20:44:51,2025-10-14 20:45:00,107
6727,Fortnite,Irrelevant,"@crusherrrz @FNBRUnreleased hey, is there anyway I can try your Fortnite Time machine? I know your still working on it but it looks amazing and I would love to try it.  lemme kno if that’s possible thanks!",2025-10-14 20:44:51,2025-10-14 20:45:00,205
6727,Fortnite,Irrelevant,"@ crusherrrz @ FNBRUnreleased hey, is there still any way I can try your Fortnite Time Machine? I know you're still working on it, but it looks fantastic and I'd love to try it.",2025-10-14 20:44:51,2025-10-14 20:45:00,177
6727,Fortnite,Irrelevant,"@ crushrz @ FNBRUnreleased hey, is there anyway I can try your lennite Time machine? I know your still working on it but it looks amazing and I would love to try it. lemme kno if that is possible thanks!",2025-10-14 20:44:51,2025-10-14 20:45:00,203
6727,Fortnite,Irrelevant,"@crusherrrz @FNBRUnreleased Okay, is there anyway I can use your Fortnite Time machine? I know your still working on things but it looks amazing and I would love to try it.  lemme really<unk> that’s possible thanks!",2025-10-14 20:44:51,2025-10-14 20:45:00,215
6727,Fortnite,Irrelevant,"@crusherrrz @FNBRUnreleased Then hey, who is there anyway I can I try your Fortnite Space Time machine? I know your still working on it but it looks amazing and I would love to never try it. lemme that kno start if... that ’ s also possible all thanks!",2025-10-14 20:44:51,2025-10-14 20:45:00,252
6727,Fortnite,Irrelevant,"@crusherrrz @FNBRUnreleased hey, is there somewhere I can try your Fortnite Time machine? I know YOU are working on it but it sounds amazing is I would love well try this. lemme kno cause that’s possible thanks!",2025-10-14 20:44:51,2025-10-14 20:45:00,211
6728,Fortnite,Irrelevant,This is such an incredible achievement. Congrats. Kinda sucks that the comments are negative as hell from these swamp ass fortnite boys who think they deserve it more,2025-10-14 20:44:51,2025-10-14 20:45:00,166
6728,Fortnite,Irrelevant,This is such an incredible achievement. Congratulations. Somehow it annoys me that the comments from these swamp ass guys who think they deserve more are so damn negative.,2025-10-14 20:44:51,2025-10-14 20:45:00,171
6728,Fortnite,Irrelevant,This is such an incredible achievement. Congratulations. Kinda suck that the comments are negative like hell from these fortnite swamp boys who think they deserve it more.,2025-10-14 20:44:51,2025-10-14 20:45:00,171
6728,Fortnite,Irrelevant,This is such an incredible job. Congrats. Kinda sucks that the comments are negative the hell from these swamp ass fortnite girls who think they deserve it more,2025-10-14 20:44:51,2025-10-14 20:45:00,160
6728,Fortnite,Irrelevant,3 This is such an incredible achievement. Congrats. 2 Kinda sucks that the little comments themselves are negative as hell... from these swamp ass fortnite boys guys who think they actually deserve it more,2025-10-14 20:44:51,2025-10-14 20:45:00,205
6728,Fortnite,Irrelevant,This is such an incredible thing. Congrats. Kinda sucks that the developers are negative as hell from their swamp ass fortnite boys who think they deserve it so,2025-10-14 20:44:51,2025-10-14 20:45:00,160
6729,Fortnite,Negative,Why would this fortnite college season be duos but trios in game that just doesn't make sense start making fake duo FNCS posts not trios :(,2025-10-14 20:44:51,2025-10-14 20:45:00,139
6729,Fortnite,Negative,"Why should this fortnightly college season consist of duos, but of in-game trios that just don't make sense?",2025-10-14 20:44:51,2025-10-14 20:45:00,108
6729,Fortnite,Negative,"Why not in this two-year college season, not duos, but a trio in a game that just doesn't make sense, start making fake FNCS duos instead of a trio: (",2025-10-14 20:44:51,2025-10-14 20:45:00,150
6729,Fortnite,Negative,Why would this fortnite college season have duos but trios in game that just doesn't work or start making fake duo FNCS posts not trios :(,2025-10-14 20:44:51,2025-10-14 20:45:00,138
6729,Fortnite,Negative,Why would this fortnite college hockey season be for duos nothing but trios in game that just not doesn'T t make most sense start making fake a duo FNCS posts not trios : (,2025-10-14 20:44:51,2025-10-14 20:45:00,172
6729,Fortnite,Negative,Why would this new college season be duos is trios in reasons that just doesn't make sense start my fake duo FNCS posts are trios :(,2025-10-14 20:44:51,2025-10-14 20:45:00,132
6730,Fortnite,Negative,If I wanted to change the email I couldn't because I can't get in to the account to change it. Please anyone I need help with this @FortniteGame @FortniteStatus @DonaldMustard,2025-10-14 20:44:51,2025-10-14 20:45:00,175
6730,Fortnite,Negative,"If I wanted to change the email, I couldn't because I can't log in to the account to change it. Please anyone I need help with this @ FortniteGame @ FortniteStatus @ DonaldSenstard",2025-10-14 20:44:51,2025-10-14 20:45:00,180
6730,Fortnite,Negative,Please anyone I need help with this @ benniteGame @ benniteStatus @ DonaldMustard,2025-10-14 20:44:51,2025-10-14 20:45:00,81
6730,Fortnite,Negative,If I wanted to change the character I couldn't because I can't get in over the account to change that. Please anyone I need help with this @FortniteGame @FortniteStatus @DonaldMustard,2025-10-14 20:44:51,2025-10-14 20:45:00,183
6730,Fortnite,Negative,Thanks If I wanted to change all the email I couldn't just because I can't get in time to the account to change it. Thanks Please anyone I need To help you with this @FortniteGame Please @FortniteStatus @DonaldMustard,2025-10-14 20:44:51,2025-10-14 20:45:00,217
6730,Fortnite,Negative,If I wanted a change the email I couldn't I now can't get access to the site to change it. Please anyone I need helps with this @FortniteGame @FortniteStatus @DonaldMustard,2025-10-14 20:44:51,2025-10-14 20:45:00,172
6731,Fortnite,Irrelevant,This tweet was my fault,2025-10-14 20:44:51,2025-10-14 20:45:00,23
6731,Fortnite,Irrelevant,This tweet was my fault,2025-10-14 20:44:51,2025-10-14 20:45:00,23
6731,Fortnite,Irrelevant,That tweet was my mistake,2025-10-14 20:44:51,2025-10-14 20:45:00,25
6731,Fortnite,Irrelevant,This tweet was at fault,2025-10-14 20:44:51,2025-10-14 20:45:00,23
6731,Fortnite,Irrelevant,This tweet was completely my fault,2025-10-14 20:44:51,2025-10-14 20:45:00,34
6731,Fortnite,Irrelevant,This tweet was my impression,2025-10-14 20:44:51,2025-10-14 20:45:00,28
6732,Fortnite,Negative,i'm sick an tired of fortnite doing collabs based off your mom because it is getting to the point where it's so unoriginal,2025-10-14 20:44:51,2025-10-14 20:45:00,122
6732,Fortnite,Negative,I'm sick and tired of Fortnite doing collabs based on your mum because it gets to the point where it's so unoriginal,2025-10-14 20:44:51,2025-10-14 20:45:00,116
6732,Fortnite,Negative,i'm sick an tired of fortnite doing colabs based off your mom because it is getting to the point where it's so unoriginal,2025-10-14 20:44:51,2025-10-14 20:45:00,121
6732,Fortnite,Negative,i'm sick an tired of fortnite doing collabs based off your mom because everything starts getting to the point where it's so unoriginal,2025-10-14 20:44:51,2025-10-14 20:45:00,134
6732,Fortnite,Negative,i'm feeling sick as an tired of fortnite doing collabs based off on your mom because it is getting to exactly the point where it't s so very unoriginal,2025-10-14 20:44:51,2025-10-14 20:45:00,151
6732,Fortnite,Negative,i'm sick an tired of fortnite doing collabs with off hub mom because that is confusing to the point where it's so unoriginal,2025-10-14 20:44:51,2025-10-14 20:45:00,124
6733,Fortnite,Positive,"thank fuck they have that one emote (if uno, uno)",2025-10-14 20:44:51,2025-10-14 20:45:00,49
6733,Fortnite,Positive,"Thank God they have this one emote (if uno, uno)",2025-10-14 20:44:51,2025-10-14 20:45:00,48
6733,Fortnite,Positive,"thank fuck they have that one emote (if uno, uno)",2025-10-14 20:44:51,2025-10-14 20:45:00,49
6733,Fortnite,Positive,"thank fuck they have that one emote (if uno, man)",2025-10-14 20:44:51,2025-10-14 20:45:00,49
6733,Fortnite,Positive,"thank fuck they really have that little one emote ( not if uno, uno )",2025-10-14 20:44:51,2025-10-14 20:45:00,69
6733,Fortnite,Positive,"thank me they have that one emote (if uno, but)",2025-10-14 20:44:51,2025-10-14 20:45:00,47
6734,Fortnite,Negative,"@FortniteGame id rather jerk off with hot sauce at this point, because i would feel more excitement from that than playing this game",2025-10-14 20:44:51,2025-10-14 20:45:00,132
6734,Fortnite,Negative,@ FortniteGame id prefer to jerk me off with hot sauce at this point because it would make me feel more excited than playing this game,2025-10-14 20:44:51,2025-10-14 20:45:00,134
6734,Fortnite,Negative,@ benniteGame id pretty chuffed with the hot sauce at the moment because I'd feel more excited about it than playing this game,2025-10-14 20:44:51,2025-10-14 20:45:00,126
6734,Fortnite,Negative,"@FortniteGame id rather jerk off with hot chicks at this point, because i would feel more empowered from that than playing this game",2025-10-14 20:44:51,2025-10-14 20:45:00,132
6734,Fortnite,Negative,"@FortniteGame I id rather jerk off himself with hot sauce at this certain point, probably because i would feel more excitement from feeling that than playing this game",2025-10-14 20:44:51,2025-10-14 20:45:00,167
6734,Fortnite,Negative,"@FortniteGame id rather jerk off with the sauce at this point, because i would feel more excitement to nothing than watching this game",2025-10-14 20:44:51,2025-10-14 20:45:00,134
6735,Fortnite,Negative,BTS is terrible Fans toxic as fuck why would fortnite to a cross over with a terrible boy band,2025-10-14 20:44:51,2025-10-14 20:45:00,96
6735,Fortnite,Negative,"BTS is terrible fans toxic as hell, why cross over with a horrible boyband",2025-10-14 20:44:51,2025-10-14 20:45:00,74
6735,Fortnite,Negative,"BTS - it's awful Fans are toxic as fuck, why fortnite cross with terrible boy band",2025-10-14 20:44:51,2025-10-14 20:45:00,82
6735,Fortnite,Negative,BTS is terrible Fans toxic fucking fuck why would fortnite to accidentally cross over with a terrible boy band,2025-10-14 20:44:51,2025-10-14 20:45:00,110
6735,Fortnite,Negative,Like BTS is too terrible Fans Are toxic as fuck why would fortnite to a cross over with a completely terrible boy band,2025-10-14 20:44:51,2025-10-14 20:45:00,118
6735,Fortnite,Negative,industry is terrible Fans toxic as fuck why would fortnite girls bother cross over with a terrible boy band,2025-10-14 20:44:51,2025-10-14 20:45:00,107
6736,Fortnite,Irrelevant,Both Halo Forgers and Fortnite Creators may want to look into this. Note this is more Level Design and not just environment art.. . I may actually explore this and bring back some of my old Halo designs and others I haven't fully realized yet. Super pumped for this!!! .  https://t.co/eVch6UGVWA,2025-10-14 20:44:51,2025-10-14 20:45:00,295
6736,Fortnite,Irrelevant,Both halo counterfeiters and Fortnite creators will want to deal with it. Note that this is more level design and not just environmental art... I could actually explore this and bring back some of my old halo designs and others that I haven't fully realized yet. Super pumped for it!!!. https: / / t.co / eVch6UGVWA,2025-10-14 20:44:51,2025-10-14 20:45:00,315
6736,Fortnite,Irrelevant,Both the creators of Halo Forgers and the creators of Halo may want to do this. Note that it's more Level Design design than just environmental art... I can actually explore it and bring back some of my old Halo designs and others that I haven't fully grasped yet.,2025-10-14 20:44:51,2025-10-14 20:45:00,264
6736,Fortnite,Irrelevant,Both Halo Forgers and Fortnite Creators may want to get into this. Note this is more Level Design and not just environment art... I may wanna explore this and bring back most of my old Halo roots with others I haven't fully realized yet. Super pumped by this!!!.  https://t.co/eVch6UGVWA],2025-10-14 20:44:51,2025-10-14 20:45:00,288
6736,Fortnite,Irrelevant,Both Halo Forgers Journal and Fortnite Online Creators may want to also look into this. Note this is more Level Design and not a just environment art...... I may actually actually explore this and bring back some of those my old Halo designs here and others I haven't fully realized yet. Your Super Is pumped for this!!!. https://t.co/eVch6UGVWA ],2025-10-14 20:44:51,2025-10-14 20:45:00,347
6736,Fortnite,Irrelevant,Both the Forgers and Fortnite fans may want to play into this. Note this is more Level 6 and not just environment art... I may actually need the helping bring back some of my old realm designs and others I have't fully realized either. Super pumped for this!!!. https://t.co/eVch6UGVWA],2025-10-14 20:44:51,2025-10-14 20:45:00,286
6737,Fortnite,Irrelevant,"the uniqlo fortnite hoodies are only $15 now, I’m so tempted to cop LMFAO",2025-10-14 20:44:51,2025-10-14 20:45:00,73
6737,Fortnite,Irrelevant,"The uniqlo fortnite hoodies now cost just $15, so I'm tempted to cop LMFAO",2025-10-14 20:44:51,2025-10-14 20:45:00,74
6737,Fortnite,Irrelevant,"uniqlo fortnite hoodies are only $15 now, I'm so improbable to cop LMO",2025-10-14 20:44:51,2025-10-14 20:45:00,70
6737,Fortnite,Irrelevant,"the uniqlo fortnite hoodies are actually $15 now, I’m so free to cop LMFAO",2025-10-14 20:44:51,2025-10-14 20:45:00,74
6737,Fortnite,Irrelevant,"the uniqlo fortnite hoodies shoes are probably only $ 15 now, because I ’ m so tempted to just cop them LMFAO",2025-10-14 20:44:51,2025-10-14 20:45:00,109
6737,Fortnite,Irrelevant,"the uniqlo x dvd are only $15 now, you so tempted to cop LMFAO",2025-10-14 20:44:51,2025-10-14 20:45:00,62
6739,Fortnite,Negative,When Fortnite was fun lol,2025-10-14 20:44:51,2025-10-14 20:45:00,25
6739,Fortnite,Negative,When Fortnite was fun lol,2025-10-14 20:44:51,2025-10-14 20:45:00,25
6739,Fortnite,Negative,When It Was Fun Lol,2025-10-14 20:44:51,2025-10-14 20:45:00,19
6739,Fortnite,Negative,When Fortnite looked fun lol,2025-10-14 20:44:51,2025-10-14 20:45:00,28
6739,Fortnite,Negative,When a Fortnite was fun lol,2025-10-14 20:44:51,2025-10-14 20:45:00,27
6739,Fortnite,Negative,When Fortnite was discovered lol,2025-10-14 20:44:51,2025-10-14 20:45:00,32
6740,Fortnite,Negative,@FortniteGame WTF!!! pic.twitter.com/u2XL9GPd2u,2025-10-14 20:44:51,2025-10-14 20:45:00,47
6740,Fortnite,Negative,@ FortniteGame WTF!!! pic.twitter.com / u2XL9GPd2u,2025-10-14 20:44:51,2025-10-14 20:45:00,50
6740,Fortnite,Negative,@ benniteGame WTF!!! pic.wikipedia.org / u2XL9GPd2u,2025-10-14 20:44:51,2025-10-14 20:45:00,51
6740,Fortnite,Negative,RhandlerR WTF!!! pic.twitter.com/u2XL9GPd2u,2025-10-14 20:44:51,2025-10-14 20:45:00,43
6740,Fortnite,Negative,L RhandlerR WTF!!! pic.twitter.com/u2XL9GPd2u,2025-10-14 20:44:51,2025-10-14 20:45:00,45
6740,Fortnite,Negative,so,2025-10-14 20:44:51,2025-10-14 20:45:00,2
6741,Fortnite,Irrelevant,Apple you big gay for removing Fortnite like fr you just lost A lot of customers smh pic.twitter.com/L8Dqhubzne,2025-10-14 20:44:51,2025-10-14 20:45:00,111
6741,Fortnite,Irrelevant,Apple you great gay for removing Fortnite like you just lost a lot of customers smh pic.twitter.com / L8Dqhubzne,2025-10-14 20:44:51,2025-10-14 20:45:00,112
6741,Fortnite,Irrelevant,Apple you're a big gay for removing it as you've just lost a lot of customers smh pic.cc / L8Dqhubzne,2025-10-14 20:44:51,2025-10-14 20:45:00,101
6741,Fortnite,Irrelevant,Apple you big gay for removing Fortnite like fr you just lost A lot of customers smh pic.twitter.com/L8Dqhubzne,2025-10-14 20:44:51,2025-10-14 20:45:00,111
6741,Fortnite,Irrelevant,1 Apple you big gay for removing Fortnite like fr you just lost A lot of customers smh pic.twitter.com/L8Dqhubzne,2025-10-14 20:44:51,2025-10-14 20:45:00,113
6741,Fortnite,Irrelevant,what,2025-10-14 20:44:51,2025-10-14 20:45:00,4
6742,Fortnite,Irrelevant,Big Dead For Deadpool » . . store.playstation.com/,2025-10-14 20:44:51,2025-10-14 20:45:00,51
6742,Fortnite,Irrelevant,"Big Dead For Deadpool. \"store.playstation.com /",2025-10-14 20:44:51,2025-10-14 20:45:00,47
6742,Fortnite,Irrelevant,"Big Dead For Deadpool. \"store.playstation.com /",2025-10-14 20:44:51,2025-10-14 20:45:00,47
6742,Fortnite,Irrelevant,Big Picture For Deadpool ».. store.playstation.com/,2025-10-14 20:44:51,2025-10-14 20:45:00,51
6742,Fortnite,Irrelevant,A Big No Dead For Deadpool ».. store. via playstation. com /,2025-10-14 20:44:51,2025-10-14 20:45:00,60
6742,Fortnite,Irrelevant,Big Dead Pictures 2010 <unk>.. store.playstation.com/,2025-10-14 20:44:51,2025-10-14 20:45:00,53
6743,Fortnite,Negative,"I have no words for this, Appalled even. I don't know What's mind blowing. The fact that Apple removed Fortnite from the store due to lowered cost of V-Bucks. Or Epic Games making a short cinematic explaining the situation.",2025-10-14 20:44:51,2025-10-14 20:45:00,223
6743,Fortnite,Negative,"I have no words for it, horror even. I don't know what's bothering me. The fact that Apple has removed Fortnite from the business because the cost of V-Bucks has been reduced. Or Epic Games, which is making a short film explaining the situation.",2025-10-14 20:44:51,2025-10-14 20:45:00,245
6743,Fortnite,Negative,"I have no words to say about it, even I resent it. I don't know what it is to inflate thoughts. The fact is that Apple removed it from the store because of the overpriced V-Bucks. Or Epic Games, by making a short film explaining the situation.",2025-10-14 20:44:51,2025-10-14 20:45:00,243
6743,Fortnite,Negative,"I have no words for this, pictures even. I don't know or mind ed. The fact that Apple deleted Fortnite from the store due to lowered cost of V-Bucks. Or Epic Games making a short cinematic explaining terrible situation.",2025-10-14 20:44:51,2025-10-14 20:45:00,219
6743,Fortnite,Negative,"I have no words for this, none Appalled even. I don't know What'N s mind still blowing.... The fact was that my Apple has removed Fortnite from the store due to lowered cost sides of V - Bucks. Or on Epic Games while making a short cinematic explaining the situation.",2025-10-14 20:44:51,2025-10-14 20:45:00,267
6743,Fortnite,Negative,"I have no words for this, Appalled even. I don't know anyone's nose blowing. The fact that Apple removed videos to the store due the lowered cost of V-Bucks. Or Epic just making a short cinematic explaining their error.",2025-10-14 20:44:51,2025-10-14 20:45:00,219
6744,Fortnite,Irrelevant,I FINALLY MADE 100 SUBSCRIBERS THANK YOU GUYS. youtu.be/ylPrpkbA_rs.,2025-10-14 20:44:51,2025-10-14 20:45:00,70
6744,Fortnite,Irrelevant,THANK YOU GUYS. youtu.be / ylPrpkbA _ rs.,2025-10-14 20:44:51,2025-10-14 20:45:00,41
6744,Fortnite,Irrelevant,I FINALLY MADE 100 SUBSCRIBERS THANK YOU GUYS. youtu.be / ylPrpkbA _ rs.,2025-10-14 20:44:51,2025-10-14 20:45:00,72
6744,Fortnite,Irrelevant,I ALSO MADE 100 SUBSCRIBERS 4 YOU!!. youtu.be/ylPrpkbA_rs.,2025-10-14 20:44:51,2025-10-14 20:45:00,58
6744,Fortnite,Irrelevant,AT I BR FINALLY TO MADE 100 0 SUBSCRIBERS THANK YOU THE GUYS. youtu. u be / v ylPrpkbA _... rs.,2025-10-14 20:44:51,2025-10-14 20:45:00,95
6744,Fortnite,Irrelevant,<unk> just Got 100 SUBSCRIBERS THANK NO GUYS. by.be/ylPrpkbA_rs.,2025-10-14 20:44:51,2025-10-14 20:45:00,64
6745,Fortnite,Positive,A few more looks at the new Bash style in game. Love the new update,2025-10-14 20:44:51,2025-10-14 20:45:00,69
6745,Fortnite,Positive,A few more looks at the new bash style in the game. Love the new update,2025-10-14 20:44:51,2025-10-14 20:45:00,71
6745,Fortnite,Positive,A few more looks at Bash's new style of play.,2025-10-14 20:44:51,2025-10-14 20:45:00,45
6745,Fortnite,Positive,A few more looks of the new Bash style in game. Love the new update,2025-10-14 20:44:51,2025-10-14 20:45:00,67
6745,Fortnite,Positive,A few brief more looks seen at the new Bash style wheels in game. Love the new update,2025-10-14 20:44:51,2025-10-14 20:45:00,85
6745,Fortnite,Positive,A few more looks toward the Great Bash style in game. Love the new update,2025-10-14 20:44:51,2025-10-14 20:45:00,73
6746,Fortnite,Irrelevant,if any of you have any fortnite funny or wtf moments then submit them with this think. forms.gle/T3PoVgaPUni74m…,2025-10-14 20:44:51,2025-10-14 20:45:00,112
6746,Fortnite,Irrelevant,"if any of you have any fortnightly funny or wtf moments, then submit them with this thought. forms.gle / T3PoVgaPUni74m...",2025-10-14 20:44:51,2025-10-14 20:45:00,122
6746,Fortnite,Irrelevant,if any of you have any fortune funny or wtf moments then submit them with this think. forms.gle / T3PoVgaPUni74m...,2025-10-14 20:44:51,2025-10-14 20:45:00,115
6746,Fortnite,Irrelevant,if any of you experience a fortnite funny or wtf moments then submit them with an think. forms.gle/T3PoVgaPUni74m…,2025-10-14 20:44:51,2025-10-14 20:45:00,114
6746,Fortnite,Irrelevant,if possible any of you may have heard any fortnite funny or wtf moments but then submit them off with this think. forms. per gle / w T3PoVgaPUni74m www …,2025-10-14 20:44:51,2025-10-14 20:45:00,153
6746,Fortnite,Irrelevant,if any of you find any fortnite problems in wtf moments then approach him with this method. forms.gle/T3PoVgaPUni74m...,2025-10-14 20:44:51,2025-10-14 20:45:00,119
6747,Fortnite,Negative,@CallofDuty warzone coming out has made me realize how shit @FortniteGame is with the ass Bloom and the shitty SBMM. Fix the skill based and the rest is deal withable,2025-10-14 20:44:51,2025-10-14 20:45:00,166
6747,Fortnite,Negative,@ CallofDuty Warzone Coming Out made me realize how shit @ FortniteGame is with the ass Bloom and the shit SBMM. Fix the skill and the rest is doable.,2025-10-14 20:44:51,2025-10-14 20:45:00,150
6747,Fortnite,Negative,@ CfDuty warzone coming out has made me realized how shit @ benniteGame is with the ass Bloom and the shitty SBMM. Fix the skill based and the rest is deal impossible,2025-10-14 20:44:51,2025-10-14 20:45:00,166
6747,Fortnite,Negative,@CallofDuty warzone coming out has had me realize how shit @FortniteGame is with the ass Bloom and the shitty SBMM. Fix the skill based ending the game is deal withable,2025-10-14 20:44:51,2025-10-14 20:45:00,168
6747,Fortnite,Negative,@CallofDuty The warzone coming out has made me realize really how a shit @FortniteGame it is with Half the ass Bloom and the shitty things SBMM. Fix the skill tag based and the rest is go deal withable,2025-10-14 20:44:51,2025-10-14 20:45:00,201
6747,Fortnite,Negative,@CallofDuty is going out has made me realize how shit @FortniteGame am with the ass Bloom and all fucking SBMM. Fix things skill based and the rest is deal withable,2025-10-14 20:44:51,2025-10-14 20:45:00,164
6748,Fortnite,Irrelevant,oomf torturing me with a fortnite emote,2025-10-14 20:44:51,2025-10-14 20:45:00,39
6748,Fortnite,Irrelevant,oomf torments me with a fortnightly emote,2025-10-14 20:44:51,2025-10-14 20:45:00,41
6748,Fortnite,Irrelevant,oooooooooooooooooooooooooooooooooooooooooooooooooooooooooooooooooooooooooooooooooooooooooooooooooooooooooooooooooooooooooooooooooooooooooooooooooooooooooooooooooooooooooooooooooooooooooooooooooooooooooooooooooo.,2025-10-14 20:44:51,2025-10-14 20:45:00,211
6748,Fortnite,Irrelevant,oomf torturing me with a blinking emote,2025-10-14 20:44:51,2025-10-14 20:45:00,39
6748,Fortnite,Irrelevant,oomf be torturing me with a few fortnite emote,2025-10-14 20:44:51,2025-10-14 20:45:00,46
6748,Fortnite,Irrelevant,oomf torturing me with her happy emote,2025-10-14 20:44:51,2025-10-14 20:45:00,38
6749,Fortnite,Irrelevant,Seeing Travis perform on Fortnite MANNNN that shit was beautiful and had the best visuals I’ve ever seen 🥺 makes me miss being at the astroworld fest. 🦋,2025-10-14 20:44:51,2025-10-14 20:45:00,152
6749,Fortnite,Irrelevant,"Seeing Travis perform on Fortnite MANNNN, that shit was beautiful and had the best visuals I've ever seen, makes me miss the Astroworld festival.",2025-10-14 20:44:51,2025-10-14 20:45:00,145
6749,Fortnite,Irrelevant,"Seeing Travis perform at MANNNN, that shit was beautiful and he had the best experience I've ever seen, I miss the astroworld festival.",2025-10-14 20:44:51,2025-10-14 20:45:00,135
6749,Fortnite,Irrelevant,Seeing Travis perform on Fortnite MANNNN that week was beautiful and had the best visuals they ever seen 🥺 makes me miss being at every astroworld convention. 🦋,2025-10-14 20:44:51,2025-10-14 20:45:00,160
6749,Fortnite,Irrelevant,Seeing Frank Travis perform live on for Fortnite MANNNN thought that shit was beautiful and had the best visuals I ’ ve ever seen [UNK] makes me feel miss even being watched at the astroworld comic fest. [UNK],2025-10-14 20:44:51,2025-10-14 20:45:00,209
6749,Fortnite,Irrelevant,saw Travis perform on old MANNNN that shit was beautiful and got the best effect I’ve ever seen <unk> So me miss being at that astroworld fest. <unk>,2025-10-14 20:44:51,2025-10-14 20:45:00,149
6750,Fortnite,Positive,Rue it´s so beautiful. . .,2025-10-14 20:44:51,2025-10-14 20:45:00,28
6750,Fortnite,Positive,Rue is so beautiful...,2025-10-14 20:44:51,2025-10-14 20:45:00,22
6750,Fortnite,Positive,Rue it's so beautiful.....,2025-10-14 20:44:51,2025-10-14 20:45:00,26
6750,Fortnite,Positive,Rue it´s so beautiful.....,2025-10-14 20:44:51,2025-10-14 20:45:00,26
6750,Fortnite,Positive,Rue realized it´s so beautiful...,2025-10-14 20:44:51,2025-10-14 20:45:00,33
6750,Fortnite,Positive,Rue it s so nasty...,2025-10-14 20:44:51,2025-10-14 20:45:00,20
6751,Fortnite,Neutral,Weirdest thing just happened playing,2025-10-14 20:44:51,2025-10-14 20:45:00,38
6751,Fortnite,Neutral,The weirdest thing just happened while playing,2025-10-14 20:44:52,2025-10-14 20:45:00,46
6751,Fortnite,Neutral,The scariest thing just happened playing,2025-10-14 20:44:52,2025-10-14 20:45:00,40
6751,Fortnite,Neutral,Weirdest thing just kept playing,2025-10-14 20:44:52,2025-10-14 20:45:00,32
6751,Fortnite,Neutral,Weirdest human thing just happened playing,2025-10-14 20:44:52,2025-10-14 20:45:00,42
6751,Fortnite,Neutral,Weirdest thing just happened when,2025-10-14 20:44:52,2025-10-14 20:45:00,33
6752,Fortnite,Irrelevant,Idk why people hate @SypherPK like this,2025-10-14 20:44:52,2025-10-14 20:45:00,41
6752,Fortnite,Irrelevant,Idk why people hate @ SypherPK so much,2025-10-14 20:44:52,2025-10-14 20:45:00,38
6752,Fortnite,Irrelevant,Idk why people hate @ SyPK like this,2025-10-14 20:44:52,2025-10-14 20:45:00,36
6752,Fortnite,Irrelevant,Idk why people hate @SypherPK like crazy,2025-10-14 20:44:52,2025-10-14 20:45:00,40
6752,Fortnite,Irrelevant,Idk wonders why people hate it @SypherPK like this,2025-10-14 20:44:52,2025-10-14 20:45:00,50
6752,Fortnite,Irrelevant,Idk why people hate @SypherPK so this,2025-10-14 20:44:52,2025-10-14 20:45:00,37
6753,Fortnite,Irrelevant,Chat banned mats still got the W,2025-10-14 20:44:52,2025-10-14 20:45:00,34
6753,Fortnite,Irrelevant,Chat-forbidden mats still have the W,2025-10-14 20:44:52,2025-10-14 20:45:00,36
6753,Fortnite,Irrelevant,Chat banned mats but still got W,2025-10-14 20:44:52,2025-10-14 20:45:00,32
6753,Fortnite,Irrelevant,Chat banned... still got the W,2025-10-14 20:44:52,2025-10-14 20:45:00,30
6753,Fortnite,Irrelevant,Chat banned mats still that got the W,2025-10-14 20:44:52,2025-10-14 20:45:00,37
6753,Fortnite,Irrelevant,Chat banned you still got the W,2025-10-14 20:44:52,2025-10-14 20:45:00,31
6754,Fortnite,Irrelevant,BEST FORTNITE TWEET . . Change my mind,2025-10-14 20:44:52,2025-10-14 20:45:00,38
6754,Fortnite,Irrelevant,BEST FORTNITE TWEET.,2025-10-14 20:44:52,2025-10-14 20:45:00,20
6754,Fortnite,Irrelevant,BEST FORTNITIVE TUET.,2025-10-14 20:44:52,2025-10-14 20:45:00,21
6754,Fortnite,Irrelevant,BEST FORTNITE TWEET<unk>. Change my mind,2025-10-14 20:44:52,2025-10-14 20:45:00,40
6754,Fortnite,Irrelevant,11 BEST FORTNITE THE TWEET.. Change of my mind,2025-10-14 20:44:52,2025-10-14 20:45:00,46
6754,Fortnite,Irrelevant,BEST FORTNITE TWEET.. let your mind,2025-10-14 20:44:52,2025-10-14 20:45:00,35
6755,Fortnite,Negative,feels bad . .,2025-10-14 20:44:52,2025-10-14 20:45:00,16
6755,Fortnite,Negative,feels bad..,2025-10-14 20:44:52,2025-10-14 20:45:00,11
6755,Fortnite,Negative,feels bad.,2025-10-14 20:44:52,2025-10-14 20:45:00,10
6755,Fortnite,Negative,feels bad so.,2025-10-14 20:44:52,2025-10-14 20:45:00,13
6755,Fortnite,Negative,feels too bad..,2025-10-14 20:44:52,2025-10-14 20:45:00,15
6755,Fortnite,Negative,is bad..,2025-10-14 20:44:52,2025-10-14 20:45:00,8
6756,Fortnite,Negative,god why won’t my lil bro shut the fuck up talking about this stupid fortnite bullshit. all he does is 1v1 people instead of actually doing the BR shit. why,2025-10-14 20:44:52,2025-10-14 20:45:00,155
6756,Fortnite,Negative,"god, why won't my lil bro shut up and talk about this stupid fortnightly bullshit. all he's doing is 1v1 people instead of actually doing the BR shit. why",2025-10-14 20:44:52,2025-10-14 20:45:00,154
6756,Fortnite,Negative,"god why won't my lil bro shut the fuck up talking about this stupid fortnite bullshit. all he does is 1v1 people instead of actually doing the \"shit.\"",2025-10-14 20:44:52,2025-10-14 20:45:00,150
6756,Fortnite,Negative,god why won’t my lil bro shut the fuck up talking about this stupid fortnite bullshit. Everyone he does is 1v1 people instead of actually doing the new shit. why,2025-10-14 20:44:52,2025-10-14 20:45:00,161
6756,Fortnite,Negative,god why won run ’ t my lil bro shut the fuck people up talking about this whole stupid le fortnite bullshit. all fucking he does is 1v1 help people instead of actually them doing the BR shit. God why,2025-10-14 20:44:52,2025-10-14 20:45:00,199
6756,Fortnite,Negative,god honest won’t even lil bro start the fuck up talking about this fuck fortnite bullshit. all media does is 1v1 people instead of real doing the BR shit. why,2025-10-14 20:44:52,2025-10-14 20:45:00,158
6757,Fortnite,Negative,my brother got scammed on fortnite .,2025-10-14 20:44:52,2025-10-14 20:45:00,37
6757,Fortnite,Negative,My brother was cheated on fortnightly.,2025-10-14 20:44:52,2025-10-14 20:45:00,38
6757,Fortnite,Negative,My brother was scared.,2025-10-14 20:44:52,2025-10-14 20:45:00,22
6757,Fortnite,Negative,my brother getting scammed on fortnite.,2025-10-14 20:44:52,2025-10-14 20:45:00,39
6757,Fortnite,Negative,my brother later got scammed on to fortnite.,2025-10-14 20:44:52,2025-10-14 20:45:00,44
6757,Fortnite,Negative,my brother is scammed on fortnite.,2025-10-14 20:44:52,2025-10-14 20:45:00,34
6758,Fortnite,Negative,When it was good .,2025-10-14 20:44:52,2025-10-14 20:45:00,19
6758,Fortnite,Negative,If it was good.,2025-10-14 20:44:52,2025-10-14 20:45:00,15
6758,Fortnite,Negative,When it was good.,2025-10-14 20:44:52,2025-10-14 20:45:00,17
6758,Fortnite,Negative,When it was good …,2025-10-14 20:44:52,2025-10-14 20:45:00,18
6758,Fortnite,Negative,5 When it was good.,2025-10-14 20:44:52,2025-10-14 20:45:00,19
6758,Fortnite,Negative,When it were good.,2025-10-14 20:44:52,2025-10-14 20:45:00,18
6759,Fortnite,Irrelevant,Can’t stop thinking about how fuckn lit that Travis Scott concert was. Fortnite really outdone themselves on this one but once this is all over think you can amaze us with fixing the servers? 🤗,2025-10-14 20:44:52,2025-10-14 20:45:00,193
6759,Fortnite,Irrelevant,"Fortnite have really outdone themselves in this respect, but when it's all over, remember that you can surprise us by fixing the servers.",2025-10-14 20:44:52,2025-10-14 20:45:00,137
6759,Fortnite,Irrelevant,I can't stop thinking about how fucking fucking this Travis Scott concert was.,2025-10-14 20:44:52,2025-10-14 20:45:00,78
6759,Fortnite,Irrelevant,Can’t stop thinking about how wonderfully lit that Travis Scott concert was. Fortnite really outdone yourself on this one but once this is all over how you can amaze us with even the servers? 🤗,2025-10-14 20:44:52,2025-10-14 20:45:00,193
6759,Fortnite,Irrelevant,Can ’ t stop thinking about how fuckn lit that Travis C Scott concert it was. Will Fortnite really outdone some themselves on this last one but once there this is all this over think you can amaze us what with fixing off the servers? [UNK],2025-10-14 20:44:52,2025-10-14 20:45:00,239
6759,Fortnite,Irrelevant,Can’t stop telling about who fuckn lit that Jon Scott concert sound. Fortnite really outdone me before this one but once this is all over think you can amaze us with fixing the servers? <unk>,2025-10-14 20:44:52,2025-10-14 20:45:00,191
6760,Fortnite,Neutral,Apple just went nuclear in its war with Epic over ‘Fortnite’ bgr.com/2020/08/28/app…,2025-10-14 20:44:52,2025-10-14 20:45:00,84
6760,Fortnite,Neutral,"Apple has just become nuclear in its war with Epic over \"Fortnite\" bgr.com / 2020 / 08 / 28 / app...",2025-10-14 20:44:52,2025-10-14 20:45:00,100
6760,Fortnite,Neutral,Apple has just launched a nuclear war with Epic over bgr.com / 2020 / 08 / 28 / app...,2025-10-14 20:44:52,2025-10-14 20:45:00,86
6760,Fortnite,Neutral,Apple just struck nuclear in its experiments with Epic with ‘Fortnite’ bgr.com/2020/08/28/app…,2025-10-14 20:44:52,2025-10-14 20:45:00,94
6760,Fortnite,Neutral,Apple just suddenly went nuclear in its war with Microsoft Epic Mickey over ‘ Fortnite ’ bgr. com / October 2020 / 2016 08 / 28 / app …,2025-10-14 20:44:52,2025-10-14 20:45:00,135
6760,Fortnite,Neutral,Apple Has Got nowhere in its war with Epic products ‘Fortnite’ bgr.com/2020/08/28/app...,2025-10-14 20:44:52,2025-10-14 20:45:00,88
6761,Fortnite,Negative,Fortnite being unplayable for 5 min and 2 seconds youtu.be/LHtMmhlrtR0,2025-10-14 20:44:52,2025-10-14 20:45:00,72
6761,Fortnite,Negative,Fortnite is unplayable for 5 minutes and 2 seconds youtu.be / LHtMmhlrtR0,2025-10-14 20:44:52,2025-10-14 20:45:00,73
6761,Fortnite,Negative,didn't play for 5 minutes and 2 seconds youtu.be / LHtMmR0,2025-10-14 20:44:52,2025-10-14 20:45:00,58
6761,Fortnite,Negative,Fortnite being unplayable for 5 min st 2 seconds youtu.be/LHtMmhlrtR0,2025-10-14 20:44:52,2025-10-14 20:45:00,69
6761,Fortnite,Negative,Fortnite being with unplayable version for 5 min duration and 2 seconds are youtu. be / d LHtMmhlrtR0,2025-10-14 20:44:52,2025-10-14 20:45:00,101
6761,Fortnite,Negative,Fortnite being unplayable for 15 min when 2 1/2 in.be/LHtMmhlrtR0,2025-10-14 20:44:52,2025-10-14 20:45:00,65
6762,Fortnite,Neutral,Is she HULk?.  .  . . store.playstation.com/,2025-10-14 20:44:52,2025-10-14 20:45:00,45
6762,Fortnite,Neutral,Is she HULK?.... store.playstation.com /,2025-10-14 20:44:52,2025-10-14 20:45:00,40
6762,Fortnite,Neutral,Is she HULk?.... store.playstation.com /,2025-10-14 20:44:52,2025-10-14 20:45:00,40
6762,Fortnite,Neutral,Is she HULk?. . . > store.playstation.com/,2025-10-14 20:44:52,2025-10-14 20:45:00,42
6762,Fortnite,Neutral,... Is this she HULk?.... web store. playstation. com /,2025-10-14 20:44:52,2025-10-14 20:45:00,55
6762,Fortnite,Neutral,awesome awesome awesome?.... store.playstation.com/,2025-10-14 20:44:52,2025-10-14 20:45:00,51
6763,Fortnite,Irrelevant,Check out my video!,2025-10-14 20:44:52,2025-10-14 20:45:00,21
6763,Fortnite,Irrelevant,Take a look at my video!,2025-10-14 20:44:52,2025-10-14 20:45:00,24
6763,Fortnite,Irrelevant,Watch my video!,2025-10-14 20:44:52,2025-10-14 20:45:00,15
6763,Fortnite,Irrelevant,Check out my reviews!,2025-10-14 20:44:52,2025-10-14 20:45:00,21
6763,Fortnite,Irrelevant,Check me out my video!,2025-10-14 20:44:52,2025-10-14 20:45:00,22
6763,Fortnite,Irrelevant,Check out my blog!,2025-10-14 20:44:52,2025-10-14 20:45:00,18
6764,Fortnite,Positive,crazy how i still love playing fortnite everyday and it’s been almost 3 years,2025-10-14 20:44:52,2025-10-14 20:45:00,77
6764,Fortnite,Positive,crazy as I still love playing Fortnite every day and it is almost 3 years ago,2025-10-14 20:44:52,2025-10-14 20:45:00,77
6764,Fortnite,Positive,Crazy as I still love playing two days every day and it's been almost 3 years,2025-10-14 20:44:52,2025-10-14 20:45:00,77
6764,Fortnite,Positive,crazy how he still love playing fortnite everyday and it’s been almost 3 years,2025-10-14 20:44:52,2025-10-14 20:45:00,78
6764,Fortnite,Positive,crazy how i still truly love only playing fortnite everyday and it ’ s been up almost 3 years,2025-10-14 20:44:52,2025-10-14 20:45:00,93
6764,Fortnite,Positive,really because i still enjoy playing fortnite everyday and it’s been almost 3 years,2025-10-14 20:44:52,2025-10-14 20:45:00,83
6765,Fortnite,Negative,Fortnite is doing world premieres on tracks now? I'm fucking done,2025-10-14 20:44:52,2025-10-14 20:45:00,65
6765,Fortnite,Negative,Fortnite is now making world premieres on tracks? I'm fucking done,2025-10-14 20:44:52,2025-10-14 20:45:00,66
6765,Fortnite,Negative,Is Kenneth making world premieres on the tracks now?,2025-10-14 20:44:52,2025-10-14 20:45:00,52
6765,Fortnite,Negative,Fortnite is doing world premieres on mobile now? I'm fucking done,2025-10-14 20:44:52,2025-10-14 20:45:00,65
6765,Fortnite,Negative,Fortnite is somehow doing his world premieres on tracks ground now? I'm fucking done,2025-10-14 20:44:52,2025-10-14 20:45:00,84
6765,Fortnite,Negative,Fortnite is playing world premieres on tracks now? Hell'm fucking done,2025-10-14 20:44:52,2025-10-14 20:45:00,70
6766,Fortnite,Irrelevant,Just looked back on some of my content I made feeling nostalgic?? check out this @FortniteGame,2025-10-14 20:44:52,2025-10-14 20:45:00,96
6766,Fortnite,Irrelevant,"Just looking back at some of my content, I felt nostalgic?? check this @ FortniteGame",2025-10-14 20:44:52,2025-10-14 20:45:00,85
6766,Fortnite,Irrelevant,Just looked back at some of my stuff that made me feel nostalgic??,2025-10-14 20:44:52,2025-10-14 20:45:00,66
6766,Fortnite,Irrelevant,Just looked back on some t my content I made feeling nostalgic?? check out this @FortniteGame,2025-10-14 20:44:52,2025-10-14 20:45:00,93
6766,Fortnite,Irrelevant,Just he looked back on on some of my content I made feeling incredibly nostalgic?? I check out this @FortniteGame,2025-10-14 20:44:52,2025-10-14 20:45:00,113
6766,Fortnite,Irrelevant,Just looked back on what in my content I made feeling better?? check out this @FortniteGame,2025-10-14 20:44:52,2025-10-14 20:45:00,91
6767,Fortnite,Negative,going to make a TwitLonger explaining why I might quit fortnite as a whole .,2025-10-14 20:44:52,2025-10-14 20:45:00,77
6767,Fortnite,Negative,I will post a TwitLonger explaining why I might quit fortnightly as a whole.,2025-10-14 20:44:52,2025-10-14 20:45:00,76
6767,Fortnite,Negative,I am going to make a statement explaining why I could leave a two-week holiday altogether.,2025-10-14 20:44:52,2025-10-14 20:45:00,90
6767,Fortnite,Negative,going to launch a TwitLonger explaining why I might quit fortnite as in whole.,2025-10-14 20:44:52,2025-10-14 20:45:00,78
6767,Fortnite,Negative,going to actually make me a TwitLonger by explaining why I might quit fortnite as a healthy whole.,2025-10-14 20:44:52,2025-10-14 20:45:00,98
6767,Fortnite,Negative,going to make a TwitLonger into what I might quit reading as a whole.,2025-10-14 20:44:52,2025-10-14 20:45:00,69
6768,Fortnite,Negative,@FortniteGame what a great game! went into creative and my entire game froze !!!! you guys are awesome pic.twitter.com/1vokYwij3E,2025-10-14 20:44:52,2025-10-14 20:45:00,129
6768,Fortnite,Negative,@ FortniteGame what a great game! went into creative and my whole game frozen!!!! you guys are super pic.twitter.com / 1vokYwij3E,2025-10-14 20:44:52,2025-10-14 20:45:00,129
6768,Fortnite,Negative,@ benniteGame what a great game! went creative and my whole game froze!!!! you guys are amazing pic.facebook.com / 1vokYwij3E,2025-10-14 20:44:52,2025-10-14 20:45:00,125
6768,Fortnite,Negative,RhandlerR what a great game! went into creative and my entire game froze !!!! you guys are awesome pic.twitter.com/1vokYwij3E,2025-10-14 20:44:52,2025-10-14 20:45:00,125
6768,Fortnite,Negative,org RhandlerR what a great game! went into creative and my entire game froze !!!! you guys are awesome pic.twitter.com/1vokYwij3E,2025-10-14 20:44:52,2025-10-14 20:45:00,129
6768,Fortnite,Negative,is,2025-10-14 20:44:52,2025-10-14 20:45:00,2
6769,Fortnite,Irrelevant,Ate a blank then trashed him... He's BIG mad. . Squads w/ @allalexdoeeee @brum__james @Sheyras .,2025-10-14 20:44:52,2025-10-14 20:45:00,98
6769,Fortnite,Irrelevant,He's BIG crazy.. squad w / @ allalexdoeeee @ brum _ _ james @ Sheyras.,2025-10-14 20:44:52,2025-10-14 20:45:00,70
6769,Fortnite,Irrelevant,Ate a blank then trashed him... He's BIG mad.. Squads w / @ allalexdoeee @ brum _ _ james @ Sheyras.,2025-10-14 20:44:52,2025-10-14 20:45:00,100
6769,Fortnite,Irrelevant,Ate a bag then trashed him... He's kinda mad.. Squads w/ @allalexdoeeee @brum__james @Sheyras.,2025-10-14 20:44:52,2025-10-14 20:45:00,94
6769,Fortnite,Irrelevant,Ate behind a big blank table then trashed him... by He's BIG gone mad.. Squads destroyed w / @allalexdoeeee by @brum__james @Sheyras.,2025-10-14 20:44:52,2025-10-14 20:45:00,133
6769,Fortnite,Irrelevant,in a blank then made stuff... it's BIG mad.. 4 w/<unk> @allalexdoeeee @brum__james.,2025-10-14 20:44:52,2025-10-14 20:45:00,83
6770,Fortnite,Neutral,This is the AES Key of the new Decrypted Pak! |  . . Aes key: 0x724BF428442E0E971AE5C3F924B507F0AD5FFAD558BD9A6DA0CB06611EDFC435,2025-10-14 20:44:52,2025-10-14 20:45:00,128
6770,Fortnite,Neutral,This is the AES key of the new decrypted package! |.. Aes key: 0x724BF428442E0E971AE5C3F924B507F0AD5FFAD558BD9A6DA0CB06611EDFC435,2025-10-14 20:44:52,2025-10-14 20:45:00,129
6770,Fortnite,Neutral,This is the key AES of the new Decrypted Pak!.... Aes key: 0x724BF428442E0E971AE5C3F924B507F0AD5FFAD558BD9A6DA0CB611EC435,2025-10-14 20:44:52,2025-10-14 20:45:00,121
6770,Fortnite,Neutral,This is the signature certificate of the new Decrypted Pak! -- .<unk> Key key: 9,2025-10-14 20:44:52,2025-10-14 20:45:00,80
6770,Fortnite,Neutral,This is perhaps the latest AES New Key method of Programming the new Global Decrypted Point Pak! |.. an Aes individual key : 1 0x724BF428442E0E971AE5C3F924B507F0AD5FFAD558BD9A6DA0CB06611EDFC435,2025-10-14 20:44:52,2025-10-14 20:45:00,193
6770,Fortnite,Neutral,This One Total Absolute Reality of This Ultimate Decrypted Master! |.. Total Power: V,2025-10-14 20:44:52,2025-10-14 20:45:00,85
6771,Fortnite,Positive,@AppStore plz unban fortnite I love apple  Products like .  iPhones and iMac all of your stuff I have I iPhone 5s and I love it like I love fortnite i bo not have a ps4 or a Xbox or a switch I only have a iphone and I can not get fortnite plz unban it i beg you plz,2025-10-14 20:44:52,2025-10-14 20:45:00,267
6771,Fortnite,Positive,@ AppStore plz unban fortnite I love Apple products such as. iPhones and iMac all your stuff i have iPhone 5s and i love it like i love fortnite i bo not have a ps4 or an xbox or a switch i just have an iPhone and i can't get fortnite plz unban it i beg you plz,2025-10-14 20:44:52,2025-10-14 20:45:00,261
6771,Fortnite,Positive,@ AppStore plz unban fortnite I love apple Products like. ones and iMac all of your stuff I have I iPhone 5s and I love it like I love fortnite i bo not have a H4 or Xbox or a switch I only have a iphone and I can not get fortnite plz unban it i beg you plz,2025-10-14 20:44:52,2025-10-14 20:45:00,257
6771,Fortnite,Positive,@AppStore plz unban fortnite really love apple  Products like.  iPhones and iMac all 3 are great I have I iPhone 5s and I love it like oh love fortnite i bo not have a ps4 let a Xbox or a tablet I do have a iphone and I can not get fortnite plz unban it i beg you plz,2025-10-14 20:44:52,2025-10-14 20:45:00,267
6771,Fortnite,Positive,@AppStore plz unban fortnite I always love apple Products just like. iPhones and iMac all of your stuff I have I iPhone 5s and I love it like I love fortnite i bo I not have a ps4 or a black Xbox or a switch microphone I only occasionally have not a iphone and I can not get that fortnite with plz unban it i beg you please plz,2025-10-14 20:44:52,2025-10-14 20:45:00,327
6771,Fortnite,Positive,@AppStore plz unban fortnite I mean people Products like. iPhones on iMac all of your stuff I have I iPhone think its new got it like I love fortnite i bo not have a ps4 or a Xbox of a switch I only have a iphone and I can you get fortnite plz unban it i ask you plz,2025-10-14 20:44:52,2025-10-14 20:45:00,266
6772,Fortnite,Positive,Fuck I missed this,2025-10-14 20:44:52,2025-10-14 20:45:00,18
6772,Fortnite,Positive,"Shit, I missed that",2025-10-14 20:44:52,2025-10-14 20:45:00,19
6772,Fortnite,Positive,Fuck I missed this,2025-10-14 20:44:52,2025-10-14 20:45:00,18
6772,Fortnite,Positive,Fuck you missed this,2025-10-14 20:44:52,2025-10-14 20:45:00,20
6772,Fortnite,Positive,Fuck I had missed this,2025-10-14 20:44:52,2025-10-14 20:45:00,22
6772,Fortnite,Positive,Fuck I missed writing,2025-10-14 20:44:52,2025-10-14 20:45:00,21
6773,Fortnite,Negative,What the actual heck @fortnite you clearly have enough money but you dick wds just don't learn the mistake. Thanks for ruining my weekend,2025-10-14 20:44:52,2025-10-14 20:45:00,137
6773,Fortnite,Negative,What the hell is @ fortnite you clearly have enough money but you thick wds just don't learn the error. Thank you for ruining my weekend,2025-10-14 20:44:52,2025-10-14 20:45:00,136
6773,Fortnite,Negative,What actually heck @ fortnite you obviously have enough money but you just won't learn the mistake. Thanks for spoiling my weekend.,2025-10-14 20:44:52,2025-10-14 20:45:00,131
6773,Fortnite,Negative,What oh actual heck @fortnite you clearly have enough money but you dick wds just don't learn the mistake. Thanks for ruining my Christmas,2025-10-14 20:44:52,2025-10-14 20:45:00,138
6773,Fortnite,Negative,What the life actual bloody heck @fortnite you clearly now have enough money but you dick wds just don'd t learn the whole mistake. 4 Thanks for ruining my weekend,2025-10-14 20:44:52,2025-10-14 20:45:00,163
6773,Fortnite,Negative,from the actual heck and you clearly have your money but you dick wds that don't learn from mistake. Thanks for ruining my weekend,2025-10-14 20:44:52,2025-10-14 20:45:00,130
6774,Fortnite,Neutral,Straight facts .,2025-10-14 20:44:52,2025-10-14 20:45:00,17
6774,Fortnite,Neutral,Straight facts.,2025-10-14 20:44:52,2025-10-14 20:45:00,15
6774,Fortnite,Neutral,Straight facts.,2025-10-14 20:44:52,2025-10-14 20:45:00,15
6774,Fortnite,Neutral,Straight away.,2025-10-14 20:44:52,2025-10-14 20:45:00,14
6774,Fortnite,Neutral,18 Straight facts.,2025-10-14 20:44:52,2025-10-14 20:45:00,18
6774,Fortnite,Neutral,and facts.,2025-10-14 20:44:52,2025-10-14 20:45:00,10
6775,Fortnite,Irrelevant,"real life is kinda like fortnite, your drop spot determines ur loot, its kinda fucked",2025-10-14 20:44:52,2025-10-14 20:45:00,85
6775,Fortnite,Irrelevant,"Real life is a bit like Fortnite, your drop determines your booty, its way fucked",2025-10-14 20:44:52,2025-10-14 20:45:00,81
6775,Fortnite,Irrelevant,"real life is kinda like fortnite, your drop spot defines ur lot, its kinda fucked",2025-10-14 20:44:52,2025-10-14 20:45:00,81
6775,Fortnite,Irrelevant,"real life r kinda like fortnite, your drop spot determines ur loot, its kinda fucked",2025-10-14 20:44:52,2025-10-14 20:45:00,84
6775,Fortnite,Irrelevant,"real life is kinda like fortnite, your stupid drop spot he determines you ur your loot, its kinda fucked",2025-10-14 20:44:52,2025-10-14 20:45:00,104
6775,Fortnite,Irrelevant,"real life its kinda like fortnite, your drop spot determines ur loot, its totally fucked",2025-10-14 20:44:52,2025-10-14 20:45:00,88
6776,Fortnite,Neutral,epic vs apple? now this is something worth to watch,2025-10-14 20:44:52,2025-10-14 20:45:00,51
6776,Fortnite,Neutral,epic against apple? now this is something worth to be seen,2025-10-14 20:44:52,2025-10-14 20:45:00,58
6776,Fortnite,Neutral,epic vs apple? now this is something worth to watch,2025-10-14 20:44:52,2025-10-14 20:45:00,51
6776,Fortnite,Neutral,epic vs apple? now this is something worth binge watch,2025-10-14 20:44:52,2025-10-14 20:45:00,54
6776,Fortnite,Neutral,epic vs apple? now if this is something more worth to watch,2025-10-14 20:44:52,2025-10-14 20:45:00,59
6776,Fortnite,Neutral,epic vs apple? now this is something worth to think,2025-10-14 20:44:52,2025-10-14 20:45:00,51
6777,Fortnite,Negative,Some ruckus is going on in Fortnite right now come check it out with me twitch.tv/jonnnnnys,2025-10-14 20:44:52,2025-10-14 20:45:00,91
6777,Fortnite,Negative,"A bit of turmoil is going on in Fortnite, now come and watch it with me twitch.tv / jonnnnnys.",2025-10-14 20:44:52,2025-10-14 20:45:00,94
6777,Fortnite,Negative,"Something is happening in New York right now, come and have a look with me at tch.tv / jonnnys",2025-10-14 20:44:52,2025-10-14 20:45:00,94
6777,Fortnite,Negative,Some ruckus is going on in Fortnite right now come check it out with me twitch.tv/jonnnnnys,2025-10-14 20:44:52,2025-10-14 20:45:00,91
6777,Fortnite,Negative,The Some ruckus is going on in Fortnite right now come check it out with me twitch.tv/jonnnnnys,2025-10-14 20:44:52,2025-10-14 20:45:00,95
6777,Fortnite,Negative,a,2025-10-14 20:44:52,2025-10-14 20:45:00,1
6778,Fortnite,Irrelevant,Horny Fortnite Girl Gets Fucked ift.tt/3c2RkmM,2025-10-14 20:44:52,2025-10-14 20:45:00,46
6778,Fortnite,Irrelevant,Horny Fortnite girl gets fucked ift.tt / 3c2RkmM,2025-10-14 20:44:52,2025-10-14 20:45:00,48
6778,Fortnite,Irrelevant,Horny Kennite Girl Gets Fucked i.tt / 3c2RkmM,2025-10-14 20:44:52,2025-10-14 20:45:00,45
6778,Fortnite,Irrelevant,Horny Fortnite Theme Is Fucked ift.tt/3c2RkmM,2025-10-14 20:44:52,2025-10-14 20:45:00,45
6778,Fortnite,Irrelevant,The Horny Fortnite Pretty Girl It Gets Fucked ift. tt / The 3c2RkmM,2025-10-14 20:44:52,2025-10-14 20:45:00,67
6778,Fortnite,Irrelevant,because Fortnite Man Was Fucked ift.tt/3c2RkmM,2025-10-14 20:44:52,2025-10-14 20:45:00,46
6779,Fortnite,Negative,"so my fortnite client is taking too long to update, meaning the stream will be CS:GO again. sorry to disappoint.",2025-10-14 20:44:52,2025-10-14 20:45:00,112
6779,Fortnite,Negative,"So my fortnightly client takes too long to update, which means the stream is CS: GO again. Sorry to disappoint.",2025-10-14 20:44:52,2025-10-14 20:45:00,111
6779,Fortnite,Negative,"so my two-year-old client takes too long to upgrade, which means that the stream will be CS: GO. Sorry, disappointing.",2025-10-14 20:44:52,2025-10-14 20:45:00,118
6779,Fortnite,Negative,"so my fortnite client is taking too long to update, meaning every stream will be CS:GO again. Sorry to disappoint.",2025-10-14 20:44:52,2025-10-14 20:45:00,114
6779,Fortnite,Negative,"... so my fortnite client is taking too long to properly update, partially meaning that the news stream will be CS : GO again. Am sorry to disappoint.",2025-10-14 20:44:52,2025-10-14 20:45:00,150
6779,Fortnite,Negative,"so my fortnite client is way too long to update, currently the default will be CS:GO again. sorry to hear.",2025-10-14 20:44:52,2025-10-14 20:45:00,106
6780,Fortnite,Irrelevant,Thank You For 800 Subs !!!. . youtube.com/channel/UC_ufY…. .,2025-10-14 20:44:52,2025-10-14 20:45:00,62
6780,Fortnite,Irrelevant,Thanks for 800 subscribers!!!. youtube.com / channel / UC _ ufY.....,2025-10-14 20:44:52,2025-10-14 20:45:00,68
6780,Fortnite,Irrelevant,Thank You For 800 Sbs!!!. youtube.com / channel / UC _ ufY.....,2025-10-14 20:44:52,2025-10-14 20:45:00,63
6780,Fortnite,Irrelevant,Thank You For New Subs!!!. - youtube.com/channel/UC_ufY…..,2025-10-14 20:44:52,2025-10-14 20:45:00,58
6780,Fortnite,Irrelevant,Thank Thank to You For My 800 Subs!!!.. youtube. version com / channel / view UC _ ufY …..,2025-10-14 20:44:52,2025-10-14 20:45:00,90
6780,Fortnite,Irrelevant,Thank Me For 60 000!!!.. 1.com/channel/UC_ufY.....,2025-10-14 20:44:52,2025-10-14 20:45:00,50
6781,Fortnite,Irrelevant,Follow him! .,2025-10-14 20:44:52,2025-10-14 20:45:00,14
6781,Fortnite,Irrelevant,Follow him!.,2025-10-14 20:44:52,2025-10-14 20:45:00,12
6781,Fortnite,Irrelevant,Follow him!.,2025-10-14 20:44:52,2025-10-14 20:45:00,12
6781,Fortnite,Irrelevant,Follow him! »,2025-10-14 20:44:52,2025-10-14 20:45:00,13
6781,Fortnite,Irrelevant,Follow with him!.,2025-10-14 20:44:52,2025-10-14 20:45:00,17
6781,Fortnite,Irrelevant,Follow You!.,2025-10-14 20:44:52,2025-10-14 20:45:00,12
6782,Fortnite,Irrelevant,Anyone wanna trade drop boxes  .,2025-10-14 20:44:52,2025-10-14 20:45:00,34
6782,Fortnite,Irrelevant,Everyone wants to swap drop boxes.,2025-10-14 20:44:52,2025-10-14 20:45:00,34
6782,Fortnite,Irrelevant,Anyone wants to sell drips.,2025-10-14 20:44:52,2025-10-14 20:45:00,27
6782,Fortnite,Irrelevant,Anyone wanna trade drop off .,2025-10-14 20:44:52,2025-10-14 20:45:00,29
6782,Fortnite,Irrelevant,4 Anyone wanna trade drop boxes.,2025-10-14 20:44:52,2025-10-14 20:45:00,32
6782,Fortnite,Irrelevant,Anyone wanna trade drop pass.,2025-10-14 20:44:52,2025-10-14 20:45:00,29
6783,Fortnite,Negative,"Hi, epic games wanted to tell you that fortnite is having a glitch.@EpicGamesES. . .",2025-10-14 20:44:52,2025-10-14 20:45:00,85
6783,Fortnite,Negative,"Hello, epic games wanted to tell you that Fortnite has a glitch. @ EpicGamesES...",2025-10-14 20:44:52,2025-10-14 20:45:00,81
6783,Fortnite,Negative,"Hi, epic games wanted to tell you that fortune is high. @ EpicGamesES...",2025-10-14 20:44:52,2025-10-14 20:45:00,72
6783,Fortnite,Negative,"Hi, epic games wanted to tell people that fortnite is having code glitch.@EpicGamesES...",2025-10-14 20:44:52,2025-10-14 20:45:00,88
6783,Fortnite,Negative,"... Hi, the epic games wanted to tell you that fortnite Software is having a minor glitch. And @EpicGamesES...",2025-10-14 20:44:52,2025-10-14 20:45:00,110
6783,Fortnite,Negative,"Hi, several games wanted back show users that fortnite is having a glitch.@EpicGamesES...",2025-10-14 20:44:52,2025-10-14 20:45:00,89
6784,Fortnite,Neutral,nan,2025-10-14 20:44:52,2025-10-14 20:45:00,3
6784,Fortnite,Neutral,It is not the first time that the EU Commission has taken such a step.,2025-10-14 20:44:52,2025-10-14 20:45:00,70
6784,Fortnite,Neutral,"At the same time, despite the fact that there are currently some 100 million people living below the poverty line, most of them do not have access to health services and do not have access to health care, while most of them do not have access to health care.",2025-10-14 20:44:52,2025-10-14 20:45:00,258
6784,Fortnite,Neutral,nan,2025-10-14 20:44:52,2025-10-14 20:45:00,3
6784,Fortnite,Neutral,nan,2025-10-14 20:44:52,2025-10-14 20:45:00,3
6784,Fortnite,Neutral,nan,2025-10-14 20:44:52,2025-10-14 20:45:00,3
6785,Fortnite,Negative,The Fortnite fighters aren’t very good at this real life thing. . . Dummies.,2025-10-14 20:44:52,2025-10-14 20:45:00,76
6785,Fortnite,Negative,Fortnite fighters are not very good in real life... Dummies.,2025-10-14 20:44:52,2025-10-14 20:45:00,60
6785,Fortnite,Negative,The fighters don't really understand this real life... mannequins.,2025-10-14 20:44:52,2025-10-14 20:45:00,66
6785,Fortnite,Negative,The Fortnite fighters aren’t very good at this real life game. 2. Dummies.,2025-10-14 20:44:52,2025-10-14 20:45:00,74
6785,Fortnite,Negative,The Fortnite family fighters aren ’ t very good performers at this real is life combat thing... Dummies.,2025-10-14 20:44:52,2025-10-14 20:45:00,104
6785,Fortnite,Negative,of Fortnite fighters aren’t very successful at this real life attack... Dummies.,2025-10-14 20:44:52,2025-10-14 20:45:00,80
6786,Fortnite,Positive,These  @fortnitegame integrations with  @deadpool are epic. Anyone else only hear  @vancityreynolds? pic.twitter.com/zdLj0F8BF7,2025-10-14 20:44:52,2025-10-14 20:45:00,127
6786,Fortnite,Positive,These @ fortnitegame integrations with @ deadpool are epic. Who else listens but @ vancityreynolds? pic.twitter.com / zdLj0F8BF7,2025-10-14 20:44:52,2025-10-14 20:45:00,128
6786,Fortnite,Positive,Anyone else hear @ vancityreynolds? pic.fm / zdLj0F8BF7,2025-10-14 20:44:52,2025-10-14 20:45:00,55
6786,Fortnite,Positive,These  RhandlerR integrations with  RhandlerR are epic. Anyone else only hear  RhandlerR? pic.twitter.com/zdLj0F8BF7,2025-10-14 20:44:52,2025-10-14 20:45:00,116
6786,Fortnite,Positive,with These  RhandlerR integrations with  RhandlerR are epic. Anyone else only hear  RhandlerR? pic.twitter.com/zdLj0F8BF7,2025-10-14 20:44:52,2025-10-14 20:45:00,121
6786,Fortnite,Positive,there,2025-10-14 20:44:52,2025-10-14 20:45:00,5
6787,Fortnite,Irrelevant,Dumb Lucky.    (Fortnite Montage) youtu.be/psWjTNkBQbE via @YouTube,2025-10-14 20:44:52,2025-10-14 20:45:00,67
6787,Fortnite,Irrelevant,Stupid. (Fortnite montage) youtu.be / psWjTNkBQbE via @ YouTube,2025-10-14 20:44:52,2025-10-14 20:45:00,63
6787,Fortnite,Irrelevant,Dumb Lucky. (Hennite Montage) youtu.be / WjTNkBQbE via @ YouTube,2025-10-14 20:44:52,2025-10-14 20:45:00,64
6787,Fortnite,Irrelevant,Dumb Lucky.    (Fortnite gameplay) youtu.be/psWjTNkBQbE // youtube,2025-10-14 20:44:52,2025-10-14 20:45:00,66
6787,Fortnite,Irrelevant,And Dumb but Lucky. ( as Fortnite Montage ) In youtu. be / 3 psWjTNkBQbE via The @YouTube,2025-10-14 20:44:52,2025-10-14 20:45:00,89
6787,Fortnite,Irrelevant,the Ball. (Fortnite Montage) youtu.be/psWjTNkBQbE • Twitter,2025-10-14 20:44:52,2025-10-14 20:45:00,59
6788,Fortnite,Negative,@FortniteGame fix your laggy fuckn game it's so bad on console you cant even switch to a gun without frame skip like fuck,2025-10-14 20:44:52,2025-10-14 20:45:00,121
6788,Fortnite,Negative,@ FortniteGame fix your laggy fuckn game it is so bad on the console that you can not even switch to a gun without a frame like fuck,2025-10-14 20:44:52,2025-10-14 20:45:00,132
6788,Fortnite,Negative,@ benniteGame fix your Fuckn game is so bad on the console that you can't even switch to a gun without a frame pass like fuck,2025-10-14 20:44:52,2025-10-14 20:45:00,125
6788,Fortnite,Negative,@FortniteGame fix your laggy fuckn game bugs so bad on console you cant even switch into a gun without frame skip like fuck,2025-10-14 20:44:52,2025-10-14 20:45:00,123
6788,Fortnite,Negative,Mike @FortniteGame fix your damn laggy shit fuckn you game how it's so freaking bad on console you cant even switch to a gun without frame skip like fuck,2025-10-14 20:44:52,2025-10-14 20:45:00,153
6788,Fortnite,Negative,@FortniteGame fix your laggy fuckn f it's so bad on console<unk> cant go switch to a gun I frame skip like fuck,2025-10-14 20:44:52,2025-10-14 20:45:00,111
6789,Fortnite,Irrelevant,He said screw u I'm getting in that box like a brain dead controller player.,2025-10-14 20:44:52,2025-10-14 20:45:00,78
6789,Fortnite,Irrelevant,He said I come into this box like a brain-dead controller player.,2025-10-14 20:44:52,2025-10-14 20:45:00,65
6789,Fortnite,Irrelevant,He said I walk into that box like a dead brain player.,2025-10-14 20:44:52,2025-10-14 20:45:00,54
6789,Fortnite,Irrelevant,He said screw u I'm getting in that box like a brain dead rugby player.,2025-10-14 20:44:52,2025-10-14 20:45:00,71
6789,Fortnite,Irrelevant,He said screw u I'a m getting in all that box I like a brain dead controller player.,2025-10-14 20:44:52,2025-10-14 20:45:00,84
6789,Fortnite,Irrelevant,He said told u I'm getting in that box of a brain dead controller player.,2025-10-14 20:44:52,2025-10-14 20:45:00,73
6792,Fortnite,Irrelevant,went to go in george's room to find his door was locked? climbed up side of house to look through his window expecting to see a regrettable girl or something but no...he was playing...Fortnite????,2025-10-14 20:44:52,2025-10-14 20:45:00,196
6792,Fortnite,Irrelevant,"went into George's room to find that his door was locked? climbed to the side of the house to look through his window, expecting to see a pitiful girl or something, but no... he was playing... Fortnite???",2025-10-14 20:44:52,2025-10-14 20:45:00,204
6792,Fortnite,Irrelevant,"went into George's room to find his door locked? climbed on the side of the house to look out the window, expecting to see the poor girl or something but no... he was playing...",2025-10-14 20:44:52,2025-10-14 20:45:00,177
6792,Fortnite,Irrelevant,went to go in george's door to find his door was locked? climbed in side of house & look through his window expecting to see a regrettable girl or something but no...he was asleep,2025-10-14 20:44:52,2025-10-14 20:45:00,179
6792,Fortnite,Irrelevant,went to go see in george's room a to not find as his door was not locked? climbed up side of house to finally look through his window expecting to see a pretty regrettable girl flirting or something but knowing no... he was either playing... Fortnite????,2025-10-14 20:44:52,2025-10-14 20:45:00,254
6792,Fortnite,Irrelevant,went to go in george's door to find his door was slammed? Going up side of house to look out his window tried to show him regrettable death or something but no...he was playing...Fortnite????,2025-10-14 20:44:52,2025-10-14 20:45:00,191
6793,Fortnite,Positive,I really don’t know why I play fortnite it is so bad,2025-10-14 20:44:52,2025-10-14 20:45:00,52
6793,Fortnite,Positive,"I really don't know why I'm playing Fortnite, it's so bad",2025-10-14 20:44:52,2025-10-14 20:45:00,57
6793,Fortnite,Positive,I really don't know why I play fortnite it is so bad,2025-10-14 20:44:52,2025-10-14 20:45:00,52
6793,Fortnite,Positive,I really don’t know why I play fortnite Melee is so bad,2025-10-14 20:44:52,2025-10-14 20:45:00,55
6793,Fortnite,Positive,I so really don at ’ t know why I play fortnite but it is so bad,2025-10-14 20:44:52,2025-10-14 20:45:00,64
6793,Fortnite,Positive,truly really don’t know why I play yet it is so bad,2025-10-14 20:44:52,2025-10-14 20:45:00,51
6794,Fortnite,Negative,Ive died so many times cause of bouncers. Take them out epic @FortniteGame,2025-10-14 20:44:52,2025-10-14 20:45:00,74
6794,Fortnite,Negative,Ive died so many times cause the bouncers. Take them out epic @ FortniteGame,2025-10-14 20:44:52,2025-10-14 20:45:00,76
6794,Fortnite,Negative,I've died so many times because of the bounces.,2025-10-14 20:44:52,2025-10-14 20:45:00,47
6794,Fortnite,Negative,Ive died so many times cause of bouncers. Take them to epic @FortniteGame,2025-10-14 20:44:52,2025-10-14 20:45:00,73
6794,Fortnite,Negative,How Ive died here so good many times cause of bouncers. Take them out epic @FortniteGame,2025-10-14 20:44:52,2025-10-14 20:45:00,88
6794,Fortnite,Negative,Ive died so multiple times cause of horror. Take them out epic @FortniteGame,2025-10-14 20:44:52,2025-10-14 20:45:00,76
6795,Fortnite,Negative,"Hi @FortniteGame . . I get that you wont remove SBMM in pub games, that's okay. . . But WHY THE FUCK do you insist on putting absolute shitters on my team?? . . Wtf.",2025-10-14 20:44:52,2025-10-14 20:45:00,165
6795,Fortnite,Negative,"Hi @ FortniteGame... I understand that you won't remove SBMM in pub games, that's okay... But WHY THE FUCK do you insist on forcing absolute shit on my team??.. Wtf.",2025-10-14 20:44:52,2025-10-14 20:45:00,165
6795,Fortnite,Negative,"Hi @ benniteGame.. I get that you won't remove SBMM in pub games, that's okay... but WHY THE FUCK do you insure on put absolute shitters on my team??. Wtf.",2025-10-14 20:44:52,2025-10-14 20:45:00,155
6795,Fortnite,Negative,"Hi @FortniteGame.. I get that you wont remove SBMM in pub games, then okay... But WHY AS FUCK would you insist on putting absolute shitters on the team??.. Wtf.",2025-10-14 20:44:52,2025-10-14 20:45:00,160
6795,Fortnite,Negative,"and Hi on @FortniteGame.. So I get that you wont even remove any SBMM in pub commentary games, that'I s okay... But WHY THE FUCK do you insist publicly on putting absolute shitters syndrome on to my team??.. Wtf.",2025-10-14 20:44:52,2025-10-14 20:45:00,212
6795,Fortnite,Negative,"fucking @FortniteGame.. DO get that you wont remove SBMM in other clubs, fine's okay... But by THE FUCK do we insist on hosting absolute shitters against my team??.. Wtf.",2025-10-14 20:44:52,2025-10-14 20:45:00,170
6796,Fortnite,Irrelevant,"iPhones with banned Fortnite installed selling on eBay for $10,000 telugubullet.com/iphones-with-b…",2025-10-14 20:44:52,2025-10-14 20:45:00,101
6796,Fortnite,Irrelevant,"iPhones with forbidden Fortnite installation sell on eBay for $10,000 telugubullet.com / iphones-with-b...",2025-10-14 20:44:52,2025-10-14 20:45:00,106
6796,Fortnite,Irrelevant,"Smartphones with banned content are selling on eBay for $10,000 telugubullet.com / iphones-with-b...",2025-10-14 20:44:52,2025-10-14 20:45:00,100
6796,Fortnite,Irrelevant,"iPhones that banned Fortnite installed buy from eBay for $10,000 telugubullet.com/iphones-with-b…",2025-10-14 20:44:52,2025-10-14 20:45:00,97
6796,Fortnite,Irrelevant,"iPhones partnered with iTunes banned Fortnite installed selling out on eBay retail for $ 10, 000 telugubullet. Web com / iphones - with - free b …",2025-10-14 20:44:52,2025-10-14 20:45:00,146
6796,Fortnite,Irrelevant,"iPhones need banned disc installed selling at eBay $500 $10,000 telugubullet.com/iphones-with-b...",2025-10-14 20:44:52,2025-10-14 20:45:00,98
6797,Fortnite,Positive,Always .,2025-10-14 20:44:52,2025-10-14 20:45:00,9
6797,Fortnite,Positive,Always.,2025-10-14 20:44:52,2025-10-14 20:45:00,7
6797,Fortnite,Positive,Always.,2025-10-14 20:44:52,2025-10-14 20:45:00,7
6797,Fortnite,Positive,Always<unk>,2025-10-14 20:44:52,2025-10-14 20:45:00,11
6797,Fortnite,Positive,That Always.,2025-10-14 20:44:53,2025-10-14 20:45:00,12
6797,Fortnite,Positive,Love.,2025-10-14 20:44:53,2025-10-14 20:45:00,5
6799,Fortnite,Irrelevant,Another satisfied customer dm right now @hana42615155 10$-100$.,2025-10-14 20:44:53,2025-10-14 20:45:00,65
6799,Fortnite,Irrelevant,Another satisfied dm customer @ hana42615155 $10 -$ 100.,2025-10-14 20:44:53,2025-10-14 20:45:00,56
6799,Fortnite,Irrelevant,Another satisfied customer dm right now @ hana42615155 10 $-100 $.,2025-10-14 20:44:53,2025-10-14 20:45:00,66
6799,Fortnite,Irrelevant,Another satisfied customer is right now @hana42615155 10$-100$.,2025-10-14 20:44:53,2025-10-14 20:45:00,63
6799,Fortnite,Irrelevant,Another satisfied customer dm 1 right to now is @hana42615155 10 $ - 100 $.,2025-10-14 20:44:53,2025-10-14 20:45:00,75
6799,Fortnite,Irrelevant,Another software customer dm right now paying 10$-100$.,2025-10-14 20:44:53,2025-10-14 20:45:00,55
6800,Fortnite,Irrelevant,"The Party Royale premire including Dillon Francis, Steve Aoki, and deadmau5 was pretty good. Good music out here!!",2025-10-14 20:44:53,2025-10-14 20:45:00,116
6800,Fortnite,Irrelevant,"The Party Royale premiere with Dillon Francis, Steve Aoki and deadmau5 was pretty good. Good music is available here!!",2025-10-14 20:44:53,2025-10-14 20:45:00,118
6800,Fortnite,Irrelevant,"The premiere of Party Royale with Dillon Francis, Steve Aoki and Deadfield 5 was very good. Good music!!",2025-10-14 20:44:53,2025-10-14 20:45:00,104
6800,Fortnite,Irrelevant,"The Party Royale premire featuring Dillon Francis, Steve Aoki, and deadmau5 was pretty good. More music out here!!",2025-10-14 20:44:53,2025-10-14 20:45:00,114
6800,Fortnite,Irrelevant,"The NYC Party Hall Royale Club premire collection including Dillon Francis, Mighty Steve Aoki, and deadmau5 was pretty good. Very Good music out here!!",2025-10-14 20:44:53,2025-10-14 20:45:00,151
6800,Fortnite,Irrelevant,"The Party Royale premire including Dillon Francis, Steve Aoki, and Shakespeare was quite good. But music out for",2025-10-14 20:44:53,2025-10-14 20:45:00,112
8001,Microsoft,Irrelevant,Very good of you to remind us. I thought it was GE but they sold!,2025-10-14 20:44:53,2025-10-14 20:45:00,65
8001,Microsoft,Irrelevant,"I thought it was GE, but they sold!",2025-10-14 20:44:53,2025-10-14 20:45:00,35
8001,Microsoft,Irrelevant,"I thought it was GE, but they sold!",2025-10-14 20:44:53,2025-10-14 20:45:00,35
8001,Microsoft,Irrelevant,Very good of you to remind Anna. I thought it was GE but they sold!,2025-10-14 20:44:53,2025-10-14 20:45:00,67
8001,Microsoft,Irrelevant,Very good of you to remind those us. I had thought it was GE but they totally sold!,2025-10-14 20:44:53,2025-10-14 20:45:00,83
8001,Microsoft,Irrelevant,Very good of you to remind us. I thought it said GE but they really!,2025-10-14 20:44:53,2025-10-14 20:45:00,68
8002,Microsoft,Neutral,Microsoft Surface Studio 2 is a wondrous device for creatives who can afford it mashable.com/review/microso… https://t.co/08MMC1SxmR,2025-10-14 20:44:53,2025-10-14 20:45:00,132
8002,Microsoft,Neutral,Microsoft Surface Studio 2 is a wonderful device for creatives who can afford mashable.com / review / microso... https: / / t.co / 08MMC1SxmR,2025-10-14 20:44:53,2025-10-14 20:45:00,141
8002,Microsoft,Neutral,Microsoft Surface Studio 2 is an amazing device for creative people who can afford it.,2025-10-14 20:44:53,2025-10-14 20:45:00,86
8002,Microsoft,Neutral,Microsoft Creative Studio S is a wondrous device for creatives who can afford it dr.com/review/microso… https://t.co/08MMC1SxmR],2025-10-14 20:44:53,2025-10-14 20:45:00,128
8002,Microsoft,Neutral,Microsoft Surface Studio 2 is such a wondrous educational device for creatives who can hardly afford calling it mashable. com / system review / microso … https://t.co/08MMC1SxmR ],2025-10-14 20:44:53,2025-10-14 20:45:00,179
8002,Microsoft,Neutral,Microsoft Surface Studio X is your timely release for creatives who can afford our mashable.com/review/microso... https://t.co/08MMC1SxmR],2025-10-14 20:44:53,2025-10-14 20:45:00,138
8003,Microsoft,Neutral,Power in the face of a relentless global pandemic:,2025-10-14 20:44:53,2025-10-14 20:45:00,52
8003,Microsoft,Neutral,Power in the face of a relentless global pandemic:,2025-10-14 20:44:53,2025-10-14 20:45:00,50
8003,Microsoft,Neutral,Power in the Face of Inexorable Global Pandemism:,2025-10-14 20:44:53,2025-10-14 20:45:00,49
8003,Microsoft,Neutral,Power in the absence of a relentless global pandemic:,2025-10-14 20:44:53,2025-10-14 20:45:00,53
8003,Microsoft,Neutral,Power in on the face of a relentless worldwide global pandemic :,2025-10-14 20:44:53,2025-10-14 20:45:00,64
8003,Microsoft,Neutral,Power and the face of a relentless global pandemic:,2025-10-14 20:44:53,2025-10-14 20:45:00,51
8004,Microsoft,Irrelevant,Sounds like when Sony had the PS5 under a ultra controlled facility and wouldn't let the influencers touch it...,2025-10-14 20:44:53,2025-10-14 20:45:00,112
8004,Microsoft,Irrelevant,Sounds like when Sony had the PS5 under ultra-controlled control and the influencers wouldn't let them touch it...,2025-10-14 20:44:53,2025-10-14 20:45:00,114
8004,Microsoft,Irrelevant,It's like when Sony kept the PS5 ultra-controlled and didn't let the manufacturers touch it...,2025-10-14 20:44:53,2025-10-14 20:45:00,94
8004,Microsoft,Irrelevant,Sounds like when Sony had the PS5 under a ultra controlled facility and they let certain influencers touch it...,2025-10-14 20:44:53,2025-10-14 20:45:00,112
8004,Microsoft,Irrelevant,Sounds much like hell when Sony had put the Roland PS5 under a ultra controlled facility set and wouldn't let the influencers touch it...,2025-10-14 20:44:53,2025-10-14 20:45:00,137
8004,Microsoft,Irrelevant,Sounds like when Sony had the PS5 under a ultra controlled facility what wouldn't you other influencers touch on...,2025-10-14 20:44:53,2025-10-14 20:45:00,115
8005,Microsoft,Neutral,Microsoft Now Conspiring With Pro-Monsanto Front Group “NewsGuard” To Censor All Anti-GMO News worldtruth.tv/microsoft-now-… via @WorldTruthTV,2025-10-14 20:44:53,2025-10-14 20:45:00,142
8005,Microsoft,Neutral,"Microsoft now colludes with the pro-Monsanto Front Group \"NewsGuard\" to censor all anti-GMO news worldtruth.tv / microsoft-now-... via @ WorldTruthTV",2025-10-14 20:44:53,2025-10-14 20:45:00,149
8005,Microsoft,Neutral,Microsoft is in talks with the Monsanto-backed NewsGuard group to censor all news against GMOs - truth.tv / microsoft-now-... via @ WorldTruthTV,2025-10-14 20:44:53,2025-10-14 20:45:00,144
8005,Microsoft,Neutral,Microsoft Now partnered With Trans-Monsanto Front Group “NewsGuard” To Censor All Non-GMO News worldtruth.tv/microsoft-now-… via Instagram,2025-10-14 20:44:53,2025-10-14 20:45:00,138
8005,Microsoft,Neutral,from Microsoft Now Conspiring With Pro - MS Monsanto Front Group “ Microsoft NewsGuard and ” Alliance To Censor Us All Anti - GM GMO News worldtruth. tv / microsoft - now - fully … accessible via @WorldTruthTV,2025-10-14 20:44:53,2025-10-14 20:45:00,209
8005,Microsoft,Neutral,Microsoft Now And Leading the-Monsanto Front Group “NewsGuard” To Censor All Anti-GMO Material worldtruth.tv/microsoft-now-... Take Our,2025-10-14 20:44:53,2025-10-14 20:45:00,135
8006,Microsoft,Negative,"@surface @panos_panay Mid-range specs, REALLY crappy camera, huge bezels, a REALLY weak camera, and no 5G support. All for a ridiculously high price. I am genuinely sad to be disappointed so much with the Surface Duo.  Another example of Microsoft failing in the phone market. pic.twitter.com/LxsnoOHZxr",2025-10-14 20:44:53,2025-10-14 20:45:00,303
8006,Microsoft,Negative,"@ surface @ panos _ panay Middle class specs, REALLY crappy camera, huge bezels, a REALLY weak camera and no 5G support. And all at a ridiculously high price. I'm really sad to be so disappointed with the Surface Duo. Another example of Microsoft's failure in the phone market. pic.twitter.com / LxsnoOHZxr",2025-10-14 20:44:53,2025-10-14 20:45:00,306
8006,Microsoft,Negative,"@ surface @ panos _ panay Mid-range species, REALLY crappy camera, high bezels, REALLY weak camera, and no 5G support.",2025-10-14 20:44:53,2025-10-14 20:45:00,118
8006,Microsoft,Negative,"RhandlerR RhandlerR Mid-range specs, REALLY crappy camera, huge bezels, a REALLY weak camera, and no 5G support. All for a ridiculously high price. I am genuinely sad to be disappointed so much with the Surface Duo.  Another example of Microsoft failing in the phone market. pic.twitter.com/LxsnoOHZxr",2025-10-14 20:44:53,2025-10-14 20:45:00,301
8006,Microsoft,Negative,"The RhandlerR RhandlerR Mid-range specs, REALLY crappy camera, huge bezels, a REALLY weak camera, and no 5G support. All for a ridiculously high price. I am genuinely sad to be disappointed so much with the Surface Duo.  Another example of Microsoft failing in the phone market. pic.twitter.com/LxsnoOHZxr",2025-10-14 20:44:53,2025-10-14 20:45:00,305
8006,Microsoft,Negative,from,2025-10-14 20:44:53,2025-10-14 20:45:00,4
8007,Microsoft,Negative,"the one time i actually have time to finish all my cases, @Microsoft  actually decided to update my office 🤦. ‍. 🤦. ‍. 🤦. ‍.  IT'S .  BEEN .  24 .  MINUTES  .  AND .  COUNTING .  pic.twitter.com/8wUh6h5fc9",2025-10-14 20:44:53,2025-10-14 20:45:00,205
8007,Microsoft,Negative,"the one time when I actually have time to complete all my cases, @ microsoft has actually decided to update my office..... IT WAS. 24 MINUTES. AND. COUNTING. pic.twitter.com / 8wUh6h5fc9",2025-10-14 20:44:53,2025-10-14 20:45:00,186
8007,Microsoft,Negative,"For the first time when I actually have time to finish all my business, @ Microsoft has actually decided to upgrade my office........................................................................................................................................................",2025-10-14 20:44:53,2025-10-14 20:45:00,277
8007,Microsoft,Negative,"the one time i actually have time to finish all my cases, RhandlerR  actually decided to update my office 🤦. ‍. 🤦. ‍. 🤦. ‍.  IT'S .  BEEN .  24 .  MINUTES  .  AND .  COUNTING .  pic.twitter.com/8wUh6h5fc9",2025-10-14 20:44:53,2025-10-14 20:45:00,204
8007,Microsoft,Negative,"W the one time i actually have time to finish all my cases, RhandlerR  actually decided to update my office 🤦. ‍. 🤦. ‍. 🤦. ‍.  IT'S .  BEEN .  24 .  MINUTES  .  AND .  COUNTING .  pic.twitter.com/8wUh6h5fc9",2025-10-14 20:44:53,2025-10-14 20:45:00,206
8007,Microsoft,Negative,what,2025-10-14 20:44:53,2025-10-14 20:45:00,4
8008,Microsoft,Neutral,Microsoft News states that people are going to brace for conflict now after debate because of what Trump said. Are You? I don't think you will. I think they are insighting you to think you should expect conflict. That is a terrible thing to put out !,2025-10-14 20:44:53,2025-10-14 20:45:00,250
8008,Microsoft,Neutral,"Microsoft News notes that now that the debate is over, people are bracing themselves for conflict because Trump said: Yes? I don't think you will. I think they're giving you insights that think you should expect conflict. That's a terrible thing!",2025-10-14 20:44:53,2025-10-14 20:45:00,246
8008,Microsoft,Neutral,"Microsoft News says that now, after the debate, people will rush to conflict because of what Trump said. You? I don't think you will rush to conflict. I think they teach you that you should think you should expect conflict.",2025-10-14 20:44:53,2025-10-14 20:45:00,223
8008,Microsoft,Neutral,Microsoft News states that liberals are going to brace for conflict the after debate because of what Trump said. Are You? We don't think you will. I think they are insighting you to think he<unk> expect conflict. That is a terrible thing to put out!,2025-10-14 20:44:53,2025-10-14 20:45:00,249
8008,Microsoft,Neutral,Microsoft News states that people are going to really brace themselves for conflict for now right after debate because of what Trump allegedly said. Are You? I don't really think you will. I think maybe they are insighting for you to think how you should expect conflict. That is a terrible new thing to put out!,2025-10-14 20:44:53,2025-10-14 20:45:00,312
8008,Microsoft,Neutral,Microsoft News states you people are going as brace for conflict now after 2016 because of what Trump said. Did You? Personally don't doubt you will. I think they are insighting you to think you should expect conflict. That is a terrible thing to bring up!,2025-10-14 20:44:53,2025-10-14 20:45:00,256
8009,Microsoft,Neutral,"So my challenge to @Microsoft , put your @surface drivers in the",2025-10-14 20:44:53,2025-10-14 20:45:00,66
8009,Microsoft,Neutral,"So my challenge to @ Microsoft, put your @ Surface drivers in the",2025-10-14 20:44:53,2025-10-14 20:45:00,65
8009,Microsoft,Neutral,"So my call to @ Microsoft, put your @ superficial drivers in",2025-10-14 20:44:53,2025-10-14 20:45:00,60
8009,Microsoft,Neutral,"So final challenge to @Microsoft, put your @surface drivers in the",2025-10-14 20:44:53,2025-10-14 20:45:00,66
8009,Microsoft,Neutral,"... So my last challenge to @Microsoft, I put your @surface drivers in the",2025-10-14 20:44:53,2025-10-14 20:45:00,74
8009,Microsoft,Neutral,"in my challenge to @Microsoft, put your @surface drivers around the",2025-10-14 20:44:53,2025-10-14 20:45:00,67
8010,Microsoft,Neutral,Microsoft Forecasts a Rise in Hybrid Working across Asia Pacific snip.ly/zbwxkc https://t.co/WsEHMfar4j,2025-10-14 20:44:53,2025-10-14 20:45:00,103
8010,Microsoft,Neutral,Microsoft predicts an increase in hybrid work in Asia-Pacific snip.ly / zbwxkc https: / / t.co / WsEHMfar4j,2025-10-14 20:44:53,2025-10-14 20:45:00,107
8010,Microsoft,Neutral,Microsoft Forecasts a Rise in HyperWorking Across Asia Pacific snip.ly / zbwxkc,2025-10-14 20:44:53,2025-10-14 20:45:00,79
8010,Microsoft,Neutral,Microsoft Forecasts a Rise in Hybrid Working over the Pacific snip.ly/zbwxkc https://t.co/WsEHMfar4j],2025-10-14 20:44:53,2025-10-14 20:45:00,101
8010,Microsoft,Neutral,Did Microsoft Forecasts a Rise Theory in Hybrid Production Working across Central Asia or Pacific snip. ly / zbwxkc OCLC https://t.co/WsEHMfar4j ],2025-10-14 20:44:53,2025-10-14 20:45:00,146
8010,Microsoft,Neutral,Microsoft Microsoft High Rise in Hybrid Working For Asia this snip.ly/zbwxkc https://t.co/WsEHMfar4j],2025-10-14 20:44:53,2025-10-14 20:45:00,101
8011,Microsoft,Neutral,@NHLBruins,2025-10-14 20:44:53,2025-10-14 20:45:00,12
8011,Microsoft,Neutral,@ NHLBruins,2025-10-14 20:44:53,2025-10-14 20:45:00,11
8011,Microsoft,Neutral,@ NHLBruins,2025-10-14 20:44:53,2025-10-14 20:45:00,11
8011,Microsoft,Neutral,@NHLBruins,2025-10-14 20:44:53,2025-10-14 20:45:00,10
8011,Microsoft,Neutral,5 @NHLBruins,2025-10-14 20:44:53,2025-10-14 20:45:00,12
8011,Microsoft,Neutral,is,2025-10-14 20:44:53,2025-10-14 20:45:00,2
8012,Microsoft,Positive,Hugely important news this,2025-10-14 20:44:53,2025-10-14 20:45:00,26
8012,Microsoft,Positive,Extremely important news this year,2025-10-14 20:44:53,2025-10-14 20:45:00,34
8012,Microsoft,Positive,The very important news of this,2025-10-14 20:44:53,2025-10-14 20:45:00,31
8012,Microsoft,Positive,Hugely important all this,2025-10-14 20:44:53,2025-10-14 20:45:00,25
8012,Microsoft,Positive,Hugely for important news this,2025-10-14 20:44:53,2025-10-14 20:45:00,30
8012,Microsoft,Positive,Hugely important news by,2025-10-14 20:44:53,2025-10-14 20:45:00,24
8013,Microsoft,Neutral,Just earned my Beyond the Basics with Flipgrid on the Microsoft Educator Center! You can check out free PD courses too..  education.microsoft.com/en-us/course/b… عبر @MicrosoftEDU. . 500,2025-10-14 20:44:53,2025-10-14 20:45:00,186
8013,Microsoft,Neutral,I just earned my Beyond the Basics with Flipgrid in the Microsoft Educator Center! You can also visit free PD courses.. education.microsoft.com / en-us / course / b...,2025-10-14 20:44:53,2025-10-14 20:45:00,167
8013,Microsoft,Neutral,You can also check out free DD courses.. education.micross.com / en-us / course / b...,2025-10-14 20:44:53,2025-10-14 20:45:00,86
8013,Microsoft,Neutral,Just earned my Know the Basics with advice on the Microsoft Educator Center! Teachers can print off free PD courses too..  education.microsoft.com/en-us/course/b… عبر @MicrosoftEDU.. 500,2025-10-14 20:44:53,2025-10-14 20:45:00,186
8013,Microsoft,Neutral,I Just get earned at my Journey Beyond the Basics with Flipgrid class on the Microsoft Online Educator Profile Center! You can check out free ID PD courses too.. education. microsoft. br com / en - us / ID course / b … عبر @MicrosoftEDU.. 500,2025-10-14 20:44:53,2025-10-14 20:45:00,242
8013,Microsoft,Neutral,or Post my Learn the Basics with Flipgrid on the Digital Educator Center! You can try out our PD courses via.. education.microsoft.com/en-us/course/b... <unk> @MicrosoftEDU.. in,2025-10-14 20:44:53,2025-10-14 20:45:00,177
8014,Microsoft,Neutral,"(Microsoft Wins Five-Year Deal With Coca-Cola To Supply Cloud Technology, Business Software). brandpowerng.com/microsoft-wins… https://t.co/8wWDJvJYFj",2025-10-14 20:44:53,2025-10-14 20:45:00,150
8014,Microsoft,Neutral,(Microsoft wins five-year contract with Coca-Cola to supply cloud technology and enterprise software. brandpowerng.com / microsoft-wins... https: / / t.co / 8wWDJvJYFj,2025-10-14 20:44:53,2025-10-14 20:45:00,167
8014,Microsoft,Neutral,"(Microsoft wins a five-year deal with Coca-Cola to supply technology, business applications).",2025-10-14 20:44:53,2025-10-14 20:45:00,93
8014,Microsoft,Neutral,"(Microsoft Wins Multi-Year Deal With Coca-Cola For Supply Cloud Technology, Business Services brandpowerng.com/microsoft-wins… https://t.co/8wWDJvJYFj]",2025-10-14 20:44:53,2025-10-14 20:45:00,151
8014,Microsoft,Neutral,"( when Microsoft Leader Wins Five - Year Deal Race With Coca - Cola To Supply New Cloud Technology, Future Business Software ). Microsoft brandpowerng. da com / microsoft - wins … https://t.co/8wWDJvJYFj ]",2025-10-14 20:44:53,2025-10-14 20:45:00,205
8014,Microsoft,Neutral,"(Microsoft Wins Five-Year<unk> since Coca-Cola Will Provide Cloud Engineering, Business Software). Google.com/microsoft-wins... https://t.co/8wWDJvJYFj]",2025-10-14 20:44:53,2025-10-14 20:45:00,152
8015,Microsoft,Neutral,@Forbes features our Data Quadrant and Emotional Footprint reports in their latest article around which web-conferencing tools are the most popular among customers. .  . bit.ly/3bo5mid,2025-10-14 20:44:53,2025-10-14 20:45:00,184
8015,Microsoft,Neutral,@ Forbes reports on our recent Data Quadrant and Emotional Footprint reports on which web conferencing tools are most popular with customers... bit.ly / 3bo5mid,2025-10-14 20:44:53,2025-10-14 20:45:00,160
8015,Microsoft,Neutral,@ Forbes in his latest article reveals which data transfer tools are most popular with customers... bit.ly / 3bo5mid,2025-10-14 20:44:53,2025-10-14 20:45:00,116
8015,Microsoft,Neutral,@Forbes features Big Data Quadrant and Emotional Footprint Trends in their latest article around which web-conferencing tools remain the most trusted among customers.. . bit.ly/3bo5mid,2025-10-14 20:44:53,2025-10-14 20:45:00,184
8015,Microsoft,Neutral,@Forbes features support our Character Data Quadrant and their Emotional Footprint reports in their latest in article area around which our web - conferencing tools are the most used popular choice among customers... of bit. ly / 3bo5mid,2025-10-14 20:44:53,2025-10-14 20:45:00,237
8015,Microsoft,Neutral,recently reported our Data Quadrant Total Emotional Footprint measurement in their latest article around which web-conferencing systems are the most reliable among customers... bit.ly/3bo5mid,2025-10-14 20:44:53,2025-10-14 20:45:00,191
8016,Microsoft,Irrelevant,"100% fake?. . No working product?. . No use case?. . C’mon people.. Do a little research, please.. . Be smart like Google.",2025-10-14 20:44:53,2025-10-14 20:45:00,122
8016,Microsoft,Irrelevant,"100% counterfeit?.. No working product?... No use case?.. C'mon people.. Do a little research, please.. Be smart like Google.",2025-10-14 20:44:53,2025-10-14 20:45:00,125
8016,Microsoft,Irrelevant,100% fake?... No working product?... No use case?.. C'mon people.. Do a bit of research please... Be smart like Google.,2025-10-14 20:44:53,2025-10-14 20:45:00,119
8016,Microsoft,Irrelevant,"100% fake?.. Only working product?.. No use now?.. C’mon people.. Do a little research, please... And smart like Google.",2025-10-14 20:44:53,2025-10-14 20:45:00,120
8016,Microsoft,Irrelevant,"100 % data fake?.. The No clean working product?.. No use case?.. C ’ a mon people.. com Do just a little research, please... at Be smart like Google.",2025-10-14 20:44:53,2025-10-14 20:45:00,150
8016,Microsoft,Irrelevant,"it fake?.. No working documentary?.. No production case?.. C’mon people.. Do a bunch research, maybe... go smart like Google.",2025-10-14 20:44:53,2025-10-14 20:45:00,125
8017,Microsoft,Irrelevant,Fraudsters use fake  . Catch all  .,2025-10-14 20:44:53,2025-10-14 20:45:00,37
8017,Microsoft,Irrelevant,Scammers use fake ones. Catch all.,2025-10-14 20:44:53,2025-10-14 20:45:00,34
8017,Microsoft,Irrelevant,Fraudsters use counterfeits. Catch everyone.,2025-10-14 20:44:53,2025-10-14 20:45:00,44
8017,Microsoft,Irrelevant,Fraudsters use targeting . Catch all .,2025-10-14 20:44:53,2025-10-14 20:45:00,38
8017,Microsoft,Irrelevant,Fraudsters use fake. Like Catch all.,2025-10-14 20:44:53,2025-10-14 20:45:00,36
8017,Microsoft,Irrelevant,Fraudsters use you. Catch all.,2025-10-14 20:44:53,2025-10-14 20:45:00,30
8018,Microsoft,Negative,nan,2025-10-14 20:44:53,2025-10-14 20:45:00,3
8018,Microsoft,Negative,It is not the first time that the EU Commission has taken such a step.,2025-10-14 20:44:53,2025-10-14 20:45:00,70
8018,Microsoft,Negative,"At the same time, despite the fact that there are currently some 100 million people living below the poverty line, most of them do not have access to health services and do not have access to health care, while most of them do not have access to health care.",2025-10-14 20:44:53,2025-10-14 20:45:00,258
8018,Microsoft,Negative,nan,2025-10-14 20:44:53,2025-10-14 20:45:00,3
8018,Microsoft,Negative,nan,2025-10-14 20:44:53,2025-10-14 20:45:00,3
8018,Microsoft,Negative,nan,2025-10-14 20:44:53,2025-10-14 20:45:00,3
8019,Microsoft,Neutral,We are extremely proud to announce that we have achieved @Microsoft Gold Data Analytics and Cloud Platform competencies. Read more in the press release: bit.ly/2RN7TdC,2025-10-14 20:44:53,2025-10-14 20:45:00,167
8019,Microsoft,Neutral,We are very proud to announce that we have achieved @ Microsoft Gold Data Analytics and Cloud Platform competencies. Read more in the press release: bit.ly / 2RN7TdC,2025-10-14 20:44:53,2025-10-14 20:45:00,165
8019,Microsoft,Neutral,"We are extremely proud of our success in Microsoft Gold Data Analytics and ComputerPlatform. For more information, see the press release: bit.ly / 2RN7TdC",2025-10-14 20:44:53,2025-10-14 20:45:00,154
8019,Microsoft,Neutral,We are extremely proud to announce recently we have achieved @Microsoft Gold Data Analytics and Cloud Computing competencies. Read more inside the press release: bit.ly/2RN7TdC,2025-10-14 20:44:53,2025-10-14 20:45:00,176
8019,Microsoft,Neutral,We are extremely proud first to announce that we have achieved @Microsoft Gold Data Analytics Integration and Cloud Business Platform competencies. 1 Read out more in the press press release : Amazon bit. ly / Amazon 2RN7TdC,2025-10-14 20:44:53,2025-10-14 20:45:00,224
8019,Microsoft,Neutral,team are extremely happy to announce that us have obtained @Microsoft Gold Data Analytics and Cloud Platform accreditation. Read more in the press release: bit.ly/2RN7TdC,2025-10-14 20:44:53,2025-10-14 20:45:00,170
8020,Microsoft,Positive,"Long Amazon, Apple, Microsoft, SpaceX, Tesla (though stock is weird), neutral on FB, short on Google, Intel.",2025-10-14 20:44:53,2025-10-14 20:45:00,108
8020,Microsoft,Positive,"Long Amazon, Apple, Microsoft, SpaceX, Tesla (though shares are strange), neutral at FB, short at Google, Intel.",2025-10-14 20:44:53,2025-10-14 20:45:00,112
8020,Microsoft,Positive,"Long Amazon, Apple, Microsoft, FreeX, Tesla (though the stock is odd), neutral on FB, short on Google, Intel.",2025-10-14 20:44:53,2025-10-14 20:45:00,109
8020,Microsoft,Positive,"Long Amazon, Apple, Microsoft, SpaceX, Tesla (though stock prices weird), neutral against FB, short on Google, Intel.",2025-10-14 20:44:53,2025-10-14 20:45:00,117
8020,Microsoft,Positive,"Long Amazon, then Apple, Microsoft, SpaceX, a Tesla ( mostly though the stock is weird ), neutral on FB, for short on Google, little Intel.",2025-10-14 20:44:53,2025-10-14 20:45:00,139
8020,Microsoft,Positive,"Long Amazon, eBay, Microsoft, LinkedIn, Tesla (though stock looking weird), neutral on FB, short on Google, and.",2025-10-14 20:44:53,2025-10-14 20:45:00,112
8021,Microsoft,Positive,shoutout to microsoft for only taking two working days to refund me,2025-10-14 20:44:53,2025-10-14 20:45:00,67
8021,Microsoft,Positive,Shout out to microsoft that it only takes two working days to refund me the money,2025-10-14 20:44:53,2025-10-14 20:45:00,81
8021,Microsoft,Positive,shout at microsoft in just two business days to compensate me,2025-10-14 20:44:53,2025-10-14 20:45:00,61
8021,Microsoft,Positive,shoutout to microsoft for only taking two more days to refund me,2025-10-14 20:44:53,2025-10-14 20:45:00,64
8021,Microsoft,Positive,We shoutout to microsoft for only taking two working practice days to pay refund me,2025-10-14 20:44:53,2025-10-14 20:45:00,83
8021,Microsoft,Positive,shoutout fucking microsoft for only taking two fucking days to refund me,2025-10-14 20:44:53,2025-10-14 20:45:00,72
8022,Microsoft,Neutral,The latest The Microsoft R Server Daily! paper.li/jenstirrup/149… Thanks to @icymi_r @x_assets,2025-10-14 20:44:53,2025-10-14 20:45:00,96
8022,Microsoft,Neutral,Latest The Microsoft R Server Daily! paper.li / jenstirrup / 149... Thanks to @ icymi _ r @ x _ assets,2025-10-14 20:44:53,2025-10-14 20:45:00,102
8022,Microsoft,Neutral,The latest Microsoft P Daily! paper.li / li / 149... Thanks @ icymi _ r @ x _ assets,2025-10-14 20:44:53,2025-10-14 20:45:00,84
8022,Microsoft,Neutral,The Netherlands The Microsoft Exchange Server Daily! paper.li/jenstirrup/149… Thanks to @icymi_r @x_assets,2025-10-14 20:44:53,2025-10-14 20:45:00,106
8022,Microsoft,Neutral,2014 The latest The Microsoft R Server Journal Daily! the paper. li / v jenstirrup / 149 pages … 2015 Thanks to @icymi_r @x_assets,2025-10-14 20:44:53,2025-10-14 20:45:00,130
8022,Microsoft,Neutral,The latest The new R NT Daily! paper.li/jenstirrup/149...<unk> and @icymi_r @x_assets,2025-10-14 20:44:53,2025-10-14 20:45:00,85
8023,Microsoft,Positive,I'm so happy they did this! .,2025-10-14 20:44:53,2025-10-14 20:45:00,30
8023,Microsoft,Positive,I'm so happy they did!.,2025-10-14 20:44:53,2025-10-14 20:45:00,23
8023,Microsoft,Positive,I'm so happy they did!.,2025-10-14 20:44:53,2025-10-14 20:45:00,23
8023,Microsoft,Positive,I'm so happy he did this!.,2025-10-14 20:44:53,2025-10-14 20:45:00,26
8023,Microsoft,Positive,Somehow I'm so damned happy they did this!.,2025-10-14 20:44:53,2025-10-14 20:45:00,43
8023,Microsoft,Positive,I'm so sorry they did this!.,2025-10-14 20:44:53,2025-10-14 20:45:00,28
8024,Microsoft,Neutral,Now on Naija Reports. Microsoft To Permanently Close All Retail Stores. naijareports.com/microsoft-to-p… https://t.co/Ye6Y0xgyKN,2025-10-14 20:44:53,2025-10-14 20:45:00,128
8024,Microsoft,Neutral,Now on Naija Reports. Microsoft permanently closes all retail shops. naijareports.com / microsoft-to-p... https: / / t.co / Ye6Y0xgyKN,2025-10-14 20:44:53,2025-10-14 20:45:00,134
8024,Microsoft,Neutral,Now on Naija Reports. Microsoft To Permanently Close All Retail Stores. naijareports.com / microsoft-to-p... https: / / www.co / Ye6Y0xgyKN,2025-10-14 20:44:53,2025-10-14 20:45:00,139
8024,Microsoft,Neutral,Now on Press Reports. Microsoft Could Permanently Close UK Retail Stores. naijareports.com/microsoft-to-p… https://t.co/Ye6Y0xgyKN],2025-10-14 20:44:53,2025-10-14 20:45:00,131
8024,Microsoft,Neutral,Focus Now on Naija Experience Reports. Microsoft To Live Permanently... Close All My Retail Stores. At naijareports. com / microsoft - to - Google p … https://t.co/Ye6Y0xgyKN ],2025-10-14 20:44:53,2025-10-14 20:45:00,176
8024,Microsoft,Neutral,Now on Home Reports. Microsoft Does Also Buy Old Retail Stores. naijareports.com/microsoft-to-p... https://t.co/Ye6Y0xgyKN],2025-10-14 20:44:53,2025-10-14 20:45:00,123
8025,Microsoft,Negative,hey @Xbox @Microsoft the new xbox app for windows 10 feels like im in a store than actually using xbox …  companion app is much better 10000 %,2025-10-14 20:44:53,2025-10-14 20:45:00,142
8025,Microsoft,Negative,hey @ Xbox @ Microsoft the new Xbox app for Windows 10 feels like in the store as if you are actually using Xbox... companion app is much better 10000%,2025-10-14 20:44:53,2025-10-14 20:45:00,151
8025,Microsoft,Negative,hey @ Xbox @ Microsoft the new xbox app for windows 10 feels like im in a store than actually using xbox... companion app is much better 10000%,2025-10-14 20:44:53,2025-10-14 20:45:00,143
8025,Microsoft,Negative,hey @Xbox.. s new xbox app for windows 10 feels more im in a store than actually using xbox …  companion app is much better 10000 %,2025-10-14 20:44:53,2025-10-14 20:45:00,131
8025,Microsoft,Negative,hey @Xbox With @Microsoft as the new xbox desktop app for windows 10 feels like im living in a store than actually using xbox My … companion software app is of much better 10000 %,2025-10-14 20:44:53,2025-10-14 20:45:00,179
8025,Microsoft,Negative,hey to @Xbox the new xbox store for under 10 feels like im in a store instead actually using xbox... new app is much better 50 %,2025-10-14 20:44:53,2025-10-14 20:45:00,128
8026,Microsoft,Positive,The new Microsoft Edge is a beauty,2025-10-14 20:44:53,2025-10-14 20:45:00,34
8026,Microsoft,Positive,The new Microsoft Edge is a beauty,2025-10-14 20:44:53,2025-10-14 20:45:00,34
8026,Microsoft,Positive,The New Microsoft Edge Is Beauty,2025-10-14 20:44:53,2025-10-14 20:45:00,32
8026,Microsoft,Positive,The final Microsoft Edge is a beauty,2025-10-14 20:44:53,2025-10-14 20:45:00,36
8026,Microsoft,Positive,The new Microsoft Edge 2 is a beauty,2025-10-14 20:44:53,2025-10-14 20:45:00,36
8026,Microsoft,Positive,The new Microsoft MSN is a beauty,2025-10-14 20:44:53,2025-10-14 20:45:00,33
8027,Microsoft,Positive,This put a big smile on my face and i definitely needed this...My first payout from Mixer (excluding donations.) Thank you so much to everyone who has been supporting me through the ups and downs. I really appreciate you all. @WatchMixer & @Microsoft You guys are awesome. pic.twitter.com/Bh3chqkExM,2025-10-14 20:44:53,2025-10-14 20:45:00,299
8027,Microsoft,Positive,My first payout of Mixer (without donations.) Thank you to everyone who has supported me through the ups and downs. I appreciate you all very much. @ WatchMixer & @ Microsoft you are great. pic.twitter.com / Bh3chqkExM,2025-10-14 20:44:53,2025-10-14 20:45:00,218
8027,Microsoft,Positive,Thank you to everyone who has supported me through the ups and downs. I appreciate all of you. @ WatchMiB & @ Microsoft You guys are amazing.,2025-10-14 20:44:53,2025-10-14 20:45:00,141
8027,Microsoft,Positive,This put a big smile on my face and i definitely needed this...My first payout from Mixer (excluding donations.) Thank you so much to everyone who has been supporting me through the ups and downs. I really appreciate you all. RhandlerR & RhandlerR You guys are awesome. pic.twitter.com/Bh3chqkExM,2025-10-14 20:44:53,2025-10-14 20:45:00,296
8027,Microsoft,Positive,2012 This put a big smile on my face and i definitely needed this...My first payout from Mixer (excluding donations.) Thank you so much to everyone who has been supporting me through the ups and downs. I really appreciate you all. RhandlerR & RhandlerR You guys are awesome. pic.twitter.com/Bh3chqkExM,2025-10-14 20:44:53,2025-10-14 20:45:00,301
8027,Microsoft,Positive,we,2025-10-14 20:44:53,2025-10-14 20:45:00,2
8028,Microsoft,Negative,"@TAKEALOT . Don't you think it is rather unethical to sell a device that is no longer supported by the manufacturer. Windows Phone is dead, yet you have it for sale, possibly placing user information at risk. Microsoft Lumia 640 LTE 8GB Single Sim - Black. takealot.com/microsoft-lumi…",2025-10-14 20:44:53,2025-10-14 20:45:00,285
8028,Microsoft,Negative,"@ TAKEALOT. Don't you think it's pretty unethical to sell a device that's no longer supported by the manufacturer? Windows Phone is dead, but you have it for sale, potentially compromising user information. Microsoft Lumia 640 LTE 8GB Single Sim - Black. takealot.com / microsoft-lumi...",2025-10-14 20:44:53,2025-10-14 20:45:00,287
8028,Microsoft,Negative,"@ TAKEALOT. Don't you think it's unethical to sell a device that is no longer supported by the manufacturer? Windows Phone is dead, but you have it for sale, possibly jeopardizing user information. Microsoft Luxury 640 LTE 8GB Single Sim - Black.",2025-10-14 20:44:53,2025-10-14 20:45:00,246
8028,Microsoft,Negative,"@TAKEALOT. Don't you think it is rather unethical to sell defective product that is no longer available via the manufacturer. Windows Phone is dead, yet you have it for sale, possibly placing payment information at risk. Microsoft Lumia 640 LTE 8GB Single Screen - Black. takealot.com/microsoft-lumi…",2025-10-14 20:44:53,2025-10-14 20:45:00,300
8028,Microsoft,Negative,"@TAKEALOT. Don't but you think it also is rather unethical sometimes to sell a device that is no longer supported by the manufacturer. Windows Phone 9 is dead, not yet you have it for personal sale, possibly after placing user information and at particular risk. Microsoft Lumia 7 640 LTE 8GB Single Sim - Black. takealot. com / microsoft - lumi …",2025-10-14 20:44:53,2025-10-14 20:45:00,347
8028,Microsoft,Negative,"@TAKEALOT. Don't you think it becomes financially unethical or sell a device who is no longer supported by the manufacturer. A Phone is legal, yet you have it for $150, possibly with user information at risk. Microsoft Lumia 640 LTE 8GB Single Sim - Black. Why.com/microsoft-lumi...",2025-10-14 20:44:53,2025-10-14 20:45:00,282
8029,Microsoft,Negative,@MicrosoftToDo your app sucks. Wunderlist was superior. @Microsoft thanks for nothing.,2025-10-14 20:44:53,2025-10-14 20:45:00,86
8029,Microsoft,Negative,@ MicrosoftToDo sucks your app. Wunderlist was superior. @ Microsoft thank you for nothing.,2025-10-14 20:44:53,2025-10-14 20:45:00,91
8029,Microsoft,Negative,@ ToDo your app sucks. The list was better. @ Microsoft thanks for nothing.,2025-10-14 20:44:53,2025-10-14 20:45:00,75
8029,Microsoft,Negative,@MicrosoftToDo your app sucks. Wunderlist became superior. @Microsoft worked for nothing.,2025-10-14 20:44:53,2025-10-14 20:45:00,89
8029,Microsoft,Negative,@MicrosoftToDo your own app system sucks. Wunderlist was superior. For @Microsoft i thanks for nothing.,2025-10-14 20:44:53,2025-10-14 20:45:00,103
8029,Microsoft,Negative,<unk> your name sucks. Wunderlist its superior. @MicrosoftToDo thanks for nothing.,2025-10-14 20:44:53,2025-10-14 20:45:00,82
8030,Microsoft,Negative,"Not even the Microsoft Store wants me to play Division 2.  I mean, it’s $3, but what good is a gigabit connection if you can only pull down 40Mbps?!",2025-10-14 20:44:53,2025-10-14 20:45:00,148
8030,Microsoft,Negative,"Not even the Microsoft Store wants me to play Division 2. I mean, it's $3, but what's the point of a gigabit connection if you can only pull down 40 Mbps?!",2025-10-14 20:44:53,2025-10-14 20:45:00,155
8030,Microsoft,Negative,"Even the Microsoft Store doesn't want me to play in the second division. I mean, it's $3, but what good is a gibit connection if you can only slow down to 40 Mbit / s?!",2025-10-14 20:44:53,2025-10-14 20:45:00,168
8030,Microsoft,Negative,"Not sure the Microsoft Store wants me to include Division 2.  I mean, it’s $3, but what good is a gigabit Ethernet if you can only slow down 40Mbps?!",2025-10-14 20:44:53,2025-10-14 20:45:00,149
8030,Microsoft,Negative,"Not least even because the exclusive Microsoft Store wants me to play Division 2. I mean, it ’ s $ 200 3, but what reasonably good system is delivering a gigabit connection if you basically can only pull down 40Mbps?!",2025-10-14 20:44:53,2025-10-14 20:45:00,217
8030,Microsoft,Negative,"Not even the Microsoft Store wants me to play Trek 2. I mean, it’s $3, but is good without having gigabit connection if you can only track down text?!",2025-10-14 20:44:53,2025-10-14 20:45:00,150
8031,Microsoft,Positive,@NibrasManna I tried out Microsoft TODO and I really like it,2025-10-14 20:44:53,2025-10-14 20:45:00,60
8031,Microsoft,Positive,@ NibrasManna I have tried Microsoft TODO and I like it very much,2025-10-14 20:44:53,2025-10-14 20:45:00,65
8031,Microsoft,Positive,@ Nibrasa I tried Microsoft TODO and I really like it,2025-10-14 20:44:53,2025-10-14 20:45:00,53
8031,Microsoft,Positive,@NibrasManna I tried out Google TODO and I really like it,2025-10-14 20:44:53,2025-10-14 20:45:00,57
8031,Microsoft,Positive,@NibrasManna I tried out Microsoft TODO Dictionary and do I really not like it,2025-10-14 20:44:53,2025-10-14 20:45:00,78
8031,Microsoft,Positive,@NibrasManna I tried out Microsoft TODO and just really loved it,2025-10-14 20:44:53,2025-10-14 20:45:00,64
8032,Microsoft,Neutral,"By forcing Bing on Chrome users, Microsoft is back to its bad old ways techradar.com/news/by-forcin… https://t.co/kHoWfcVnlH",2025-10-14 20:44:53,2025-10-14 20:45:00,124
8032,Microsoft,Neutral,"By forcing Bing on Chrome users, Microsoft is back to its bad old ways techradar.com / news / by-forcin... https: / / t.co / kHoWfcVnlH",2025-10-14 20:44:53,2025-10-14 20:45:00,135
8032,Microsoft,Neutral,"By imposing Bing on Chrome users, Microsoft is reverting to its bad old techradar.com / news / by-forcin... https: / / www.co / kHoWfcVnlH",2025-10-14 20:44:53,2025-10-14 20:45:00,138
8032,Microsoft,Neutral,"By forcing Bing on Chrome users, Microsoft is back to its bad habits ol github.com/news/by-forcin… https://t.co/kHoWfcVnlH]",2025-10-14 20:44:53,2025-10-14 20:45:00,123
8032,Microsoft,Neutral,"But By sometimes forcing Bing on Chrome users, whether Microsoft is back to eating its truly bad old ways techradar. com / product news / the by - forcin … https://t.co/kHoWfcVnlH ]",2025-10-14 20:44:53,2025-10-14 20:45:00,181
8032,Microsoft,Neutral,"By using Bing on Chrome users, Microsoft take back their ones own old ways techradar.com/news/by-forcin... https://t.co/kHoWfcVnlH]",2025-10-14 20:44:53,2025-10-14 20:45:00,131
8033,Microsoft,Negative,my dick is microsoft,2025-10-14 20:44:53,2025-10-14 20:45:00,20
8033,Microsoft,Negative,my cock is microsoft,2025-10-14 20:44:53,2025-10-14 20:45:00,20
8033,Microsoft,Negative,My Microsoft Is Microsoft,2025-10-14 20:44:53,2025-10-14 20:45:00,25
8033,Microsoft,Negative,my dick is big,2025-10-14 20:44:53,2025-10-14 20:45:00,14
8033,Microsoft,Negative,my dick is one microsoft,2025-10-14 20:44:53,2025-10-14 20:45:00,24
8033,Microsoft,Negative,my dick on microsoft,2025-10-14 20:44:53,2025-10-14 20:45:00,20
8034,Microsoft,Negative,MIXER BY MICROSOFT IS SHUTING DOWN IN FAVOR OF FACEBOOK GAMEING! LETS GOOOOOOO. pic.twitter.com/HFpKPDRRQ0,2025-10-14 20:44:53,2025-10-14 20:45:00,106
8034,Microsoft,Negative,MIXER BY MICROSOFT SHUTING DOWN IN FAVOR OF FACEBOOK GAMEING! LETS GOOOOOOOO. pic.twitter.com / HFpKPDRRQ0,2025-10-14 20:44:53,2025-10-14 20:45:00,106
8034,Microsoft,Negative,MIXER by MICROSOFT IS SHUTING DOWN IN VOR OF FACEBOOK GAMEING! LETS GOOOO. pic.wikipedia.com / HFpKPDRQ0,2025-10-14 20:44:53,2025-10-14 20:45:00,104
8034,Microsoft,Negative,MIXER BY MICROSOFT IS SHUTING DOWN IN FAVOR OF FACEBOOK GAMEING! LETS GOOOOOOO. pic.twitter.com/HFpKPDRRQ0,2025-10-14 20:44:53,2025-10-14 20:45:00,106
8034,Microsoft,Negative,UK MIXER BY MICROSOFT IS SHUTING DOWN IN FAVOR OF FACEBOOK GAMEING! LETS GOOOOOOO. pic.twitter.com/HFpKPDRRQ0,2025-10-14 20:44:53,2025-10-14 20:45:00,109
8034,Microsoft,Negative,I,2025-10-14 20:44:53,2025-10-14 20:45:00,1
8035,Microsoft,Negative,who's ready for microsoft to forcibly resurrect the dishonored series with no plan or direction at all except to make money and then force arkane to crunch the fuck out of themselves to get it out in 2 years?!!?!??,2025-10-14 20:44:53,2025-10-14 20:45:00,214
8035,Microsoft,Negative,who is prepared for microsoft to forcibly resurrect the dishonored series without any plan or direction except to make money and then force Arcane to squeeze the shit out of itself to get it out in 2 years?!!?!???,2025-10-14 20:44:53,2025-10-14 20:45:00,213
8035,Microsoft,Negative,"Who is ready for microsoft to forcibly resurrect a nasty series with no plan or direction but to make money, and then force archaic spin to release it in 2 years?!!!???",2025-10-14 20:44:53,2025-10-14 20:45:00,168
8035,Microsoft,Negative,who's ready for microsoft to forcibly resurrect the dishonored database with no plan or direction at all except to make money and supposedly force arkane to crunch the fuck<unk> of themselves to get it back in 2 years?!!?!??,2025-10-14 20:44:53,2025-10-14 20:45:00,224
8035,Microsoft,Negative,who's ready for a microsoft or to forcibly or resurrect onto the sadly dishonored series with seemingly no plan or bad direction at most all except to constantly make money and then force arkane to crunch the fuck out of themselves to get them it out in 2 years?!!?!??,2025-10-14 20:44:53,2025-10-14 20:45:00,268
8035,Microsoft,Negative,who's asking that microsoft to forcibly resurrect the dishonored series with to plan in direction at all except to make money and then for arkane to crunch their hell out of themselves to get it out in 2 years?!!?!??,2025-10-14 20:44:53,2025-10-14 20:45:00,216
8036,Microsoft,Negative,Wtf,2025-10-14 20:44:53,2025-10-14 20:45:00,3
8036,Microsoft,Negative,Wtf,2025-10-14 20:44:53,2025-10-14 20:45:00,3
8036,Microsoft,Negative,Wtf,2025-10-14 20:44:53,2025-10-14 20:45:00,3
8036,Microsoft,Negative,Wtf,2025-10-14 20:44:53,2025-10-14 20:45:00,3
8036,Microsoft,Negative,15 Wtf,2025-10-14 20:44:53,2025-10-14 20:45:00,6
8036,Microsoft,Negative,on,2025-10-14 20:44:53,2025-10-14 20:45:00,2
8037,Microsoft,Neutral,Threatpost | Microsoft Sway Abused in Office 365 Phishing Attack bit.ly/35jldME,2025-10-14 20:44:53,2025-10-14 20:45:00,79
8037,Microsoft,Neutral,Microsoft Sway Misused in Office 365 Phishing Attack bit.ly / 35jldME,2025-10-14 20:44:53,2025-10-14 20:45:00,69
8037,Microsoft,Neutral,Threatpost: Microsoft Sway Abused in Office 365 Phishing Attack bit.ly / 35jldME,2025-10-14 20:44:53,2025-10-14 20:45:00,80
8037,Microsoft,Neutral,Threatpost | We Sway Hell in Office 365 Phishing Attack bit.ly/35jldME,2025-10-14 20:44:53,2025-10-14 20:45:00,70
8037,Microsoft,Neutral,Threatpost | Microsoft Hot Sway Abused Server in Office 365 Phishing This Attack at bit. ly / 2012 35jldME,2025-10-14 20:44:53,2025-10-14 20:45:00,106
8037,Microsoft,Neutral,Threatpost | Microsoft Sway Back in its 365 Target Attack by.ly/35jldME,2025-10-14 20:44:53,2025-10-14 20:45:00,71
8038,Microsoft,Irrelevant,Any teacher can take on this important role of being a child’s trusted adult. Absolutely love this.,2025-10-14 20:44:53,2025-10-14 20:45:00,99
8038,Microsoft,Irrelevant,Any teacher can assume this important role as a trustworthy adult of a child.,2025-10-14 20:44:53,2025-10-14 20:45:00,77
8038,Microsoft,Irrelevant,Any teacher can take on this important role as a trusted adult child.,2025-10-14 20:44:53,2025-10-14 20:45:00,69
8038,Microsoft,Irrelevant,Any teacher can take up this important burden of being a child’s trusted adult. Absolutely love this.,2025-10-14 20:44:53,2025-10-14 20:45:00,101
8038,Microsoft,Irrelevant,Any teacher can take on this painfully important role of being a child ’ s first trusted adult. Absolutely we love exactly this.,2025-10-14 20:44:53,2025-10-14 20:45:00,128
8038,Microsoft,Irrelevant,Any teacher can take on this important role without knowing a child’s favourite adult. Absolutely love this.,2025-10-14 20:44:53,2025-10-14 20:45:00,108
8039,Microsoft,Negative,Here We go : “A false rumor that the coronavirus outbreak is a plot by former Microsoft CEO Bill Gates is being spread by supporters of the pro-Trump QAnon movement and the anti-vax community.”. google.com.au/amp/s/www.buzz…,2025-10-14 20:44:53,2025-10-14 20:45:00,224
8039,Microsoft,Negative,"Here we are: \"A false rumor that the Coronavirus outbreak is a plot by former Microsoft CEO Bill Gates is being spread by supporters of the pro-Trump QAnon movement and the anti-vax community.\" google.com. au / amp / s / www.buzz...",2025-10-14 20:44:53,2025-10-14 20:45:00,232
8039,Microsoft,Negative,"\"The false rumor that the coronavirus outbreak is a conspiracy by former Microsoft CEO Bill Gates is being spread by supporters of the pro-Trump QAnon movement and the anti-vax community.\" google.com.au / amp / s / www.buzz...",2025-10-14 20:44:53,2025-10-14 20:45:00,226
8039,Microsoft,Negative,Here We go : “A swirling rumor suggesting his coronavirus outbreak is an plot by former Microsoft CEO Bill Gates is being spread by supporters in a pro-Trump QAnon movement and the anti-vax community.”. google.com.au/amp/s/www.buzz…,2025-10-14 20:44:53,2025-10-14 20:45:00,232
8039,Microsoft,Negative,Here We go : “ A false rumor that the new coronavirus outbreak is really a plot by key former Microsoft Office CEO Bill Gates is being spread only by supporters of the broader pro - Trump and QAnon movement and the anti - political vax policy community. ”. google. via com. au / amp / s / www. buzz …,2025-10-14 20:44:53,2025-10-14 20:45:00,300
8039,Microsoft,Negative,Here We Eat : “A false rumor that the coronavirus outbreak is planned plot by late Microsoft head Rupert Gates is being spread by supporters of the anti-Trump QAnon campaign and independent fake-vax regime.”. google.com.au/amp/s/www.buzz...,2025-10-14 20:44:53,2025-10-14 20:45:00,240
8040,Microsoft,Neutral,Xbox .,2025-10-14 20:44:53,2025-10-14 20:45:00,7
8040,Microsoft,Neutral,Xbox.,2025-10-14 20:44:53,2025-10-14 20:45:00,5
8040,Microsoft,Neutral,Xbox.,2025-10-14 20:44:53,2025-10-14 20:45:00,5
8040,Microsoft,Neutral,Xbox 360,2025-10-14 20:44:53,2025-10-14 20:45:00,8
8040,Microsoft,Neutral,An Xbox.,2025-10-14 20:44:53,2025-10-14 20:45:00,8
8040,Microsoft,Neutral,Life.,2025-10-14 20:44:53,2025-10-14 20:45:00,5
8041,Microsoft,Neutral,nan,2025-10-14 20:44:53,2025-10-14 20:45:00,3
8041,Microsoft,Neutral,It is not the first time that the EU Commission has taken such a step.,2025-10-14 20:44:53,2025-10-14 20:45:00,70
8041,Microsoft,Neutral,"At the same time, despite the fact that there are currently some 100 million people living below the poverty line, most of them do not have access to health services and do not have access to health care, while most of them do not have access to health care.",2025-10-14 20:44:53,2025-10-14 20:45:00,258
8041,Microsoft,Neutral,nan,2025-10-14 20:44:53,2025-10-14 20:45:00,3
8041,Microsoft,Neutral,nan,2025-10-14 20:44:53,2025-10-14 20:45:00,3
8041,Microsoft,Neutral,nan,2025-10-14 20:44:53,2025-10-14 20:45:00,3
8042,Microsoft,Neutral,"I used to think Ellison was an ok guy, this just PROVES that Trump is into making ALL his friends money, and screwing with people.  I'm sorry Microsoft :( ...stupid POS POTUS!!!",2025-10-14 20:44:53,2025-10-14 20:45:00,177
8042,Microsoft,Neutral,"I used to think Ellison was an ok guy, it just proves that Trump is making money out of ALL his friends and messing with people, I'm sorry Microsoft: (... stupid POS POTUS!!!",2025-10-14 20:44:53,2025-10-14 20:45:00,174
8042,Microsoft,Neutral,"I used to think Ellison was a normal guy, it just TRUE that Trump makes ALL his friends money and hangs out with people. Sorry Microsoft: (... stupid POS PUS!!!",2025-10-14 20:44:53,2025-10-14 20:45:00,160
8042,Microsoft,Neutral,"I tended to think Ellison was an okay guy, he just PROVES that Trump is into making ALL his friends money, and screwing with people.  I'm sorry Microsoft :( DEAD POS POTUS!!!",2025-10-14 20:44:53,2025-10-14 20:45:00,174
8042,Microsoft,Neutral,"I had used to think Ellison was an ok guy, because this just PROVES shows that Trump is big into making ALL his good friends have money, entertaining and screwing with young people. God I'M m sorry Microsoft : (... stupid POS POTUS!!!",2025-10-14 20:44:53,2025-10-14 20:45:00,234
8042,Microsoft,Neutral,"I used to think Ellison was working ok company, this just PROVES that someone is NOT making ALL his free money, and friends with people. I'm sorry Microsoft :(...stupid POS<unk>",2025-10-14 20:44:53,2025-10-14 20:45:00,177
8043,Microsoft,Neutral,Microsoft on Wednesday reported rising revenues in the past quarter amid strong demand for cloud computing services from pandemic-hit businesses and consumers and big gains in its Xbox gaming operations. bit.ly/2D8bxdR,2025-10-14 20:44:53,2025-10-14 20:45:00,218
8043,Microsoft,Neutral,Microsoft on Wednesday reported rising revenue last quarter amid strong demand for cloud computing services from pandemically affected businesses and consumers and big gains in the gaming business of Xbox. bit.ly / 2D8bxdR,2025-10-14 20:44:53,2025-10-14 20:45:00,222
8043,Microsoft,Neutral,"Microsoft on Wednesday reported a rise in revenue in the last quarter on the back of strong demand for cloud computing services from companies and consumers affected by the pandemic, as well as great success at its Xbox gaming operator.",2025-10-14 20:44:53,2025-10-14 20:45:00,236
8043,Microsoft,Neutral,Microsoft on Wednesday reported rising margins in the past quarter amid strong demand for cloud computing services and pandemic-hit businesses as consumers and big gains within its Xbox gaming operations. bit.ly/2D8bxdR,2025-10-14 20:44:53,2025-10-14 20:45:00,219
8043,Microsoft,Neutral,Meanwhile Microsoft on Wednesday reported that rising revenues in the past fiscal quarter amid strong demand figures for cloud computing including services taken from pandemic - hit businesses and consumers and experienced big gains in its Xbox gaming division operations. bit. z ly / 2D8bxdR,2025-10-14 20:44:53,2025-10-14 20:45:00,292
8043,Microsoft,Neutral,<unk> Echo Sat reported rising revenues in the past quarter amid strong demand for cloud computing services from pandemic-hit suppliers and consumers and big investment in its Xbox gaming operations. 30.ly/2D8bxdR,2025-10-14 20:44:53,2025-10-14 20:45:00,213
8044,Microsoft,Neutral,COVID-19: Microsoft Cancels IoT in Action Event in Melbourne latesttechnews.org/technology-new…,2025-10-14 20:44:53,2025-10-14 20:45:00,95
8044,Microsoft,Neutral,COVID-19: Microsoft cancels IoT in Action Event in Melbourne Latest technews.org / technology-new...,2025-10-14 20:44:53,2025-10-14 20:45:00,100
8044,Microsoft,Neutral,COVID-19: Microsoft cancels IoT in action in Melbourne latesttechnews.org / technology-new...,2025-10-14 20:44:53,2025-10-14 20:45:00,93
8044,Microsoft,Neutral,COVID-19: Microsoft Cancels Ghost in Action Event — latesttechnews.org/technology-new…,2025-10-14 20:44:53,2025-10-14 20:45:00,86
8044,Microsoft,Neutral,COVID - 19 : 11 Microsoft Office Cancels IoT in Action Event 2010 in Melbourne for latesttechnews. org / smart technology - new …,2025-10-14 20:44:53,2025-10-14 20:45:00,129
8044,Microsoft,Neutral,9-19: Microsoft Cancels IoT International Technical Event in Melbourne and.org/technology-new...,2025-10-14 20:44:53,2025-10-14 20:45:00,96
8045,Microsoft,Negative,working remote using VPN.  Outlook loads.....clicks on first email.....Outlook (Not Responding).  can the COVID19 affect Microsoft products?,2025-10-14 20:44:53,2025-10-14 20:45:00,140
8045,Microsoft,Negative,works remotely with VPN. Outlook loads..... clicks on the first e-mail..... Outlook (does not respond). Can COVID19 affect Microsoft products?,2025-10-14 20:44:53,2025-10-14 20:45:00,142
8045,Microsoft,Negative,Outlook downloads..... clicks on the first email..... Outlook (Not Responsing). Can COVID19 affect Microsoft products?,2025-10-14 20:44:53,2025-10-14 20:45:00,118
8045,Microsoft,Negative,working remote using VPN.  Outlook loads.....clicks on login email.....Outlook appears Responding).  can the election affect Microsoft products?,2025-10-14 20:44:53,2025-10-14 20:45:00,144
8045,Microsoft,Negative,A working remote control using VPN. Outlook what loads..... just clicks automatically on first email..... Outlook ( Today Not Responding ). can the future COVID19 affect future Microsoft products?,2025-10-14 20:44:53,2025-10-14 20:45:00,196
8045,Microsoft,Negative,working remote email Manager. Everything loads.....clicks on first email.....Outlook (Not Responding). Would the COVID19 affect my Outlook?,2025-10-14 20:44:53,2025-10-14 20:45:00,139
8046,Microsoft,Positive,It seems recently a lot of the higher up influencers have been telling us Game Pass is good and that we should be thankful Microsoft is offering such a great deal.. . I guess all I can say to that is the market will speak for itself in the end. pic.twitter.com/tE2y0Y44vI,2025-10-14 20:44:53,2025-10-14 20:45:00,271
8046,Microsoft,Positive,It seems like a lot of the higher influencers have been telling us lately that Game Pass is good and we should be thankful that Microsoft is offering so much... I think all I can say is that in the end the market will speak for itself. pic.twitter.com / tE2y0Y44vI,2025-10-14 20:44:53,2025-10-14 20:45:00,264
8046,Microsoft,Positive,"Many influential people seem to be telling us lately that the game is good, and that we should be grateful to Microsoft for offering so much... I think all I can say is that the market will speak for itself in the end.",2025-10-14 20:44:53,2025-10-14 20:45:00,218
8046,Microsoft,Positive,It seems recently a lot of the higher up influencers have been telling us Game Pass is good and that we should be thankful Microsoft is offering such a great deal.. . I guess all I can say to that is the market will speak for itself in the end. pic.twitter.com/tE2y0Y44vI,2025-10-14 20:44:53,2025-10-14 20:45:00,271
8046,Microsoft,Positive,C It seems recently a lot of the higher up influencers have been telling us Game Pass is good and that we should be thankful Microsoft is offering such a great deal.. . I guess all I can say to that is the market will speak for itself in the end. pic.twitter.com/tE2y0Y44vI,2025-10-14 20:44:53,2025-10-14 20:45:00,273
8046,Microsoft,Positive,with,2025-10-14 20:44:53,2025-10-14 20:45:00,4
8047,Microsoft,Neutral,Microsoft relaxes partner programme requirements. . zpr.io/tkQEW,2025-10-14 20:44:53,2025-10-14 20:45:00,64
8047,Microsoft,Neutral,Microsoft relaxes requirements for partner programs.. zpr.io / tkQEW,2025-10-14 20:44:53,2025-10-14 20:45:00,68
8047,Microsoft,Neutral,Microsoft relaxes requirements for partner programs.. zpr.io / tkQEW,2025-10-14 20:44:53,2025-10-14 20:45:00,68
8047,Microsoft,Neutral,Microsoft relaxes partner programme requirements.. bug.io/tkQEW,2025-10-14 20:44:53,2025-10-14 20:45:00,63
8047,Microsoft,Neutral,Microsoft therefore relaxes these partner customer programme requirements.. zpr. io / IBM tkQEW,2025-10-14 20:44:53,2025-10-14 20:45:00,95
8047,Microsoft,Neutral,emotionally relaxes partner programme<unk>.. zpr.io/tkQEW,2025-10-14 20:44:53,2025-10-14 20:45:00,57
8048,Microsoft,Negative,"Damn, the lies keep pilling up! After the fail of the Halo infinite demo, it looks like now they are like « fuck we can’t do cross gen, makes our games being hold back for old gen ». 🤦. ‍.",2025-10-14 20:44:53,2025-10-14 20:45:00,189
8048,Microsoft,Negative,"Damn, the lies are piling up! After the failure of the Halo Infinite demo, it looks like they're now like \"fuck we can't do cross gen, makes our games being back for old gen.\"",2025-10-14 20:44:53,2025-10-14 20:45:00,175
8048,Microsoft,Negative,"Damn, the lies keep piling up! After the Halo Infinite demo failed, it now seems like they're like \"fuck, we can't do the cross gene, makes our games hold back the old gene.\"",2025-10-14 20:44:53,2025-10-14 20:45:00,174
8048,Microsoft,Negative,"Damn, the lies keep pilling up! After the fail of the Halo V demo, it seems like now players are like « fuck we can’t do cross gen, makes our meta being hold only for old gen ». 🤦. ‍.",2025-10-14 20:44:53,2025-10-14 20:45:00,183
8048,Microsoft,Negative,"A Damn, the bad lies keep here pilling her up! After the fail of for the Halo... infinite demo, it looks almost like now they are like... « fuck we can ’ t do cross gen, makes our games being hold back or for old gen... ». [UNK]..",2025-10-14 20:44:53,2025-10-14 20:45:00,230
8048,Microsoft,Negative,"Damn, the lies keep pilling up! After the fail of all Halo infinite series, whatever looks like now they look like <unk> if he can’t do cross gen, makes our games being bounced back for future gen <unk>. <unk>..",2025-10-14 20:44:53,2025-10-14 20:45:00,211
8049,Microsoft,Neutral,environmental commitments of @Microsoft... blogs.microsoft.com/on-the-issues/…,2025-10-14 20:44:53,2025-10-14 20:45:00,78
8049,Microsoft,Neutral,Environmental Commitments of @ Microsoft... blogs.microsoft.com / on-the-issues /...,2025-10-14 20:44:53,2025-10-14 20:45:00,84
8049,Microsoft,Neutral,Environmental commitments @ Microsoft... blo.micross.com / on-the-issues /...,2025-10-14 20:44:53,2025-10-14 20:45:00,77
8049,Microsoft,Neutral,environmental issues at @Microsoft... blogs.microsoft.com/on-the-issues/…,2025-10-14 20:44:53,2025-10-14 20:45:00,73
8049,Microsoft,Neutral,environmental conservation commitments are of @Microsoft... in blogs. or microsoft. com / on - and the - issues / …,2025-10-14 20:44:53,2025-10-14 20:45:00,115
8049,Microsoft,Neutral,other issues of 2011... or.microsoft.com/on-the-issues/...,2025-10-14 20:44:53,2025-10-14 20:45:00,58
8050,Microsoft,Negative,Windows 7 dies on the 14th Jan. Microsoft is displaying warning messages. Time to upgrade your business. We can help,2025-10-14 20:44:53,2025-10-14 20:45:00,118
8050,Microsoft,Negative,Windows 7 dies on January 14th Microsoft displays alerts. Time to update your company.,2025-10-14 20:44:53,2025-10-14 20:45:00,86
8050,Microsoft,Negative,Windows 7 dies on January 14 Microsoft sends out warning messages.,2025-10-14 20:44:53,2025-10-14 20:45:00,66
8050,Microsoft,Negative,Windows 7 dies on the 6 Jan. Microsoft is displaying warning messages. Time ta upgrade your business. We can help,2025-10-14 20:44:53,2025-10-14 20:45:00,113
8050,Microsoft,Negative,Windows 7 dies on the 14th in Jan. Microsoft is displaying some warning messages. Now Time to upgrade your software business. We can help,2025-10-14 20:44:53,2025-10-14 20:45:00,137
8050,Microsoft,Negative,Player 7 dies on Tuesday 14th Jan. Microsoft is displaying warning messages. Time to upgrade your business. We want help,2025-10-14 20:44:53,2025-10-14 20:45:00,120
8051,Microsoft,Negative,my microsoft office finally expired...rip for life .,2025-10-14 20:44:53,2025-10-14 20:45:00,53
8051,Microsoft,Negative,my microsoft office has finally expired... rip for life.,2025-10-14 20:44:53,2025-10-14 20:45:00,56
8051,Microsoft,Negative,My office microsoft has finally ceased to exist... to be torn apart for life.,2025-10-14 20:44:53,2025-10-14 20:45:00,77
8051,Microsoft,Negative,my microsoft office finally expired...rip for life Now,2025-10-14 20:44:53,2025-10-14 20:45:00,54
8051,Microsoft,Negative,my microsoft office card finally had expired... rip for life.,2025-10-14 20:44:53,2025-10-14 20:45:00,61
8051,Microsoft,Negative,my microsoft foundation template expired...rip for life.,2025-10-14 20:44:53,2025-10-14 20:45:00,56
8052,Microsoft,Negative,"Xbox: “no good exclusives, huh?”",2025-10-14 20:44:53,2025-10-14 20:45:00,32
8052,Microsoft,Negative,"Xbox: \"Not good exclusives, is it?\"",2025-10-14 20:44:53,2025-10-14 20:45:00,35
8052,Microsoft,Negative,"Xbox: \"No good exclusives, huh?\"",2025-10-14 20:44:53,2025-10-14 20:45:00,32
8052,Microsoft,Negative,"Xbox: “no good exclusives, guys?”",2025-10-14 20:44:53,2025-10-14 20:45:00,33
8052,Microsoft,Negative,"Xbox : “ got no good exclusives, though huh? ”",2025-10-14 20:44:53,2025-10-14 20:45:00,46
8052,Microsoft,Negative,"by: “no good exclusives, huh?”",2025-10-14 20:44:53,2025-10-14 20:45:00,30
8053,Microsoft,Negative,Donald Trump DEMANDING he get cut of TikTok deal if Microsoft buys it bbc.co.uk/news/business-…,2025-10-14 20:44:53,2025-10-14 20:45:00,95
8053,Microsoft,Negative,Donald Trump DEVELOPING that he will get the TikTok deal cut if Microsoft buys it bbc.co.uk / news / business-...,2025-10-14 20:44:53,2025-10-14 20:45:00,113
8053,Microsoft,Negative,Donald Trump has promised to cut a deal with Tesla if Microsoft buys it bbc.co.uk / news / business-...,2025-10-14 20:44:53,2025-10-14 20:45:00,103
8053,Microsoft,Negative,Donald Trump DEMANDING he get cut of TikTok deal but Microsoft stops it bbc.co.uk/news/business-…,2025-10-14 20:44:53,2025-10-14 20:45:00,97
8053,Microsoft,Negative,For Donald Trump DEMANDING he get cut short of TikTok deal if Microsoft eventually buys it by bbc. co. uk uk / news / business business - …,2025-10-14 20:44:53,2025-10-14 20:45:00,139
8053,Microsoft,Negative,a mogul DEMANDING he gets cut of TikTok deal if everyone buys Trump bbc.co.uk/news/business-...,2025-10-14 20:44:53,2025-10-14 20:45:00,95
8054,Microsoft,Neutral,"Struggling to find a job? Enroll in free courses by Microsoft, EY & Coursera to hone your skills google.com/url?rct=j&sa=t…",2025-10-14 20:44:53,2025-10-14 20:45:00,123
8054,Microsoft,Neutral,"Are you struggling to find a job? Take free courses from Microsoft, EY & Coursera to hone your skills google.com / url? rct = j & sa = t...",2025-10-14 20:44:53,2025-10-14 20:45:00,139
8054,Microsoft,Neutral,"Struggling to find a job? Enjoy in free courses by Microsoft, EY & Coursera to het your skills google.com / url? r = j & sa = t...",2025-10-14 20:44:53,2025-10-14 20:45:00,130
8054,Microsoft,Neutral,"Struggling to find a field? Get in free courses by Microsoft, EY & Coursera to hone technical expertise google.com/url?rct=j&sa=t…",2025-10-14 20:44:53,2025-10-14 20:45:00,130
8054,Microsoft,Neutral,"Struggling to find them a job? Enroll in three free courses by Google Microsoft, EY & Coursera to hone up your skills google. com / for url? File rct = 300 j & sa = 000 t …",2025-10-14 20:44:53,2025-10-14 20:45:00,172
8054,Microsoft,Neutral,"Struggling to find a niche? register with free applications by Microsoft, EY & Coursera to hone professional education google.com/url?rct=j&sa=t...",2025-10-14 20:44:53,2025-10-14 20:45:00,147
8055,Microsoft,Positive,special shoutouts to microsoft excel 2013,2025-10-14 20:44:54,2025-10-14 20:45:00,41
8055,Microsoft,Positive,Special calls to microsoft excel 2013,2025-10-14 20:44:54,2025-10-14 20:45:00,37
8055,Microsoft,Positive,special shouts to microsoft excel 2013,2025-10-14 20:44:54,2025-10-14 20:45:00,38
8055,Microsoft,Positive,special shoutouts to youth excel 2013,2025-10-14 20:44:54,2025-10-14 20:45:00,37
8055,Microsoft,Positive,special skills shoutouts based to microsoft excel 2013,2025-10-14 20:44:54,2025-10-14 20:45:00,54
8055,Microsoft,Positive,special shoutouts to microsoft c 2013,2025-10-14 20:44:54,2025-10-14 20:45:00,37
8056,Microsoft,Negative,What does that say about Microsoft hardware & software security - The Man gets hacked,2025-10-14 20:44:54,2025-10-14 20:45:00,85
8056,Microsoft,Negative,What Does That Say About Microsoft's Hardware & Software Security - The Man Gets Hacked,2025-10-14 20:44:54,2025-10-14 20:45:00,87
8056,Microsoft,Negative,What this says about Microsoft's hardware and software security - The Man get hacked,2025-10-14 20:44:54,2025-10-14 20:45:00,84
8056,Microsoft,Negative,What does that say about Microsoft hardware & software now - The Man gets hacked,2025-10-14 20:44:54,2025-10-14 20:45:00,80
8056,Microsoft,Negative,What really does that book say about Microsoft Software hardware & software security - The Man gets hacked,2025-10-14 20:44:54,2025-10-14 20:45:00,106
8056,Microsoft,Negative,What does that say about Microsoft hardware & other product - The Man gets hacked,2025-10-14 20:44:54,2025-10-14 20:45:00,81
8057,Microsoft,Negative,.  . /. . .  Can't rename private fields. .  updated issue. .  at 9:31:56 PM. github.com/microsoft/Type….,2025-10-14 20:44:54,2025-10-14 20:45:00,107
8057,Microsoft,Negative,.. /.. Cannot rename private fields.. updated edition.. at 21: 31: 56 hrs. github.com / microsoft / Type....,2025-10-14 20:44:54,2025-10-14 20:45:00,108
8057,Microsoft,Negative,.. /... Can't rename private fields.. updated issue.. at 9: 31: 56 PM github.com / microsoft / Type....,2025-10-14 20:44:54,2025-10-14 20:45:00,103
8057,Microsoft,Negative,. . /...  s find private fields..  updated issue. ¶  at 9:31:56 PM. github.com/microsoft/Type….,2025-10-14 20:44:54,2025-10-14 20:45:00,95
8057,Microsoft,Negative,.. /... and Can'e t rename private business fields.. updated this issue.. at 9 : 09 31 : 56 am PM. by github. com / microsoft / Type report ….,2025-10-14 20:44:54,2025-10-14 20:45:00,142
8057,Microsoft,Negative,.. /... hell't rename your folder.. gone on.. reached 9:31:56 pm. github.com/microsoft/Type....,2025-10-14 20:44:54,2025-10-14 20:45:00,95
8058,Microsoft,Negative,"Am I completely missing something, or does Apple News on Mac violate anti-trust laws in exactly the same way as Internet Explorer did on Microsoft Windows? I know @FTC doesn't like to bring actions...but c'mon!",2025-10-14 20:44:54,2025-10-14 20:45:00,210
8058,Microsoft,Negative,"Am I missing something completely, or is Apple News on the Mac violating antitrust laws just like Internet Explorer on Microsoft Windows? I know @ FTC doesn't like to sue... but c'mon!",2025-10-14 20:44:54,2025-10-14 20:45:00,184
8058,Microsoft,Negative,"Am I missing something, or is Apple News on Mac violating antitrust law just like Internet Explorer on Microsoft Windows? I know @ FTC doesn't like to sue... but c'mon!",2025-10-14 20:44:54,2025-10-14 20:45:00,168
8058,Microsoft,Negative,"Am I completely missing something, or should Apple News on Mac violate anti-trust laws basically exactly the same way as Internet Explorer did on Microsoft Windows? I know Steve doesn't like to bring down c'mon!",2025-10-14 20:44:54,2025-10-14 20:45:00,211
8058,Microsoft,Negative,"Am I completely missing something, or does Apple News on Mac violate anti - trust laws in exactly of the same way as Internet Explorer Adobe did them on Microsoft Microsoft Windows? I also know @FTC doesn's t like users to automatically bring actions... more but c'mon!",2025-10-14 20:44:54,2025-10-14 20:45:00,269
8058,Microsoft,Negative,"Am I completely missing something, or is Apple News your Mac use anti-trust laws in quite the same way as Internet Explorer did on Microsoft Mac? I guess @FTC doesn't like to criticize actions...but c'mon!",2025-10-14 20:44:54,2025-10-14 20:45:00,205
8059,Microsoft,Neutral,Microsoft Teams Suffers Outage As Demand Surges crn.com/news/cloud/mic…,2025-10-14 20:44:54,2025-10-14 20:45:00,73
8059,Microsoft,Neutral,Microsoft teams suffer outage due to increasing demand crn.com / news / cloud / mic...,2025-10-14 20:44:54,2025-10-14 20:45:00,86
8059,Microsoft,Neutral,Microsoft offers shutdown as demand jumps crn.com / news / cloud / mic...,2025-10-14 20:44:54,2025-10-14 20:45:00,73
8059,Microsoft,Neutral,Microsoft Teams Study Outage As Demand Surges Space.com/news/cloud/mic…,2025-10-14 20:44:54,2025-10-14 20:45:00,71
8059,Microsoft,Neutral,Microsoft Work Teams Suffers Outage As Main Demand Surges crn. com / trade news / cloud / full mic …,2025-10-14 20:44:54,2025-10-14 20:45:00,100
8059,Microsoft,Neutral,Microsoft BlackBerry Record Outage As Demand Surges in.com/news/cloud/mic...,2025-10-14 20:44:54,2025-10-14 20:45:00,76
8060,Microsoft,Neutral,"Tony Stark/ Iron man Exposed as PlayStation 5 \"Troll insider\" Lunatic.. . Xbox series x. PlayStation. Microsoft . Ps5 pic.twitter.com/GQllTlwY5B",2025-10-14 20:44:54,2025-10-14 20:45:00,144
8060,Microsoft,Neutral,"Tony Stark / Iron man Exposed as PlayStation 5 \"troll insider\" Lunatic... Xbox series x. PlayStation. Microsoft. Ps5 pic.twitter.com / GQllTlwY5B",2025-10-14 20:44:54,2025-10-14 20:45:00,145
8060,Microsoft,Neutral,"Tony / Iron Man Exposed as PlayStation 5 \"Troll Insider\" Lunatic... Xbox series x. PlayStation. Microsoft. Ps5 pic.wikipedia.com / GQllTlwY5B",2025-10-14 20:44:54,2025-10-14 20:45:00,141
8060,Microsoft,Neutral,"Tony Stark/ Iron man Exposed as PlayStation 5 \"Troll insider\" Lunatic.. . Xbox series x. PlayStation. Microsoft . Ps5 pic.twitter.com/GQllTlwY5B",2025-10-14 20:44:54,2025-10-14 20:45:00,144
8060,Microsoft,Neutral,"Source Tony Stark/ Iron man Exposed as PlayStation 5 \"Troll insider\" Lunatic.. . Xbox series x. PlayStation. Microsoft . Ps5 pic.twitter.com/GQllTlwY5B",2025-10-14 20:44:54,2025-10-14 20:45:00,151
8060,Microsoft,Neutral,can,2025-10-14 20:44:54,2025-10-14 20:45:00,3
8061,Microsoft,Neutral,Microsoft has numerous offerings that can help make your business run smoother. Take a look at what we can offer you:,2025-10-14 20:44:54,2025-10-14 20:45:00,120
8061,Microsoft,Neutral,Microsoft has numerous offers that can help your business run more smoothly. Take a look at what we can offer you:,2025-10-14 20:44:54,2025-10-14 20:45:00,114
8061,Microsoft,Neutral,Microsoft has many suggestions that can help make your business smoother.,2025-10-14 20:44:54,2025-10-14 20:45:00,73
8061,Microsoft,Neutral,Microsoft has numerous offerings that can help make your project run smoother. Take a look at some we can offer you:,2025-10-14 20:44:54,2025-10-14 20:45:00,116
8061,Microsoft,Neutral,Microsoft has hosted numerous business offerings that can really help make your business processes run smoother. Take a look at what we can offer you :,2025-10-14 20:44:54,2025-10-14 20:45:00,151
8061,Microsoft,Neutral,Microsoft has numerous products that can help make your business run smoother. Take a look at what they offer offer you:,2025-10-14 20:44:54,2025-10-14 20:45:00,120
8062,Microsoft,Negative,@FedExHelp can you plz check status of awb 392610366774 of @ficci_india . They are not updating status or some shipment problem . @Microsoft it's your shipment,2025-10-14 20:44:54,2025-10-14 20:45:00,159
8062,Microsoft,Negative,@ FedExHelp you can check the status of awb 392610366774 from @ ficci _ india. You are not updating the status or a shipment problem. @ Microsoft is your shipment.,2025-10-14 20:44:54,2025-10-14 20:45:00,163
8062,Microsoft,Negative,@ FedExHelp can you plz check status of awb 392610366774 of @ ficci _ india. They are not updating status or some shipping problem. @ Microsoft it's your shipping,2025-10-14 20:44:54,2025-10-14 20:45:00,162
8062,Microsoft,Negative,@FedExHelp can you plz check weight of awb 392610366774 of payload. They are not carrying status or some shipment problem. @ficci_india it's your command,2025-10-14 20:44:54,2025-10-14 20:45:00,153
8062,Microsoft,Negative,@FedExHelp now can let you download plz check status of awb 392610366774 copy of @ficci_india. They are not updating these status either or recording some shipment problem. @Microsoft have it's on your shipment,2025-10-14 20:44:54,2025-10-14 20:45:00,210
8062,Microsoft,Negative,you can easy plz check status of awb 392610366774 of @FedExHelp. We are also getting status or some customer information. @ficci_india it's your shipment,2025-10-14 20:44:54,2025-10-14 20:45:00,153
8063,Microsoft,Neutral,Microsoft just force restarted my Windows PC again to install more unwanted apps. theverge.com/2020/10/17/215…. Article URL: theverge.com/2020/10/17/215… Comments URL: https://news.ycomb,2025-10-14 20:44:54,2025-10-14 20:45:00,186
8063,Microsoft,Neutral,Microsoft has just restarted my Windows PC to install more unwanted applications. theverge.com / 2020 / 10 / 17 / 215.... Article URL: theverge.com / 2020 / 10 / 17 / 215... Comments URL: https: / / news.ycomb,2025-10-14 20:44:54,2025-10-14 20:45:00,209
8063,Microsoft,Neutral,Microsoft just force restored my Windows PC again to install all more unwanted apps. theverge.com / 2020 / 10 / 17 / 215.... Article URL: theverge.com / 2020 / 10 / 17 / 215... Comments URL: https: / / news.ycomb,2025-10-14 20:44:54,2025-10-14 20:45:00,212
8063,Microsoft,Neutral,Microsoft just force bit my old PC asking for install more unwanted apps. theverge.com/2020/10/17/215…. Article URL: theverge.com/2020/10/17/215… File URL: https://news.ycomb],2025-10-14 20:44:54,2025-10-14 20:45:00,175
8063,Microsoft,Neutral,Microsoft just force restarted my popular Windows PC ever again to install more potentially unwanted apps. For theverge. com / is 2020 / 01 10 / 17 / 215 or …. com Article URL : From theverge. com / 2020 / 10 / 17 / 215 … Comments on URL : https://news.ycomb ],2025-10-14 20:44:54,2025-10-14 20:45:00,260
8063,Microsoft,Neutral,Microsoft have because restarted my Windows PC again to install their annoying apps. Author.com/2020/10/17/215.... Article URL: theverge.com/2020/10/17/215... About [: X],2025-10-14 20:44:54,2025-10-14 20:45:00,170
8064,Microsoft,Positive,"Oxfam found that 17 of the top 25 most profitable US corporations, including Microsoft, Johnson & Johnson, Facebook, Pfizer, and Visa, are expected to make almost $85 billion more in 2020 than in previous years. . Small US companies are reporting their earnings have halved",2025-10-14 20:44:54,2025-10-14 20:45:00,273
8064,Microsoft,Positive,"Oxfam has found that 17 of the 25 most profitable US corporations, including Microsoft, Johnson & Johnson, Facebook, Pfizer, and Visa, are expected to earn nearly $85 billion more in 2020 than in previous years.",2025-10-14 20:44:54,2025-10-14 20:45:00,211
8064,Microsoft,Positive,"Oxfam found that 17 of the top 25 US corporations, including Microsoft, Johnson & Johnson, Facebook, Fazer, and Visa, are expected to earn nearly $85 billion more in 2020 than in previous years.",2025-10-14 20:44:54,2025-10-14 20:45:00,194
8064,Microsoft,Positive,"Oxfam found, 17 of these top 25 financially profitable US markets, including Microsoft, Johnson & Johnson, Facebook, Pfizer, and Visa, are expected to make almost $85 billion more in 2020 than in previous years.. Small US companies are reporting their earnings have l",2025-10-14 20:44:54,2025-10-14 20:45:00,267
8064,Microsoft,Positive,"Oxfam found that 17 of the top 25 most commercially profitable worldwide US corporations, including all Microsoft, Johnson & Johnson, Facebook, the Pfizer, Virgin and Visa, are collectively expected to make almost $ 85 billion more in March 2020 than do in previous years.. Small US financial companies are reporting their earnings targets have halved",2025-10-14 20:44:54,2025-10-14 20:45:00,351
8064,Microsoft,Positive,"Oxfam found report each of the top 17 most profitable US giants, including Microsoft, Bain & Johnson, Facebook, Pfizer, and Visa, are expected a make almost $85 billion more in 2020 that in previous years.. Small US companies are reporting their margins have halved",2025-10-14 20:44:54,2025-10-14 20:45:00,265
8065,Microsoft,Positive,100% Pre ordered. That is a sexy controller.,2025-10-14 20:44:54,2025-10-14 20:45:00,44
8065,Microsoft,Positive,100% pre-order. This is a sexy controller.,2025-10-14 20:44:54,2025-10-14 20:45:00,42
8065,Microsoft,Positive,100% Pre ordered.,2025-10-14 20:44:54,2025-10-14 20:45:00,17
8065,Microsoft,Positive,100% Pre ordered. That is a solid controller.,2025-10-14 20:44:54,2025-10-14 20:45:00,45
8065,Microsoft,Positive,To 100 % Pre ordered. That is a sexy stage controller.,2025-10-14 20:44:54,2025-10-14 20:45:00,54
8065,Microsoft,Positive,100% Pre ordered. That is a dream controller.,2025-10-14 20:44:54,2025-10-14 20:45:00,45
8066,Microsoft,Irrelevant,"I'm split between:. . a) Karma is a mother, Bill. . b) The minions stealing from the [comment censored by Open Society Foundation]",2025-10-14 20:44:54,2025-10-14 20:45:00,130
8066,Microsoft,Irrelevant,"I'm split into:... a) Karma is a mother, Bill... b) The minions steal from the [comment censored by the Open Society Foundation]",2025-10-14 20:44:54,2025-10-14 20:45:00,128
8066,Microsoft,Irrelevant,"I am divided between: a) Karma is a mother, Bill.. b) The henchmen steal from the Open Society Foundation [comment censored by the Open Society Foundation]",2025-10-14 20:44:54,2025-10-14 20:45:00,155
8066,Microsoft,Irrelevant,"I'm split between:.. a) Karma is a mother, Bill. And b) The minions derived from the [comment censored by Open Source Foundation]",2025-10-14 20:44:54,2025-10-14 20:45:00,129
8066,Microsoft,Irrelevant,"I'm basically split between :.. a ) Karma Johnson is a mother, to Bill.. b ) The online minions stealing from the [ public comment issue censored publicly by Open Society Foundation ]",2025-10-14 20:44:54,2025-10-14 20:45:00,183
8066,Microsoft,Irrelevant,"I'm split between:.. a) Karma is not comedy, Bill.. b) poor lady stealing from the [comment censored against Open Society Foundation]",2025-10-14 20:44:54,2025-10-14 20:45:00,133
8067,Microsoft,Neutral,"Microsoft RCE Vulnerabilities Affecting Windows, Windows Server - us-cert.gov/ncas/current-a…",2025-10-14 20:44:54,2025-10-14 20:45:00,93
8067,Microsoft,Neutral,"Microsoft RCE Vulnerabilities in Windows, Windows Server - us-cert.gov / ncas / current-a...",2025-10-14 20:44:54,2025-10-14 20:45:00,92
8067,Microsoft,Neutral,"Microsoft RCE vulnerabilities affecting Windows, Windows - us-ceregov / ncas / current-a...",2025-10-14 20:44:54,2025-10-14 20:45:00,91
8067,Microsoft,Neutral,"Microsoft RCE Vulnerabilities Affecting Windows, Linux Server Update us-cert.gov/ncas/current-a…",2025-10-14 20:44:54,2025-10-14 20:45:00,96
8067,Microsoft,Neutral,"Includes Microsoft RCE Other Vulnerabilities Affecting Microsoft Windows, Windows Office Server - us - the cert. gov / ncas / current - a html …",2025-10-14 20:44:54,2025-10-14 20:45:00,144
8067,Microsoft,Neutral,"Free RCE 2003 on Windows, Windows Server - At-cert.gov/ncas/current-a...",2025-10-14 20:44:54,2025-10-14 20:45:00,72
8068,Microsoft,Neutral,"New Titan Fall for Xbox One in Ebay UK Titanfall (Microsoft Xbox One, 2014) EA Games GREAT CONDITION! ift.tt/2sIQnOR https://t.co/AJEkO9d5dp",2025-10-14 20:44:54,2025-10-14 20:45:00,140
8068,Microsoft,Neutral,"New Titan Case for Xbox One on Ebay UK Titanfall (Microsoft Xbox One, 2014) EA Games GREAT CONDITION! ift.tt / 2sIQnOR https: / / t.co / AJEkO9d5dp",2025-10-14 20:44:54,2025-10-14 20:45:00,147
8068,Microsoft,Neutral,"New Titan Fall for Xbox One in Ebay UK Titanfall (Microsoft Xbox One, 2014) EA Games GREAT CONDITION! i.tt / 2sIQnOR https: / / co / AJO9d5dp",2025-10-14 20:44:54,2025-10-14 20:45:00,141
8068,Microsoft,Neutral,"New Titan Fall to Xbox Live on Ebay UK Titanfall (Microsoft Xbox LIVE, 2014) EA Games GREAT CONDITION! ift.tt/2sIQnOR https://t.co/AJEkO9d5dp]",2025-10-14 20:44:54,2025-10-14 20:45:00,142
8068,Microsoft,Neutral,"New Titan Fall for Xbox One revealed in 2017 Ebay TV UK Titanfall ( Microsoft Advanced Xbox First One, 2014 ) The EA Card Games GREAT THE CONDITION! ift. tt / 2sIQnOR of https://t.co/AJEkO9d5dp ]",2025-10-14 20:44:54,2025-10-14 20:45:00,195
8068,Microsoft,Neutral,"New Dark Fall for Xbox Wii For Ebay UK by (Microsoft Studio One, 2010) EA Games GREAT CONDITION! [[.tt/2sIQnOR https://t.co/AJEkO9d5dp]",2025-10-14 20:44:54,2025-10-14 20:45:00,135
8069,Microsoft,Positive,Bought a fraction of Microsoft today. Small wins.,2025-10-14 20:44:54,2025-10-14 20:45:00,49
8069,Microsoft,Positive,Buys a fraction of Microsoft today.,2025-10-14 20:44:54,2025-10-14 20:45:00,35
8069,Microsoft,Positive,Bought Microsoft today. Small winnings.,2025-10-14 20:44:54,2025-10-14 20:45:00,39
8069,Microsoft,Positive,Bought a fraction of Microsoft Office. Small wins.,2025-10-14 20:44:54,2025-10-14 20:45:00,50
8069,Microsoft,Positive,Bought a fraction of their Microsoft today. Greg Small wins.,2025-10-14 20:44:54,2025-10-14 20:45:00,60
8069,Microsoft,Positive,Bought a fraction of those today. Small wins.,2025-10-14 20:44:54,2025-10-14 20:45:00,45
8070,Microsoft,Neutral,Phishing Attack Targets Microsoft 365 Users With Netflix & Amazon Lures buff.ly/3cI6azU https://t.co/1S3foBEn15,2025-10-14 20:44:54,2025-10-14 20:45:00,111
8070,Microsoft,Neutral,Phishing attack on Microsoft 365 users with Netflix & Amazon lures buff.ly / 3cI6azU https: / / t.co / 1S3foBEn15,2025-10-14 20:44:54,2025-10-14 20:45:00,113
8070,Microsoft,Neutral,Phishing attacks target Microsoft 365 users with Netflix and Amazon Lures buff.ly / 3cI6azU https: / / www.co / 1S3foBEn15,2025-10-14 20:44:54,2025-10-14 20:45:00,122
8070,Microsoft,Neutral,Phishing Attack Targets Microsoft SQL Database With Netflix & Amazon Lures buff.ly/3cI6azU https://t.co/1S3foBEn15],2025-10-14 20:44:54,2025-10-14 20:45:00,115
8070,Microsoft,Neutral,Phishing Attack TV Targets Microsoft Xbox 365 Users With iTunes Netflix & Amazon Amazon Group Lures buff. a ly / 3cI6azU https://t.co/1S3foBEn15 ],2025-10-14 20:44:54,2025-10-14 20:45:00,146
8070,Microsoft,Neutral,In Attack Targets Of 365 Users With iTunes & Amazon By buff.ly/3cI6azU https://t.co/1S3foBEn15],2025-10-14 20:44:54,2025-10-14 20:45:00,95
8071,Microsoft,Neutral,Microsoft Cracks Infrastructure of Infamous Necurs Botnet j.mp/2IzVYei,2025-10-14 20:44:54,2025-10-14 20:45:00,70
8071,Microsoft,Neutral,Microsoft cracks down on the notorious Nectar botnet j.mp / 2IzVYei,2025-10-14 20:44:54,2025-10-14 20:45:00,67
8071,Microsoft,Neutral,Microsoft shuts down controversial botnet Necurs j.mp / 2IzVYei,2025-10-14 20:44:54,2025-10-14 20:45:00,63
8071,Microsoft,Neutral,Microsoft Cracks Infrastructure with Infamous Necurs Botnet 3.mp/2IzVYei,2025-10-14 20:44:54,2025-10-14 20:45:00,72
8071,Microsoft,Neutral,2018 Microsoft Cracks Test Infrastructure Database of Infamous Necurs Botnet Research j. mp / for 2IzVYei,2025-10-14 20:44:54,2025-10-14 20:45:00,105
8071,Microsoft,Neutral,net Cracks Infrastructure For Infamous Server Botnet j.mp/2IzVYei,2025-10-14 20:44:54,2025-10-14 20:45:00,65
8072,Microsoft,Neutral,"Bill Gates Sr Is Dead. Microsoft Co-Founder, Bill Gates' Father Dies.. . Details: forum.seaija.in/index.php?topi…. .",2025-10-14 20:44:54,2025-10-14 20:45:00,118
8072,Microsoft,Neutral,Bill Gates Sr. is dead. Microsoft co-founder Bill Gates' father dies... Details: forum.seaija.in / index.php? topi.....,2025-10-14 20:44:54,2025-10-14 20:45:00,119
8072,Microsoft,Neutral,"Bill Gates Sr. is dead. Microsoft co-owner, father of Bill Gates. Details: forum.seaija.in / index.php? topi....",2025-10-14 20:44:54,2025-10-14 20:45:00,112
8072,Microsoft,Neutral,"Bill Gates Sr<unk> Dead. Microsoft Co-Founder, Diane Gates' Father Dies.. Story Details: forum.seaija.in/index.php?topi…..",2025-10-14 20:44:54,2025-10-14 20:45:00,122
8072,Microsoft,Neutral,"Bill Allen Gates How Sr Is Dead. Microsoft Magazine Co - The Founder, 2006 Bill Gates'Father Dies... Details : Wikipedia forum. seaija. in / index. end php? topi 1 …..",2025-10-14 20:44:54,2025-10-14 20:45:00,167
8072,Microsoft,Neutral,"Barack Gates Sr The President. Microsoft Co-Founder, Hillary Gates' brother Jason... Details: forum.seaija.in/index.php?topi.....",2025-10-14 20:44:54,2025-10-14 20:45:00,129
8073,Microsoft,Neutral,Shared via Microsoft Edge: Petulent child in full asshole mode bing.com/images/search?…,2025-10-14 20:44:54,2025-10-14 20:45:00,87
8073,Microsoft,Neutral,Shared via Microsoft Edge: Blooming kid in full asshole mode bing.com / images / search?...,2025-10-14 20:44:54,2025-10-14 20:45:00,91
8073,Microsoft,Neutral,Shared via Microsoft Edge: Petulent child in full asshole mode bing.com / images / search?...,2025-10-14 20:44:54,2025-10-14 20:45:00,93
8073,Microsoft,Neutral,Shared via Microsoft Edge: Petulent fruits in full display mode bing.com/images/search?…,2025-10-14 20:44:54,2025-10-14 20:45:00,88
8073,Microsoft,Neutral,Shared via Microsoft Edge : Petulent and child name in full title asshole mode bing. com / images / html search? …,2025-10-14 20:44:54,2025-10-14 20:45:00,114
8073,Microsoft,Neutral,Getting Through Microsoft Edge: Petulent child in web explorer mode bing.com/images/search?...,2025-10-14 20:44:54,2025-10-14 20:45:00,94
8074,Microsoft,Negative,Boys microsoft sadly won the war. I didn't know Siny supported BTS. (This is a joke in case your brain dead),2025-10-14 20:44:54,2025-10-14 20:45:00,108
8074,Microsoft,Negative,I didn't know Siny supported BTS. (This is a joke in case your brain is dead.),2025-10-14 20:44:54,2025-10-14 20:45:00,78
8074,Microsoft,Negative,"The microsoft boys, unfortunately, won the war. I didn't know that Seeney supported BTS. (It's a joke in case your brain is dead)",2025-10-14 20:44:54,2025-10-14 20:45:00,129
8074,Microsoft,Negative,Boys microsoft always won the war. I didn't know Siny supported them. (This is the joke in case your brain dead),2025-10-14 20:44:54,2025-10-14 20:45:00,112
8074,Microsoft,Negative,Boys microsoft sadly they won the bidding war. I always didn't know Siny supported BTS. ( This shit is a joke that in a case your brain dead ),2025-10-14 20:44:54,2025-10-14 20:45:00,142
8074,Microsoft,Negative,are microsoft sadly won the election. I didn't know but supported you. (This is a joke in case your brain dead),2025-10-14 20:44:54,2025-10-14 20:45:00,111
8075,Microsoft,Neutral,Microsoft Edge Is Now More Popular Than Firefox | Digital Trends blogdady.com/microsoft-edge… https://t.co/BwW51bJWaf,2025-10-14 20:44:54,2025-10-14 20:45:00,117
8075,Microsoft,Neutral,Microsoft Edge is now more popular than Firefox | Digital Trends blogdady.com / microsoft-edge... https: / / t.co / BwW51bJWaf,2025-10-14 20:44:54,2025-10-14 20:45:00,126
8075,Microsoft,Neutral,Microsoft Edge is now more Popular Than Firefox Digital Trends blogdy.com / microsoft-edge... https: / / www.co / BwW51bJWaf,2025-10-14 20:44:54,2025-10-14 20:45:00,124
8075,Microsoft,Neutral,Microsoft Edge Is Now More Popular Then Firefox | Web Trends blogdady.com/microsoft-edge… https://t.co/BwW51bJWaf],2025-10-14 20:44:54,2025-10-14 20:45:00,114
8075,Microsoft,Neutral,A Microsoft Edge Is Now More... Popular Than Android Firefox | a Digital Trends blogdady. About com / microsoft - edge … The https://t.co/BwW51bJWaf ],2025-10-14 20:44:54,2025-10-14 20:45:00,150
8075,Microsoft,Neutral,Microsoft Edge Is Sound More Popular Like Firefox | Consumer Trends Survey.com/microsoft-edge... https://t.co/BwW51bJWaf],2025-10-14 20:44:54,2025-10-14 20:45:00,121
8076,Microsoft,Negative,"***Don't use Windows 10 - It's a privacy nightmare***. . don't use any microsoft windows, they're all a nightmare.. . privacytools.io/operating-syst…",2025-10-14 20:44:54,2025-10-14 20:45:00,149
8076,Microsoft,Negative,"* * * Don't use Windows 10 - it's a privacy nightmare * * *. Don't use Microsoft windows, they're all a nightmare... privacytools.io / operating-syst...",2025-10-14 20:44:54,2025-10-14 20:45:00,152
8076,Microsoft,Negative,"* * * Don't use Windows 10 - It's a privacytools * * *.. don't use any microsoft windows, they're all a nightmare... privacytools.io / operating-syst...",2025-10-14 20:44:54,2025-10-14 20:45:00,152
8076,Microsoft,Negative,"***Don't use Windows Registry. It's a privacy trap.. don't use any microsoft windows, they're causing a nightmare... privacytools.io/operating-syst…",2025-10-14 20:44:54,2025-10-14 20:45:00,148
8076,Microsoft,Negative,"* * * Don't first use Microsoft Windows Mac 10 - It's such a privacy nightmare * * *.. don'at t even use any automated microsoft windows, yet they'em re all a nightmare... open privacytools. io / operating - syst …",2025-10-14 20:44:54,2025-10-14 20:45:00,214
8076,Microsoft,Negative,"***Don't trust Windows 10 - that's a privacy nightmare***.. Don't use any new windows, they're also intelligence nightmare... install.io/operating-syst...",2025-10-14 20:44:54,2025-10-14 20:45:00,154
8077,Microsoft,Positive,Edge Chromium is good news for privacy-conscious folks. The built-in privacy controls will give Microsoft an edge over Google. Find out more: retaildirect.co.uk/blog/microsoft…. .,2025-10-14 20:44:54,2025-10-14 20:45:00,181
8077,Microsoft,Positive,Edge Chromium is good news for privacy-conscious people. The built-in privacy controls give Microsoft an edge over Google. For more information: retaildirect.co.uk / blog / microsoft.....,2025-10-14 20:44:54,2025-10-14 20:45:00,187
8077,Microsoft,Positive,Edge Chromium is good news for people who care about privacy. Embedded privacy management will give Microsoft an edge over Google. Learn more: www.ildirect.co.uk / blog / microsoft....,2025-10-14 20:44:54,2025-10-14 20:45:00,184
8077,Microsoft,Positive,Edge Chromium contains good news for privacy-conscious folks. The built-in privacy controls will allow Microsoft an edge inside Google. Check out more: retaildirect.co.uk/blog/microsoft…..,2025-10-14 20:44:54,2025-10-14 20:45:00,188
8077,Microsoft,Positive,Edge Chromium 2013 is good news for Japanese privacy - conscious technology folks. The built - ups in privacy and controls technologies will eventually give Microsoft an industrial edge over Google. Find out more : retaildirect. a co. uk / blog / microsoft …..,2025-10-14 20:44:54,2025-10-14 20:45:00,260
8077,Microsoft,Positive,Edge Chromium strikes good news with budget-conscious folks. Four built-in privacy controls will give Microsoft that edge for Google. Find out online: retaildirect.co.uk/blog/microsoft.....,2025-10-14 20:44:54,2025-10-14 20:45:00,189
8078,Microsoft,Positive,I Love Microsoft paint lol close enough ey pic.twitter.com/jvhE2PoCAb,2025-10-14 20:44:54,2025-10-14 20:45:00,69
8078,Microsoft,Positive,I Love Microsoft paint lol close enough ey pic.twitter.com / jvhE2PoCAb,2025-10-14 20:44:54,2025-10-14 20:45:00,71
8078,Microsoft,Positive,I Love Microsoft paint lol enough pic.wikipedia.org / jvhE2PoCE,2025-10-14 20:44:54,2025-10-14 20:45:00,63
8078,Microsoft,Positive,I Love Microsoft paint lol close enough ey pic.twitter.com/jvhE2PoCAb,2025-10-14 20:44:54,2025-10-14 20:45:00,69
8078,Microsoft,Positive,A I Love Microsoft paint lol close enough ey pic.twitter.com/jvhE2PoCAb,2025-10-14 20:44:54,2025-10-14 20:45:00,71
8078,Microsoft,Positive,this,2025-10-14 20:44:54,2025-10-14 20:45:00,4
8079,Microsoft,Positive,had a lovely day breaking my windows profile and now getting up banned by 1password because microsoft authenticator ate my credentials after iOS restore thanks @Microsoft,2025-10-14 20:44:54,2025-10-14 20:45:00,170
8079,Microsoft,Positive,had a nice day when I broke my Windows profile and now got up banned with 1password because microsoft authenticator verified my credentials after iOS recovery thanks to @ Microsoft,2025-10-14 20:44:54,2025-10-14 20:45:00,180
8079,Microsoft,Positive,had a great day smashing my window profile and now get up under the 1password ban because the microsoft authenticator ate ate my credentials after restoring iOS thanks @ Microsoft,2025-10-14 20:44:54,2025-10-14 20:45:00,179
8079,Microsoft,Positive,had a lovely day breaking out windows profile and now getting up protected by 1password because microsoft authenticator ate my credentials after iOS 5 thanks @Microsoft,2025-10-14 20:44:54,2025-10-14 20:45:00,168
8079,Microsoft,Positive,So had a lovely day without breaking my windows profile and since now getting penned up was banned by 1password because microsoft app authenticator ate my credentials after iOS restore thanks @Microsoft,2025-10-14 20:44:54,2025-10-14 20:45:00,202
8079,Microsoft,Positive,had a lovely day breaking my windows profile and now back up later by 1password because their authenticator ate my credentials after iOS restore me for,2025-10-14 20:44:54,2025-10-14 20:45:00,151
8080,Microsoft,Neutral,Videogame companies don't respect us at all anymore:. . Sony: we made y'all a wifi router. . Microsoft: come buy this mini fridge. . Nintendo: nigga fuck you. We taking half the pokemon out of pokemon. Play with this $85 cardboad box pic.twitter.com/pfw3iqrsiA,2025-10-14 20:44:54,2025-10-14 20:45:00,260
8080,Microsoft,Neutral,"Video game companies no longer respect us at all:.. Sony: We've made y'all a wifi router.. Microsoft: Come, buy this mini fridge... Nintendo: nigga fuck you. We'll take half of the Pokemon out of the Pokemon. Play with this $85 Cardboad Box pic.twitter.com / pfw3iqrsiA",2025-10-14 20:44:54,2025-10-14 20:45:00,269
8080,Microsoft,Neutral,Gaming companies no longer respect us at all: Sony: we've made a wireless router.... Microsoft: come buy this mini fridge.... Nintendo: nigga fuck you. We take half of the Pokémon out of the Pokémon. Play with this $85 cardboard box pic.facebook.com / w3iqrsiA,2025-10-14 20:44:54,2025-10-14 20:45:00,260
8080,Microsoft,Neutral,Videogame companies don't respect us at all anymore:. . Sony: we made y'all a wifi router. . Microsoft: come buy this mini fridge. . Nintendo: nigga fuck you. We taking half the pokemon out of pokemon. Play with this $85 cardboad box pic.twitter.com/pfw3iqrsiA,2025-10-14 20:44:54,2025-10-14 20:45:00,260
8080,Microsoft,Neutral,1 Videogame companies don't respect us at all anymore:. . Sony: we made y'all a wifi router. . Microsoft: come buy this mini fridge. . Nintendo: nigga fuck you. We taking half the pokemon out of pokemon. Play with this $85 cardboad box pic.twitter.com/pfw3iqrsiA,2025-10-14 20:44:54,2025-10-14 20:45:00,262
8080,Microsoft,Neutral,as,2025-10-14 20:44:54,2025-10-14 20:45:00,2
8081,Microsoft,Irrelevant,"Only I would be banned from Microsoft the day cross-play and cross-friends come out, only me.",2025-10-14 20:44:54,2025-10-14 20:45:00,93
8081,Microsoft,Irrelevant,"Only I would be banned from Microsoft on the day cross-play and cross-friends come out, only me.",2025-10-14 20:44:54,2025-10-14 20:45:00,96
8081,Microsoft,Irrelevant,"Only I will be banned from working at Microsoft on the day the cross-game and cross-friends come out, only me.",2025-10-14 20:44:54,2025-10-14 20:45:00,110
8081,Microsoft,Irrelevant,"Only nobody would be banned from Microsoft the day cross-play and pseudo-friends come out, only me.",2025-10-14 20:44:54,2025-10-14 20:45:00,99
8081,Microsoft,Irrelevant,"So Only I would be banned from Microsoft the day cross - play friends and cross - friends could come out, only just me.",2025-10-14 20:44:54,2025-10-14 20:45:00,119
8081,Microsoft,Irrelevant,"Only me would say banned from Microsoft the day cross-play and text-friends come out, only me.",2025-10-14 20:44:54,2025-10-14 20:45:00,94
8082,Microsoft,Irrelevant,"If you get an email from billingdepartment.ustech@gmail.com saying your Microsoft Surface order is ready, and inviting you to call them if you want to cancel the order, be advised that it's a scam, so don't fall for it!",2025-10-14 20:44:54,2025-10-14 20:45:00,221
8082,Microsoft,Irrelevant,"If you receive an email from billingdepartment.ustech @ gmail.com that your Microsoft Surface order is ready, and you are asked to call it if you want to cancel the order, you will be advised that it is a scam, so don't fall for it!",2025-10-14 20:44:54,2025-10-14 20:45:00,232
8082,Microsoft,Irrelevant,"If you receive an e-mail from billingment.ustech @ gmail.com informing you that your Microsoft Surface order is ready and inviting you to call them if you want to cancel your order, be sure that it is a fraud, so don't fall for it!",2025-10-14 20:44:54,2025-10-14 20:45:00,231
8082,Microsoft,Irrelevant,"If you get any email from billingdepartment.ustech@gmail.com saying your Microsoft Surface tablet is ready, and inviting you to tell them if you want or review the order, be advised that it's a scam, so don't fall for it!",2025-10-14 20:44:54,2025-10-14 20:45:00,221
8082,Microsoft,Irrelevant,"If you may get yourself an interesting email from a billingdepartment. com ustech@gmail. com saying this your Microsoft Surface order is ready, and inviting you to call them if really you want to cancel the order, so be advised that it's a scam,... so I don't fall for it!",2025-10-14 20:44:54,2025-10-14 20:45:00,272
8082,Microsoft,Irrelevant,"If you see an email to billingdepartment.ustech@gmail.com saying your Microsoft Surface order comes ready, and urging Microsoft to call them if you want also cancel the order, be assured that its's a scam, so don't fall for it!",2025-10-14 20:44:54,2025-10-14 20:45:00,227
8083,Microsoft,Negative,Dumbasses.,2025-10-14 20:44:54,2025-10-14 20:45:00,10
8083,Microsoft,Negative,Dumb.,2025-10-14 20:44:54,2025-10-14 20:45:00,5
8083,Microsoft,Negative,Dumbasses.,2025-10-14 20:44:54,2025-10-14 20:45:00,10
8083,Microsoft,Negative,Dumbasses.,2025-10-14 20:44:54,2025-10-14 20:45:00,10
8083,Microsoft,Negative,In Dumbasses.,2025-10-14 20:44:54,2025-10-14 20:45:00,13
8083,Microsoft,Negative,Magazine.,2025-10-14 20:44:54,2025-10-14 20:45:00,9
8084,Microsoft,Negative,"i've been using typescript for 30 minutes and i'm already caught between two different syntax forms which appear to be the only way of accomplishing what i want but both cause different error messages. . so, definitely a microsoft product",2025-10-14 20:44:54,2025-10-14 20:45:00,238
8084,Microsoft,Negative,"I have been using typescript for 30 minutes and am already caught between two different forms of syntax, which seem to be the only way to get what I want, but both cause different error messages.... so definitely a Microsoft product.",2025-10-14 20:44:54,2025-10-14 20:45:00,233
8084,Microsoft,Negative,"I've been using the script for 30 minutes and I'm already stuck between two different syntax forms that seem to be the only way to get what I want, but both cause different error messages... so definitely a microsoft product",2025-10-14 20:44:54,2025-10-14 20:45:00,224
8084,Microsoft,Negative,"i've been using typescript for 30 years and i'm already caught between these different syntax forms i appear might be the only way of accomplishing what i want but both cause different error messages.. so, definitely a microsoft product",2025-10-14 20:44:54,2025-10-14 20:45:00,236
8084,Microsoft,Negative,"i've been using my typescript analysis for 30 minutes and i'm already caught in between two really different syntax forms which appear to to be the only way though of accomplishing what that i want but also both cause different error messages.. so, definitely using a microsoft source product",2025-10-14 20:44:54,2025-10-14 20:45:00,292
8084,Microsoft,Negative,"i've been using typescript to 30 days and i'm completely caught between two different syntax extensions which seem and be the only way of creating what i want but both cause different error messages.. so, definitely a microsoft product",2025-10-14 20:44:54,2025-10-14 20:45:00,235
8085,Microsoft,Neutral,.  Microsoft Word now flags two spaces after a period as an error - The Verge buff.ly/3aBbXVg https://t.co/cLumLOLeye,2025-10-14 20:44:54,2025-10-14 20:45:00,117
8085,Microsoft,Neutral,. Microsoft Word now marks two spaces after a dot as an error - The Verge buff.ly / 3aBbXVg https: / / t.co / cLumLOLeye,2025-10-14 20:44:54,2025-10-14 20:45:00,120
8085,Microsoft,Neutral,Microsoft Word now marks two spaces after the period as an error - The Verge buff.ly / 3aBbXVg https: / / co / cLumLOLeye,2025-10-14 20:44:54,2025-10-14 20:45:00,121
8085,Microsoft,Neutral,.  Microsoft Cortana now flags missing spaces AND a period as an error - The Verge buff.ly/3aBbXVg https://t.co/cLumLOLeye],2025-10-14 20:44:54,2025-10-14 20:45:00,123
8085,Microsoft,Neutral,. on Microsoft Code Word now all flags changes two spaces away after a period as an error - The Last Verge File buff. ly / 3aBbXVg https://t.co/cLumLOLeye ],2025-10-14 20:44:54,2025-10-14 20:45:00,156
8085,Microsoft,Neutral,. Microsoft Word now marks electronic documents for a period as an error - [ Verge buff.ly/3aBbXVg https://t.co/cLumLOLeye],2025-10-14 20:44:54,2025-10-14 20:45:00,123
8086,Microsoft,Negative,Microsoft Azure went down today probably why.,2025-10-14 20:44:54,2025-10-14 20:45:00,45
8086,Microsoft,Negative,Microsoft Azure probably went down today because of that.,2025-10-14 20:44:54,2025-10-14 20:45:00,57
8086,Microsoft,Negative,"Microsoft Azure fell today, probably why.",2025-10-14 20:44:54,2025-10-14 20:45:00,41
8086,Microsoft,Negative,Microsoft Azure went down today probably unsurprisingly.,2025-10-14 20:44:54,2025-10-14 20:45:00,56
8086,Microsoft,Negative,That Microsoft Azure went down today probably why.,2025-10-14 20:44:54,2025-10-14 20:45:00,50
8086,Microsoft,Negative,Microsoft Azure went away today probably why.,2025-10-14 20:44:54,2025-10-14 20:45:00,45
8087,Microsoft,Positive,It's been two weeks since I started using @Microsoft365 and I am really impressed with the suite of products Microsoft had weaved together. Special mention to Microsoft Editor that works so well (and in a few ways better than Grammarly),2025-10-14 20:44:54,2025-10-14 20:45:00,236
8087,Microsoft,Positive,"It's been two weeks since I started @ Microsoft365 and I'm really impressed with the range of products Microsoft has woven together. Special mention should be given to the Microsoft Editor, which works so well (and in some respects better than Grammarly).",2025-10-14 20:44:54,2025-10-14 20:45:00,255
8087,Microsoft,Positive,"It's been two weeks since I started using @ Bentley 365, and I'm very impressed with the set of products that Microsoft has put together.",2025-10-14 20:44:54,2025-10-14 20:45:00,137
8087,Microsoft,Positive,It's been two weeks since I started using it and I am really impressed with the suite including software Marc had weaved together. Special mention to Microsoft Editor that works so well (and in a few ways better than Grammarly),2025-10-14 20:44:54,2025-10-14 20:45:00,227
8087,Microsoft,Positive,Jeff It's been two weeks since I started using My @Microsoft365 and so I am really impressed here with the huge suite of application products from Microsoft had weaved together. Special special mention to Microsoft Visual Editor that works so well ( and in a sad few ways better than Grammarly ),2025-10-14 20:44:54,2025-10-14 20:45:00,295
8087,Microsoft,Positive,It's been two weeks since I started using @Microsoft365 then I am really satisfied with the suite of products Microsoft had weaved around. Special mention is Microsoft Academy that works so well (and some surprisingly few ways better than Grammarly),2025-10-14 20:44:54,2025-10-14 20:45:00,249
8088,Microsoft,Neutral,2020 Microsoft Partner of the Year Africa Award Winners.,2025-10-14 20:44:54,2025-10-14 20:45:00,58
8088,Microsoft,Neutral,Winner of the Microsoft Partner of the Year Africa Award 2020.,2025-10-14 20:44:54,2025-10-14 20:45:00,62
8088,Microsoft,Neutral,The Microsoft Africa of the Year Award in 2020.,2025-10-14 20:44:54,2025-10-14 20:45:00,47
8088,Microsoft,Neutral,2020 Microsoft Man of the Year Africa Award Winners.,2025-10-14 20:44:54,2025-10-14 20:45:00,52
8088,Microsoft,Neutral,2017 2020 Microsoft Partner of for the Year Africa Award Winners.,2025-10-14 20:44:54,2025-10-14 20:45:00,65
8088,Microsoft,Neutral,2020 Microsoft Developer of the Year Africa Award Winners.,2025-10-14 20:44:54,2025-10-14 20:45:00,58
8089,Microsoft,Neutral,Microsoft exec Brad is fixing this huge bug with 'Surgeons Inc.',2025-10-14 20:44:54,2025-10-14 20:45:00,64
8089,Microsoft,Neutral,"Microsoft exec Brad fixes this huge bug with \"Surgeons Inc.\"",2025-10-14 20:44:54,2025-10-14 20:45:00,60
8089,Microsoft,Neutral,Microsoft exec Brad is fixing this huge bug with 'Surgeons Inc'.,2025-10-14 20:44:54,2025-10-14 20:45:00,64
8089,Microsoft,Neutral,Microsoft exec reportedly is fixing this huge bug with 'Surgeons Inc.',2025-10-14 20:44:54,2025-10-14 20:45:00,70
8089,Microsoft,Neutral,Microsoft exec Brad is just fixing this... huge bug with'Dental Surgeons Inc. ',2025-10-14 20:44:54,2025-10-14 20:45:00,79
8089,Microsoft,Neutral,Microsoft exec Brad Bird fixing this huge bug on 'Surgeons Inc.',2025-10-14 20:44:54,2025-10-14 20:45:00,64
8090,Microsoft,Positive,Adobe has a 35-year history of delivering great digital experiences. Where did it turn when it came time to modernize its IT infrastructure?,2025-10-14 20:44:54,2025-10-14 20:45:00,142
8090,Microsoft,Positive,"With a 35-year history of delivering great digital experiences, where did Adobe go when it came time to modernize its IT infrastructure?",2025-10-14 20:44:54,2025-10-14 20:45:00,136
8090,Microsoft,Positive,Adobe has a 35-year history of providing a huge digital experience.,2025-10-14 20:44:54,2025-10-14 20:45:00,67
8090,Microsoft,Positive,Adobe has this 35-year history of delivering great digital experiences. Where did it turn whenever it came time to modernize its IT infrastructure?,2025-10-14 20:44:54,2025-10-14 20:45:00,147
8090,Microsoft,Positive,Adobe has compiled a 35 - year history of businesses delivering great digital experiences. Where did it finally turn when when it came time to fully modernize its IT infrastructure?,2025-10-14 20:44:54,2025-10-14 20:45:00,181
8090,Microsoft,Positive,Adobe has a 35-year history by delivering exceptional digital storytelling. Where did it turn when it came time to modernize its IT infrastructure?,2025-10-14 20:44:54,2025-10-14 20:45:00,147
8091,Microsoft,Positive,So proud of Team Microsoft Taiwan! @MicrosoftTaiwan . . Really good to see how Teams and OneNote - two of my favourite Microsoft things making an impact in the lives of students and teachers anywhere everywhere. . . youtube.com/watch?v=IPw8_o…. . @MicrosoftEDU @MicrosoftTeams @OneNoteEDU,2025-10-14 20:44:54,2025-10-14 20:45:00,288
8091,Microsoft,Positive,So proud of Team Microsoft Taiwan! @ MicrosoftTaiwan.. Really good to see how teams and OneNote - two of my favorite Microsoft things that have an impact throughout the lives of students and teachers... youtube.com / watch? v = IPw8 _ o..... @ MicrosoftEDU @ MicrosoftTeams @ OneNoteEDU,2025-10-14 20:44:54,2025-10-14 20:45:00,286
8091,Microsoft,Positive,So proud of the Microsoft Taiwan team! @ Fancy Taiwan.. Great to see and OneNote are two of my favorite Microsoft things affecting the lives of students and teachers everywhere... youtube.com / watch? v = IPw8 _ o..... @ Fancy EDU @ Fancy Taiwan! @ OneNoteEDU,2025-10-14 20:44:54,2025-10-14 20:45:00,259
8091,Microsoft,Positive,So proud you Team Microsoft Taiwan! @MicrosoftTaiwan.. Really good to see how Teams did OneNote - two of my favourite Microsoft things making an infusion in the lives of students and teachers almost everywhere..... youtube.com/watch?v=IPw8_o…... @MicrosoftEDU @MicrosoftTeams,2025-10-14 20:44:54,2025-10-14 20:45:00,275
8091,Microsoft,Positive,So proud of Team or Microsoft in Taiwan! @MicrosoftTaiwan.. Really some good people to come see how Teams and OneNote - two of my favourite Microsoft things as making an immediate impact in the lives today of students and teachers anywhere everywhere... youtube. dot com / watch? id v = IPw8 _ o ….. @MicrosoftEDU @MicrosoftTeams @OneNoteEDU,2025-10-14 20:44:54,2025-10-14 20:45:00,341
8091,Microsoft,Positive,So proud by Team Microsoft today! @MicrosoftTaiwan.. Really good to see how Excel and OneNote - two in my key Microsoft services making an impact in their future of students and teachers just everywhere... youtube.com/watch?v=IPw8_o..... @MicrosoftEDU @MicrosoftTeams in,2025-10-14 20:44:54,2025-10-14 20:45:00,270
8092,Microsoft,Negative,"I seriously hope Twitter doesn't go  harassing and cancelling Sakurai for allow Minecraft Steve in Smash. Just to let you all know, that the creator is not getting a fucking cent out this. Everything Minecraft related is owned by Mojang and Microsoft.",2025-10-14 20:44:54,2025-10-14 20:45:00,251
8092,Microsoft,Negative,I sincerely hope that Twitter doesn't bother and cancel Sakurai for Minecraft Steve in Smash. Just to let you all know that the creator doesn't get a damn penny from this thing. Everything to do with Minecraft belongs to Mojang and Microsoft.,2025-10-14 20:44:54,2025-10-14 20:45:00,242
8092,Microsoft,Negative,I very much hope that Twitter will not cheat and cancel Sakurai in order to let Minecraft Steve in Smash. just so you all know that the creator doesn't get a cent for it. Everything about Minecraft belongs to Mojang and Microsoft.,2025-10-14 20:44:54,2025-10-14 20:45:00,230
8092,Microsoft,Negative,"I seriously hope Twitter doesn't go  harassing and cancelling Sakurai for allow Minecraft Steve in Smash. Just to let you all beware, that the press is not getting a fucking story out this. Everything Minecraft did is owned by Mojang since Microsoft.",2025-10-14 20:44:54,2025-10-14 20:45:00,250
8092,Microsoft,Negative,"I seriously hope you Twitter doesn't go out harassing and cancelling Sakurai... for they allow Minecraft Steve in Smash. Just to let you all know, understand that the creator is not currently getting worth a fucking cent out this. But Everything Minecraft related about is owned by Mojang and not Microsoft.",2025-10-14 20:44:54,2025-10-14 20:45:00,307
8092,Microsoft,Negative,"I seriously hope Twitter doesn't be harassing whoever makes requests for allow Minecraft Steve in Smash. Just to let you all out, like the Sony is not getting a damn cent out this. Everything Minecraft related is owned by Mojang and Microsoft.",2025-10-14 20:44:54,2025-10-14 20:45:00,243
8093,Microsoft,Negative,Microsoft and Mac= the worst combination.,2025-10-14 20:44:54,2025-10-14 20:45:00,41
8093,Microsoft,Negative,Microsoft and Mac = the worst combination.,2025-10-14 20:44:54,2025-10-14 20:45:00,42
8093,Microsoft,Negative,Microsoft and Mac = the worst combination.,2025-10-14 20:44:54,2025-10-14 20:45:00,42
8093,Microsoft,Negative,Microsoft and GitHub= the worst combination.,2025-10-14 20:44:54,2025-10-14 20:45:00,44
8093,Microsoft,Negative,So Microsoft and Mac = the worst combination.,2025-10-14 20:44:54,2025-10-14 20:45:00,45
8093,Microsoft,Negative,Microsoft and Mac= your worst combination.,2025-10-14 20:44:54,2025-10-14 20:45:00,42
8094,Microsoft,Negative,Microsoft Flight Simulator 2020 is yet another reminder that the download-only future of gaming is not necessarily a good thing. Reports of a 90GB download before you can even start the game - despite pre-loading it - are infuriating. Very sorry for Australian gamers.,2025-10-14 20:44:54,2025-10-14 20:45:00,268
8094,Microsoft,Negative,Microsoft Flight Simulator 2020 is another reminder that the future of game downloading is not necessarily a good thing. Reports of a 90GB download before you can even start the game - even though you loaded it before - are annoying.,2025-10-14 20:44:54,2025-10-14 20:45:00,233
8094,Microsoft,Negative,Microsoft Flight Simulator 2020 is another reminder that the future of downloadable games is not necessarily good.,2025-10-14 20:44:54,2025-10-14 20:45:00,114
8094,Microsoft,Negative,Microsoft Flight Simulator 2020 is yet another statement that the download-only future of gaming is not necessarily a good thing. Revelations of a 90GB download that you can even start the game - despite pre-loading downloads - feel infuriating. Very sorry for Australian gamers.,2025-10-14 20:44:54,2025-10-14 20:45:00,279
8094,Microsoft,Negative,Microsoft Flight Simulator 2020... is yet another heavy reminder that the download - only future of gaming is not necessarily quite a good known thing. Reports of a 90GB download date before you can even get start the first game - despite pre - loading it - are infuriating. Very much sorry also for Australian Macintosh gamers.,2025-10-14 20:44:54,2025-10-14 20:45:00,328
8094,Microsoft,Negative,Microsoft Flight Simulator 2016 presents yet another reminder that the parents-only future of gaming Its not necessarily a good thing. Plans of nearly massive download before you can even start the game - despite pre-loading it - are infuriating. Apparently embarrassing for Australian gamers.,2025-10-14 20:44:54,2025-10-14 20:45:00,293
8095,Microsoft,Positive,Slack to integrate Microsoft Teams calling feature! Love it when tech plays nice with other tech.  computerworld.com/article/353453…,2025-10-14 20:44:54,2025-10-14 20:45:00,132
8095,Microsoft,Positive,Slack to integrate Microsoft Teams calling feature! Love it when tech plays nice with other tech. computerworld.com / article / 353453...,2025-10-14 20:44:54,2025-10-14 20:45:00,137
8095,Microsoft,Positive,Weak desire to integrate Microsoft's call function! I love when techno plays beautifully with other tech. competition.com / article / 353453...,2025-10-14 20:44:54,2025-10-14 20:45:00,143
8095,Microsoft,Positive,Slack to integrate BlackBerry Teams calling chat! Watch it when tech plays nice with other tech.  computerworld.com/article/353453…,2025-10-14 20:44:54,2025-10-14 20:45:00,131
8095,Microsoft,Positive,Slack to integrate Microsoft Performance Teams new calling feature! Love it for when tech plays nice with other tech. With computerworld. com / The article / 353453 …,2025-10-14 20:44:54,2025-10-14 20:45:00,166
8095,Microsoft,Positive,Slack could integrate Microsoft Teams calling feature! Love<unk> when WordPress plays loose with other stuff. computerworld.com/article/353453...,2025-10-14 20:44:54,2025-10-14 20:45:00,145
8096,Microsoft,Negative,Are Xbox servers down ? (Or did I get hacked ),2025-10-14 20:44:54,2025-10-14 20:45:00,48
8096,Microsoft,Negative,Do Xbox servers stand still? (Or was I hacked),2025-10-14 20:44:54,2025-10-14 20:45:00,46
8096,Microsoft,Negative,Are Xbox servers down? (Or have I been hacked),2025-10-14 20:44:54,2025-10-14 20:45:00,46
8096,Microsoft,Negative,Are you servers down? (Or did I get hacked ),2025-10-14 20:44:54,2025-10-14 20:45:00,44
8096,Microsoft,Negative,I Are Xbox One servers down? ( Or did I get hacked ),2025-10-14 20:44:54,2025-10-14 20:45:00,52
8096,Microsoft,Negative,Are Xbox servers dead? (Or did I win hacked ),2025-10-14 20:44:54,2025-10-14 20:45:00,45
8097,Microsoft,Negative,.  . /. . .  Error when property is specified more than once via a spread. .  updated PR. .  at 6:15:30 PM. github.com/microsoft/Type….,2025-10-14 20:44:54,2025-10-14 20:45:00,137
8097,Microsoft,Negative,.. /.. Error when property is specified more than once over a spread.. updated PR.. at 18: 15: 30h. github.com / microsoft / type....,2025-10-14 20:44:54,2025-10-14 20:45:00,133
8097,Microsoft,Negative,.. /... Error when property is specified more than once via a spread... updated PR.. at 6: 15: 30 PM github.com / microsoft / Type....,2025-10-14 20:44:54,2025-10-14 20:45:00,134
8097,Microsoft,Negative,. . /...  Error when property identifier specified more than once via CSS spread..  updated PR..  at 10:15:30 PM. youtube.com/microsoft/Type….,2025-10-14 20:44:54,2025-10-14 20:45:00,142
8097,Microsoft,Negative,.. /... Error when property code is first specified more than once once again via a spread.. 01 updated PR.. at 6 : 15 : 07 30 PM PM. github. find com / microsoft / 0 Type ….,2025-10-14 20:44:54,2025-10-14 20:45:00,174
8097,Microsoft,Negative,.. /... Error when property is submitted earlier than requested via one document.. at last.. at 6:15:30 PM. github.com/microsoft/Type....,2025-10-14 20:44:54,2025-10-14 20:45:00,137
8098,Microsoft,Neutral,"52% of tech decision-makers agree: Their current IT infrastructure keeps them from delivering the best experience. View the \"Microsoft Managed Desktop,\" an",2025-10-14 20:44:54,2025-10-14 20:45:00,157
8098,Microsoft,Neutral,"52% of tech decision-makers agree that their current IT infrastructure prevents them from having the best experience. Check out the \"Microsoft Managed Desktop,\" a",2025-10-14 20:44:54,2025-10-14 20:45:00,162
8098,Microsoft,Neutral,52% of technology decision-makers agree: their current IT infrastructure does not allow them to provide best practices.,2025-10-14 20:44:54,2025-10-14 20:45:00,119
8098,Microsoft,Neutral,"52% of tech decision-makers agree: Their current IT infrastructure keeps them from delivering the optimal experience. Beware the \"Microsoft Managed Systems an",2025-10-14 20:44:54,2025-10-14 20:45:00,158
8098,Microsoft,Neutral,"52 % of digital tech decision - makers would agree : see Their fairly current huge IT infrastructure keeps stopping them from delivering the best experience. View the \" Microsoft Managed Desktop, \" an",2025-10-14 20:44:54,2025-10-14 20:45:00,200
8098,Microsoft,Neutral,"52% of tech product-makers succeed: Their powerful IT infrastructure keeps them from delivering their best experience. View the \"Microsoft Managed Desktop,\" a",2025-10-14 20:44:54,2025-10-14 20:45:00,158
8099,Microsoft,Neutral,Microsoft Surface Headphones 2 review: perfect for work-from-home life theverge.com/2020/5/22/2126…,2025-10-14 20:44:54,2025-10-14 20:45:00,99
8099,Microsoft,Neutral,Microsoft Surface Headphones 2 reviewed: Perfect for work-from-home living theverge.com / 2020 / 5 / 22 / 2126...,2025-10-14 20:44:54,2025-10-14 20:45:00,113
8099,Microsoft,Neutral,Обзор Microsoft Surface Headphones 2: perfect for work-from-home life theverge.com / 2020 / 5 / 22 / 2126...,2025-10-14 20:44:54,2025-10-14 20:45:00,108
8099,Microsoft,Neutral,Microsoft Surface Headphones 2 laptop: Home for work-from-home life tablet.com/2020/5/22/2126…,2025-10-14 20:44:54,2025-10-14 20:45:00,94
8099,Microsoft,Neutral,Microsoft Surface Headphones 2 review : Sound perfect for exciting work - from - our home of life under theverge. com / 2017 2020 / 5 / 22 / 2126 …,2025-10-14 20:44:54,2025-10-14 20:45:00,147
8099,Microsoft,Neutral,Microsoft Windows Headphones Ultimate Professional: perfect for work-from-home from theverge.com/2020/5/22/2126...,2025-10-14 20:44:54,2025-10-14 20:45:00,114
8100,Microsoft,Negative,Fuck yeah. thats a W,2025-10-14 20:44:54,2025-10-14 20:45:00,20
8100,Microsoft,Negative,Fuck yeah. this is a W,2025-10-14 20:44:54,2025-10-14 20:45:00,22
8100,Microsoft,Negative,Fuck fah. thats a W,2025-10-14 20:44:54,2025-10-14 20:45:00,19
8100,Microsoft,Negative,Fuck yeah. thats ok W,2025-10-14 20:44:54,2025-10-14 20:45:00,21
8100,Microsoft,Negative,Fuck yeah. thats barely a W,2025-10-14 20:44:54,2025-10-14 20:45:00,27
8100,Microsoft,Negative,Fuck yeah. thats not W,2025-10-14 20:44:54,2025-10-14 20:45:00,22
8101,Microsoft,Negative,@BillGates your a opp tryna play good guy we don’t need anymore ideas from you shut the fuk up .,2025-10-14 20:44:54,2025-10-14 20:45:00,97
8101,Microsoft,Negative,@ BillGates your a opp tryna play good guy we no longer need ideas from you shut up.,2025-10-14 20:44:54,2025-10-14 20:45:00,84
8101,Microsoft,Negative,"@ BillGates is your good guy, we don't need any more ideas from you to shut up.",2025-10-14 20:44:54,2025-10-14 20:45:00,79
8101,Microsoft,Negative,@BillGates your bro opp tryna play good guy we don’t need anymore help from you shut the fuk up.,2025-10-14 20:44:54,2025-10-14 20:45:00,96
8101,Microsoft,Negative,@BillGates with your a l opp tryna play good guy though we don ’ ya t need anymore ideas from whatever you shut the fuk up.,2025-10-14 20:44:54,2025-10-14 20:45:00,123
8101,Microsoft,Negative,@BillGates your sick opp tryna play this like we don’t need anymore ideas from you shut the guy up.,2025-10-14 20:44:54,2025-10-14 20:45:00,99
8102,Microsoft,Negative,"Ugh. An Australia \"reshaped\" by AFR and Microsoft is one I damned sure wouldn't want to live in. afr.com/policy/economy…",2025-10-14 20:44:54,2025-10-14 20:45:00,120
8102,Microsoft,Negative,"Um. An Australia that has been \"reshaped\" by AFR and Microsoft is one I damn sure didn't want to live in. afr.com / policy / economy...",2025-10-14 20:44:54,2025-10-14 20:45:00,135
8102,Microsoft,Negative,"Ugh. Australia, \"transformed\" by the AFR and Microsoft, is one I, hell, wouldn't want to live in. afr.com / policy / economy...",2025-10-14 20:44:54,2025-10-14 20:45:00,127
8102,Microsoft,Negative,"Ugh. An industry \"reshaped\" by AFR and Microsoft is one Trump damned sure wouldn't want to live in. Bloomberg.com/policy/economy…",2025-10-14 20:44:54,2025-10-14 20:45:00,129
8102,Microsoft,Negative,"Like Ugh. An Australia \" reshaped \" country by AFR and Microsoft is one that I damned straight sure wouldn'm t want to live in. The afr. com / policy / economy comment …",2025-10-14 20:44:54,2025-10-14 20:45:00,169
8102,Microsoft,Negative,"a. The Australia \"reshaped\" by AFR using Microsoft AND one I damned much wouldn't want to live in. But.com/policy/economy...",2025-10-14 20:44:54,2025-10-14 20:45:00,124
8103,Microsoft,Neutral,nan,2025-10-14 20:44:54,2025-10-14 20:45:00,3
8103,Microsoft,Neutral,It is not the first time that the EU Commission has taken such a step.,2025-10-14 20:44:54,2025-10-14 20:45:00,70
8103,Microsoft,Neutral,"At the same time, despite the fact that there are currently some 100 million people living below the poverty line, most of them do not have access to health services and do not have access to health care, while most of them do not have access to health care.",2025-10-14 20:44:54,2025-10-14 20:45:00,258
8103,Microsoft,Neutral,nan,2025-10-14 20:44:54,2025-10-14 20:45:00,3
8103,Microsoft,Neutral,nan,2025-10-14 20:44:54,2025-10-14 20:45:00,3
8103,Microsoft,Neutral,nan,2025-10-14 20:44:54,2025-10-14 20:45:00,3
8104,Microsoft,Negative,Really @Microsoft trying to force people to use Edge?? Sod that.,2025-10-14 20:44:54,2025-10-14 20:45:00,64
8104,Microsoft,Negative,Really @ Microsoft is trying to force people to use Edge?,2025-10-14 20:44:54,2025-10-14 20:45:00,57
8104,Microsoft,Negative,Really @ Microsoft trying to force people to use Edge?? Sod that.,2025-10-14 20:44:54,2025-10-14 20:45:00,65
8104,Microsoft,Negative,Really @Microsoft trying to convince people to use Edge?? Sod that.,2025-10-14 20:44:54,2025-10-14 20:45:00,67
8104,Microsoft,Negative,Really @Microsoft trying just to mentally force people not to use Edge?? Sod that.,2025-10-14 20:44:54,2025-10-14 20:45:00,82
8104,Microsoft,Negative,Really @Microsoft trying out teach people to use Edge?? Sod that.,2025-10-14 20:44:54,2025-10-14 20:45:00,65
8105,Microsoft,Positive,Great to see Cloud Agronomics and our partnership with @Microsoft,2025-10-14 20:44:54,2025-10-14 20:45:00,67
8105,Microsoft,Positive,Great to see Cloud Agronomics and our partnership with @ Microsoft,2025-10-14 20:44:54,2025-10-14 20:45:00,66
8105,Microsoft,Positive,It is great to see Agronomy and our partnership with Microsoft,2025-10-14 20:44:54,2025-10-14 20:45:00,62
8105,Microsoft,Positive,Great to see Cloud Agronomics and our partners with @Microsoft,2025-10-14 20:44:54,2025-10-14 20:45:00,62
8105,Microsoft,Positive,Great to soon see Cloud Management Agronomics team and our partnership with @Microsoft,2025-10-14 20:44:54,2025-10-14 20:45:00,86
8105,Microsoft,Positive,Great to see Cloud Gate combine our partnership with @Microsoft,2025-10-14 20:44:54,2025-10-14 20:45:00,63
8106,Microsoft,Negative,doing trauma therapy over Microsoft teams is a shit show at the absolute best of times,2025-10-14 20:44:54,2025-10-14 20:45:00,86
8106,Microsoft,Negative,Trauma therapy on Microsoft teams is a shit show at the absolute best of times,2025-10-14 20:44:54,2025-10-14 20:45:00,78
8106,Microsoft,Negative,doing trauma therapy over Microsoft teams is a crap show at the absolute best of times,2025-10-14 20:44:54,2025-10-14 20:45:00,86
8106,Microsoft,Negative,doing trauma therapy over Microsoft teams is a shit show at the absolute hardest of times,2025-10-14 20:44:54,2025-10-14 20:45:00,89
8106,Microsoft,Negative,doing trauma therapy over Microsoft teams again is a shit to show tactics at the absolute best of times,2025-10-14 20:44:54,2025-10-14 20:45:00,103
8106,Microsoft,Negative,doing trauma therapy over to Xbox is a shit show at the absolute best of times,2025-10-14 20:44:54,2025-10-14 20:45:00,78
8107,Microsoft,Negative,Exactly! These companies were all  posting about  . . Everyone right now is reposting videos what’s been happening. Help amplify this lawsuit as well. . . We have to do everything we can .,2025-10-14 20:44:54,2025-10-14 20:45:00,190
8107,Microsoft,Negative,"Exactly! These companies have all posted about it... Everyone is posting videos of what happened. Also, help strengthen this lawsuit... We must do everything in our power.",2025-10-14 20:44:54,2025-10-14 20:45:00,171
8107,Microsoft,Negative,Exactly! All of these companies have posted about... Everyone is now re-publishing videos of what is happening. Help expand this lawsuit as well... We must do everything in our power.,2025-10-14 20:44:54,2025-10-14 20:45:00,183
8107,Microsoft,Negative,Exactly! These companies were all  posting about .. Everyone right now is reposting videos what’s been happening. Which amplify this lawsuit as well.. But We have everyone do everything they can.,2025-10-14 20:44:54,2025-10-14 20:45:00,195
8107,Microsoft,Negative,Exactly! These video companies were there all posting about.. Everyone right now is already reposting videos what ’ s been shown happening. To Help amplify this lawsuit as well... God We have got to you do everything we can.,2025-10-14 20:44:54,2025-10-14 20:45:00,224
8107,Microsoft,Negative,Exactly! These companies were all posting about.. is right now was reposting videos what’s now done. Help in this lawsuit as there... We have to know everything we can.,2025-10-14 20:44:54,2025-10-14 20:45:00,168
8108,Microsoft,Negative,"⁦@jimcramer⁩ Jim, this is not particularly good news from Microsoft. forbes.com/sites/gordonke…",2025-10-14 20:44:54,2025-10-14 20:45:00,95
8108,Microsoft,Negative,"@ jimcramer Jim, this is not particularly good news from Microsoft. forbes.com / sites / gordonke...",2025-10-14 20:44:54,2025-10-14 20:45:00,100
8108,Microsoft,Negative,"@ jimcramer Jim, this is not particularly good news from. forbes.com / sites / gordonke...",2025-10-14 20:44:54,2025-10-14 20:45:00,90
8108,Microsoft,Negative,"⁦@jimcramer⁩ Jim, Nothing is being particularly good news from Microsoft. forbes.com/sites/gordonke…",2025-10-14 20:44:54,2025-10-14 20:45:00,100
8108,Microsoft,Negative,"@jimcramer Jim, this comment is not particularly good news news from Microsoft. forbes. like com / sites /... gordonke html …",2025-10-14 20:44:54,2025-10-14 20:45:00,125
8108,Microsoft,Negative,"<unk>@jimcramer<unk><unk>, this seems the particularly good news from Microsoft. Microsoft.com/sites/gordonke...",2025-10-14 20:44:54,2025-10-14 20:45:00,112
8109,Microsoft,Positive,So exciting!,2025-10-14 20:44:54,2025-10-14 20:45:00,12
8109,Microsoft,Positive,So exciting!,2025-10-14 20:44:54,2025-10-14 20:45:00,12
8109,Microsoft,Positive,So exciting!,2025-10-14 20:44:54,2025-10-14 20:45:00,12
8109,Microsoft,Positive,So cute!,2025-10-14 20:44:54,2025-10-14 20:45:00,8
8109,Microsoft,Positive,» So exciting!,2025-10-14 20:44:54,2025-10-14 20:45:00,14
8109,Microsoft,Positive,So Good!,2025-10-14 20:44:54,2025-10-14 20:45:00,8
8110,Microsoft,Negative,I can’t cope .,2025-10-14 20:44:54,2025-10-14 20:45:00,15
8110,Microsoft,Negative,I can't cope with it.,2025-10-14 20:44:54,2025-10-14 20:45:00,21
8110,Microsoft,Negative,I can't cope.,2025-10-14 20:44:54,2025-10-14 20:45:00,13
8110,Microsoft,Negative,I do cope.,2025-10-14 20:44:54,2025-10-14 20:45:00,10
8110,Microsoft,Negative,But I can ’ t cope.,2025-10-14 20:44:54,2025-10-14 20:45:00,19
8110,Microsoft,Negative,I can’t see.,2025-10-14 20:44:54,2025-10-14 20:45:00,12
8111,Microsoft,Negative,@Microsoft @PlayStation at some point in my life i gotta call it quits before i silently kill your publishers for Malicious content and Scams.. @Fallout @Bethesda @ZeniMax_Online hows this Toddler Howard.... You disable the Limb damage so we can't kill queen. . You crank up the,2025-10-14 20:44:54,2025-10-14 20:45:00,278
8111,Microsoft,Negative,@ Microsoft @ PlayStation at some point in my life I need to end it before I silently kill your publishers for malicious content and scams.. @ Fallout @ Bethesda @ ZeniMax _ Online shows this toddler Howard.... you disable the limb damage so we can't kill Queen.. you crank up the,2025-10-14 20:44:54,2025-10-14 20:45:00,280
8111,Microsoft,Negative,@ Microsoft @ PlayStation at some point of my life i gcall it quits before i silently kill your publishers for Malicious content and Scams.. @ Fallout @ Bethesda @ ZeniMax _ Online shows this Toddler Howard.... You disable the Limb damage so we can't kill queen...,2025-10-14 20:44:54,2025-10-14 20:45:00,264
8111,Microsoft,Negative,@Microsoft @PlayStation at some point in my life i gotta call it quits before i silently kill your ass for Malicious Driving & Scams.. @Fallout @Bethesda Now hows this Toddler Howard.... You disable the Limb damage so we never kill them.. You crank up the,2025-10-14 20:44:54,2025-10-14 20:45:00,255
8111,Microsoft,Negative,@Microsoft @PlayStation at some point in my life what i gotta call it quits before anyone i silently kill your publishers or for using Malicious Data content and Scams.. @Fallout if @Bethesda @ZeniMax_Online hows this from Toddler Howard.... and You disable the High Limb damage so we can't kill the queen.. You crank up the,2025-10-14 20:44:54,2025-10-14 20:45:00,324
8111,Microsoft,Negative,@Microsoft Well at certain point in my life i gotta suck your quits before i gonna kill your publishers for Malicious code and spam.. @PlayStation @Fallout @Bethesda hows this Toddler hurt.... You reduce the Limb damage so we can't kill queen.. You crank on the,2025-10-14 20:44:54,2025-10-14 20:45:00,261
8112,Microsoft,Negative,"Microsoft is experiencing a large-scale outage. What we  know is it involves many of its web-based apps: email, Teams, OneDrive, Skype, voicemail and other Office 365 services. There is currently no estimated time of restoration.",2025-10-14 20:44:54,2025-10-14 20:45:00,229
8112,Microsoft,Negative,"Microsoft is experiencing a large-scale outage. What we do know is that many of its web-based applications are affected: email, teams, OneDrive, Skype, voicemail and other Office 365 services. Currently, there is no estimated time for recovery.",2025-10-14 20:44:54,2025-10-14 20:45:00,244
8112,Microsoft,Negative,"Microsoft is experiencing a massive outage that will affect many of its Web applications: mail, OneDrive, Skype, e-mail, and other Office 365 services.",2025-10-14 20:44:54,2025-10-14 20:45:00,151
8112,Microsoft,Negative,"Microsoft today announcing a large-scale outage. What we  know is outage involves many of Windows web-based apps: email, Teams, OneDrive, Skype, voicemail and other Office 365 support. There is currently no estimated time of restoration.",2025-10-14 20:44:54,2025-10-14 20:45:00,237
8112,Microsoft,Negative,"Microsoft is experiencing a large - scale technology outage. What we know however is because it involves dropping many of its web - based news apps : direct email, Web Teams, OneDrive, Skype, voicemail system and other Office 365 services. There indeed is a currently no estimated time of restoration.",2025-10-14 20:44:54,2025-10-14 20:45:00,301
8112,Microsoft,Negative,"Microsoft is experiencing a large-scale cleanup. What we know is it involves many among them web-based apps: email, Teams, Blog, Skype, SharePoint and other Office 365 applications. There is currently no estimated time or restoration.",2025-10-14 20:44:54,2025-10-14 20:45:00,234
8113,Microsoft,Neutral,"China rejects an allegation by US technology company Microsoft that Beijing is seeking to meddle in the United States’ 2020 presidential election, accusing the American tech giant of “fabrication” and “creating trouble.” presstv.com/Detail/2020/09…",2025-10-14 20:44:54,2025-10-14 20:45:00,248
8113,Microsoft,Neutral,"China rejects US technology company Microsoft's accusation that Beijing is trying to interfere in the 2020 US presidential election, accusing the US technology giant of \"invention\" and \"creating difficulties.\" presstv.com / Detail / 2020 / 09...",2025-10-14 20:44:54,2025-10-14 20:45:00,245
8113,Microsoft,Neutral,"China rejects US tech company Microsoft's allegory that Beijing is seeking to interfere in the 2020 US presidential election, accusing the US tech giant of \"manipulating\" and \"creating problems.\"",2025-10-14 20:44:54,2025-10-14 20:45:00,195
8113,Microsoft,Neutral,"China rejects an allegation by US rocket company SpaceX that Beijing is seeking to meddle in the White States’ 2020 election campaign, accusing the American tech giant of “fabrication” for “creating trouble.” presstv.com/Detail/2020/09…",2025-10-14 20:44:54,2025-10-14 20:45:00,236
8113,Microsoft,Neutral,"Microsoft China openly rejects an allegation by US technology company Microsoft that the Beijing Capital is seeking to meddle up in the United States ’ 2020 Chinese presidential election, accusing the American high tech giant of corporate “ fabrication ” and “ creating trouble. ” presstv. com / Detail / 2016 2020 / 09 page …",2025-10-14 20:44:54,2025-10-14 20:45:00,326
8113,Microsoft,Neutral,"China rejects an announcement by US data company Microsoft that Beijing is preparing to meddle in the United States’ 2020 presidential election, accusing an American electronics giant and “fabrication” in “creating trouble.” Wikipedia.com/Detail/2020/09...",2025-10-14 20:44:54,2025-10-14 20:45:00,256
8114,Microsoft,Neutral,"Real-life cybercrime stories from DART, the Microsoft Detection and Response Team microsoft.com/security/blog/…",2025-10-14 20:44:54,2025-10-14 20:45:00,111
8114,Microsoft,Neutral,"Real cybercrime stories from DART, the Microsoft Detection and Response Team microsoft.com / security / blog /...",2025-10-14 20:44:54,2025-10-14 20:45:00,113
8114,Microsoft,Neutral,"Real stories of cybercrime from DART, Microsoft and the micross.com / security / blog /...",2025-10-14 20:44:54,2025-10-14 20:45:00,90
8114,Microsoft,Neutral,"Real-life cybercrime cases from DART, the Domain Detection and Response Team microsoft.com/security/blog/…",2025-10-14 20:44:54,2025-10-14 20:45:00,106
8114,Microsoft,Neutral,"Real - life cybercrime recovery stories from DART, the Microsoft Detection Center and Special Response Team microsoft. dot com / project security / blog / 2015 …",2025-10-14 20:44:54,2025-10-14 20:45:00,161
8114,Microsoft,Neutral,"Real-life cybercrime stories in Justice, the Drug Detection and Response Team to.com/security/blog/...",2025-10-14 20:44:54,2025-10-14 20:45:00,102
8115,Microsoft,Neutral,Microsoft wants the Xbox Series X to be the most backwards compatible console ever mobilesyrup.com/2020/05/28/mic… https://t.co/L2AuBgo43E,2025-10-14 20:44:54,2025-10-14 20:45:00,138
8115,Microsoft,Neutral,Microsoft aims to make Xbox Series X the most backward-compatible console ever mobilesyrup.com / 2020 / 05 / 28 / mic... https: / / t.co / L2AuBgo43E,2025-10-14 20:44:54,2025-10-14 20:45:00,149
8115,Microsoft,Neutral,Microsoft wants the Xbox Series X to be the most backward console ever mobilesyrup.com / 2020 / 05 / 28 / mic...,2025-10-14 20:44:54,2025-10-14 20:45:00,112
8115,Microsoft,Neutral,Microsoft wants the Xbox Series X to be my most backwards compatible console :( mobilesyrup.com/2020/05/28/mic… �],2025-10-14 20:44:54,2025-10-14 20:45:00,114
8115,Microsoft,Neutral,Microsoft wants now the next Xbox available Series X System to be the most backwards PC compatible console ever for mobilesyrup. com / 2020 / 05 / 28 / 3 mic … https://t.co/L2AuBgo43E ],2025-10-14 20:44:54,2025-10-14 20:45:00,185
8115,Microsoft,Neutral,Microsoft wants this Xbox Series X to be the next powerful music product ever mobilesyrup.com/2020/05/28/mic... https://t.co/L2AuBgo43E],2025-10-14 20:44:54,2025-10-14 20:45:00,136
8116,Microsoft,Negative,"More bad security news for Microsoft: 250 million customer's service records, including dialogue text, IP addresses, emails, locations & more were stored in a completely unsecure discoverable database online, like no password needed kinds of unsecure.  ow.ly/iXeH30qbPhd",2025-10-14 20:44:54,2025-10-14 20:45:00,270
8116,Microsoft,Negative,"More bad security news for Microsoft: 250 million customer service records, including dialog texts, IP addresses, emails, locations, etc. were stored in a completely insecure database that can be found online, like no password that is insecure. ow.ly / iXeH30qbPhd",2025-10-14 20:44:54,2025-10-14 20:45:00,264
8116,Microsoft,Negative,"Worse security news for Microsoft: 250 million customer service records, including dialog text, IP addresses, e-mail, location, and more, were stored in a completely unsecured database that can be found online, and no password is required. o.ly / iXeH30qbPhd",2025-10-14 20:44:54,2025-10-14 20:45:00,258
8116,Microsoft,Negative,"More bad NSA news for Microsoft: 250 million customer's service records, including dialogue text, IP addresses, emails, locations & more securely stored as that completely unsecure discoverable database online, but no password needed kinds also unsecure.  ow.ly/iXeH30qbPhd",2025-10-14 20:44:54,2025-10-14 20:45:00,273
8116,Microsoft,Negative,"2013 More bad security news occurs for Microsoft : nearly 250 million customer's service records, including dialogue text, IP addresses, confidential emails, locations & more were now stored up in quite a completely unsecure yet discoverable security database online, like no password needed kinds of unsecure. net ow. ly / iXeH30qbPhd",2025-10-14 20:44:54,2025-10-14 20:45:00,335
8116,Microsoft,Negative,"More bad security news of Facebook: 250 million customer's service records, including all text, web addresses, comments, feeds & more were stored in a single unsecure discoverable database online, like no password needed kinds a malware. ow.ly/iXeH30qbPhd",2025-10-14 20:44:54,2025-10-14 20:45:00,255
8117,Microsoft,Neutral,Permissions error exporting Microsoft Dynamic GP SmartList Object azrcrv.co.uk/2NQhit,2025-10-14 20:44:54,2025-10-14 20:45:00,87
8117,Microsoft,Neutral,Permission error when exporting Microsoft Dynamic GP SmartList Object azrcrv.co.uk / 2NQhit,2025-10-14 20:44:54,2025-10-14 20:45:00,91
8117,Microsoft,Neutral,Permission Error - Microsoft Dynamic GP List Object azrcrv.co.uk / 2NQhit,2025-10-14 20:44:54,2025-10-14 20:45:00,73
8117,Microsoft,Neutral,Permissions error exporting Microsoft<unk> GP SmartList editor azrcrv.co.uk/2NQhit,2025-10-14 20:44:54,2025-10-14 20:45:00,82
8117,Microsoft,Neutral,Permissions error exporting between Microsoft Dynamic GP Architecture SmartList Virtual Object from azrcrv. co. l uk / 2NQhit,2025-10-14 20:44:54,2025-10-14 20:45:00,125
8117,Microsoft,Neutral,make error Add Microsoft Dynamic Directory to Object azrcrv.co.uk/2NQhit,2025-10-14 20:44:54,2025-10-14 20:45:00,72
8118,Microsoft,Positive,S1  mini Pico projectors @CanonUSA We have @NintendoAmerica  We have @Sony     ....@Microsoft really knows how to help those in need.    Thanks @BillGates    youre a true Pioneer oh..... wait...   We have @PioneerUK  as well!!!    AWESOME!!!!,2025-10-14 20:44:54,2025-10-14 20:45:00,242
8118,Microsoft,Positive,"S1 mini pico projectors @ CanonUSA We have @ NintendoAmerica We have @ Sony.... @ Microsoft really knows how to help those in need. Thank you @ BillGates, a true pioneer oh... wait... We also have @ PioneerUK!!! GREAT!!!",2025-10-14 20:44:54,2025-10-14 20:45:00,220
8118,Microsoft,Positive,S1 mini Pico projectors @ CanonUSA We have @ NintendoAmerica We have @ Sony.... @ Microsoft really knows how to help those who need it.,2025-10-14 20:44:54,2025-10-14 20:45:00,135
8118,Microsoft,Positive,S1  mini world projectors @CanonUSA We are @NintendoAmerica  We have....    ....@Sony really thinks how to help those in need.    Thanks @Microsoft    youre a thank Pioneer oh..... wait...   We have.  Oh well!!!    AWESOME!!!!,2025-10-14 20:44:54,2025-10-14 20:45:00,226
8118,Microsoft,Positive,2 S1 mini consoles Pico 80 projectors @CanonUSA We have Friends @NintendoAmerica We have @Sony.... @Microsoft really knows how to help to those in need. In Thanks @BillGates youre become a true Pioneer oh..... oh wait... We might have @PioneerUK as well!!!... AWESOME!!!!,2025-10-14 20:44:55,2025-10-14 20:45:00,271
8118,Microsoft,Positive,S1 mini Pico the @CanonUSA We have @NintendoAmerica We give friends....@Sony you understand how to help those in need. Thanks @Microsoft youre our true Pioneer here..... wait... We find something working well!!! AWESOME!!!!,2025-10-14 20:44:55,2025-10-14 20:45:00,223
8119,Microsoft,Positive,This is interesting we've already got some amazing JRPGs coming to xbox game pass . Is Microsoft finally breaking thru in the east??,2025-10-14 20:44:55,2025-10-14 20:45:00,132
8119,Microsoft,Positive,"That's interesting, we already have some amazing JRPGs coming to Xbox Game Pass. Will Microsoft finally make the breakthrough in the East??",2025-10-14 20:44:55,2025-10-14 20:45:00,139
8119,Microsoft,Positive,"It's interesting, we already have some amazing JRPGs approaching the Xbox Game Pass. Is Microsoft finally breaking thru in the east??",2025-10-14 20:44:55,2025-10-14 20:45:00,133
8119,Microsoft,Positive,This is interesting we've already got some great JRPGs coming to xbox game pass. Is Microsoft finally breaking thru to the east??,2025-10-14 20:44:55,2025-10-14 20:45:00,129
8119,Microsoft,Positive,This mission is interesting we've already all got some amazing powerful JRPGs coming to xbox during game pass. Is like Microsoft finally breaking thru war in the east??,2025-10-14 20:44:55,2025-10-14 20:45:00,168
8119,Microsoft,Positive,This is interesting we've already got some amazing JRPGs coming to xbox game pass. Is them finally go away in the future??,2025-10-14 20:44:55,2025-10-14 20:45:00,122
8120,Microsoft,Positive,Weren't there 15 versions of Vista? Microsoft is the best.,2025-10-14 20:44:55,2025-10-14 20:45:00,58
8120,Microsoft,Positive,Were there not 15 versions of Vista? Microsoft is the best.,2025-10-14 20:44:55,2025-10-14 20:45:00,59
8120,Microsoft,Positive,Are there 15 versions of Vista? Microsoft is the best.,2025-10-14 20:44:55,2025-10-14 20:45:00,54
8120,Microsoft,Positive,Weren't there 15 versions of Vista? Microsoft is the dinosaur.,2025-10-14 20:44:55,2025-10-14 20:45:00,62
8120,Microsoft,Positive,Weren't there 15 versions available of PC Vista? Microsoft is the absolute best.,2025-10-14 20:44:55,2025-10-14 20:45:00,80
8120,Microsoft,Positive,Weren't you 3 versions of Vista? Microsoft is the best.,2025-10-14 20:44:55,2025-10-14 20:45:00,55
8121,Microsoft,Neutral,"“the Free Software movement is dead. Linux doesn’t exist in 2007. Even Linus has got a job today,” Bill Hilf,",2025-10-14 20:44:55,2025-10-14 20:45:00,111
8121,Microsoft,Neutral,"\"The free software movement is dead. Linux does not exist in 2007. Even Linus has a job today,\" Bill Hilf,",2025-10-14 20:44:55,2025-10-14 20:45:00,106
8121,Microsoft,Neutral,"\"Free movement is dead. Linux has not existed since 2007. Even Linus got a job today,\" Bill Hilfe,",2025-10-14 20:44:55,2025-10-14 20:45:00,98
8121,Microsoft,Neutral,"“the Free Press movement has dead. Linux doesn’t exist in 2007. Even Linus never got a job today,” Bill Hilf,",2025-10-14 20:44:55,2025-10-14 20:45:00,109
8121,Microsoft,Neutral,"“ the Free Software Day movement is long dead. Maybe Linux doesn all ’ t exist in 2007. Even Linus has got quite a job going today, ” Bill Hilf,",2025-10-14 20:44:55,2025-10-14 20:45:00,144
8121,Microsoft,Neutral,"“the Free Software movement is dying. Linux doesn’t exist until 2007. Sean Linus has taken a job today,” Bill Hilf,",2025-10-14 20:44:55,2025-10-14 20:45:00,115
8122,Microsoft,Positive,I've never been more proud (or grateful) to be part of the extended Microsoft family.,2025-10-14 20:44:55,2025-10-14 20:45:00,87
8122,Microsoft,Positive,I have never been prouder (or more grateful) to be part of the extended Microsoft family.,2025-10-14 20:44:55,2025-10-14 20:45:00,89
8122,Microsoft,Positive,Never have I been so proud (or grateful) to be part of Microsoft's extended family.,2025-10-14 20:44:55,2025-10-14 20:45:00,83
8122,Microsoft,Positive,I've never been more proud (or grateful) to be part of the wonderful Microsoft family.,2025-10-14 20:44:55,2025-10-14 20:45:00,86
8122,Microsoft,Positive,I've never have been more proud ( or grateful ) to be part of either the fully extended Microsoft Macintosh family.,2025-10-14 20:44:55,2025-10-14 20:45:00,115
8122,Microsoft,Positive,I've rarely been less proud (or grateful) to be part of the extended extended family.,2025-10-14 20:44:55,2025-10-14 20:45:00,85
8123,Microsoft,Neutral,Microsoft sued due to problems with Xbox controllers ordonews.com/microsoft-sued… https://t.co/llBzvGQQiO,2025-10-14 20:44:55,2025-10-14 20:45:00,105
8123,Microsoft,Neutral,Microsoft sued over problems with Xbox controllers ordonews.com / microsoft-sues... https: / / t.co / llBzvGQiO,2025-10-14 20:44:55,2025-10-14 20:45:00,111
8123,Microsoft,Neutral,Microsoft sued because of problems with Xbox controllers ordonews.com / microsoft-sued...,2025-10-14 20:44:55,2025-10-14 20:45:00,89
8123,Microsoft,Neutral,Microsoft sued due customer problems with controller controllers ordonews.com/microsoft-sued… https://t.co/llBzvGQQiO],2025-10-14 20:44:55,2025-10-14 20:45:00,118
8123,Microsoft,Neutral,Microsoft sued due to equipment problems with internal Xbox PC controllers ordonews. net com / microsoft - Microsoft sued … https://t.co/llBzvGQQiO ],2025-10-14 20:44:55,2025-10-14 20:45:00,149
8123,Microsoft,Neutral,Microsoft sued due to contract with air controllers ordonews.com/microsoft-sued... [],2025-10-14 20:44:55,2025-10-14 20:45:00,85
8124,Microsoft,Neutral,Our Favorite Tips for Microsoft’s New Edge Chromium Browser – Lifehacker betadroid.in/blog/our-favor… https://t.co/rikt49pQt5,2025-10-14 20:44:55,2025-10-14 20:45:00,125
8124,Microsoft,Neutral,Our favorite tips for Microsoft's New Edge Chromium browser - Lifehacker betadroid.in / blog / our-favor... https: / / t.co / rikt49pQt5,2025-10-14 20:44:55,2025-10-14 20:45:00,136
8124,Microsoft,Neutral,Our tips for the new Microsoft Edge Chromium browser - Livejacker betadroid.in / blog / our-favorite...,2025-10-14 20:44:55,2025-10-14 20:45:00,103
8124,Microsoft,Neutral,Our Favorite Tips for Best New Edge Chromium Browser at daily.in/blog/our-favor… https://t.co/rikt49pQt5],2025-10-14 20:44:55,2025-10-14 20:45:00,105
8124,Microsoft,Neutral,See Our 5 Favorite Tips for Microsoft Access ’ s New Edge Digital Chromium Browser – use Lifehacker betadroid. in / blog / use our - favor www … https://t.co/rikt49pQt5 ],2025-10-14 20:44:55,2025-10-14 20:45:00,170
8124,Microsoft,Neutral,Top 3 Tips for The New Edge Chromium Browser – check betadroid.in/blog/our-favor...<unk>],2025-10-14 20:44:55,2025-10-14 20:45:00,89
8125,Microsoft,Negative,🤓🤔.,2025-10-14 20:44:55,2025-10-14 20:45:00,6
8125,Microsoft,Negative,nan,2025-10-14 20:44:55,2025-10-14 20:45:00,3
8125,Microsoft,Negative,.,2025-10-14 20:44:55,2025-10-14 20:45:00,1
8125,Microsoft,Negative,🤓🤔.,2025-10-14 20:44:55,2025-10-14 20:45:00,3
8125,Microsoft,Negative,Editions [UNK].,2025-10-14 20:44:55,2025-10-14 20:45:00,15
8125,Microsoft,Negative,<unk>.,2025-10-14 20:44:55,2025-10-14 20:45:00,6
8126,Microsoft,Negative,@geekyranjit Hi bro this is the error for max windows 7pc 's whn i searched in internet regarding this issue i saw some articles they said The Microsoft Answers forums and Twitter are also filled with Windows 7 users reporting encountering the error when trying to shut down. pic.twitter.com/gI6mwJc2Jm,2025-10-14 20:44:55,2025-10-14 20:45:00,302
8126,Microsoft,Negative,"@ geekyranjit Hi bro, this is the bug for max windows 7pc's when I searched the internet for this problem. I saw some articles where they said that the Microsoft Answers forums and Twitter are also filled with Windows 7 users reporting that the bug occurs during shutdown pic.twitter.com / gI6mwJc2Jm",2025-10-14 20:44:55,2025-10-14 20:45:00,300
8126,Microsoft,Negative,@ geekyranjit Hi bro is a bug for max windows 7pc's whn's whn i searched in the internet on this issue i searched some articles they said Microsoft and Twitter forums are also filled with Windows 7 users reporting an error when trying to close download. pic.gI6mwJc2Jm,2025-10-14 20:44:55,2025-10-14 20:45:00,268
8126,Microsoft,Negative,RhandlerR Hi bro this is the error for max windows 7pc 's whn i searched in internet regarding this issue i saw some articles they said The Microsoft Answers forums and Twitter are also filled with Windows 7 users reporting encountering the error when trying to shut down. pic.twitter.com/gI6mwJc2Jm,2025-10-14 20:44:55,2025-10-14 20:45:00,299
8126,Microsoft,Negative,H RhandlerR Hi bro this is the error for max windows 7pc 's whn i searched in internet regarding this issue i saw some articles they said The Microsoft Answers forums and Twitter are also filled with Windows 7 users reporting encountering the error when trying to shut down. pic.twitter.com/gI6mwJc2Jm,2025-10-14 20:44:55,2025-10-14 20:45:00,301
8126,Microsoft,Negative,at,2025-10-14 20:44:55,2025-10-14 20:45:00,2
8127,Microsoft,Irrelevant,nan,2025-10-14 20:44:55,2025-10-14 20:45:00,3
8127,Microsoft,Irrelevant,It is not the first time that the EU Commission has taken such a step.,2025-10-14 20:44:55,2025-10-14 20:45:00,70
8127,Microsoft,Irrelevant,"At the same time, despite the fact that there are currently some 100 million people living below the poverty line, most of them do not have access to health services and do not have access to health care, while most of them do not have access to health care.",2025-10-14 20:44:55,2025-10-14 20:45:00,258
8127,Microsoft,Irrelevant,nan,2025-10-14 20:44:55,2025-10-14 20:45:00,3
8127,Microsoft,Irrelevant,nan,2025-10-14 20:44:55,2025-10-14 20:45:00,3
8127,Microsoft,Irrelevant,nan,2025-10-14 20:44:55,2025-10-14 20:45:00,3
8128,Microsoft,Negative,@ibm @FedEx @Microsoft @exxonmobil not cool! :(.,2025-10-14 20:44:55,2025-10-14 20:45:00,48
8128,Microsoft,Negative,@ ibm @ FedEx @ Microsoft @ exxonmobil not cool!: (.,2025-10-14 20:44:55,2025-10-14 20:45:00,52
8128,Microsoft,Negative,@ ibm @ FedEx @ Microsoft @ exxonnot cool!: (.,2025-10-14 20:44:55,2025-10-14 20:45:00,46
8128,Microsoft,Negative,@ibm player @FedEx @Microsoft not cool! :(.,2025-10-14 20:44:55,2025-10-14 20:45:00,43
8128,Microsoft,Negative,@ibm @FedEx... @Microsoft If @exxonmobil is not is cool! : (.,2025-10-14 20:44:55,2025-10-14 20:45:00,61
8128,Microsoft,Negative,@ibm @FedEx They are not properly! :(.,2025-10-14 20:44:55,2025-10-14 20:45:00,38
8129,Microsoft,Negative,"Today I found out that Windows' Cortana actually sounds like Jen Taylor in America but nowhere else. What the fuck, microsoft?!",2025-10-14 20:44:55,2025-10-14 20:45:00,127
8129,Microsoft,Negative,"Today I found out that Windows' Cortana actually sounds like Jen Taylor in America, but nowhere else. What the hell, Microsoft?!",2025-10-14 20:44:55,2025-10-14 20:45:00,128
8129,Microsoft,Negative,"Today, I learned that Kaana actually sounds like Jen Taylor in America, but nowhere else.",2025-10-14 20:44:55,2025-10-14 20:45:00,89
8129,Microsoft,Negative,"Today I found out that Windows' Cortana actually acts like Jen k in America but nowhere else. What the fuck, microsoft?!",2025-10-14 20:44:55,2025-10-14 20:45:00,120
8129,Microsoft,Negative,"Today I found out then that 7th Windows'Cortana actually sounds like Jen Taylor in America but from nowhere else. 1 What is the big fuck, microsoft?!",2025-10-14 20:44:55,2025-10-14 20:45:00,149
8129,Microsoft,Negative,"Today I found out that Windows' version actually drives like Jen Taylor in America but nowhere Japan. What at fuck, microsoft?!",2025-10-14 20:44:55,2025-10-14 20:45:00,127
8130,Microsoft,Neutral,"Windows Update doesn’t just automatically update the Windows 10 operating system—it automatically updates hardware drivers, too. That’s resulted in many bugs, but Microsoft is making improvements—and making some of those driver updates optional. . UH HUH. howtogeek.com/658676/windows…",2025-10-14 20:44:55,2025-10-14 20:45:00,285
8130,Microsoft,Neutral,"Windows Update not only automatically updates the Windows 10 operating system - it also automatically updates hardware drivers. This has led to many bugs, but Microsoft is making improvements - and making some of these driver updates optional... UH HUH. howtogeek.com / 658676 / windows...",2025-10-14 20:44:55,2025-10-14 20:45:00,289
8130,Microsoft,Neutral,Windows does not just automatically update the Windows 10 operating system; it also automatically updates the hardware drivers.,2025-10-14 20:44:55,2025-10-14 20:45:00,127
8130,Microsoft,Neutral,"Windows Update doesn’t just automatically update the Windows kernel operating software automatically updates hardware drivers, too. This resulted in many bugs, until Update is making improvements—and making some of those configuration updates optional.. UH HUH. howtogeek.com/658676/windows…",2025-10-14 20:44:55,2025-10-14 20:45:00,291
8130,Microsoft,Neutral,"Windows Windows Update doesn ’ t just automatically update the Windows 10 driver operating and system — instead it automatically updates hardware product drivers, windows too. That ’ s resulted in many bugs, but Microsoft Windows is making improvements — and making all some of... those driver updates optional.. C UH HUH. howtogeek. com / 658676 / windows …",2025-10-14 20:44:55,2025-10-14 20:45:00,358
8130,Microsoft,Neutral,"and Update<unk> even automatically load the Windows Linux operating system—it automatically updates hardware driver, for. That’s resulted in some bugs, but Steam is making improvements—and making use of those driver updates optional.. UH HUH. howtogeek.com/658676/windows...",2025-10-14 20:44:55,2025-10-14 20:45:00,274
8131,Microsoft,Positive,Whoever created the “undo” button on Microsoft Word is a genius,2025-10-14 20:44:55,2025-10-14 20:45:00,63
8131,Microsoft,Positive,"Whoever created the \"Undo\" button in Microsoft Word is a genius",2025-10-14 20:44:55,2025-10-14 20:45:00,63
8131,Microsoft,Positive,"Whoever created the \"undo\" button on Microsoft Word is a genius",2025-10-14 20:44:55,2025-10-14 20:45:00,63
8131,Microsoft,Positive,Whoever created the “undo” button on Microsoft games is a genius,2025-10-14 20:44:55,2025-10-14 20:45:00,64
8131,Microsoft,Positive,Whoever created the and “ undo ” button written on Microsoft Word is a genius,2025-10-14 20:44:55,2025-10-14 20:45:00,77
8131,Microsoft,Positive,Whoever created the “undo” file on Microsoft Word is complete genius,2025-10-14 20:44:55,2025-10-14 20:45:00,68
8132,Microsoft,Neutral,"US Accuses Supplier for Amazon, Apple, Dell, GM, Microsoft of Human Rights Abuses rss.slashdot.org/~r/Slashdot/sl…",2025-10-14 20:44:55,2025-10-14 20:45:00,116
8132,Microsoft,Neutral,"U.S. accuse suppliers of Amazon, Apple, Dell, GM, Microsoft of human rights violations rss.slashdot.org / ~ r / Slashdot / sl...",2025-10-14 20:44:55,2025-10-14 20:45:00,128
8132,Microsoft,Neutral,"The US accuses a supplier for Amazon, Apple, Dell, GM, Microsoft of violating human rights rss.sbsdot.org / ~ r / Sbsdot / sl...",2025-10-14 20:44:55,2025-10-14 20:45:00,128
8132,Microsoft,Neutral,"US Accuses Watch for Amazon, Apple, Dell, Facebook, Microsoft of Human Border Abuses rss.slashdot.org/~r/Slashdot/sl…",2025-10-14 20:44:55,2025-10-14 20:45:00,117
8132,Microsoft,Neutral,"US Attorney Accuses Supplier Systems for Managing Amazon, Apple, Dell, GM, etc Microsoft of Human Rights Technology Abuses rss. slashdot. page org / ~ r / Slashdot /... sl html …",2025-10-14 20:44:55,2025-10-14 20:45:00,178
8132,Microsoft,Neutral,"Rights Accuses Supplier Group Amazon, eBay, Japan, Facebook, Microsoft of Human Rights report rss.slashdot.org/~r/Slashdot/sl...",2025-10-14 20:44:55,2025-10-14 20:45:00,128
8133,Microsoft,Positive,I can't believe we just saw a new console design and got  price/release details on the same day!  Stop spoiling me Microsoft.  .,2025-10-14 20:44:55,2025-10-14 20:45:00,131
8133,Microsoft,Positive,I can't believe we just saw a new console design and got price / release details on the same day! Stop spoiling me Microsoft.,2025-10-14 20:44:55,2025-10-14 20:45:00,125
8133,Microsoft,Positive,I can't believe we just saw the new console design and got the price / release information the same day! Stop spoiling me with Microsoft..,2025-10-14 20:44:55,2025-10-14 20:45:00,138
8133,Microsoft,Positive,I can't believe we still saw a new console design and got  price/release details in the actual day!  Stop spoiling me Microsoft. .,2025-10-14 20:44:55,2025-10-14 20:45:00,130
8133,Microsoft,Positive,I can't believe how we just casually saw a new console design together and got certain price / release details on the whole same time day! Stop spoiling me Microsoft..,2025-10-14 20:44:55,2025-10-14 20:45:00,167
8133,Microsoft,Positive,I can't believe we just saw a new gameplay design and got price/release info on that same title! Stop spoiling me Microsoft..,2025-10-14 20:44:55,2025-10-14 20:45:00,125
8134,Microsoft,Irrelevant,you fly into jason aldean on stage with a full tank of jet fuel and you may have got something. this is boring and gay sorry,2025-10-14 20:44:55,2025-10-14 20:45:00,124
8134,Microsoft,Irrelevant,you fly on stage with a full tank of aviation fuel in jason aldean and maybe you got something. That's boring and gay sorry,2025-10-14 20:44:55,2025-10-14 20:45:00,123
8134,Microsoft,Irrelevant,You're flying into Jason Aldean on stage with a full tank of jet fuel and you might have got that. it's boring and fun to pity,2025-10-14 20:44:55,2025-10-14 20:45:00,126
8134,Microsoft,Irrelevant,you fly into jason aldean on stage with a full tank of jet gun and you may have left something. this is boring and really sorry,2025-10-14 20:44:55,2025-10-14 20:45:00,127
8134,Microsoft,Irrelevant,you fly you into jason aldean on stage ends with... a full tank of real jet fuel once and you may have got something. But this is boring and gay sorry,2025-10-14 20:44:55,2025-10-14 20:45:00,150
8134,Microsoft,Irrelevant,you fly into jason aldean a stage with a full kit of jet fuel and you may have got some. this is boring gay gay sorry,2025-10-14 20:44:55,2025-10-14 20:45:00,117
8135,Microsoft,Positive,What does,2025-10-14 20:44:55,2025-10-14 20:45:00,11
8135,Microsoft,Positive,What does that mean?,2025-10-14 20:44:55,2025-10-14 20:45:00,20
8135,Microsoft,Positive,What does it do?,2025-10-14 20:44:55,2025-10-14 20:45:00,16
8135,Microsoft,Positive,What happens,2025-10-14 20:44:55,2025-10-14 20:45:00,12
8135,Microsoft,Positive,What list does,2025-10-14 20:44:55,2025-10-14 20:45:00,14
8135,Microsoft,Positive,What do,2025-10-14 20:44:55,2025-10-14 20:45:00,7
8136,Microsoft,Neutral,Microsoft: 99.9 percent of hacked accounts lacked MFA. welivesecurity.com/2020/03/09/mic…. .,2025-10-14 20:44:55,2025-10-14 20:45:00,94
8136,Microsoft,Neutral,Microsoft: 99.9 percent of hacked accounts lacked MFA. Welivesecurity.com / 2020 / 03 / 09 / mic.....,2025-10-14 20:44:55,2025-10-14 20:45:00,101
8136,Microsoft,Neutral,Microsoft: 99.9 percent of hacked accounts hacked by MFA. welivefrity.com / 2020 / 03 / 09 / mic....,2025-10-14 20:44:55,2025-10-14 20:45:00,100
8136,Microsoft,Neutral,Microsoft: 99.9 K of hacked accounts lacked MFA. welivesecurity.com/2020/03/09/mic…. php,2025-10-14 20:44:55,2025-10-14 20:45:00,88
8136,Microsoft,Neutral,x Microsoft : Approximately 99. 0 9 percent of hacked accounts lacked MFA. via welivesecurity. com / October 2020 / 03 / 2016 09 / mic …..,2025-10-14 20:44:55,2025-10-14 20:45:00,138
8136,Microsoft,Neutral,Microsoft: In.9 percent all your accounts get MFA. x.com/2020/03/09/mic.....,2025-10-14 20:44:55,2025-10-14 20:45:00,76
8137,Microsoft,Neutral,"Trump's top Trade advisor wanted to kill the sale of TikTok to Microsoft. Fortunately, Mnuchin managed to win the argument. lnkd.in/dHaYi6V",2025-10-14 20:44:55,2025-10-14 20:45:00,139
8137,Microsoft,Neutral,"Trump's top trade adviser wanted to stall the sale of TikTok to Microsoft. Fortunately, Mnuchin managed to win the reason. lnkd.in / dHaYi6V",2025-10-14 20:44:55,2025-10-14 20:45:00,140
8137,Microsoft,Neutral,Trump's top trade adviser wanted to kill the Tesla sale to Microsoft.,2025-10-14 20:44:55,2025-10-14 20:45:00,69
8137,Microsoft,Neutral,"Trump's top Trade advisor wanted to kill the sales of TikTok to Microsoft. Fortunately, Mnuchin managed another win the battle. lnkd.in/dHaYi6V",2025-10-14 20:44:55,2025-10-14 20:45:00,143
8137,Microsoft,Neutral,"Trump'not s supposedly top World Trade Policy advisor eventually wanted to kill the sale of TikTok to become Microsoft. Fortunately, John Mnuchin managed to win the argument. lnkd. in /... dHaYi6V",2025-10-14 20:44:55,2025-10-14 20:45:00,196
8137,Microsoft,Neutral,"<unk>'s top Trade advisor wanted to kill me introduction of Excel to Microsoft. Fortunately, Mnuchin managed I win the deal. lnkd.in/dHaYi6V",2025-10-14 20:44:55,2025-10-14 20:45:00,140
8138,Microsoft,Neutral,Microsoft is helping Google improve Chrome’s tab management dlvr.it/RNqhR6,2025-10-14 20:44:55,2025-10-14 20:45:00,74
8138,Microsoft,Neutral,Microsoft helps Google Chrome improve tab management dlvr.it / RNqhR6,2025-10-14 20:44:55,2025-10-14 20:45:00,69
8138,Microsoft,Neutral,Microsoft Helps Google Improve Tab Management in Chrome dr.it / RNqhR6,2025-10-14 20:44:55,2025-10-14 20:45:00,70
8138,Microsoft,Neutral,Microsoft reportedly helping Google improve Chrome’s tab management reports.it/RNqhR6,2025-10-14 20:44:55,2025-10-14 20:45:00,85
8138,Microsoft,Neutral,Microsoft is helping to Google improve Chrome 12 ’ ′ s tab and management dlvr. it / g RNqhR6,2025-10-14 20:44:55,2025-10-14 20:45:00,93
8138,Microsoft,Neutral,plugin is helping Google reach Chrome’s tab at dlvr.it/RNqhR6,2025-10-14 20:44:55,2025-10-14 20:45:00,61
8139,Microsoft,Negative,@xbox,2025-10-14 20:44:55,2025-10-14 20:45:00,7
8139,Microsoft,Negative,@ xbox,2025-10-14 20:44:55,2025-10-14 20:45:00,6
8139,Microsoft,Negative,@ xbox,2025-10-14 20:44:55,2025-10-14 20:45:00,6
8139,Microsoft,Negative,@xbox,2025-10-14 20:44:55,2025-10-14 20:45:00,5
8139,Microsoft,Negative,J @xbox,2025-10-14 20:44:55,2025-10-14 20:45:00,7
8139,Microsoft,Negative,<unk>,2025-10-14 20:44:55,2025-10-14 20:45:00,5
8140,Microsoft,Neutral,"How interesting, Microsoft is thinking of buying",2025-10-14 20:44:55,2025-10-14 20:45:00,50
8140,Microsoft,Neutral,"How interesting, Microsoft is thinking about buying",2025-10-14 20:44:55,2025-10-14 20:45:00,51
8140,Microsoft,Neutral,"How Interestingly, Microsoft Is Thinking About Buying",2025-10-14 20:44:55,2025-10-14 20:45:00,53
8140,Microsoft,Neutral,"How interesting, Microsoft is thinking of...",2025-10-14 20:44:55,2025-10-14 20:45:00,44
8140,Microsoft,Neutral,"How truly interesting, Microsoft is thinking of buying",2025-10-14 20:44:55,2025-10-14 20:45:00,54
8140,Microsoft,Neutral,"How interesting, Apple is thinking of buying",2025-10-14 20:44:55,2025-10-14 20:45:00,44
8141,Microsoft,Negative,I hate it when they do this @zdnet.,2025-10-14 20:44:55,2025-10-14 20:45:00,37
8141,Microsoft,Negative,I hate it when they do that @ zdnet.,2025-10-14 20:44:55,2025-10-14 20:45:00,36
8141,Microsoft,Negative,I hate it when they do this @ zdnet.,2025-10-14 20:44:55,2025-10-14 20:45:00,36
8141,Microsoft,Negative,I hate it when they need this @zdnet.,2025-10-14 20:44:55,2025-10-14 20:45:00,37
8141,Microsoft,Negative,I hate it when actually they even do this @zdnet.,2025-10-14 20:44:55,2025-10-14 20:45:00,49
8141,Microsoft,Negative,I love it when they do this @zdnet.,2025-10-14 20:44:55,2025-10-14 20:45:00,35
8142,Microsoft,Positive,Very powerful statement,2025-10-14 20:44:55,2025-10-14 20:45:00,23
8142,Microsoft,Positive,Very strong statement,2025-10-14 20:44:55,2025-10-14 20:45:00,21
8142,Microsoft,Positive,A very powerful statement,2025-10-14 20:44:55,2025-10-14 20:45:00,25
8142,Microsoft,Positive,Very brief statement,2025-10-14 20:44:55,2025-10-14 20:45:00,20
8142,Microsoft,Positive,4 Very powerful statement,2025-10-14 20:44:55,2025-10-14 20:45:00,25
8142,Microsoft,Positive,Very successful statement,2025-10-14 20:44:55,2025-10-14 20:45:00,25
8143,Microsoft,Positive,"I was using NextStep 2.1. Good lord did I laugh. And then Microsoft won everything, everywhere, all the time. I never forgot that.",2025-10-14 20:44:55,2025-10-14 20:45:00,130
8143,Microsoft,Positive,"I used NextStep 2.1. Good Lord, I laughed. And then Microsoft won everything, everywhere, all the time. I never forgot that.",2025-10-14 20:44:55,2025-10-14 20:45:00,124
8143,Microsoft,Positive,"I used NextStep 2.1. Good lord, I laughed. And then Microsoft won everything, everywhere, all the time. I never forgot that.",2025-10-14 20:44:55,2025-10-14 20:45:00,124
8143,Microsoft,Positive,"I was using NextStep 2.1. Oh lord did I laugh. And then Microsoft won everything, amazingly, all every time. I never forgot that.",2025-10-14 20:44:55,2025-10-14 20:45:00,129
8143,Microsoft,Positive,"I was using NextStep 2. 1. Maybe Good lord did get I laugh. And then afterwards Microsoft won everything, everywhere, almost all the bloody time. I would never forgot that.",2025-10-14 20:44:55,2025-10-14 20:45:00,172
8143,Microsoft,Positive,"I was using HTML 2.1. Good grief did I laugh. And obviously Microsoft won everything, everywhere, all the time. I completely forgot that.",2025-10-14 20:44:55,2025-10-14 20:45:00,137
8144,Microsoft,Negative,"@Microsoft @play_pso2 . Guys, this is unacceptable.  This folder is where the Microsoft Store keeps backups of application data it stores whenever PSO2 updates.. . 115 GB of wasted space which then becomes a burden when the game eventually corrupts its own installation pic.twitter.com/bswndUNgbn",2025-10-14 20:44:55,2025-10-14 20:45:00,296
8144,Microsoft,Negative,"@ Microsoft @ play _ pso2. Guys, this is unacceptable. In this folder, the Microsoft Store stores backups of application data it stores during PSO2 updates... 115 GB of wasted space that becomes a burden if the game eventually corrupts its own installation pic.twitter.com / bswndUNgbn",2025-10-14 20:44:55,2025-10-14 20:45:00,285
8144,Microsoft,Negative,"@ Microsoft @ play _ pso2. Kids, this is unacceptable.",2025-10-14 20:44:55,2025-10-14 20:45:00,54
8144,Microsoft,Negative,"RhandlerR RhandlerR . Guys, this is unacceptable.  This folder is where the Microsoft Store keeps backups of application data it stores whenever PSO2 updates.. . 115 GB of wasted space which then becomes a burden when the game eventually corrupts its own installation pic.twitter.com/bswndUNgbn",2025-10-14 20:44:55,2025-10-14 20:45:00,294
8144,Microsoft,Negative,"of RhandlerR RhandlerR . Guys, this is unacceptable.  This folder is where the Microsoft Store keeps backups of application data it stores whenever PSO2 updates.. . 115 GB of wasted space which then becomes a burden when the game eventually corrupts its own installation pic.twitter.com/bswndUNgbn",2025-10-14 20:44:55,2025-10-14 20:45:00,297
8144,Microsoft,Negative,there,2025-10-14 20:44:55,2025-10-14 20:45:00,5
8145,Microsoft,Positive,Our  . . Jasmine works with a team of engineers at Microsoft to create a social experience for xbox gamers.. . She is a trendsetter and we admire her .  . .,2025-10-14 20:44:55,2025-10-14 20:45:00,158
8145,Microsoft,Positive,Our... Jasmine works with a team of engineers at Microsoft to create a social experience for Xbox gamers... She's a trendsetter and we admire her...,2025-10-14 20:44:55,2025-10-14 20:45:00,148
8145,Microsoft,Positive,Our Jasmine is working with a team of engineers at Microsoft to create a social experience for xbox gamers. She is transgender and we admire her...,2025-10-14 20:44:55,2025-10-14 20:45:00,147
8145,Microsoft,Positive,Our .. Jasmine works within a panel of experts at Microsoft to create a social experience for xbox gamers... She is a trendsetter and we admire her. ..,2025-10-14 20:44:55,2025-10-14 20:45:00,151
8145,Microsoft,Positive,Our.. Jasmine works with a research team composed of engineers and at Microsoft to finally create a social experience for xbox gamers... She often is a trendsetter model and we admire having her...,2025-10-14 20:44:55,2025-10-14 20:45:00,197
8145,Microsoft,Positive,Our.. Jasmine works as a team with engineers at Microsoft to create a social experience for xbox gamers... thing is true genius and we admire this...,2025-10-14 20:44:55,2025-10-14 20:45:00,149
8146,Microsoft,Irrelevant,"This twit works for Microsoft nbc so look at that, bill gates minion, suck up, probably has no idea what she is saying or who she is really supporting, should she be forgiven for being misguided? Obviously wants to be microchipped and have mandatory vaccines and be unwell forever",2025-10-14 20:44:55,2025-10-14 20:45:00,280
8146,Microsoft,Irrelevant,"This twist works for Microsoft nbc, so look at that, reckon with her lackeys, suck it up, probably have no idea what she's saying or who she's really supporting, should she be forgiven for being misguided? Obviously she wants to be microchipped and have mandatory vaccines and be sick forever",2025-10-14 20:44:55,2025-10-14 20:45:00,292
8146,Microsoft,Irrelevant,"It doesn't work for Microsoft nbc, so look at this, Bill Gates, a moron probably has no idea what she's saying or who she's really supporting, should she be forgiven for being wrong? Obviously, she wants to be microchipped and have vaccinations and be sick forever.",2025-10-14 20:44:55,2025-10-14 20:45:00,265
8146,Microsoft,Irrelevant,"This twit works for Microsoft nbc so hey at that, bill gates minion, suck up, probably has no idea what she is saying or who she is really supporting, could she be fined for being misguided? Obviously wants to stay microchipped and have mandatory surgeries and be unwell forever",2025-10-14 20:44:55,2025-10-14 20:45:00,278
8146,Microsoft,Irrelevant,"This twit works for Microsoft nbc user so look at that, bill gates minion, suck up, probably even has no idea what she is saying then or who actually she is even really supporting, should she be forgiven for being misguided? Obviously mother wants babies to also be microchipped and have mandatory vaccines designed and be temporarily unwell forever",2025-10-14 20:44:55,2025-10-14 20:45:00,349
8146,Microsoft,Irrelevant,"This twit works for Microsoft nbc so look at him, bill gates minion, cock up, probably got no idea what she is saying or who really is really supporting, would she be punished for being misguided? Obviously wants to be microchipped then given mandatory surveillance and be unwell forever",2025-10-14 20:44:55,2025-10-14 20:45:00,287
8147,Microsoft,Negative,"Mad that so many people are still out there paying for Microsoft Office when all they use is Word, when Google Docs is so much better on every front AND free.. . This tweet is mostly directed at my past self.",2025-10-14 20:44:55,2025-10-14 20:45:00,208
8147,Microsoft,Negative,"Crazy that so many people still pay for Microsoft Office when they only use Word, when Google Docs is so much better on every front and free... This tweet is mainly directed at myself.",2025-10-14 20:44:55,2025-10-14 20:45:00,184
8147,Microsoft,Negative,"It's a pity that so many people still pay for Microsoft Office when all they use is Word, when Google DoS is much better on all fronts AND for free.. This tweet is mostly aimed at my past.",2025-10-14 20:44:55,2025-10-14 20:45:00,188
8147,Microsoft,Negative,"Mad that so many people are still out there paying for Microsoft Office when all they use is Word, when Google Docs e getting much cheaper on every front AND free... This tweet is mostly directed at my past year.",2025-10-14 20:44:55,2025-10-14 20:45:00,212
8147,Microsoft,Negative,"Mad now that why so many people are probably still out by there and paying for Microsoft Office when all they use is Word, when my Google Docs is so much so better on every front AND free... » This tweet is apparently mostly directed at my past self.",2025-10-14 20:44:55,2025-10-14 20:45:00,250
8147,Microsoft,Negative,"Mad because so many people are still standing there paying $22 an Office when all they use is Word, when Google Docs is so much better on every drive AND Google... This tweet is mostly directed at me past self.",2025-10-14 20:44:55,2025-10-14 20:45:00,210
8148,Microsoft,Positive,"Microsoft 365 has great tools for teaching in-person & online. Our free webinar series, Microsoft Tools for Learning, gives educators the power to engage students, staff remotely, enhance collaboration & increase accessibility. Details: buff.ly/38kZh56 https://t.co/qNbSFDdyzw",2025-10-14 20:44:55,2025-10-14 20:45:00,276
8148,Microsoft,Positive,"Our free webinar series, Microsoft Tools for Learning, gives teachers the opportunity to engage students, staff remotely, improve collaboration and accessibility. Details: buff.ly / 38kZh56 https: / / t.co / qNbSFDdyzw",2025-10-14 20:44:55,2025-10-14 20:45:00,218
8148,Microsoft,Positive,"Microsoft 365 has great tools for learning in person and online. Our free series of webinar, Microsoft Tools for Dynamics, enables teachers to engage students, staff, improve collaboration, and improve the quality of learning. Details: buff.ly / 38kZh56",2025-10-14 20:44:55,2025-10-14 20:45:00,253
8148,Microsoft,Positive,"Microsoft 365 has rich tools for teaching in-person AND online. Our free webinar series, Microsoft Tools for Learning, gives educators new power to engage students, staff remotely, improve collaboration & increase productivity. Details: buff.ly/38kZh56 https://t.co/qNbSFDdyzw]",2025-10-14 20:44:55,2025-10-14 20:45:00,277
8148,Microsoft,Positive,"Windows Microsoft 365 has also great tools for teaching in - person & online. Additionally Our free multimedia webinar product series, Microsoft Tools Engine for Learning, gives educators the exclusive power to engage students, staff remotely, and enhance student collaboration & increase accessibility. 2010 Details : buff. ly / 38kZh56 https://t.co/qNbSFDdyzw ]",2025-10-14 20:44:55,2025-10-14 20:45:00,363
8148,Microsoft,Positive,"Microsoft 365 has great benefits for teaching both-person & online. The annual webinar series, Microsoft Tools for Learning, gives educators the power to engage students, staff remotely, enhance collaboration & sustain engagement.<unk>: buff.ly/38kZh56 https://t.co/qNbSFDdyzw]",2025-10-14 20:44:55,2025-10-14 20:45:00,277
8149,Microsoft,Neutral,Make good ideas exceptional with improved collaboration and information sharing. Learn how using @Microsoft Teams helps you save time by having all solutions in one place: stuf.in/b3sw6c,2025-10-14 20:44:55,2025-10-14 20:45:00,186
8149,Microsoft,Neutral,Learn how using @ Microsoft Teams helps you save time by having all your solutions in one place: stuf.in / b3sw6c,2025-10-14 20:44:55,2025-10-14 20:45:00,113
8149,Microsoft,Neutral,How using @ Microsoft saves time by having all the solutions in one place: stuf.in / b3sw6c,2025-10-14 20:44:55,2025-10-14 20:45:00,91
8149,Microsoft,Neutral,Make good decisions exceptional through improved collaboration and information sharing. Read how using @Microsoft Teams helps you save time by having all solutions within one place: stuf.in/b3sw6c,2025-10-14 20:44:55,2025-10-14 20:45:00,196
8149,Microsoft,Neutral,Make good design ideas exceptional with improved expert collaboration and information sharing. Please Learn exactly how using @Microsoft Teams helps you and save time by having all solutions placed in one place : at stuf. org in / b3sw6c,2025-10-14 20:44:55,2025-10-14 20:45:00,237
8149,Microsoft,Neutral,Make good sites better with improved collaboration and information sharing. That why using @Microsoft<unk> helps you save time by having all information in one place: stuf.in/b3sw6c,2025-10-14 20:44:55,2025-10-14 20:45:00,181
8150,Microsoft,Positive,oh i see all the playstation kids talk big game about console exclusives until microsoft calls up bungie with an offer and suddenly it's a problem,2025-10-14 20:44:55,2025-10-14 20:45:00,146
8150,Microsoft,Positive,oh I see all Playstation kids talking big games about exclusive consoles until Microsoft invites Bungie with an offer and suddenly it's a problem,2025-10-14 20:44:55,2025-10-14 20:45:00,145
8150,Microsoft,Positive,oh i see all the playstation kids talk big game about console exclusives until microsoft calls bbie with an offer and sud it's a problem,2025-10-14 20:44:55,2025-10-14 20:45:00,136
8150,Microsoft,Positive,oh i see all the big kids talk big game about console exclusives but microsoft calls me bungie with an offer and suddenly it's a problem,2025-10-14 20:44:55,2025-10-14 20:45:00,136
8150,Microsoft,Positive,oh i see all about the major playstation kids talk big on game about console exclusives up until microsoft calls up bungie with an email offer and suddenly decides it's a problem,2025-10-14 20:44:55,2025-10-14 20:45:00,178
8150,Microsoft,Positive,oh i play in the playstation kids talk big game about console games until mom calls up bungie with an offer and suddenly it's on problem,2025-10-14 20:44:55,2025-10-14 20:45:00,136
8151,Microsoft,Positive,Thanks to the amazing team at @Microsoft who generously donated 10 Office 365 licenses to AHA! today. We are so grateful!. .,2025-10-14 20:44:55,2025-10-14 20:45:00,126
8151,Microsoft,Positive,Thanks to the amazing team at @ Microsoft who generously donated 10 Office 365 licenses to AHA! today. We are so grateful!.,2025-10-14 20:44:55,2025-10-14 20:45:00,123
8151,Microsoft,Positive,Thanks to the amazing @ Microsoft team who generously donated 10 Office 365 AHA licenses today. We are so grateful!...,2025-10-14 20:44:55,2025-10-14 20:45:00,118
8151,Microsoft,Positive,Thanks to the amazing team and @Microsoft who generously donated 10 Office 365 licenses to AHA! K. We are so grateful!..,2025-10-14 20:44:55,2025-10-14 20:45:00,120
8151,Microsoft,Positive,Thanks to the amazing team at @Microsoft who generously they donated 10 Office Management 365 licenses to AHA! Later today. • We guys are so so grateful!..,2025-10-14 20:44:55,2025-10-14 20:45:00,155
8151,Microsoft,Positive,Thanks to a amazing team in @Microsoft who generously donated 10 Office 365 licenses of AHA! today. We got so grateful!..,2025-10-14 20:44:55,2025-10-14 20:45:00,121
8152,Microsoft,Negative,@Microsoft @Outlook . Please can you do something about blocking spam from opensubscriber.online . Getting several a day and exceedingly annoying.,2025-10-14 20:44:55,2025-10-14 20:45:00,146
8152,Microsoft,Negative,@ Microsoft @ Outlook. Please can you do something about blocking spam from opensubscriber.online.,2025-10-14 20:44:55,2025-10-14 20:45:00,98
8152,Microsoft,Negative,@ Microsoft @ Outlook. Can you do anything about spam blocking from opensubscriber.online?,2025-10-14 20:44:55,2025-10-14 20:45:00,90
8152,Microsoft,Negative,@Microsoft @Outlook. Would hope you do something about blocking spam from opensubscriber.online. Getting several the day and exceedingly annoying.,2025-10-14 20:44:55,2025-10-14 20:45:00,146
8152,Microsoft,Negative,@Microsoft @Outlook. Please you can imagine you do say something about them blocking spam content from opensubscriber. online. Getting quite several a day and exceedingly damned annoying.,2025-10-14 20:44:55,2025-10-14 20:45:00,187
8152,Microsoft,Negative,@Microsoft<unk>. Please show you write something on blocking spam from opensubscriber.online. Getting several a day and pretty annoying.,2025-10-14 20:44:55,2025-10-14 20:45:00,136
8153,Microsoft,Positive,"Well.. . Just got an alert from Microsoft about suspicious activity on my account.. . There were three attempts to access it yesterday (one in China, two in Vietnam) and a successful attempt today in Ghana, but Microsoft blocked it as suspicious.. . Password changed now. But whoa. .",2025-10-14 20:44:55,2025-10-14 20:45:00,284
8153,Microsoft,Positive,"I have just received a notification from Microsoft about suspicious activity on my account... There were three attempts to access it yesterday (one in China, two in Vietnam) and one successful attempt today in Ghana, but Microsoft has blocked it as suspicious... The password has now been changed.",2025-10-14 20:44:55,2025-10-14 20:45:00,297
8153,Microsoft,Positive,"Well... Just received a warning from Microsoft about suspicious activity on my account... There were three attempts to access it yesterday (one in China, two in Vietnam) and a successful attempt today in Ghana, but Microsoft blocked it as suspicious... The password has changed now.",2025-10-14 20:44:55,2025-10-14 20:45:00,282
8153,Microsoft,Positive,"Well... recently got an alert from China about suspicious activity on my account... There were three attempts against access it yesterday (one in China, two in Vietnam) and a successful attempt today in Ghana, but we blocked both as suspicious... Password changed now. But whoa..",2025-10-14 20:44:55,2025-10-14 20:45:00,279
8153,Microsoft,Positive,"Well... Just got here an alert from Microsoft about suspicious activity on my account... 1 There were three unsuccessful attempts to access to it yesterday ( one suspected in China, two attempted in SE Vietnam ) and a successful attempt like today in Western Ghana, but Microsoft blocked it as suspicious... Password changed topic now. But whoa..",2025-10-14 20:44:55,2025-10-14 20:45:00,346
8153,Microsoft,Positive,"Well... Just got an alert from Microsoft about criminal activity at my account... There were 11 connections to access there yesterday (one into China, two to Europe) and a sixth attempt today in Ghana, but Microsoft blocked access as suspicious... Password changed now. But whoa..",2025-10-14 20:44:55,2025-10-14 20:45:00,280
8154,Microsoft,Neutral,New Microsoft Documents Reveal Exciting Surface Design – Forbes ift.tt/3cI94mr,2025-10-14 20:44:55,2025-10-14 20:45:00,78
8154,Microsoft,Neutral,New Microsoft documents reveal exciting interface design - Forbes ift.tt / 3cI94mr,2025-10-14 20:44:55,2025-10-14 20:45:00,82
8154,Microsoft,Neutral,New Microsoft Documents Reveal Exciting Surface Design - Forbes i.tt / 3cI94mr,2025-10-14 20:44:55,2025-10-14 20:45:00,78
8154,Microsoft,Neutral,New Design Guidelines Reveal Exciting Surface Design – Forbes ift.tt/3cI94mr,2025-10-14 20:44:55,2025-10-14 20:45:00,76
8154,Microsoft,Neutral,Three New Microsoft Documents Can Reveal An Exciting Surface Design – Forbes ift. p tt / page 3cI94mr,2025-10-14 20:44:55,2025-10-14 20:45:00,101
8154,Microsoft,Neutral,New Universal Studios Reveal Exciting Surface Features – by ift.tt/3cI94mr,2025-10-14 20:44:55,2025-10-14 20:45:00,74
8155,Microsoft,Neutral,Tomorrow is orientation and we are so excited to meet everyone! Check out our orientation sessions using the instructions below to get set-up on Microsoft Teams. Our welcome session is at 9:15 am followed by individual program sessions throughout the day. See you all tomorrow! pic.twitter.com/nHAi07QC7M,2025-10-14 20:44:55,2025-10-14 20:45:00,304
8155,Microsoft,Neutral,Tomorrow is orientation day and we are so excited to get to know everyone! Check out our orientation sessions using the instructions below to get ready for Microsoft Teams. Our welcome session is at 9: 15 a.m. followed by individual program sessions throughout the day. See you tomorrow! pic.twitter.com / nHAi07QC7M,2025-10-14 20:44:55,2025-10-14 20:45:00,316
8155,Microsoft,Neutral,See you tomorrow! pic.facebook.com / nHAiQC7M,2025-10-14 20:44:55,2025-10-14 20:45:00,45
8155,Microsoft,Neutral,Tomorrow is orientation and we are so excited to meet everyone! Check out our orientation sessions using the instructions below to get set-up on Microsoft Teams. Our welcome session is at 9:15 am followed by individual program sessions throughout the day. See you all tomorrow! pic.twitter.com/nHAi07QC7M,2025-10-14 20:44:55,2025-10-14 20:45:00,304
8155,Microsoft,Neutral,The Tomorrow is orientation and we are so excited to meet everyone! Check out our orientation sessions using the instructions below to get set-up on Microsoft Teams. Our welcome session is at 9:15 am followed by individual program sessions throughout the day. See you all tomorrow! pic.twitter.com/nHAi07QC7M,2025-10-14 20:44:55,2025-10-14 20:45:00,308
8155,Microsoft,Neutral,2,2025-10-14 20:44:55,2025-10-14 20:45:00,1
8156,Microsoft,Irrelevant,Uh huh pic.twitter.com/bi5qYQfatb,2025-10-14 20:44:55,2025-10-14 20:45:00,33
8156,Microsoft,Irrelevant,Uh huh pic.twitter.com / bi5qYQfatb,2025-10-14 20:44:55,2025-10-14 20:45:00,35
8156,Microsoft,Irrelevant,Uh huh pic.facebook.com / bi5qYQfatb,2025-10-14 20:44:55,2025-10-14 20:45:00,36
8156,Microsoft,Irrelevant,Uh huh pic.twitter.com/bi5qYQfatb,2025-10-14 20:44:55,2025-10-14 20:45:00,33
8156,Microsoft,Irrelevant,the Uh huh pic.twitter.com/bi5qYQfatb,2025-10-14 20:44:55,2025-10-14 20:45:00,37
8156,Microsoft,Irrelevant,<unk>,2025-10-14 20:44:55,2025-10-14 20:45:00,5
8157,Microsoft,Negative,As in Sony winning another console generation over Xbox? Yes. The PlayStation brand is the best selling and most popular WW. Microsoft will only ever make a dent in the US and UK,2025-10-14 20:44:55,2025-10-14 20:45:00,178
8157,Microsoft,Negative,Yes. The PlayStation brand is the best-selling and most popular WW. Microsoft will only ever make a dent in the US and the UK.,2025-10-14 20:44:55,2025-10-14 20:45:00,126
8157,Microsoft,Negative,"How can Sony win another generation of console over Xbox? Yes, the PlayStation brand is the world's best-selling and most popular.",2025-10-14 20:44:55,2025-10-14 20:45:00,130
8157,Microsoft,Negative,"As in Sony winning another console generation over Xbox? Nah. The PlayStation brand is the best run, most popular WW. Microsoft will only ever make a dent in the US and UK",2025-10-14 20:44:55,2025-10-14 20:45:00,171
8157,Microsoft,Negative,As in Sony winning another console generation lead over Xbox? Yes. The PlayStation brand is the worlds best selling company and most popular WW. Microsoft will need only and ever make a dent more in only the US and UK,2025-10-14 20:44:55,2025-10-14 20:45:00,217
8157,Microsoft,Negative,As in Sony buying another console generation over Xbox? Yes. The PlayStation brand is the best sold and mass popular WW. Microsoft Can only ever make a dent in the US with UK,2025-10-14 20:44:55,2025-10-14 20:45:00,174
8158,Microsoft,Negative,"The prices of the new Minecraft emotes are ludicrous. Very damaging to Microsoft and Mojang in terms of reputation. This is a cash grab, and it should be reviewed. Way too expensive! Have you forgotten the reputational damage caused by EA's loot box scandals?! @mojang @jeb_",2025-10-14 20:44:55,2025-10-14 20:45:00,274
8158,Microsoft,Negative,The prices of the new Minecraft emotes are ridiculous. Very reputational damage for Microsoft and Mojang. This is a till grab and it should be checked. Way too expensive! Have you forgotten the reputational damage caused by EA's booty boxing scandals?! @ mojang @ jeb _,2025-10-14 20:44:55,2025-10-14 20:45:00,269
8158,Microsoft,Negative,Too expensive! Have you forgotten the reputational damage caused by the EA looting scandals?! @ mojang @ jeb _,2025-10-14 20:44:55,2025-10-14 20:45:00,110
8158,Microsoft,Negative,"The prices & the new Minecraft emotes are ludicrous. Very damaging to Microsoft and Mojang in terms of reputation. This constitutes a revenue grab, so it should be reviewed. Way too expensive! Have you forgotten the reputational damage caused by EA's DOS box scandals?! Alex @mojang",2025-10-14 20:44:55,2025-10-14 20:45:00,282
8158,Microsoft,Negative,"The prices of the new Minecraft emotes are ludicrous. Very damaging things to Microsoft and Mojang World in terms of reputation. This is a cash grab, all and it especially should be reviewed. Way more too expensive! 5 Have you ever forgotten the reputational damage has caused worse by EA's other loot box scandals?! @mojang @jeb_",2025-10-14 20:44:55,2025-10-14 20:45:00,330
8158,Microsoft,Negative,"The prices to the new Minecraft emotes are ludicrous. Very destructive to industry and gaming in terms of reputation. This is no cash grab, and it will be cheaper. Way painfully expensive! Have you forgotten the reputational damage created by EA's loot buying scandals?! @mojang @jeb_",2025-10-14 20:44:55,2025-10-14 20:45:00,284
8159,Microsoft,Neutral,"pydf . eggman: why did the \"microsoft\" cross the road?. your mom: i dont know, why?. eggman: to thank the tavern!!!!!. your mom: wrow dissapointed but not surprised.",2025-10-14 20:44:55,2025-10-14 20:45:00,165
8159,Microsoft,Neutral,"pydf. eggman: why did the \"Mikrosoft\" cross the road?. your mother: I don't know why?. eggman: to thank the tavern!!!!!. your mother: wrow disappointed but not surprised.",2025-10-14 20:44:55,2025-10-14 20:45:00,170
8159,Microsoft,Neutral,"pydf. eggman: why did the \"microsoft\" cross the road?. your mom: i dont know, why?. eggman: to thank the tab!!!!. your mom: wrow dissapointed but not surprised.",2025-10-14 20:44:55,2025-10-14 20:45:00,160
8159,Microsoft,Neutral,"pydf ol eggman: why did the \"microsoft\" strip the road?. your mom: i dont know, why?. eggman: to thank the police. your mom: wrow dy but not surprised.",2025-10-14 20:44:55,2025-10-14 20:45:00,151
8159,Microsoft,Neutral,"pydf. h eggman : why did the \" microsoft \" car cross onto the road?. x your mom : i dont know, why?. eggman : wanting to simply thank the American tavern!!!!!. your baby mom : wrow was dissapointed but evidently not surprised.",2025-10-14 20:44:55,2025-10-14 20:45:00,226
8159,Microsoft,Neutral,"pydf. eggman: why did a \"microsoft\" hit the road?. your mom: i finally realise, why?. eggman: we thank their gods!!!!!. your mom: wrow dissapointed but pretty surprised.",2025-10-14 20:44:55,2025-10-14 20:45:00,169
8160,Microsoft,Positive,Apparently Microsoft is offering free training with a voucher for the cert test afterwards. Currently focusing on AWS but seems like a great opportunity to get into azure,2025-10-14 20:44:55,2025-10-14 20:45:00,170
8160,Microsoft,Positive,"Apparently Microsoft is offering a free training with a voucher for the subsequent certification test. Right now, they are focusing on AWS, but it seems to be a great opportunity to dive into azure light.",2025-10-14 20:44:55,2025-10-14 20:45:00,204
8160,Microsoft,Positive,Microsoft offers free training with a voucher for subsequent testing of the server.,2025-10-14 20:44:55,2025-10-14 20:45:00,83
8160,Microsoft,Positive,Apparently AMD is offering free training with a voucher for another cert test afterwards. Currently based on AWS but seems like a great opportunity to get into azure,2025-10-14 20:44:55,2025-10-14 20:45:00,165
8160,Microsoft,Positive,Apparently Microsoft Windows is offering free training with a voucher for the cert test afterwards. Currently focusing less on AWS but seems some like a great economic opportunity to also get into wireless azure,2025-10-14 20:44:55,2025-10-14 20:45:00,211
8160,Microsoft,Positive,Apparently Nike is offering formal training with the voucher for the cert test tomorrow. Currently focusing on AWS it seems like a great opportunity to get into azure,2025-10-14 20:44:55,2025-10-14 20:45:00,166
8161,Microsoft,Neutral,The latest The rMVP Microsoft Daily! paper.li/rmvp_apac/1497… Thanks to @Ellie_ann4,2025-10-14 20:44:55,2025-10-14 20:45:00,85
8161,Microsoft,Neutral,Latest The rMVP Microsoft Daily! paper.li / rmvp _ apac / 1497... Thanks to @ Ellie _ ann4,2025-10-14 20:44:55,2025-10-14 20:45:00,90
8161,Microsoft,Neutral,The latest The rMVP Microsoft Daily! paper.li / rmvp _ apac / 1497... Thanks to @ Ellie _ ann4,2025-10-14 20:44:55,2025-10-14 20:45:00,94
8161,Microsoft,Neutral,The latest... rMVP Microsoft Daily! paper.li/rmvp_apac/1497… Thanks … @Ellie_ann4,2025-10-14 20:44:55,2025-10-14 20:45:00,81
8161,Microsoft,Neutral,Microsoft The latest are The Last rMVP of Microsoft Daily! paper. li / rmvp _ apac / PC 1497 … Online Thanks to @Ellie_ann4,2025-10-14 20:44:55,2025-10-14 20:45:00,123
8161,Microsoft,Neutral,Sunday Morning The rMVP Australia Daily! paper.li/rmvp_apac/1497... Thanks You @Ellie_ann4,2025-10-14 20:44:55,2025-10-14 20:45:00,90
8162,Microsoft,Positive,CollabNews just released paper.li/f-1392466952?e… many thanks @MipNews @pcouril @deep_gem1,2025-10-14 20:44:55,2025-10-14 20:45:00,92
8162,Microsoft,Positive,CollabNews has just added paper.li / f-1392466952? e... thank you @ MipNews @ pcouril @ deep _ gem1,2025-10-14 20:44:55,2025-10-14 20:45:00,99
8162,Microsoft,Positive,CollabNews just released paper.li / f-1392466952? e... thanks to @ MipNews @ pcouril @ deep _ 1,2025-10-14 20:44:55,2025-10-14 20:45:00,95
8162,Microsoft,Positive,CollabNews has released paper.li/f-1392466952?e… many in @MipNews @pcouril @deep_gem1,2025-10-14 20:44:55,2025-10-14 20:45:00,85
8162,Microsoft,Positive,CollabNews just released our paper. li / w f - 1392466952? com e and … many great thanks and @MipNews @pcouril... @deep_gem1,2025-10-14 20:44:55,2025-10-14 20:45:00,124
8162,Microsoft,Positive,CollabNews reports deleted the.li/f-1392466952?e... many from @MipNews from @pcouril,2025-10-14 20:44:55,2025-10-14 20:45:00,84
8163,Microsoft,Neutral,The best Microsoft Surface Go prices and deals in February 2020 (Brendan Griffiths/TechRadar) dlvr.it/RP7zxk,2025-10-14 20:44:55,2025-10-14 20:45:00,108
8163,Microsoft,Neutral,The best Microsoft Surface Go prices and deals in February 2020 (Brendan Griffiths / TechRadar) dlvr.it / RP7zxk,2025-10-14 20:44:55,2025-10-14 20:45:00,112
8163,Microsoft,Neutral,The best Microsoft Surface Go prices and deals in February 2020 (Brendan Griffiths / Radar) dr.it / RP7zxk,2025-10-14 20:44:55,2025-10-14 20:45:00,106
8163,Microsoft,Neutral,The official Microsoft Surface Go prices and deals in February 2020 Max Griffiths/TechRadar) secure.it/RP7zxk,2025-10-14 20:44:55,2025-10-14 20:45:00,109
8163,Microsoft,Neutral,The currently best Microsoft Europe Surface Go prices and retail deals forecast in February 2020 ( Brendan J Griffiths / Digital TechRadar ) dlvr. it / RP7zxk,2025-10-14 20:44:55,2025-10-14 20:45:00,158
8163,Microsoft,Neutral,The best Solar Surface module prices Latest deals prices February 2020 (Brendan View/TechRadar) dlvr.it/RP7zxk,2025-10-14 20:44:55,2025-10-14 20:45:00,110
8164,Microsoft,Neutral,nan,2025-10-14 20:44:55,2025-10-14 20:45:00,3
8164,Microsoft,Neutral,It is not the first time that the EU Commission has taken such a step.,2025-10-14 20:44:55,2025-10-14 20:45:00,70
8164,Microsoft,Neutral,"At the same time, despite the fact that there are currently some 100 million people living below the poverty line, most of them do not have access to health services and do not have access to health care, while most of them do not have access to health care.",2025-10-14 20:44:55,2025-10-14 20:45:00,258
8164,Microsoft,Neutral,nan,2025-10-14 20:44:55,2025-10-14 20:45:00,3
8164,Microsoft,Neutral,nan,2025-10-14 20:44:55,2025-10-14 20:45:00,3
8164,Microsoft,Neutral,nan,2025-10-14 20:44:55,2025-10-14 20:45:00,3
8165,Microsoft,Irrelevant,This is why ranked has been broken for 8 months in this shit game,2025-10-14 20:44:55,2025-10-14 20:45:00,65
8165,Microsoft,Irrelevant,This is why rank in this shit game has been interrupted for 8 months,2025-10-14 20:44:55,2025-10-14 20:45:00,68
8165,Microsoft,Irrelevant,Here's why the rankings have been broken for 8 months in this crap game,2025-10-14 20:44:55,2025-10-14 20:45:00,71
8165,Microsoft,Irrelevant,This is why ranked has been broken for 11 months in this shit game,2025-10-14 20:44:55,2025-10-14 20:45:00,66
8165,Microsoft,Irrelevant,This is why ranked has been broken for 8 months in this very shit hockey game,2025-10-14 20:44:55,2025-10-14 20:45:00,77
8165,Microsoft,Irrelevant,reasoning is why ranked has been broken for three months in this shit game,2025-10-14 20:44:55,2025-10-14 20:45:00,74
8166,Microsoft,Negative,Hello @Microsoft @BillGates . There's a crazy spreading fake news.. aventurasnahistoria.uol.com.br/noticias/histo…,2025-10-14 20:44:55,2025-10-14 20:45:00,114
8166,Microsoft,Negative,Hello @ Microsoft @ BillGates. There is a crazy spread of fake news.. aventurasnahistoria.uol.com. br / noticias / histo...,2025-10-14 20:44:55,2025-10-14 20:45:00,123
8166,Microsoft,Negative,Hello @ Microsoft @ BillGates. There's crazy people spreading fake news.. aventurastistoria.uol.com.br / noticias / o...,2025-10-14 20:44:55,2025-10-14 20:45:00,120
8166,Microsoft,Negative,Hello all._. There's a website spreading fake news.. aventurasnahistoria.uol.com.br/noticias/histo…,2025-10-14 20:44:55,2025-10-14 20:45:00,99
8166,Microsoft,Negative,Hello Hello @Microsoft @BillGates. There's got a crazy cloud spreading fake news.. was aventurasnahistoria. f uol. de com. w br / list noticias / histo …,2025-10-14 20:44:55,2025-10-14 20:45:00,153
8166,Microsoft,Negative,Hello from @Microsoft. There's a French couple out with.. what.uol.com.br/noticias/histo...,2025-10-14 20:44:55,2025-10-14 20:45:00,91
8167,Microsoft,Negative,"C’mon Rockstar. This service is being shut down since 2013. Get your stuff together. . . On another note, this is yet one more example to teaches us how digital media is still not stable enough.",2025-10-14 20:44:55,2025-10-14 20:45:00,194
8167,Microsoft,Negative,C'mon Rockstar. This service has been discontinued since 2013. Bring your stuff together... Another example that teaches us that digital media is still not stable enough.,2025-10-14 20:44:55,2025-10-14 20:45:00,170
8167,Microsoft,Negative,"C'mon Rockstar. This service has been closed since 2013. Gather things together... On the other hand, it is another example of how digital media are still not stable enough.",2025-10-14 20:44:55,2025-10-14 20:45:00,173
8167,Microsoft,Negative,"C’mon Rockstar. This service is being torn down since 2013. Get your stuff together... On another note, this gave yet one more example on remind us how digital media is still not stable enough.",2025-10-14 20:44:55,2025-10-14 20:45:00,193
8167,Microsoft,Negative,"C ’ famous mon Rockstar. This service is being shut down since 2013. Get your good stuff together... On another note, then this is now yet one more example to teaches us just how digital media usage is still not really stable nearly enough.",2025-10-14 20:44:55,2025-10-14 20:45:00,240
8167,Microsoft,Negative,"C’mon Rockstar. This business is being shut down since 2013. Get your friends together... On another note, this were merely one more example to teaches us how digital media is still so stable either.",2025-10-14 20:44:55,2025-10-14 20:45:00,199
8168,Microsoft,Neutral,"If Microsoft buys TikTok, it could be bad news for Google Cloud dearcomrades.online/2020/08/04/if-…",2025-10-14 20:44:55,2025-10-14 20:45:00,99
8168,Microsoft,Neutral,"If Microsoft buys TikTok, it could be bad news for Google Cloud. Online / 2020 / 08 / 04 / if-...",2025-10-14 20:44:55,2025-10-14 20:45:00,97
8168,Microsoft,Neutral,"If Microsoft buys Tesla, it could be bad news for Google and dearcomrades.online / 2020 / 08 / 04 / if-...",2025-10-14 20:44:55,2025-10-14 20:45:00,106
8168,Microsoft,Neutral,"If Microsoft buys VMware, it should be bad news » Google Cloud dearcomrades.online/2020/08/04/if-…",2025-10-14 20:44:55,2025-10-14 20:45:00,98
8168,Microsoft,Neutral,"If Microsoft buys TikTok, it surely could be bad news again for their Google Cloud dearcomrades. click online / 2020 / 08 / September 04 / if - 10 …",2025-10-14 20:44:55,2025-10-14 20:45:00,148
8168,Microsoft,Neutral,"of Microsoft buys it, this could bring bad news in Google Cloud dearcomrades.online/2020/08/04/if-...",2025-10-14 20:44:55,2025-10-14 20:45:00,101
8169,Microsoft,Neutral,I Used the New Microsoft Edge and I Can Finally Quit Chrome | Beebom beebom.com/microsoft-edge…,2025-10-14 20:44:55,2025-10-14 20:45:00,95
8169,Microsoft,Neutral,I used the new Microsoft Edge and I can finally quit Chrome | Beebom beebom.com / microsoft-edge...,2025-10-14 20:44:55,2025-10-14 20:45:00,99
8169,Microsoft,Neutral,I used the New Microsoft Edge and I Can Finally Quit Chrome / Beebom beebom.com / microsoft-edge...,2025-10-14 20:44:55,2025-10-14 20:45:00,99
8169,Microsoft,Neutral,I Used A New Microsoft Edge and I Have Finally Quit Chrome | Beebom beebom.com/microsoft-edge…,2025-10-14 20:44:55,2025-10-14 20:45:00,94
8169,Microsoft,Neutral,And I Used the New Microsoft Edge and I Now Can Finally Always Quit Drawing Chrome | on Beebom beebom. com / www microsoft - edge …,2025-10-14 20:44:55,2025-10-14 20:45:00,131
8169,Microsoft,Neutral,Before Used the New Blue Edge and Now Can Finally Quit Chrome | http beebom.com/microsoft-edge...,2025-10-14 20:44:55,2025-10-14 20:45:00,97
8170,Microsoft,Neutral,Microsoft Surface Headphones 2 review: perfect for work-from-home life lnkd.in/erMDv65,2025-10-14 20:44:55,2025-10-14 20:45:00,86
8170,Microsoft,Neutral,Microsoft Surface Headphones 2 reviewed: Perfect for living at home lnkd.in / erMDv65,2025-10-14 20:44:55,2025-10-14 20:45:00,85
8170,Microsoft,Neutral,Microsoft Surface 2 headphone review: perfect for working from home,2025-10-14 20:44:55,2025-10-14 20:45:00,67
8170,Microsoft,Neutral,Microsoft Surface Headphones 2018 review: perfect for work-from-home life bit.in/erMDv65,2025-10-14 20:44:55,2025-10-14 20:45:00,88
8170,Microsoft,Neutral,Microsoft Surface for Headphones gets 2 best review : perfect for work - and from - home life lnkd. 0 in / erMDv65,2025-10-14 20:44:55,2025-10-14 20:45:00,114
8170,Microsoft,Neutral,Microsoft Surface 2 2 Life: a virtual work-from-home life lnkd.in/erMDv65,2025-10-14 20:44:55,2025-10-14 20:45:00,73
8171,Microsoft,Neutral,"$SNPS Synopsys, TSMC and Microsoft Azure Deliver Highly Scalable Timing Signoff Flow in the Cloud otcdynamics.com/snps-synopsys-…",2025-10-14 20:44:55,2025-10-14 20:45:00,129
8171,Microsoft,Neutral,"$SNPS Synopsys, TSMC and Microsoft Azure Deliver Highly Scalable Timing Signoff Flow in the Cloud otcdynamics.com / snps-synopsys-...",2025-10-14 20:44:55,2025-10-14 20:45:00,133
8171,Microsoft,Neutral,"$SNPS Synopsys, TSMC, and Microsoft Azure provide high-speed synchronized signal flow on the Otcdycs.com / snps-synopsy.com network...",2025-10-14 20:44:55,2025-10-14 20:45:00,134
8171,Microsoft,Neutral,"$SNPS Synopsys, VMware and Microsoft Azure Deliver Highly Dynamic Timing Signoff Flow in Commercial Cloud otcdynamics.com/snps-synopsys-…",2025-10-14 20:44:55,2025-10-14 20:45:00,137
8171,Microsoft,Neutral,"$ 2000 SNPS Synopsys, Windows TSMC and ISO Microsoft Azure Deliver Highly Scalable Timing Signoff for Flow Tests in either the Cloud otcdynamics. com / C snps - released synopsys - release …",2025-10-14 20:44:55,2025-10-14 20:45:00,190
8171,Microsoft,Neutral,"Performance Synopsys, TSMC 2 Microsoft Azure Deliver a Scalable Customer Test Quality over the Cloud otcdynamics.com/snps-synopsys-...",2025-10-14 20:44:55,2025-10-14 20:45:00,134
8172,Microsoft,Negative,So @Microsoft say get a new PC. Even though I clicked my computer is lightening fast.. and I can have as many things open as I like ... windows 10 is a con. Fed up of companies being greedy! pic.twitter.com/dpXvC10TZr,2025-10-14 20:44:55,2025-10-14 20:45:00,217
8172,Microsoft,Negative,"So @ Microsoft say get yourself a new PC. Although I clicked, my computer is lightning fast.. and I can have as many things open as I like... Windows 10 is a hoax. I'm fed up with greedy companies! pic.twitter.com / dpXvC10TZr",2025-10-14 20:44:55,2025-10-14 20:45:00,226
8172,Microsoft,Negative,So @ Microsoft say get a new PC. Even if I clipped my computer instantly.. and I can have as many things open as I like... Windows 10 is a hoax. Tired of companies being greedy! pic.free.com / dpXvC10TZr,2025-10-14 20:44:55,2025-10-14 20:45:00,203
8172,Microsoft,Negative,So RhandlerR say get a new PC. Even though I clicked my computer is lightening fast.. and I can have as many things open as I like ... windows 10 is a con. Fed up of companies being greedy! pic.twitter.com/dpXvC10TZr,2025-10-14 20:44:55,2025-10-14 20:45:00,216
8172,Microsoft,Negative,Project So RhandlerR say get a new PC. Even though I clicked my computer is lightening fast.. and I can have as many things open as I like ... windows 10 is a con. Fed up of companies being greedy! pic.twitter.com/dpXvC10TZr,2025-10-14 20:44:55,2025-10-14 20:45:00,224
8172,Microsoft,Negative,The,2025-10-14 20:44:55,2025-10-14 20:45:00,3
8173,Microsoft,Positive,"Not surprised. Free means the price is your data. In the early days of Avast and AVG, I used to say it was better than nothing. Now, I think nothing - and Microsoft Defender - is better than a bad AV.",2025-10-14 20:44:55,2025-10-14 20:45:00,200
8173,Microsoft,Positive,"In the early days of Avast and AVG, I used to say it was better than nothing. Today, I believe that nothing - and Microsoft Defender - is better than a bad AV.",2025-10-14 20:44:55,2025-10-14 20:45:00,159
8173,Microsoft,Positive,"In the early days of Avast and Absolute, I said it was better than nothing. Now, I think nothing - and Microsoft Defender - is better than a bad AV.",2025-10-14 20:44:55,2025-10-14 20:45:00,148
8173,Microsoft,Positive,"Not exactly. Free means the price is your data. During the early days of Avast and AVG, I used to say it was better than nothing. Now, I think nothing - and Microsoft Defender - is better than this bad firewall.",2025-10-14 20:44:55,2025-10-14 20:45:00,211
8173,Microsoft,Positive,"Not surprised. Free technology means the price quoted is your data. In the early days of Avast and AVG, but I never used to say it was probably better than nothing. Now, I sometimes think nothing - and excluding Microsoft Personal Defender - even is better anywhere than a bad AV.",2025-10-14 20:44:55,2025-10-14 20:45:00,280
8173,Microsoft,Positive,"Not surprised. Free means that price is your own. In the early days of Avast and AVG, I used to tell nothing always better than nothing. Now, who think nothing - and especially Defender - is better than a bad AV.",2025-10-14 20:44:55,2025-10-14 20:45:00,212
8174,Microsoft,Positive,nan,2025-10-14 20:44:55,2025-10-14 20:45:00,3
8174,Microsoft,Positive,It is not the first time that the EU Commission has taken such a step.,2025-10-14 20:44:55,2025-10-14 20:45:00,70
8174,Microsoft,Positive,"At the same time, despite the fact that there are currently some 100 million people living below the poverty line, most of them do not have access to health services and do not have access to health care, while most of them do not have access to health care.",2025-10-14 20:44:55,2025-10-14 20:45:00,258
8174,Microsoft,Positive,nan,2025-10-14 20:44:55,2025-10-14 20:45:00,3
8174,Microsoft,Positive,nan,2025-10-14 20:44:55,2025-10-14 20:45:00,3
8174,Microsoft,Positive,nan,2025-10-14 20:44:55,2025-10-14 20:45:00,3
8175,Microsoft,Neutral,Are you looking for a new opportunity? Check out this great role,2025-10-14 20:44:55,2025-10-14 20:45:00,66
8175,Microsoft,Neutral,Looking for a new opportunity? Check out this great role,2025-10-14 20:44:55,2025-10-14 20:45:00,56
8175,Microsoft,Neutral,Looking for a new opportunity?,2025-10-14 20:44:55,2025-10-14 20:45:00,30
8175,Microsoft,Neutral,Are you primed for a new opportunity? Check out this great role,2025-10-14 20:44:55,2025-10-14 20:45:00,63
8175,Microsoft,Neutral,Are you really looking for a new work opportunity? Check out this great role,2025-10-14 20:44:55,2025-10-14 20:45:00,76
8175,Microsoft,Neutral,Are you looking for a new job? Check out this great role,2025-10-14 20:44:55,2025-10-14 20:45:00,56
8176,Microsoft,Negative,"Microsoft Paint is finally dead, and the world Is a better place klasshub.lk/microsoft-pain…",2025-10-14 20:44:55,2025-10-14 20:45:00,92
8176,Microsoft,Negative,"Microsoft Paint is finally dead, and the world is a better place klasshub.lk / microsoft-pain...",2025-10-14 20:44:55,2025-10-14 20:45:00,96
8176,Microsoft,Negative,"Microsoft Paint is finally dead, and the world is a better place.",2025-10-14 20:44:55,2025-10-14 20:45:00,65
8176,Microsoft,Negative,"Microsoft Paint is sadly dead, and the world Is in better place klasshub.lk/microsoft-pain…",2025-10-14 20:44:55,2025-10-14 20:45:00,91
8176,Microsoft,Negative,"Microsoft Paint is finally dead, and so the world Is getting a better prepared place klasshub. lk / c microsoft - static pain …",2025-10-14 20:44:55,2025-10-14 20:45:00,127
8176,Microsoft,Negative,"Microsoft beta was finally approved, and the world Is in better place klasshub.lk/microsoft-pain...",2025-10-14 20:44:55,2025-10-14 20:45:00,99
8177,Microsoft,Positive,". . The old favourite from Skype for Business, Broadcast Meetings, is now coming to  . .",2025-10-14 20:44:55,2025-10-14 20:45:00,91
8177,Microsoft,Positive,".. The old favourite of Skype for Business, Broadcast Meetings, is coming to us now.",2025-10-14 20:44:55,2025-10-14 20:45:00,84
8177,Microsoft,Positive,"The old Sky for Business favourite, Broadcasting Meetings, is now coming to an end.",2025-10-14 20:44:55,2025-10-14 20:45:00,83
8177,Microsoft,Positive,".. The old release from Skype for Business, Broadcast Meetings, is now coming to <unk>.",2025-10-14 20:44:55,2025-10-14 20:45:00,87
8177,Microsoft,Positive,".. The old favourite from Skype Australia for Business, the Broadcast Art Meetings, Australia is now coming to..",2025-10-14 20:44:55,2025-10-14 20:45:00,112
8177,Microsoft,Positive,".. The old wave from Skype for Business, Broadcast Voice, is now coming through..",2025-10-14 20:44:55,2025-10-14 20:45:00,81
8178,Microsoft,Positive,"Microsoft/Xbox buying Zenimax/Bethesda is huge.. Wish I was awake for it all going down. . But...dunno how I feel about it.. . On one hand: I honestly don't care for Beth games.. But, I know people who love them and primarily play on PlayStation, so this could potentially suck for them",2025-10-14 20:44:55,2025-10-14 20:45:00,286
8178,Microsoft,Positive,"Buying Microsoft / Xbox Zenimax / Bethesda is huge.. I wish I was awake for it all to go down.. But... I don't know how I feel about it... On the one hand: I honestly don't care about Beth games.. But I know people who love them and primarily play on PlayStation, so that could potentially suck for them.",2025-10-14 20:44:55,2025-10-14 20:45:00,304
8178,Microsoft,Positive,"Microsoft / Xbox buying Zenimax / Bethesda is huge.. Wish I was aware for it all going down...... but... dunno how I feel about it... On one hand: I honestly don't care for Beth games.. but, I know people who love them and primary play on PlayStation, so this could potentially suck for them",2025-10-14 20:44:55,2025-10-14 20:45:00,291
8178,Microsoft,Positive,"Microsoft/Xbox buying Zenimax/Bethesda is huge.. # I was awake for it all going down.. But...dunno how ya care about it... On one hand: I probably don't care for Beth. But, I had people who love them and primarily play on PlayStation, so this would potentially suck for them",2025-10-14 20:44:55,2025-10-14 20:45:00,274
8178,Microsoft,Positive,"Microsoft / Sega Xbox buying with Zenimax / Bethesda is probably huge.. Wish I was all awake for it all going down.. while But... dunno how I feel about it... On one hand : I honestly don'd t care more for Beth games.. But, I did know people who love them and primarily play on PlayStation, so this shit could also potentially suck for them",2025-10-14 20:44:55,2025-10-14 20:45:00,340
8178,Microsoft,Positive,"Beth/Xbox buying Zenimax/Bethesda is huge.. Wish I was awake about those all going away.. But...dunno how I feel about it... On one hand: We honestly don't care much Beth games.. But, I know kids who love them and primarily play on PlayStation, so this could potentially cancel out us",2025-10-14 20:44:55,2025-10-14 20:45:00,284
8179,Microsoft,Positive,Trust in Technology is Important !. @satyanadella at  . I Love the Boomerang in the Background .,2025-10-14 20:44:55,2025-10-14 20:45:00,99
8179,Microsoft,Positive,Trust in technology is important!. @ satyanadella taking. I love the boomerang in the background.,2025-10-14 20:44:55,2025-10-14 20:45:00,97
8179,Microsoft,Positive,Trust in technology is useless!. @ satyanadella at. I Love the Boomerang in the Background.,2025-10-14 20:44:55,2025-10-14 20:45:00,91
8179,Microsoft,Positive,Trust in Technology is Important!. Listen at . I Love the Boomerang in the Sound.,2025-10-14 20:44:55,2025-10-14 20:45:00,81
8179,Microsoft,Positive,And Trust in Technology Impact is Important!. @satyanadella at. I Love Reading the Boomerang World in the Background.,2025-10-14 20:44:55,2025-10-14 20:45:00,117
8179,Microsoft,Positive,Trust<unk> Technology is Important!. @satyanadella at. I Got a Boomerang in the Background.,2025-10-14 20:44:55,2025-10-14 20:45:00,91
8180,Microsoft,Negative,Microsoft Teams is scary and ion like it 🥺.,2025-10-14 20:44:55,2025-10-14 20:45:00,44
8180,Microsoft,Negative,Microsoft teams is scary and they like it.,2025-10-14 20:44:55,2025-10-14 20:45:00,42
8180,Microsoft,Negative,Microsoft is intimidating and likes it.,2025-10-14 20:44:55,2025-10-14 20:45:00,39
8180,Microsoft,Negative,Microsoft Teams is scary and ion like it too.,2025-10-14 20:44:55,2025-10-14 20:45:00,45
8180,Microsoft,Negative,And Microsoft Teams is scary and and ion like it [UNK].,2025-10-14 20:44:55,2025-10-14 20:45:00,55
8180,Microsoft,Negative,Microsoft Teams is beautiful and ion like it <unk>.,2025-10-14 20:44:55,2025-10-14 20:45:00,51
8181,Microsoft,Positive,"Solid shout here from @The_Ashes2Ashes - Communication, Marketing and PR are half the ingredient to capture an audience/consumer. The other half is the value proposition you offer to them. Microsoft is doing both very well right now.",2025-10-14 20:44:55,2025-10-14 20:45:00,233
8181,Microsoft,Positive,"Solid calls here from @ The _ Ashes2ashes - communications, marketing and PR are only half of the ingredients to win over an audience / consumer, and the other half is the value promise you offer them. Microsoft is doing both very well at the moment.",2025-10-14 20:44:55,2025-10-14 20:45:00,250
8181,Microsoft,Positive,"I shout here from @ The _ Ashes2Ashes - advertising, marketing and PR are half the ingredients to capture an audience / consumer. The other half is the value proposition you offer them. Microsoft is doing both very well right now.",2025-10-14 20:44:55,2025-10-14 20:45:00,230
8181,Microsoft,Positive,"Solid shout here from @The_Ashes2Ashes - Communication, Services und PR - half the ingredient to capture an audience/consumer. The other half is the value proposition you offer to it. Microsoft is doing both very well right now.",2025-10-14 20:44:55,2025-10-14 20:45:00,228
8181,Microsoft,Positive,"Solid shout here from @The_Ashes2Ashes - Communication, Marketing Management and PR PR are half the ingredient used to capture an audience / consumer. 6 The main other half is the same value proposition you offer up to them. Microsoft is doing this both very well right around now.",2025-10-14 20:44:55,2025-10-14 20:45:00,281
8181,Microsoft,Positive,"Solid Work here from @The_Ashes2Ashes - Communication, Marketing and Sales are almost every ingredient to being an audience/consumer. Every other bit is the value proposition you offer to them. Microsoft is doing both very well right now.",2025-10-14 20:44:55,2025-10-14 20:45:00,238
8182,Microsoft,Irrelevant,God when..?,2025-10-14 20:44:55,2025-10-14 20:45:00,11
8182,Microsoft,Irrelevant,"God, when...?",2025-10-14 20:44:55,2025-10-14 20:45:00,13
8182,Microsoft,Irrelevant,"God, when...?",2025-10-14 20:44:55,2025-10-14 20:45:00,13
8182,Microsoft,Irrelevant,God then?,2025-10-14 20:44:55,2025-10-14 20:45:00,9
8182,Microsoft,Irrelevant,God knows when..?,2025-10-14 20:44:55,2025-10-14 20:45:00,17
8182,Microsoft,Irrelevant,you when..?,2025-10-14 20:44:55,2025-10-14 20:45:00,11
8183,Microsoft,Negative,"\"Bill Gates is a ruthless schemer who demeaned his employees and conspired to rip off his business partner, according to a memoir written by the co-founder of Microsoft, Paul Allen.\"https://t.co/BAF2KO2v2z",2025-10-14 20:44:55,2025-10-14 20:45:00,205
8183,Microsoft,Negative,"\"Bill Gates is a ruthless schemer who humiliated his employees and conspired to rip off his business partner,\" read Microsoft co-founder Paul Allen's memoir. \"https: / / t.co / BAF2KO2v2z",2025-10-14 20:44:55,2025-10-14 20:45:00,187
8183,Microsoft,Negative,"\"Bill Gates is a ruthless schemer who humiliated his employees and tried to sever a business partner,\" says a memoir written by Microsoft co-founder Paul Allen.",2025-10-14 20:44:55,2025-10-14 20:45:00,160
8183,Microsoft,Negative,"\"Bill Fuller is a ruthless schemer who demeaned his employees and conspired to rip out his business partner, according to a memoir written by second co-founder of Microsoft, Paul Johnson]",2025-10-14 20:44:55,2025-10-14 20:45:00,187
8183,Microsoft,Negative,"\" Bill Gates is even a typical ruthless mob schemer who demeaned his employees publicly and conspired to rip off his business partner, all according to a memoir allegedly written by the co - founder of Microsoft Microsoft, producer Paul Ray Allen. \" https://t.co/BAF2KO2v2z ]",2025-10-14 20:44:55,2025-10-14 20:45:00,275
8183,Microsoft,Negative,"\"Bill Gates is a ruthless schemer who demeaned his employees never conspired to rip out his business partner, according that personal memoir written by executive co-founder of Microsoft, Paul Allen.\"https://t.co/BAF2KO2v2z]",2025-10-14 20:44:55,2025-10-14 20:45:00,223
8184,Microsoft,Negative,"I really, really hope Microsoft don’t do the taking away previously multi-platform stuff. It fucking sucks, it’s always fucking sucked.",2025-10-14 20:44:55,2025-10-14 20:45:00,135
8184,Microsoft,Negative,"I really hope that Microsoft doesn't take away what was multi-platform stuff before. It's damn sucking, it's always damn sucking.",2025-10-14 20:44:55,2025-10-14 20:45:00,129
8184,Microsoft,Negative,"I do, indeed, very much hope that Microsoft will not take away the multi-platform stuff that used to be there.",2025-10-14 20:44:55,2025-10-14 20:45:00,110
8184,Microsoft,Negative,"I really, actually hopes Microsoft don’t do the taking away previously multi-platform phones. It fucking sucks, it’s always fucking sucked.",2025-10-14 20:44:55,2025-10-14 20:45:00,139
8184,Microsoft,Negative,"But I fucking really, really hope your Microsoft don ’ t do the taking away from previously made multi - platform stuff. It fucking sucks, it ’ s always so fucking sucked.",2025-10-14 20:44:56,2025-10-14 20:45:00,171
8184,Microsoft,Negative,"I really, really hope Microsoft don’t do the taking behind this multi-platform stuff. It fucking had, it’s frankly fucking sucked.",2025-10-14 20:44:56,2025-10-14 20:45:00,130
8185,Microsoft,Neutral,i hope my teachers dont expect me to login and do work on the weekend.. cause idk wtf “microsoft teams” is on the weekend.. gmfu,2025-10-14 20:44:56,2025-10-14 20:45:00,128
8185,Microsoft,Neutral,"i hope my teachers do not expect me to log in and work on weekends.. because idk wtf \"microsoft teams\" is on weekends.. gmfu",2025-10-14 20:44:56,2025-10-14 20:45:00,124
8185,Microsoft,Neutral,"i hope my teachers dont expect me to login and do work on the weekend.. cause idk wtf \"microsoft teams\" is on the weekend.. gm.com",2025-10-14 20:44:56,2025-10-14 20:45:00,130
8185,Microsoft,Neutral,i hope my teachers never expect me to go and do work on the weekend.. seriously idk wtf “microsoft teams” is on the weekend.. gmfu,2025-10-14 20:44:56,2025-10-14 20:45:00,130
8185,Microsoft,Neutral,i hope my new teachers dont expect me to login myself and do this work mostly on it the weekend.. m cause idk a wtf “ most microsoft teams ” is on the weekend.. gmfu,2025-10-14 20:44:56,2025-10-14 20:45:00,165
8185,Microsoft,Neutral,i hope that teachers dont expect me to login then do work at a weekend.. cause idk wtf “microsoft teams” were on the internet.. gmfu,2025-10-14 20:44:56,2025-10-14 20:45:00,132
8186,Microsoft,Neutral,Ex-Windows boss Sinofsky: How pre-2K malware and lack of trust hurt Microsoft zdnet.com/article/ex-win…,2025-10-14 20:44:56,2025-10-14 20:45:00,103
8186,Microsoft,Neutral,Ex-Windows boss Sinofsky: How pre-2K malware and lack of trust hurt Microsoft zdnet.com / article / ex-win...,2025-10-14 20:44:56,2025-10-14 20:45:00,109
8186,Microsoft,Neutral,Ex-Windows boss Sinofsky: How malware up to 2K and lack of trust hurt Microsoft zdnet.com / article / ex-win...,2025-10-14 20:44:56,2025-10-14 20:45:00,111
8186,Microsoft,Neutral,Ex-Windows boss Sinofsky: How anti-2K malware and lack of oversight hurt... zdnet.com/article/ex-win…,2025-10-14 20:44:56,2025-10-14 20:45:00,101
8186,Microsoft,Neutral,2012 Ex - current Windows 5 boss Bill Sinofsky : How installing pre - 2K malware and lack of public trust hurt Microsoft zdnet. com / article / ex - win …,2025-10-14 20:44:56,2025-10-14 20:45:00,154
8186,Microsoft,Neutral,November-Windows boss Sinofsky: How the-2K malware caused loss of work hurt Microsoft zdnet.com/article/ex-win...,2025-10-14 20:44:56,2025-10-14 20:45:00,113
8187,Microsoft,Negative,Outlook tlhe yone ya lapisa... You end up deleting important emails... This shit needs to change!! @Microsoft @Office pic.twitter.com/JXCM7C6Xvk,2025-10-14 20:44:56,2025-10-14 20:45:00,144
8187,Microsoft,Negative,Outlook tlhe yone ya lapisa... you end up deleting important emails... This shit needs to change!! @ Microsoft @ Office pic.twitter.com / JXCM7C6Xvk,2025-10-14 20:44:56,2025-10-14 20:45:00,148
8187,Microsoft,Negative,Outlook tlhe alone ya lapisa... You end up deleting important emails... This shit needs to change!! @ Microsoft @ Office pic.fm / JXCM7C6Xvk,2025-10-14 20:44:56,2025-10-14 20:45:00,140
8187,Microsoft,Negative,Outlook tlhe yone ya lapisa... You end up deleting important emails... This shit needs to change!! RhandlerR RhandlerR pic.twitter.com/JXCM7C6Xvk,2025-10-14 20:44:56,2025-10-14 20:45:00,145
8187,Microsoft,Negative,W Outlook tlhe yone ya lapisa... You end up deleting important emails... This shit needs to change!! RhandlerR RhandlerR pic.twitter.com/JXCM7C6Xvk,2025-10-14 20:44:56,2025-10-14 20:45:00,147
8187,Microsoft,Negative,the,2025-10-14 20:44:56,2025-10-14 20:45:00,3
8188,Microsoft,Negative,"Oh yay, terrible news",2025-10-14 20:44:56,2025-10-14 20:45:00,21
8188,Microsoft,Negative,"Oh yes, terrible news",2025-10-14 20:44:56,2025-10-14 20:45:00,21
8188,Microsoft,Negative,"Oh yes, the terrible news",2025-10-14 20:44:56,2025-10-14 20:45:00,25
8188,Microsoft,Negative,"Oh yay, terrible …",2025-10-14 20:44:56,2025-10-14 20:45:00,18
8188,Microsoft,Negative,"Oh I yay, terrible news",2025-10-14 20:44:56,2025-10-14 20:45:00,23
8188,Microsoft,Negative,"Oh yay, Sunday news",2025-10-14 20:44:56,2025-10-14 20:45:00,19
8189,Microsoft,Positive,"Microsoft Corp. (MSFT) surprised the market with Q4 result. Morgan Stanley changed the rating to Outperform, as Microsoft Corp. (MSFT) reported a net revenue that soared 7%.",2025-10-14 20:44:56,2025-10-14 20:45:00,173
8189,Microsoft,Positive,Microsoft Corp (MSFT) surprised the market with its fourth-quarter earnings. Morgan Stanley changed its rating to Outperform as Microsoft Corp (MSFT) reported a 7% jump in net revenue.,2025-10-14 20:44:56,2025-10-14 20:45:00,184
8189,Microsoft,Positive,Microsoft Corporation (MSFT) surprised the market with its fourth-quarter results. Morgan Stanley changed its rating to Outperformance as Microsoft Corp. (MSFT) reported a 7% jump in net income.,2025-10-14 20:44:56,2025-10-14 20:45:00,194
8189,Microsoft,Positive,"Microsoft Corp. (MSFT) surprised stock market reporting Q4 result. Morgan Stanley changed the rating of Outperform, as Microsoft Corp. :) reported a net revenue that soared 7%.",2025-10-14 20:44:56,2025-10-14 20:45:00,176
8189,Microsoft,Positive,"The Microsoft Corp. ( MSFT ) surprised onto the market with Q4 result. Morgan Stanley changed the national rating name to Outperform, just as the Microsoft Corp. ( MSFT ) already reported a record net revenue that soared 7 %.",2025-10-14 20:44:56,2025-10-14 20:45:00,225
8189,Microsoft,Positive,"Microsoft Corp. (MSFT) surprised the analysts with Q4 results. Morgan Stanley changed his word to Outperform, as Microsoft Corp. (MSFT) reported a net revenue income grew 7%.",2025-10-14 20:44:56,2025-10-14 20:45:00,174
8190,Microsoft,Negative,This is so ridiculous @Skype.. Please work hard and find a better way to show ads. It's too poor to earn like this. By showing ads in chats. Didn't expect this @Microsoft. pic.twitter.com/NuR7zINkDE,2025-10-14 20:44:56,2025-10-14 20:45:00,198
8190,Microsoft,Negative,This is so ridiculous @ Skype.. Please work hard and find a better way to place ads. It's too poor to earn so. By placing ads in chats.,2025-10-14 20:44:56,2025-10-14 20:45:00,135
8190,Microsoft,Negative,It's so funny @ Sky.. Please work hard and find the best way to show ads. Too poor to make money like this.,2025-10-14 20:44:56,2025-10-14 20:45:00,107
8190,Microsoft,Negative,This is so ridiculous RhandlerR.. Please work hard and find a better way to show ads. It's too poor to earn like this. By showing ads in chats. Didn't expect this RhandlerR. pic.twitter.com/NuR7zINkDE,2025-10-14 20:44:56,2025-10-14 20:45:00,200
8190,Microsoft,Negative,W This is so ridiculous RhandlerR.. Please work hard and find a better way to show ads. It's too poor to earn like this. By showing ads in chats. Didn't expect this RhandlerR. pic.twitter.com/NuR7zINkDE,2025-10-14 20:44:56,2025-10-14 20:45:00,202
8190,Microsoft,Negative,You,2025-10-14 20:44:56,2025-10-14 20:45:00,3
8191,Microsoft,Positive,Thank-You @Flipgrid .,2025-10-14 20:44:56,2025-10-14 20:45:00,22
8191,Microsoft,Positive,Thanks @ Flipgrid.,2025-10-14 20:44:56,2025-10-14 20:45:00,18
8191,Microsoft,Positive,Thank-You @ pgrid.,2025-10-14 20:44:56,2025-10-14 20:45:00,18
8191,Microsoft,Positive,Thank-You @Flipgrid<unk>,2025-10-14 20:44:56,2025-10-14 20:45:00,24
8191,Microsoft,Positive,Thank - Just You @Flipgrid.,2025-10-14 20:44:56,2025-10-14 20:45:00,27
8191,Microsoft,Positive,<unk>-You @Flipgrid.,2025-10-14 20:44:56,2025-10-14 20:45:00,20
8192,Microsoft,Positive,"Thank you Kevin Peesker (President,  . .",2025-10-14 20:44:56,2025-10-14 20:45:00,42
8192,Microsoft,Positive,"Thank you Kevin Peesker (President,..",2025-10-14 20:44:56,2025-10-14 20:45:00,37
8192,Microsoft,Positive,"Thanks to Kevin Pisker (President,...........................................................................................................................................................................",2025-10-14 20:44:56,2025-10-14 20:45:00,205
8192,Microsoft,Positive,"Thank you Kevin Peesker (President, <unk>.",2025-10-14 20:44:56,2025-10-14 20:45:00,42
8192,Microsoft,Positive,"Thank you Doctor Kevin Peesker ( Honorary President,..",2025-10-14 20:44:56,2025-10-14 20:45:00,54
8192,Microsoft,Positive,"Thank you Steven Cohen (President,..",2025-10-14 20:44:56,2025-10-14 20:45:00,36
8193,Microsoft,Negative,How to recall a message sent in Microsoft Outlook  .         You can recall an Outlook message that shouldn't have is.gd/3JiAE1,2025-10-14 20:44:56,2025-10-14 20:45:00,127
8193,Microsoft,Negative,How to remember a message sent in Microsoft Outlook. You can remember an Outlook message that should not have is.gd / 3JiAE1.gd / 3JiAE1,2025-10-14 20:44:56,2025-10-14 20:45:00,136
8193,Microsoft,Negative,How to recall a message sent to Microsoft Outlook. You can recall an Outlook message that should not have been is.gd / 3JiAE1,2025-10-14 20:44:56,2025-10-14 20:45:00,125
8193,Microsoft,Negative,How to recall a document sent in Microsoft email .         You can recall an Outlook message that shouldn't have changed.gd/3JiAE1,2025-10-14 20:44:56,2025-10-14 20:45:00,130
8193,Microsoft,Negative,How to recall a message sent as in Microsoft Word Outlook. You can not recall having an Outlook message that that shouldn't really have is. gd / 3JiAE1,2025-10-14 20:44:56,2025-10-14 20:45:00,151
8193,Microsoft,Negative,How can recall a message sent in Microsoft Outlook. Who can remember an Outlook message that shouldn't remember is.gd/3JiAE1,2025-10-14 20:44:56,2025-10-14 20:45:00,124
8194,Microsoft,Negative,Sony can destroy gamepass if the PS5 is fully backwards compatible with previous gens and they make every game in PSnow downloadable. Microsoft will not be able to compete with that catalog of games.,2025-10-14 20:44:56,2025-10-14 20:45:00,199
8194,Microsoft,Negative,Sony can destroy the gamepass if the PS5 is fully backwards compatible with previous games and they make each game available for download in PSnow. Microsoft will not be able to compete with this game catalog.,2025-10-14 20:44:56,2025-10-14 20:45:00,209
8194,Microsoft,Negative,Sony could destroy the gamepad if the PS5 is fully compatible with previous versions and they make every game on the PS5 downloadable. Microsoft will not be able to compete with this catalog of games.,2025-10-14 20:44:56,2025-10-14 20:45:00,200
8194,Microsoft,Negative,Sony can develop titles if the PS5 is fully backwards loaded with previous gens and they made every game in PSnow downloadable. Microsoft will not be able to compete with that catalog of games.,2025-10-14 20:44:56,2025-10-14 20:45:00,193
8194,Microsoft,Negative,Sony Sony can destroy gamepass if the PS5 is fully backwards compatible with many previous gens and only they make every game in PSnow available downloadable. The Microsoft Windows will not be ever able to compete with expanding that catalog of games.,2025-10-14 20:44:56,2025-10-14 20:45:00,251
8194,Microsoft,Negative,developers can not gamepass if the PS5 is fully backwards compared with previous gens and they make every competitor in PSnow obsolete. Microsoft will not be able with compete with that catalog of games.,2025-10-14 20:44:56,2025-10-14 20:45:00,203
8195,Microsoft,Positive,Xbox is the Fast & Furious of consoles,2025-10-14 20:44:56,2025-10-14 20:45:00,38
8195,Microsoft,Positive,Xbox is the Fast & Furious of consoles,2025-10-14 20:44:56,2025-10-14 20:45:00,38
8195,Microsoft,Positive,The Xbox is the fastest console,2025-10-14 20:44:56,2025-10-14 20:45:00,31
8195,Microsoft,Positive,Xbox is the Fast & Furious of entertainment,2025-10-14 20:44:56,2025-10-14 20:45:00,43
8195,Microsoft,Positive,The Xbox is the Fast & Furious of consoles,2025-10-14 20:44:56,2025-10-14 20:45:00,42
8195,Microsoft,Positive,Xbox is the Fast & Slim of consoles,2025-10-14 20:44:56,2025-10-14 20:45:00,35
8196,Microsoft,Neutral,.  .   We're excited to sponsor @springone this year! Join us for free and absorb some (work)life-altering knowledge from an impressive cast of speakers:  springone.io. . @VMware @redmonk @Blizzard_Ent @Microsoft . .,2025-10-14 20:44:56,2025-10-14 20:45:00,218
8196,Microsoft,Neutral,.. We are pleased to sponsor @ springone this year! Join us for free and record some (work) life-changing insights from an impressive line-up of speakers: springone.io. @ VMware @ redmonk @ Blizzard _ Ent @ Microsoft.,2025-10-14 20:44:56,2025-10-14 20:45:00,217
8196,Microsoft,Neutral,.. We are excited to sponsor @ springone this year! Join us for free and absorb some life-changing knowledge from an impressive line-up of speakers: springone.ib. @ VMware @ redmonk @ Blizzard _ Ent @ Microsoft...,2025-10-14 20:44:56,2025-10-14 20:45:00,213
8196,Microsoft,Neutral,. .   very excited to sponsor @springone this year! Join us for free + absorb some A)life-altering knowledge from its impressive cast of speakers:  springone.io.. ll @VMware @redmonk @Blizzard_Ent..,2025-10-14 20:44:56,2025-10-14 20:45:00,198
8196,Microsoft,Neutral,.. but We's re excited today to sponsor the @springone this new year! Join us for quite free and actually absorb some ( work ) life - altering knowledge from an impressive naturally cast array of speakers : springone. In io.. @VMware @redmonk @Blizzard_Ent @Microsoft..,2025-10-14 20:44:56,2025-10-14 20:45:00,269
8196,Microsoft,Neutral,.. YOU're excited to sponsor @springone this year! Join with one free and absorb some (work)life-altering quotes from an original 50 free speakers: springone.io.. @VMware Season 2012 @redmonk..,2025-10-14 20:44:56,2025-10-14 20:45:00,193
8197,Microsoft,Neutral,Go through an intense action story as Joanna and take out enemies in Perfect Dark Zero ogreatgames.com/products/perfe…,2025-10-14 20:44:56,2025-10-14 20:45:00,120
8197,Microsoft,Neutral,Go as Joanna through an intense action story and eliminate enemies in Perfect Dark Zero ogreatgames.com / products / perfe...,2025-10-14 20:44:56,2025-10-14 20:45:00,125
8197,Microsoft,Neutral,Go through a tense action story like Joanna and remove enemies in Perfect Dark Ho ogreatgames.com / products / perfe...,2025-10-14 20:44:56,2025-10-14 20:45:00,119
8197,Microsoft,Neutral,Go through another intense action story as Joanna and wipes out enemies in Perfect Dark Zero ogreatgames.com/products/perfe…,2025-10-14 20:44:56,2025-10-14 20:45:00,124
8197,Microsoft,Neutral,Go on through an intense 2D action story as Joanna and take yourself out such enemies as in Perfect Dark Zero ogreatgames. com / products / perfe …,2025-10-14 20:44:56,2025-10-14 20:45:00,147
8197,Microsoft,Neutral,it back those intense action story as hell and take out enemies in Perfect Dark Zero ogreatgames.com/products/perfe...,2025-10-14 20:44:56,2025-10-14 20:45:00,118
8198,Microsoft,Neutral,News of the PS5 cut doesn’t surprise but I am wondering how Microsoft avoided a similar situation. 2020 is just a shit year for most. I don’t blame anybody or any company. It’s unfortunate everything that’s happened this year,2025-10-14 20:44:56,2025-10-14 20:45:00,225
8198,Microsoft,Neutral,"The news of the PS5 \"s cut comes as no surprise, but I wonder how Microsoft has avoided a similar situation. 2020 is simply a shit year for most people. I don't blame anyone or any company. It's unfortunate what's happened this year.",2025-10-14 20:44:56,2025-10-14 20:45:00,233
8198,Microsoft,Neutral,"The news that the PS5 is shrinking is not surprising, but I wonder how Microsoft has avoided this situation. 2020 is just a year of shit for most.",2025-10-14 20:44:56,2025-10-14 20:45:00,146
8198,Microsoft,Neutral,News of that PS5 cut doesn’t surprise but surely am wondering how Microsoft avoided a similar situation. 2015 is just a shit year for Sega. I don’t blame anybody or any company. It’s unfortunate everything that’s happens this year,2025-10-14 20:44:56,2025-10-14 20:45:00,230
8198,Microsoft,Neutral,News footage of the PS5 cut doesn ’ t surprise but really I am wondering then how Microsoft avoided a similar situation. 2020 year is just a big shit bad year for most. I don ’ 3 t blame anybody or any company. 5 It ’ s unfortunate but everything that ’ s happened is this year,2025-10-14 20:44:56,2025-10-14 20:45:00,277
8198,Microsoft,Neutral,News of the PS5 cut doesn’t surprise but I began wondering how Microsoft avoided a similar situation. 2020 has just one shit year for us. I don’t blame them or any company. It’s unfortunate everything that’s happened our way,2025-10-14 20:44:56,2025-10-14 20:45:00,224
8199,Microsoft,Positive,"So,  . . github.blog/2020-03-16-npm…",2025-10-14 20:44:56,2025-10-14 20:45:00,36
8199,Microsoft,Positive,"Sun,.. github.blog / 2020-03-16-npm...",2025-10-14 20:44:56,2025-10-14 20:45:00,38
8199,Microsoft,Positive,"So,.. github.blog / 2020-03-16-npm...",2025-10-14 20:44:56,2025-10-14 20:45:00,37
8199,Microsoft,Positive,"So, .. www.blog/2020-03-16-npm…",2025-10-14 20:44:56,2025-10-14 20:45:00,31
8199,Microsoft,Positive,"So,.. github. info blog / 2020 - 03 - 16 - 17 npm 2013 …",2025-10-14 20:44:56,2025-10-14 20:45:00,56
8199,Microsoft,Positive,"on,.. github.blog/2020-03-16-npm...",2025-10-14 20:44:56,2025-10-14 20:45:00,35
8200,Microsoft,Positive,The (Microsoft) Ad team is looking pretty fly for the first day back!,2025-10-14 20:44:56,2025-10-14 20:45:00,71
8200,Microsoft,Positive,The (Microsoft) ad team is looking forward to the first day back!,2025-10-14 20:44:56,2025-10-14 20:45:00,65
8200,Microsoft,Positive,Team (Microsoft) Hell looks pretty the first day ago!,2025-10-14 20:44:56,2025-10-14 20:45:00,53
8200,Microsoft,Positive,The (Microsoft) Azure team is looking pretty fly for the first day back!,2025-10-14 20:44:56,2025-10-14 20:45:00,72
8200,Microsoft,Positive,The ( Microsoft ) digital Ad Company team is looking pretty fly back for the first day back!,2025-10-14 20:44:56,2025-10-14 20:45:00,92
8200,Microsoft,Positive,our (Microsoft) Ad team is looking pretty fly for the first month back!,2025-10-14 20:44:56,2025-10-14 20:45:00,71
8201,Microsoft,Negative,.@Microsoft in trouble after revelation unvetted Chinese .  contractors listened in on Skype calls with NO security rt.com/usa/477982-mic…,2025-10-14 20:44:56,2025-10-14 20:45:00,138
8201,Microsoft,Negative,. @ Microsoft in trouble after revealing not verified Chinese. Contractor stopped making Skype calls with NO security rt.com / usa / 477982-mic...,2025-10-14 20:44:56,2025-10-14 20:45:00,146
8201,Microsoft,Negative,@ Microsoft in trouble after exposing an untested Chinese.,2025-10-14 20:44:56,2025-10-14 20:45:00,58
8201,Microsoft,Negative,.@Microsoft in trouble after revelation by Chinese.  contractors listened in on Skype calls. NO on rt.com/usa/477982-mic…,2025-10-14 20:44:56,2025-10-14 20:45:00,121
8201,Microsoft,Negative,. org @Microsoft being in major trouble after revelation regarding unvetted Chinese. contractors listened in on our Skype calls with clear NO security on rt. com / usa / 477982 - 9 mic …,2025-10-14 20:44:56,2025-10-14 20:45:00,186
8201,Microsoft,Negative,.@Microsoft<unk> trouble here customer unvetted that. contractors got in on Skype calls with false security rt.com/usa/477982-mic...,2025-10-14 20:44:56,2025-10-14 20:45:00,132
8202,Microsoft,Neutral,Phishing Attack Targets Microsoft 365 Users With Netflix & Amazon Lures darkreading.com/threat-intelli…,2025-10-14 20:44:56,2025-10-14 20:45:00,103
8202,Microsoft,Neutral,Phishing Attack Targets Microsoft 365 Users With Netflix & Amazon Luring Darkreading.com / threat-intelli...,2025-10-14 20:44:56,2025-10-14 20:45:00,108
8202,Microsoft,Neutral,http: / / www.youtube.com / watch? v = xxxxxxxxxxxxxxxxxxxxxxxxxxxxxxxxxxxxxxxxxxxxxxxxxxxxxxxxxxxxxxxxxxxxxxxxxxxxxxxxxxxxxxxxxxxxxxxxxxxxxxxxxxxxxxxxxxxxxxxxxxxxxxxxxxxxxxxxxxxxxxxxxxxxxxxxxxxxxxxxxxxxxxxxxxxxxxxxxxxxxxxx,2025-10-14 20:44:56,2025-10-14 20:45:00,223
8202,Microsoft,Neutral,Phishing Attack Targets Microsoft 365 Team With Netflix - Amazon Lures darkreading.com/threat-intelli…,2025-10-14 20:44:56,2025-10-14 20:45:00,102
8202,Microsoft,Neutral,Phishing Attack vs Targets by Microsoft Office 365 Users With Netflix & Amazon Lures in darkreading. de com / threat - intelli …,2025-10-14 20:44:56,2025-10-14 20:45:00,128
8202,Microsoft,Neutral,Phishing Attack During Microsoft 365 Users Discover Netflix At Amazon via darkreading.com/threat-intelli...,2025-10-14 20:44:56,2025-10-14 20:45:00,107
8203,Microsoft,Neutral,“Will Microsoft sell its user data to  . . @Microsoft is trying to buy part of  . . Reported by @isjuliets. . bit.ly/ChinaInFocus08… https://t.co/WmeHTLKSR4,2025-10-14 20:44:56,2025-10-14 20:45:00,156
8203,Microsoft,Neutral,"\"Will Microsoft sell its user data?.. @ Microsoft is trying to buy part of it.. Reported by @ isjuliets.. bit.ly / ChinaInFocus08... https: / / t.co / WmeHTLKSR4",2025-10-14 20:44:56,2025-10-14 20:45:00,161
8203,Microsoft,Neutral,"\"Will Microsoft sell its user data... @ Microsoft is trying to buy some... @ isjuliets... bit.ly / ChinaInFocus08...",2025-10-14 20:44:56,2025-10-14 20:45:00,116
8203,Microsoft,Neutral,“Will Microsoft sell its user data to .. @Microsoft is trying to buy part of .<unk> Reported at @isjuliets. com bit.ly/ChinaInFocus08… ]],2025-10-14 20:44:56,2025-10-14 20:45:00,137
8203,Microsoft,Neutral,“ Will that Microsoft now sell down its database user data to.. @Microsoft is actively trying again to also buy part of.. Reported results by Team @isjuliets.. bit. 1 ly / ChinaInFocus08 … https://t.co/WmeHTLKSR4 ],2025-10-14 20:44:56,2025-10-14 20:45:00,214
8203,Microsoft,Neutral,“Will you sell Windows user data to.. who is set to buy access for.. Reported by on.. bit.ly/ChinaInFocus08... https://t.co/WmeHTLKSR4],2025-10-14 20:44:56,2025-10-14 20:45:00,135
8204,Microsoft,Negative,Just tripped over Microsoft Rewards - it seems to be a faintly sad idea to reward you for using MS Edge and Bing,2025-10-14 20:44:56,2025-10-14 20:45:00,114
8204,Microsoft,Negative,Just stumbled across Microsoft Rewards - it seems to be a faintly sad idea to reward you for using MS Edge and Bing,2025-10-14 20:44:56,2025-10-14 20:45:00,115
8204,Microsoft,Negative,Just stumbled across Microsoft Rewards - it seems like a very sad idea to reward you for using MS Edge and Bing,2025-10-14 20:44:56,2025-10-14 20:45:00,111
8204,Microsoft,Negative,Just tripped over Best Rewards - it seems to be an faintly sad idea to reward you for using MS Edge and Bing,2025-10-14 20:44:56,2025-10-14 20:45:00,108
8204,Microsoft,Negative,Just tripped over Microsoft Rewards - it seems to be a faintly a sad... idea rather to specifically reward you for using MS Edge Live and Bing,2025-10-14 20:44:56,2025-10-14 20:45:00,142
8204,Microsoft,Negative,Just leapt over Microsoft Express - it used to be a particularly sad idea to reward you for using MS Edge and Bing,2025-10-14 20:44:56,2025-10-14 20:45:00,114
8205,Microsoft,Positive,You can do this on teams?!?!? My meeting tomorrow is about to be a lot more interesting,2025-10-14 20:44:56,2025-10-14 20:45:00,87
8205,Microsoft,Positive,You can do that in teams?!?!? My meeting tomorrow will be even more interesting.,2025-10-14 20:44:56,2025-10-14 20:45:00,80
8205,Microsoft,Positive,Can you do it on teams?!?!? My meeting tomorrow will be much more interesting.,2025-10-14 20:44:56,2025-10-14 20:45:00,78
8205,Microsoft,Positive,You can do nothing on teams?!?!? My meeting tomorrow is about t be a lot more interesting,2025-10-14 20:44:56,2025-10-14 20:45:00,89
8205,Microsoft,Positive,You can do with this on teams?!?!? I My meeting dinner tomorrow is about to be a lot and more interesting,2025-10-14 20:44:56,2025-10-14 20:45:00,105
8205,Microsoft,Positive,who can do this on teams?!?!? My meeting tomorrow is going to grow a lot more interesting,2025-10-14 20:44:56,2025-10-14 20:45:00,89
8206,Microsoft,Neutral,Demo: Minecraft Earth at Microsoft Inspire 2019 buz.tw/4Ge6m https://t.co/6xHFudJ5dr,2025-10-14 20:44:56,2025-10-14 20:45:00,84
8206,Microsoft,Neutral,Demo: Minecraft Earth at Microsoft Inspire 2019 buz.tw / 4Ge6m https: / / t.co / 6xHFudJ5dr,2025-10-14 20:44:56,2025-10-14 20:45:00,91
8206,Microsoft,Neutral,Photo: Minecraft Earth at Microsoft Inspire 2019 buytw / 4Ge6m,2025-10-14 20:44:56,2025-10-14 20:45:00,62
8206,Microsoft,Neutral,Demo: Rare Earth - Microsoft Inspire 2019 buz.tw/4Ge6m https://t.co/6xHFudJ5dr],2025-10-14 20:44:56,2025-10-14 20:45:00,79
8206,Microsoft,Neutral,Demo : Minecraft at Earth Archived at June Microsoft Inspire 2019 on buz. tw / 4Ge6m of https://t.co/6xHFudJ5dr ],2025-10-14 20:44:56,2025-10-14 20:45:00,113
8206,Microsoft,Neutral,see: Minecraft HD 2009 Microsoft Inspire 2019 buz.tw/4Ge6m https://t.co/6xHFudJ5dr],2025-10-14 20:44:56,2025-10-14 20:45:00,83
8207,Microsoft,Negative,Thanks for the mention! rammbi: LucidPointeO365 I can't stand this new,2025-10-14 20:44:56,2025-10-14 20:45:00,72
8207,Microsoft,Negative,Thanks for mentioning! rammbi: LucidPointeO365 I can not stand this new version,2025-10-14 20:44:56,2025-10-14 20:45:00,79
8207,Microsoft,Negative,Thanks for mentioning! rafi: LucidPointeO365 I can't stand this new,2025-10-14 20:44:56,2025-10-14 20:45:00,67
8207,Microsoft,Negative,Thanks for his reminder! rammbi: LucidPointeO365 I can't stand this new,2025-10-14 20:44:56,2025-10-14 20:45:00,71
8207,Microsoft,Negative,Thanks silently for the mention! rammbi : THE LucidPointeO365 I... can'm t stand this new,2025-10-14 20:44:56,2025-10-14 20:45:00,89
8207,Microsoft,Negative,Thanks for the mention! rammbi: Our girls can't stand a new,2025-10-14 20:44:56,2025-10-14 20:45:00,59
8208,Microsoft,Neutral,RT vikatan: ' Walking in India is the worst! '-Microsoft to,2025-10-14 20:44:56,2025-10-14 20:45:00,61
8208,Microsoft,Neutral,"RT's Vikatan: \"Hiking in India is the worst!\" -Microsoft at",2025-10-14 20:44:56,2025-10-14 20:45:00,59
8208,Microsoft,Neutral,"RT report: \"Walking around India is the worst thing!\"",2025-10-14 20:44:56,2025-10-14 20:45:00,53
8208,Microsoft,Neutral,RT vikatan:'Walking in India is the worst! 2-Microsoft to,2025-10-14 20:44:56,2025-10-14 20:45:00,57
8208,Microsoft,Neutral,RT Times vikatan :'Walking in India traffic is the worst!'- Microsoft responses to,2025-10-14 20:44:56,2025-10-14 20:45:00,82
8208,Microsoft,Neutral,RT vikatan:'IT in love is the worst! '-Microsoft in,2025-10-14 20:44:56,2025-10-14 20:45:00,51
8209,Microsoft,Irrelevant,"This has been fun to watch. Check out the finals for the @andbox_official  . . Two games left & $35,000 on the line today with a $50k total prize pool! .  . . twitch.tv/andbox",2025-10-14 20:44:56,2025-10-14 20:45:00,175
8209,Microsoft,Irrelevant,"Check out the final for the @ andbox _ official.... two games left & $35,000 on the line today with a total prize pool of $50k!... twitch.tv / andbox",2025-10-14 20:44:56,2025-10-14 20:45:00,149
8209,Microsoft,Irrelevant,"It was fun to watch. Check out the final for @ andbox _ official.. Two games left & $35,000 on the line today with a total prize pool of $50k!..",2025-10-14 20:44:56,2025-10-14 20:45:00,144
8209,Microsoft,Irrelevant,"This has been fun to watch. Check out the finals for the RhandlerR  . . Two games left & $35,000 on the line today with a $50k total prize pool! .  . . twitch.tv/andbox",2025-10-14 20:44:56,2025-10-14 20:45:00,168
8209,Microsoft,Irrelevant,"On This has been fun to watch. Check out the finals for the RhandlerR  . . Two games left & $35,000 on the line today with a $50k total prize pool! .  . . twitch.tv/andbox",2025-10-14 20:44:56,2025-10-14 20:45:00,171
8209,Microsoft,Irrelevant,<unk>,2025-10-14 20:44:56,2025-10-14 20:45:00,5
8210,Microsoft,Neutral,nan,2025-10-14 20:44:56,2025-10-14 20:45:00,3
8210,Microsoft,Neutral,It is not the first time that the EU Commission has taken such a step.,2025-10-14 20:44:56,2025-10-14 20:45:00,70
8210,Microsoft,Neutral,"At the same time, despite the fact that there are currently some 100 million people living below the poverty line, most of them do not have access to health services and do not have access to health care, while most of them do not have access to health care.",2025-10-14 20:44:56,2025-10-14 20:45:00,258
8210,Microsoft,Neutral,nan,2025-10-14 20:44:56,2025-10-14 20:45:00,3
8210,Microsoft,Neutral,nan,2025-10-14 20:44:56,2025-10-14 20:45:00,3
8210,Microsoft,Neutral,nan,2025-10-14 20:44:56,2025-10-14 20:45:00,3
8211,Microsoft,Negative,"Microsoft are dumb.. . Office programs (arguably as necessary as Win10 for anyone attempting to work on almost anything) are always-online because of poor decision making, and this is the result.. . This stuff should be included for free when you buy Win10!. . news.com.au/technology/onl…",2025-10-14 20:44:56,2025-10-14 20:45:00,288
8211,Microsoft,Negative,"Microsoft is stupid... Office programs (arguably as necessary as Win10 for anyone who tries to work on almost anything) are always online because of poor decision-making, and that's the result... This stuff should be included for free if you buy Win10!... news.com.au / technology / onl...",2025-10-14 20:44:56,2025-10-14 20:45:00,289
8211,Microsoft,Negative,"Microsoft is stupid... Office programs (perhaps as necessary as Win10 for anyone who tries to work on almost anything) are always online because of poor decision-making, and this is the result...",2025-10-14 20:44:56,2025-10-14 20:45:00,195
8211,Microsoft,Negative,"Microsoft are dumb.. Our Office programs<unk> as necessary as Win10 for anyone looking to work on almost anything) are always-online because of poor update management, and this is the result... This stuff should be included for example when you buy Win10!.. news.com.au/technology/onl…",2025-10-14 20:44:56,2025-10-14 20:45:00,285
8211,Microsoft,Negative,"Microsoft are dumb... Office mail programs ( arguably as necessary as Win10 for anyone attempting to work on almost absolutely anything ) are always - online or because of poor decision making, management and this unfortunately is the intended result... com This stuff should be clearly included for free when you buy the Win10!.. news. com. au / technology / web onl …",2025-10-14 20:44:56,2025-10-14 20:45:00,369
8211,Microsoft,Negative,"Microsoft are dumb... Office programs (arguably as necessary as Linux if anyone needing Microsoft work on almost anything) are always-online because of faulty decision making, now this is that reason... This stuff should remain included for free when you buy Win10!.. Ask.com.au/technology/onl...",2025-10-14 20:44:56,2025-10-14 20:45:00,296
8212,Microsoft,Irrelevant,"Glad we have that out of the way. Code is space law, as they say.",2025-10-14 20:44:56,2025-10-14 20:45:00,65
8212,Microsoft,Irrelevant,"It is good that we have got this out of the way. Code is the law of outer space, as the saying goes.",2025-10-14 20:44:56,2025-10-14 20:45:00,100
8212,Microsoft,Irrelevant,"A code is, as the saying goes, space law.",2025-10-14 20:44:56,2025-10-14 20:45:00,41
8212,Microsoft,Irrelevant,"Glad we have that sort of the way. Code is space law, as they say.",2025-10-14 20:44:56,2025-10-14 20:45:00,66
8212,Microsoft,Irrelevant,"Glad we all have that out of the way. New Code is space and law, as they say.",2025-10-14 20:44:56,2025-10-14 20:45:00,77
8212,Microsoft,Irrelevant,"Glad we have that finished of the way. Code is space law, like they say.",2025-10-14 20:44:56,2025-10-14 20:45:00,72
8213,Microsoft,Positive,It Already another year and i forgot to congratulate all who are affecting my life and business @AdeolaFayehun  @YeleSowore @UBAGroup  @MBuhari @atiku @thebrideijesha @Microsoft @GEJonathan @Google @realDonaldTrump @TECNOMobileNG WELCOME TO 2020 pic.twitter.com/r7UAYX4Tjj,2025-10-14 20:44:56,2025-10-14 20:45:00,272
8213,Microsoft,Positive,It's been another year and I forgot to congratulate everyone who influences my life and my business. @ AdeolaFayehun @ YeleSoworn @ UBAGroup @ MBuhari @ atiku @ thebrideijesha @ Microsoft @ GEJonathan @ Google @ realDonaldTrump @ TECNOMobileNG WELCOME TO 2020 pic.twitter.com / r7UAYX4Tjj,2025-10-14 20:44:56,2025-10-14 20:45:00,288
8213,Microsoft,Positive,Another year has passed and I have forgotten to congratulate everyone who is influencing my life and business @ Adeolaehun @ Yahoo @ UAYX4Tjj @ Microsoft @ GEJonathan @ Google @ realDonaldTrump @ TECNOMobileNG COME TO 2020 pic.fm / r7UAYX4Tjj,2025-10-14 20:44:56,2025-10-14 20:45:00,242
8213,Microsoft,Positive,It Already another year and i forgot to congratulate all who are affecting my life and business RhandlerR  RhandlerR RhandlerR  RhandlerR RhandlerR RhandlerR RhandlerR RhandlerR RhandlerR RhandlerR RhandlerR WELCOME TO 2020 pic.twitter.com/r7UAYX4Tjj,2025-10-14 20:44:56,2025-10-14 20:45:00,250
8213,Microsoft,Positive,2012 It Already another year and i forgot to congratulate all who are affecting my life and business RhandlerR  RhandlerR RhandlerR  RhandlerR RhandlerR RhandlerR RhandlerR RhandlerR RhandlerR RhandlerR RhandlerR WELCOME TO 2020 pic.twitter.com/r7UAYX4Tjj,2025-10-14 20:44:56,2025-10-14 20:45:00,255
8213,Microsoft,Positive,for,2025-10-14 20:44:56,2025-10-14 20:45:00,3
8214,Microsoft,Positive,Review: Microsoft Edge for Windows 10 finally delivers a top-class browser | via @windowscentral windowscentral.com/microsoft-edge…,2025-10-14 20:44:56,2025-10-14 20:45:00,131
8214,Microsoft,Positive,Review: Microsoft Edge for Windows 10 finally offers a first-class browser | via @ windowscentral windowscentral.com / microsoft-edge...,2025-10-14 20:44:56,2025-10-14 20:45:00,136
8214,Microsoft,Positive,Overview: Microsoft Edge for Windows 10 finally releases a first-class browser - via @ windowscentral windowscentral.com / microsoft-edge...,2025-10-14 20:44:56,2025-10-14 20:45:00,140
8214,Microsoft,Positive,Review: Microsoft Edge for Windows 10 finally delivers reliable business-class browser | via @windowscentral windowscentral.com/microsoft-edge…,2025-10-14 20:44:56,2025-10-14 20:45:00,143
8214,Microsoft,Positive,Review : Microsoft Edge for Windows Windows 10 Now finally just delivers up a top - class browser |... via @windowscentral than windowscentral. com / microsoft - edge …,2025-10-14 20:44:56,2025-10-14 20:45:00,168
8214,Microsoft,Positive,Review: Microsoft Edge Mobile Windows 10 finally launch the working-class browser | via @windowscentral windowscentral.com/microsoft-edge...,2025-10-14 20:44:56,2025-10-14 20:45:00,140
8215,Microsoft,Neutral,The latest The JOB News daily ! paper.li/Donna86221572/… Thanks to @KalaiPr89099242 @cubbson_ @cabal0,2025-10-14 20:44:56,2025-10-14 20:45:00,103
8215,Microsoft,Neutral,Latest The JOB News daily! paper.li / Donna86221572 /... Thanks to @ KalaiPr89099242 @ cubbson _ @ cabal0,2025-10-14 20:44:56,2025-10-14 20:45:00,105
8215,Microsoft,Neutral,"The latest daily newspaper, The JNews! paper.li /... Thanks @ KalaiPr89099242 @ cubbson _ @ cabal0",2025-10-14 20:44:56,2025-10-14 20:45:00,98
8215,Microsoft,Neutral,The latest The JOB News Tip was paper.li/Donna86221572/… Thanks to @KalaiPr89099242 J @cubbson_,2025-10-14 20:44:56,2025-10-14 20:45:00,95
8215,Microsoft,Neutral,2013 The latest in The Sunday JOB News daily! local paper. li / Donna86221572 / December … 2012 Thanks always to @KalaiPr89099242 @cubbson_ @cabal0,2025-10-14 20:44:56,2025-10-14 20:45:00,147
8215,Microsoft,Neutral,The Past The last online daily! paper.li/Donna86221572/... Thanks for the @KalaiPr89099242 @cubbson_,2025-10-14 20:44:56,2025-10-14 20:45:00,100
8216,Microsoft,Negative,i made a microsoft account awhile ago for fuckin minecraft earth but for some reason i was banned,2025-10-14 20:44:56,2025-10-14 20:45:00,97
8216,Microsoft,Negative,"I made a Microsoft account a while ago for fucking Minecraft Earth, but for some reason I was banned",2025-10-14 20:44:56,2025-10-14 20:45:00,100
8216,Microsoft,Negative,i made a microsoft account awhile ago for fuckin minecraft earth but for some reason i was banned,2025-10-14 20:44:56,2025-10-14 20:45:00,97
8216,Microsoft,Negative,i made a microsoft account awhile ago to fuckin minecraft earth but for some reason mine was banned,2025-10-14 20:44:56,2025-10-14 20:45:00,99
8216,Microsoft,Negative,i made a microsoft account awhile ago for fuckin stealing minecraft earth but for just some bizarre reason now i was banned,2025-10-14 20:44:56,2025-10-14 20:45:00,123
8216,Microsoft,Negative,i made a forum account awhile ago for fuckin minecraft earth but of unknown reason i was banned,2025-10-14 20:44:56,2025-10-14 20:45:00,95
8217,Microsoft,Positive,Microsoft: makes quick resume. . GTA5: this is not how we developed the game,2025-10-14 20:44:56,2025-10-14 20:45:00,76
8217,Microsoft,Positive,Microsoft: makes a quick resume.. GTA5: So we did not develop the game,2025-10-14 20:44:56,2025-10-14 20:45:00,70
8217,Microsoft,Positive,Microsoft: make a quick summary... A5: this is not how we developed the game,2025-10-14 20:44:56,2025-10-14 20:45:00,76
8217,Microsoft,Positive,Microsoft: makes quick correction.. GTA5: this is not how we developed the game,2025-10-14 20:44:56,2025-10-14 20:45:00,79
8217,Microsoft,Positive,Microsoft : makes quick resume.. the GTA5 : this is not really how we developed through the game,2025-10-14 20:44:56,2025-10-14 20:45:00,96
8217,Microsoft,Positive,Microsoft: makes quick resume.. GTA5: this<unk> not how we learn the skills,2025-10-14 20:44:56,2025-10-14 20:45:00,75
8218,Microsoft,Negative,Microsoft onedrive: A hate thread . 1/3462,2025-10-14 20:44:56,2025-10-14 20:45:00,42
8218,Microsoft,Negative,Microsoft onedrive: A thread of hate. 1 / 3462,2025-10-14 20:44:56,2025-10-14 20:45:00,46
8218,Microsoft,Negative,Microsoft oneddrive: A hate thread. 1 / 3462,2025-10-14 20:44:56,2025-10-14 20:45:00,44
8218,Microsoft,Negative,Microsoft onedrive: Another hate thread. 1/3462,2025-10-14 20:44:56,2025-10-14 20:45:00,47
8218,Microsoft,Negative,Microsoft onedrive : 7 A hate thread. 1 / ME 3462,2025-10-14 20:44:56,2025-10-14 20:45:00,49
8218,Microsoft,Negative,Microsoft onedrive: A 100 thread. 1/3462,2025-10-14 20:44:56,2025-10-14 20:45:00,40
8219,Microsoft,Neutral,"If it just takes \"a mater of days\" for most developers to recompile their x86 intel based apps for iOS that's significant. I guess Microsoft & Adobe are in the category that takes a bit longer. Happy to hear they're already working on it!",2025-10-14 20:44:56,2025-10-14 20:45:00,238
8219,Microsoft,Neutral,"If it only takes \"a few days\" for most developers to recompile their x86 Intel-based apps for iOS, that matters. I think Microsoft & Adobe are in the category that takes a little longer.",2025-10-14 20:44:56,2025-10-14 20:45:00,186
8219,Microsoft,Neutral,"If most developers take \"a few days\" to recompile their x86 Intel-based applications for iOS, this is very important.",2025-10-14 20:44:56,2025-10-14 20:45:00,117
8219,Microsoft,Neutral,"If it just takes \"a few of days\" for Android developers to recompile existing x86 intel based apps for iOS that's good. I expect Microsoft & Adobe are in the category that takes a bit longer. Happy to hear they're already working on it!",2025-10-14 20:44:56,2025-10-14 20:45:00,236
8219,Microsoft,Neutral,"If it just takes \" a mater of nine days \" for most developers to recompile at their fast x86 intel based apps for home iOS that's significant. I guess Microsoft & eventually Adobe Systems are in the wrong category that actually takes a bit longer. Happy to hear they'haven re really already working on it!",2025-10-14 20:44:56,2025-10-14 20:45:00,305
8219,Microsoft,Neutral,"If someone just takes \"a reasonable 28 days\" for most developers to recompile their x86 intel based apps for iOS that's significant. I guess Microsoft or Adobe are in the category that takes little bit longer. Sorry to hear some're already working on iTunes!",2025-10-14 20:44:56,2025-10-14 20:45:00,258
8220,Microsoft,Positive,. .,2025-10-14 20:44:56,2025-10-14 20:45:00,6
8220,Microsoft,Positive,nan,2025-10-14 20:44:56,2025-10-14 20:45:00,3
8220,Microsoft,Positive,...,2025-10-14 20:44:56,2025-10-14 20:45:00,3
8220,Microsoft,Positive,. 5,2025-10-14 20:44:56,2025-10-14 20:45:00,3
8220,Microsoft,Positive,..,2025-10-14 20:44:56,2025-10-14 20:45:00,2
8220,Microsoft,Positive,..,2025-10-14 20:44:56,2025-10-14 20:45:00,2
8221,Microsoft,Neutral,a recent study by microsoft support claims that 820% of people from slovakia has shat their pants 9999 times,2025-10-14 20:44:56,2025-10-14 20:45:00,108
8221,Microsoft,Neutral,a recent study by microsoft supports the claim that 820% of Slovak people have worn trousers 9999 times,2025-10-14 20:44:56,2025-10-14 20:45:00,103
8221,Microsoft,Neutral,"A recent study by microsoft claims that 820% of people from the Slovenian hinterland have cut their pants 9,999 times",2025-10-14 20:44:56,2025-10-14 20:45:00,117
8221,Microsoft,Neutral,a recent study using microsoft support claims that 820% of people from Reddit has shat their pants 9999 times,2025-10-14 20:44:56,2025-10-14 20:45:00,109
8221,Microsoft,Neutral,a recent study by European microsoft experts support claims indicating that 820 % of people from this slovakia has shat ed their pants 9999 times,2025-10-14 20:44:56,2025-10-14 20:45:00,145
8221,Microsoft,Neutral,a little study by microsoft it claims that 20% of people from slovakia has shat their pants 9999 times,2025-10-14 20:44:56,2025-10-14 20:45:00,102
8222,Microsoft,Neutral,Microsoft rolls out Outlook desktop crash fix theverge.com/2020/7/15/2132…,2025-10-14 20:44:56,2025-10-14 20:45:00,74
8222,Microsoft,Neutral,Microsoft launches Outlook Desktop Crash Fix theverge.com / 2020 / 7 / 15 / 2132...,2025-10-14 20:44:56,2025-10-14 20:45:00,83
8222,Microsoft,Neutral,Microsoft rolls out Outlook desktop crash fix theverge.com / 2020 / 7 / 15 / 2132...,2025-10-14 20:44:56,2025-10-14 20:45:00,84
8222,Microsoft,Neutral,Microsoft rolls out Steam desktop crash fix weather.com/2020/7/15/2132…,2025-10-14 20:44:56,2025-10-14 20:45:00,71
8222,Microsoft,Neutral,Microsoft Mail rolls this out Outlook desktop crash fix theverge. at com / 2020 / 7 / 15 / 2132 crash …,2025-10-14 20:44:56,2025-10-14 20:45:00,103
8222,Microsoft,Neutral,Microsoft releases new Outlook desktop 2010 fix theverge.com/2020/7/15/2132...,2025-10-14 20:44:56,2025-10-14 20:45:00,78
8223,Microsoft,Neutral,Well the fact Bytedance is selling it’s entire TikTok operation to an American company including user data but Trump still wants to ban it just prove it was never about the so called “national security” the US claimed. National security has become a cliché for things the US hates,2025-10-14 20:44:56,2025-10-14 20:45:00,280
8223,Microsoft,Neutral,"Well, the fact that Bytedance sold its entire TikTok business to an American company, including user data, but Trump still wants to ban it, just proves that it was never about the so-called \"national security\" that the US claims.",2025-10-14 20:44:56,2025-10-14 20:45:00,229
8223,Microsoft,Neutral,"Well, the fact that Bytedance is selling all of its Testok work to a US company, including user data, but Trump still wants to ban it, only proves that it was never about the so-called \"national security\" claimed by the US.",2025-10-14 20:44:56,2025-10-14 20:45:00,223
8223,Microsoft,Neutral,Well the fact Bytedance is selling that entire TikTok operation to an American company including user data but Obama still is to ban it just prove it goes somehow against the so called “national security” the US claimed. National security has become a cliché for things the US hates,2025-10-14 20:44:56,2025-10-14 20:45:00,282
8223,Microsoft,Neutral,Well the fact Bytedance is selling it US ’ s entire TikTok operation to an American company including user data but Trump personally still wants to ban all it not just prove it was never about the still so called “ national gun security ” the US claimed. National missile security has become such a cliché coined for things the entire US hates,2025-10-14 20:44:56,2025-10-14 20:45:00,343
8223,Microsoft,Neutral,was I fact Bytedance was selling it’s whole TikTok operation to an American company including user data but Trump still wants to ban it just prove Trump was serious about the euro so “national interest the US claimed. National security has become a cliche for things the US hates,2025-10-14 20:44:56,2025-10-14 20:45:00,279
8224,Microsoft,Negative,Microsoft Acess is a weird place on the computer that makes everything look like it was made on windows 95,2025-10-14 20:44:56,2025-10-14 20:45:00,106
8224,Microsoft,Negative,Microsoft Acess is a strange place on the computer that makes everything look like it was created under Windows 95,2025-10-14 20:44:56,2025-10-14 20:45:00,114
8224,Microsoft,Negative,Microsoft Access is a strange place on a computer that makes everything look like it did on Windows 95,2025-10-14 20:44:56,2025-10-14 20:45:00,102
8224,Microsoft,Negative,Microsoft Acess is a weird place on the computer that makes everything look like it were created on windows 95,2025-10-14 20:44:56,2025-10-14 20:45:00,110
8224,Microsoft,Negative,the Microsoft Acess is a weird place... on the computer that makes everything look just like it was made on windows Commodore 95,2025-10-14 20:44:56,2025-10-14 20:45:00,128
8224,Microsoft,Negative,Microsoft Corporation is a weird place on the computer and makes everything look like it was accomplished on windows 95,2025-10-14 20:44:56,2025-10-14 20:45:00,119
8225,Microsoft,Neutral,L = Lesson Being 2nd makes you work No one gets or stays good without work,2025-10-14 20:44:56,2025-10-14 20:45:00,76
8225,Microsoft,Neutral,"L = Lesson 2: Those who work, get or stay well without work",2025-10-14 20:44:56,2025-10-14 20:45:00,59
8225,Microsoft,Neutral,L = Lesson of Being Second Makes Work No one gets and stays good without work,2025-10-14 20:44:56,2025-10-14 20:45:00,77
8225,Microsoft,Neutral,L il Lesson Being 2nd makes you work No one gets or stays good without work,2025-10-14 20:44:56,2025-10-14 20:45:00,75
8225,Microsoft,Neutral,L = Lesson Being 2nd makes though you work No and one gets or only stays good without work,2025-10-14 20:44:56,2025-10-14 20:45:00,90
8225,Microsoft,Neutral,L = Lesson Being 2nd makes you shine No one gets or stays in without work,2025-10-14 20:44:56,2025-10-14 20:45:00,73
8226,Microsoft,Neutral,"Do you feel overwhelmed teaching your child reading and spelling? @GraphoGame is as effective as one-to-one teacher support in achieving basic literacy skills. Sit back and relax and watch your child flourish! Available in App Store, Google Play and Microsoft Store.. .",2025-10-14 20:44:56,2025-10-14 20:45:00,271
8226,Microsoft,Neutral,"Feeling overwhelmed teaching your child to read and spell? @ GraphoGame is as effective as individual teacher support to achieve basic literacy skills. Sit back and watch your child flourish! Available on the App Store, Google Play and Microsoft Store.",2025-10-14 20:44:56,2025-10-14 20:45:00,252
8226,Microsoft,Neutral,"@ GraphoGame is as effective as individual support to teachers in achieving basic literacy skills. Sit back, relax, and watch your child thrive! Available in the App Store, Google Play, and Microsoft Store....",2025-10-14 20:44:56,2025-10-14 20:45:00,209
8226,Microsoft,Neutral,"Do you feel overwhelmed teaching your child reading and spelling? @GraphoGame is as effective as one-to-one teacher support in achieving basic literacy skills. Come together and enjoy and watch a child flourish! Available in App Store, Google Play and Amazon Store...",2025-10-14 20:44:56,2025-10-14 20:45:00,267
8226,Microsoft,Neutral,"Do you feel overwhelmed teaching only your child quick reading and better spelling? @GraphoGame is as effective as one - to - one peer teacher mutual support in achieving basic literacy skills. Sit right back and always relax close and watch your child flourish! Available in App Store, Google Play U and Microsoft Store...",2025-10-14 20:44:56,2025-10-14 20:45:00,323
8226,Microsoft,Neutral,"Do now feel secure teaching your child reading through spelling? @GraphoGame proved highly effective as one-to-one teacher support in achieving critical literacy skills. Sit low and relax and watch your child flourish! Available in Yahoo Store, Google Play and Microsoft Store...",2025-10-14 20:44:56,2025-10-14 20:45:00,279
8227,Microsoft,Negative,I have testing on Microsoft access and I’ve never used that before. Shit.,2025-10-14 20:44:56,2025-10-14 20:45:00,73
8227,Microsoft,Negative,I've tested the Microsoft access and I've never used it. Shit.,2025-10-14 20:44:56,2025-10-14 20:45:00,62
8227,Microsoft,Negative,I have testing on Microsoft access and I've never used that before. Shit.,2025-10-14 20:44:56,2025-10-14 20:45:00,73
8227,Microsoft,Negative,I have Windows on Microsoft access and I’ve never used that before. Shit.,2025-10-14 20:44:56,2025-10-14 20:45:00,73
8227,Microsoft,Negative,But I have testing on Microsoft access and I ’ ve certainly never used email that before. Shit.,2025-10-14 20:44:56,2025-10-14 20:45:00,95
8227,Microsoft,Negative,I started testing on internet access and I’ve never used that before. Shit.,2025-10-14 20:44:56,2025-10-14 20:45:00,75
8228,Microsoft,Neutral,"BleepinComputer: Fast forward to 2020, and Microsoft released a security update to fix a mysterious 'spoofing vulnerability' in Windows that is tracked as CVE-2020-1464. No mention of who discovered it is on their acknowledgement page.. portal.msrc.microsoft.com/en-US/security… …",2025-10-14 20:44:56,2025-10-14 20:45:00,280
8228,Microsoft,Neutral,"BleepinComputer: Fast forward to 2020, and Microsoft has released a security update to fix a mysterious \"spoofing vulnerability\" in Windows that is being tracked as CVE-2020-1464.",2025-10-14 20:44:56,2025-10-14 20:45:00,179
8228,Microsoft,Neutral,"Bleepin: Fast forward to 2020, and Microsoft has released a security update to fix a mysterious \"flaw\" in Windows called CVE-2020-1464. No mention is made of who discovered the vulnerability on their official page.. portal.rc.micross.com / en-US / security...",2025-10-14 20:44:56,2025-10-14 20:45:00,259
8228,Microsoft,Neutral,"BleepinComputer: flash forward to 2020, and Microsoft released a security update to fix a mysterious'spoofing virus' in Windows 11 is tracked as CVE-2020-1464. No mention of what discovered it is on version acknowledgement page.. ir.msrc.microsoft.com/en-US/security… …",2025-10-14 20:44:56,2025-10-14 20:45:00,269
8228,Microsoft,Neutral,"With BleepinComputer : Fast forward to 2020, IEEE and Microsoft released a security update to fix a highly mysterious'spoofing vulnerability'in Windows that is tracked as their CVE - 2020 - 1464. No mention of who discovered it today is made on their acknowledgement page page.. net portal. msrc. microsoft. com / en - US / ISO security bug … …",2025-10-14 20:44:56,2025-10-14 20:45:00,344
8228,Microsoft,Neutral,"Question: Fast forward to Halloween, and Microsoft released a code update to fix a mysterious'spoofing vulnerability' every Mac Phone is tracked as CVE-2020-1464. No information over who discovered Microsoft appears on their acknowledgement page.. portal.msrc.microsoft.com/en-US/security......",2025-10-14 20:44:56,2025-10-14 20:45:00,294
8229,Microsoft,Neutral,microsoft windows quality cuz i don't have a phone pic.twitter.com/VibE2ynQTA,2025-10-14 20:44:56,2025-10-14 20:45:00,77
8229,Microsoft,Neutral,microsoft windows quality because i don't have a phone pic.twitter.com / VibE2ynQTA,2025-10-14 20:44:56,2025-10-14 20:45:00,83
8229,Microsoft,Neutral,microsoft windows quality cuz i don't have a phone pic.wikipedia.org / VibE2ynQTA,2025-10-14 20:44:56,2025-10-14 20:45:00,81
8229,Microsoft,Neutral,microsoft windows quality cuz i don't have a phone pic.twitter.com/VibE2ynQTA,2025-10-14 20:44:56,2025-10-14 20:45:00,77
8229,Microsoft,Neutral,x microsoft windows quality cuz i don't have a phone pic.twitter.com/VibE2ynQTA,2025-10-14 20:44:56,2025-10-14 20:45:00,79
8229,Microsoft,Neutral,<unk>,2025-10-14 20:44:56,2025-10-14 20:45:00,5
8230,Microsoft,Neutral,Some lecturers are very considerate. They even record lectures on Microsoft Teams. Some don’t bother!,2025-10-14 20:44:56,2025-10-14 20:45:00,101
8230,Microsoft,Neutral,Some lecturers are very considerate and even record lectures about Microsoft teams. Some don't mind!,2025-10-14 20:44:56,2025-10-14 20:45:00,100
8230,Microsoft,Neutral,Some lecturers are very attentive; they even record lectures about Microsoft. Some don't care!,2025-10-14 20:44:56,2025-10-14 20:45:00,94
8230,Microsoft,Neutral,Some lecturers are very considerate. They even record lectures on different Teams. Some don’t bother!,2025-10-14 20:44:56,2025-10-14 20:45:00,101
8230,Microsoft,Neutral,Some lecturers are very very... considerate. They even record lectures on Microsoft Test Teams. Some don ’ of t bother!,2025-10-14 20:44:56,2025-10-14 20:45:00,119
8230,Microsoft,Neutral,Some lecturers are very considerate. They even record lectures on Microsoft Teams. For kids either!,2025-10-14 20:44:56,2025-10-14 20:45:00,99
8231,Microsoft,Irrelevant,The,2025-10-14 20:44:56,2025-10-14 20:45:00,5
8231,Microsoft,Irrelevant,nan,2025-10-14 20:44:56,2025-10-14 20:45:00,3
8231,Microsoft,Irrelevant,"Italy, Italy, Italy, Italy, Italy, Italy, Italy, Italy, Italy, Italy, Italy, Italy, Italy, Italy, Italy, Italy, Italy, Italy, Italy, Italy, Italy, Italy, Italy, Italy, Italy, Italy, Italy, Italy, Italy, Italy, Italy, Italy, Italy, Italy, Italy, Italy, Italy, Italy, Italy, Italy, Italy, Italy, Italy, Italy, Italy, Italy, Italy, Italy, Italy, Italy, Italy, Italy, Italy, Italy, Italy, Italy, Italy, Italy, Italy, Italy, Italy, Italy, Italy, Italy, Italy, Italy, Italy, Italy, Italy, Italy, Italy, Italy, Italy, Italy, Italy, Italy, Italy, Italy, Italy, Italy, Italy, Italy, Italy, Italy, Italy, Italy, Italy, Italy, Italy, Italy, Italy, Italy, Italy, Italy, Italy, Italy, Italy, Italy, Italy,",2025-10-14 20:44:56,2025-10-14 20:45:00,692
8231,Microsoft,Irrelevant,The,2025-10-14 20:44:56,2025-10-14 20:45:00,3
8231,Microsoft,Irrelevant,Read The,2025-10-14 20:44:56,2025-10-14 20:45:00,8
8231,Microsoft,Irrelevant,of,2025-10-14 20:44:56,2025-10-14 20:45:00,2
8232,Microsoft,Neutral,The latest The Complex World of Data Daily! paper.li/victoria_holt/… Thanks to @YatesSQL @DataOnWheels @dmiplo,2025-10-14 20:44:56,2025-10-14 20:45:00,112
8232,Microsoft,Neutral,The latest The Complex World of Data Daily! paper.li / victoria _ holt /... Thanks to @ YatesSQL @ DataOnWheels @ dmiplo,2025-10-14 20:44:56,2025-10-14 20:45:00,120
8232,Microsoft,Neutral,The World of Data Daily! paper.li /... Thanks @ YatesSQL @ YaOnWheels @ dmiplo,2025-10-14 20:44:56,2025-10-14 20:45:00,78
8232,Microsoft,Neutral,The latest Hat Real World of Data Daily! paper.li/victoria_holt/… Thanks to @YatesSQL by @DataOnWheels,2025-10-14 20:44:56,2025-10-14 20:45:00,102
8232,Microsoft,Neutral,2 The latest is The News Complex And World of Data Daily! paper. li / victoria _ at holt / … Thanks to him @YatesSQL of @DataOnWheels @dmiplo,2025-10-14 20:44:56,2025-10-14 20:45:00,141
8232,Microsoft,Neutral,other latest The The Applications of Data Daily! paper.li/victoria_holt/... Go to @YatesSQL @DataOnWheels<unk>,2025-10-14 20:44:56,2025-10-14 20:45:00,110
8233,Microsoft,Negative,Though this is great news for  . bit.ly/30eEddN.,2025-10-14 20:44:56,2025-10-14 20:45:00,50
8233,Microsoft,Negative,"Even if that's good news, bit.ly / 30eEddN",2025-10-14 20:44:56,2025-10-14 20:45:00,42
8233,Microsoft,Negative,Although that's great news for bit.ly / 30eEddN.,2025-10-14 20:44:56,2025-10-14 20:45:00,48
8233,Microsoft,Negative,Though this is great news for . t.ly/30eEddN.,2025-10-14 20:44:56,2025-10-14 20:45:00,45
8233,Microsoft,Negative,Though all this is great local news for. bit. ly / Channel 30eEddN.,2025-10-14 20:44:56,2025-10-14 20:45:00,67
8233,Microsoft,Negative,Though this is great news personally. al.ly/30eEddN.,2025-10-14 20:44:56,2025-10-14 20:45:00,52
8234,Microsoft,Positive,Good.,2025-10-14 20:44:56,2025-10-14 20:45:00,5
8234,Microsoft,Positive,Fine.,2025-10-14 20:44:56,2025-10-14 20:45:00,5
8234,Microsoft,Positive,Good.,2025-10-14 20:44:56,2025-10-14 20:45:00,5
8234,Microsoft,Positive,Good.,2025-10-14 20:44:56,2025-10-14 20:45:00,5
8234,Microsoft,Positive,A Good.,2025-10-14 20:44:56,2025-10-14 20:45:00,7
8234,Microsoft,Positive,3.,2025-10-14 20:44:56,2025-10-14 20:45:00,2
8235,Microsoft,Positive,"After 10 years without trying it, I've setup  . . It works like a charm, PixelSense screen is fully supported (expect for touch feature, but I don't care). I'm trying to setup my dev environment now... So nice to be back to it.",2025-10-14 20:44:56,2025-10-14 20:45:00,227
8235,Microsoft,Positive,"It works like a charm, the PixelSense screen is fully supported (I expect touch functionality, but I don't care). I'm now trying to set up my development environment... So nice to be back.",2025-10-14 20:44:56,2025-10-14 20:45:00,188
8235,Microsoft,Positive,"After 10 years without trying it, I set it up.. It works like a charm, the PixelSense screen is fully supported (expect a touch function, but I don't care).",2025-10-14 20:44:56,2025-10-14 20:45:00,156
8235,Microsoft,Positive,"After 10 years without trying it, I've setup .. It works like a charm, PixelSense 2 is fully supported (expect for touch feature, but I don't care). I'm trying to setup my<unk>.. So fun to be back to it.",2025-10-14 20:44:56,2025-10-14 20:45:00,203
8235,Microsoft,Positive,"After 10 more years down without trying it, I'haven ve setup.. but It works like just a charm, PixelSense screen is fully supported ( most expect for one touch feature, etc but I don't much care ). I'm trying to setup my dev environment now... So generally nice to be back to it.",2025-10-14 20:44:56,2025-10-14 20:45:00,279
8235,Microsoft,Positive,"After 10 years never trying it, I've downloaded.. It works like a miracle, PixelSense screen is fully supported (expect to touch feature, but I sure't care). It'm also not setup my dev environment too... So going to be back to it.",2025-10-14 20:44:56,2025-10-14 20:45:00,230
8236,Microsoft,Positive,"Huge gains for Microsoft Teams, Slack as workers stay home to avoid coronavirus digitaltrends.com/computing/micr… via @DigitalTrends",2025-10-14 20:44:56,2025-10-14 20:45:00,132
8236,Microsoft,Positive,"Huge gains for Microsoft teams, slack while workers stay at home to avoid coronavirus digitaltrends.com / computing / micr... via @ DigitalTrends",2025-10-14 20:44:56,2025-10-14 20:45:00,145
8236,Microsoft,Positive,"Huge win for Microsoft, Slack, as workers stay home to avoid coronavirus infection digitaltrends.com / computing / micr... via @ gmail.com",2025-10-14 20:44:56,2025-10-14 20:45:00,138
8236,Microsoft,Positive,"Huge gains for Microsoft Teams, Slack make millions flee home to avoid coronavirus digitaltrends.com/computing/micr… via @DigitalTrends",2025-10-14 20:44:56,2025-10-14 20:45:00,135
8236,Microsoft,Positive,"The Huge sales gains for Microsoft Teams, Slack as senior workers and stay home hoping to fully avoid coronavirus digitaltrends. com / computing / via micr … via @DigitalTrends",2025-10-14 20:44:56,2025-10-14 20:45:00,176
8236,Microsoft,Positive,"massive audience for IT products, Slack Office workers stay away to avoid coronavirus digitaltrends.com/computing/micr... via @DigitalTrends",2025-10-14 20:44:56,2025-10-14 20:45:00,140
8237,Microsoft,Negative,Is Microsoft trolling us,2025-10-14 20:44:56,2025-10-14 20:45:00,24
8237,Microsoft,Negative,Is Microsoft letting us troll?,2025-10-14 20:44:56,2025-10-14 20:45:00,30
8237,Microsoft,Negative,Microsoft Trolls Us,2025-10-14 20:44:56,2025-10-14 20:45:00,19
8237,Microsoft,Negative,Is Israel trolling us,2025-10-14 20:44:56,2025-10-14 20:45:00,21
8237,Microsoft,Negative,Is this Microsoft trolling us,2025-10-14 20:44:56,2025-10-14 20:45:00,29
8237,Microsoft,Negative,stop Microsoft trolling us,2025-10-14 20:44:56,2025-10-14 20:45:00,26
8238,Microsoft,Neutral,I’ve actually used one of these in a Microsoft store and it is hella comfy but you gotta get used to it,2025-10-14 20:44:56,2025-10-14 20:45:00,103
8238,Microsoft,Neutral,"I actually used one of them in a Microsoft store and it's hella convenient, but you have to get used to it",2025-10-14 20:44:56,2025-10-14 20:45:00,106
8238,Microsoft,Neutral,"I did use one in the Microsoft store and it's very convenient, but you get used to it",2025-10-14 20:44:56,2025-10-14 20:45:00,85
8238,Microsoft,Neutral,I’ve actually used one of these in a Microsoft store and it is hella awesome but i gotta get used to it,2025-10-14 20:44:56,2025-10-14 20:45:00,103
8238,Microsoft,Neutral,I ’ ve actually used one of these in a down Microsoft store and it always is hella comfy but you has gotta get you used this to it,2025-10-14 20:44:56,2025-10-14 20:45:00,130
8238,Microsoft,Neutral,I’ve actually used 10 of these in a Microsoft store and it seems hella comfy but you gotta got used to it,2025-10-14 20:44:56,2025-10-14 20:45:00,105
8239,Microsoft,Negative,It’s wild Halo 2 had the best video game soundtrack ever and Microsoft/343 or whoever decided to mess with that in terms of the anniversary edition,2025-10-14 20:44:56,2025-10-14 20:45:00,147
8239,Microsoft,Negative,It's Wild Halo 2 had the best video game soundtrack of all time and Microsoft / 343 or whoever decided to screw it up in terms of the anniversary edition,2025-10-14 20:44:56,2025-10-14 20:45:00,153
8239,Microsoft,Negative,"This Wild Halo 2 had the best video game track ever, and Microsoft / 343 or anyone else decided to sort it out from the point of view of the anniversary edition",2025-10-14 20:44:56,2025-10-14 20:45:00,160
8239,Microsoft,Negative,It’s wild Halo 2 featured the best video game soundtrack ever but Microsoft/343 or whoever decided to mess with that in terms to the anniversary edition,2025-10-14 20:44:56,2025-10-14 20:45:00,152
8239,Microsoft,Negative,It ’ s wild how Halo 2 had even the best video action game soundtrack ever and Microsoft / Flight 343 or whoever decided why to mess with that in terms of the anniversary remix edition,2025-10-14 20:44:56,2025-10-14 20:45:00,184
8239,Microsoft,Negative,It’s wild Halo actually had the best single game soundtrack ever and Microsoft/343 or whoever decided their mess with up in terms of the anniversary edition,2025-10-14 20:44:56,2025-10-14 20:45:00,156
8240,Microsoft,Positive,Students: Remember you have free access to lots of great Microsoft apps you can use when learning from home. These helpful videos can assist you in doing just that:  bit.ly/3bfalRM,2025-10-14 20:44:56,2025-10-14 20:45:00,182
8240,Microsoft,Positive,"Students: Remember that you have free access to many great Microsoft apps that you can use from home, and these helpful videos can help: bit.ly / 3bfalRM",2025-10-14 20:44:56,2025-10-14 20:45:00,153
8240,Microsoft,Positive,Students: Remember that you have free access to many great Microsoft applications that you can use when you're at home. These useful videos can help you do that: bit.ly / 3bfalRM,2025-10-14 20:44:56,2025-10-14 20:45:00,178
8240,Microsoft,Positive,Students: Here you have free access to lots of great Microsoft apps we can use when drawing from home. Several helpful videos can assist you in doing just that:  bit.ly/3bfalRM,2025-10-14 20:44:56,2025-10-14 20:45:00,176
8240,Microsoft,Positive,Students : 4 Remember so you have also free access to lots of great Microsoft apps you can use with when your learning from home. These helpful videos can assist all you more in doing just that : bit. x ly / 3bfalRM,2025-10-14 20:44:56,2025-10-14 20:45:00,215
8240,Microsoft,Positive,Students: Remember you have free access to lots of great Microsoft apps you should use when reading from teachers. Two helpful videos can assist you while doing just this: bit.ly/3bfalRM,2025-10-14 20:44:56,2025-10-14 20:45:00,186
8241,Microsoft,Irrelevant,This made me laugh so goddamn hard,2025-10-14 20:44:56,2025-10-14 20:45:00,34
8241,Microsoft,Irrelevant,That made me laugh so damn hard,2025-10-14 20:44:56,2025-10-14 20:45:00,31
8241,Microsoft,Irrelevant,It made me laugh so much,2025-10-14 20:44:56,2025-10-14 20:45:00,24
8241,Microsoft,Irrelevant,This made my laugh so goddamn hard,2025-10-14 20:44:56,2025-10-14 20:45:00,34
8241,Microsoft,Irrelevant,This made half me laugh so goddamn hard,2025-10-14 20:44:56,2025-10-14 20:45:00,39
8241,Microsoft,Irrelevant,This made me laugh so goddamn loud,2025-10-14 20:44:56,2025-10-14 20:45:00,34
8242,Microsoft,Negative,I think I might move to @SonyPlay5tation @xbox @microsoft you guys are gauging on the extra hard drive space 220 bucks for 1tb - this is stuff that is ridiculous,2025-10-14 20:44:56,2025-10-14 20:45:00,161
8242,Microsoft,Negative,"I think I could switch to @ SonyPlay5tation @ xbox @ microsoft, you guys are measuring the extra disk space of 220 dollars for 1TB - that's something that's ridiculous",2025-10-14 20:44:56,2025-10-14 20:45:00,167
8242,Microsoft,Negative,I think I might move to @ SonyPlay5tation @ xbox @ microsoft you guys are gauging on the extra hard drive space 220 bucks for 1tb - this is stuff that is incredible,2025-10-14 20:44:56,2025-10-14 20:45:00,164
8242,Microsoft,Negative,I think I might refer to @SonyPlay5tation Just @xbox We guys are gauging on the extra hard drive space 220 bucks for 1tb - this is stuff that is ridiculous,2025-10-14 20:44:56,2025-10-14 20:45:00,155
8242,Microsoft,Negative,Now I think I might move it to @SonyPlay5tation @xbox @microsoft you new guys are gauging on the extra hard drive in space 220 bucks for 1tb - for this stuff is fine stuff but that is ridiculous,2025-10-14 20:44:56,2025-10-14 20:45:00,194
8242,Microsoft,Negative,I think we might move to @SonyPlay5tation @xbox @microsoft you guys are gauging on the extra hard drive space 220 feet for 1tb - this just before about gets ridiculous,2025-10-14 20:44:56,2025-10-14 20:45:00,167
8243,Microsoft,Positive,Game Pass is the best thing Microsoft's shown all year. bit.ly/3hDqWC0,2025-10-14 20:44:56,2025-10-14 20:45:00,70
8243,Microsoft,Positive,Game Pass is the best Microsoft has shown all year. bit.ly / 3hDqWC0,2025-10-14 20:44:56,2025-10-14 20:45:00,68
8243,Microsoft,Positive,The game is the best Microsoft has ever shown.,2025-10-14 20:44:56,2025-10-14 20:45:00,46
8243,Microsoft,Positive,Game Pass is arguably best thing Microsoft's shown all year. begg.ly/3hDqWC0,2025-10-14 20:44:56,2025-10-14 20:45:00,76
8243,Microsoft,Positive,Game Pass is perhaps the best commercial thing Microsoft't s shown all year. bit. com ly / 3hDqWC0,2025-10-14 20:44:56,2025-10-14 20:45:00,98
8243,Microsoft,Positive,Game Pass is dead best movie Microsoft's seen all year. bit.ly/3hDqWC0,2025-10-14 20:44:56,2025-10-14 20:45:00,70
8244,Microsoft,Positive,"Delivered by our own in-house team, Microsoft Dynamics 365 enhances productivity and increases agility so your organisation can adapt quickly to change.. . Get in touch today to find out more: razorblue.com/contact-us/ https://t.co/TTN9jmgAaj",2025-10-14 20:44:56,2025-10-14 20:45:00,242
8244,Microsoft,Positive,Microsoft Dynamics 365 is delivered by our in-house team and increases productivity and agility so your business can adapt quickly to change. Contact us today to learn more: razorblue.com / contact-us / https: / / t.co / TTN9jmgAaj,2025-10-14 20:44:56,2025-10-14 20:45:00,231
8244,Microsoft,Positive,"Created by our own team, Microsoft Dynamics 365 increases productivity and flexibility so your organization can quickly adapt to change... Contact us today to learn more: razorblue.com / contact-us / https: / / co /",2025-10-14 20:44:56,2025-10-14 20:45:00,215
8244,Microsoft,Positive,"Delivered by our own in-house team, Microsoft Dynamics 365 enhances productivity and increases availability when your systems must adapt quickly to change... Get in touch today to find out more: razorblue.com/contact-us/ https://t.co/TTN9jmgAaj]",2025-10-14 20:44:56,2025-10-14 20:45:00,245
8244,Microsoft,Positive,"Delivered directly by our own in - house team, enabling Microsoft Dynamics 365 enhances productivity and increases physical agility quickly so your partner organisation can adapt completely quickly to a change... Get us in early touch to today to find out more : razorblue. com / contact - us / https://t.co/TTN9jmgAaj ]",2025-10-14 20:44:56,2025-10-14 20:45:00,320
8244,Microsoft,Positive,"Delivered via our own the-house team, Leadership Dynamics 365 enhances productivity or increases turnover so your organisation helps adapt quickly at change... Get in touch today to feel out more: razorblue.com/contact-us/ https://t.co/TTN9jmgAaj]",2025-10-14 20:44:56,2025-10-14 20:45:00,247
8245,Microsoft,Negative,The outcome of the complaint/probe suggests,2025-10-14 20:44:56,2025-10-14 20:45:00,45
8245,Microsoft,Negative,The outcome of the complaint / investigation suggests,2025-10-14 20:44:56,2025-10-14 20:45:00,53
8245,Microsoft,Negative,The result of the complaint / investigation assumes that:,2025-10-14 20:44:56,2025-10-14 20:45:00,57
8245,Microsoft,Negative,The outcome of the trial/probe suggests,2025-10-14 20:44:56,2025-10-14 20:45:00,39
8245,Microsoft,Negative,The outcome of the complaint / probe period suggests,2025-10-14 20:44:56,2025-10-14 20:45:00,52
8245,Microsoft,Negative,The outcome regarding the complaint/probe suggests,2025-10-14 20:44:56,2025-10-14 20:45:00,50
8246,Microsoft,Neutral,IGP 26 time! This time it's @superhys and @HappyGeist on:. . .  . .  . .  . .  . .  . 🤸‍.  . . And a lot more!. . open.spotify.com/episode/1VHOMa…,2025-10-14 20:44:56,2025-10-14 20:45:00,146
8246,Microsoft,Neutral,IGP 26 times! This time it is @ superhys and @ HappyGeist am:.......... and much more!.. open.spotify.com / episode / 1VHOMa...,2025-10-14 20:44:56,2025-10-14 20:45:00,127
8246,Microsoft,Neutral,IGP 26 time! This time it's @ superhys and @ Happyon:................. And a lot more!. open.spotify.com / episode / 1VHOMA...,2025-10-14 20:44:56,2025-10-14 20:45:00,126
8246,Microsoft,Neutral,"IGP 26 time! This Monday it's up for @superhys on:... ,. .. .. .. . 🤸‍. . # or a lot more!.. open.spotify.com/episode/1VHOMa…",2025-10-14 20:44:56,2025-10-14 20:45:00,125
8246,Microsoft,Neutral,IGP Season 26 Good time! This one time when it's @superhys and the @HappyGeist are on :............ [UNK]... 1 And a lot more!.. open. spotify. html com / This episode / 2012 1VHOMa …,2025-10-14 20:44:56,2025-10-14 20:45:00,183
8246,Microsoft,Neutral,watched 26 time! Not time that's G or B for:............ <unk>... And every video with!.. open.spotify.com/episode/1VHOMa...,2025-10-14 20:44:56,2025-10-14 20:45:00,124
8247,Microsoft,Neutral,Afternoon Coffee: Find go-to vendors to weather the coronavirus crisis; small businesses reacting to virus fallout; Pentagon may reconsider JEDI-Microsoft contract spendmatters.com/2020/03/13/aft…,2025-10-14 20:44:56,2025-10-14 20:45:00,196
8247,Microsoft,Neutral,Afternoon coffee: Finding suitable providers to weather the coronavirus crisis; small businesses responding to virus fallout; Pentagon may reconsider JEDI-Microsoft contract spendmatters.com / 2020 / 03 / 13 / aft...,2025-10-14 20:44:56,2025-10-14 20:45:00,216
8247,Microsoft,Neutral,Afternoon Coffee: Find suppliers that can survive the coronavirus crisis; small businesses reacting to falling viruses; Pentagon may renegotiate contract between JEDI and Microsoft spendmat.com / 2020 / 03 / 13 / aft...,2025-10-14 20:44:56,2025-10-14 20:45:00,219
8247,Microsoft,Neutral,Afternoon Coffee: Find go-to vendors to weather Zika coronavirus outbreak; tech industry reacting to virus fallout; Pentagon may reconsider JEDI-Microsoft contract spendmatters.com/2020/03/13/aft…,2025-10-14 20:44:56,2025-10-14 20:45:00,196
8247,Microsoft,Neutral,Afternoon Coffee : Find the go - round to service vendors relating to weather on the coronavirus terminal crisis ; small businesses reacting to virus fallout ; Pentagon command may reconsider JEDI - Microsoft contract on spendmatters. com / 2020 / 03 / 13 / 2013 aft file …,2025-10-14 20:44:56,2025-10-14 20:45:00,273
8247,Microsoft,Neutral,Hot Coffee: Find go-to software to weather the coronavirus crisis; small firms grapple with virus fallout; government may reconsider response-Microsoft contract spendmatters.com/2020/03/13/aft...,2025-10-14 20:44:56,2025-10-14 20:45:00,195
8248,Microsoft,Positive,Satya Nadella has been credited with the turnaround at Microsoft...eventually leading it to be the only company in the top 10 in the world through both 2000s and 2010s.,2025-10-14 20:44:56,2025-10-14 20:45:00,168
8248,Microsoft,Positive,Satya Nadella was credited with the turnaround at Microsoft... and eventually led the company to become the only company in the world's top 10 in the 2000s and 2010s.,2025-10-14 20:44:56,2025-10-14 20:45:00,166
8248,Microsoft,Positive,"Satya Nadella joined Microsoft... after all, he was the only company in the world's top 10 in both the 2000s and 2010s.",2025-10-14 20:44:56,2025-10-14 20:45:00,119
8248,Microsoft,Positive,Satya Nadella has been credited with the turnaround at Microsoft...eventually leading it to be the only company among financial top 10 in the world over both 2000s and 2010s.,2025-10-14 20:44:56,2025-10-14 20:45:00,174
8248,Microsoft,Positive,Dr Satya Nadella Patel has been credited with starting the turnaround at Microsoft... eventually including leading it worldwide to be the still only company in the top 10 in the world through both its 2000s... and 2010s.,2025-10-14 20:44:56,2025-10-14 20:45:00,220
8248,Microsoft,Positive,Satya has long been credited with the turnaround at Microsoft...eventually leading the the be the only company in the top 10 in the world through in 2011 and 2010s.,2025-10-14 20:44:56,2025-10-14 20:45:00,164
8249,Microsoft,Neutral,"Google docs is a serviceable writing and editing program but its widow and orphan control is garbage, and it reacts to pictures only a little better than Microsoft Word.",2025-10-14 20:44:56,2025-10-14 20:45:00,169
8249,Microsoft,Neutral,"Google Docs is a useful writing and editing program, but its widow and orphan control is garbage, and it responds to images only slightly better than Microsoft Word.",2025-10-14 20:44:57,2025-10-14 20:45:00,165
8249,Microsoft,Neutral,"Google doblog is a program for writing and editing texts, but its management of \"widower\" and \"orphan\" is arcane, and it reacts to images only slightly better than Microsoft Word.",2025-10-14 20:44:57,2025-10-14 20:45:00,179
8249,Microsoft,Neutral,"Google docs is a serviceable writing and reading program but its widow and mouse control is garbage, and it reacts real pictures only a little better than Microsoft Word.",2025-10-14 20:44:57,2025-10-14 20:45:00,170
8249,Microsoft,Neutral,"Google docs is a full serviceable graphic writing and editing program there but its widow and orphan control is garbage, and it generally reacts to pictures only with a little better than any Microsoft Word.",2025-10-14 20:44:57,2025-10-14 20:45:00,207
8249,Microsoft,Neutral,"Google docs is decent serviceable writing and editing program but long widow and the control is garbage, and it reacts to pictures of a little better than Microsoft Explorer.",2025-10-14 20:44:57,2025-10-14 20:45:00,174
8250,Microsoft,Positive,Happy Birth Day !!! . ≧∇≦. Satya .,2025-10-14 20:44:57,2025-10-14 20:45:00,35
8250,Microsoft,Positive,Happy Birthday!!!.,2025-10-14 20:44:57,2025-10-14 20:45:00,18
8250,Microsoft,Positive,Happy Birthday!!!.,2025-10-14 20:44:57,2025-10-14 20:45:00,18
8250,Microsoft,Positive,Happy Birth Day!!! ↑ ≧∇≦. Satya.,2025-10-14 20:44:57,2025-10-14 20:45:00,32
8250,Microsoft,Positive,What Happy Old Birth Day!!!. [UNK]. Satya.,2025-10-14 20:44:57,2025-10-14 20:45:00,42
8250,Microsoft,Positive,Blue Sad Day!!!. <unk>. Satya.,2025-10-14 20:44:57,2025-10-14 20:45:00,30
8251,Microsoft,Negative,Hate how screen sharing from a widescreen/high-resolution monitor makes everything so small for Microsoft Teams meeting participants? Vote up this item to support sharing a custom area of the screen - microsoftteams.uservoice.com/forums/555103-…,2025-10-14 20:44:57,2025-10-14 20:45:00,245
8251,Microsoft,Negative,Do you hate how sharing from a widescreen / high resolution monitor makes everything so small for Microsoft teams meeting attendees? Select this item to support sharing a custom area of the screen - microsoftteams.uservoice.com / forums / 555103-...,2025-10-14 20:44:57,2025-10-14 20:45:00,249
8251,Microsoft,Negative,Hate how sharing screen access from a widescreen / high-resolution monitor makes everything so small for Microsoft meeting participants? Vote for this item to support shared access to the user area of the screen - microsteams.usergee.com / forums / 555103-...,2025-10-14 20:44:57,2025-10-14 20:45:00,259
8251,Microsoft,Negative,Hate if screen splitting from a resolution/high-resolution monitor makes everything so smooth for Microsoft Teams meeting participants? Vote up this item to consider sharing a custom area of the screen - microsoftteams.uservoice.com/forums/555103-…,2025-10-14 20:44:57,2025-10-14 20:45:00,248
8251,Microsoft,Negative,Hate how screen layout sharing from down a widescreen / high - resolution monitor makes everything appear so small for Microsoft Teams meeting session participants? Vote up this common item to and support image sharing with a custom area of the screen - microsoftteams. uservoice. com / Facebook forums / 555103 - 1 …,2025-10-14 20:44:57,2025-10-14 20:45:00,317
8251,Microsoft,Negative,out how screen sharing from a widescreen/high-resolution monitor makes it so realistic for Microsoft Teams meeting participants? Vote from your resolution to support sharing by custom area on the monitor - microsoftteams.uservoice.com/forums/555103-...,2025-10-14 20:44:57,2025-10-14 20:45:00,252
8252,Microsoft,Negative,WTF f*ck is wrong with you? Why would you bring him up on a topic that has nothing to do with him in any way? Are that much of a whipping b*tch for Microsoft that you’re using his death to protect Xbox?,2025-10-14 20:44:57,2025-10-14 20:45:00,202
8252,Microsoft,Negative,WTF f * ck is wrong with you? Why would you bring him up on an issue that has nothing to do with him? Is that a caning for Microsoft for using his death to protect the Xbox?,2025-10-14 20:44:57,2025-10-14 20:45:00,173
8252,Microsoft,Negative,WTF * ck is wrong with you? Why are you raising it on a subject that has nothing to do with it? Are you using his death to defend Xbox?,2025-10-14 20:44:57,2025-10-14 20:45:00,135
8252,Microsoft,Negative,WTF f*ck is wrong with you? Why would you bring him up on a platform nobody has anything to do with him in any way? Are that much of a whipping b*tch for Microsoft when you’re using his death to protect Xbox?,2025-10-14 20:44:57,2025-10-14 20:45:00,208
8252,Microsoft,Negative,WTF to f * ck him is wrong... with you?... Why would would you bring him up on a topic that has nothing outside to do with him dying in any way? Are that much of a whipping my b * damn tch for Microsoft that you ’ re using before his death to protect Xbox?,2025-10-14 20:44:57,2025-10-14 20:45:00,256
8252,Microsoft,Negative,WTF f*ck is wrong with Brad? Why would you bring him up to every night that has no to do with him in any way? Are that much from him whipping b*tch for Microsoft that you’re using his death to protect Xbox?,2025-10-14 20:44:57,2025-10-14 20:45:00,206
8253,Microsoft,Neutral,"Entrepreneur learning: \"This $30 Microsoft Excel Class May Be the Smartest Way to Spend Your Saturday\" ift.tt/35nnAOo",2025-10-14 20:44:57,2025-10-14 20:45:00,119
8253,Microsoft,Neutral,"Entrepreneurship: \"This $30 Microsoft Excel class might be the smartest way to spend your Saturday.\" ift.tt / 35nnAOo",2025-10-14 20:44:57,2025-10-14 20:45:00,117
8253,Microsoft,Neutral,"Entrepreneurship lessons: \"This $30 Microsoft Excel Class could be the smartest way to spend Saturday\" i.tt / 35AOo",2025-10-14 20:44:57,2025-10-14 20:45:00,115
8253,Microsoft,Neutral,"Entrepreneur learning: \"This $30 Microsoft Excel Kit Would Be the Smartest Thing to Spend Your Saturday\" ift.tt/35nnAOo",2025-10-14 20:44:57,2025-10-14 20:45:00,119
8253,Microsoft,Neutral,"Entrepreneur learning : \" Make This $ 30 Class Microsoft Excel Business Class May Clearly Be the Smartest Way Ever to Spend On Your Saturday \" ift. page tt / 35nnAOo",2025-10-14 20:44:57,2025-10-14 20:45:00,165
8253,Microsoft,Neutral,"Entrepreneur Magazine: \"This $30 Microsoft Excel Class May Change the Smartest Way Save Spend Your Saturday\" 2017.tt/35nnAOo",2025-10-14 20:44:57,2025-10-14 20:45:00,124
8254,Microsoft,Negative,All this time making typos on my phone was because I somehow got switched to microsoft switkey keyboard.,2025-10-14 20:44:57,2025-10-14 20:45:00,104
8254,Microsoft,Negative,All the time typing on my phone was because I was somehow switched to the Microsoft keyboard.,2025-10-14 20:44:57,2025-10-14 20:45:00,93
8254,Microsoft,Negative,All this time I was typing on my phone because somehow I switched to the microsoft keyboard.,2025-10-14 20:44:57,2025-10-14 20:45:00,92
8254,Microsoft,Negative,All this time making typos on my phone was after I somehow got switched to microsoft OS keyboard.,2025-10-14 20:44:57,2025-10-14 20:45:00,97
8254,Microsoft,Negative,All but this time making typos gestures on my phone gestures was terrifying because I somehow somehow got switched to microsoft switkey keyboard.,2025-10-14 20:44:57,2025-10-14 20:45:00,145
8254,Microsoft,Negative,All those time making typos on my phone was because something somehow got switched to microsoft switkey prompt.,2025-10-14 20:44:57,2025-10-14 20:45:00,111
8255,Microsoft,Negative,@maryjofoley hi mj! I had my wife take her SL3 to the Microsoft store. They tried 2 charge her the fee 4 accidental. I went  in & argued my piece. My wife babies her laptop. Rarely leaves her desk. We got it replaced & instantly got a hard case. pic.twitter.com/FdvsreTScM,2025-10-14 20:44:57,2025-10-14 20:45:00,272
8255,Microsoft,Negative,@ maryjofoley hello mj! I had my wife bring her SL3 to the Microsoft store. They tried 2 to charge her the fee 4 accidentally. I went in and argued my piece. My wife gives birth to her laptop. Rarely leaves her desk. We got it replaced and got a hard shell. pic.twitter.com / FdvsreTScM,2025-10-14 20:44:57,2025-10-14 20:45:00,286
8255,Microsoft,Negative,@ maryjofoley hi mj! I had my wife take her SL3 to the Microsoft store. They tried 2 charge her the fee 4 accidental. I went in & problem my piece. My wife books her laptop. Rarely leaves her desk. We got it replaced & instantly got a hard case. pic.facebook.com / FresreTScM,2025-10-14 20:44:57,2025-10-14 20:45:00,275
8255,Microsoft,Negative,RhandlerR hi mj! I had my wife take her SL3 to the Microsoft store. They tried 2 charge her the fee 4 accidental. I went  in & argued my piece. My wife babies her laptop. Rarely leaves her desk. We got it replaced & instantly got a hard case. pic.twitter.com/FdvsreTScM,2025-10-14 20:44:57,2025-10-14 20:45:00,269
8255,Microsoft,Negative,by RhandlerR hi mj! I had my wife take her SL3 to the Microsoft store. They tried 2 charge her the fee 4 accidental. I went  in & argued my piece. My wife babies her laptop. Rarely leaves her desk. We got it replaced & instantly got a hard case. pic.twitter.com/FdvsreTScM,2025-10-14 20:44:57,2025-10-14 20:45:00,272
8255,Microsoft,Negative,of,2025-10-14 20:44:57,2025-10-14 20:45:00,2
8256,Microsoft,Neutral,Slack files EU competition complaint against Microsoft reut.rs/3eSj65s,2025-10-14 20:44:57,2025-10-14 20:45:00,70
8256,Microsoft,Neutral,Slack files EU competition complaint against Microsoft reut.rs / 3eSj65s,2025-10-14 20:44:57,2025-10-14 20:45:00,72
8256,Microsoft,Neutral,Slack files EU competition complaint against Microsoft reut.rs / 3eSj65s,2025-10-14 20:44:57,2025-10-14 20:45:00,72
8256,Microsoft,Neutral,Slack files EU competition complaint against HP reut.rs/3eSj65s,2025-10-14 20:44:57,2025-10-14 20:45:00,63
8256,Microsoft,Neutral,Slack Inc files EU competition complaint suit against under Microsoft reut. org rs / 3eSj65s,2025-10-14 20:44:57,2025-10-14 20:45:00,92
8256,Microsoft,Neutral,Slack go into judicial complaint against Microsoft reut.rs/3eSj65s,2025-10-14 20:44:57,2025-10-14 20:45:00,66
8257,Microsoft,Positive,This is how Microsoft designed its new colorful Windows 10 icons rouut.com/02/20/2020/thi… https://t.co/lZy5sSRUr0,2025-10-14 20:44:57,2025-10-14 20:45:00,114
8257,Microsoft,Positive,So Microsoft designed its new colorful Windows 10 icons rouut.com / 02 / 20 / 2020 / thi... https: / / t.co / lZy5sSRUr0,2025-10-14 20:44:57,2025-10-14 20:45:00,120
8257,Microsoft,Positive,"This is how Microsoft has developed its new colorful Windows 10, writes rouut.com / 02 / 20 / 2020 / thi...",2025-10-14 20:44:57,2025-10-14 20:45:00,107
8257,Microsoft,Positive,This is how Microsoft displays its new colorful Windows 10 icons rouut.com/02/20/2020/thi… https://t.co/lZy5sSRUr0],2025-10-14 20:44:57,2025-10-14 20:45:00,115
8257,Microsoft,Positive,This message is one how Microsoft designed its new all colorful Windows 10 icons rouut. com com / 02 / 20 / 2020 / 2004 thi 1 … https://t.co/lZy5sSRUr0 ],2025-10-14 20:44:57,2025-10-14 20:45:00,153
8257,Microsoft,Positive,This maybe because Microsoft designed<unk> new colorful Windows 10 logo rouut.com/02/20/2020/thi... https://t.co/lZy5sSRUr0],2025-10-14 20:44:57,2025-10-14 20:45:00,124
8258,Microsoft,Negative,"@Sophos WHY DO I NEED TO SIGN INTO YOUR WEBSITE TO CHANGE HOW THE FUCKING ANTIVIRUS WORKS ON MY COMPUTER. . Oh and also YOUR LOGIN SYSTEM IS BROKEN FOR NO REASON AS-PER-FUCKING-USUAL BECAUSE YOU'RE BACKED BY MICROSOFT, SO NATURALLY IT BREAKS WHAT A FUCKING JOKE",2025-10-14 20:44:57,2025-10-14 20:45:00,261
8258,Microsoft,Negative,"@ Sophos WHY I MUST SUGGESTE WITH YOUR WEBSITE, HOW THE FICKING ANTIVIRUS WORKS IS CHANGED ON MY COMPUTER.. Oh and also YOUR LOGIN SYSTEM WILL NOT HAPPENED WHAT A FICKING USUAL WAS, IF YOU BACK BY MY SOFT, SO NATURALLY IT WILL BE A FICKING JOKE",2025-10-14 20:44:57,2025-10-14 20:45:00,244
8258,Microsoft,Negative,"@ Sophos WHY DO I NEBE TO SIGN TO YOUR ITE TO CHANGE HOW THE FUCKING ANTIVIRUS WORKS ON MY COMPUTER... Oh and also YOUR LOGIN SYSTEM IS BROKEN FOR NO REASON AS-PER-FUCKING-USUAL BECAUSE YOU'RE BACKAUSE by MICROSOFT, SO NATURALLY IT BREAKS What AT FUCKING JOKE",2025-10-14 20:44:57,2025-10-14 20:45:00,259
8258,Microsoft,Negative,"@Sophos WHY DO I GO TO SIGN INTO YOU WEBSITE TO GET HOW THE FUCKING ANTIVIRUS WORKS ON MY COMPUTER... Oh and also YOUR LOGIN SYSTEM IS ONLY FOR NO ID AS-PER-FUCKING-USUAL BECAUSE WE'RE BACKED BY MICROSOFT, SO NATURALLY IT BREAKS WHAT I FUCKING JOKE",2025-10-14 20:44:57,2025-10-14 20:45:00,248
8258,Microsoft,Negative,"@Sophos WHY DO YOU I NEED TO C SIGN INTO YOUR O WEBSITE TO CHANGE ON HOW THE FUCKING to ANTIVIRUS WORKS ON MY IT COMPUTER.. Oh and also YOUR LOGIN SYSTEM IS BROKEN FOR ME NO REASON AS - PER - FUCKING - USUAL BECAUSE ON YOU'RE TO BACKED BY MICROSOFT, SO YOU NATURALLY IT BREAKS WHAT A FUCKING JOKE",2025-10-14 20:44:57,2025-10-14 20:45:00,296
8258,Microsoft,Negative,"me WHY did I NEED SO Turn INTO THAT WEBSITE TO CHANGE HOW THE FUCKING ANTIVIRUS WORKS ON MY AT.. Oh and that YOUR LOGIN<unk> was BROKEN FOR NO REASON AS-PER-FUCKING-USUAL BECAUSE YOU'RE BACKED to MICROSOFT, SO NATURALLY IT BREAKS WHAT A FUCKING JOKE",2025-10-14 20:44:57,2025-10-14 20:45:00,249
8259,Microsoft,Irrelevant,okay i didn't expect an actual human being in these topics. nice take.,2025-10-14 20:44:57,2025-10-14 20:45:00,70
8259,Microsoft,Irrelevant,"okay, i did not expect to be a real person on these topics. nice take.",2025-10-14 20:44:57,2025-10-14 20:45:00,70
8259,Microsoft,Irrelevant,"Okay, I didn't expect there to be a real person in these topics.",2025-10-14 20:44:57,2025-10-14 20:45:00,64
8259,Microsoft,Irrelevant,okay i didn't expect an actual human interest in these topics. nice take.,2025-10-14 20:44:57,2025-10-14 20:45:00,73
8259,Microsoft,Irrelevant,okay i didn't expect an actual friendly human supernatural being in these topics. nice double take.,2025-10-14 20:44:57,2025-10-14 20:45:00,99
8259,Microsoft,Irrelevant,okay i do't expect an actual human being in writing topics. nice take.,2025-10-14 20:44:57,2025-10-14 20:45:00,70
8260,Microsoft,Neutral,Looking forward to this event!!,2025-10-14 20:44:57,2025-10-14 20:45:00,33
8260,Microsoft,Neutral,We are looking forward to this event!!,2025-10-14 20:44:57,2025-10-14 20:45:00,38
8260,Microsoft,Neutral,Looking forward to this event!!,2025-10-14 20:44:57,2025-10-14 20:45:00,31
8260,Microsoft,Neutral,Looking forward to that event!!,2025-10-14 20:44:57,2025-10-14 20:45:00,31
8260,Microsoft,Neutral,Looking up forward to this event!!,2025-10-14 20:44:57,2025-10-14 20:45:00,34
8260,Microsoft,Neutral,planning forward to this event!!,2025-10-14 20:44:57,2025-10-14 20:45:00,32
8261,Microsoft,Positive,Amazing,2025-10-14 20:44:57,2025-10-14 20:45:00,7
8261,Microsoft,Positive,Astonishing,2025-10-14 20:44:57,2025-10-14 20:45:00,11
8261,Microsoft,Positive,Amazing,2025-10-14 20:44:57,2025-10-14 20:45:00,7
8261,Microsoft,Positive,Amazing,2025-10-14 20:44:57,2025-10-14 20:45:00,7
8261,Microsoft,Positive,All Amazing,2025-10-14 20:44:57,2025-10-14 20:45:00,11
8261,Microsoft,Positive,Amazing,2025-10-14 20:44:57,2025-10-14 20:45:00,7
8262,Microsoft,Irrelevant,*snapchat me that pussy voice* . . microsoft teams me that pussy,2025-10-14 20:44:57,2025-10-14 20:45:00,64
8262,Microsoft,Irrelevant,* snapchat me that pussy voice *.. microsoft teams me that pussy,2025-10-14 20:44:57,2025-10-14 20:45:00,64
8262,Microsoft,Irrelevant,* hook me with that pvoice *.. microsoft commands me with that pvoice.,2025-10-14 20:44:57,2025-10-14 20:45:00,70
8262,Microsoft,Irrelevant,*snapchat me that pussy online*.. microsoft teams me that pussy,2025-10-14 20:44:57,2025-10-14 20:45:00,63
8262,Microsoft,Irrelevant,* snapchat me that coarse pussy voice *.. I microsoft teams make me that fine pussy,2025-10-14 20:44:57,2025-10-14 20:45:00,83
8262,Microsoft,Irrelevant,emails me their pussy voice*.. microsoft email me that pussy,2025-10-14 20:44:57,2025-10-14 20:45:00,60
8263,Microsoft,Neutral,Microsoft Enters Goes Full Evil - Microsoft Does NOT Want You To See This Video! prepareforchange.net/2020/04/20/mic… via @Prepare_Change,2025-10-14 20:44:57,2025-10-14 20:45:00,137
8263,Microsoft,Neutral,Microsoft Enters Goes Full Evil - Microsoft does not want you to see this video! prepareforchange.net / 2020 / 04 / 20 / mic... via @ Prepare _ Change,2025-10-14 20:44:57,2025-10-14 20:45:00,150
8263,Microsoft,Neutral,Microsoft Enters Goes Full Evil - Microsoft Does NOT Want You To See This Video! prepareforch.net / 2020 / 04 / 20 / mic... via @ Prepare _ Change,2025-10-14 20:44:57,2025-10-14 20:45:00,146
8263,Microsoft,Neutral,Microsoft Enters A Full Evil Here Microsoft May NOT Want You To See This Video! prepareforchange.net/2020/04/20/mic… via @Prepare_Change,2025-10-14 20:44:57,2025-10-14 20:45:00,136
8263,Microsoft,Neutral,And Microsoft Enters Goes Full Evil - Microsoft Does NOT Want You To To Just See Through This Video! prepareforchange. de net / 2020 / no 04 / 20 / mic … Archive via website @Prepare_Change,2025-10-14 20:44:57,2025-10-14 20:45:00,189
8263,Microsoft,Neutral,Microsoft Window Goes Full Evil - Software Does NOT Want You To See No Archive! free.net/2020/04/20/mic...<unk> @Prepare_Change,2025-10-14 20:44:57,2025-10-14 20:45:00,127
8264,Microsoft,Positive,@Ronnie2K  but this is okay  I think not @Microsoft @XboxSupport @NBA2K they should be banned pic.twitter.com/Iwqio1ZBH0,2025-10-14 20:44:57,2025-10-14 20:45:00,120
8264,Microsoft,Positive,@ Ronnie2K but that's fine I don't think @ microsoft @ XboxSupport @ NBA2K they should be banned pic.twitter.com / Iwqio1ZBH0,2025-10-14 20:44:57,2025-10-14 20:45:00,125
8264,Microsoft,Positive,@ Ron2K but it's ok I don't think @ Microsoft @ XboxSupport @ N2K they should be banned pic.fm / Iwqio1ZBH0,2025-10-14 20:44:57,2025-10-14 20:45:00,107
8264,Microsoft,Positive,RhandlerR  but this is okay  I think not RhandlerR RhandlerR RhandlerR they should be banned pic.twitter.com/Iwqio1ZBH0,2025-10-14 20:44:57,2025-10-14 20:45:00,119
8264,Microsoft,Positive,FM RhandlerR  but this is okay  I think not RhandlerR RhandlerR RhandlerR they should be banned pic.twitter.com/Iwqio1ZBH0,2025-10-14 20:44:57,2025-10-14 20:45:00,122
8264,Microsoft,Positive,up,2025-10-14 20:44:57,2025-10-14 20:45:00,2
8265,Microsoft,Neutral,"Microsoft reveals redesigned, much faster Xbox store. teknoleft.com/microsoft-reve… https://t.co/fli7SWQXB2",2025-10-14 20:44:57,2025-10-14 20:45:00,107
8265,Microsoft,Neutral,"Microsoft unveils revamped, much faster Xbox Store. teknoleft.com / microsoft-reve... https: / / t.co / fli7SWQXB2",2025-10-14 20:44:57,2025-10-14 20:45:00,114
8265,Microsoft,Neutral,"Microsoft reveals an updated, much faster Xbox store. teknoleft.com / microsoft-reve...",2025-10-14 20:44:57,2025-10-14 20:45:00,87
8265,Microsoft,Neutral,"Microsoft reveals redesigned, radically expanded Xbox store. teknoleft.com/microsoft-reve… https://t.co/fli7SWQXB2]",2025-10-14 20:44:57,2025-10-14 20:45:00,115
8265,Microsoft,Neutral,"Microsoft reveals this redesigned, much used faster Xbox store. to teknoleft. com / microsoft - free reve... … w https://t.co/fli7SWQXB2 ]",2025-10-14 20:44:57,2025-10-14 20:45:00,138
8265,Microsoft,Neutral,"console reveals new, much newer Xbox store. teknoleft.com/microsoft-reve... •]",2025-10-14 20:44:57,2025-10-14 20:45:00,78
8266,Microsoft,Negative,"Sneaky... @microsoft @Windows decided to sneakily pin its Edge browser it to the taskbar when launched (through a settings help page). No other app would dare to do that. Stop trying to make me use your browser, MS.",2025-10-14 20:44:57,2025-10-14 20:45:00,215
8266,Microsoft,Negative,"Sneaky... @ microsoft @ Windows has decided to secretly attach its Edge browser to the taskbar at startup (via a Settings help page). No other app would dare to do so. Stop making me use your browser, MS.",2025-10-14 20:44:57,2025-10-14 20:45:00,204
8266,Microsoft,Negative,Sneaky... @ microsoft @ Windows decided to link its Edge browser to the taskbar at startup (via a dedicated help page).,2025-10-14 20:44:57,2025-10-14 20:45:00,119
8266,Microsoft,Negative,"Sneaky... @microsoft @Windows decided another sneakily pin its Edge browser it to the taskbar when running (through a settings help page). No other app can dare to do that. Stop trying to make me use your stuff, people.",2025-10-14 20:44:57,2025-10-14 20:45:00,219
8266,Microsoft,Negative,"Sneaky... @microsoft @Windows decided to sneakily remotely pin its Edge Web browser it to the target taskbar when launched ( through a settings up help page ). No other app would she dare have to do even that. See Stop trying it to... make me use your browser, MS.",2025-10-14 20:44:57,2025-10-14 20:45:00,264
8266,Microsoft,Negative,"Sneaky... Edge @microsoft decided to sneakily pin its Edge Web map to the taskbar when launched (through a pop of button). No other app would come or do that. Stop trying to make me use your browser, MS.",2025-10-14 20:44:57,2025-10-14 20:45:00,203
8267,Microsoft,Neutral,Microsoft issues second ‘final’ Windows 7 update latesttechnews.org/uncategorized/… https://t.co/cn46yN7YqT,2025-10-14 20:44:57,2025-10-14 20:45:00,107
8267,Microsoft,Neutral,"Microsoft releases second \"last\" Windows 7 update newest technews.org / uncategorized /... https: / / t.co / cn46yN7YqT",2025-10-14 20:44:57,2025-10-14 20:45:00,119
8267,Microsoft,Neutral,"Microsoft has released the second \"final\" update of Windows 7 latesttechnews.org / uncategorized /...",2025-10-14 20:44:57,2025-10-14 20:45:00,101
8267,Microsoft,Neutral,Microsoft releases second free Windows 7 update latesttechnews.org/uncategorized/… https://t.co/cn46yN7YqT],2025-10-14 20:44:57,2025-10-14 20:45:00,107
8267,Microsoft,Neutral,Microsoft issues second default ‘ file final ’ Windows 7 update latesttechnews. org / Windows uncategorized / last … files https://t.co/cn46yN7YqT ],2025-10-14 20:44:57,2025-10-14 20:45:00,148
8267,Microsoft,Neutral,is issues second version Windows password on latesttechnews.org/uncategorized/... https://t.co/cn46yN7YqT],2025-10-14 20:44:57,2025-10-14 20:45:00,106
8268,Microsoft,Neutral,"Is your business getting dragged by a wrong ERP system?. . Upgrade yourself to Microsoft Dynamics 365 Today!. . To know more, Visit: bafflesol.com/services/micro… .",2025-10-14 20:44:57,2025-10-14 20:45:00,166
8268,Microsoft,Neutral,"Will your business be affected by an incorrect ERP system?.. Update to Microsoft Dynamics 365 Today!.. To learn more, visit: bafflesol.com / services / micro....",2025-10-14 20:44:57,2025-10-14 20:45:00,161
8268,Microsoft,Neutral,"Is your business pulling on the wrong ERP system?. Upgrade yourself to Microsoft Dy365 Today!.. To learn more, visit: bafflesol.com / services / micro....",2025-10-14 20:44:57,2025-10-14 20:45:00,154
8268,Microsoft,Neutral,"Is your business process dragged by a wrong accounting system?., Upgrade yourself to Microsoft Dynamics 365 Today!.. To know more, Visit: bafflesol.com/services/micro…<unk>",2025-10-14 20:44:57,2025-10-14 20:45:00,172
8268,Microsoft,Neutral,"Is it your business getting dragged out by a wrong ERP scheduling system?.. Upgrade yourself to Yahoo Microsoft Dynamics 365 Software Today!.. To know more, visit Visit : please bafflesol. com / Internet services / business micro ….",2025-10-14 20:44:57,2025-10-14 20:45:00,232
8268,Microsoft,Neutral,"has your business mind dragged by a wrong ERP system?.. Upgrade yourself through SAP Business 365 Today!.. To email us, Visit: bafflesol.com/services/micro....",2025-10-14 20:44:57,2025-10-14 20:45:00,159
8269,Microsoft,Neutral,I’m live on Twitch - Watch me at twitch.tv/osg_shotz we back,2025-10-14 20:44:57,2025-10-14 20:45:00,62
8269,Microsoft,Neutral,I'm live on Twitch - watch me on twitch.tv / osg _ shotz,2025-10-14 20:44:57,2025-10-14 20:45:00,56
8269,Microsoft,Neutral,"I am live on Rossiya 1 - Watch me at tch.tv / osg _ show, we're back",2025-10-14 20:44:57,2025-10-14 20:45:00,68
8269,Microsoft,Neutral,I’m live on Twitch - Watch me at twitch.tv/osg_shotz we back,2025-10-14 20:44:57,2025-10-14 20:45:00,62
8269,Microsoft,Neutral,And I’m live on Twitch - Watch me at twitch.tv/osg_shotz we back,2025-10-14 20:44:57,2025-10-14 20:45:00,66
8269,Microsoft,Neutral,can,2025-10-14 20:44:57,2025-10-14 20:45:00,3
8270,Microsoft,Positive,A bullshit excuse by Apple. The real answer is because they can’t get the 30% cut of Microsoft’s subscription.,2025-10-14 20:44:57,2025-10-14 20:45:00,110
8270,Microsoft,Positive,A bullshit apology from Apple: The real answer is that they can't get the 30% cut in Microsoft's subscription.,2025-10-14 20:44:57,2025-10-14 20:45:00,110
8270,Microsoft,Positive,The real answer is that they cannot get a 30% cut in Microsoft's subscriptions.,2025-10-14 20:44:57,2025-10-14 20:45:00,79
8270,Microsoft,Positive,A bullshit excuse about Apple. The real answer is – they can’t get the 30% cut of Microsoft’s subscription.,2025-10-14 20:44:57,2025-10-14 20:45:00,107
8270,Microsoft,Positive,A bullshit commercial excuse by watching Apple. The real hard answer is likely because they can ’ t get the 30 % price cut of Microsoft ’ s subscription.,2025-10-14 20:44:57,2025-10-14 20:45:00,153
8270,Microsoft,Positive,A bullshit excuse by Apple. The simplest answer is because they can’t take some 30% cut of Microsoft’s subscription.,2025-10-14 20:44:57,2025-10-14 20:45:00,116
8271,Microsoft,Negative,"'Greed'? Yeah, no. Small businesses need the economy reopened in order to not go out of business. It’s hardly greed, it’s about survival. It’s either that, or we’ll see giant monopolies (read Amazon, Microsoft) be the only market participants remaining.",2025-10-14 20:44:57,2025-10-14 20:45:00,253
8271,Microsoft,Negative,"\"Greed\"? Yes, no. Small businesses need the reopening of the economy in order not to perish. It's not about greed, it's about survival. Either it is, or we will see that huge monopolies (read Amazon, Microsoft) will be the only remaining players in the market.",2025-10-14 20:44:57,2025-10-14 20:45:00,260
8271,Microsoft,Negative,"\"Greed\"? Yes, no. Small businesses need the economy to stay in business. It is unlikely that greed is a matter of survival. Either that is the case, or we will see giant monsters (read Amazon, Microsoft) be the only remaining players in the market.",2025-10-14 20:44:57,2025-10-14 20:45:00,248
8271,Microsoft,Negative,"'Greed'? Yeah, no. Small businesses need the markets reopened in order to fulfill go cycle of business. It’s hardly greed, more about survival. It’s either not, or we’ll see giant monopolies (read Amazon, Microsoft) be the only rational participants remaining.",2025-10-14 20:44:57,2025-10-14 20:45:00,260
8271,Microsoft,Negative,"' Marketing Greed '? Yeah, and no. Small single businesses need getting the economy reopened in complete order to not go out of business. 20 It ’ s hardly greed, it ’ s about survival. It ’ s either that, or we live ’... ll eventually see giant monopolies ( read Amazon, thus Microsoft ) be the only market participants remaining.",2025-10-14 20:44:57,2025-10-14 20:45:00,330
8271,Microsoft,Negative,"'Greed'? Yeah, no. If businesses need the border reopened and order than not run out for debt. It’s hardly greed, it’s about honesty. It’s either that, or we’ll make giant monopolies (read Amazon, Microsoft) be the only market blocks remaining.",2025-10-14 20:44:57,2025-10-14 20:45:00,244
8272,Microsoft,Neutral,Microsoft: ‘carbon-negative’ by 2030 even for supply chain annahar.com/article/1105777,2025-10-14 20:44:57,2025-10-14 20:45:00,86
8272,Microsoft,Neutral,"Microsoft: \"Carbon negative\" by 2030 even for the supply chain annahar.com / article / 1105777",2025-10-14 20:44:57,2025-10-14 20:45:00,94
8272,Microsoft,Neutral,"Microsoft: \"Carbon-negative\" by 2030, even for the supply chain annahar.com / article / 1105777",2025-10-14 20:44:57,2025-10-14 20:45:00,95
8272,Microsoft,Neutral,Microsoft: ‘carbon-negative’ by 2030 plan for shipping chain annahar.com/article/1105777,2025-10-14 20:44:57,2025-10-14 20:45:00,88
8272,Microsoft,Neutral,and Microsoft : ‘ into carbon - negative ’ by 2030 even for supply chain annahar. com com / full article / PMID 1105777,2025-10-14 20:44:57,2025-10-14 20:45:00,119
8272,Microsoft,Neutral,Microsoft: ‘carbon-negative’ by 2016 even kills supply at annahar.com/article/1105777,2025-10-14 20:44:57,2025-10-14 20:45:00,85
8273,Microsoft,Positive,"I'm an Xbox guy, but this looks INCREDIBLE. Fight back, Microsoft!!!",2025-10-14 20:44:57,2025-10-14 20:45:00,68
8273,Microsoft,Positive,"I'm an Xbox guy, but this looks INCREDIBLE. Fight back, Microsoft!!!",2025-10-14 20:44:57,2025-10-14 20:45:00,68
8273,Microsoft,Positive,"I'm an Xbox guy, but this looks INCREDIBLE. Fight back, Microsoft!!!",2025-10-14 20:44:57,2025-10-14 20:45:00,68
8273,Microsoft,Positive,"I'm an analytics guy, but this looks INCREDIBLE. Fight back, Microsoft!!!",2025-10-14 20:44:57,2025-10-14 20:45:00,73
8273,Microsoft,Positive,"How I'm like an Xbox Club guy, but this looks INCREDIBLE. Fight back, Ms Microsoft!!!",2025-10-14 20:44:57,2025-10-14 20:45:00,85
8273,Microsoft,Positive,"I'm only Xbox guy, but this SO INCREDIBLE. Fight back, in",2025-10-14 20:44:57,2025-10-14 20:45:00,57
8274,Microsoft,Neutral,nan,2025-10-14 20:44:57,2025-10-14 20:45:00,3
8274,Microsoft,Neutral,It is not the first time that the EU Commission has taken such a step.,2025-10-14 20:44:57,2025-10-14 20:45:00,70
8274,Microsoft,Neutral,"At the same time, despite the fact that there are currently some 100 million people living below the poverty line, most of them do not have access to health services and do not have access to health care, while most of them do not have access to health care.",2025-10-14 20:44:57,2025-10-14 20:45:00,258
8274,Microsoft,Neutral,nan,2025-10-14 20:44:57,2025-10-14 20:45:00,3
8274,Microsoft,Neutral,nan,2025-10-14 20:44:57,2025-10-14 20:45:00,3
8274,Microsoft,Neutral,nan,2025-10-14 20:44:57,2025-10-14 20:45:00,3
8275,Microsoft,Positive,Really think,2025-10-14 20:44:57,2025-10-14 20:45:00,14
8275,Microsoft,Positive,Really think,2025-10-14 20:44:57,2025-10-14 20:45:00,12
8275,Microsoft,Positive,Really think,2025-10-14 20:44:57,2025-10-14 20:45:00,12
8275,Microsoft,Positive,Really<unk>,2025-10-14 20:44:57,2025-10-14 20:45:00,11
8275,Microsoft,Positive,You Really think,2025-10-14 20:44:57,2025-10-14 20:45:00,16
8275,Microsoft,Positive,Really Need,2025-10-14 20:44:57,2025-10-14 20:45:00,11
8276,Microsoft,Neutral,Still no luck in even download the goddamn CLIENT from the Microsoft store. This is killing my desire to even play @play_pso2 before it even started,2025-10-14 20:44:57,2025-10-14 20:45:00,148
8276,Microsoft,Neutral,"Still no luck in downloading the goddamn CUSTOMER from the Microsoft Store, which kills my desire to play @ play _ pso2 even before it has even started.",2025-10-14 20:44:57,2025-10-14 20:45:00,152
8276,Microsoft,Neutral,It kills my desire even to play @ play _ pso2 before it even started.,2025-10-14 20:44:57,2025-10-14 20:45:00,69
8276,Microsoft,Neutral,Still no luck in even download the full CLIENT from the app store. This is killing my desire to even play @play_pso2 before it even started,2025-10-14 20:44:57,2025-10-14 20:45:00,139
8276,Microsoft,Neutral,Still no luck coming in even download the goddamn CLIENT File from the Microsoft store. 25 This is nearly killing up my desire to even play @play_pso2 before it even remotely started,2025-10-14 20:44:57,2025-10-14 20:45:00,182
8276,Microsoft,Neutral,Still no sense in even download the goddamn CLIENT from the Microsoft store. This admitted killing the desire to even play @play_pso2 before we even started,2025-10-14 20:44:57,2025-10-14 20:45:00,156
8277,Microsoft,Neutral,"The latest Fabien HENON, le Journal! paper.li/FabienHenon/13… Thanks to @ElixirTip",2025-10-14 20:44:57,2025-10-14 20:45:00,84
8277,Microsoft,Neutral,"The latest Fabien HENON, le Journal! paper.li / FabienHenon / 13... Thanks to @ ElixirTip",2025-10-14 20:44:57,2025-10-14 20:45:00,89
8277,Microsoft,Neutral,"The latest Fabien HENON, le Journal! paper.li / Fabien Henon / 13... Thanks @ ElixirTip",2025-10-14 20:44:57,2025-10-14 20:45:00,87
8277,Microsoft,Neutral,"The latest Fabien HENON, le Journal! sur.li/FabienHenon/13… Letters to @ElixirTip",2025-10-14 20:44:57,2025-10-14 20:45:00,81
8277,Microsoft,Neutral,"The latest by Fabien Van HENON, le Journal! paper. 2017 li / FabienHenon / 13 … The Thanks Also to Daniel @ElixirTip",2025-10-14 20:44:57,2025-10-14 20:45:00,116
8277,Microsoft,Neutral,"for latest Fabien HENON, le Journal! with.li/FabienHenon/13... When the @ElixirTip",2025-10-14 20:44:57,2025-10-14 20:45:00,82
8278,Microsoft,Neutral,Microsoft named a leader in Gartner’s Magic Quadrant for Enterprise Integration Platform as a Service: azure.microsoft.com/blog/microsoft…,2025-10-14 20:44:57,2025-10-14 20:45:00,140
8278,Microsoft,Neutral,Microsoft has named a market leader in Gartner's Magic Quadrant for Enterprise Integration Platform as a Service: azure.microsoft.com / blog / microsoft...,2025-10-14 20:44:57,2025-10-14 20:45:00,155
8278,Microsoft,Neutral,Microsoft named the leader in the Magic Crant for Enterprise Platform as a service: are.micross.com / blog / microsoft...,2025-10-14 20:44:57,2025-10-14 20:45:00,121
8278,Microsoft,Neutral,Microsoft named a leader to Gartner’s Leaders Quadrant for Enterprise Integration Platform as a review: azure.microsoft.com/blog/microsoft…,2025-10-14 20:44:57,2025-10-14 20:45:00,139
8278,Microsoft,Neutral,Microsoft named a leader in Gartner ’ s s National Magic Street Quadrant for Enterprise Mobile Integration Platform as a Service : an azure. via microsoft. com / a blog / microsoft …,2025-10-14 20:44:57,2025-10-14 20:45:00,182
8278,Microsoft,Neutral,Microsoft named technology leader in Gartner’s Magic Consulting Enterprise Enterprise Integration Services as a leader: azure.microsoft.com/blog/microsoft...,2025-10-14 20:44:57,2025-10-14 20:45:00,157
8279,Microsoft,Positive,Well this definitely cheered me up! .,2025-10-14 20:44:57,2025-10-14 20:45:00,38
8279,Microsoft,Positive,"Well, that definitely cheered me up!.",2025-10-14 20:44:57,2025-10-14 20:45:00,37
8279,Microsoft,Positive,"Well, it definitely cheered me up!.",2025-10-14 20:44:57,2025-10-14 20:45:00,35
8279,Microsoft,Positive,Well this definitely cheered them up!.,2025-10-14 20:44:57,2025-10-14 20:45:00,38
8279,Microsoft,Positive,Well just this definitely cheered me up!.,2025-10-14 20:44:57,2025-10-14 20:45:00,41
8279,Microsoft,Positive,Well he definitely cheered me up!.,2025-10-14 20:44:57,2025-10-14 20:45:00,34
8280,Microsoft,Neutral,[.  NEWS] Game devs: Xbox Series X isn't significantly more powerful than PS5 u.fooo.ooo/post-20090/202…,2025-10-14 20:44:57,2025-10-14 20:45:00,106
8280,Microsoft,Neutral,[. NEWS] Game Developer: Xbox Series X is not much more powerful than PS5 u.fooo.ooo / post-20090 / 202...,2025-10-14 20:44:57,2025-10-14 20:45:00,106
8280,Microsoft,Neutral,[. NEWS] Game devs: Xbox Series X is not much more powerful than PS5 Fooo.ooo / post-20090 / 202...,2025-10-14 20:44:57,2025-10-14 20:45:00,99
8280,Microsoft,Neutral,[.  NEWS] Game devs: Xbox Series X isn't significantly remotely competitive on PS5 u.fooo.ooo/post-20090/202…,2025-10-14 20:44:57,2025-10-14 20:45:00,109
8280,Microsoft,Neutral,[. NEWS ] Game devs : Xbox Series Ultimate X isn't the significantly more visually powerful game than Sega PS5 7 u. fooo. ooo / or post - 20090 / 202 …,2025-10-14 20:44:57,2025-10-14 20:45:00,151
8280,Microsoft,Neutral,[. NEWS] Game devs: The Pro X isn't way more powerful as your u.fooo.ooo/post-20090/202...,2025-10-14 20:44:57,2025-10-14 20:45:00,90
8281,Microsoft,Negative,Microsoft 365 had a big outage today,2025-10-14 20:44:57,2025-10-14 20:45:00,36
8281,Microsoft,Negative,Microsoft 365 had a major outage today,2025-10-14 20:44:57,2025-10-14 20:45:00,38
8281,Microsoft,Negative,Microsoft 365 had a big glitch today,2025-10-14 20:44:57,2025-10-14 20:45:00,36
8281,Microsoft,Negative,Microsoft 365 had a big outage recently,2025-10-14 20:44:57,2025-10-14 20:45:00,39
8281,Microsoft,Negative,Microsoft 365 had seen a big outage today,2025-10-14 20:44:57,2025-10-14 20:45:00,41
8281,Microsoft,Negative,Microsoft 365 had a complete outage today,2025-10-14 20:44:57,2025-10-14 20:45:00,41
8282,Microsoft,Positive,New York City schools ban Zoom due to security concerns and shift to,2025-10-14 20:44:57,2025-10-14 20:45:00,70
8282,Microsoft,Positive,New York schools ban zoom due to safety concerns,2025-10-14 20:44:57,2025-10-14 20:45:00,48
8282,Microsoft,Positive,New York schools ban Zoom over safety concerns,2025-10-14 20:44:57,2025-10-14 20:45:00,46
8282,Microsoft,Positive,New York City schools ban Zoom due to security fear and shift to,2025-10-14 20:44:57,2025-10-14 20:45:00,64
8282,Microsoft,Positive,New York Central City schools ban Zoom due to security level concerns and shift to,2025-10-14 20:44:57,2025-10-14 20:45:00,82
8282,Microsoft,Positive,New York high schools ban Zoom due over security concerns and shift to,2025-10-14 20:44:57,2025-10-14 20:45:00,70
8283,Microsoft,Negative,what tf is this,2025-10-14 20:44:57,2025-10-14 20:45:00,15
8283,Microsoft,Negative,what is this a tf,2025-10-14 20:44:57,2025-10-14 20:45:00,17
8283,Microsoft,Negative,what tf is this,2025-10-14 20:44:57,2025-10-14 20:45:00,15
8283,Microsoft,Negative,what project is this,2025-10-14 20:44:57,2025-10-14 20:45:00,20
8283,Microsoft,Negative,what tf is is this,2025-10-14 20:44:57,2025-10-14 20:45:00,18
8283,Microsoft,Negative,what tf does this,2025-10-14 20:44:57,2025-10-14 20:45:00,17
8284,Microsoft,Positive,This is a great tool. I love the Samsung Electronics and Microsoft partnership! .  ttps://lnkd.in/gx-f-Zm lnkd.in/gBcHDGK,2025-10-14 20:44:57,2025-10-14 20:45:00,121
8284,Microsoft,Positive,I love the partnership between Samsung Electronics and Microsoft!. ttps: / / lnkd.in / gx-f-Zm lnkd.in / gBcHDGK,2025-10-14 20:44:57,2025-10-14 20:45:00,112
8284,Microsoft,Positive,This is a great tool. I like the Samsung-Microsoft partnership!. ttp: / / kinin / gx-f-Zm-kinin / gBcGK,2025-10-14 20:44:57,2025-10-14 20:45:00,103
8284,Microsoft,Positive,This just a simple tool. I love you Samsung Electronics / Microsoft partnership!.  ttps://lnkd.in/gx-f-Zm lnkd.in/gBcHDGK,2025-10-14 20:44:57,2025-10-14 20:45:00,121
8284,Microsoft,Positive,This one is still a great tool. I love the current Samsung Smart Electronics and Microsoft software partnership!. ttps : / / 12 lnkd. in / gx - f - 6 Zm of lnkd. in / 6 gBcHDGK,2025-10-14 20:44:57,2025-10-14 20:45:00,176
8284,Microsoft,Positive,Studio is a great tool. Also applaud the Samsung Film World Digital partnership!. ttps://lnkd.in/gx-f-Zm lnkd.in/gBcHDGK,2025-10-14 20:44:57,2025-10-14 20:45:00,120
8285,Microsoft,Negative,I wonder what this means for the navy... who still uses this dated ass shit,2025-10-14 20:44:57,2025-10-14 20:45:00,75
8285,Microsoft,Negative,I wonder what that means for the Navy... who still uses this outdated ass shit?,2025-10-14 20:44:57,2025-10-14 20:45:00,79
8285,Microsoft,Negative,I wonder what this means for the Navy... who still uses this outdated ass crap,2025-10-14 20:44:57,2025-10-14 20:45:00,78
8285,Microsoft,Negative,I wonder what it means for the navy... who still uses this dated ass shit,2025-10-14 20:44:57,2025-10-14 20:45:00,73
8285,Microsoft,Negative,Would I even wonder then what this means for the navy... who still uses this dated ass shit,2025-10-14 20:44:57,2025-10-14 20:45:00,91
8285,Microsoft,Negative,do wonder what this means for the navy... who still uses this dated ass<unk>,2025-10-14 20:44:57,2025-10-14 20:45:00,76
8286,Microsoft,Negative,"Apparently Microsoft is buying TikTok, sick",2025-10-14 20:44:57,2025-10-14 20:45:00,43
8286,Microsoft,Negative,Microsoft Buys Apparently Sick TikTok,2025-10-14 20:44:57,2025-10-14 20:45:00,37
8286,Microsoft,Negative,Microsoft Buys Sick Current,2025-10-14 20:44:57,2025-10-14 20:45:00,27
8286,Microsoft,Negative,"Apparently Microsoft is buying drugs, sick",2025-10-14 20:44:57,2025-10-14 20:45:00,42
8286,Microsoft,Negative,"in Apparently Microsoft is buying the TikTok, sick",2025-10-14 20:44:57,2025-10-14 20:45:00,50
8286,Microsoft,Negative,"Apparently Microsoft is buying our, sick",2025-10-14 20:44:57,2025-10-14 20:45:00,40
8287,Microsoft,Positive,And this why I love Microsoft,2025-10-14 20:44:57,2025-10-14 20:45:00,29
8287,Microsoft,Positive,And that's why I love Microsoft,2025-10-14 20:44:57,2025-10-14 20:45:00,31
8287,Microsoft,Positive,And for that I love Microsoft,2025-10-14 20:44:57,2025-10-14 20:45:00,29
8287,Microsoft,Positive,And more why I love Microsoft,2025-10-14 20:44:57,2025-10-14 20:45:00,29
8287,Microsoft,Positive,And this why I really love Microsoft,2025-10-14 20:44:57,2025-10-14 20:45:00,36
8287,Microsoft,Positive,is this why I love Microsoft,2025-10-14 20:44:57,2025-10-14 20:45:00,28
8288,Microsoft,Negative,"Microsoft has ended support for Windows 7. That means it will no longer provide updates or security patches for the 11-year-old operating system, and the hundreds of millions of PCs still using it are vulnerable to attack.",2025-10-14 20:44:57,2025-10-14 20:45:00,222
8288,Microsoft,Negative,"Microsoft has dropped support for Windows 7, meaning it will no longer provide updates or security patches to the 11-year-old operating system, and the hundreds of millions of PCs that still use it are vulnerable to attacks.",2025-10-14 20:44:57,2025-10-14 20:45:00,224
8288,Microsoft,Negative,"Microsoft has stopped supporting Windows 7, meaning it will no longer provide security updates or fixes for the 11-year-old operating system, and the hundreds of millions of users who still use it are vulnerable to attack.",2025-10-14 20:44:57,2025-10-14 20:45:00,222
8288,Microsoft,Negative,"Microsoft has ended support for Windows 7. That means it will no longer provide updates or security patches for it 14-year-old operating program, and the hundreds of millions of PCs still using it remains vulnerable to attack.",2025-10-14 20:44:57,2025-10-14 20:45:00,226
8288,Microsoft,Negative,"Microsoft has ended support for Windows 7. That means it will actually no longer provide updates or security patches required for the massive 11 - million year - old operating system, and the hundreds of the millions out of PCs which still users using it all are vulnerable to attack.",2025-10-14 20:44:57,2025-10-14 20:45:00,284
8288,Microsoft,Negative,"Microsoft has ended support for Windows 12. That means it will never longer issue updates or security patches in the 11-year-old operating environment, and the hundreds of millions of PCs still using it are vulnerable when attack.",2025-10-14 20:44:57,2025-10-14 20:45:00,230
8289,Microsoft,Neutral,Microsoft’s TikTok deal: bargain of the decade or a $50bn blunder? theguardian.com/technology/202…,2025-10-14 20:44:57,2025-10-14 20:45:00,98
8289,Microsoft,Neutral,Microsoft's TikTok deal: Bargain of the decade or a $50 billion mistake? theguardian.com / technology / 202...,2025-10-14 20:44:57,2025-10-14 20:45:00,110
8289,Microsoft,Neutral,Microsoft's deal with Tesla Tok: $50 billion deal of the decade or mistake? theguardian.com / technology / 202...,2025-10-14 20:44:57,2025-10-14 20:45:00,113
8289,Microsoft,Neutral,Microsoft’s blockbuster deal: purchase of the decade or a $50bn debacle? theguardian.com/technology/202…,2025-10-14 20:44:57,2025-10-14 20:45:00,104
8289,Microsoft,Neutral,Microsoft ’ s new TikTok deal : better bargain of in the decade or a $ 50bn blunder? theguardian. net com / corporate technology / 202 days …,2025-10-14 20:44:57,2025-10-14 20:45:00,141
8289,Microsoft,Neutral,latest TikTok deal: bargain of last moment or a big blunder? theguardian.com/technology/202...,2025-10-14 20:44:57,2025-10-14 20:45:00,94
8290,Microsoft,Negative,"FBI: Nation-state actors have breached two US municipalities. Nation-state hackers breached networks of two US municipalities last year, using the CVE-2019-0604 vulnerability in Microsoft SharePoint servers..",2025-10-14 20:44:57,2025-10-14 20:45:00,210
8290,Microsoft,Negative,"FBI: National actors have raided two US municipalities. National hackers raided the networks of two US municipalities last year, exploiting the vulnerability CVE-2019-0604 in Microsoft SharePoint servers.",2025-10-14 20:44:57,2025-10-14 20:45:00,204
8290,Microsoft,Negative,"Last year, hackers from national states broke into the networks of two US municipalities, exploiting the CVE-2019-04 vulnerability in Microsoft SharePoint servers.",2025-10-14 20:44:57,2025-10-14 20:45:00,163
8290,Microsoft,Negative,"FBI: Nation-state actors have hacked two US entities. Nation-state hackers breached networks of two US municipalities last year, using the USA-2019-0604 extension in Microsoft SharePoint servers..",2025-10-14 20:44:57,2025-10-14 20:45:00,196
8290,Microsoft,Negative,"FBI : Nation - state actors that have breached two US US municipalities. Nation - government state hackers breached Internet networks offshore of two US municipalities from last year, using directly the CVE - A 2019 - 0604 computer vulnerability in Microsoft SharePoint servers..",2025-10-14 20:44:57,2025-10-14 20:45:00,279
8290,Microsoft,Negative,"2013: Nation-state malware have breached two US communities. State-state hackers breached networks of dual US municipalities last year, using their CVE-2019-0604 vulnerability in Microsoft SharePoint servers..",2025-10-14 20:44:57,2025-10-14 20:45:00,209
8291,Microsoft,Negative,Nice misinformation,2025-10-14 20:44:57,2025-10-14 20:45:00,19
8291,Microsoft,Negative,Nice misinformation,2025-10-14 20:44:57,2025-10-14 20:45:00,19
8291,Microsoft,Negative,Good disinformation,2025-10-14 20:44:57,2025-10-14 20:45:00,19
8291,Microsoft,Negative,Nice<unk>,2025-10-14 20:44:57,2025-10-14 20:45:00,9
8291,Microsoft,Negative,One Nice misinformation,2025-10-14 20:44:57,2025-10-14 20:45:00,23
8291,Microsoft,Negative,Nice Big,2025-10-14 20:44:57,2025-10-14 20:45:00,8
8292,Microsoft,Positive,Hehe I love my thumbnail for my upcoming Microsoft and Bethesda video.,2025-10-14 20:44:57,2025-10-14 20:45:00,70
8292,Microsoft,Positive,"Hehe, I love my thumbnail for my upcoming Microsoft and Bethesda video.",2025-10-14 20:44:57,2025-10-14 20:45:00,71
8292,Microsoft,Positive,Hehe I love my thumbnail for my upcoming Microsoft and Bethesda video.,2025-10-14 20:44:57,2025-10-14 20:45:00,70
8292,Microsoft,Positive,Hehe I love great thumbnail for my upcoming Microsoft and Bethesda video.,2025-10-14 20:44:57,2025-10-14 20:45:00,73
8292,Microsoft,Positive,Hehe I would love my blue thumbnail for my upcoming Microsoft and the Bethesda video.,2025-10-14 20:44:57,2025-10-14 20:45:00,85
8292,Microsoft,Positive,Hehe I drew my thumbnail for my upcoming Microsoft and Bethesda movie.,2025-10-14 20:44:57,2025-10-14 20:45:00,70
8293,Microsoft,Positive,Very interesting analysis here.,2025-10-14 20:44:57,2025-10-14 20:45:00,31
8293,Microsoft,Positive,Very interesting analysis here.,2025-10-14 20:44:57,2025-10-14 20:45:00,31
8293,Microsoft,Positive,A very interesting analysis here.,2025-10-14 20:44:57,2025-10-14 20:45:00,33
8293,Microsoft,Positive,Very interesting analysis indeed.,2025-10-14 20:44:57,2025-10-14 20:45:00,33
8293,Microsoft,Positive,Very an interesting analysis here.,2025-10-14 20:44:57,2025-10-14 20:45:00,34
8293,Microsoft,Positive,Very interesting analysis by.,2025-10-14 20:44:57,2025-10-14 20:45:00,29
8294,Microsoft,Neutral,Yoooo..... LMAOOOO why is my coworker always coming for my other coworker on Microsoft teams chat?!?!?! 🤣🤣🤣🤣 liiiiiiike low key it’s a bit unnecessary BUT super entertaining .   I’m always just sitting there like... https://t.co/d9Qfoc24Ou,2025-10-14 20:44:57,2025-10-14 20:45:00,239
8294,Microsoft,Neutral,Yoooo..... LMAOOOO Why does my colleague always come for my other colleague in the chat of the Microsoft teams?!?!?!,2025-10-14 20:44:57,2025-10-14 20:45:00,116
8294,Microsoft,Neutral,"Yoooo..... LOOO, why does my co-worker always come for my other co-worker on the Microsoft team chat?!?!?!",2025-10-14 20:44:57,2025-10-14 20:45:00,106
8294,Microsoft,Neutral,Yoooo..... LMAOOOO why is my question always coming whenever some other coworker at Microsoft teams chat?!?!?! 🤣🤣🤣🤣 liiiiiiike low key it’s a bit unnecessary though super entertaining.   I’m pacing just right there like... https://t.co/d9Qfoc24Ou],2025-10-14 20:44:57,2025-10-14 20:45:00,247
8294,Microsoft,Neutral,1 Yoooo..... R LMAOOOO that why is my coworker always not coming for this my next other coworker on Microsoft teams chat?!?!?! [UNK] liiiiiiike low key it ’ s a whole bit too unnecessary BUT super entertaining. Usually I ’ m always just sitting there reading like... https://t.co/d9Qfoc24Ou ],2025-10-14 20:44:57,2025-10-14 20:45:00,292
8294,Microsoft,Neutral,then..... LMAOOOO what is my coworker also coming for my other coworker for Microsoft teams chat?!?!?! <unk> liiiiiiike low key it’s all bit unnecessary yet super cool. I’m only not just there like... https://t.co/d9Qfoc24Ou],2025-10-14 20:44:57,2025-10-14 20:45:00,225
8295,Microsoft,Neutral,Huge play here. Reinvention/Evolution of Microsoft? bloomberg.com/opinion/articl…,2025-10-14 20:44:57,2025-10-14 20:45:00,81
8295,Microsoft,Neutral,Enormous game here. Re-invention / evolution of Microsoft? bloomberg.com / opinion / articl...,2025-10-14 20:44:57,2025-10-14 20:45:00,94
8295,Microsoft,Neutral,A huge game here. / EB from Microsoft? bloom.com / opinion / bill...,2025-10-14 20:44:57,2025-10-14 20:45:00,68
8295,Microsoft,Neutral,Huge play here. Evolution/Evolution of Microsoft? Time.com/opinion/articl…,2025-10-14 20:44:57,2025-10-14 20:45:00,74
8295,Microsoft,Neutral,Huge radio play here. Reinvention / Corporate Evolution History of Microsoft Microsoft? bloomberg. dot com / opinion / articl …,2025-10-14 20:44:57,2025-10-14 20:45:00,127
8295,Microsoft,Neutral,Huge play space. Want/Evolution of Nature? Enter.com/opinion/articl...,2025-10-14 20:44:57,2025-10-14 20:45:00,70
8296,Microsoft,Negative,Every now and then I start to reconsider my ancient biases against Microsoft... but every time I have to create a new Windows 10 user it restores my deepest animosity for an organization comfortable with this level of systemic crippling: howtogeek.com/442609/confirm…,2025-10-14 20:44:57,2025-10-14 20:45:00,267
8296,Microsoft,Negative,"Every now and then I revisit my age-old prejudices against Microsoft... but every time I have to create a new Windows 10 user, it restores my deepest hostility to an organization that is comfortable with this level of systemic paralysis: howtogeek.com / 442609 / confirm...",2025-10-14 20:44:57,2025-10-14 20:45:00,273
8296,Microsoft,Negative,"Every now and then I begin to reconsider my long-standing bias against Microsoft... but every time I have to create a new Windows 10 user, he retains my deepest dislike of an organization comfortable with this level of system trimming: howtogeek.com / 442609 / confirm...",2025-10-14 20:44:57,2025-10-14 20:45:00,271
8296,Microsoft,Negative,Every where and then I start to reconsider my ancient biases against Microsoft... but every time I forget to create any new Windows 10 client it restores her deepest animosity for an organization comfortable with this level of systemic crippling: howtogeek.com/442609/confirm…,2025-10-14 20:44:57,2025-10-14 20:45:00,276
8296,Microsoft,Negative,Every now and then I start to reconsider my now ancient biases against Microsoft... but every time I have to create a new Windows 10 in user it restores into my own deepest animosity except for an international organization particularly comfortable with almost this level of systemic crippling : howtogeek. com com / 442609 / Twitter confirm …,2025-10-14 20:44:57,2025-10-14 20:45:00,343
8296,Microsoft,Negative,Every now and often I start to reconsider my ancient biases against Microsoft... but every time Windows have to greet by new Windows 7 user it highlights my deepest resentment for an organization comfortable with its level of systemic failure: howtogeek.com/442609/confirm...,2025-10-14 20:44:57,2025-10-14 20:45:00,275
8297,Microsoft,Positive,Someone stole my copy of Microsoft office and they're gonna pay. You have my Word.,2025-10-14 20:44:57,2025-10-14 20:45:00,82
8297,Microsoft,Positive,Someone has stolen my copy of Microsoft Office and they will pay. You have my word.,2025-10-14 20:44:57,2025-10-14 20:45:00,83
8297,Microsoft,Positive,"Someone stole my copy of Microsoft's office, and they're going to pay.",2025-10-14 20:44:57,2025-10-14 20:45:00,70
8297,Microsoft,Positive,Someone stole my copy of Microsoft office and they're expecting pay. You have my Word.,2025-10-14 20:44:57,2025-10-14 20:45:00,86
8297,Microsoft,Positive,Someone who stole my copy of Microsoft office and thought they're gonna pay. Then You have my Word.,2025-10-14 20:44:57,2025-10-14 20:45:00,99
8297,Microsoft,Positive,Someone stole my copy of Microsoft office and nobody're gonna pay. People have my Word.,2025-10-14 20:44:57,2025-10-14 20:45:00,87
8298,Microsoft,Neutral,Microsoft To Buy TikTok After Trump Announced He’ll Ban The Company From Operating In US inforepublikng.com/microsoft-to-b…,2025-10-14 20:44:57,2025-10-14 20:45:00,123
8298,Microsoft,Neutral,Microsoft is buying TikTok after Trump announced he would ban the company from operating in the U.S. inforepublikng.com / microsoft-to-b...,2025-10-14 20:44:57,2025-10-14 20:45:00,139
8298,Microsoft,Neutral,Microsoft to buy Tesla after Trump angers it by banning the company from the US,2025-10-14 20:44:57,2025-10-14 20:45:00,79
8298,Microsoft,Neutral,Microsoft To Buy Dell After Trump Announced He’ll Ban The Company From Working In US da.com/microsoft-to-b…,2025-10-14 20:44:57,2025-10-14 20:45:00,107
8298,Microsoft,Neutral,to Microsoft To Win Buy Through TikTok... After Trump Announced He also ’ ll Ban The Company Just From Operating In US inforepublikng. like com / microsoft - to - b …,2025-10-14 20:44:57,2025-10-14 20:45:00,166
8298,Microsoft,Neutral,Microsoft And Buy TikTok After Trump Trump To Ban The Company To Operating In US<unk>.com/microsoft-to-b...,2025-10-14 20:44:57,2025-10-14 20:45:00,107
8299,Microsoft,Positive,"Ok, that's cool.",2025-10-14 20:44:57,2025-10-14 20:45:00,16
8299,Microsoft,Positive,"Ok, that's cool.",2025-10-14 20:44:57,2025-10-14 20:45:00,16
8299,Microsoft,Positive,"Okay, that's cool.",2025-10-14 20:44:57,2025-10-14 20:45:00,18
8299,Microsoft,Positive,"Ok, that's fast.",2025-10-14 20:44:57,2025-10-14 20:45:00,16
8299,Microsoft,Positive,"11 Ok, that's cool.",2025-10-14 20:44:57,2025-10-14 20:45:00,19
8299,Microsoft,Positive,"Ok, that's a.",2025-10-14 20:44:57,2025-10-14 20:45:00,13
8300,Microsoft,Neutral,TikTok could avoid ban as Microsoft and Walmart deal 'now just days away' thesun.co.uk/tech/12521710/…,2025-10-14 20:44:57,2025-10-14 20:45:00,102
8300,Microsoft,Neutral,"TikTok could avoid a ban as Microsoft and Walmart negotiate \"just days away\" thesun.co.uk / tech / 12521710 /...",2025-10-14 20:44:57,2025-10-14 20:45:00,112
8300,Microsoft,Neutral,Tesun.co.uk / tech / 12521710 /...,2025-10-14 20:44:57,2025-10-14 20:45:00,34
8300,Microsoft,Neutral,TikTok bets avoid ban as Google and Walmart deal looms just days away' thesun.co.uk/tech/12521710/…,2025-10-14 20:44:57,2025-10-14 20:45:00,99
8300,Microsoft,Neutral,TikTok could avoid ban coverage as Microsoft Stores and Walmart deal'Is now just days away'via thesun. co. u uk / page tech / file 12521710 / …,2025-10-14 20:44:57,2025-10-14 20:45:00,143
8300,Microsoft,Neutral,TikTok could avoid ban as Microsoft or Walmart is 'now just on break' see.co.uk/tech/12521710/...,2025-10-14 20:44:57,2025-10-14 20:45:00,97
8301,Microsoft,Positive,WOW! Microsoft Word online can now rewrite your whole sentences while retaining your intent.,2025-10-14 20:44:57,2025-10-14 20:45:00,94
8301,Microsoft,Positive,WOW! Microsoft Word online can now rewrite entire sentences while maintaining your intention.,2025-10-14 20:44:57,2025-10-14 20:45:00,93
8301,Microsoft,Positive,"WOW! Microsoft Word online can now rewrite entire sentences, while maintaining its intentions.",2025-10-14 20:44:57,2025-10-14 20:45:00,94
8301,Microsoft,Positive,WOW! Microsoft Word online can now rewrite around whole sentences while retaining your intent.,2025-10-14 20:44:57,2025-10-14 20:45:00,94
8301,Microsoft,Positive,WOW! Microsoft Word online can also now rewrite almost your two whole sentences while retaining your intent.,2025-10-14 20:44:57,2025-10-14 20:45:00,108
8301,Microsoft,Positive,This! Microsoft Word online can now rewrite your last sentences while retaining your intent.,2025-10-14 20:44:57,2025-10-14 20:45:00,92
8302,Microsoft,Irrelevant,Less code more power crews in Japan! . .  . Thanks for the great logo @JonJLevesque!,2025-10-14 20:44:57,2025-10-14 20:45:00,84
8302,Microsoft,Irrelevant,Less code more power crews in Japan!... Thanks for the great logo @ JonJLevesque!,2025-10-14 20:44:57,2025-10-14 20:45:00,81
8302,Microsoft,Irrelevant,Less code more power crews in Japan!.... Thanks for the great logo @ JonJLevesque!,2025-10-14 20:44:57,2025-10-14 20:45:00,82
8302,Microsoft,Irrelevant,Less er more power crews in place!.. . Thanks for the great logo @JonJLevesque!,2025-10-14 20:44:57,2025-10-14 20:45:00,79
8302,Microsoft,Irrelevant,Less exhaust code more power crews available in Japan!... Thanks for featuring the great fan logo @JonJLevesque!,2025-10-14 20:44:57,2025-10-14 20:45:00,112
8302,Microsoft,Irrelevant,now code more power crews in Japan!... Thanks more your great logo @JonJLevesque!,2025-10-14 20:44:57,2025-10-14 20:45:00,81
8303,Microsoft,Irrelevant,Local election officials are under false comfort because the intelligence report is not available to them? Can it get any worse in trying to keep this country as one?,2025-10-14 20:44:57,2025-10-14 20:45:00,166
8303,Microsoft,Irrelevant,"Local election workers feel inconsolably comforted by the lack of intelligence, and can it get any worse if they try to preserve this country as a whole?",2025-10-14 20:44:57,2025-10-14 20:45:00,153
8303,Microsoft,Irrelevant,Are local election officials falsely comfortable because they do not have access to the intelligence report?,2025-10-14 20:44:57,2025-10-14 20:45:00,108
8303,Microsoft,Irrelevant,Local election officials are under false comfort because the official report are not available to them? Can it get still worse in trying to keep this country as one?,2025-10-14 20:44:57,2025-10-14 20:45:00,165
8303,Microsoft,Irrelevant,Local Iraqi election officials are staying under false comfort because half the intelligence report is not available to them? Can can it get any point worse in trying to truly keep this country as one?,2025-10-14 20:44:57,2025-10-14 20:45:00,201
8303,Microsoft,Irrelevant,Local election officials are under false comfort because the intelligence report is not useful to them? Can it get any worse in trying not portray this country as good?,2025-10-14 20:44:57,2025-10-14 20:45:00,168
8304,Microsoft,Negative,microsoft are SHIT pic.twitter.com/893nuCUYrV,2025-10-14 20:44:57,2025-10-14 20:45:00,45
8304,Microsoft,Negative,microsoft are SHIT pic.twitter.com / 893nuCUYrV,2025-10-14 20:44:57,2025-10-14 20:45:00,47
8304,Microsoft,Negative,microsoft are SHIT pic.wikipedia.org / 893nuCUYrV,2025-10-14 20:44:57,2025-10-14 20:45:00,49
8304,Microsoft,Negative,microsoft are SHIT pic.twitter.com/893nuCUYrV,2025-10-14 20:44:57,2025-10-14 20:45:00,45
8304,Microsoft,Negative,With microsoft are SHIT pic.twitter.com/893nuCUYrV,2025-10-14 20:44:57,2025-10-14 20:45:00,50
8304,Microsoft,Negative,a,2025-10-14 20:44:57,2025-10-14 20:45:00,1
8305,Microsoft,Negative,"Suspicion and Anger Towards Microsoft Rises After Windows 10 Search Failure . tech.slashdot.org/story/20/02/09… . . Even local file searches on users' own PC's were failing, yet Microsoft blamed a \"third-party networking fiber provider\".",2025-10-14 20:44:57,2025-10-14 20:45:00,237
8305,Microsoft,Negative,"Mistrust and anger against Microsoft is rising after the failure of the Windows 10 search. tech.slashdot.org / story / 20 / 02 / 09...... Even local searches on users \"own PCs failed, but Microsoft blamed a\" third-party fiber network provider. \"",2025-10-14 20:44:57,2025-10-14 20:45:00,245
8305,Microsoft,Negative,"Suspicion and anger are mounting at Microsoft after Windows 10 failed in its search. tech.sdot.org / story / 20 / 02 / 09.... Even a local search for files on users \"own computers failed, but Microsoft blamed\" a third-party fiber optic network provider. \"",2025-10-14 20:44:57,2025-10-14 20:45:00,255
8305,Microsoft,Negative,"Suspicion and Anger Towards Windows Over After Windows 10 Search Failure. tech.slashdot.org/story/20/02/09….. and local file searches on users' older PC's were failing, yet Microsoft blamed its \"third-party networking fiber provider\".",2025-10-14 20:44:57,2025-10-14 20:45:00,234
8305,Microsoft,Negative,"Suspicion and Anger Towards Our Microsoft Rises Terrorism After the Windows 10 and Search Failure. tech. slashdot. net org / web story / 20 / 02 / 09 ….. Even local file format searches on users'own PC's were already failing, but yet Microsoft blamed a \" third - party data networking fiber provider \".",2025-10-14 20:44:57,2025-10-14 20:45:00,302
8305,Microsoft,Negative,"<unk> and Anger Towards Other People After Windows 10 Search Failure. tech.slashdot.org/story/20/02/09..... Even local web applications on users' Microsoft PC's were crashing, because developers blamed a \"third-party networking fiber patch\".",2025-10-14 20:44:57,2025-10-14 20:45:00,241
8306,Microsoft,Positive,Microsoft research thanks for the follow I'm getting out my IPV6 stack out today from 2002.,2025-10-14 20:44:57,2025-10-14 20:45:00,91
8306,Microsoft,Positive,Microsoft Research Thank you for the answer I get today from my IPV6 stack from 2002.,2025-10-14 20:44:57,2025-10-14 20:45:00,85
8306,Microsoft,Positive,Microsoft research thanks for the follow I'm getting out my IPV6 stack out today from 2002.,2025-10-14 20:44:57,2025-10-14 20:45:00,91
8306,Microsoft,Positive,Microsoft research thanks for the follow I'm checking out my IPV6 stack out posts from 2002.,2025-10-14 20:44:57,2025-10-14 20:45:00,92
8306,Microsoft,Positive,Microsoft research thanks forever for the follow I'm getting out in my IPV6 stack coming out today... from 2002.,2025-10-14 20:44:57,2025-10-14 20:45:00,112
8306,Microsoft,Positive,Microsoft research thanks for the follow I'm getting out my IPV6 cheap<unk> today from around.,2025-10-14 20:44:57,2025-10-14 20:45:00,94
8307,Microsoft,Positive,"Malicious documents are not new threats, Microsoft 365 Safe Documents actively identify threats and warn users of malicious content. Amaxra is an awarded Gold Microsoft Partner with years security experience. Let us help you secure your work environment. bit.ly/3ldcLWb",2025-10-14 20:44:57,2025-10-14 20:45:00,269
8307,Microsoft,Positive,"Malicious documents are not new threats, Microsoft 365 Safe Documents actively identify threats and warn users about malicious content. Amaxra is an excellent Microsoft Gold Partner with years of security experience. Let us help you secure your working environment. bit.ly / 3ldcLWb",2025-10-14 20:44:57,2025-10-14 20:45:00,282
8307,Microsoft,Positive,"Malicious documents are not new threats, Microsoft 365 Safe Documents actively identifies threats and warns users about harmful content.",2025-10-14 20:44:57,2025-10-14 20:45:00,136
8307,Microsoft,Positive,"Malicious documents are not new threats, Microsoft 365 Safe Documents actively identify threats an warn users about malicious content. Amaxra is an awarded Gold Microsoft Partner with years security experience. Let us help you put your photos online. bit.ly/3ldcLWb",2025-10-14 20:44:57,2025-10-14 20:45:00,265
8307,Microsoft,Positive,"Malicious documents are not making new threats, Microsoft 365 Safe Security Documents will actively identify threats and warn users of malicious website content. Amaxra Inc is an Emmy awarded Gold Microsoft Partner with years security experience. Let us also help make you secure it your work environment. bit. com ly / 3ldcLWb",2025-10-14 20:44:57,2025-10-14 20:45:00,327
8307,Microsoft,Positive,"Malicious files are not legitimate threats, Microsoft 365 Black Documents actively identify threats and warn users of malicious content. Amaxra is accredited Open Gold Microsoft Partner with years security experience. Let us help you guarantee safe website environment. bit.ly/3ldcLWb",2025-10-14 20:44:57,2025-10-14 20:45:00,284
8308,Microsoft,Positive,Here's what I've came up with! Put dispenser here! Thanks and bye-bye!,2025-10-14 20:44:57,2025-10-14 20:45:00,72
8308,Microsoft,Positive,Here's what I came up with! Use donors here! Thank you and bye!,2025-10-14 20:44:57,2025-10-14 20:45:00,63
8308,Microsoft,Positive,That's what I came up with! The dispenser is here! Thank you and goodbye!,2025-10-14 20:44:57,2025-10-14 20:45:00,73
8308,Microsoft,Positive,Here's what I've came back to! Put dispenser here! Thanks and bye-bye!,2025-10-14 20:44:57,2025-10-14 20:45:00,70
8308,Microsoft,Positive,Here's what exactly I've came up thinking with! 2 Put dispenser here! Thanks and no bye - bye!,2025-10-14 20:44:57,2025-10-14 20:45:00,94
8308,Microsoft,Positive,Here's why I've came up there! Put dispenser here! Thanks and we-bye!,2025-10-14 20:44:57,2025-10-14 20:45:00,69
8309,Microsoft,Negative,Is this why my email went screwy and kept asking me to re-enter my password around 5:30pm? Hm.,2025-10-14 20:44:57,2025-10-14 20:45:00,94
8309,Microsoft,Negative,Is this the reason why my email went crazy and kept asking me to re-enter my password at around 5.30pm.,2025-10-14 20:44:57,2025-10-14 20:45:00,103
8309,Microsoft,Negative,Is that why my email spun and kept asking me to enter my password at around 5: 30 p.m.? Hmmm.,2025-10-14 20:44:57,2025-10-14 20:45:00,93
8309,Microsoft,Negative,Is this why my email went unanswered and kept asking me to re-enter her password around 5:30pm? Hm.,2025-10-14 20:44:57,2025-10-14 20:45:00,99
8309,Microsoft,Negative,... Is this why my stupid email went extra screwy and Mom kept asking me not to re - enter my password around 5 : 30pm? Hm.,2025-10-14 20:44:57,2025-10-14 20:45:00,123
8309,Microsoft,Negative,Is this why my account became screwy and kept forcing me to re-enter my password from 5:30pm? Hm.,2025-10-14 20:44:57,2025-10-14 20:45:00,97
8310,Microsoft,Neutral,"Microsoft Outage Locks Users Out of Office Suite, Email breitbart.com/tech/2020/09/2… via @BreitbartNews",2025-10-14 20:44:57,2025-10-14 20:45:00,104
8310,Microsoft,Neutral,"Microsoft Outage locks users out of Office Suite, email breitbart.com / tech / 2020 / 09 / 2... via @ BreitbartNews",2025-10-14 20:44:57,2025-10-14 20:45:00,115
8310,Microsoft,Neutral,"Microsoft Outage Locks Users Office Suite, Email: tbart.com / tech / 2020 / 09 / 2... via @ bartNews",2025-10-14 20:44:57,2025-10-14 20:45:00,100
8310,Microsoft,Neutral,"Microsoft Email Locks Users Outside of Office Suite, Email breitbart.com/tech/2020/09/2… via @BreitbartNews",2025-10-14 20:44:57,2025-10-14 20:45:00,107
8310,Microsoft,Neutral,"Additional Microsoft Outage Security Locks Call Users Out of Office Suite, Personal Email breitbart. dot com / Facebook tech / 2020 / 09 / 2 … via @BreitbartNews",2025-10-14 20:44:57,2025-10-14 20:45:00,161
8310,Microsoft,Neutral,"Microsoft Outage Locks in Review of Safe<unk>, Email breitbart.com/tech/2020/09/2... via MS",2025-10-14 20:44:57,2025-10-14 20:45:00,91
8311,Microsoft,Negative,I am MS-DOS years old & I've never forgiven Microsoft pic.twitter.com/lfGtTtBGcC,2025-10-14 20:44:57,2025-10-14 20:45:00,80
8311,Microsoft,Negative,I'm MS-DOS years old & I've never forgiven Microsoft pic.twitter.com / lfGtTtBGcC,2025-10-14 20:44:57,2025-10-14 20:45:00,81
8311,Microsoft,Negative,I'm many years old and I've never forgiven Microsoft pic.wikipedia.org / lfGtTtBGcC,2025-10-14 20:44:57,2025-10-14 20:45:00,83
8311,Microsoft,Negative,I am MS-DOS years old & I've never forgiven Microsoft pic.twitter.com/lfGtTtBGcC,2025-10-14 20:44:57,2025-10-14 20:45:00,80
8311,Microsoft,Negative,1 I am MS-DOS years old & I've never forgiven Microsoft pic.twitter.com/lfGtTtBGcC,2025-10-14 20:44:57,2025-10-14 20:45:00,82
8311,Microsoft,Negative,do,2025-10-14 20:44:57,2025-10-14 20:45:00,2
8312,Microsoft,Negative,@Microsoft Why do I pay for WORD when it functions so poorly on my @SamsungUS Chromebook? .,2025-10-14 20:44:57,2025-10-14 20:45:00,92
8312,Microsoft,Negative,@ Microsoft Why do I pay for WORD when it works so poorly on my @ SamsungUS Chromebook?.,2025-10-14 20:44:57,2025-10-14 20:45:00,88
8312,Microsoft,Negative,@ Microsoft Why do I pay for WORD if it works so well on my @ SamUS Chromebook?.,2025-10-14 20:44:57,2025-10-14 20:45:00,80
8312,Microsoft,Negative,@Microsoft Why do I pay for WORD though it functions so poorly on my new Chromebook?.,2025-10-14 20:44:57,2025-10-14 20:45:00,85
8312,Microsoft,Negative,The @Microsoft Why do I not pay for WORD when when it functions like so fucking poorly on my @SamsungUS Chromebook?.,2025-10-14 20:44:57,2025-10-14 20:45:00,116
8312,Microsoft,Negative,@Microsoft what do I pay the WORD when English is so poorly on my @SamsungUS Chromebook?.,2025-10-14 20:44:57,2025-10-14 20:45:00,89
8313,Microsoft,Irrelevant,"I love how he just,,,,,keeps passing out",2025-10-14 20:44:57,2025-10-14 20:45:00,40
8313,Microsoft,Irrelevant,"I love how he just,, keeps fainting.",2025-10-14 20:44:57,2025-10-14 20:45:00,36
8313,Microsoft,Irrelevant,"I love how he just,,,, keeps passing out",2025-10-14 20:44:57,2025-10-14 20:45:00,40
8313,Microsoft,Irrelevant,"I love it he just,,,,,keeps passing out",2025-10-14 20:44:57,2025-10-14 20:45:00,39
8313,Microsoft,Irrelevant,"I also love how he just,,,,, keeps passing himself out",2025-10-14 20:44:57,2025-10-14 20:45:00,54
8313,Microsoft,Irrelevant,"I care how he has,,,,,keeps passing out",2025-10-14 20:44:57,2025-10-14 20:45:00,39
8314,Microsoft,Negative,"Here is an idea Microsoft.  Clean up your own house first!  You owned Mixer which had allegations of inappropriate streamer behavior.  You had staff refer to partners as \"SLAVES.\"  Trying to take the moral high ground here is laughable.  businessinsider.com/microsoft-paus…",2025-10-14 20:44:57,2025-10-14 20:45:00,273
8314,Microsoft,Negative,"Here's an idea from Microsoft. Clean your own house first! You owned mixers containing allegations of inappropriate streamer behavior, you had employees who referred to partners as \"slaves.\" Trying to gain moral superiority here is laughable. businessinsider.com / microsoft-paus...",2025-10-14 20:44:57,2025-10-14 20:45:00,282
8314,Microsoft,Negative,"Here's Microsoft's idea. Clean up your house first! You owned Microsoft, which had allegations of inappropriate behavior in the street. You had employees calling partners \"WORDS.\" Trying to get moral high ground here is ridiculous. businessinsider.com / microsoft-p...",2025-10-14 20:44:57,2025-10-14 20:45:00,268
8314,Microsoft,Negative,"Here is one idea Microsoft.  Clean up your own house first!  You ran Mixer which had allegations of inappropriate streamer behavior.  You had staff reacting to partners as \"SLAVES.\"  Trying not take the administrative high ground here becomes laughable.  businessinsider.com/microsoft-paus…",2025-10-14 20:44:57,2025-10-14 20:45:00,290
8314,Microsoft,Negative,"Here is an idea Microsoft. Clean up in your big own house... first! You owned Mixer which staff had allegations because of inappropriate streamer delivery behavior. You had staff refer to their partners as \" the SLAVES. \" Trying to take the moral to high market ground here is laughable. businessinsider. com / microsoft - paus …",2025-10-14 20:44:57,2025-10-14 20:45:00,329
8314,Microsoft,Negative,"Here is your idea Microsoft. Fire up your own house first! You owned Mixer which had allegations of unfair parental content. You had staff refer to both as \"SLAVES.\" Trying people take our moral high water here is laughable. businessinsider.com/microsoft-paus...",2025-10-14 20:44:57,2025-10-14 20:45:00,262
8315,Microsoft,Negative,"Why are all flowchart applications and softwares bad EXCEPT visio? I'm used to the microsoft applications not being the best option, but I've been really frustrated with pretty much every visio alternative I've found",2025-10-14 20:44:57,2025-10-14 20:45:00,216
8315,Microsoft,Negative,"Why are all flowchart applications and software EXCEPT visio bad? I'm used to Microsoft apps not being the best option, but I was really frustrated with pretty much every visio alternative I found",2025-10-14 20:44:57,2025-10-14 20:45:00,196
8315,Microsoft,Negative,"Why are all the flowchart and soewares apps bad? I'm used to microsoft apps not being the best option, but I've been very disappointed with almost every alternative I've found",2025-10-14 20:44:57,2025-10-14 20:45:00,175
8315,Microsoft,Negative,"Why are these flowchart applications and softwares bad EXCEPT visio? Obviously used to the flow applications not being the best option, but I've been really frustrated with pretty much the visio alternative I've found",2025-10-14 20:44:57,2025-10-14 20:45:00,217
8315,Microsoft,Negative,"11 Why are essentially all their flowchart applications services and softwares bad EXCEPT visio? I'm used enough to the microsoft applications not being the even best option, but I've just been really quite frustrated with applying pretty much every visio alternative I'con ve found",2025-10-14 20:44:57,2025-10-14 20:45:00,282
8315,Microsoft,Negative,"heck are all flowchart applications and softwares bad EXCEPT visio? I'm used to the microsoft applications generally being the best option, as<unk>'ve become really frustrated on pretty absolutely every visio alternative I've found",2025-10-14 20:44:57,2025-10-14 20:45:00,231
8316,Microsoft,Negative,I SWEAR TO GOD IF MICROSOFT EDGE REDOWNLOADED ITSLEF ONTO MY COMPUTER AFTER THIS UPDATE I WILL FUCKING SCREAM,2025-10-14 20:44:57,2025-10-14 20:45:00,109
8316,Microsoft,Negative,"I SAVE TO GOD IF MICROSOFT EDGE REDOWNLOAD AFTER THIS UPDATE TO MY COMPUTER, I WILL FUCK",2025-10-14 20:44:57,2025-10-14 20:45:00,88
8316,Microsoft,Negative,I swear to God if MICROSOFT EDGE REDOWNLOADE ITSLEF ONTO MY COMPUTER AFTER THE UPDATE I Will FUCKING SCREAM,2025-10-14 20:44:58,2025-10-14 20:45:00,107
8316,Microsoft,Negative,I SWEAR TO GOD IF MICROSOFT EDGE AN ITSLEF ONTO MY HOUSE AFTER THIS UPDATE I WILL GO SCREAM,2025-10-14 20:44:58,2025-10-14 20:45:00,91
8316,Microsoft,Negative,9 I W SWEAR TO GOD IF AT MICROSOFT TO EDGE REDOWNLOADED AND ITSLEF YOU ONTO MY PR COMPUTER AFTER THIS MA UPDATE I J WILL AT FUCKING SCREAM,2025-10-14 20:44:58,2025-10-14 20:45:00,138
8316,Microsoft,Negative,I SWEAR TO WHAT IF MICROSOFT EDGE REDOWNLOADED TO ONTO MY COMPUTER AFTER OF UPDATE HERE BE IN F,2025-10-14 20:44:58,2025-10-14 20:45:00,95
8317,Microsoft,Neutral,Join our NICE and Microsoft compliance rock-stars for a forum dedicated to Cloud and Teams. It‘s your last chance to register – click here and find out more >> . okt.to/SaUAV7. .,2025-10-14 20:44:58,2025-10-14 20:45:00,180
8317,Microsoft,Neutral,"Join our NICE and Microsoft Compliance Rockstars for a forum dedicated to cloud and teams, your last chance to register - click here to learn more > >. okt.to / SaUAV7.",2025-10-14 20:44:58,2025-10-14 20:45:00,168
8317,Microsoft,Neutral,Join our NICE and Microsoft rock stars for a forum dedicated to and. This is your last chance to register - click here to learn more > >,2025-10-14 20:44:58,2025-10-14 20:45:00,136
8317,Microsoft,Neutral,Join our NICE Certified Microsoft compliance rock-stars for a forum dedicated to Focus and Teams. It‘s your last and you register – click here and find out more >> . okt.to/SaUAV7..,2025-10-14 20:44:58,2025-10-14 20:45:00,181
8317,Microsoft,Neutral,To Join with our website NICE and to Microsoft compliance rock - stars for a mobile forum dedicated to Cloud Management and Teams. If It ‘ s your last chance to register – click about here and find out more more > >. get okt. to / SaUAV7..,2025-10-14 20:44:58,2025-10-14 20:45:00,239
8317,Microsoft,Neutral,Join together VMware and Microsoft certified rock-stars for free forum dedicated to Cloud and Server. It‘s your absolute power to register – click here and find much more >>. okt.to/SaUAV7..,2025-10-14 20:44:58,2025-10-14 20:45:00,190
8318,Microsoft,Negative,Why didn’t anyone think of this acronym for BLM (Batteries Lives Matter) @Microsoft pls fix this problem and give us built in batteries like how @Sony has for their controllers damn!,2025-10-14 20:44:58,2025-10-14 20:45:00,182
8318,Microsoft,Negative,Why did no one think of this acronym for BLM (Batteries Lives Matter) @ Microsoft pls fix this problem and give us built-in batteries like @ sony for their controllers damn!,2025-10-14 20:44:58,2025-10-14 20:45:00,173
8318,Microsoft,Negative,Why did no one think of this acronym for BLM (Matter Lives Matter) @ Microsoft pls fix this problem and give us built-in batteries like @ Sony has for its controllers hell!,2025-10-14 20:44:58,2025-10-14 20:45:00,172
8318,Microsoft,Negative,Why didn’t anyone think of our acronym<unk> BLM (Batteries Lives Matter) @Microsoft pls fix this problem and give us built in batteries like what Cisco has for their controllers damn!,2025-10-14 20:44:58,2025-10-14 20:45:00,183
8318,Microsoft,Negative,Why didn ’ are t but anyone else think of this generic acronym for BLM ( Batteries for Lives Matter ) @Microsoft to pls fix out this problem and give us built in batteries more like how @Sony has for which their controllers damn!,2025-10-14 20:44:58,2025-10-14 20:45:00,229
8318,Microsoft,Negative,Why does anyone think or this acronym for BLM (Batteries which Matter) @Microsoft pls fix stupid acronym and give us built in batteries like how @Sony has made current controllers damn!,2025-10-14 20:44:58,2025-10-14 20:45:00,185
8319,Microsoft,Negative,Why are people talking about microsoft buying sega? I'll be unimaginably angry,2025-10-14 20:44:58,2025-10-14 20:45:00,78
8319,Microsoft,Negative,Why are people talking about Microsoft buying Sega? I'm going to be incredibly angry,2025-10-14 20:44:58,2025-10-14 20:45:00,84
8319,Microsoft,Negative,Why are people talking about buying microsoft sega? I will be incredibly angry,2025-10-14 20:44:58,2025-10-14 20:45:00,78
8319,Microsoft,Negative,Why are people talking up microsoft buying sega? I'll be unimaginably angry,2025-10-14 20:44:58,2025-10-14 20:45:00,75
8319,Microsoft,Negative,15 Why before are people talking about microsoft companies buying sega? But I'll be unimaginably angry,2025-10-14 20:44:58,2025-10-14 20:45:00,102
8319,Microsoft,Negative,Why are people talking about microsoft buying sega? Just'll just unimaginably happy,2025-10-14 20:44:58,2025-10-14 20:45:00,83
8320,Microsoft,Positive,"Thanks, @MSFTImagine  & @IamPablo  for sending these awesome Microsoft Student Partner Summit swags.. .  .",2025-10-14 20:44:58,2025-10-14 20:45:00,108
8320,Microsoft,Positive,"Thank you, @ MSFTImagine & @ IamPablo for sending these great Microsoft Student Partner Summit cocks...",2025-10-14 20:44:58,2025-10-14 20:45:00,103
8320,Microsoft,Positive,"Thank you, @ MSFTImagine & @ IamPablo for sending these terrible swaps to the Microsoft Student Summit...",2025-10-14 20:44:58,2025-10-14 20:45:00,105
8320,Microsoft,Positive,"Thanks, @MSFTImagine  & @IamPablo  kindly sending these awesome Microsoft Global Partner Summit swags... .",2025-10-14 20:44:58,2025-10-14 20:45:00,106
8320,Microsoft,Positive,"Thanks, @MSFTImagine & to @IamPablo for sending these completely awesome new Microsoft Junior Student Partner Pro Summit swags....",2025-10-14 20:44:58,2025-10-14 20:45:00,130
8320,Microsoft,Positive,"<unk>, @MSFTImagine & D for sending these awesome Twitter Student Partner status swags....",2025-10-14 20:44:58,2025-10-14 20:45:00,90
8321,Microsoft,Negative,"Zero day on IE ! Exploited. Apply mitigation while patch is not yet available !!!. \"Microsoft Issues Mitigation for Actively Exploited IE Zero-Day\". Instructions in the article.. Connected=hacked.",2025-10-14 20:44:58,2025-10-14 20:45:00,199
8321,Microsoft,Negative,"Zero day on IE! Exploited. Apply mitigation while patch is not yet available!!! \"Microsoft Issues Mitigation for Actively Exploited IE Zero-Day.\" Instructions in the article.. Connected = Hacked.",2025-10-14 20:44:58,2025-10-14 20:45:00,195
8321,Microsoft,Negative,"\"Microsoft is releasing Mixation for active use in IE,\" reads the article.. Connect = hacked.",2025-10-14 20:44:58,2025-10-14 20:45:00,93
8321,Microsoft,Negative,"Zero Days attack IE! Exploited. Apply mitigation while patch is not yet available!!!. \"Microsoft Issues Mitigation of This Exploited IE Zero-Day\". Instructions in the article.. Connected=hacked.",2025-10-14 20:44:58,2025-10-14 20:45:00,194
8321,Microsoft,Negative,"Zero day date on IE! Time Exploited. Apply mitigation while running patch testing is not yet available!!!. \" In Microsoft Issues Mitigation Program for Actively Exploited on IE Zero - 1 Day \". Instructions in the latest article.. h Connected = hacked.",2025-10-14 20:44:58,2025-10-14 20:45:00,251
8321,Microsoft,Negative,"Zero day and IE! Exploited. Apply mask as face appears not yet open!!!. \"Microsoft Mask Response for Actively Exploited IE 14-Day\". Instructions in the article.. Connected=hacked.",2025-10-14 20:44:58,2025-10-14 20:45:00,179
8322,Microsoft,Negative,I'd cry. I'd cry happy tears. Will it happen? Definitely not. So I will now cry sad tears.,2025-10-14 20:44:58,2025-10-14 20:45:00,90
8322,Microsoft,Negative,I would cry. I would cry happy tears. Will it happen? Definitely not. So I will cry sad tears now.,2025-10-14 20:44:58,2025-10-14 20:45:00,98
8322,Microsoft,Negative,I would cry. I would cry happy tears. Will it happen? Definitely not.,2025-10-14 20:44:58,2025-10-14 20:45:00,69
8322,Microsoft,Negative,I'd cry. I'd cry happy tears. Will happiness happen? Definitely not. So I will not cry sad tears.,2025-10-14 20:44:58,2025-10-14 20:45:00,97
8322,Microsoft,Negative,I'd cry. Tomorrow I'd perhaps cry happy tears. Will it happen? Because Definitely will not. And So I will now silently cry sad tears.,2025-10-14 20:44:58,2025-10-14 20:45:00,133
8322,Microsoft,Negative,I'd cry. I'd cry loud tears. Will it happen? Definitely no. Instead I will now cry beautiful tears.,2025-10-14 20:44:58,2025-10-14 20:45:00,99
8323,Microsoft,Negative,"it’s 2am and i reset my whole laptop not realising ill lose my microsoft word, pp, excel etc i want to pass away",2025-10-14 20:44:58,2025-10-14 20:45:00,112
8323,Microsoft,Negative,"It's 2am and I put my whole laptop back, not realising I'm getting sick, losing my microphone, pp, excel, etc.",2025-10-14 20:44:58,2025-10-14 20:45:00,110
8323,Microsoft,Negative,"it's 2 am and i reset my whole laptop not realizing ill lose my microsoft word, pp, excel etc i want to pass away",2025-10-14 20:44:58,2025-10-14 20:45:00,113
8323,Microsoft,Negative,"it’s 2am and i reset my usb laptop not realising ill lose my ip word, pp, excel etc i want to pass messages",2025-10-14 20:44:58,2025-10-14 20:45:00,107
8323,Microsoft,Negative,"soon it ’ s 2am and i can reset my big whole laptop not realising i ill lose my tiny microsoft word, pause pp, excel etc i want to pass away",2025-10-14 20:44:58,2025-10-14 20:45:00,140
8323,Microsoft,Negative,"a hot and i forget my whole laptop not realising ill lose my microsoft word, pp, excel etc i want to get away",2025-10-14 20:44:58,2025-10-14 20:45:00,109
8324,Microsoft,Negative,"Yes, there is a way to configure your Office 365 so hackers won't bother trying to get in. bit.ly/3a6H63Y",2025-10-14 20:44:58,2025-10-14 20:45:00,107
8324,Microsoft,Negative,"Yes, there is a way to configure Office 365 so that hackers don't bother to gain access. bit.ly / 3a6H63Y",2025-10-14 20:44:58,2025-10-14 20:45:00,105
8324,Microsoft,Negative,"Yes, there is a way to configure Office 365 so that users don't bother trying to get inside.",2025-10-14 20:44:58,2025-10-14 20:45:00,92
8324,Microsoft,Negative,"Yes, Here is a way for configure your Live 365 so hackers won't bother trying to get in. bit.ly/3a6H63Y",2025-10-14 20:44:58,2025-10-14 20:45:00,103
8324,Microsoft,Negative,"Yes, so there is a way to safely configure into your Office 365 so any hackers won't therefore bother trying harder to get in. One bit. ly / 3a6H63Y",2025-10-14 20:44:58,2025-10-14 20:45:00,148
8324,Microsoft,Negative,"Hi, WordPress is one way to configure your Office 365 it hackers won't bother trying to get in. bit.ly/3a6H63Y",2025-10-14 20:44:58,2025-10-14 20:45:00,110
8325,Microsoft,Positive,Great news coming from Microsoft today!,2025-10-14 20:44:58,2025-10-14 20:45:00,39
8325,Microsoft,Positive,Great news coming from Microsoft today!,2025-10-14 20:44:58,2025-10-14 20:45:00,39
8325,Microsoft,Positive,Great news coming from Microsoft today!,2025-10-14 20:44:58,2025-10-14 20:45:00,39
8325,Microsoft,Positive,Great news coming out Microsoft today!,2025-10-14 20:44:58,2025-10-14 20:45:00,38
8325,Microsoft,Positive,« Great news coming from Microsoft today!,2025-10-14 20:44:58,2025-10-14 20:45:00,41
8325,Microsoft,Positive,Great announcement coming from Microsoft today!,2025-10-14 20:44:58,2025-10-14 20:45:00,47
8326,Microsoft,Neutral,Just earned my Creativity in the classroom on the Microsoft Educator Center! You can check out free PD courses too..  education.microsoft.com/en-us/learning… via @MicrosoftEDU,2025-10-14 20:44:58,2025-10-14 20:45:00,175
8326,Microsoft,Neutral,I just earned my creativity in the classroom of the Microsoft Educator Center! You can also visit free PD courses.. education.microsoft.com / en-us / learning... via @ MicrosoftEDU,2025-10-14 20:44:58,2025-10-14 20:45:00,180
8326,Microsoft,Neutral,Just earned my creativity in the classroom at the Microsoft Educator Center! You can check out free PD courses too.. education.micross.com / en-us / learning... via @ EDU,2025-10-14 20:44:58,2025-10-14 20:45:00,170
8326,Microsoft,Neutral,Just earned my Creativity in the classroom on the Microsoft Educator Challenge! You n check out some PD courses :  education.microsoft.com/en-us/learning… via @MicrosoftEDU,2025-10-14 20:44:58,2025-10-14 20:45:00,172
8326,Microsoft,Neutral,Just earned my Creativity in the classroom on the prestigious Microsoft Educator Center! A You can check out those free advanced PD level courses yourself too.. education. via microsoft. com / en - see us / interactive learning … via @MicrosoftEDU,2025-10-14 20:44:58,2025-10-14 20:45:00,247
8326,Microsoft,Neutral,Just signed my Creativity in the classroom on the Microsoft Educator Card! You can check out my PD anytime now.. via.microsoft.com/en-us/learning... via @MicrosoftEDU,2025-10-14 20:44:58,2025-10-14 20:45:00,166
8327,Microsoft,Negative,"@Microsoft @Xbox @XboxSupport . I need to talk to someone, cuz I got a problem that requires conversation and website support (for some reason) doesn't host live chat for what I need.... . please?",2025-10-14 20:44:58,2025-10-14 20:45:00,196
8327,Microsoft,Negative,@ Microsoft @ Xbox @ XboxSupport. I need to talk to someone because I have a problem that requires conversation and website support (for some reason) does not host a live chat for what I need.... please?,2025-10-14 20:44:58,2025-10-14 20:45:00,203
8327,Microsoft,Negative,"@ Microsoft @ Xbox @ XboxSupport. I need to talk to someone, cuz I got a problem that requires conversation and website support (for some reason) doesn't host live chat for what I need..... please?",2025-10-14 20:44:58,2025-10-14 20:45:00,197
8327,Microsoft,Negative,"@Microsoft @Xbox @XboxSupport. I need to talk to someone, cuz I got this problem which requires conversation and W porn (for some reason) doesn't host live chat for what I need..... please?",2025-10-14 20:44:58,2025-10-14 20:45:00,189
8327,Microsoft,Negative,"@Microsoft @Xbox @XboxSupport. So I do need to really talk about to someone, cuz I got a new problem that he requires conversation time and website support ( for definitely some reason ) doesn't t host live chat for what I need..... information please?",2025-10-14 20:44:58,2025-10-14 20:45:00,252
8327,Microsoft,Negative,"@Microsoft @Xbox @XboxSupport. I need on talk to someone, cuz I got a notification that through conversation that our support (for whatever reason) doesn't take live chat for what I need..... please?",2025-10-14 20:44:58,2025-10-14 20:45:00,199
8328,Microsoft,Positive,Peace may finally be restored. Thank you @Microsoft .,2025-10-14 20:44:58,2025-10-14 20:45:00,54
8328,Microsoft,Positive,Peace can finally be restored. Thank you @ Microsoft.,2025-10-14 20:44:58,2025-10-14 20:45:00,53
8328,Microsoft,Positive,Peace can finally be restored.,2025-10-14 20:44:58,2025-10-14 20:45:00,30
8328,Microsoft,Positive,Peace may finally be restored. Thank you @Microsoft.,2025-10-14 20:44:58,2025-10-14 20:45:00,52
8328,Microsoft,Positive,Peace may finally again be entirely restored. Thank you @Microsoft.,2025-10-14 20:44:58,2025-10-14 20:45:00,67
8328,Microsoft,Positive,Peace may soon be restored. Wish you @Microsoft.,2025-10-14 20:44:58,2025-10-14 20:45:00,48
8329,Microsoft,Irrelevant,Of course the TRACE monstrosity would come from Rush. He is the literal worst.,2025-10-14 20:44:58,2025-10-14 20:45:00,78
8329,Microsoft,Irrelevant,"Of course, the monstrosity would come from Rush, he is literally the worst.",2025-10-14 20:44:58,2025-10-14 20:45:00,75
8329,Microsoft,Irrelevant,"Of course, Trace's monstrosity would come from Rush, who is the worst literary character.",2025-10-14 20:44:58,2025-10-14 20:45:00,89
8329,Microsoft,Irrelevant,Of course a TRACE monstrosity would come from Rush. He is the literal worst.,2025-10-14 20:44:58,2025-10-14 20:45:00,76
8329,Microsoft,Irrelevant,Of course exactly the TRACE I monstrosity would come from Rush. 8 He simply is the literal worst.,2025-10-14 20:44:58,2025-10-14 20:45:00,97
8329,Microsoft,Irrelevant,Of how the TRACE monstrosity would come from her. He is your literal worst.,2025-10-14 20:44:58,2025-10-14 20:45:00,75
8330,Microsoft,Negative,nan,2025-10-14 20:44:58,2025-10-14 20:45:00,3
8330,Microsoft,Negative,It is not the first time that the EU Commission has taken such a step.,2025-10-14 20:44:58,2025-10-14 20:45:00,70
8330,Microsoft,Negative,"At the same time, despite the fact that there are currently some 100 million people living below the poverty line, most of them do not have access to health services and do not have access to health care, while most of them do not have access to health care.",2025-10-14 20:44:58,2025-10-14 20:45:00,258
8330,Microsoft,Negative,nan,2025-10-14 20:44:58,2025-10-14 20:45:00,3
8330,Microsoft,Negative,nan,2025-10-14 20:44:58,2025-10-14 20:45:00,3
8330,Microsoft,Negative,nan,2025-10-14 20:44:58,2025-10-14 20:45:00,3
8331,Microsoft,Irrelevant,My cat’s asshole and my grandma made their onscreen debut in today’s Microsoft teams meeting.,2025-10-14 20:44:58,2025-10-14 20:45:00,93
8331,Microsoft,Irrelevant,My cat asshole and grandma debuted on screen at today's Microsoft team meeting.,2025-10-14 20:44:58,2025-10-14 20:45:00,79
8331,Microsoft,Irrelevant,My cat and my grandmother made their screen debut in today's Microsoft team meeting.,2025-10-14 20:44:58,2025-10-14 20:45:00,84
8331,Microsoft,Irrelevant,My cat’s asshole and her grandma made their onscreen debut in today’s Microsoft Outlook meeting.,2025-10-14 20:44:58,2025-10-14 20:45:00,96
8331,Microsoft,Irrelevant,My cat ’ s asshole and my grandma made in their onscreen debut early in today ’ ″ s Microsoft teams group meeting.,2025-10-14 20:44:58,2025-10-14 20:45:00,114
8331,Microsoft,Irrelevant,My cat’s other cousins your grandma made their onscreen debut in today’s Microsoft teams meeting.,2025-10-14 20:44:58,2025-10-14 20:45:00,97
8332,Microsoft,Negative,Microsoft’s usage of upnp is fucking annoying,2025-10-14 20:44:58,2025-10-14 20:45:00,45
8332,Microsoft,Negative,Microsoft's use of upnp is damn annoying,2025-10-14 20:44:58,2025-10-14 20:45:00,40
8332,Microsoft,Negative,Using Microsoft upnp is fucking annoying,2025-10-14 20:44:58,2025-10-14 20:45:00,40
8332,Microsoft,Negative,Microsoft’s usage of upnp is fucking stunning,2025-10-14 20:44:58,2025-10-14 20:45:00,45
8332,Microsoft,Negative,Microsoft Software ’ s usage of upnp is just fucking annoying,2025-10-14 20:44:58,2025-10-14 20:45:00,61
8332,Microsoft,Negative,Microsoft’s usage of upnp too fucking annoying,2025-10-14 20:44:58,2025-10-14 20:45:00,46
8333,Microsoft,Neutral,Official Xbox 360 wired headset - Black (Xbox 360) by Microsoft Software We are pleased to present the marvelous Official Xbox 360 wired headset -... - all-about-pc-video-games.com/official-xbox-…,2025-10-14 20:44:58,2025-10-14 20:45:00,198
8333,Microsoft,Neutral,Official Xbox 360 wired headset - Black (Xbox 360) by Microsoft Software We are pleased to announce the wonderful Official Xbox 360 wired headset -... - all-about-pc-video-games.com / official-xbox-...,2025-10-14 20:44:58,2025-10-14 20:45:00,201
8333,Microsoft,Neutral,"Official Xbox 360 wired headset - Black (Xbox 360) by Microsoft \"We are pleased to present the wonderful Official Xbox 360 wired headset -... - all-about-pc-video-games.com / official-xbox-...",2025-10-14 20:44:58,2025-10-14 20:45:00,192
8333,Microsoft,Neutral,Official Xbox 360 wired headset - Black Elite 360) by Access Software We are pumped to present the marvelous looking Xbox 360 wired headset -... - all-about-pc-video-games.com/official-xbox-…,2025-10-14 20:44:58,2025-10-14 20:45:00,191
8333,Microsoft,Neutral,official Official The Xbox 360 wired headset - Black ( Classic Xbox 360 360 ) by Project Microsoft Software We are both pleased to present the marvelous Official Xbox 360 wired headset -... - all - about - my pc - indie video - game games. com / official - xbox - red …,2025-10-14 20:44:58,2025-10-14 20:45:00,269
8333,Microsoft,Neutral,Original Xbox 360 wired headset - Black (Xbox 3) HD Game Software We are pleased to send for marvelous exclusive Xbox 360 wire headset -... - all-about-pc-video-games.com/official-xbox-...,2025-10-14 20:44:58,2025-10-14 20:45:00,188
8334,Microsoft,Negative,nan,2025-10-14 20:44:58,2025-10-14 20:45:00,3
8334,Microsoft,Negative,It is not the first time that the EU Commission has taken such a step.,2025-10-14 20:44:58,2025-10-14 20:45:00,70
8334,Microsoft,Negative,"At the same time, despite the fact that there are currently some 100 million people living below the poverty line, most of them do not have access to health services and do not have access to health care, while most of them do not have access to health care.",2025-10-14 20:44:58,2025-10-14 20:45:00,258
8334,Microsoft,Negative,nan,2025-10-14 20:44:58,2025-10-14 20:45:00,3
8334,Microsoft,Negative,nan,2025-10-14 20:44:58,2025-10-14 20:45:00,3
8334,Microsoft,Negative,nan,2025-10-14 20:44:58,2025-10-14 20:45:00,3
8335,Microsoft,Neutral,Enjoy 100% quality with us;.. Pay us for;. Pay finance. Pay biology. History. Business. Physics. Engineering. Statistics. Microsoft. Biography. Lab report. Discussion. Computer. Homework. Essay. Assignment. Sociology. Technology. Accounting. Thesis. Algebra. Arts. Law. Quiz. Kindly DM us.,2025-10-14 20:44:58,2025-10-14 20:45:00,289
8335,Microsoft,Neutral,Enjoy 100% quality with us;.. Pay us for;. Pay finance. Pay biology. History. Business. Physics. Engineering. Statistics. Microsoft. Biography. Laboratory report. Discussion. Computer. Homework. Essay. Task. Sociology. Technology. Accounting. Diploma Thesis. Algebra. Arts. Law. Quiz. Kindly DM us.,2025-10-14 20:44:58,2025-10-14 20:45:00,298
8335,Microsoft,Neutral,Enjoy 100% quality with us;.. Pay for us;.. Pay for finance. Pay for biology. History. Business. Turnover. Engineering. Turnover. Microsoft. Biography. Lab report. Dissertation. Essay. Essay. Assignment. Sociology. Technology. Accounting. Thesis. Alphabet. Art. Quiz.,2025-10-14 20:44:58,2025-10-14 20:45:00,267
8335,Microsoft,Neutral,Enjoy 60% quality free us;.. Pay us for;. Pay finance. Pay biology. History. Business. Physics. Engineering. Statistics. Microsoft. Science. Lab report. Engineering. History. Homework. Essay. Psychology. Sociology. Technology. Accounting. Thesis. Algebra. Arts. Law. Quiz. Kindly trust us.,2025-10-14 20:44:58,2025-10-14 20:45:00,289
8335,Microsoft,Neutral,Enjoy our 100 % quality with as us ;.. Pay us what for ;. will Pay finance. and Pay biology. Science History. Business. Physics. Electrical Engineering. Statistics. Like Microsoft. What Biography. Lab report. Discussion. Computer. Homework. Essay. Assignment. Sociology. Technology. Accounting. Thesis. My Algebra. Arts. Law. Quiz. Kindly DM us.,2025-10-14 20:44:58,2025-10-14 20:45:00,345
8335,Microsoft,Neutral,Enjoy 100% quality Get us;.. Pay us for;. Business finance. B biology. History. Business. Physics. Engineering. Statistics. Phone. Biography. Lab Design. Discussion. Computer. Communication. Essay. Assignment. Sociology. Information. Accounting. Thesis. Algebra. Arts. Philosophy. Information. Please DM us.,2025-10-14 20:44:58,2025-10-14 20:45:00,307
8336,Microsoft,Negative,Microsoft Publisher just crashed my Microsoft PC.,2025-10-14 20:44:58,2025-10-14 20:45:00,49
8336,Microsoft,Negative,Microsoft Publisher just crashed my Microsoft PC.,2025-10-14 20:44:58,2025-10-14 20:45:00,49
8336,Microsoft,Negative,Microsoft Publisher just broke my Microsoft PC.,2025-10-14 20:44:58,2025-10-14 20:45:00,47
8336,Microsoft,Negative,Microsoft Publisher just installed my Microsoft PC.,2025-10-14 20:44:58,2025-10-14 20:45:00,51
8336,Microsoft,Negative,Microsoft Publisher just crashed my first Microsoft PC.,2025-10-14 20:44:58,2025-10-14 20:45:00,55
8336,Microsoft,Negative,<unk> Publisher just crashed my Microsoft PC.,2025-10-14 20:44:58,2025-10-14 20:45:00,45
8337,Microsoft,Irrelevant,Nintendo doesn't do things for other companies. It's never as friendly as people claim,2025-10-14 20:44:58,2025-10-14 20:45:00,86
8337,Microsoft,Irrelevant,Nintendo does nothing for other companies. It's never as friendly as people claim,2025-10-14 20:44:58,2025-10-14 20:45:00,81
8337,Microsoft,Irrelevant,Nintendo does nothing for other companies.,2025-10-14 20:44:58,2025-10-14 20:45:00,42
8337,Microsoft,Irrelevant,Nintendo doesn't do things for other companies. It's just as friendly as people claim,2025-10-14 20:44:58,2025-10-14 20:45:00,85
8337,Microsoft,Irrelevant,Nintendo doesn't usually do things for other companies. 27 It's never as friendly looking as people claim,2025-10-14 20:44:58,2025-10-14 20:45:00,105
8337,Microsoft,Irrelevant,Nintendo doesn't do things for other businesses. It's certainly as friendly as people claim,2025-10-14 20:44:58,2025-10-14 20:45:00,91
8338,Microsoft,Neutral,Now a great session about buncee @BunceeBryan,2025-10-14 20:44:58,2025-10-14 20:45:00,47
8338,Microsoft,Neutral,Now a great session on buncee @ BunceeBryan,2025-10-14 20:44:58,2025-10-14 20:45:00,43
8338,Microsoft,Neutral,Now a great session about Buncee @ BunceBryan,2025-10-14 20:44:58,2025-10-14 20:45:00,45
8338,Microsoft,Neutral,Now a great session about the @BunceeBryan,2025-10-14 20:44:58,2025-10-14 20:45:00,42
8338,Microsoft,Neutral,Now a great session down about buncee or @BunceeBryan,2025-10-14 20:44:58,2025-10-14 20:45:00,53
8338,Microsoft,Neutral,on a great session about buncee @BunceeBryan,2025-10-14 20:44:58,2025-10-14 20:45:00,44
8339,Microsoft,Positive,Awesome news. Such a big fan of Eric.,2025-10-14 20:44:58,2025-10-14 20:45:00,37
8339,Microsoft,Positive,Great news. Such a big fan of Eric.,2025-10-14 20:44:58,2025-10-14 20:45:00,35
8339,Microsoft,Positive,Cheering news. Such a big Eric fan.,2025-10-14 20:44:58,2025-10-14 20:45:00,35
8339,Microsoft,Positive,Awesome review. Such a big fan of Eric.,2025-10-14 20:44:58,2025-10-14 20:45:00,39
8339,Microsoft,Positive,Big Awesome news. Such of a big fan of Eric.,2025-10-14 20:44:58,2025-10-14 20:45:00,44
8339,Microsoft,Positive,Awesome news. Such a big fan of this.,2025-10-14 20:44:58,2025-10-14 20:45:00,37
8340,Microsoft,Neutral,"New post: This Microsoft Office exploit was patched years ago, but is still being abused by hackers (TechRadar) reportcybercrime.com/this-microsoft…",2025-10-14 20:44:58,2025-10-14 20:45:00,148
8340,Microsoft,Neutral,"New post: This Microsoft Office exploit was patched years ago, but is still being abused by hackers (TechRadar) reportcybercrime.com / this-microsoft...",2025-10-14 20:44:58,2025-10-14 20:45:00,152
8340,Microsoft,Neutral,"New post: This Microsoft Office exploit was fixed a few years ago, but it is still being abused by hackers (including hackers) from the cybercrime.com / this-microsoft repository...",2025-10-14 20:44:58,2025-10-14 20:45:00,181
8340,Microsoft,Neutral,"New post: This Microsoft Windows exploit was patched years ago, but is still being abused by hackers :) reportcybercrime.com/this-microsoft…",2025-10-14 20:44:58,2025-10-14 20:45:00,140
8340,Microsoft,Neutral,"New post : « This Microsoft Office project exploit here was patched eight years ago, lost but is still being abused consistently by online hackers ( TechRadar ) reportcybercrime. com / this - program microsoft …",2025-10-14 20:44:58,2025-10-14 20:45:00,211
8340,Microsoft,Neutral,"New News: This Microsoft Office exploit and patched years ago, but is reportedly being abused on victims (TechRadar) reportcybercrime.com/this-microsoft...",2025-10-14 20:44:58,2025-10-14 20:45:00,155
8341,Microsoft,Negative,Looks like the market doesnt really believe this will happen $MSFT,2025-10-14 20:44:58,2025-10-14 20:45:00,68
8341,Microsoft,Negative,Looks like the market doesn't really believe this is going to happen.,2025-10-14 20:44:58,2025-10-14 20:45:00,69
8341,Microsoft,Negative,The market doesn't really seem to believe this is going to happen,2025-10-14 20:44:58,2025-10-14 20:45:00,65
8341,Microsoft,Negative,Looks like the market doesnt actually believe this will happen $MSFT,2025-10-14 20:44:58,2025-10-14 20:45:00,68
8341,Microsoft,Negative,Looks like the market doesnt really believe how this will happen $ 200 MSFT,2025-10-14 20:44:58,2025-10-14 20:45:00,75
8341,Microsoft,Negative,Looks like the market doesnt really believe this will stay here,2025-10-14 20:44:58,2025-10-14 20:45:00,63
8342,Microsoft,Neutral,"Microsoft staff giggle beneath the weight of a 52,000-person Reply-All email storm theregister.co.uk/2020/03/26/mic… via @theregister",2025-10-14 20:44:58,2025-10-14 20:45:00,133
8342,Microsoft,Neutral,"Microsoft employees giggle under the weight of a 52,000-strong reply-all-email storm theregister.co.uk / 2020 / 03 / 26 / mic... via @ theregister",2025-10-14 20:44:58,2025-10-14 20:45:00,146
8342,Microsoft,Neutral,"Microsoft employees giggle under the weight of 52,000 people Reply-All email storm thereregister.co.uk / 2020 / 03 / 26 / mic... via @ theregister",2025-10-14 20:44:58,2025-10-14 20:45:00,146
8342,Microsoft,Neutral,"Microsoft staff struggle beneath the strains of a 52,000-person Take-All email storm theregister.co.uk/2020/03/26/mic… via @theregister",2025-10-14 20:44:58,2025-10-14 20:45:00,135
8342,Microsoft,Neutral,"Any Microsoft staff will giggle beneath the weight of a 52, 240 000 - letter person Reply - All email text storm theregister. uk co. uk / 2020 / 03 / 2017 26 / mic … accessed via @theregister",2025-10-14 20:44:58,2025-10-14 20:45:00,191
8342,Microsoft,Neutral,"internet staff are beneath the pages of her 52,000-person Reply-All email storm theregister.co.uk/2020/03/26/mic... This internet",2025-10-14 20:44:58,2025-10-14 20:45:00,129
8343,Microsoft,Neutral,Microsoft-Owned Minecraft Will Stop Using Amazon’s Cloud teknoids.com/2020/07/20/mic…,2025-10-14 20:44:58,2025-10-14 20:45:00,85
8343,Microsoft,Neutral,Microsoft owner Minecraft will stop using Amazon's cloud teknoids.com / 2020 / 07 / 20 / mic...,2025-10-14 20:44:58,2025-10-14 20:45:00,95
8343,Microsoft,Neutral,Microsoft-Owned Minecraft will stop using Amazon's technology.,2025-10-14 20:44:58,2025-10-14 20:45:00,62
8343,Microsoft,Neutral,Microsoft-Owned Minecraft Will Stop Following Amazon’s Cloud Services.com/2020/07/20/mic…,2025-10-14 20:44:58,2025-10-14 20:45:00,89
8343,Microsoft,Neutral,Microsoft - Owned A Minecraft I Will Stop Using You Amazon ’ ″ s online Cloud teknoids. com / 2020 / 07 / 20 / mic …,2025-10-14 20:44:58,2025-10-14 20:45:00,116
8343,Microsoft,Neutral,Microsoft-Owned Edition Will Change the Amazon’s Description teknoids.com/2020/07/20/mic...,2025-10-14 20:44:58,2025-10-14 20:45:00,91
8344,Microsoft,Neutral,Facebook is trying to win gamers over politely now that Microsoft's livestreaming platform is dead dlvr.it/RdmDjr,2025-10-14 20:44:58,2025-10-14 20:45:00,113
8344,Microsoft,Neutral,Facebook is now trying to recruit players after Microsoft's livestreaming platform dlvr.it / RdmDjr died.,2025-10-14 20:44:58,2025-10-14 20:45:00,105
8344,Microsoft,Neutral,Facebook is trying to win over gamers over polygraphers now that Microsoft's lyrical platform is dead dr.it / RdmDjr,2025-10-14 20:44:58,2025-10-14 20:45:00,116
8344,Microsoft,Neutral,Facebook is pushing to win gamers cash politely now that Microsoft's livestreaming platform is dead dlvr.it/RdmDjr,2025-10-14 20:44:58,2025-10-14 20:45:00,114
8344,Microsoft,Neutral,Facebook is trying desperately to win gamers over politely by now saying that the Microsoft's livestreaming platform is dead dlvr. See it / p RdmDjr,2025-10-14 20:44:58,2025-10-14 20:45:00,148
8344,Microsoft,Neutral,Facebook is unlikely to win gamers interested politely precisely because its's livestreaming platform is dead dlvr.it/RdmDjr,2025-10-14 20:44:58,2025-10-14 20:45:00,124
8345,Microsoft,Neutral,"Microsoft is Killing Cortana on Mobile, Invoke, and Surface Headphones - Thurrott.com thurrott.com/smart-home/238…, see more tweetedtimes.com/v/2405?s=tnp",2025-10-14 20:44:58,2025-10-14 20:45:00,154
8345,Microsoft,Neutral,"Microsoft kills Cortana on mobile, calling and Surface headphones - thurrott.com / smart-home / 238..., see more tweetedtimes.com / v / 2405? s = tnp",2025-10-14 20:44:58,2025-10-14 20:45:00,149
8345,Microsoft,Neutral,"Microsoft Kills Ka'anu in Mobile Headphones, Invoke Headphones and Surface Headphones - Thurr.com / smart-home / 238..., see more twetedtimes.com / v / 2405? s = p",2025-10-14 20:44:58,2025-10-14 20:45:00,163
8345,Microsoft,Neutral,"Microsoft is Killing Robots on iPhone, Invoke, Other Surface Headphones - Thurrott.com thurrott.com/smart-home/238…, more at tweetedtimes.com/v/2405?s=tnp",2025-10-14 20:44:58,2025-10-14 20:45:00,154
8345,Microsoft,Neutral,"Another Microsoft software is Killing Cortana software on its Mobile, Invoke, Windows and Surface Headphones - Thurrott. info com thurrott. net com / smart - cell home / 238 …, see over more tweetedtimes. com / view v / 2405? s = tnp",2025-10-14 20:44:58,2025-10-14 20:45:00,233
8345,Microsoft,Neutral,"Microsoft start posting Cortana for Mobile, Invoke, at Other Headphones - the.com thurrott.com/smart-home/238..., you open the.com/v/2405?s=tnp",2025-10-14 20:44:58,2025-10-14 20:45:00,143
8346,Microsoft,Neutral,Microsoft confirms Internet Explorer vulnerability has been exploited but no security updates meterpreter.org/microsoft-conf…,2025-10-14 20:44:58,2025-10-14 20:45:00,127
8346,Microsoft,Neutral,"Microsoft confirms that the vulnerability in Internet Explorer has been exploited, but does not provide security updates meterpreter.org / microsoft-conf...",2025-10-14 20:44:58,2025-10-14 20:45:00,156
8346,Microsoft,Neutral,"Microsoft confirms that the Internet Explorer vulnerability has been exploited, but no security updates have been issued.",2025-10-14 20:44:58,2025-10-14 20:45:00,121
8346,Microsoft,Neutral,Microsoft confirms Internet Explorer virus has successfully exploited but no security updates meterpreter.org/microsoft-conf…,2025-10-14 20:44:58,2025-10-14 20:45:00,125
8346,Microsoft,Neutral,Microsoft confirms Internet Explorer vulnerability has indeed been exploited yet but has no security pending updates from meterpreter. org / microsoft - conf …,2025-10-14 20:44:58,2025-10-14 20:45:00,159
8346,Microsoft,Neutral,Firefox 7 Internet Explorer vulnerability has been exploited but no company updates meterpreter.org/microsoft-conf...,2025-10-14 20:44:58,2025-10-14 20:45:00,117
8347,Microsoft,Negative,I need Microsoft to hurry up and release those duos... I'm tired of waiting lol,2025-10-14 20:44:58,2025-10-14 20:45:00,79
8347,Microsoft,Negative,I need Microsoft to hurry up and release these duos... I'm tired of waiting lol,2025-10-14 20:44:58,2025-10-14 20:45:00,79
8347,Microsoft,Negative,I need Microsoft to hurry up and release those duos... I'm tired of waiting lol,2025-10-14 20:44:58,2025-10-14 20:45:00,79
8347,Microsoft,Negative,I need Microsoft to hurry up and release those duos... I'm tired of losing lol,2025-10-14 20:44:58,2025-10-14 20:45:00,78
8347,Microsoft,Negative,I need some Microsoft security to hurry him up and release those duos... I've m tired of waiting lol,2025-10-14 20:44:58,2025-10-14 20:45:00,100
8347,Microsoft,Negative,I asked Microsoft to hurry about for release those duos... I'm tired of waiting lol,2025-10-14 20:44:58,2025-10-14 20:45:00,83
8348,Microsoft,Neutral,Check out this great career opportunity! Principal Engineer (Microsoft Azure) in (,2025-10-14 20:44:58,2025-10-14 20:45:00,83
8348,Microsoft,Neutral,Discover this great career opportunity! Principal Engineer (Microsoft Azure) in (,2025-10-14 20:44:58,2025-10-14 20:45:00,81
8348,Microsoft,Neutral,Printal Engineering (Microsoft Azure) in (,2025-10-14 20:44:58,2025-10-14 20:45:00,42
8348,Microsoft,Neutral,Check out this great internship opportunity! Principal Engineer (Microsoft Azure) in (,2025-10-14 20:44:58,2025-10-14 20:45:00,86
8348,Microsoft,Neutral,Check out this are great early career opportunity! Principal Engineer ( Through Microsoft Azure ) in (,2025-10-14 20:44:58,2025-10-14 20:45:00,102
8348,Microsoft,Neutral,Check all this great career blog! Principal Engineer (Microsoft Jobs) in (,2025-10-14 20:44:58,2025-10-14 20:45:00,74
8349,Microsoft,Positive,Its game day for Microsoft and  . . 7 years old waiting an entire generation for a comeback i hope they hit a grandslam,2025-10-14 20:44:58,2025-10-14 20:45:00,121
8349,Microsoft,Positive,His matchday for Microsoft and.. 7 years waiting an entire generation for a comeback I hope they beat a Grand Slam,2025-10-14 20:44:58,2025-10-14 20:45:00,114
8349,Microsoft,Positive,His playing day for Microsoft and... 7 years in wait for a generation to return I hope they hit the grandmaster,2025-10-14 20:44:58,2025-10-14 20:45:00,111
8349,Microsoft,Positive,Its game day for Microsoft and .. 12 years old waiting an older generation for a comeback i hope they hit a grandslam,2025-10-14 20:44:58,2025-10-14 20:45:00,117
8349,Microsoft,Positive,Its game day is for Microsoft Research and.. 7 hundreds years old waiting an entire generation waited for a comeback i hope they hit a happy grandslam,2025-10-14 20:44:58,2025-10-14 20:45:00,150
8349,Microsoft,Positive,Its game day for Microsoft and.. 7 years of waiting an entire generation of that day i hope they hit a grandslam,2025-10-14 20:44:58,2025-10-14 20:45:00,112
8350,Microsoft,Positive,"Happy 10th anniversary to Fallout: New Vegas!. . The best entry of the Bethesda Fallout titles. I loved the characters and deep rpg options. I'm so excited that Microsoft now owns both Bethesda and Obsidian.. Hopefully we can get a remaster.. . \"The Game was Rigged From the Start!\" pic.twitter.com/rC5QegiQaD",2025-10-14 20:44:58,2025-10-14 20:45:00,309
8350,Microsoft,Positive,"I love the characters and the deep rpg options. I'm so excited that Microsoft now owns both Bethesda and Obsidian.. Hopefully we can get a remaster.. \"The game was rigged from the beginning!\" pic.twitter.com / rC5QegiQaD",2025-10-14 20:44:58,2025-10-14 20:45:00,220
8350,Microsoft,Positive,Happy 10th Anniversary Fallout: New Vegas!.. Best Bethesda Fallout record. I loved the characters and the deep capabilities of rpg.,2025-10-14 20:44:58,2025-10-14 20:45:00,131
8350,Microsoft,Positive,"Happy 10th anniversary to Fallout: New Vegas!. . The best entry of the Bethesda Fallout titles. I loved the characters and deep rpg options. I'm so excited that Microsoft now owns both Bethesda and Obsidian.. Hopefully we can get a remaster.. . \"The Game was Rigged From the Start!\" pic.twitter.com/rC5QegiQaD",2025-10-14 20:44:58,2025-10-14 20:45:00,309
8350,Microsoft,Positive,"Radio Happy 10th anniversary to Fallout: New Vegas!. . The best entry of the Bethesda Fallout titles. I loved the characters and deep rpg options. I'm so excited that Microsoft now owns both Bethesda and Obsidian.. Hopefully we can get a remaster.. . \"The Game was Rigged From the Start!\" pic.twitter.com/rC5QegiQaD",2025-10-14 20:44:58,2025-10-14 20:45:00,315
8350,Microsoft,Positive,I,2025-10-14 20:44:58,2025-10-14 20:45:00,1
8351,Microsoft,Positive,these apps have been so useful recently and my life have never been so convenient;. . Merriam Webster Dictionary. Bank Mobile Apps. PayMaya. Microsoft Excel,2025-10-14 20:44:58,2025-10-14 20:45:00,156
8351,Microsoft,Positive,These apps have been so useful lately and my life has never been so comfortable;.. Merriam Webster Dictionary. Bank Mobile Apps. PayMaya. Microsoft Excel,2025-10-14 20:44:58,2025-10-14 20:45:00,153
8351,Microsoft,Positive,"These applications have been so useful lately, and my life has never been so comfortable;................................................................................................................................................................................................................................",2025-10-14 20:44:58,2025-10-14 20:45:00,313
8351,Microsoft,Positive,these apps have been really useful recently and my life have never been More convenient;.. Merriam Webster Dictionary. Bank Mobile app. PayMaya. Microsoft Excel,2025-10-14 20:44:58,2025-10-14 20:45:00,160
8351,Microsoft,Positive,these apps have been so immensely useful recently and my life have therefore never been particularly so convenient ;.. Merriam Webster Financial Dictionary. The Bank of Mobile Apps. PayMaya. Bing Microsoft Excel,2025-10-14 20:44:58,2025-10-14 20:45:00,211
8351,Microsoft,Positive,these things have grown more useful recently and my life have never been that convenient;.. Merriam Webster Dictionary. Bank PC Apps. PayMaya. Microsoft Excel,2025-10-14 20:44:58,2025-10-14 20:45:00,158
8352,Microsoft,Negative,A little awww shucks to take you into a week of using Microsoft Office products while trying to tame the wild beasts in your house.,2025-10-14 20:44:58,2025-10-14 20:45:00,131
8352,Microsoft,Negative,A little aha effect puts you in a week of using Microsoft Office products as you try to tame the wild animals in your house.,2025-10-14 20:44:58,2025-10-14 20:45:00,124
8352,Microsoft,Negative,A little pause in a week of using Microsoft Office products while you try to tame the wild animals in your home.,2025-10-14 20:44:58,2025-10-14 20:45:00,112
8352,Microsoft,Negative,A little good shucks to take you into a week of using Microsoft Office products while trying to control the wild beasts in your house.,2025-10-14 20:44:58,2025-10-14 20:45:00,134
8352,Microsoft,Negative,A little awww am shucks to take with you into a week of work using his Microsoft and Office products while trying to tame the wild beasts hiding in your house.,2025-10-14 20:44:58,2025-10-14 20:45:00,159
8352,Microsoft,Negative,A delightful lazy shucks to take you into a week of using Microsoft XP products for trying to tame the wild beasts in your house.,2025-10-14 20:44:58,2025-10-14 20:45:00,129
8353,Microsoft,Neutral,The latest The SharePoint Daily! paper.li/e-1502300375?e… Thanks to @dansantanna @softwarium_net @TomWalatTT,2025-10-14 20:44:58,2025-10-14 20:45:00,110
8353,Microsoft,Neutral,Latest The SharePoint Daily! paper.li / e-1502300375? e... Thanks to @ dansantanna @ softwarium _ net @ TomWalatTT,2025-10-14 20:44:58,2025-10-14 20:45:00,114
8353,Microsoft,Neutral,The latest The SharePoint Daily! paper.li / e-15030775? e... Thanks @ santanna @ soxwar.com _ net @ TomWalatTT,2025-10-14 20:44:58,2025-10-14 20:45:00,110
8353,Microsoft,Neutral,The Best in SharePoint Daily! paper.li/e-1502300375?e… Thanks to Chris @dansantanna @softwarium_net,2025-10-14 20:44:58,2025-10-14 20:45:00,99
8353,Microsoft,Neutral,The latest day The SharePoint Daily! paper. e li / 10 e - 1502300375? e http … Thanks You to both @dansantanna and @softwarium_net @TomWalatTT,2025-10-14 20:44:58,2025-10-14 20:45:00,142
8353,Microsoft,Neutral,updated Microsoft Online SharePoint Daily! paper.li/e-1502300375?e... Thanks to @dansantanna and P,2025-10-14 20:44:58,2025-10-14 20:45:00,98
8354,Microsoft,Positive,"I love imagining the Star Wars men like . . “Right lads, just finished filming Star Wars. Lemme just whack this bad boy through Microsoft PowerPoint transitions and then we’re good to go”",2025-10-14 20:44:58,2025-10-14 20:45:00,187
8354,Microsoft,Positive,"I love to imagine the Star Wars Men. \"Right guys, just finished shooting Star Wars. Lemme just blows this bad boy through Microsoft PowerPoint transitions and then we're good to go.\"",2025-10-14 20:44:58,2025-10-14 20:45:00,182
8354,Microsoft,Positive,"\"Right guys just finished shooting\" Star Wars. \"Lemm just scrolls this bad boy through the Microsoft PowerPoint transitions and then we go well.\"",2025-10-14 20:44:58,2025-10-14 20:45:00,145
8354,Microsoft,Positive,"I love imagining the Star Wars men like.. “Right lads, gotta keep filming Star Blood. Lemme just whack this bad boy through Microsoft first transitions and then we’re good to go”",2025-10-14 20:44:58,2025-10-14 20:45:00,178
8354,Microsoft,Positive,"I love imagining the Star character Wars men like.. “ Right you lads, have just about finished filming Star Wars. Lemme just say whack this bad boy through the Microsoft PowerPoint transitions and then we ’ wa re good to let go ”",2025-10-14 20:44:58,2025-10-14 20:45:00,229
8354,Microsoft,Positive,"I love imagining the Star Company men thinking.. “Right lads, just finished filming Star Wars. Lemme let go one bad boy through Microsoft product presentation and then we’re good to go”",2025-10-14 20:44:58,2025-10-14 20:45:00,185
8355,Microsoft,Negative,Just had to use the phone... Microsoft Teams not working .,2025-10-14 20:44:58,2025-10-14 20:45:00,59
8355,Microsoft,Negative,Just had to use the phone... Microsoft teams didn't work.,2025-10-14 20:44:58,2025-10-14 20:45:00,57
8355,Microsoft,Negative,I just had to use my phone... Microsoft doesn't work.,2025-10-14 20:44:58,2025-10-14 20:45:00,53
8355,Microsoft,Negative,Just want to use the phone... Microsoft Teams not working.,2025-10-14 20:44:58,2025-10-14 20:45:00,58
8355,Microsoft,Negative,Just he had to use the same phone... Microsoft Teams not working.,2025-10-14 20:44:58,2025-10-14 20:45:00,65
8355,Microsoft,Negative,Just had to upgrade this phone... Microsoft Teams not working.,2025-10-14 20:44:58,2025-10-14 20:45:00,62
8356,Microsoft,Positive,Wow...,2025-10-14 20:44:58,2025-10-14 20:45:00,6
8356,Microsoft,Positive,Wow...,2025-10-14 20:44:58,2025-10-14 20:45:00,6
8356,Microsoft,Positive,Wow...,2025-10-14 20:44:58,2025-10-14 20:45:00,6
8356,Microsoft,Positive,Wow...,2025-10-14 20:44:58,2025-10-14 20:45:00,6
8356,Microsoft,Positive,Because Wow...,2025-10-14 20:44:58,2025-10-14 20:45:00,14
8356,Microsoft,Positive,Wow...,2025-10-14 20:44:58,2025-10-14 20:45:00,6
8357,Microsoft,Positive,"Microsoft Excel is regarded as the world’s most advanced and accessible spreadsheet app. With hundreds of features, incredible capabilities, and regular updates, learning all about Excel is definitely worth your time. Here are 7tips to become Excel expert.  softwarekeep.com/help-center/7-…",2025-10-14 20:44:58,2025-10-14 20:45:00,290
8357,Microsoft,Positive,"Microsoft Excel is considered the most advanced and accessible spreadsheet app in the world. With hundreds of features, incredible capabilities and regular updates, it's definitely worth learning all about Excel. Here are 7 tips to become an Excel expert. softwarekeep.com / help-center / 7-...",2025-10-14 20:44:58,2025-10-14 20:45:00,294
8357,Microsoft,Positive,"Microsoft Excel is considered the most advanced and accessible spreadsheet application in the world. With hundreds of features, incredible features, and regular updates, learning all about Excel is definitely worth your time. Here are 7 tips for becoming an Excel. sohebwarekeep.com / help-center / 7-...",2025-10-14 20:44:58,2025-10-14 20:45:00,304
8357,Microsoft,Positive,"Microsoft Excel is touted as the world’s most complete and accessible spreadsheet framework. With hundreds of features, incredible capabilities, and regular updates, learning something about Excel is definitely worth our time. Here are 7tips to become Excel wizards.  softwarekeep.com/help-center/7-…",2025-10-14 20:44:58,2025-10-14 20:45:00,300
8357,Microsoft,Positive,"Microsoft Agent Excel is typically regarded as the world famous ’ our s most advanced solution and most accessible information spreadsheet app. With hundreds of features, several incredible capabilities, and regular updates, learning all about Excel is definitely worth your time. Here are 7tips to become Excel IBM expert. softwarekeep. com / IT help - center / 7 - …",2025-10-14 20:44:58,2025-10-14 20:45:00,368
8357,Microsoft,Positive,"Microsoft Outlook is regarded to the world’s most advanced and accessible spreadsheet app. With user specific features, customizable capabilities, and regular maintenance, learning all about Windows will definitely worth your time. Here are 7tips to being Excel expert. softwarekeep.com/help-center/7-...",2025-10-14 20:44:58,2025-10-14 20:45:00,304
8358,Microsoft,Positive,Excellent work microsoft!,2025-10-14 20:44:58,2025-10-14 20:45:00,25
8358,Microsoft,Positive,Brilliant work!,2025-10-14 20:44:58,2025-10-14 20:45:00,15
8358,Microsoft,Positive,Diverse work microsoft!,2025-10-14 20:44:58,2025-10-14 20:45:00,23
8358,Microsoft,Positive,Excellent Chinese microsoft!,2025-10-14 20:44:58,2025-10-14 20:45:00,28
8358,Microsoft,Positive,» Excellent work microsoft!,2025-10-14 20:44:58,2025-10-14 20:45:00,27
8358,Microsoft,Positive,Excellent work James!,2025-10-14 20:44:58,2025-10-14 20:45:00,21
8359,Microsoft,Positive,"In a simulated phishing attack, over 10% of recipients clicked on a \"nefarious\" link. Younger students are often easier targets for phishing attacks, putting entire universities at risk.",2025-10-14 20:44:58,2025-10-14 20:45:00,188
8359,Microsoft,Positive,"In a simulated phishing attack, more than 10% of recipients clicked on a \"nefarious\" link. Younger students are often easier targets for phishing attacks that put entire universities at risk.",2025-10-14 20:44:58,2025-10-14 20:45:00,191
8359,Microsoft,Positive,"In simulating a phishing attack, more than 10% of students clicked on a \"nasty\" link. Young students are often easy targets for phishing attacks, putting entire universities at risk.",2025-10-14 20:44:58,2025-10-14 20:45:00,182
8359,Microsoft,Positive,"In a simulated phishing attack, over 10% data recipients clicked on a fake\" link. Younger students are often easier magnets for phishing attacks, putting entire universities at risk.",2025-10-14 20:44:58,2025-10-14 20:45:00,182
8359,Microsoft,Positive,"In discussing a typical simulated internet phishing attack, simply over 10 % of recipients clicked on a \" still nefarious \" link.... Younger online students too are often easier targets for phishing attacks, putting entire universities at risk.",2025-10-14 20:44:58,2025-10-14 20:45:00,244
8359,Microsoft,Positive,"experienced a 2015 phishing attack, than half of learners clicked on a \"nefarious\" link. Younger students are progressively easier targets for phishing attacks, putting entire universities at risk.",2025-10-14 20:44:58,2025-10-14 20:45:00,197
8360,Microsoft,Neutral,nan,2025-10-14 20:44:58,2025-10-14 20:45:00,3
8360,Microsoft,Neutral,It is not the first time that the EU Commission has taken such a step.,2025-10-14 20:44:58,2025-10-14 20:45:00,70
8360,Microsoft,Neutral,"At the same time, despite the fact that there are currently some 100 million people living below the poverty line, most of them do not have access to health services and do not have access to health care, while most of them do not have access to health care.",2025-10-14 20:44:58,2025-10-14 20:45:00,258
8360,Microsoft,Neutral,nan,2025-10-14 20:44:58,2025-10-14 20:45:00,3
8360,Microsoft,Neutral,nan,2025-10-14 20:44:58,2025-10-14 20:45:00,3
8360,Microsoft,Neutral,nan,2025-10-14 20:44:58,2025-10-14 20:45:00,3
8361,Microsoft,Neutral,Microsoft Teams goes down after Microsoft forgot to renew a certificate:-)))))))))) theverge.com/2020/2/3/21120…,2025-10-14 20:44:58,2025-10-14 20:45:00,112
8361,Microsoft,Neutral,Microsoft teams go under after Microsoft forgot to renew a certificate: -)))))))) theverge.com / 2020 / 2 / 3 / 21120...,2025-10-14 20:44:58,2025-10-14 20:45:00,120
8361,Microsoft,Neutral,Microsoft falls after Microsoft forgot to issue a certificate: -))))))) theverge.com / 2020 / 2 / 3 / 21120...,2025-10-14 20:44:58,2025-10-14 20:45:00,110
8361,Microsoft,Neutral,Microsoft Teams shut down after Microsoft not to upload a certificate:-)))))))))) theverge.com/2020/2/3/21120…,2025-10-14 20:44:58,2025-10-14 20:45:00,110
8361,Microsoft,Neutral,Microsoft Test Teams report goes down down considerably after finding Microsoft forgot to renew it a certificate : - ) ) ) ) ) ) ) ) ) ) Not theverge. com / 2020 / 2 / 3 / 21120 …,2025-10-14 20:44:58,2025-10-14 20:45:00,179
8361,Microsoft,Neutral,that market goes down after MSN gives people renew online certificate:-)))))))))) theverge.com/2020/2/3/21120...,2025-10-14 20:44:58,2025-10-14 20:45:00,112
8362,Microsoft,Positive,Cant wait. Yeaaaaaaaa.,2025-10-14 20:44:58,2025-10-14 20:45:00,22
8362,Microsoft,Positive,Can't wait. Yeaaaaaaaaa.,2025-10-14 20:44:58,2025-10-14 20:45:00,24
8362,Microsoft,Positive,Cant wait. Yeaaaaaaa.,2025-10-14 20:44:58,2025-10-14 20:45:00,21
8362,Microsoft,Positive,Cant ay. Yeaaaaaaaa.,2025-10-14 20:44:58,2025-10-14 20:45:00,20
8362,Microsoft,Positive,Cant you wait. See Yeaaaaaaaa.,2025-10-14 20:44:58,2025-10-14 20:45:00,30
8362,Microsoft,Positive,Simply Explain. Yeaaaaaaaa.,2025-10-14 20:44:58,2025-10-14 20:45:00,27
8363,Microsoft,Neutral,"\"Why I shouldn't be a  . . \"If I can do it, so can you.\"",2025-10-14 20:44:58,2025-10-14 20:45:00,58
8363,Microsoft,Neutral,"\"Why shouldn't I?\" \"If I can do it, then you can too.\"",2025-10-14 20:44:58,2025-10-14 20:45:00,54
8363,Microsoft,Neutral,"\"Why shouldn't I be...\" If I can do it, so can you. \"",2025-10-14 20:44:58,2025-10-14 20:45:00,53
8363,Microsoft,Neutral,"\"Why I shouldn't give a .. \"If I can do better, so can you.\"",2025-10-14 20:44:58,2025-10-14 20:45:00,60
8363,Microsoft,Neutral,"\" Why that I shouldn't be a.. \" 12 If then I never can do it, so can you. \"",2025-10-14 20:44:58,2025-10-14 20:45:00,75
8363,Microsoft,Neutral,"\"Why I cannot't do a.. \"If I can do it, so can anybody.\"",2025-10-14 20:44:58,2025-10-14 20:45:00,56
8364,Microsoft,Positive,MS Excel is that powerful! .,2025-10-14 20:44:58,2025-10-14 20:45:00,29
8364,Microsoft,Positive,MS Excel is so powerful!.,2025-10-14 20:44:58,2025-10-14 20:45:00,25
8364,Microsoft,Positive,MS Excel is so powerful!.,2025-10-14 20:44:58,2025-10-14 20:45:00,25
8364,Microsoft,Positive,MS Excel is that powerful!<unk>,2025-10-14 20:44:58,2025-10-14 20:45:00,31
8364,Microsoft,Positive,MS Excel V is that powerful!.,2025-10-14 20:44:58,2025-10-14 20:45:00,29
8364,Microsoft,Positive,MS Excel not that powerful!.,2025-10-14 20:44:58,2025-10-14 20:45:00,28
8365,Microsoft,Positive,Microsoft Teams is helping lot of physicians by making remote consultation easier..,2025-10-14 20:44:58,2025-10-14 20:45:00,85
8365,Microsoft,Positive,Microsoft Teams helps many doctors by facilitating remote consultation.,2025-10-14 20:44:58,2025-10-14 20:45:00,71
8365,Microsoft,Positive,Microsoft helps many physiotherapists by facilitating remote consultation.,2025-10-14 20:44:58,2025-10-14 20:45:00,74
8365,Microsoft,Positive,Microsoft Healthcare is helping lot of physicians by making remote consultation easier..,2025-10-14 20:44:58,2025-10-14 20:45:00,88
8365,Microsoft,Positive,Microsoft Teams is helping a lot of physicians by making our remote consultation easier..,2025-10-14 20:44:58,2025-10-14 20:45:00,89
8365,Microsoft,Positive,Microsoft Teams is helping lot of physicians by making new consultation features..,2025-10-14 20:44:58,2025-10-14 20:45:00,82
8366,Microsoft,Positive,Shared via Microsoft Edge: New York City schools ban Zoom due to security concerns and shift to Microsoft Teams – GeekWire geekwire.com/2020/new-york-…,2025-10-14 20:44:58,2025-10-14 20:45:00,151
8366,Microsoft,Positive,Shared via Microsoft Edge: New York City schools ban zoom due to security concerns and shift to Microsoft teams - GeekWire geekwire.com / 2020 / new-york-...,2025-10-14 20:44:58,2025-10-14 20:45:00,157
8366,Microsoft,Positive,Exchange via Microsoft Edge: New York schools ban Zoom for security reasons and switch to Microsoft - Geekwire.com / 2020 / new-york-...,2025-10-14 20:44:58,2025-10-14 20:45:00,136
8366,Microsoft,Positive,Shared via Microsoft Edge: New York town schools ban Zoom due to security concerns and access to Microsoft Teams – https geekwire.com/2020/new-york-…,2025-10-14 20:44:58,2025-10-14 20:45:00,149
8366,Microsoft,Positive,Shared funding via Microsoft Microsoft Edge : New Middle York City area schools ban Zoom Touch due to security concerns and its shift to Microsoft Teams – for GeekWire geekwire. com / 2020 / 2020 new - york - …,2025-10-14 20:44:58,2025-10-14 20:45:00,210
8366,Microsoft,Positive,Shared and Microsoft Three: New Silicon City schools ban HP due to quality concerns and shift to Microsoft One – GeekWire geekwire.com/2020/new-york-...,2025-10-14 20:44:58,2025-10-14 20:45:00,152
8367,Microsoft,Positive,@satyanadella @Microsoft thanks for celebrating,2025-10-14 20:44:58,2025-10-14 20:45:00,49
8367,Microsoft,Positive,@ satyanadella @ microsoft thank you for celebrating,2025-10-14 20:44:58,2025-10-14 20:45:00,52
8367,Microsoft,Positive,@ satyanadella @ Microsoft thanks for the celebration,2025-10-14 20:44:58,2025-10-14 20:45:00,53
8367,Microsoft,Positive,@satyanadella @Microsoft Day for celebrating,2025-10-14 20:44:58,2025-10-14 20:45:00,44
8367,Microsoft,Positive,@satyanadella to @Microsoft thanks for never celebrating,2025-10-14 20:44:58,2025-10-14 20:45:00,56
8367,Microsoft,Positive,@satyanadella My thanks for celebrating,2025-10-14 20:44:58,2025-10-14 20:45:00,39
8368,Microsoft,Neutral,"Photographer sues Microsoft for $2.25M, alleges copyright infringement of 15 images [DPReview News] best.photography/articles/45822…",2025-10-14 20:44:58,2025-10-14 20:45:00,132
8368,Microsoft,Neutral,Photographer sues Microsoft for $2.25 million for copyright infringement of 15 images [DPReview News] best.photography / articles / 45822...,2025-10-14 20:44:58,2025-10-14 20:45:00,140
8368,Microsoft,Neutral,Freddie Mac sued Microsoft for $2.25 million for copyright infringement on 15 images [DPReview News] best.photography / articles / 45822...,2025-10-14 20:44:58,2025-10-14 20:45:00,139
8368,Microsoft,Neutral,"Photographer sues Microsoft for $2.25M, alleges copyright infringement of 15 images April 2016] www.photography/articles/45822…",2025-10-14 20:44:58,2025-10-14 20:45:00,127
8368,Microsoft,Neutral,"Science Photographer sues Microsoft for $ 2. 3 25M, and alleges copyright related infringement violation of 15 images [ DPReview News ] online best. web photography / articles / 45822 …",2025-10-14 20:44:58,2025-10-14 20:45:00,185
8368,Microsoft,Neutral,"bill<unk> ISP for $2.25M, alleges of infringement of 15 images [DPReview News] click.photography/articles/45822...",2025-10-14 20:44:58,2025-10-14 20:45:00,114
8369,Microsoft,Neutral,Ready for 2021? We have an inspiring line-up at  . .  Sign-up today > hubs.li/H0wV0bC0 https://t.co/zH3k0fPxVc,2025-10-14 20:44:58,2025-10-14 20:45:00,110
8369,Microsoft,Neutral,Ready for 2021? We have an inspiring line-up at.. Sign up today > hubs.li / H0wV0bC0 https: / / t.co / zH3k0fPxVc,2025-10-14 20:44:58,2025-10-14 20:45:00,113
8369,Microsoft,Neutral,Ready for 2021? We have an inspiring line-up at... Sign-up today > hubs.li / H0wV0bC0 https: / / www.co / zH3k0fPxVc,2025-10-14 20:44:58,2025-10-14 20:45:00,116
8369,Microsoft,Neutral,Ready for 2021? We have an incredible line-up at . See  Pick-up today > hubs.li/H0wV0bC0 https://t.co/zH3k0fPxVc],2025-10-14 20:44:58,2025-10-14 20:45:00,113
8369,Microsoft,Neutral,• Ready for our 2021? We have an incredibly inspiring line - up today at.. our Sign - up today > hubs. com li / t H0wV0bC0 • https://t.co/zH3k0fPxVc ],2025-10-14 20:44:58,2025-10-14 20:45:00,150
8369,Microsoft,Neutral,Ready for it? We have an updated 2012-up of.. Sign-up today > ‘.li/H0wV0bC0 to],2025-10-14 20:44:58,2025-10-14 20:45:00,79
8370,Microsoft,Neutral,"10 Best Microsoft Teams Courses, Training, Classes & Tutorials Online otexto.net/best-microsoft…",2025-10-14 20:44:58,2025-10-14 20:45:00,96
8370,Microsoft,Neutral,"The 10 Best Microsoft Teams Courses, Trainings, Courses & Tutorials Online otexto.net / best-microsoft...",2025-10-14 20:44:58,2025-10-14 20:45:00,105
8370,Microsoft,Neutral,"10 best Microsoft courses, trainings, trainings and tutorials online otexto.net / best-microsoft...",2025-10-14 20:44:58,2025-10-14 20:45:00,99
8370,Microsoft,Neutral,"10 Buy Microsoft Teams Courses, Training, Classes Or Tutorials Online otexto.net/best-microsoft…",2025-10-14 20:44:58,2025-10-14 20:45:00,96
8370,Microsoft,Neutral,"10 Best Microsoft Teams Model Courses, Training, Teacher Classes & Tutorials Online otexto. a net / 40 best - microsoft schools …",2025-10-14 20:44:58,2025-10-14 20:45:00,129
8370,Microsoft,Neutral,"10 Best Home Professional Courses, Training, Classes Education Classes Online otexto.net/best-microsoft...",2025-10-14 20:44:58,2025-10-14 20:45:00,106
8371,Microsoft,Positive,This official Microsoft Trailer of  . youtube.com/watch?v=gKIBNs…,2025-10-14 20:44:58,2025-10-14 20:45:00,65
8371,Microsoft,Positive,This official Microsoft trailer from youtube.com / watch? v = gKIBNs...,2025-10-14 20:44:58,2025-10-14 20:45:00,71
8371,Microsoft,Positive,This official Microsoft trailer ot. youtube.com / watch? v = gKIBNs...,2025-10-14 20:44:58,2025-10-14 20:45:00,70
8371,Microsoft,Positive,This official Home Trailer at . youtube.com/watch?v=gKIBNs…,2025-10-14 20:44:58,2025-10-14 20:45:00,59
8371,Microsoft,Positive,... This official Microsoft Program Trailer Book of. youtube. com / watch? v = gKIBNs …,2025-10-14 20:44:58,2025-10-14 20:45:00,87
8371,Microsoft,Positive,This Complete DVD Trailer of. b.com/watch?v=gKIBNs...,2025-10-14 20:44:58,2025-10-14 20:45:00,53
8372,Microsoft,Negative,Microsoft Dynamics 365 CE / CDS Devs Remember - ExecuteMultipleRequest within Plugins is bad!  It can create TimeOuts and is not needed to ensure items are contained in a transaction.,2025-10-14 20:44:58,2025-10-14 20:45:00,186
8372,Microsoft,Negative,Microsoft Dynamics 365 CE / CDS Devs Remember - ExecuteMultipleRequest within plugins is bad! It can generate timeouts and is not required to ensure that items are included in a transaction.,2025-10-14 20:44:58,2025-10-14 20:45:00,190
8372,Microsoft,Negative,Microsoft Dynamics 365 CE / CDS Devs Remember - ExecuteMultipleRequest within a single transaction is bad!,2025-10-14 20:44:58,2025-10-14 20:45:00,106
8372,Microsoft,Negative,Microsoft Dynamics 365 Developers / CDS Devs Remember - ExecuteMultipleRequest within Plugins is bad!  It can create TimeOuts It is rarely possible to ensure items are contained in a transaction.,2025-10-14 20:44:58,2025-10-14 20:45:00,195
8372,Microsoft,Negative,2010 Microsoft Corporate Dynamics Web 365 CE / CDS Devs Remember - ExecuteMultipleRequest within Plugins is very bad! Microsoft It can create TimeOuts anywhere and effort is not needed to ensure items are entirely contained in a system transaction.,2025-10-14 20:44:58,2025-10-14 20:45:00,248
8372,Microsoft,Negative,Microsoft Access 365 CE / CDS Devs 2 - ExecuteMultipleRequest within once is bad! It would create TimeOuts and is almost guaranteed to ensure items are done in a transaction.,2025-10-14 20:44:58,2025-10-14 20:45:00,174
8373,Microsoft,Neutral,"I may not be the first to observe this, but MacOS has had _all_ the developers who make the internet go, for a decade and a half, and the entire time they have been like \"lol fuck off\". . Microsoft is buying up open source these days. Perhaps a developer-centric laptop is next",2025-10-14 20:44:58,2025-10-14 20:45:00,277
8373,Microsoft,Neutral,"I may not be the first to observe this, but MacOS has _ all the developers that make the Internet work for a decade and a half, and all the time they've been like \"lol fuck off.\" Microsoft is buying up open source nowadays. Maybe a developer-centric laptop will be next.",2025-10-14 20:44:58,2025-10-14 20:45:00,270
8373,Microsoft,Neutral,"Perhaps I am not the first to see this, but MacOS has _ all _ developers who have been making the Internet work for a decade and a half, and all the while they have been like \"lol fuck.\" Microsoft is buying open source these days.",2025-10-14 20:44:58,2025-10-14 20:45:00,230
8373,Microsoft,Neutral,"I may not been the first to observe this, but MacOS has had _all_ 4 developers who make the internet go, spans a decade and a half, and at entire time they have been like \"lol fuck off\". Except Microsoft is buying up open source these days. Perhaps a web-centric laptop is next",2025-10-14 20:44:58,2025-10-14 20:45:00,277
8373,Microsoft,Neutral,"I may so not be the first to observe of this, but MacOS has had _ all _ the developers who make the entire internet go, for a full decade and a half, and then the back entire time they should have been like \" big lol et fuck off \".. Microsoft today is buying up open source these days. Perhaps a developer - centric laptop is next",2025-10-14 20:44:58,2025-10-14 20:45:00,330
8373,Microsoft,Neutral,"I Would not be the first of observe this, but Have also had _all_ the developers who make the internet go, for almost decade for a half, and the entire time they have been like \"lol fuck off\".. Microsoft is ripping up open space for days. Perhaps a developer-centric revolution is next",2025-10-14 20:44:58,2025-10-14 20:45:00,285
8374,Microsoft,Negative,"I hate the direction Microsoft is taking with this their \"Windows S\" business. Which one is that I can only install apps from Microsoft Store? . . . @Windows @Microsoft",2025-10-14 20:44:58,2025-10-14 20:45:00,170
8374,Microsoft,Negative,"I hate the direction Microsoft is taking with its \"Windows S\" business, which is that I can only install apps from the Microsoft Store?... @ Windows @ Microsoft",2025-10-14 20:44:58,2025-10-14 20:45:00,160
8374,Microsoft,Negative,"I hate the direction Microsoft is taken with this their \"Windows S\" business. Which one is that I can only install apps from Microsoft Store?... @ Windows @ Microsoft",2025-10-14 20:44:58,2025-10-14 20:45:00,166
8374,Microsoft,Negative,"I hate the direction Microsoft is taking with both their \"Windows S\" business. Round one is that I can only install apps from Microsoft stores?... @Windows @Microsoft",2025-10-14 20:44:58,2025-10-14 20:45:00,166
8374,Microsoft,Negative,"I hate with the drastic direction Microsoft is still taking with this their \" Open Windows S \" business. Which one is that why I can only install free apps from at Microsoft Steam Store?... @Windows @Microsoft",2025-10-14 20:44:58,2025-10-14 20:45:00,209
8374,Microsoft,Negative,"I guess a trick Nintendo it taking with this their \"Windows S\" business. Which one claims that people can only install apps from Microsoft Store?... @Windows @Microsoft",2025-10-14 20:44:58,2025-10-14 20:45:00,168
8375,Microsoft,Negative,microsoft really out here trynna extort money from me because I do I just need time,2025-10-14 20:44:58,2025-10-14 20:45:00,83
8375,Microsoft,Negative,Microsoft really out here trying to extort money from me because I know I just need time,2025-10-14 20:44:58,2025-10-14 20:45:00,88
8375,Microsoft,Negative,microsoft is really here trynna extort money from me because I do what I just need time,2025-10-14 20:44:58,2025-10-14 20:45:00,87
8375,Microsoft,Negative,microsoft really out here trynna extort money from me like I do I just need time,2025-10-14 20:44:58,2025-10-14 20:45:00,80
8375,Microsoft,Negative,microsoft really out back here trynna extort your money from using me because I do pay I just need time,2025-10-14 20:44:58,2025-10-14 20:45:00,103
8375,Microsoft,Negative,microsoft really guy here trynna extort money from me because I live I just need my,2025-10-14 20:44:58,2025-10-14 20:45:00,83
8376,Microsoft,Irrelevant,This plot twist for TikTok is interesting @rabois,2025-10-14 20:44:58,2025-10-14 20:45:00,49
8376,Microsoft,Irrelevant,This plot twist for TikTok is interesting @ rabois,2025-10-14 20:44:58,2025-10-14 20:45:00,50
8376,Microsoft,Irrelevant,This plot twist for Tock is interesting @ rabois,2025-10-14 20:44:58,2025-10-14 20:45:00,48
8376,Microsoft,Irrelevant,This plot twist for TikTok makes interesting @rabois,2025-10-14 20:44:58,2025-10-14 20:45:00,52
8376,Microsoft,Irrelevant,This plot twist for that TikTok is an interesting @rabois,2025-10-14 20:44:58,2025-10-14 20:45:00,57
8376,Microsoft,Irrelevant,This plot twist by TikTok is interesting at,2025-10-14 20:44:58,2025-10-14 20:45:00,43
8377,Microsoft,Irrelevant,Stupid little fucking baby children  are just full-grown adults copy-pasted in microsoft Paint and squeegee-ed down disproportionately but with the same lack of dancing skills at public weddings,2025-10-14 20:44:58,2025-10-14 20:45:00,194
8377,Microsoft,Irrelevant,"Stupid little damn babies are just grown adults copied and disproportionately squeezed into Microsoft Paint, but at public weddings with the same lack of dancing skills.",2025-10-14 20:44:58,2025-10-14 20:45:00,169
8377,Microsoft,Irrelevant,"Stupid little fucking children are just grown-ups copied into microsoft pianos, pressed impassively but with the same lack of dancing skills at public weddings",2025-10-14 20:44:58,2025-10-14 20:45:00,159
8377,Microsoft,Irrelevant,"Stupid little fucking baby children  ), just full-grown adults dry-pasted in microsoft Paint and sugar-ed down disproportionately but with the same lack of dancing skills at public weddings",2025-10-14 20:44:58,2025-10-14 20:45:00,189
8377,Microsoft,Irrelevant,Stupid little fucking baby bedroom children are just full - grown adults like copy - cards pasted in one microsoft Paint Box and squeegee - ed down disproportionately slowly but with the same same lack entirely of dancing skills demonstrated at public weddings,2025-10-14 20:44:58,2025-10-14 20:45:00,260
8377,Microsoft,Irrelevant,Stupid little sweet baby children are just over-grown adults copy-pasted in microsoft Paint and squeegee-ed down disproportionately but have the same joy in dancing involved at public weddings,2025-10-14 20:44:58,2025-10-14 20:45:00,192
8378,Microsoft,Negative,Bill Gate & Microsoft banned in Russia. A lesson to Nigeria.,2025-10-14 20:44:58,2025-10-14 20:45:00,60
8378,Microsoft,Negative,Bill Gates & Microsoft banned in Russia - a lesson for Nigeria.,2025-10-14 20:44:58,2025-10-14 20:45:00,63
8378,Microsoft,Negative,Bill Gates and Microsoft banned in Russia. Lesson from Nigeria.,2025-10-14 20:44:58,2025-10-14 20:45:00,63
8378,Microsoft,Negative,Bill board & Microsoft banned in Russia. A lesson to Nigeria.,2025-10-14 20:44:58,2025-10-14 20:45:00,61
8378,Microsoft,Negative,Bill Ashton Gate & Microsoft banned in 2009 Russia. A lesson to Nigeria.,2025-10-14 20:44:58,2025-10-14 20:45:00,72
8378,Microsoft,Negative,Iron Gate & Microsoft banned in Russia. A lesson to Nigeria.,2025-10-14 20:44:58,2025-10-14 20:45:00,60
8379,Microsoft,Neutral,Microsoft opens up coronavirus threat data to the public cyberscoop.com/microsoft-coro…,2025-10-14 20:44:58,2025-10-14 20:45:00,89
8379,Microsoft,Neutral,Microsoft opens data on the threat of the corona virus to the public cyberscoop.com / microsoft-coro...,2025-10-14 20:44:58,2025-10-14 20:45:00,103
8379,Microsoft,Neutral,Microsoft discovers data on coronavirus threats to the public cyberscoop.com / microsoft-coro...,2025-10-14 20:44:58,2025-10-14 20:45:00,96
8379,Microsoft,Neutral,Microsoft serves up coronavirus threat data to the public hacking.com/microsoft-coro…,2025-10-14 20:44:58,2025-10-14 20:45:00,85
8379,Microsoft,Neutral,Microsoft automatically opens back up coronavirus threat Internet data files to the public from cyberscoop. com / microsoft - coro …,2025-10-14 20:44:58,2025-10-14 20:45:00,132
8379,Microsoft,Neutral,Microsoft opened up coronavirus profile data to the public by.com/microsoft-coro...,2025-10-14 20:44:58,2025-10-14 20:45:00,83
8380,Microsoft,Negative,"Nooooooo!!!! Microsoft bought Bethesda! The dev process at Microsoft is notoriously fragmented, slow, and the wrong people seem to always be out in the worst possible places. Now that horrible model will be pushed on to some of my fav titles of all time. Boooooo!",2025-10-14 20:44:58,2025-10-14 20:45:00,265
8380,Microsoft,Negative,"Nooooooo!!! Microsoft has bought Bethesda! Microsoft's development process is notoriously fragmented, slow, and the wrong people always seem to be in the worst places. Now, this terrible model will be pressed on some of my favorite titles of all time. Boooooo!",2025-10-14 20:44:58,2025-10-14 20:45:00,260
8380,Microsoft,Negative,"Nooooooo!! Microsoft has bought Bethesda! Microsoft's development process is notoriously fragmented, slow, and the wrong people always seem to be in the worst possible places.",2025-10-14 20:44:58,2025-10-14 20:45:00,175
8380,Microsoft,Negative,"Nooooooo!!!! Microsoft bought Bethesda! The dev process around Redmond is notoriously dirty, slow, and the wrong people seem to always be out in the worst possible places. Now your horrible model will be rubbed on to some of my fav titles of all time. Boooooo!",2025-10-14 20:44:58,2025-10-14 20:45:00,260
8380,Microsoft,Negative,"But Nooooooo!!!! Microsoft bought Bethesda! The dev process at Microsoft is now notoriously fragmented, then slow, and just the wrong right people everywhere seem to always be out hiding in the worst possible places. Now that horrible model will even be pushed on to some compilation of all my fav titles of all time. Boooooo!",2025-10-14 20:44:58,2025-10-14 20:45:00,326
8380,Microsoft,Negative,"Nooooooo!!!! Microsoft bought Microsoft! The dev process inside Microsoft is notoriously fragmented, slow, because the wrong people seem to always be out in her worst possible places. Now that horrible guy will be pushed deeper into some of my fav titles in all time. Boooooo!",2025-10-14 20:44:58,2025-10-14 20:45:00,276
8381,Microsoft,Neutral,"\"Slack Accuses Microsoft of Illegally Crushing Competition\" > ift.tt/30B3vCn",2025-10-14 20:44:58,2025-10-14 20:45:00,78
8381,Microsoft,Neutral,"\"Slack accuses Microsoft of illegal distortion of competition\" > ift.tt / 30B3vCn",2025-10-14 20:44:58,2025-10-14 20:45:00,81
8381,Microsoft,Neutral,"\"Slack accuses Microsoft of illegal hacking\" > iTunes / 30B3vCn",2025-10-14 20:44:58,2025-10-14 20:45:00,63
8381,Microsoft,Neutral,"\"Slack Accuses Microsoft of Seriously Crushing Google\" > ift.tt/30B3vCn",2025-10-14 20:44:58,2025-10-14 20:45:00,71
8381,Microsoft,Neutral,"\" Slack the Accuses of Microsoft Consortium of Illegally Broadcast Crushing Competition \" > see ift. o tt / 30B3vCn",2025-10-14 20:44:58,2025-10-14 20:45:00,115
8381,Microsoft,Neutral,"\"Slack Accuses Stress in Illegally Influence Competition\" > 9.tt/30B3vCn",2025-10-14 20:44:58,2025-10-14 20:45:00,72
8382,Microsoft,Neutral,nan,2025-10-14 20:44:58,2025-10-14 20:45:00,3
8382,Microsoft,Neutral,It is not the first time that the EU Commission has taken such a step.,2025-10-14 20:44:58,2025-10-14 20:45:00,70
8382,Microsoft,Neutral,"At the same time, despite the fact that there are currently some 100 million people living below the poverty line, most of them do not have access to health services and do not have access to health care, while most of them do not have access to health care.",2025-10-14 20:44:58,2025-10-14 20:45:00,258
8382,Microsoft,Neutral,nan,2025-10-14 20:44:58,2025-10-14 20:45:00,3
8382,Microsoft,Neutral,nan,2025-10-14 20:44:58,2025-10-14 20:45:00,3
8382,Microsoft,Neutral,nan,2025-10-14 20:44:58,2025-10-14 20:45:00,3
8383,Microsoft,Negative,"After today, Windows 7 will no longer be supported by Microsoft. This means no more security updates, performance updates or patches from Microsoft. Sign up to our webinar to explore your options: hubs.ly/H0mzjWL0. .",2025-10-14 20:44:58,2025-10-14 20:45:00,218
8383,Microsoft,Negative,"As of today, Windows 7 is no longer supported by Microsoft. That means no more security updates, performance updates or patches from Microsoft. Sign up for our webinar to explore your options: hubs.ly / H0mzjWL0.",2025-10-14 20:44:58,2025-10-14 20:45:00,212
8383,Microsoft,Negative,"After today, Windows 7 will no longer be supported by Microsoft. This means that there will be no more security updates, performance updates, or fixes from Microsoft. Subscribe to our webinar to explore your options: hubs.ly / H0mzjWL0.",2025-10-14 20:44:59,2025-10-14 20:45:00,236
8383,Microsoft,Negative,"After today, Windows 7 is no longer be supported by Microsoft. This means no more security updates, performance updates or configurations from Microsoft. Sign in during our webinar to express your options: hubs.ly/H0mzjWL0..",2025-10-14 20:44:59,2025-10-14 20:45:00,224
8383,Microsoft,Negative,"and After today, now Windows 7 will no longer be supported fully by Microsoft. This only means no more security or updates, especially performance updates or patches expected from... Microsoft. Sign up to our webinar to explore both your new options : hubs. ly / H0mzjWL0..",2025-10-14 20:44:59,2025-10-14 20:45:00,273
8383,Microsoft,Negative,"After today, Windows 7 will no longer be supported by Microsoft. This meant no more security updates, performance updates or patches on the. Members up in our community to read your options: hubs.ly/H0mzjWL0..",2025-10-14 20:44:59,2025-10-14 20:45:00,209
8384,Microsoft,Negative,"Over the last month, Amazon stock fell 20.8%. Apple is down 25.4%, while Microsoft has shed 26.9%. Alphabet has performed the worst, dropping 29.3%. All four stocks are currently in bear market territory.",2025-10-14 20:44:59,2025-10-14 20:45:00,206
8384,Microsoft,Negative,"Last month, Amazon shares fell 20.8%. Apple lost 25.4%, while Microsoft lost 26.9%. Alphabet fared worst, falling 29.3%. All four stocks are currently in bear market territory.",2025-10-14 20:44:59,2025-10-14 20:45:00,176
8384,Microsoft,Negative,"Over the past month, Amazon's stock has fallen 20.8%. Apple has fallen 25.4%, while Microsoft has lost 26.9%.",2025-10-14 20:44:59,2025-10-14 20:45:00,109
8384,Microsoft,Negative,"Over the last month, Amazon stock slumped 20.8%. Apple is down 25.4%, while Microsoft has shed 26.9%. Alphabet also suffered the worst, falling 29.3%. All four stocks are currently in bear market territory.",2025-10-14 20:44:59,2025-10-14 20:45:00,206
8384,Microsoft,Negative,"Over the last month, Amazon File stock value fell 20. 0 8 %. Apple Pay is still down 25. 4 %, though while Microsoft has shed profit 26. 9 %. Alphabet Store has performed the worst, dropping 29. 3 %. com All four stocks are currently in American bear market territory.",2025-10-14 20:44:59,2025-10-14 20:45:00,268
8384,Microsoft,Negative,"Over the last month, Amazon stock fell 20.8%. Apple is declining 25.4%, while Netflix stock fallen 26.9%. Alphabet have seen the worst, dropping 29.3%. All four stocks are currently in share market territory.",2025-10-14 20:44:59,2025-10-14 20:45:00,208
8385,Microsoft,Positive,Wait they still supported Floppy disks?! I thought they stopped doing that when Windows 10 came out. I could've used my floppy disks this entire time?!,2025-10-14 20:44:59,2025-10-14 20:45:00,151
8385,Microsoft,Positive,Do you expect them to still support floppy disks?! I thought they would have stopped when Windows 10 came out. I could have used my floppy disks all the time?!,2025-10-14 20:44:59,2025-10-14 20:45:00,159
8385,Microsoft,Positive,Wait they still supported floppy disk?! I thought they stopped doing that when Windows 10 came out. I could've used my floppy disk this entire time?!,2025-10-14 20:44:59,2025-10-14 20:45:00,149
8385,Microsoft,Positive,Wait they still supported Floppy disks?! I thought they stopped doing that when Windows 10 came out. Microsoft could've used the floppy disks for entire time?!,2025-10-14 20:44:59,2025-10-14 20:45:00,159
8385,Microsoft,Positive,Wait they still supported Floppy disks?! I thought already they stopped doing nearly that even when Windows Live 10 came out. But I could've even used my floppy disks first this entire time?!,2025-10-14 20:44:59,2025-10-14 20:45:00,191
8385,Microsoft,Positive,Wait they still allow Floppy disks?! I thought they ceased doing that when Windows 10 went out. I could've left my floppy box this entire time?!,2025-10-14 20:44:59,2025-10-14 20:45:00,144
8386,Microsoft,Neutral,"With TikTok, ‘Uncool’ Microsoft Aims for the Love of Tweens todaynewsjournal.com/with-tiktok-un…",2025-10-14 20:44:59,2025-10-14 20:45:00,96
8386,Microsoft,Neutral,"With TikTok \"Uncool\" Microsoft aims at the love of Tweens toutenewsjournal.com / with-tiktok-un...",2025-10-14 20:44:59,2025-10-14 20:45:00,98
8386,Microsoft,Neutral,"With Tok, Microsoft is targeting the love of millions of people todaynewsjournal.com / with-tok-un...",2025-10-14 20:44:59,2025-10-14 20:45:00,101
8386,Microsoft,Neutral,"With Style, ‘Uncool’ It Aims for the Speed of Tweens todaynewsjournal.com/with-tiktok-un…",2025-10-14 20:44:59,2025-10-14 20:45:00,89
8386,Microsoft,Neutral,"interview With TikTok, ‘ Uncool at ’ Microsoft Aims for For the Love of The Tweens todaynewsjournal. on com / podcast with - tiktok - un …",2025-10-14 20:44:59,2025-10-14 20:45:00,138
8386,Microsoft,Neutral,"With TikTok, ‘Uncool’ 12 Songs for Your Love of Music on.com/with-tiktok-un...",2025-10-14 20:44:59,2025-10-14 20:45:00,78
8387,Microsoft,Negative,Its been like what 3 months since this happend and i still cant create a new microsoft acc??? am i the only who's experiencing this??? pic.twitter.com/JKN8p8X8zV,2025-10-14 20:44:59,2025-10-14 20:45:00,161
8387,Microsoft,Negative,It was like it was 3 months since this event and I still can't create a new Mikrosoft after ACC??? I??? m the only one who experienced this??? pic.twitter.com / JKN8p8X8zV,2025-10-14 20:44:59,2025-10-14 20:45:00,171
8387,Microsoft,Negative,Its been like what 3 months since this happen and i still cant create a new microsoft acc?? am i the only who's experience this??? pic.facebook.com / JKN8p8X8zV,2025-10-14 20:44:59,2025-10-14 20:45:00,160
8387,Microsoft,Negative,Its been like what 3 months since this happend and i still cant create a new microsoft acc??? am i the only who's experiencing this??? pic.twitter.com/JKN8p8X8zV,2025-10-14 20:44:59,2025-10-14 20:45:00,161
8387,Microsoft,Negative,and Its been like what 3 months since this happend and i still cant create a new microsoft acc??? am i the only who's experiencing this??? pic.twitter.com/JKN8p8X8zV,2025-10-14 20:44:59,2025-10-14 20:45:00,165
8387,Microsoft,Negative,is,2025-10-14 20:44:59,2025-10-14 20:45:00,2
8388,Microsoft,Negative,"OK, so how do I get  . (Why is everything so damned difficult!).",2025-10-14 20:44:59,2025-10-14 20:45:00,66
8388,Microsoft,Negative,"OK, so how do I get there. (Why is everything so damn difficult!).",2025-10-14 20:44:59,2025-10-14 20:45:00,66
8388,Microsoft,Negative,"OK, so how can I get it? (Why is everything so damned hard!).",2025-10-14 20:44:59,2025-10-14 20:45:00,61
8388,Microsoft,Negative,"OK, well how do I get . (Why is everything so damned difficult!).",2025-10-14 20:44:59,2025-10-14 20:45:00,65
8388,Microsoft,Negative,"... OK, so how do I ever get. ( Why is everything so bloody damned difficult! ).",2025-10-14 20:44:59,2025-10-14 20:45:00,80
8388,Microsoft,Negative,"OK, so how do I explain. (Why is death so damned scary!).",2025-10-14 20:44:59,2025-10-14 20:45:00,57
8389,Microsoft,Negative,Windows 10 is repulsive OS? I seems to be designed to microsoft service like old mac.,2025-10-14 20:44:59,2025-10-14 20:45:00,85
8389,Microsoft,Negative,Windows 10 is a disgusting operating system? I seem to be designed for Microsoft services like old Mac.,2025-10-14 20:44:59,2025-10-14 20:45:00,103
8389,Microsoft,Negative,Windows 10 is a repellent OS? I seem to be built for a microsoft service like an old mac.,2025-10-14 20:44:59,2025-10-14 20:45:00,89
8389,Microsoft,Negative,Windows 10 another repulsive OS? I seems to be sticking to microsoft service like old mac.,2025-10-14 20:44:59,2025-10-14 20:45:00,90
8389,Microsoft,Negative,Windows 10 is repulsive... OS? And I seems only to still be designed to microsoft service like old mac.,2025-10-14 20:44:59,2025-10-14 20:45:00,103
8389,Microsoft,Negative,Windows 4 is repulsive OS? I seems to be running on microsoft service like old mac.,2025-10-14 20:44:59,2025-10-14 20:45:00,83
8390,Microsoft,Neutral,The @kdecommunity keeps steadily improving. I have been running @kubuntu 19.10 on my @Microsoft Surface Pro 4 and it's perfect for it.,2025-10-14 20:44:59,2025-10-14 20:45:00,134
8390,Microsoft,Neutral,The @ kdecommunity is improving all the time. I ran @ kubuntu 19.10 on my @ Microsoft Surface Pro 4 and it's perfect for that.,2025-10-14 20:44:59,2025-10-14 20:45:00,126
8390,Microsoft,Neutral,I launched @ kubuntu 19.10 on my @ Microsoft Surface Pro 4 and it's perfect for that.,2025-10-14 20:44:59,2025-10-14 20:45:00,85
8390,Microsoft,Neutral,The @kdecommunity seems steadily improving. I have been running on 19.10 inside my @kubuntu Surface Pro 4 and it's perfect for it.,2025-10-14 20:44:59,2025-10-14 20:45:00,130
8390,Microsoft,Neutral,The @kdecommunity keeps working steadily toward improving. I myself have actually been running @kubuntu Version 19. 10 on my @Microsoft Surface Software Pro 4 and it's not perfect for it.,2025-10-14 20:44:59,2025-10-14 20:45:00,187
8390,Microsoft,Neutral,our product keeps steadily improving. I am been running @kdecommunity 19.10 on my @kubuntu Surface for 4 and it's perfect at it.,2025-10-14 20:44:59,2025-10-14 20:45:00,128
8391,Microsoft,Neutral,To keep the  . Explore the Partner Network  .,2025-10-14 20:44:59,2025-10-14 20:45:00,47
8391,Microsoft,Neutral,Explore the partner network.,2025-10-14 20:44:59,2025-10-14 20:45:00,28
8391,Microsoft,Neutral,To keep the network going.,2025-10-14 20:44:59,2025-10-14 20:45:00,26
8391,Microsoft,Neutral,To Access the . Explore the Partner Network .,2025-10-14 20:44:59,2025-10-14 20:45:00,45
8391,Microsoft,Neutral,... To keep the. and Explore the Partner Network.,2025-10-14 20:44:59,2025-10-14 20:45:00,49
8391,Microsoft,Neutral,To keep the. keep the Partner Network.,2025-10-14 20:44:59,2025-10-14 20:45:00,38
8392,Microsoft,Positive,I'm forever blown away with the level of documentation and support Microsoft provides. It's so much more accessible and applicable than I recall it was 20 years back. . . Thanks to everyone who takes part in providing such great content. I truly appreciate you.,2025-10-14 20:44:59,2025-10-14 20:45:00,261
8392,Microsoft,Positive,It is so much more accessible and applicable than I remember it being 20 years ago.... Thank you to everyone involved in providing such great content. I really appreciate you.,2025-10-14 20:44:59,2025-10-14 20:45:00,175
8392,Microsoft,Positive,It's much more accessible and applicable than I remember 20 years ago... Thank you to everyone involved in providing such wonderful content.,2025-10-14 20:44:59,2025-10-14 20:45:00,140
8392,Microsoft,Positive,I'm continuously blown away with the level of documentation and support Microsoft provides. It's so much more accessible and applicable than I recall Wikipedia was 20 years back... Thanks to Joe who takes part in providing such great tools. Please truly appreciate you.,2025-10-14 20:44:59,2025-10-14 20:45:00,269
8392,Microsoft,Positive,I'm forever so blown away with the new level of documentation and support Microsoft Office provides. It's all so much more accessible today and fully applicable than even I recall it was 20 years back... Wow Thanks to everyone else who takes part in providing such crazy great content. I truly appreciate you.,2025-10-14 20:44:59,2025-10-14 20:45:00,309
8392,Microsoft,Positive,I'm forever blown over with the level of documentation and standards Microsoft provides. Today's so very more appealing as applicable than I recall it was 20 years back... Thanks to everyone the takes part in providing such great content. Very truly appreciate you.,2025-10-14 20:44:59,2025-10-14 20:45:00,265
8393,Microsoft,Neutral,Watching Microsoft Shares As Hearing Report US Dept. Of Defense Has Reaffirmed The JEDI Contract For Co.. . Related Tickers: $MSFT,2025-10-14 20:44:59,2025-10-14 20:45:00,130
8393,Microsoft,Neutral,Watching Microsoft shares as a hearing report The U.S. Department of Defense has confirmed the JEDI contract for Co.,2025-10-14 20:44:59,2025-10-14 20:45:00,116
8393,Microsoft,Neutral,"Watching Microsoft shares amid rumors that the US Department of Defense has confirmed the JEDI deal for Co., related investors: $MSFT",2025-10-14 20:44:59,2025-10-14 20:45:00,133
8393,Microsoft,Neutral,Watching Microsoft Shares As Hearing Report US Dept. Of Justice Has Reaffirmed The Temporary Ban For Co... Related Tickers: $MSFT,2025-10-14 20:44:59,2025-10-14 20:45:00,129
8393,Microsoft,Neutral,Watching Microsoft Shares Risk As a Hearing Us Report US Dept. Of Defense Has Reaffirmed that The 2006 JEDI Security Contract Fund For Co... Related Tickers : $ MSFT,2025-10-14 20:44:59,2025-10-14 20:45:00,165
8393,Microsoft,Neutral,Watching Microsoft Shares As Hearing Report<unk> Open. Of Defense Has Reaffirmed<unk> Joint Contract For Iran... Related Tickers: $MSFT,2025-10-14 20:44:59,2025-10-14 20:45:00,135
8394,Microsoft,Neutral,Thank you Twitter for telling me Kelly was texting Nelly on Microsoft Excel,2025-10-14 20:44:59,2025-10-14 20:45:00,75
8394,Microsoft,Neutral,Thank you Twitter for the message that Kelly sent Nelly a text message on Microsoft Excel,2025-10-14 20:44:59,2025-10-14 20:45:00,89
8394,Microsoft,Neutral,Thanks to Twitter for telling me Kelly texted Nelly in Microsoft Excel,2025-10-14 20:44:59,2025-10-14 20:45:00,70
8394,Microsoft,Neutral,Thank you Twitter for telling me Kelly was texting Nelly on Microsoft Day,2025-10-14 20:44:59,2025-10-14 20:45:00,73
8394,Microsoft,Neutral,14 Thank you Twitter for telling me Kelly was texting Nelly based on the Microsoft Excel,2025-10-14 20:44:59,2025-10-14 20:45:00,88
8394,Microsoft,Neutral,Thank you Twitter for telling John Kelly was texting us on Microsoft Excel,2025-10-14 20:44:59,2025-10-14 20:45:00,74
8395,Microsoft,Irrelevant,And this is why I'm thankful for managebac🤡,2025-10-14 20:44:59,2025-10-14 20:45:00,43
8395,Microsoft,Irrelevant,And for that I am grateful.,2025-10-14 20:44:59,2025-10-14 20:45:00,27
8395,Microsoft,Irrelevant,And that's why I'm grateful for the manawak.,2025-10-14 20:44:59,2025-10-14 20:45:00,44
8395,Microsoft,Irrelevant,And this is why I'm thankful im managebac🤡,2025-10-14 20:44:59,2025-10-14 20:45:00,42
8395,Microsoft,Irrelevant,And this is why I'd m thankful today for [UNK],2025-10-14 20:44:59,2025-10-14 20:45:00,46
8395,Microsoft,Irrelevant,And this is why I'm eligible for managebac<unk>,2025-10-14 20:44:59,2025-10-14 20:45:00,47
8396,Microsoft,Neutral,Microsoft: RDP brute-force attacks last 2-3 days on average ift.tt/2FrbFmu,2025-10-14 20:44:59,2025-10-14 20:45:00,74
8396,Microsoft,Neutral,Microsoft: RDP brute force attacks last on average 2-3 days ift.tt / 2FrbFmu,2025-10-14 20:44:59,2025-10-14 20:45:00,76
8396,Microsoft,Neutral,Microsoft: RDP attacks last on average 2-3 days.,2025-10-14 20:44:59,2025-10-14 20:45:00,48
8396,Microsoft,Neutral,Microsoft: Most brute-force attacks last 2-3 days per average ift.tt/2FrbFmu,2025-10-14 20:44:59,2025-10-14 20:45:00,76
8396,Microsoft,Neutral,Microsoft : Recent RDP brute - robot force attacks last 2 - 3 days on this average at ift. tt / later 2FrbFmu,2025-10-14 20:44:59,2025-10-14 20:45:00,109
8396,Microsoft,Neutral,Microsoft: RDP brute-force attacks after 2-3 days during a ift.tt/2FrbFmu,2025-10-14 20:44:59,2025-10-14 20:45:00,73
8397,Microsoft,Neutral,"CNET -  Surface Duo may change the world, or it could destroy Microsoft's reputation - CNET cnet.com/features/surfa…",2025-10-14 20:44:59,2025-10-14 20:45:00,116
8397,Microsoft,Neutral,"CNET - Surface Duo could change the world, or it could destroy Microsoft's reputation - CNET cnet.com / features / surfa...",2025-10-14 20:44:59,2025-10-14 20:45:00,123
8397,Microsoft,Neutral,"CNET - Surface could change the world, or it could destroy Microsoft's reputation - CNET cnet.com / features / surf...",2025-10-14 20:44:59,2025-10-14 20:45:00,118
8397,Microsoft,Neutral,"CNET - <unk> Duo may change the world, or it could make American reputation - CNET cnet.com/features/surfa…",2025-10-14 20:44:59,2025-10-14 20:45:00,107
8397,Microsoft,Neutral,"The CNET - Surface PC Duo may change up the world, or it alone could destroy Microsoft's reputation - CNET cnet. com / unique features / surfa net …",2025-10-14 20:44:59,2025-10-14 20:45:00,148
8397,Microsoft,Neutral,"Microsoft - Surface Duo to change your world, although it could destroy Microsoft's legacy - CNET cnet.com/features/surfa...",2025-10-14 20:44:59,2025-10-14 20:45:00,124
8398,Microsoft,Positive,great day in the markets.,2025-10-14 20:44:59,2025-10-14 20:45:00,27
8398,Microsoft,Positive,big day in the markets.,2025-10-14 20:44:59,2025-10-14 20:45:00,23
8398,Microsoft,Positive,A great day in the markets.,2025-10-14 20:44:59,2025-10-14 20:45:00,27
8398,Microsoft,Positive,great day to the markets.,2025-10-14 20:44:59,2025-10-14 20:45:00,25
8398,Microsoft,Positive,Your great day in the markets.,2025-10-14 20:44:59,2025-10-14 20:45:00,30
8398,Microsoft,Positive,great day in the Park.,2025-10-14 20:44:59,2025-10-14 20:45:00,22
8399,Microsoft,Negative,"Let’s  be blunt. It makes no sense for Microsoft  to buy TikTok, writes Tim Culpan. bloombergquint.com/gadfly/twitter… via @BloombergQuint",2025-10-14 20:44:59,2025-10-14 20:45:00,138
8399,Microsoft,Negative,"It doesn't make sense for Microsoft to buy TikTok, writes Tim Culpan. bloombergquint.com / gadfly / twitter... via @ BloombergQuint",2025-10-14 20:44:59,2025-10-14 20:45:00,131
8399,Microsoft,Negative,"It makes no sense for Microsoft to buy Tesla Tok, writes Tim Kalpan. bloombergquint.com / gadfly / futter... via @ BloombergQuint",2025-10-14 20:44:59,2025-10-14 20:45:00,129
8399,Microsoft,Negative,"Let’s  be blunt. Apple makes no sense for American  to buy TikTok, warns Tim Culpan. bloombergquint.com/gadfly/twitter… Justin @BloombergQuint",2025-10-14 20:44:59,2025-10-14 20:45:00,142
8399,Microsoft,Negative,"Let David ’ s be blunt. 2017 It makes seriously no much sense for some Microsoft to buy TikTok, writes journalist Tim Culpan. Amazon bloombergquint. info com / gadfly / twitter … via a @BloombergQuint",2025-10-14 20:44:59,2025-10-14 20:45:00,200
8399,Microsoft,Negative,"<unk> be blunt. It makes zero sense for me to steal TikTok, writes Tim Culpan. bloombergquint.com/gadfly/twitter... for a",2025-10-14 20:44:59,2025-10-14 20:45:00,121
8400,Microsoft,Negative,Since pubg is now banned . The government should also ban microsoft teams and zoom also,2025-10-14 20:44:59,2025-10-14 20:45:00,87
8400,Microsoft,Negative,"Now that pubg is banned, the government should ban microsoft teams and also zoom",2025-10-14 20:44:59,2025-10-14 20:45:00,80
8400,Microsoft,Negative,"Since pubg is now banned, the government should also ban microsoft teams and increase the size of the team as well.",2025-10-14 20:44:59,2025-10-14 20:45:00,115
8400,Microsoft,Negative,Since pubg are now banned. The government should also ban microsoft teams and zoom also,2025-10-14 20:44:59,2025-10-14 20:45:00,87
8400,Microsoft,Negative,2010 Since pubg is now also banned. The government should also officially ban microsoft games teams and zoom also,2025-10-14 20:44:59,2025-10-14 20:45:00,113
8400,Microsoft,Negative,Since pubg is now banned. The government should also outlaw microsoft windows and zoom also,2025-10-14 20:44:59,2025-10-14 20:45:00,91
5201,Hearthstone,Positive,Thank you @kjaymiller! The graphic looks fantastic!!,2025-10-14 20:44:59,2025-10-14 20:45:00,52
5201,Hearthstone,Positive,Thank you @ kjaymiller! The graphics look fantastic!!,2025-10-14 20:44:59,2025-10-14 20:45:00,53
5201,Hearthstone,Positive,Thanks @ kjaymiller! The graphics look fantastic!!,2025-10-14 20:44:59,2025-10-14 20:45:00,50
5201,Hearthstone,Positive,Thank you @kjaymiller! The graphic<unk> fantastic!!,2025-10-14 20:44:59,2025-10-14 20:45:00,51
5201,Hearthstone,Positive,Well Thank damn you @kjaymiller! The graphic looks fantastic!!,2025-10-14 20:44:59,2025-10-14 20:45:00,62
5201,Hearthstone,Positive,Thank you<unk>! The graphic looks fantastic!!,2025-10-14 20:44:59,2025-10-14 20:45:00,45
5202,Hearthstone,Positive,I love the music box melody in this (also it's just a kickass trailer as USUAL from Hearthstone!),2025-10-14 20:44:59,2025-10-14 20:45:00,97
5202,Hearthstone,Positive,I love the music box melody in it (also it's just a kickass trailer as usual from Hearthstone!),2025-10-14 20:44:59,2025-10-14 20:45:00,95
5202,Hearthstone,Positive,I love the music box in this (also it's just a kickboxing trailer like the CONDITIONS from Hearthstone!),2025-10-14 20:44:59,2025-10-14 20:45:00,104
5202,Hearthstone,Positive,I love the music box melody in HD (also it's quite a kickass trailer as USUAL from Hearthstone!),2025-10-14 20:44:59,2025-10-14 20:45:00,96
5202,Hearthstone,Positive,I love the music box melody in writing this ( also it'isn s possibly just not a kickass trailer show as USUAL from Hearthstone! ),2025-10-14 20:44:59,2025-10-14 20:45:00,129
5202,Hearthstone,Positive,I love the music box melody in you (also it's in so kickass trailer as USUAL from Canada!),2025-10-14 20:44:59,2025-10-14 20:45:00,90
5203,Hearthstone,Neutral,"Unfortunately, Vlad lost the series.. . Thanks for watching.. .",2025-10-14 20:44:59,2025-10-14 20:45:00,65
5203,Hearthstone,Neutral,Unfortunately Vlad lost the show... Thanks for watching...,2025-10-14 20:44:59,2025-10-14 20:45:00,58
5203,Hearthstone,Neutral,"Unfortunately, Vlad lost the series.. Thanks for watching..",2025-10-14 20:44:59,2025-10-14 20:45:00,59
5203,Hearthstone,Neutral,"Unfortunately, Vlad lost the series... Thanks for visiting.",2025-10-14 20:44:59,2025-10-14 20:45:00,59
5203,Hearthstone,Neutral,"Unfortunately, Doctor Vlad also lost the series... Thanks forever for watching...",2025-10-14 20:44:59,2025-10-14 20:45:00,81
5203,Hearthstone,Neutral,"Unfortunately, Vlad lost the body... Thanks for listening...",2025-10-14 20:44:59,2025-10-14 20:45:00,60
5204,Hearthstone,Positive,"Lost over 1/3 of all my subs by not playing Hearthstone for one month. I've been really enjoying LoR but I guess I will have to go back to HS sooner than I expected, will decide in next few days. Still want to thank everyone that supports me, I really appreciate it.",2025-10-14 20:44:59,2025-10-14 20:45:00,266
5204,Hearthstone,Positive,"I really enjoyed LoR, but I guess I have to return to HS earlier than expected, I will decide in the next few days. Nevertheless, I want to thank everyone who supports me, I really appreciate it.",2025-10-14 20:44:59,2025-10-14 20:45:00,195
5204,Hearthstone,Positive,"I do enjoy LoR, but I think I will have to go back to the HS sooner than I expected to make a decision in the next few days. However, I want to thank everyone who supports me, I really appreciate it.",2025-10-14 20:44:59,2025-10-14 20:45:00,199
5204,Hearthstone,Positive,"Lost over 1/3 of her my subs by not playing Hearthstone for over month. I've been really enjoying LoR but I guess soon will have to go back to HS deeper than I anticipated, will decide in two few days. Still want to thank everyone that supports me, I really appreciate it.",2025-10-14 20:44:59,2025-10-14 20:45:00,272
5204,Hearthstone,Positive,"Lost over 1 / 3 of virtually all my subs by not playing Hearthstone for another one month. I've been really enjoying LoR but also I should guess I will some have to go back to HS this sooner than I expected, others will decide in next few days. com Still want to thank everyone that supports me, while I really also appreciate it.",2025-10-14 20:44:59,2025-10-14 20:45:00,330
5204,Hearthstone,Positive,"Lost over 1/3 of all my subs by not playing Hearthstone for one week. Personally've been really enjoying LoR but I guess I will have to go back on HS sooner than I bought, so decide in next few days. Again want to thank everything that wrote me, I sincerely appreciate it.",2025-10-14 20:44:59,2025-10-14 20:45:00,272
5205,Hearthstone,Irrelevant,"@FACEIT the next time you are planning a big Hearthstone tournament, tell me and I´d help you with all the preperations! Don´t wanna blame you for the delays, happens! Just a friendly ment offer! :)",2025-10-14 20:44:59,2025-10-14 20:45:00,198
5205,Hearthstone,Irrelevant,"@ FACEIT, next time you're planning a big Hearthstone tournament, tell me and I'll help you with all the preparations! Don't blame yourself for the delays, happen! Just a friendly offer!:)",2025-10-14 20:44:59,2025-10-14 20:45:00,188
5205,Hearthstone,Irrelevant,"@ FACEIT the next time you are planning a big Hearthstone tournament, tell me and I'd help you with all the operations! Don't wanna blank you for the postponement, happens! Just a friendly ment offer!:)",2025-10-14 20:44:59,2025-10-14 20:45:00,202
5205,Hearthstone,Irrelevant,"@FACEIT the next time you are doing a big Hearthstone tournament, write me and I´d help you with all the preperations! Don´t wanna blame you for planning delays, happens! Maybe a friendly ment offer! :)",2025-10-14 20:44:59,2025-10-14 20:45:00,202
5205,Hearthstone,Irrelevant,"@FACEIT the next next time you are planning such a big Hearthstone Club tournament, tell me and I´d to help you with all the big preperations! They Don´t wanna blame on you for the many delays, happens! Just tell a friendly ment the offer! : )",2025-10-14 20:44:59,2025-10-14 20:45:00,243
5205,Hearthstone,Irrelevant,"@FACEIT the perfect time you are planning a big Hearthstone tournament, tell George and I d help you with collecting the money!<unk> t wanna blame him for the delays, happens! Just a comment ment on! :)",2025-10-14 20:44:59,2025-10-14 20:45:00,202
5206,Hearthstone,Negative,"Actually kinda sucks that I can't play competitive Hearthstone right now, not gonna lie.",2025-10-14 20:44:59,2025-10-14 20:45:00,88
5206,Hearthstone,Negative,"Actually, it annoys me that I can't play against Hearthstone at the moment and I'm not going to lie.",2025-10-14 20:44:59,2025-10-14 20:45:00,100
5206,Hearthstone,Negative,"In fact, I can't play competitive Hearthstone right now, I'm not going to lie.",2025-10-14 20:44:59,2025-10-14 20:45:00,78
5206,Hearthstone,Negative,"Actually kinda shitty that I can't play competitive Hearthstone right now, not gonna lie.",2025-10-14 20:44:59,2025-10-14 20:45:00,89
5206,Hearthstone,Negative,"Actually kinda sucks knowing that I can've t play competitive Hearthstone field right now, not gonna really lie.",2025-10-14 20:44:59,2025-10-14 20:45:00,112
5206,Hearthstone,Negative,"Actually kinda sucks that I can't possibly competitive Hearthstone right now, I gonna say.",2025-10-14 20:44:59,2025-10-14 20:45:00,90
5207,Hearthstone,Negative,Never popped the ice block,2025-10-14 20:44:59,2025-10-14 20:45:00,28
5207,Hearthstone,Negative,Never cracked the ice block,2025-10-14 20:44:59,2025-10-14 20:45:00,27
5207,Hearthstone,Negative,Never Kick the Ice Bucket Challenge,2025-10-14 20:44:59,2025-10-14 20:45:00,35
5207,Hearthstone,Negative,Never popped another ice block,2025-10-14 20:44:59,2025-10-14 20:45:00,30
5207,Hearthstone,Negative,Never popped the last ice block,2025-10-14 20:44:59,2025-10-14 20:45:00,31
5207,Hearthstone,Negative,Never popped the apartment block,2025-10-14 20:44:59,2025-10-14 20:45:00,32
5208,Hearthstone,Positive,"Pretty satisfied with a 6-3 score. Already playing for six years and yet I still feel there are still so much to learn in Hearthstone. This meta is probably one with the highest skill cap. . . Great tournament, players and admins. Can't wait for the next one in Bali.",2025-10-14 20:44:59,2025-10-14 20:45:00,267
5208,Hearthstone,Positive,"Pretty happy with a 6-3 score. I've been playing for six years and yet I still feel like there's so much to learn in Hearthstone. This meta is probably one with the highest qualification cap... Great tournament, players and administrators. I can't wait for the next one in Bali.",2025-10-14 20:44:59,2025-10-14 20:45:00,278
5208,Hearthstone,Positive,"Pretty satisfied with the score at 6-3. Ready to play for six years and yet I still feel there is so much to learn at Hearthstone. This meta is probably one with the highest level of skill... Great tournament, players and administrators. Can't wait for the next one in Bali.",2025-10-14 20:44:59,2025-10-14 20:45:00,274
5208,Hearthstone,Positive,"Pretty satisfied on a 6-3 score. Already confident in six years and yet I still feel there are still so much to learn playing Hearthstone. This meta is probably one with the highest skill scores... Great tournament, players amazing admins. Can't wait for the next one in Bali.",2025-10-14 20:44:59,2025-10-14 20:45:00,276
5208,Hearthstone,Positive,"Pretty satisfied with a 6 - 3 tie score. Already playing volleyball for six years and yet I did still feel thrilled there are still so much lessons to learn in Hearthstone. This meta is probably that one with the highest possible skill cap... A Great tournament, incredible players and admins. Can't wait for the next one in sunny Bali.",2025-10-14 20:44:59,2025-10-14 20:45:00,336
5208,Hearthstone,Positive,"Pretty surprised with that 6-3 score. Already playing for six years and yet I still feel there are still so much to learn in Hearthstone. This play is also one with the highest scores required... Great tournament, players including sponsors. Can't wait for the next event in Bali.",2025-10-14 20:44:59,2025-10-14 20:45:00,280
5209,Hearthstone,Negative,@BoarControl you look like you want to murder someone in your hearthstone bracket picture LOL,2025-10-14 20:44:59,2025-10-14 20:45:00,93
5209,Hearthstone,Negative,@ BoarControl you look like you want to murder someone in your heart bracket Picture LOL,2025-10-14 20:44:59,2025-10-14 20:45:00,88
5209,Hearthstone,Negative,@ BoarControl you look like you want to kill someone in your heart brain picture LOL,2025-10-14 20:44:59,2025-10-14 20:45:00,84
5209,Hearthstone,Negative,@BoarControl I look like you want to murder someone in your hearthstone bracket picture LOL,2025-10-14 20:44:59,2025-10-14 20:45:00,91
5209,Hearthstone,Negative,@BoarControl you just look like guys you want to murder in someone in your hearthstone bracket picture like LOL,2025-10-14 20:44:59,2025-10-14 20:45:00,111
5209,Hearthstone,Negative,@BoarControl you look like you want or see someone in your hearthstone life picture LOL,2025-10-14 20:44:59,2025-10-14 20:45:00,87
5210,Hearthstone,Neutral,. . Playing  . . twitch.tv/MorningStarGG. . Like an  . .  . @BlazedRTs,2025-10-14 20:44:59,2025-10-14 20:45:00,71
5210,Hearthstone,Neutral,... Play.. twitch.tv / MorningStarGG... Like a... @ BlazedRTs,2025-10-14 20:44:59,2025-10-14 20:45:00,61
5210,Hearthstone,Neutral,.. Playing... Fech.tv / MorningStarGG... Like an... @ Blazeds,2025-10-14 20:44:59,2025-10-14 20:45:00,61
5210,Hearthstone,Neutral,. . Playing  . . twitch.tv/MorningStarGG. . Like an  . .  . RhandlerR,2025-10-14 20:44:59,2025-10-14 20:45:00,70
5210,Hearthstone,Neutral,See  . . Playing  . . twitch.tv/MorningStarGG. . Like an  . .  . RhandlerR,2025-10-14 20:44:59,2025-10-14 20:45:00,74
5210,Hearthstone,Neutral,is,2025-10-14 20:44:59,2025-10-14 20:45:00,2
5211,Hearthstone,Positive,The most insane bomb bulid ever?. replays.firestoneapp.com/?reviewId=1bf5…. .  .,2025-10-14 20:44:59,2025-10-14 20:45:00,82
5211,Hearthstone,Positive,The craziest bomb-making ever?. replays.firestoneapp.com /? reviewId = 1bf5......,2025-10-14 20:44:59,2025-10-14 20:45:00,81
5211,Hearthstone,Positive,The scariest bomb in history. replays.firestoneapp.com /? reviewId = 1bf5....,2025-10-14 20:44:59,2025-10-14 20:45:00,77
5211,Hearthstone,Positive,The most insane marketing idea ever?. replays.firestoneapp.com/?reviewId=1bf5….. .,2025-10-14 20:44:59,2025-10-14 20:45:00,82
5211,Hearthstone,Positive,at The 3rd most insane bomb... bulid ever?. and replays. firestoneapp. com /? reviewId = 1 1bf5... …...,2025-10-14 20:44:59,2025-10-14 20:45:00,103
5211,Hearthstone,Positive,and now impressive bomb bulid up?. from.firestoneapp.com/?reviewId=1bf5......,2025-10-14 20:44:59,2025-10-14 20:45:00,77
5212,Hearthstone,Positive,I do like this hearthstone pic.twitter.com/ef2LVsY44m,2025-10-14 20:44:59,2025-10-14 20:45:00,53
5212,Hearthstone,Positive,I like this heartstone pic.twitter.com / ef2LVsY44m,2025-10-14 20:44:59,2025-10-14 20:45:00,51
5212,Hearthstone,Positive,I like this heartstone pic.wikipedia.org / ef2LVsY44m,2025-10-14 20:44:59,2025-10-14 20:45:00,53
5212,Hearthstone,Positive,I do like this hearthstone pic.twitter.com/ef2LVsY44m,2025-10-14 20:44:59,2025-10-14 20:45:00,53
5212,Hearthstone,Positive,DB I do like this hearthstone pic.twitter.com/ef2LVsY44m,2025-10-14 20:44:59,2025-10-14 20:45:00,56
5212,Hearthstone,Positive,I,2025-10-14 20:44:59,2025-10-14 20:45:00,1
5213,Hearthstone,Negative,Imagine paying for a single thing Activision Blizzard puts out at this point,2025-10-14 20:44:59,2025-10-14 20:45:00,76
5213,Hearthstone,Negative,Imagine you're paying for a thing that Activision Blizzard is releasing at this point,2025-10-14 20:44:59,2025-10-14 20:45:00,85
5213,Hearthstone,Negative,Imagine you're paying for one thing that Absvision Blizzard is currently releasing.,2025-10-14 20:44:59,2025-10-14 20:45:00,83
5213,Hearthstone,Negative,Imagine paying for a single thing Activision Blizzard churn out at this point,2025-10-14 20:44:59,2025-10-14 20:45:00,77
5213,Hearthstone,Negative,Imagine paying dollars for a single other thing Activision Blizzard still puts out at this point,2025-10-14 20:44:59,2025-10-14 20:45:00,96
5213,Hearthstone,Negative,Imagine paying for a single thing Activision Blizzard puts out of each point,2025-10-14 20:44:59,2025-10-14 20:45:00,76
5214,Hearthstone,Negative,8 Incredibly Stupid Hearthstone Combos youtu.be/cyiEUWZ6UuU @YouTube.,2025-10-14 20:44:59,2025-10-14 20:45:00,70
5214,Hearthstone,Negative,8 Incredibly stupid Hearthstone combos youtu.be / cyiEUWZ6UuU @ YouTube.,2025-10-14 20:44:59,2025-10-14 20:45:00,72
5214,Hearthstone,Negative,8 Incredibly Stupid Hearthstone Combos youtu.be / cyiWZ6UuU @ YouTube.,2025-10-14 20:44:59,2025-10-14 20:45:00,70
5214,Hearthstone,Negative,8 Incredibly Stupid Hearthstone Combos project.be/cyiEUWZ6UuU G.,2025-10-14 20:44:59,2025-10-14 20:45:00,64
5214,Hearthstone,Negative,My 8 Incredibly Stupid Kids Hearthstone Party Combos with youtu. And be / cyiEUWZ6UuU in @YouTube.,2025-10-14 20:44:59,2025-10-14 20:45:00,98
5214,Hearthstone,Negative,25 Years Stupid Free Combos Repair.be/cyiEUWZ6UuU @YouTube.,2025-10-14 20:44:59,2025-10-14 20:45:00,59
5215,Hearthstone,Neutral,hearthstone obliterated blitzen because they have one braincell,2025-10-14 20:44:59,2025-10-14 20:45:00,63
5215,Hearthstone,Neutral,Heart stone wiped out because they have a brain cell,2025-10-14 20:44:59,2025-10-14 20:45:00,52
5215,Hearthstone,Neutral,The rock was run-down because they had one brain cell,2025-10-14 20:44:59,2025-10-14 20:45:00,53
5215,Hearthstone,Neutral,hearthstone obliterated blitzen because they have more braincell,2025-10-14 20:44:59,2025-10-14 20:45:00,64
5215,Hearthstone,Neutral,In hearthstone is obliterated blitzen because they have that one braincell,2025-10-14 20:44:59,2025-10-14 20:45:00,74
5215,Hearthstone,Neutral,hearthstone obliterated blitzen old people have one braincell,2025-10-14 20:44:59,2025-10-14 20:45:00,61
5216,Hearthstone,Irrelevant,"RT Twitch \"itshafu Over a decade later and you're still killing it. From WoW to Hearthstone to TFT, we're proud to continue being part of your journey omgParty omgYay\"",2025-10-14 20:44:59,2025-10-14 20:45:00,167
5216,Hearthstone,Irrelevant,"RT Twitch \"itshafu over a decade later and you're still killing it. From WoW to Hearthstone to TFT, we're proud to continue to be part of your journey omgParty omgYay\"",2025-10-14 20:44:59,2025-10-14 20:45:00,167
5216,Hearthstone,Irrelevant,"RT: \"It's been more than a decade and you're still killing it. From WoW to Hearthstone to TFT, we're proud to continue to be part of your omgYay journey.\"",2025-10-14 20:44:59,2025-10-14 20:45:00,154
5216,Hearthstone,Irrelevant,"RT Twitch \"itshafu Over a decade later and you're still killing it. With Steam to Hearthstone to TFT, we're proud to continue being part of your community omgParty z\"",2025-10-14 20:44:59,2025-10-14 20:45:00,166
5216,Hearthstone,Irrelevant,"RT Twitch \" itshafu Over half a decade turns later well and you're still killing it.... From The WoW to THE Hearthstone to TFT, we're proud also to continue being part part of your creative journey with omgParty omgYay \"",2025-10-14 20:44:59,2025-10-14 20:45:00,220
5216,Hearthstone,Irrelevant,"RT is \"itshafu Over a year after yet you're still killing women. From WoW to Hearthstone to Halloween, we're proud we feature being part of your journey omgParty omgYay\"",2025-10-14 20:44:59,2025-10-14 20:45:00,169
5217,Hearthstone,Negative,"@PlayHearthstone a 1 Mana hero power that deals one damage makes a 1/1 token hero power that costs double absolutely not worth playing. Did you guys think about it when you made DH? That you took the most underpowered class, and made it unusable on ladder? Did that not occur to u",2025-10-14 20:44:59,2025-10-14 20:45:00,280
5217,Hearthstone,Negative,"@ PlayHearthstone a 1-Mana Hero Power that deals damage makes a 1 / 1 Hero Power that costs twice as much, absolutely not worth playing. Did you think about it when you did DH? That you took the most underpowered class and made it unusable on the ladder? Didn't that occur to you?",2025-10-14 20:44:59,2025-10-14 20:45:00,280
5217,Hearthstone,Negative,@ PlayHearthstone 1 mana hero power that deals one damage makes 1 / 1 hero power that costs twice absolutely not worth playing.,2025-10-14 20:44:59,2025-10-14 20:45:00,127
5217,Hearthstone,Negative,"@PlayHearthstone a 1 Mana heroic power that deals one damage makes a K/1 token hero power that costs double absolutely not worth playing. Did you NOT think about it when you made DH? That mechanic took the most underpowered team, yet made it unusable on ladder? Did that not occur to u",2025-10-14 20:44:59,2025-10-14 20:45:00,285
5217,Hearthstone,Negative,"@PlayHearthstone a 1 Mana hero power that deals one damage makes this a 1 / 12 1 token hero power that costs double are absolutely not worth playing. Did you guys think about it when you had made it DH? That why you took the most underpowered class, and never made even it unusable on ladder? » Did that not occur to me u",2025-10-14 20:44:59,2025-10-14 20:45:00,321
5217,Hearthstone,Negative,"@PlayHearthstone a 1 Mana hero power only deals one damage Its a 1/1 token hero power that costs double absolutely not for playing. Did only guys admit to that when guys made DH? Where you took the most underpowered class, and made it unusable on ladder? Did that not occur to u",2025-10-14 20:44:59,2025-10-14 20:45:00,278
5218,Hearthstone,Irrelevant,Classic WOW Hearthstone Keychain With Metal Box Luminous Pendant World Of Warcrafts Toy Heros Keyring Crafts Hearth Stone Gift silvlining.com/shop/classic-w…,2025-10-14 20:44:59,2025-10-14 20:45:00,157
5218,Hearthstone,Irrelevant,Classic WOW Hearthstone Keychain with Metal Dish Light Pendant World Of Warcrafts Toys Heroes Keychains Crafts Hearthstone Gift silvlining.com / shop / classic-w...,2025-10-14 20:44:59,2025-10-14 20:45:00,164
5218,Hearthstone,Irrelevant,Keyring Heart Stone Gift silvlining.com / shop / classic-w...,2025-10-14 20:44:59,2025-10-14 20:45:00,61
5218,Hearthstone,Irrelevant,Classic WOW Hearthstone Loot Chest Metal Box Luminous Pendant World Of Warcrafts Toy Heros Keyring and Hearth Stone Gift shop.com/shop/classic-w…,2025-10-14 20:44:59,2025-10-14 20:45:00,145
5218,Hearthstone,Irrelevant,2008 Classic WOW Hearthstone Keychain With Metal Box And Luminous Pendant World series Of Adventure Warcrafts 5 Toy Heros Keyring Crafts Home Hearth Stone Gift silvlining. to com / shop / a classic - original w …,2025-10-14 20:44:59,2025-10-14 20:45:00,212
5218,Hearthstone,Irrelevant,Classic Metal Jewelry Gift With Metal Magnet Luminous Pendant World Heritage Metal Toy Chain Keyring Crafts Hearth Stone Gift silvlining.com/shop/classic-w...,2025-10-14 20:44:59,2025-10-14 20:45:00,158
5219,Hearthstone,Neutral,"A new Shaman card has been revealed - Lady Vashj! Upon death, she comes back as Vashj Prime!",2025-10-14 20:44:59,2025-10-14 20:45:00,94
5219,Hearthstone,Neutral,"A new shaman card has been unveiled - Lady Vashj! After her death, she returns as Vashj Prime!",2025-10-14 20:44:59,2025-10-14 20:45:00,94
5219,Hearthstone,Neutral,"A new Shaman card has been discovered - Your Lady! Having fallen to her death, it comes back as Your Prime!",2025-10-14 20:44:59,2025-10-14 20:45:00,107
5219,Hearthstone,Neutral,"A fantastic Shaman card has been revealed - Lady Vashj! Upon death, she comes ashore as Vashj Prime!",2025-10-14 20:44:59,2025-10-14 20:45:00,100
5219,Hearthstone,Neutral,"A new Shaman card figure has been suddenly revealed - Lady Vashj! Upon this death, she simply comes back as Vashj on Prime!",2025-10-14 20:44:59,2025-10-14 20:45:00,123
5219,Hearthstone,Neutral,"A new Shaman Queen had been revealed - Princess Vashj! Upon death, she comes back as Vashj Devi!",2025-10-14 20:44:59,2025-10-14 20:45:00,96
5220,Hearthstone,Positive,"WOW I looked at my Collection in @PlayHearthstone and I'm only missing one card from Scholomance Academy - Vectus, and hell I just may used some of my dust that's laying around to craft him. pic.twitter.com/IFiXpZ7foi",2025-10-14 20:44:59,2025-10-14 20:45:00,217
5220,Hearthstone,Positive,"WOW I looked at my collection in @ PlayHearthstone and just miss a card from Scholomance Academy - Vectus, and the hell I might have used some of the dust lying around to make it. pic.twitter.com / IFiXpZ7foi",2025-10-14 20:44:59,2025-10-14 20:45:00,208
5220,Hearthstone,Positive,"WOW I looked at my work at @ PlayHearthstone and I only miss one card from the Scholomans Academy - Vectus, and hell, I can just use some of my dust that lies around to create it.",2025-10-14 20:44:59,2025-10-14 20:45:00,179
5220,Hearthstone,Positive,"WOW I looked at my Collection in RhandlerR and I'm only missing one card from Scholomance Academy - Vectus, and hell I just may used some of my dust that's laying around to craft him. pic.twitter.com/IFiXpZ7foi",2025-10-14 20:44:59,2025-10-14 20:45:00,210
5220,Hearthstone,Positive,"See WOW I looked at my Collection in RhandlerR and I'm only missing one card from Scholomance Academy - Vectus, and hell I just may used some of my dust that's laying around to craft him. pic.twitter.com/IFiXpZ7foi",2025-10-14 20:44:59,2025-10-14 20:45:00,214
5220,Hearthstone,Positive,I,2025-10-14 20:44:59,2025-10-14 20:45:00,1
5221,Hearthstone,Irrelevant,FARMINGTON-NEW LISTING AT 17 HEARTHSTONE LANE IN AWARD WINNING CHIMNEY HILL ESTATES! Visit 17HearthstoneLane.com for Details of This Truly Special Home! GayleDennehyTeam.com Dennehy & Company LLC. Click the MLS Link Below For Information. smartmls.mlsmatrix.com/matrix/shared/… https://t.co/SR5RaGQfYW,2025-10-14 20:44:59,2025-10-14 20:45:00,301
5221,Hearthstone,Irrelevant,FARMINGTON-NEW LISTING AT 17 HEARTHSTONE LANE IN AWARD WINS CHIMNEY HILL ESTATES! Visit 17HearthstoneLane.com for details on this truly special home! GayleDennehyTeam.com Dennehy & Company LLC. Click the MLS link below for information. smartmls.mlsmatrix.com / matrix / shared /... https: / / t.co / SR5RaGQfYW,2025-10-14 20:44:59,2025-10-14 20:45:00,310
5221,Hearthstone,Irrelevant,FARMINI-NEW LISTING AT 17 ARTHSTONE LANE IN AWARD WINNING CHIMNEY HILL ESTATES! Visit 17HearthstoneLane.com for Details of this Truly Special Home! GayleDenisy.com Denisy.com & Company LLC. Click the MLS Link Below For Female. smartmentrix.com / matrix / shared /...,2025-10-14 20:44:59,2025-10-14 20:45:00,266
5221,Hearthstone,Irrelevant,FARMINGTON-NEW LISTING AT 17 HEARTHSTONE LANE IS AWARD WINNING FOR HILL SCHOOL! Shop 17HearthstoneLane.com Get Details of This Truly Winning Site! GayleDennehyTeam.com Homes & Company LLC. Follow the MLS Link Below For Information. smartmls.mlsmatrix.com/matrix/shared/… https://t.co/SR5RaGQfYW],2025-10-14 20:44:59,2025-10-14 20:45:00,295
5221,Hearthstone,Irrelevant,FARMINGTON - NEW LISTING ON AT 17 ONE HEARTHSTONE The LANE IN AWARD WINNING THE CHIMNEY HILL ESTATES! Visit around 17HearthstoneLane. At com for Details of Living This Truly My Special Home! GayleDennehyTeam. The com at Dennehy & Company LLC. Click the MLS Link Below For Information. smartmls. mlsmatrix. com / matrix / shared / … https://t.co/SR5RaGQfYW ],2025-10-14 20:44:59,2025-10-14 20:45:00,357
5221,Hearthstone,Irrelevant,17-NEW LISTING AT 17 HEARTHSTONE 4<unk> AWARD WINNING CHIMNEY HILL ESTATES! Visit 17HearthstoneLane.com Local Details of This Truly Special Home! www.com Dennehy & Company LLC. information On MLS Link to Product Information. smartmls.mlsmatrix.com/matrix/shared/...<unk>],2025-10-14 20:44:59,2025-10-14 20:45:00,271
5222,Hearthstone,Neutral,Going live with  . twitch.tv/Avaltor05 .,2025-10-14 20:44:59,2025-10-14 20:45:00,42
5222,Hearthstone,Neutral,Go live. twitch.tv / Avaltor05.,2025-10-14 20:44:59,2025-10-14 20:45:00,31
5222,Hearthstone,Neutral,Live coverage from tch.tv / Avaltor05.,2025-10-14 20:44:59,2025-10-14 20:45:00,38
5222,Hearthstone,Neutral,Going live with  . twitch.tv/Avaltor05 .,2025-10-14 20:44:59,2025-10-14 20:45:00,42
5222,Hearthstone,Neutral,From Going live with  . twitch.tv/Avaltor05 .,2025-10-14 20:44:59,2025-10-14 20:45:00,47
5222,Hearthstone,Neutral,just,2025-10-14 20:44:59,2025-10-14 20:45:00,4
5223,Hearthstone,Neutral,Two of the best Hearthstone podcasters out there! Check this one out if you haven’t heard them already. . .,2025-10-14 20:44:59,2025-10-14 20:45:00,109
5223,Hearthstone,Neutral,Two of the best Hearthstone podcasters out there! Check out this one if you haven't heard it yet...,2025-10-14 20:44:59,2025-10-14 20:45:00,99
5223,Hearthstone,Neutral,Two of the best Hearthstone podcasts out there! Check out this one if you haven't heard them yet...,2025-10-14 20:44:59,2025-10-14 20:45:00,99
5223,Hearthstone,Neutral,Two of the better Hearthstone podcasters out there! Check this one over if you haven’t heard them already...,2025-10-14 20:44:59,2025-10-14 20:45:00,108
5223,Hearthstone,Neutral,You Two of just the twelve best Hearthstone podcasters out there! Check this second one out if you haven ’ t really heard them already...,2025-10-14 20:44:59,2025-10-14 20:45:00,137
5223,Hearthstone,Neutral,Two from the best Hearthstone podcasters out there! Check this one out if you previously heard it and...,2025-10-14 20:44:59,2025-10-14 20:45:00,104
5224,Hearthstone,Neutral,"I've been playing Face Hunter in Hearthstone and I'm sorry to say that deck is just cheating. The opponent takes care of everything I have to offer and it feels like I'm losing, but they're bleeding health the whole time and just die on turn 8 anyway.. . It's great.",2025-10-14 20:44:59,2025-10-14 20:45:00,266
5224,Hearthstone,Neutral,"I played Face Hunter in Hearthstone and I'm sorry to say that the deck is just cheating, the opponent takes care of everything I have to offer and it feels like I'm losing, but they bleed all the time and die anyway in turn 8. It's great.",2025-10-14 20:44:59,2025-10-14 20:45:00,238
5224,Hearthstone,Neutral,"I played Face Hunter at Heartstone and I regret to say that the deck is just a deception. The opponent takes care of everything I have to offer and I feel like I'm losing, but they bleed all the time and die on turn eight anyway... It's great.",2025-10-14 20:44:59,2025-10-14 20:45:00,243
5224,Hearthstone,Neutral,"I've been playing Face Hunter in Hearthstone and I'm sorry to say that it is just cheating. The opponent beats care of everything I have to offer and it feels like I'm losing, but avoid bleeding health the full time and just die on turn 8 anyway... just great.",2025-10-14 20:44:59,2025-10-14 20:45:00,260
5224,Hearthstone,Neutral,"I've ve only been playing Face Hunter in Black Hearthstone and I'm sorry to say about that deck is just cheating. The opponent takes care more of everything I might have to readily offer up and it feels like I'm losing, but they'm re bleeding with health the whole time and just die on turn 8 anyway... It's great.",2025-10-14 20:44:59,2025-10-14 20:45:00,314
5224,Hearthstone,Neutral,"I've been playing Face Hunter at Hearthstone and I'm happy to hear that deck is just cheating. That opponent takes care of any I have to offer making it feel though I'm losing, but they're without health the whole time and just die on their 8 anyway... It's great.",2025-10-14 20:44:59,2025-10-14 20:45:00,264
5225,Hearthstone,Neutral,Nothing but love for Complexity and mostly . @coL_Fantasy. They have been a huge part of my last 3 years in my Hearthstone career. . . We are parting ways on good terms. I just wanted to be free from an organisation in order to explore my creative mind more. Cool stuff coming soon!v,2025-10-14 20:44:59,2025-10-14 20:45:00,283
5225,Hearthstone,Neutral,Nothing but love for complexity and most of all. @ coL _ Fantasy. You have been a big part of my last 3 years in my Hearthstone career... We are separating on good terms. I just wanted to be free of an organization to explore my creative mind more. Cool stuff to come soon! v,2025-10-14 20:44:59,2025-10-14 20:45:00,275
5225,Hearthstone,Neutral,@ coL _ FM. They have been a huge part of my last 3 years in Hearthstone's career... We part on good terms. I just wanted to free myself from the organization to explore my creative mind more.,2025-10-14 20:44:59,2025-10-14 20:45:00,192
5225,Hearthstone,Neutral,Nothing but love for them and mostly. @coL_Fantasy. They have been a huge part of my last 3 years in my Hearthstone career. s But We are parting ways on good terms. I just wanted to be free from an organisation in order to focus my gaming mind more. Good stuff coming soon!v,2025-10-14 20:44:59,2025-10-14 20:45:00,274
5225,Hearthstone,Neutral,... Nothing but love made for Complexity mostly and mostly. @coL_Fantasy. b They have been a huge integral part of my last 3 years success in my great Hearthstone career... We all are parting my ways together on good terms. I just wanted to be free from an organisation in order to explore my creative mind more. Cool stuff coming soon! v,2025-10-14 20:44:59,2025-10-14 20:45:00,338
5225,Hearthstone,Neutral,Nothing but love for Complexity and mostly. @coL_Fantasy. They have been a huge part of my entire 3 years in your development career... Never had parting ways on good terms. Always desperately wanted to be free from the organisation in order to explore my creative abilities better. Cool stuff coming soon!v,2025-10-14 20:44:59,2025-10-14 20:45:00,307
5226,Hearthstone,Neutral,"Today, we're doing user requested Hearthstone experiments for the stream. We've got a few lined up, but hop in and toss your ideas in too if you'd like! See you at twitch.tv/ssalchemist, and have an awesome day! https://t.co/Z2tKYXklmJ",2025-10-14 20:44:59,2025-10-14 20:45:00,235
5226,Hearthstone,Neutral,"Today we are doing user-requested Hearthstone experiments for the stream. We have a few, but jump in and throw in your ideas if you like! See you at twitch.tv / ssalchemist, and have a great day! https: / / t.co / Z2tKYXklmJ",2025-10-14 20:44:59,2025-10-14 20:45:00,224
5226,Hearthstone,Neutral,"We have a few people lined up, but come in and send your ideas if you like! See you at Hearthstone at tch.tv / sssalonst and you'll have a great day!",2025-10-14 20:44:59,2025-10-14 20:45:00,149
5226,Hearthstone,Neutral,"Today, we're doing user requested Hearthstone experiments for the stream. We've got a few lined up, but hop in and toss your ideas in too if you'd like! See you at twitch.tv/ssalchemist, and have an awesome day! RhttpR]",2025-10-14 20:44:59,2025-10-14 20:45:00,219
5226,Hearthstone,Neutral,"Key Today, we're doing user requested Hearthstone experiments for the stream. We've got a few lined up, but hop in and toss your ideas in too if you'd like! See you at twitch.tv/ssalchemist, and have an awesome day! RhttpR]",2025-10-14 20:44:59,2025-10-14 20:45:00,223
5226,Hearthstone,Neutral,a,2025-10-14 20:44:59,2025-10-14 20:45:00,1
5227,Hearthstone,Neutral,Card,2025-10-14 20:44:59,2025-10-14 20:45:00,6
5227,Hearthstone,Neutral,nan,2025-10-14 20:44:59,2025-10-14 20:45:00,3
5227,Hearthstone,Neutral,Infobox,2025-10-14 20:44:59,2025-10-14 20:45:00,7
5227,Hearthstone,Neutral,Card,2025-10-14 20:44:59,2025-10-14 20:45:00,4
5227,Hearthstone,Neutral,Wild Card,2025-10-14 20:44:59,2025-10-14 20:45:00,9
5227,Hearthstone,Neutral,to,2025-10-14 20:44:59,2025-10-14 20:45:00,2
5228,Hearthstone,Neutral,"Successfully streamed today!!. Thanks to @RidiculousHat for the BIG RAID . . . Thanks to @GuyGrumpy for the Subs, Gifts and Cheers!. . Almost got legend then slid back then climbed to D3 then realized it had been 6 hours . . . Back at it tomorrow!",2025-10-14 20:44:59,2025-10-14 20:45:00,249
5228,Hearthstone,Neutral,"Streamed successfully today!!. Thanks to @ RidiculousHat for the GREAT RAID... Thanks to @ GuyGrumpy for the subs, gifts and cheers!. Almost a legend, then slipped again, then climbed onto D3 and then realized that it had taken 6 hours... Back tomorrow!",2025-10-14 20:44:59,2025-10-14 20:45:00,253
5228,Hearthstone,Neutral,"Thanks @ Ridiculously for BIG ID... Thanks to @ GuyGrumpy for Sbs, Gifts and Cheers!.",2025-10-14 20:44:59,2025-10-14 20:45:00,85
5228,Hearthstone,Neutral,"Successfully streamed today!!. Thanks also @RidiculousHat for giving BIG RAID... Thanks to @GuyGrumpy fro the Information, Gifts and Cheers!.. Almost got legend then went back then climbed to D3 then realized it had been 6 years... Back at it tomorrow!",2025-10-14 20:44:59,2025-10-14 20:45:00,252
5228,Hearthstone,Neutral,"the Successfully streamed from today!!. but Thanks to you @RidiculousHat for the BIG RAID... Thanks to @GuyGrumpy for the Subs, Gifts and other Cheers!.. Almost got legend then slid back down then climbed to D3 then was realized it probably had somehow been 6 hours... Back you at it tomorrow!",2025-10-14 20:44:59,2025-10-14 20:45:00,293
5228,Hearthstone,Neutral,"been streamed today!!. Thanks to @RidiculousHat for the BIG RAID... As to Google for the Subs, send in Cheers!.. Almost become legend then slid back then climbed to stars then realized it hath been 48 hours... Stay at it tomorrow!",2025-10-14 20:44:59,2025-10-14 20:45:00,230
5229,Hearthstone,Positive,Hearthstone! Warlocks! Shamans! Oh My! Enjoy! :D twitch.tv/armooganon,2025-10-14 20:44:59,2025-10-14 20:45:00,69
5229,Hearthstone,Positive,Earthstone! Warlock! Shaman! Oh my! Have fun!: D twitch.tv / armooganon,2025-10-14 20:44:59,2025-10-14 20:45:00,71
5229,Hearthstone,Positive,Hearthstone! Warlocks! Shamans! Oh My! Enjoy!: D'tch.tv / armooganon,2025-10-14 20:44:59,2025-10-14 20:45:00,68
5229,Hearthstone,Positive,Hearthstone! Warlocks! Shamans! Oh My! Enjoy! :D twitch.tv/armooganon,2025-10-14 20:44:59,2025-10-14 20:45:00,69
5229,Hearthstone,Positive,as Hearthstone! Warlocks! Shamans! Oh My! Enjoy! :D twitch.tv/armooganon,2025-10-14 20:44:59,2025-10-14 20:45:00,72
5229,Hearthstone,Positive,and,2025-10-14 20:44:59,2025-10-14 20:45:00,3
5230,Hearthstone,Irrelevant,Cheer on  @Deliver_HS in the top 8 of the Hearthstone event at DreamHack here: Twitch.tv/HouseRivalries. .,2025-10-14 20:44:59,2025-10-14 20:45:00,108
5230,Hearthstone,Irrelevant,Join @ Deliver _ HS in the top 8 of the Hearthstone event at DreamHack here: Twitch.tv / HouseRivalries.,2025-10-14 20:44:59,2025-10-14 20:45:00,104
5230,Hearthstone,Irrelevant,Cheer on @ Deliver _ HS in the top 8 of the Hearthstone event at DreamHack here: Tech.tv / HouseRivalries.,2025-10-14 20:44:59,2025-10-14 20:45:00,106
5230,Hearthstone,Irrelevant,Cheer on  @Deliver_HS in the top 8 of any Hearthstone event at DreamHack here: twitch.tv/HouseRivalries. 1,2025-10-14 20:44:59,2025-10-14 20:45:00,106
5230,Hearthstone,Irrelevant,I Cheer on this @Deliver_HS in the final top position 8 of the Hearthstone 2012 event series at DreamHack here : Twitch. c tv / HouseRivalries..,2025-10-14 20:44:59,2025-10-14 20:45:00,144
5230,Hearthstone,Irrelevant,Cheer are leaving in the top 8 of the 2015 event behind DreamHack UK: Twitch.tv/HouseRivalries..,2025-10-14 20:44:59,2025-10-14 20:45:00,96
5231,Hearthstone,Negative,"@PlayHearthstone the amount of disconnects and crashes while play BG on all PC, IPad, and Mobile is so off putting lately. Fix this crap",2025-10-14 20:44:59,2025-10-14 20:45:00,136
5231,Hearthstone,Negative,"@ PlayHearthstone the amount of separates and crashes while playing BG on all PCs, IPads and mobile phones is shifting so lately. Fix this crap",2025-10-14 20:44:59,2025-10-14 20:45:00,143
5231,Hearthstone,Negative,"@ PlayHearthstone the number of breaks and crash tests while playing BG on all PCs, iPad and Mobile is so far off.",2025-10-14 20:44:59,2025-10-14 20:45:00,114
5231,Hearthstone,Negative,"@PlayHearthstone the amount of disconnects that crashes while play<unk> on the PC, IPad, and Mobile is so off putting lately. Fix this crap",2025-10-14 20:44:59,2025-10-14 20:45:00,139
5231,Hearthstone,Negative,"@PlayHearthstone the amount any of disconnects and crashes while play BG on now all PC, using IPad, USB and Mobile is so hard off putting lately. Fix these this out crap",2025-10-14 20:44:59,2025-10-14 20:45:00,169
5231,Hearthstone,Negative,"@PlayHearthstone the amount of delays and crashes while trying BG on all platforms, IPad, and Mobile is so off putting that. Fix all crap",2025-10-14 20:44:59,2025-10-14 20:45:00,137
5232,Hearthstone,Negative,Does anyone have problem with Hearthstone logging on Asia server atm? I can't find anywhere about maintenance or something similar.,2025-10-14 20:44:59,2025-10-14 20:45:00,131
5232,Hearthstone,Negative,Does anyone have a problem with Hearthstone logging on Asian server ATMs? I can't find anything about maintenance or anything like that anywhere.,2025-10-14 20:44:59,2025-10-14 20:45:00,145
5232,Hearthstone,Negative,Does anyone have a problem keeping the Hearthstone log on the atm Asian server? I can't find any maintenance information or anything like that anywhere.,2025-10-14 20:44:59,2025-10-14 20:45:00,152
5232,Hearthstone,Negative,Does anyone share problem with Hearthstone logging on Asia server atm? I can't find anywhere suggesting maintenance or something similar.,2025-10-14 20:44:59,2025-10-14 20:45:00,137
5232,Hearthstone,Negative,Does... anyone have problem with Hearthstone of logging on their Asia server or atm? I can't find anywhere about maintenance assistance or something similar.,2025-10-14 20:44:59,2025-10-14 20:45:00,157
5232,Hearthstone,Negative,Does anyone hear problem with Hearthstone logging on Asia server atm? Have tried't find anywhere explaining maintenance or something similar.,2025-10-14 20:44:59,2025-10-14 20:45:00,141
5234,Hearthstone,Negative,Changing to f2p in hearthstone going forward as I’m just truly not enjoying it currently. Going back on a break again .,2025-10-14 20:44:59,2025-10-14 20:45:00,120
5234,Hearthstone,Negative,The switch to f2p in Hearthstone is going ahead because I just don't really enjoy it at the moment.,2025-10-14 20:44:59,2025-10-14 20:45:00,99
5234,Hearthstone,Negative,"Switch to f2p at heartstone later on, as I'm just not enjoying it at the moment.",2025-10-14 20:44:59,2025-10-14 20:45:00,80
5234,Hearthstone,Negative,Changing to f2p in hearthstone on forward as I’m just truly not at it currently. Going big on a break again.,2025-10-14 20:44:59,2025-10-14 20:45:00,108
5234,Hearthstone,Negative,Changing to f2p in hearthstone then going forward as I ’ m really just truly not enjoying wearing it currently. Going back on a no break route again.,2025-10-14 20:44:59,2025-10-14 20:45:00,149
5234,Hearthstone,Negative,Changing to lead from hearthstone going forward as I’m just truly quite enjoying it currently. Going back on beach break again.,2025-10-14 20:44:59,2025-10-14 20:45:00,127
5235,Hearthstone,Negative,"I was also looking forward to Galakrond’s Awakening for Hearthstone today! It’s live on PC but the mobile update for iOS isn’t out, and I usually play on iPad. Apple’s usually slow to roll out updates, but this is extra slow. I am having bad game luck today.",2025-10-14 20:44:59,2025-10-14 20:45:00,258
5235,Hearthstone,Negative,"I was also looking forward to Galakron's Awakening for Hearthstone today! It's live on the PC, but the mobile update for iOS has not yet been released, and I usually play on the iPad. Apple is usually slow to release updates, but that's extra slow. I'm unlucky in the game today.",2025-10-14 20:44:59,2025-10-14 20:45:00,279
5235,Hearthstone,Negative,"I was also looking forward to the release of Galakrond Awakening for Hearthstone today! It's live on a PC, but the mobile update for iOS hasn't come out, and I usually play on an iPad. Apple usually rolls out updates slowly, but it's very slow.",2025-10-14 20:44:59,2025-10-14 20:45:00,244
5235,Hearthstone,Negative,"I was somewhat looking forward to Galakrond’s Awakening for Hearthstone 2! It’s live on PC but the mobile update for PC isn’t done, and I cant play on iPad. Apple’s usually slow to roll out updates, but this is extra slow. I am facing bad game luck today.",2025-10-14 20:44:59,2025-10-14 20:45:00,255
5235,Hearthstone,Negative,"I was also looking forward to Galakrond ’ s Awakening for Hearthstone today! It ’ s live and on PC 2 but because the mobile update for Android iOS ever isn ’ t out, yours and I usually play on iPad. Apple ’ s usually actually slow to roll out updates, but this is extra damned slow. I am having bad game quality luck with today.",2025-10-14 20:44:59,2025-10-14 20:45:00,328
5235,Hearthstone,Negative,"play was also super forward to Galakrond’s Awakening for Hearthstone Online! It’s live on PC but the recent update for iOS isn’t out, and can usually play from iPad. Apple’s usually slow to roll out updates, but this is extra slow. I am having bad running days today.",2025-10-14 20:44:59,2025-10-14 20:45:00,267
5236,Hearthstone,Positive,Joe Buck gets excited by Hearthstone,2025-10-14 20:44:59,2025-10-14 20:45:00,36
5236,Hearthstone,Positive,Joe Buck excited for Hearthstone,2025-10-14 20:44:59,2025-10-14 20:45:00,32
5236,Hearthstone,Positive,Joe Buck excited by Hartstone,2025-10-14 20:44:59,2025-10-14 20:45:00,29
5236,Hearthstone,Positive,Joe Jackson gets excited by Hearthstone,2025-10-14 20:44:59,2025-10-14 20:45:00,39
5236,Hearthstone,Positive,Joe Buck gets that excited by Hearthstone,2025-10-14 20:44:59,2025-10-14 20:45:00,41
5236,Hearthstone,Positive,Joe Buck gets excited over Hearthstone,2025-10-14 20:44:59,2025-10-14 20:45:00,38
5237,Hearthstone,Negative,Dont know if anyone  else  having this problem  but chapter two is bug  it freezes when it sends out that 5/6 minion to my side then it won't  switch to my turn. @PlayHearthstone pic.twitter.com/4ke1gFfCfK,2025-10-14 20:44:59,2025-10-14 20:45:00,205
5237,Hearthstone,Negative,"I don't know if anyone else has this problem, but chapter two is a bug that freezes if he sends this 5 / 6 minion to my page, then he won't switch to my turn. @ PlayHearthstone pic.twitter.com / 4ke1gFfCfK",2025-10-14 20:44:59,2025-10-14 20:45:00,205
5237,Hearthstone,Negative,"I don't know if anyone else has such a problem, but Chapter Two is a mistake, it freezes when it sends this minion to my side, then it doesn't switch to my turn. @ PlayHearthstone pic.fm / 4ke1gFfCfK",2025-10-14 20:44:59,2025-10-14 20:45:00,199
5237,Hearthstone,Negative,Dont know if anyone  else  having this problem  but chapter two is bug  it freezes when it sends out that 5/6 minion to my side then it won't  switch to my turn. RhandlerR pic.twitter.com/4ke1gFfCfK,2025-10-14 20:44:59,2025-10-14 20:45:00,198
5237,Hearthstone,Negative,the Dont know if anyone  else  having this problem  but chapter two is bug  it freezes when it sends out that 5/6 minion to my side then it won't  switch to my turn. RhandlerR pic.twitter.com/4ke1gFfCfK,2025-10-14 20:44:59,2025-10-14 20:45:00,202
5237,Hearthstone,Negative,you,2025-10-14 20:44:59,2025-10-14 20:45:00,3
5238,Hearthstone,Irrelevant,Liked on YouTube: Hearthstone Felfire Festival | Seasonal Event Trailer youtube.com/watch?v=zbsbCO…,2025-10-14 20:44:59,2025-10-14 20:45:00,99
5238,Hearthstone,Irrelevant,Popular on YouTube: Hearthstone Felfire Festival | Seasonal Event Trailer youtube.com / watch? v = zbsbCO...,2025-10-14 20:44:59,2025-10-14 20:45:00,108
5238,Hearthstone,Irrelevant,"Liked on YouTube: Hearthstone Felfire Festival, Seasonal, Trailer youtube.com / watch? v = zbbCO...",2025-10-14 20:44:59,2025-10-14 20:45:00,99
5238,Hearthstone,Irrelevant,Liked Since YouTube: Hearthstone Felfire Festival | Seasonal Event Trailer google.com/watch?v=zbsbCO…,2025-10-14 20:44:59,2025-10-14 20:45:00,101
5238,Hearthstone,Irrelevant,Liked on YouTube : Hearthstone Felfire Festival | Short Seasonal Event 1 Trailer in youtube. like com / watch? v = 15 zbsbCO …,2025-10-14 20:44:59,2025-10-14 20:45:00,126
5238,Hearthstone,Irrelevant,<unk> on Search: Blue Felfire Festival | Big Event On youtube.com/watch?v=zbsbCO...,2025-10-14 20:44:59,2025-10-14 20:45:00,83
5239,Hearthstone,Negative,Bloodboil brute is broken... fix it.,2025-10-14 20:44:59,2025-10-14 20:45:00,38
5239,Hearthstone,Negative,High blood pressure is broken... fix it.,2025-10-14 20:44:59,2025-10-14 20:45:00,40
5239,Hearthstone,Negative,Bloody rudeness is broken... fix it.,2025-10-14 20:44:59,2025-10-14 20:45:00,36
5239,Hearthstone,Negative,Bloodboil 1 is broken... fix it.,2025-10-14 20:44:59,2025-10-14 20:45:00,32
5239,Hearthstone,Negative,The Bloodboil brute is broken... fix on it.,2025-10-14 20:44:59,2025-10-14 20:45:00,43
5239,Hearthstone,Negative,Bloodboil brute is broken... prove it.,2025-10-14 20:44:59,2025-10-14 20:45:00,38
5240,Hearthstone,Neutral,Wow needs a spectate button just like hearthstone I wanna see what ppl are up to,2025-10-14 20:44:59,2025-10-14 20:45:00,80
5240,Hearthstone,Neutral,Wow needs a spectator button like Herzstein I want to see what ppl is up to,2025-10-14 20:44:59,2025-10-14 20:45:00,75
5240,Hearthstone,Neutral,Wow need a speculation button just as hearthstone I want to see ppl up,2025-10-14 20:44:59,2025-10-14 20:45:00,70
5240,Hearthstone,Neutral,Wow needs a spectate button just like hearthstone I might see what ppl are up against,2025-10-14 20:44:59,2025-10-14 20:45:00,85
5240,Hearthstone,Neutral,Wow needs a huge spectate button for just like hearthstone what I wanna see what ppl You are up to,2025-10-14 20:44:59,2025-10-14 20:45:00,98
5240,Hearthstone,Neutral,Wow needs better spectate button just under hearthstone I wanna ask what ppl are up to,2025-10-14 20:44:59,2025-10-14 20:45:00,86
5241,Hearthstone,Neutral,. We STILL need better @PlayHearthstone clothing for women! . . . This is my yearly request. (I keep waiting). I want to buy stuff.. Please.. Also...the sizing sucks. I'm pretty consistently a small/med and I have purchased 3 different shirts in small and all were super big on me.,2025-10-14 20:44:59,2025-10-14 20:45:00,281
5241,Hearthstone,Neutral,We need even better @ PlayHearthstone clothes for women!... This is my yearly wish. (I keep waiting) I want to buy stuff.. Please.. Also... the size sucks. I am quite consistently a Small / Med and have bought 3 different shirts in small and all were super big on me.,2025-10-14 20:44:59,2025-10-14 20:45:00,267
5241,Hearthstone,Neutral,We STILL need the best women's clothes @ PlayHearthstone!.... That's my request. (I'm waiting). I want to buy stuff.. Please.. Also... size sucks. I'm pretty consistently small / med and I bought 3 different shirts in small and everyone was super big on me.,2025-10-14 20:44:59,2025-10-14 20:45:00,257
5241,Hearthstone,Neutral,. We STILL need better @PlayHearthstone clothing for women!... This is my yearly request. (I keep waiting). I want to buy stuff..!! Also...the sizing sucks. Im pretty consistently a small/med ie I have on 3 different shirts plus America and all were super big on me.,2025-10-14 20:44:59,2025-10-14 20:45:00,266
5241,Hearthstone,Neutral,. We STILL need slightly better @PlayHearthstone clothing for women!... 1 This is my yearly buying request. ( I keep the waiting ). I want to buy stuff.. 3 Please.. 1 Also... the sizing sucks. I'm m pretty or consistently a small / med and now I have purchased 3 different shirts in super small and all were super big on me.,2025-10-14 20:44:59,2025-10-14 20:45:00,324
5241,Hearthstone,Neutral,. We STILL need another @PlayHearthstone<unk> for women!... This says my yearly request. (I keep them). YOU want more buy stuff.. Please.. Also...the sizing changes. I'm pretty consistently a small/med girl I owned about 3 different shirts in small and all were super big on me.,2025-10-14 20:44:59,2025-10-14 20:45:00,278
5242,Hearthstone,Neutral,"My schedule these days means I can't get a stream rhythm going. That has me incredibly (and visibly) frustrated as, pre-pandemic, I thought we were turning a corner.. . Patience, Rotted. Don't tilt. Keep trying. . . Also: < 3 @jrhsk8 for the host last night.. .",2025-10-14 20:44:59,2025-10-14 20:45:00,263
5242,Hearthstone,Neutral,"This has been incredibly (and visibly) frustrating to me, since before the pandemic I thought we were going to turn a corner... patience, rotten. Don't tip over. Keep trying... Also: < 3 @ jrhsk8 for the host last night...",2025-10-14 20:44:59,2025-10-14 20:45:00,222
5242,Hearthstone,Neutral,"My schedule these days means I can't get the flow going. It's incredibly (and very much) frustrating for me because, pre-pandemic, I thought we were turning the corner... Patience, turn. Don't get tired. Keep trying... Also:; 3 @ jrhsk8 for last night's host...",2025-10-14 20:44:59,2025-10-14 20:45:00,261
5242,Hearthstone,Neutral,"My schedule these days means I can't get a stream back going. That has me incredibly (and visibly) frustrated as, pre-pandemic, I thought they were showing a corner... Patience, Rotted. Don't tilt. Keep trying... Also: < 3 Ratings for the host this weekend.",2025-10-14 20:44:59,2025-10-14 20:45:00,257
5242,Hearthstone,Neutral,"My schedule these days normally means I can't properly get a stream rhythm going. That has me incredibly ( abruptly and visibly ) frustrated as, pre - evening pandemic, I almost thought we already were turning a bright corner... Patience, Rotted. Don't hold tilt. Keep our trying... Also : < 3 The @jrhsk8 for the host last night...",2025-10-14 20:44:59,2025-10-14 20:45:00,332
5242,Hearthstone,Neutral,"My schedule these days makes I can't get a stream rhythm going. That has me incredibly (and visibly) rattled as, pre-pandemic, everyone thought we held turning a round... Patience, Rotted. Don't tilt. Start flowing... Also: < 3 @jrhsk8 for one big last<unk>...",2025-10-14 20:44:59,2025-10-14 20:45:00,260
5243,Hearthstone,Positive,"Come play some cards in the Tavern! . I love deck builders & strategy games. (One of the first games I streamed was Hearthstone). So we're going back to deck building this Sunday with A Long Way Down! . @studio_goblinz was nice enough to give me a copy, so go say thank you!",2025-10-14 20:44:59,2025-10-14 20:45:00,276
5243,Hearthstone,Positive,"I love Deck Builders & Strategy games. (One of the first games I streamed was Hearthstone) So let's go back to the Deck Building this Sunday with A Long Way Down!. @ studio _ goblinz was kind enough to give me a copy, so thank you!",2025-10-14 20:44:59,2025-10-14 20:45:00,231
5243,Hearthstone,Positive,"So this Sunday we'll be back in deck building with A Long Way Down!. @ studio _ goblinz was good enough to give me a copy, so go say thank you!",2025-10-14 20:44:59,2025-10-14 20:45:00,143
5243,Hearthstone,Positive,"Come play some cards in Our Tavern! Because I love deck Building & strategy games. (One of the first games I streamed was Hearthstone). So we're going back to deck building this Sunday with A Long Way Down!. @studio_goblinz was cool enough to send me a copy, so go say thank you!",2025-10-14 20:44:59,2025-10-14 20:45:00,279
5243,Hearthstone,Positive,"Come play some new cards in the Tavern!. For I love game deck builders & general strategy games. ( One of the first games I exclusively streamed was Hearthstone ). So we're going back to deck builder building this Sunday with A Long Way Down!. Oh @studio_goblinz was just nice enough to give me a copy, so go just say thank fuck you!",2025-10-14 20:44:59,2025-10-14 20:45:00,333
5243,Hearthstone,Positive,"Come play our cards in the Tavern!. I love deck builders & strategy games. (One of the first games I threw into This). Anyway we're going back to deck building this time to A Long Ride Down!. @studio_goblinz was nice enough to give me this copy, so go say hello you!",2025-10-14 20:44:59,2025-10-14 20:45:00,266
5244,Hearthstone,Negative,how does anyone play standard in hearthstone thsi si so fucking bad lol,2025-10-14 20:44:59,2025-10-14 20:45:00,71
5244,Hearthstone,Negative,how does anyone play standard in hearthstone thsi si so fucking bad lol,2025-10-14 20:44:59,2025-10-14 20:45:00,71
5244,Hearthstone,Negative,how does anyone play standard in heartstone thsi so fucking bad lol,2025-10-14 20:44:59,2025-10-14 20:45:00,67
5244,Hearthstone,Negative,how does anyone play standard 6 hearthstone thsi si so fucking bad lol,2025-10-14 20:44:59,2025-10-14 20:45:00,70
5244,Hearthstone,Negative,how does making anyone play one standard game in hearthstone thsi si so fucking bad lol,2025-10-14 20:44:59,2025-10-14 20:45:00,87
5244,Hearthstone,Negative,How does anyone play standard time hearthstone thsi si so fucking bad lol,2025-10-14 20:44:59,2025-10-14 20:45:00,73
5245,Hearthstone,Positive,I just logged into,2025-10-14 20:44:59,2025-10-14 20:45:00,20
5245,Hearthstone,Positive,I just logged in,2025-10-14 20:44:59,2025-10-14 20:45:00,16
5245,Hearthstone,Positive,I just logged into,2025-10-14 20:44:59,2025-10-14 20:45:00,18
5245,Hearthstone,Positive,"I just logged.\"",2025-10-14 20:44:59,2025-10-14 20:45:00,15
5245,Hearthstone,Positive,So I just logged into,2025-10-14 20:44:59,2025-10-14 20:45:00,21
5245,Hearthstone,Positive,I have logged into,2025-10-14 20:44:59,2025-10-14 20:45:00,18
5246,Hearthstone,Neutral,"@PlayHearthstone yep, super fun, let me play against the same guy 4 times in 7 rounds.. . Feels really good when he shits on me the first 2 times, then 2 more times and I literally lose the entire game to him.. . Sick. Don't put it in the patch notes if it's not in the patch.",2025-10-14 20:44:59,2025-10-14 20:45:00,276
5246,Hearthstone,Neutral,"@ PlayHearthstone yep, super funny, let me play against the same guy 4 times in 7 rounds... Feels really good when he shits on me the first 2 times, then 2 more times and I literally lose the whole game to him... sick. Don't put it in the patch notes when it's not in the patch.",2025-10-14 20:44:59,2025-10-14 20:45:00,278
5246,Hearthstone,Neutral,"@ PlayHearthstone, super fun, let me play against the same guy 4 times in 7 rounds... Feels really good when he shits on me the first 2 times, then more 2 times and I literally lose the entire game to him... Sick. Don't put it in the patch notes if it's not in the patch.",2025-10-14 20:44:59,2025-10-14 20:45:00,271
5246,Hearthstone,Neutral,"@PlayHearthstone yep, Have fun, let me play against the same guy 4<unk> in 7 rounds... Feels really good when he shits on me that first 2 times, then 2 more times and I literally lose the entire bout to him.. Pretty Sick. Id put something in the patch notes if it's not in the patch.",2025-10-14 20:44:59,2025-10-14 20:45:00,283
5246,Hearthstone,Neutral,"@PlayHearthstone yep, super zero fun, let me play against the same American guy 4 different times now in 7 rounds... Feels some really good when he shits on me after the first round 2 times, then 2 or more times and I literally lose the entire game to him... Sick. Don't put everything it in with the patch notes if it's not in the patch.",2025-10-14 20:44:59,2025-10-14 20:45:00,338
5246,Hearthstone,Neutral,"like yep, super suck, let me play against the same guy 4 times in 7 rounds... Feels very good when he kicks in me the first 2 times, then 2 more times and can literally lose the entire deck to him... Sick. Don't leave it in the SD notes if you's not in the patch.",2025-10-14 20:44:59,2025-10-14 20:45:00,263
5247,Hearthstone,Positive,"@PlatinumWoW654 well to add to your Darkmoon Faire = Old Gods video. The teaser for the next Hearthstone expansion is quite \"Eye Opening\". .",2025-10-14 20:44:59,2025-10-14 20:45:00,141
5247,Hearthstone,Positive,"@ PlatinumWoW654 is great to add to your Darkmoon Faire = Old Gods video, the teaser for the next Hearthstone expansion is pretty \"eye opening.\"",2025-10-14 20:44:59,2025-10-14 20:45:00,144
5247,Hearthstone,Positive,@ PlatinumWoW654 well to add to your video Darkmoon Faire = Old Gods.,2025-10-14 20:44:59,2025-10-14 20:45:00,69
5247,Hearthstone,Positive,"@PlatinumWoW654 well to add to your Darkmoon Faire = Old Gods playlist. The teaser from the next Hearthstone expansion is quite well Opening\"..",2025-10-14 20:44:59,2025-10-14 20:45:00,143
5247,Hearthstone,Positive,"The @PlatinumWoW654 well to add to at your Darkmoon Book Faire = 2016 Old Gods video. The teaser for the next Hearthstone 2 expansion is very quite \" Eye of Opening \"..",2025-10-14 20:44:59,2025-10-14 20:45:00,168
5247,Hearthstone,Positive,"@PlatinumWoW654 well to take to your Halloween Faire = Old Gods XI. The teaser for our next Hearthstone expansion is quite \"Eye less\"..",2025-10-14 20:44:59,2025-10-14 20:45:00,135
5248,Hearthstone,Neutral,BGs BROKE?! DIED IN FIRST! – Hearthstone Battlegrounds gameforce.jp/hearthstone%e3…,2025-10-14 20:45:00,2025-10-14 20:45:00,83
5248,Hearthstone,Neutral,BGs BROKE?! DIED IN FIRST! - Hearthstone Battlegrounds gameforce.jp / hearthstone% e3...,2025-10-14 20:45:00,2025-10-14 20:45:00,88
